compare	Set up job	﻿2026-10-07T13:58:46.2076374Z Current runner version: '2.337.0'
compare	Set up job	2026-10-07T13:58:46.2096169Z ##[group]Runner Image Provisioner
compare	Set up job	2026-10-07T13:58:46.2096832Z Hosted Compute Agent
compare	Set up job	2026-10-07T13:58:46.2097236Z Version: 20261002.596
compare	Set up job	2026-10-07T13:58:46.2097703Z Commit: c3d12f3313a95f25162a1503be624f3b0617f8c0
compare	Set up job	2026-10-07T13:58:46.2098207Z Build Date: 2026-10-02T22:28:27Z
compare	Set up job	2026-10-07T13:58:46.2098663Z Worker ID: {b62b8c5c-1a3e-4e8e-b6fb-c9b0ce90bda6}
compare	Set up job	2026-10-07T13:58:46.2099216Z Region: centralus
compare	Set up job	2026-10-07T13:58:46.2099593Z Cloud: Azure
compare	Set up job	2026-10-07T13:58:46.2100010Z ##[endgroup]
compare	Set up job	2026-10-07T13:58:46.2100910Z ##[group]Operating System
compare	Set up job	2026-10-07T13:58:46.2101316Z Ubuntu
compare	Set up job	2026-10-07T13:58:46.2101703Z 24.04.5
compare	Set up job	2026-10-07T13:58:46.2102064Z LTS
compare	Set up job	2026-10-07T13:58:46.2102430Z ##[endgroup]
compare	Set up job	2026-10-07T13:58:46.2103036Z ##[group]Runner Image
compare	Set up job	2026-10-07T13:58:46.2103627Z Image: ubuntu-24.04
compare	Set up job	2026-10-07T13:58:46.2104159Z Version: 20261004.327.1
compare	Set up job	2026-10-07T13:58:46.2105032Z Included Software: https://github.com/actions/runner-images/blob/ubuntu24/20261004.327/images/ubuntu/Ubuntu2404-Readme.md
compare	Set up job	2026-10-07T13:58:46.2106763Z Image Release: https://github.com/actions/runner-images/releases/tag/ubuntu24%2F20261004.327
compare	Set up job	2026-10-07T13:58:46.2107605Z ##[endgroup]
compare	Set up job	2026-10-07T13:58:46.2108538Z ##[group]GITHUB_TOKEN Permissions
compare	Set up job	2026-10-07T13:58:46.2110275Z Contents: write
compare	Set up job	2026-10-07T13:58:46.2110735Z Metadata: read
compare	Set up job	2026-10-07T13:58:46.2111117Z ##[endgroup]
compare	Set up job	2026-10-07T13:58:46.2112608Z Secret source: Actions
compare	Set up job	2026-10-07T13:58:46.2113517Z Cache mode: write
compare	Set up job	2026-10-07T13:58:46.2114001Z Prepare workflow directory
compare	Set up job	2026-10-07T13:58:46.2411269Z Prepare all required actions
compare	Set up job	2026-10-07T13:58:46.2448220Z Getting action download info
compare	Set up job	2026-10-07T13:58:46.4738374Z Download action repository 'actions/checkout@v7' (SHA:3d3c42e5aac5ba805825da76410c181273ba90b1)
compare	Set up job	2026-10-07T13:58:46.7410271Z Download action repository 'actions/upload-artifact@v4' (SHA:ea165f8d65b6e75b540449e92b4886f43607fa02)
compare	Set up job	2026-10-07T13:58:47.1786929Z Complete job name: compare
compare	Check out candidate DistQLDPC	﻿2026-10-07T13:58:47.2860687Z ##[group]Run actions/checkout@v7
compare	Check out candidate DistQLDPC	2026-10-07T13:58:47.2861536Z with:
compare	Check out candidate DistQLDPC	2026-10-07T13:58:47.2861930Z   path: candidate
compare	Check out candidate DistQLDPC	2026-10-07T13:58:47.2862311Z   fetch-depth: 0
compare	Check out candidate DistQLDPC	2026-10-07T13:58:47.2862746Z   repository: guluchen/DistQLDPC
compare	Check out candidate DistQLDPC	2026-10-07T13:58:47.2866271Z   token: ***
compare	Check out candidate DistQLDPC	2026-10-07T13:58:47.2866738Z   ssh-strict: true
compare	Check out candidate DistQLDPC	2026-10-07T13:58:47.2867131Z   ssh-user: git
compare	Check out candidate DistQLDPC	2026-10-07T13:58:47.2867523Z   persist-credentials: true
compare	Check out candidate DistQLDPC	2026-10-07T13:58:47.2867975Z   clean: true
compare	Check out candidate DistQLDPC	2026-10-07T13:58:47.2868374Z   sparse-checkout-cone-mode: true
compare	Check out candidate DistQLDPC	2026-10-07T13:58:47.2868845Z   fetch-tags: false
compare	Check out candidate DistQLDPC	2026-10-07T13:58:47.2869246Z   show-progress: true
compare	Check out candidate DistQLDPC	2026-10-07T13:58:47.2869655Z   lfs: false
compare	Check out candidate DistQLDPC	2026-10-07T13:58:47.2870080Z   submodules: false
compare	Check out candidate DistQLDPC	2026-10-07T13:58:47.2870488Z   set-safe-directory: true
compare	Check out candidate DistQLDPC	2026-10-07T13:58:47.2870999Z   allow-unsafe-pr-checkout: false
compare	Check out candidate DistQLDPC	2026-10-07T13:58:47.2871669Z ##[endgroup]
compare	Check out candidate DistQLDPC	2026-10-07T13:58:47.3640417Z Syncing repository: guluchen/DistQLDPC
compare	Check out candidate DistQLDPC	2026-10-07T13:58:47.3642694Z ##[group]Getting Git version info
compare	Check out candidate DistQLDPC	2026-10-07T13:58:47.3644091Z Working directory is '/home/runner/work/DistQLDPC/DistQLDPC/candidate'
compare	Check out candidate DistQLDPC	2026-10-07T13:58:47.3645607Z [command]/usr/bin/git version
compare	Check out candidate DistQLDPC	2026-10-07T13:58:47.3721875Z git version 2.55.0
compare	Check out candidate DistQLDPC	2026-10-07T13:58:47.3735779Z ##[endgroup]
compare	Check out candidate DistQLDPC	2026-10-07T13:58:47.3742172Z Temporarily overriding HOME='/home/runner/work/_temp/51359d53-d9e9-4832-8723-c8a0f877776a' before making global git config changes
compare	Check out candidate DistQLDPC	2026-10-07T13:58:47.3744104Z Adding repository directory to the temporary git global config as a safe directory
compare	Check out candidate DistQLDPC	2026-10-07T13:58:47.3747160Z [command]/usr/bin/git config --global --add safe.directory /home/runner/work/DistQLDPC/DistQLDPC/candidate
compare	Check out candidate DistQLDPC	2026-10-07T13:58:47.3806022Z ##[group]Determining repository object format
compare	Check out candidate DistQLDPC	2026-10-07T13:58:47.3807197Z ##[endgroup]
compare	Check out candidate DistQLDPC	2026-10-07T13:58:47.3808155Z ##[group]Initializing the repository
compare	Check out candidate DistQLDPC	2026-10-07T13:58:47.3809080Z [command]/usr/bin/git init /home/runner/work/DistQLDPC/DistQLDPC/candidate
compare	Check out candidate DistQLDPC	2026-10-07T13:58:47.4283529Z hint: Using 'master' as the name for the initial branch. This default branch name
compare	Check out candidate DistQLDPC	2026-10-07T13:58:47.4285766Z hint: will change to "main" in Git 3.0. To configure the initial branch name
compare	Check out candidate DistQLDPC	2026-10-07T13:58:47.4287142Z hint: to use in all of your new repositories, which will suppress this warning,
compare	Check out candidate DistQLDPC	2026-10-07T13:58:47.4287908Z hint: call:
compare	Check out candidate DistQLDPC	2026-10-07T13:58:47.4288376Z hint:
compare	Check out candidate DistQLDPC	2026-10-07T13:58:47.4288933Z hint: 	git config --global init.defaultBranch <name>
compare	Check out candidate DistQLDPC	2026-10-07T13:58:47.4289654Z hint:
compare	Check out candidate DistQLDPC	2026-10-07T13:58:47.4290619Z hint: Names commonly chosen instead of 'master' are 'main', 'trunk' and
compare	Check out candidate DistQLDPC	2026-10-07T13:58:47.4291697Z hint: 'development'. The just-created branch can be renamed via this command:
compare	Check out candidate DistQLDPC	2026-10-07T13:58:47.4292428Z hint:
compare	Check out candidate DistQLDPC	2026-10-07T13:58:47.4293024Z hint: 	git branch -m <name>
compare	Check out candidate DistQLDPC	2026-10-07T13:58:47.4293670Z hint:
compare	Check out candidate DistQLDPC	2026-10-07T13:58:47.4294294Z hint: Disable this message with "git config set advice.defaultBranchName false"
compare	Check out candidate DistQLDPC	2026-10-07T13:58:47.4295420Z Initialized empty Git repository in /home/runner/work/DistQLDPC/DistQLDPC/candidate/.git/
compare	Check out candidate DistQLDPC	2026-10-07T13:58:47.4297763Z [command]/usr/bin/git remote add origin https://github.com/guluchen/DistQLDPC
compare	Check out candidate DistQLDPC	2026-10-07T13:58:47.4599741Z ##[endgroup]
compare	Check out candidate DistQLDPC	2026-10-07T13:58:47.4600965Z ##[group]Disabling automatic garbage collection
compare	Check out candidate DistQLDPC	2026-10-07T13:58:47.4601896Z [command]/usr/bin/git config --local gc.auto 0
compare	Check out candidate DistQLDPC	2026-10-07T13:58:47.4657207Z ##[endgroup]
compare	Check out candidate DistQLDPC	2026-10-07T13:58:47.4657933Z ##[group]Setting up auth
compare	Check out candidate DistQLDPC	2026-10-07T13:58:47.4658415Z Removing SSH command configuration
compare	Check out candidate DistQLDPC	2026-10-07T13:58:47.4661450Z [command]/usr/bin/git config --local --name-only --get-regexp core\.sshCommand
compare	Check out candidate DistQLDPC	2026-10-07T13:58:47.4687834Z [command]/usr/bin/git submodule foreach --recursive sh -c "git config --local --name-only --get-regexp 'core\.sshCommand' && git config --local --unset-all 'core.sshCommand' || :"
compare	Check out candidate DistQLDPC	2026-10-07T13:58:47.5037345Z Removing HTTP extra header
compare	Check out candidate DistQLDPC	2026-10-07T13:58:47.5040942Z [command]/usr/bin/git config --local --name-only --get-regexp http\.https\:\/\/github\.com\/\.extraheader
compare	Check out candidate DistQLDPC	2026-10-07T13:58:47.5067189Z [command]/usr/bin/git submodule foreach --recursive sh -c "git config --local --name-only --get-regexp 'http\.https\:\/\/github\.com\/\.extraheader' && git config --local --unset-all 'http.https://github.com/.extraheader' || :"
compare	Check out candidate DistQLDPC	2026-10-07T13:58:47.5216415Z Removing includeIf entries pointing to credentials config files
compare	Check out candidate DistQLDPC	2026-10-07T13:58:47.5226262Z [command]/usr/bin/git config --local --name-only --get-regexp ^includeIf\.gitdir:
compare	Check out candidate DistQLDPC	2026-10-07T13:58:47.5249859Z [command]/usr/bin/git submodule foreach --recursive git config --local --show-origin --name-only --get-regexp remote.origin.url
compare	Check out candidate DistQLDPC	2026-10-07T13:58:47.5400729Z [command]/usr/bin/git config --file /home/runner/work/_temp/git-credentials-e4e70c2b-1244-4d55-9a4f-3b9b47c274e6.config http.https://github.com/.extraheader AUTHORIZATION: basic ***
compare	Check out candidate DistQLDPC	2026-10-07T13:58:47.5556518Z [command]/usr/bin/git config --local includeIf.gitdir:/home/runner/work/DistQLDPC/DistQLDPC/candidate/.git.path /home/runner/work/_temp/git-credentials-e4e70c2b-1244-4d55-9a4f-3b9b47c274e6.config
compare	Check out candidate DistQLDPC	2026-10-07T13:58:47.5597398Z [command]/usr/bin/git config --local includeIf.gitdir:/home/runner/work/DistQLDPC/DistQLDPC/candidate/.git/worktrees/*.path /home/runner/work/_temp/git-credentials-e4e70c2b-1244-4d55-9a4f-3b9b47c274e6.config
compare	Check out candidate DistQLDPC	2026-10-07T13:58:47.5760322Z [command]/usr/bin/git config --local includeIf.gitdir:/github/workspace/candidate/.git.path /github/runner_temp/git-credentials-e4e70c2b-1244-4d55-9a4f-3b9b47c274e6.config
compare	Check out candidate DistQLDPC	2026-10-07T13:58:47.5900015Z [command]/usr/bin/git config --local includeIf.gitdir:/github/workspace/candidate/.git/worktrees/*.path /github/runner_temp/git-credentials-e4e70c2b-1244-4d55-9a4f-3b9b47c274e6.config
compare	Check out candidate DistQLDPC	2026-10-07T13:58:47.5965260Z ##[endgroup]
compare	Check out candidate DistQLDPC	2026-10-07T13:58:47.5966280Z ##[group]Fetching the repository
compare	Check out candidate DistQLDPC	2026-10-07T13:58:47.5972721Z [command]/usr/bin/git -c protocol.version=2 fetch --no-tags --prune --no-recurse-submodules origin +refs/heads/*:refs/remotes/origin/* +refs/tags/*:refs/tags/* +fcf8e7854b3d2799e3ed4b48f722e0b2d928d1cc:refs/remotes/pull/12/merge
compare	Check out candidate DistQLDPC	2026-10-07T13:58:49.1474859Z From https://github.com/guluchen/DistQLDPC
compare	Check out candidate DistQLDPC	2026-10-07T13:58:49.1476482Z  * [new branch]      chore/autonomous-workflow-pilot          -> origin/chore/autonomous-workflow-pilot
compare	Check out candidate DistQLDPC	2026-10-07T13:58:49.1477314Z  * [new branch]      chore/codex-integration-probe            -> origin/chore/codex-integration-probe
compare	Check out candidate DistQLDPC	2026-10-07T13:58:49.1478067Z  * [new branch]      ci/cleanup-pi-escalation-test            -> origin/ci/cleanup-pi-escalation-test
compare	Check out candidate DistQLDPC	2026-10-07T13:58:49.1478756Z  * [new branch]      ci/fire-pi-escalation-test               -> origin/ci/fire-pi-escalation-test
compare	Check out candidate DistQLDPC	2026-10-07T13:58:49.1479384Z  * [new branch]      ci/pi-escalation-dispatch                -> origin/ci/pi-escalation-dispatch
compare	Check out candidate DistQLDPC	2026-10-07T13:58:49.1480064Z  * [new branch]      ci/qdist-cross-repo-benchmark            -> origin/ci/qdist-cross-repo-benchmark
compare	Check out candidate DistQLDPC	2026-10-07T13:58:49.1480743Z  * [new branch]      ci/test-pi-escalation-slack              -> origin/ci/test-pi-escalation-slack
compare	Check out candidate DistQLDPC	2026-10-07T13:58:49.1481450Z  * [new branch]      docs/optimization-loop-policy            -> origin/docs/optimization-loop-policy
compare	Check out candidate DistQLDPC	2026-10-07T13:58:49.1482060Z  * [new branch]      docs/require-cross-repo-benchmark        -> origin/docs/require-cross-repo-benchmark
compare	Check out candidate DistQLDPC	2026-10-07T13:58:49.1482608Z  * [new branch]      experiment/h001-logical-row-xor          -> origin/experiment/h001-logical-row-xor
compare	Check out candidate DistQLDPC	2026-10-07T13:58:49.1483581Z  * [new branch]      experiment/h007-lto                      -> origin/experiment/h007-lto
compare	Check out candidate DistQLDPC	2026-10-07T13:58:49.1484148Z  * [new branch]      main                                     -> origin/main
compare	Check out candidate DistQLDPC	2026-10-07T13:58:49.1484700Z  * [new branch]      policy/compute-cost-guardrails           -> origin/policy/compute-cost-guardrails
compare	Check out candidate DistQLDPC	2026-10-07T13:58:49.1485263Z  * [new ref]         fcf8e7854b3d2799e3ed4b48f722e0b2d928d1cc -> pull/12/merge
compare	Check out candidate DistQLDPC	2026-10-07T13:58:49.1486940Z ##[endgroup]
compare	Check out candidate DistQLDPC	2026-10-07T13:58:49.1487425Z ##[group]Determining the checkout info
compare	Check out candidate DistQLDPC	2026-10-07T13:58:49.1487978Z ##[endgroup]
compare	Check out candidate DistQLDPC	2026-10-07T13:58:49.1488447Z [command]/usr/bin/git sparse-checkout disable
compare	Check out candidate DistQLDPC	2026-10-07T13:58:49.2844737Z [command]/usr/bin/git config --local --unset-all extensions.worktreeConfig
compare	Check out candidate DistQLDPC	2026-10-07T13:58:49.3618108Z ##[group]Checking out the ref
compare	Check out candidate DistQLDPC	2026-10-07T13:58:49.3624312Z [command]/usr/bin/git checkout --progress --force refs/remotes/pull/12/merge
compare	Check out candidate DistQLDPC	2026-10-07T13:58:49.4803826Z Note: switching to 'refs/remotes/pull/12/merge'.
compare	Check out candidate DistQLDPC	2026-10-07T13:58:49.4804121Z 
compare	Check out candidate DistQLDPC	2026-10-07T13:58:49.4804336Z You are in 'detached HEAD' state. You can look around, make experimental
compare	Check out candidate DistQLDPC	2026-10-07T13:58:49.4804994Z changes and commit them, and you can discard any commits you make in this
compare	Check out candidate DistQLDPC	2026-10-07T13:58:49.4805407Z state without impacting any branches by switching back to a branch.
compare	Check out candidate DistQLDPC	2026-10-07T13:58:49.4805654Z 
compare	Check out candidate DistQLDPC	2026-10-07T13:58:49.4805844Z If you want to create a new branch to retain commits you create, you may
compare	Check out candidate DistQLDPC	2026-10-07T13:58:49.4806306Z do so (now or later) by using -c with the switch command. Example:
compare	Check out candidate DistQLDPC	2026-10-07T13:58:49.4806515Z 
compare	Check out candidate DistQLDPC	2026-10-07T13:58:49.4806689Z   git switch -c <new-branch-name>
compare	Check out candidate DistQLDPC	2026-10-07T13:58:49.4806869Z 
compare	Check out candidate DistQLDPC	2026-10-07T13:58:49.4807004Z Or undo this operation with:
compare	Check out candidate DistQLDPC	2026-10-07T13:58:49.4807394Z 
compare	Check out candidate DistQLDPC	2026-10-07T13:58:49.4807480Z   git switch -
compare	Check out candidate DistQLDPC	2026-10-07T13:58:49.4807620Z 
compare	Check out candidate DistQLDPC	2026-10-07T13:58:49.4807787Z Turn off this advice by setting config variable advice.detachedHead to false
compare	Check out candidate DistQLDPC	2026-10-07T13:58:49.4808045Z 
compare	Check out candidate DistQLDPC	2026-10-07T13:58:49.4808310Z HEAD is now at fcf8e78 Merge 2efbdc13a81770e896301599da30d8c2e8d7eb89 into 24572d6d09cce9a4a5faa58300a89e0feba9da6a
compare	Check out candidate DistQLDPC	2026-10-07T13:58:49.4834464Z ##[endgroup]
compare	Check out candidate DistQLDPC	2026-10-07T13:58:49.4879997Z [command]/usr/bin/git log -1 --format=%H
compare	Check out candidate DistQLDPC	2026-10-07T13:58:49.4901837Z fcf8e7854b3d2799e3ed4b48f722e0b2d928d1cc
compare	Resolve baseline commit	﻿2026-10-07T13:58:49.5088557Z ##[group]Run set -euo pipefail
compare	Resolve baseline commit	2026-10-07T13:58:49.5088956Z ^[[36;1mset -euo pipefail^[[0m
compare	Resolve baseline commit	2026-10-07T13:58:49.5089274Z ^[[36;1mif [ "pull_request" = "pull_request" ]; then^[[0m
compare	Resolve baseline commit	2026-10-07T13:58:49.5089627Z ^[[36;1m  base="24572d6d09cce9a4a5faa58300a89e0feba9da6a"^[[0m
compare	Resolve baseline commit	2026-10-07T13:58:49.5090216Z ^[[36;1melif [ -n "5b13a2c01b6e0a4dec6a88ad5bbccdbf15df2030" ] && [ "5b13a2c01b6e0a4dec6a88ad5bbccdbf15df2030" != "0000000000000000000000000000000000000000" ]; then^[[0m
compare	Resolve baseline commit	2026-10-07T13:58:49.5090899Z ^[[36;1m  base="5b13a2c01b6e0a4dec6a88ad5bbccdbf15df2030"^[[0m
compare	Resolve baseline commit	2026-10-07T13:58:49.5091177Z ^[[36;1melse^[[0m
compare	Resolve baseline commit	2026-10-07T13:58:49.5091432Z ^[[36;1m  base="$(git rev-parse HEAD^)"^[[0m
compare	Resolve baseline commit	2026-10-07T13:58:49.5091671Z ^[[36;1mfi^[[0m
compare	Resolve baseline commit	2026-10-07T13:58:49.5091903Z ^[[36;1mecho "base=$base" >> "$GITHUB_OUTPUT"^[[0m
compare	Resolve baseline commit	2026-10-07T13:58:49.5092220Z ^[[36;1mecho "candidate=$(git rev-parse HEAD)" >> "$GITHUB_OUTPUT"^[[0m
compare	Resolve baseline commit	2026-10-07T13:58:49.5268194Z shell: /usr/bin/bash --noprofile --norc -e -o pipefail {0}
compare	Resolve baseline commit	2026-10-07T13:58:49.5268531Z ##[endgroup]
compare	Check out baseline DistQLDPC	﻿2026-10-07T13:58:49.5460348Z ##[group]Run actions/checkout@v7
compare	Check out baseline DistQLDPC	2026-10-07T13:58:49.5460604Z with:
compare	Check out baseline DistQLDPC	2026-10-07T13:58:49.5460871Z   ref: 24572d6d09cce9a4a5faa58300a89e0feba9da6a
compare	Check out baseline DistQLDPC	2026-10-07T13:58:49.5461136Z   path: baseline
compare	Check out baseline DistQLDPC	2026-10-07T13:58:49.5461330Z   fetch-depth: 1
compare	Check out baseline DistQLDPC	2026-10-07T13:58:49.5461563Z   repository: guluchen/DistQLDPC
compare	Check out baseline DistQLDPC	2026-10-07T13:58:49.5463792Z   token: ***
compare	Check out baseline DistQLDPC	2026-10-07T13:58:49.5464039Z   ssh-strict: true
compare	Check out baseline DistQLDPC	2026-10-07T13:58:49.5464257Z   ssh-user: git
compare	Check out baseline DistQLDPC	2026-10-07T13:58:49.5464459Z   persist-credentials: true
compare	Check out baseline DistQLDPC	2026-10-07T13:58:49.5464708Z   clean: true
compare	Check out baseline DistQLDPC	2026-10-07T13:58:49.5464922Z   sparse-checkout-cone-mode: true
compare	Check out baseline DistQLDPC	2026-10-07T13:58:49.5465192Z   fetch-tags: false
compare	Check out baseline DistQLDPC	2026-10-07T13:58:49.5465669Z   show-progress: true
compare	Check out baseline DistQLDPC	2026-10-07T13:58:49.5465880Z   lfs: false
compare	Check out baseline DistQLDPC	2026-10-07T13:58:49.5466084Z   submodules: false
compare	Check out baseline DistQLDPC	2026-10-07T13:58:49.5466331Z   set-safe-directory: true
compare	Check out baseline DistQLDPC	2026-10-07T13:58:49.5466579Z   allow-unsafe-pr-checkout: false
compare	Check out baseline DistQLDPC	2026-10-07T13:58:49.5466821Z ##[endgroup]
compare	Check out baseline DistQLDPC	2026-10-07T13:58:49.6108251Z Syncing repository: guluchen/DistQLDPC
compare	Check out baseline DistQLDPC	2026-10-07T13:58:49.6111104Z ##[group]Getting Git version info
compare	Check out baseline DistQLDPC	2026-10-07T13:58:49.6112526Z Working directory is '/home/runner/work/DistQLDPC/DistQLDPC/baseline'
compare	Check out baseline DistQLDPC	2026-10-07T13:58:49.6139447Z [command]/usr/bin/git version
compare	Check out baseline DistQLDPC	2026-10-07T13:58:49.6167050Z git version 2.55.0
compare	Check out baseline DistQLDPC	2026-10-07T13:58:49.6180148Z ##[endgroup]
compare	Check out baseline DistQLDPC	2026-10-07T13:58:49.6185570Z Temporarily overriding HOME='/home/runner/work/_temp/06860f28-03c6-46ce-b83c-4e81ed6bc8ac' before making global git config changes
compare	Check out baseline DistQLDPC	2026-10-07T13:58:49.6186744Z Adding repository directory to the temporary git global config as a safe directory
compare	Check out baseline DistQLDPC	2026-10-07T13:58:49.6188512Z [command]/usr/bin/git config --global --add safe.directory /home/runner/work/DistQLDPC/DistQLDPC/baseline
compare	Check out baseline DistQLDPC	2026-10-07T13:58:49.6213313Z ##[group]Determining repository object format
compare	Check out baseline DistQLDPC	2026-10-07T13:58:49.6214081Z ##[endgroup]
compare	Check out baseline DistQLDPC	2026-10-07T13:58:49.6214927Z ##[group]Initializing the repository
compare	Check out baseline DistQLDPC	2026-10-07T13:58:49.6216616Z [command]/usr/bin/git init /home/runner/work/DistQLDPC/DistQLDPC/baseline
compare	Check out baseline DistQLDPC	2026-10-07T13:58:49.6247075Z hint: Using 'master' as the name for the initial branch. This default branch name
compare	Check out baseline DistQLDPC	2026-10-07T13:58:49.6247995Z hint: will change to "main" in Git 3.0. To configure the initial branch name
compare	Check out baseline DistQLDPC	2026-10-07T13:58:49.6248767Z hint: to use in all of your new repositories, which will suppress this warning,
compare	Check out baseline DistQLDPC	2026-10-07T13:58:49.6249339Z hint: call:
compare	Check out baseline DistQLDPC	2026-10-07T13:58:49.6249762Z hint:
compare	Check out baseline DistQLDPC	2026-10-07T13:58:49.6250197Z hint: 	git config --global init.defaultBranch <name>
compare	Check out baseline DistQLDPC	2026-10-07T13:58:49.6250809Z hint:
compare	Check out baseline DistQLDPC	2026-10-07T13:58:49.6251392Z hint: Names commonly chosen instead of 'master' are 'main', 'trunk' and
compare	Check out baseline DistQLDPC	2026-10-07T13:58:49.6252074Z hint: 'development'. The just-created branch can be renamed via this command:
compare	Check out baseline DistQLDPC	2026-10-07T13:58:49.6252684Z hint:
compare	Check out baseline DistQLDPC	2026-10-07T13:58:49.6253296Z hint: 	git branch -m <name>
compare	Check out baseline DistQLDPC	2026-10-07T13:58:49.6253728Z hint:
compare	Check out baseline DistQLDPC	2026-10-07T13:58:49.6254320Z hint: Disable this message with "git config set advice.defaultBranchName false"
compare	Check out baseline DistQLDPC	2026-10-07T13:58:49.6255129Z Initialized empty Git repository in /home/runner/work/DistQLDPC/DistQLDPC/baseline/.git/
compare	Check out baseline DistQLDPC	2026-10-07T13:58:49.6257078Z [command]/usr/bin/git remote add origin https://github.com/guluchen/DistQLDPC
compare	Check out baseline DistQLDPC	2026-10-07T13:58:49.6277426Z ##[endgroup]
compare	Check out baseline DistQLDPC	2026-10-07T13:58:49.6277969Z ##[group]Disabling automatic garbage collection
compare	Check out baseline DistQLDPC	2026-10-07T13:58:49.6280467Z [command]/usr/bin/git config --local gc.auto 0
compare	Check out baseline DistQLDPC	2026-10-07T13:58:49.6303350Z ##[endgroup]
compare	Check out baseline DistQLDPC	2026-10-07T13:58:49.6304217Z ##[group]Setting up auth
compare	Check out baseline DistQLDPC	2026-10-07T13:58:49.6305167Z Removing SSH command configuration
compare	Check out baseline DistQLDPC	2026-10-07T13:58:49.6306021Z [command]/usr/bin/git config --local --name-only --get-regexp core\.sshCommand
compare	Check out baseline DistQLDPC	2026-10-07T13:58:49.6327715Z [command]/usr/bin/git submodule foreach --recursive sh -c "git config --local --name-only --get-regexp 'core\.sshCommand' && git config --local --unset-all 'core.sshCommand' || :"
compare	Check out baseline DistQLDPC	2026-10-07T13:58:49.6485764Z Removing HTTP extra header
compare	Check out baseline DistQLDPC	2026-10-07T13:58:49.6515214Z [command]/usr/bin/git config --local --name-only --get-regexp http\.https\:\/\/github\.com\/\.extraheader
compare	Check out baseline DistQLDPC	2026-10-07T13:58:49.6537031Z [command]/usr/bin/git submodule foreach --recursive sh -c "git config --local --name-only --get-regexp 'http\.https\:\/\/github\.com\/\.extraheader' && git config --local --unset-all 'http.https://github.com/.extraheader' || :"
compare	Check out baseline DistQLDPC	2026-10-07T13:58:49.6687638Z Removing includeIf entries pointing to credentials config files
compare	Check out baseline DistQLDPC	2026-10-07T13:58:49.6694574Z [command]/usr/bin/git config --local --name-only --get-regexp ^includeIf\.gitdir:
compare	Check out baseline DistQLDPC	2026-10-07T13:58:49.6727716Z [command]/usr/bin/git submodule foreach --recursive git config --local --show-origin --name-only --get-regexp remote.origin.url
compare	Check out baseline DistQLDPC	2026-10-07T13:58:49.6879754Z [command]/usr/bin/git config --file /home/runner/work/_temp/git-credentials-5f325393-007c-4493-8fa5-ced322444efb.config http.https://github.com/.extraheader AUTHORIZATION: basic ***
compare	Check out baseline DistQLDPC	2026-10-07T13:58:49.6905306Z [command]/usr/bin/git config --local includeIf.gitdir:/home/runner/work/DistQLDPC/DistQLDPC/baseline/.git.path /home/runner/work/_temp/git-credentials-5f325393-007c-4493-8fa5-ced322444efb.config
compare	Check out baseline DistQLDPC	2026-10-07T13:58:49.6958759Z [command]/usr/bin/git config --local includeIf.gitdir:/home/runner/work/DistQLDPC/DistQLDPC/baseline/.git/worktrees/*.path /home/runner/work/_temp/git-credentials-5f325393-007c-4493-8fa5-ced322444efb.config
compare	Check out baseline DistQLDPC	2026-10-07T13:58:49.6983167Z [command]/usr/bin/git config --local includeIf.gitdir:/github/workspace/baseline/.git.path /github/runner_temp/git-credentials-5f325393-007c-4493-8fa5-ced322444efb.config
compare	Check out baseline DistQLDPC	2026-10-07T13:58:49.7007177Z [command]/usr/bin/git config --local includeIf.gitdir:/github/workspace/baseline/.git/worktrees/*.path /github/runner_temp/git-credentials-5f325393-007c-4493-8fa5-ced322444efb.config
compare	Check out baseline DistQLDPC	2026-10-07T13:58:49.7027802Z ##[endgroup]
compare	Check out baseline DistQLDPC	2026-10-07T13:58:49.7028291Z ##[group]Fetching the repository
compare	Check out baseline DistQLDPC	2026-10-07T13:58:49.7033876Z [command]/usr/bin/git -c protocol.version=2 fetch --no-tags --prune --no-recurse-submodules --depth=1 origin 24572d6d09cce9a4a5faa58300a89e0feba9da6a
compare	Check out baseline DistQLDPC	2026-10-07T13:58:50.2957165Z From https://github.com/guluchen/DistQLDPC
compare	Check out baseline DistQLDPC	2026-10-07T13:58:50.2958114Z  * branch            24572d6d09cce9a4a5faa58300a89e0feba9da6a -> FETCH_HEAD
compare	Check out baseline DistQLDPC	2026-10-07T13:58:50.2966489Z [command]/usr/bin/git rev-parse --verify --quiet 24572d6d09cce9a4a5faa58300a89e0feba9da6a^{object}
compare	Check out baseline DistQLDPC	2026-10-07T13:58:50.2987169Z 24572d6d09cce9a4a5faa58300a89e0feba9da6a
compare	Check out baseline DistQLDPC	2026-10-07T13:58:50.2990072Z ##[endgroup]
compare	Check out baseline DistQLDPC	2026-10-07T13:58:50.2990678Z ##[group]Determining the checkout info
compare	Check out baseline DistQLDPC	2026-10-07T13:58:50.2991481Z ##[endgroup]
compare	Check out baseline DistQLDPC	2026-10-07T13:58:50.2993491Z [command]/usr/bin/git sparse-checkout disable
compare	Check out baseline DistQLDPC	2026-10-07T13:58:50.3026447Z [command]/usr/bin/git config --local --unset-all extensions.worktreeConfig
compare	Check out baseline DistQLDPC	2026-10-07T13:58:50.3048803Z ##[group]Checking out the ref
compare	Check out baseline DistQLDPC	2026-10-07T13:58:50.3052358Z [command]/usr/bin/git checkout --progress --force 24572d6d09cce9a4a5faa58300a89e0feba9da6a
compare	Check out baseline DistQLDPC	2026-10-07T13:58:50.3412318Z Note: switching to '24572d6d09cce9a4a5faa58300a89e0feba9da6a'.
compare	Check out baseline DistQLDPC	2026-10-07T13:58:50.3412998Z 
compare	Check out baseline DistQLDPC	2026-10-07T13:58:50.3413383Z You are in 'detached HEAD' state. You can look around, make experimental
compare	Check out baseline DistQLDPC	2026-10-07T13:58:50.3414081Z changes and commit them, and you can discard any commits you make in this
compare	Check out baseline DistQLDPC	2026-10-07T13:58:50.3414818Z state without impacting any branches by switching back to a branch.
compare	Check out baseline DistQLDPC	2026-10-07T13:58:50.3415209Z 
compare	Check out baseline DistQLDPC	2026-10-07T13:58:50.3415740Z If you want to create a new branch to retain commits you create, you may
compare	Check out baseline DistQLDPC	2026-10-07T13:58:50.3416293Z do so (now or later) by using -c with the switch command. Example:
compare	Check out baseline DistQLDPC	2026-10-07T13:58:50.3416842Z 
compare	Check out baseline DistQLDPC	2026-10-07T13:58:50.3417074Z   git switch -c <new-branch-name>
compare	Check out baseline DistQLDPC	2026-10-07T13:58:50.3417349Z 
compare	Check out baseline DistQLDPC	2026-10-07T13:58:50.3417472Z Or undo this operation with:
compare	Check out baseline DistQLDPC	2026-10-07T13:58:50.3417689Z 
compare	Check out baseline DistQLDPC	2026-10-07T13:58:50.3417833Z   git switch -
compare	Check out baseline DistQLDPC	2026-10-07T13:58:50.3418051Z 
compare	Check out baseline DistQLDPC	2026-10-07T13:58:50.3418295Z Turn off this advice by setting config variable advice.detachedHead to false
compare	Check out baseline DistQLDPC	2026-10-07T13:58:50.3418686Z 
compare	Check out baseline DistQLDPC	2026-10-07T13:58:50.3418951Z HEAD is now at 24572d6 Point CI smoke at LP_34_20_2 after the QDistSAT rename.
compare	Check out baseline DistQLDPC	2026-10-07T13:58:50.3424910Z ##[endgroup]
compare	Check out baseline DistQLDPC	2026-10-07T13:58:50.3452518Z [command]/usr/bin/git log -1 --format=%H
compare	Check out baseline DistQLDPC	2026-10-07T13:58:50.3471000Z 24572d6d09cce9a4a5faa58300a89e0feba9da6a
compare	Check out QDistSAT benchmark platform	﻿2026-10-07T13:58:50.3613185Z ##[group]Run actions/checkout@v7
compare	Check out QDistSAT benchmark platform	2026-10-07T13:58:50.3613443Z with:
compare	Check out QDistSAT benchmark platform	2026-10-07T13:58:50.3613658Z   repository: guluchen/QDistSAT
compare	Check out QDistSAT benchmark platform	2026-10-07T13:58:50.3613897Z   ref: main
compare	Check out QDistSAT benchmark platform	2026-10-07T13:58:50.3614120Z   path: qdistsat
compare	Check out QDistSAT benchmark platform	2026-10-07T13:58:50.3614343Z   fetch-depth: 1
compare	Check out QDistSAT benchmark platform	2026-10-07T13:58:50.3616263Z   token: ***
compare	Check out QDistSAT benchmark platform	2026-10-07T13:58:50.3616464Z   ssh-strict: true
compare	Check out QDistSAT benchmark platform	2026-10-07T13:58:50.3616681Z   ssh-user: git
compare	Check out QDistSAT benchmark platform	2026-10-07T13:58:50.3616910Z   persist-credentials: true
compare	Check out QDistSAT benchmark platform	2026-10-07T13:58:50.3617144Z   clean: true
compare	Check out QDistSAT benchmark platform	2026-10-07T13:58:50.3617356Z   sparse-checkout-cone-mode: true
compare	Check out QDistSAT benchmark platform	2026-10-07T13:58:50.3617583Z   fetch-tags: false
compare	Check out QDistSAT benchmark platform	2026-10-07T13:58:50.3617813Z   show-progress: true
compare	Check out QDistSAT benchmark platform	2026-10-07T13:58:50.3618034Z   lfs: false
compare	Check out QDistSAT benchmark platform	2026-10-07T13:58:50.3618225Z   submodules: false
compare	Check out QDistSAT benchmark platform	2026-10-07T13:58:50.3618473Z   set-safe-directory: true
compare	Check out QDistSAT benchmark platform	2026-10-07T13:58:50.3618696Z   allow-unsafe-pr-checkout: false
compare	Check out QDistSAT benchmark platform	2026-10-07T13:58:50.3618960Z ##[endgroup]
compare	Check out QDistSAT benchmark platform	2026-10-07T13:58:50.4244862Z Syncing repository: guluchen/QDistSAT
compare	Check out QDistSAT benchmark platform	2026-10-07T13:58:50.4248574Z ##[group]Getting Git version info
compare	Check out QDistSAT benchmark platform	2026-10-07T13:58:50.4249720Z Working directory is '/home/runner/work/DistQLDPC/DistQLDPC/qdistsat'
compare	Check out QDistSAT benchmark platform	2026-10-07T13:58:50.4280565Z [command]/usr/bin/git version
compare	Check out QDistSAT benchmark platform	2026-10-07T13:58:50.4308081Z git version 2.55.0
compare	Check out QDistSAT benchmark platform	2026-10-07T13:58:50.4322657Z ##[endgroup]
compare	Check out QDistSAT benchmark platform	2026-10-07T13:58:50.4327201Z Temporarily overriding HOME='/home/runner/work/_temp/e90d0282-07f9-4bf3-ae21-a4a05803d42b' before making global git config changes
compare	Check out QDistSAT benchmark platform	2026-10-07T13:58:50.4328091Z Adding repository directory to the temporary git global config as a safe directory
compare	Check out QDistSAT benchmark platform	2026-10-07T13:58:50.4331317Z [command]/usr/bin/git config --global --add safe.directory /home/runner/work/DistQLDPC/DistQLDPC/qdistsat
compare	Check out QDistSAT benchmark platform	2026-10-07T13:58:50.4355147Z ##[group]Determining repository object format
compare	Check out QDistSAT benchmark platform	2026-10-07T13:58:50.7305422Z ##[endgroup]
compare	Check out QDistSAT benchmark platform	2026-10-07T13:58:50.7306453Z ##[group]Initializing the repository
compare	Check out QDistSAT benchmark platform	2026-10-07T13:58:50.7314259Z [command]/usr/bin/git init /home/runner/work/DistQLDPC/DistQLDPC/qdistsat
compare	Check out QDistSAT benchmark platform	2026-10-07T13:58:50.7444096Z hint: Using 'master' as the name for the initial branch. This default branch name
compare	Check out QDistSAT benchmark platform	2026-10-07T13:58:50.7450777Z hint: will change to "main" in Git 3.0. To configure the initial branch name
compare	Check out QDistSAT benchmark platform	2026-10-07T13:58:50.7452593Z hint: to use in all of your new repositories, which will suppress this warning,
compare	Check out QDistSAT benchmark platform	2026-10-07T13:58:50.7453667Z hint: call:
compare	Check out QDistSAT benchmark platform	2026-10-07T13:58:50.7454110Z hint:
compare	Check out QDistSAT benchmark platform	2026-10-07T13:58:50.7454597Z hint: 	git config --global init.defaultBranch <name>
compare	Check out QDistSAT benchmark platform	2026-10-07T13:58:50.7455082Z hint:
compare	Check out QDistSAT benchmark platform	2026-10-07T13:58:50.7455594Z hint: Names commonly chosen instead of 'master' are 'main', 'trunk' and
compare	Check out QDistSAT benchmark platform	2026-10-07T13:58:50.7456241Z hint: 'development'. The just-created branch can be renamed via this command:
compare	Check out QDistSAT benchmark platform	2026-10-07T13:58:50.7456759Z hint:
compare	Check out QDistSAT benchmark platform	2026-10-07T13:58:50.7457249Z hint: 	git branch -m <name>
compare	Check out QDistSAT benchmark platform	2026-10-07T13:58:50.7458055Z hint:
compare	Check out QDistSAT benchmark platform	2026-10-07T13:58:50.7459687Z hint: Disable this message with "git config set advice.defaultBranchName false"
compare	Check out QDistSAT benchmark platform	2026-10-07T13:58:50.7460512Z Initialized empty Git repository in /home/runner/work/DistQLDPC/DistQLDPC/qdistsat/.git/
compare	Check out QDistSAT benchmark platform	2026-10-07T13:58:50.7462136Z [command]/usr/bin/git remote add origin https://github.com/guluchen/QDistSAT
compare	Check out QDistSAT benchmark platform	2026-10-07T13:58:50.7496811Z ##[endgroup]
compare	Check out QDistSAT benchmark platform	2026-10-07T13:58:50.7497546Z ##[group]Disabling automatic garbage collection
compare	Check out QDistSAT benchmark platform	2026-10-07T13:58:50.7500010Z [command]/usr/bin/git config --local gc.auto 0
compare	Check out QDistSAT benchmark platform	2026-10-07T13:58:50.7529238Z ##[endgroup]
compare	Check out QDistSAT benchmark platform	2026-10-07T13:58:50.7529750Z ##[group]Setting up auth
compare	Check out QDistSAT benchmark platform	2026-10-07T13:58:50.7530228Z Removing SSH command configuration
compare	Check out QDistSAT benchmark platform	2026-10-07T13:58:50.7534720Z [command]/usr/bin/git config --local --name-only --get-regexp core\.sshCommand
compare	Check out QDistSAT benchmark platform	2026-10-07T13:58:50.7564136Z [command]/usr/bin/git submodule foreach --recursive sh -c "git config --local --name-only --get-regexp 'core\.sshCommand' && git config --local --unset-all 'core.sshCommand' || :"
compare	Check out QDistSAT benchmark platform	2026-10-07T13:58:50.7718686Z Removing HTTP extra header
compare	Check out QDistSAT benchmark platform	2026-10-07T13:58:50.7722357Z [command]/usr/bin/git config --local --name-only --get-regexp http\.https\:\/\/github\.com\/\.extraheader
compare	Check out QDistSAT benchmark platform	2026-10-07T13:58:50.7746227Z [command]/usr/bin/git submodule foreach --recursive sh -c "git config --local --name-only --get-regexp 'http\.https\:\/\/github\.com\/\.extraheader' && git config --local --unset-all 'http.https://github.com/.extraheader' || :"
compare	Check out QDistSAT benchmark platform	2026-10-07T13:58:50.7888690Z Removing includeIf entries pointing to credentials config files
compare	Check out QDistSAT benchmark platform	2026-10-07T13:58:50.7893112Z [command]/usr/bin/git config --local --name-only --get-regexp ^includeIf\.gitdir:
compare	Check out QDistSAT benchmark platform	2026-10-07T13:58:50.7917631Z [command]/usr/bin/git submodule foreach --recursive git config --local --show-origin --name-only --get-regexp remote.origin.url
compare	Check out QDistSAT benchmark platform	2026-10-07T13:58:50.8063668Z [command]/usr/bin/git config --file /home/runner/work/_temp/git-credentials-8f1b73f9-7556-45a8-a41b-15e1211308da.config http.https://github.com/.extraheader AUTHORIZATION: basic ***
compare	Check out QDistSAT benchmark platform	2026-10-07T13:58:50.8091949Z [command]/usr/bin/git config --local includeIf.gitdir:/home/runner/work/DistQLDPC/DistQLDPC/qdistsat/.git.path /home/runner/work/_temp/git-credentials-8f1b73f9-7556-45a8-a41b-15e1211308da.config
compare	Check out QDistSAT benchmark platform	2026-10-07T13:58:50.8117381Z [command]/usr/bin/git config --local includeIf.gitdir:/home/runner/work/DistQLDPC/DistQLDPC/qdistsat/.git/worktrees/*.path /home/runner/work/_temp/git-credentials-8f1b73f9-7556-45a8-a41b-15e1211308da.config
compare	Check out QDistSAT benchmark platform	2026-10-07T13:58:50.8143410Z [command]/usr/bin/git config --local includeIf.gitdir:/github/workspace/qdistsat/.git.path /github/runner_temp/git-credentials-8f1b73f9-7556-45a8-a41b-15e1211308da.config
compare	Check out QDistSAT benchmark platform	2026-10-07T13:58:50.8167743Z [command]/usr/bin/git config --local includeIf.gitdir:/github/workspace/qdistsat/.git/worktrees/*.path /github/runner_temp/git-credentials-8f1b73f9-7556-45a8-a41b-15e1211308da.config
compare	Check out QDistSAT benchmark platform	2026-10-07T13:58:50.8407252Z ##[endgroup]
compare	Check out QDistSAT benchmark platform	2026-10-07T13:58:50.8407712Z ##[group]Fetching the repository
compare	Check out QDistSAT benchmark platform	2026-10-07T13:58:50.8413577Z [command]/usr/bin/git -c protocol.version=2 fetch --no-tags --prune --no-recurse-submodules --depth=1 origin +refs/heads/main*:refs/remotes/origin/main* +refs/tags/main*:refs/tags/main*
compare	Check out QDistSAT benchmark platform	2026-10-07T13:58:51.6153122Z From https://github.com/guluchen/QDistSAT
compare	Check out QDistSAT benchmark platform	2026-10-07T13:58:51.6153701Z  * [new branch]      main       -> origin/main
compare	Check out QDistSAT benchmark platform	2026-10-07T13:58:51.6158040Z ##[endgroup]
compare	Check out QDistSAT benchmark platform	2026-10-07T13:58:51.6158519Z ##[group]Determining the checkout info
compare	Check out QDistSAT benchmark platform	2026-10-07T13:58:51.6164310Z [command]/usr/bin/git branch --list --remote origin/main
compare	Check out QDistSAT benchmark platform	2026-10-07T13:58:51.6188110Z   origin/main
compare	Check out QDistSAT benchmark platform	2026-10-07T13:58:51.6190652Z ##[endgroup]
compare	Check out QDistSAT benchmark platform	2026-10-07T13:58:51.6195085Z [command]/usr/bin/git sparse-checkout disable
compare	Check out QDistSAT benchmark platform	2026-10-07T13:58:51.6358617Z [command]/usr/bin/git config --local --unset-all extensions.worktreeConfig
compare	Check out QDistSAT benchmark platform	2026-10-07T13:58:51.6386254Z ##[group]Checking out the ref
compare	Check out QDistSAT benchmark platform	2026-10-07T13:58:51.6389756Z [command]/usr/bin/git checkout --progress --force -B main refs/remotes/origin/main
compare	Check out QDistSAT benchmark platform	2026-10-07T13:58:51.6714823Z Switched to a new branch 'main'
compare	Check out QDistSAT benchmark platform	2026-10-07T13:58:51.6715580Z branch 'main' set up to track 'origin/main'.
compare	Check out QDistSAT benchmark platform	2026-10-07T13:58:51.6721500Z ##[endgroup]
compare	Check out QDistSAT benchmark platform	2026-10-07T13:58:51.6751078Z [command]/usr/bin/git log -1 --format=%H
compare	Check out QDistSAT benchmark platform	2026-10-07T13:58:51.6771209Z 7c4774fffc49856f48a22ae5f9063d00b2661aaa
compare	Install build dependencies	﻿2026-10-07T13:58:51.6867014Z ##[group]Run sudo apt-get update
compare	Install build dependencies	2026-10-07T13:58:51.6867339Z ^[[36;1msudo apt-get update^[[0m
compare	Install build dependencies	2026-10-07T13:58:51.6867630Z ^[[36;1msudo apt-get install --yes build-essential zlib1g-dev^[[0m
compare	Install build dependencies	2026-10-07T13:58:51.6902774Z shell: /usr/bin/bash -e {0}
compare	Install build dependencies	2026-10-07T13:58:51.6903433Z ##[endgroup]
compare	Install build dependencies	2026-10-07T13:58:51.7563202Z Get:1 file:/etc/apt/apt-mirrors.txt Mirrorlist [144 B]
compare	Install build dependencies	2026-10-07T13:58:51.8264577Z Hit:2 http://azure.archive.ubuntu.com/ubuntu noble InRelease
compare	Install build dependencies	2026-10-07T13:58:51.8266003Z Get:6 https://packages.microsoft.com/ubuntu/24.04/prod noble InRelease [3600 B]
compare	Install build dependencies	2026-10-07T13:58:51.8275942Z Get:3 http://azure.archive.ubuntu.com/ubuntu noble-updates InRelease [126 kB]
compare	Install build dependencies	2026-10-07T13:58:51.8318013Z Get:4 http://azure.archive.ubuntu.com/ubuntu noble-backports InRelease [126 kB]
compare	Install build dependencies	2026-10-07T13:58:51.8347721Z Get:5 http://azure.archive.ubuntu.com/ubuntu noble-security InRelease [126 kB]
compare	Install build dependencies	2026-10-07T13:58:51.9938654Z Get:7 https://packages.microsoft.com/ubuntu/24.04/prod noble/main arm64 Packages [463 kB]
compare	Install build dependencies	2026-10-07T13:58:52.0184311Z Get:15 https://packages.microsoft.com/ubuntu/24.04/prod noble/main amd64 Packages [519 kB]
compare	Install build dependencies	2026-10-07T13:58:52.0191278Z Get:8 http://azure.archive.ubuntu.com/ubuntu noble-updates/main amd64 Packages [1375 kB]
compare	Install build dependencies	2026-10-07T13:58:52.0261465Z Get:9 http://azure.archive.ubuntu.com/ubuntu noble-updates/main Translation-en [306 kB]
compare	Install build dependencies	2026-10-07T13:58:52.0281542Z Get:10 http://azure.archive.ubuntu.com/ubuntu noble-updates/universe amd64 Packages [1702 kB]
compare	Install build dependencies	2026-10-07T13:58:52.0358132Z Get:11 http://azure.archive.ubuntu.com/ubuntu noble-updates/universe Translation-en [341 kB]
compare	Install build dependencies	2026-10-07T13:58:52.0413684Z Get:12 http://azure.archive.ubuntu.com/ubuntu noble-updates/restricted amd64 Packages [1730 kB]
compare	Install build dependencies	2026-10-07T13:58:52.0459260Z Get:13 http://azure.archive.ubuntu.com/ubuntu noble-updates/restricted Translation-en [396 kB]
compare	Install build dependencies	2026-10-07T13:58:52.0480357Z Get:14 http://azure.archive.ubuntu.com/ubuntu noble-updates/multiverse Translation-en [13.3 kB]
compare	Install build dependencies	2026-10-07T13:58:52.0884644Z Get:16 http://azure.archive.ubuntu.com/ubuntu noble-security/main amd64 Packages [1073 kB]
compare	Install build dependencies	2026-10-07T13:58:52.0928836Z Get:17 http://azure.archive.ubuntu.com/ubuntu noble-security/main Translation-en [223 kB]
compare	Install build dependencies	2026-10-07T13:58:52.0943404Z Get:18 http://azure.archive.ubuntu.com/ubuntu noble-security/universe amd64 Packages [1218 kB]
compare	Install build dependencies	2026-10-07T13:58:52.1406762Z Get:19 http://azure.archive.ubuntu.com/ubuntu noble-security/universe Translation-en [245 kB]
compare	Install build dependencies	2026-10-07T13:58:52.1420629Z Get:20 http://azure.archive.ubuntu.com/ubuntu noble-security/multiverse Translation-en [11.6 kB]
compare	Install build dependencies	2026-10-07T13:58:57.6415803Z Fetched 9997 kB in 1s (10.5 MB/s)
compare	Install build dependencies	2026-10-07T13:58:58.2937762Z Reading package lists...
compare	Install build dependencies	2026-10-07T13:58:58.3199486Z Reading package lists...
compare	Install build dependencies	2026-10-07T13:58:58.4581474Z Building dependency tree...
compare	Install build dependencies	2026-10-07T13:58:58.4588084Z Reading state information...
compare	Install build dependencies	2026-10-07T13:58:58.6053680Z zlib1g-dev is already the newest version (1:1.3.dfsg-3.1ubuntu2.2).
compare	Install build dependencies	2026-10-07T13:58:58.6054288Z The following NEW packages will be installed:
compare	Install build dependencies	2026-10-07T13:58:58.6058668Z   build-essential
compare	Install build dependencies	2026-10-07T13:58:58.6193836Z 0 upgraded, 1 newly installed, 0 to remove and 10 not upgraded.
compare	Install build dependencies	2026-10-07T13:58:58.6194374Z Need to get 4928 B of archives.
compare	Install build dependencies	2026-10-07T13:58:58.6194777Z After this operation, 17.4 kB of additional disk space will be used.
compare	Install build dependencies	2026-10-07T13:58:58.6195167Z Get:1 file:/etc/apt/apt-mirrors.txt Mirrorlist [144 B]
compare	Install build dependencies	2026-10-07T13:58:58.6858404Z Get:2 http://azure.archive.ubuntu.com/ubuntu noble/main amd64 build-essential amd64 12.10ubuntu1 [4928 B]
compare	Install build dependencies	2026-10-07T13:58:58.8866957Z Fetched 4928 B in 0s (66.9 kB/s)
compare	Install build dependencies	2026-10-07T13:58:58.9040674Z Selecting previously unselected package build-essential.
compare	Install build dependencies	2026-10-07T13:58:58.9226304Z (Reading database ... 
compare	Install build dependencies	2026-10-07T13:58:58.9226647Z (Reading database ... 5%
compare	Install build dependencies	2026-10-07T13:58:58.9226952Z (Reading database ... 10%
compare	Install build dependencies	2026-10-07T13:58:58.9227242Z (Reading database ... 15%
compare	Install build dependencies	2026-10-07T13:58:58.9227522Z (Reading database ... 20%
compare	Install build dependencies	2026-10-07T13:58:58.9227777Z (Reading database ... 25%
compare	Install build dependencies	2026-10-07T13:58:58.9228030Z (Reading database ... 30%
compare	Install build dependencies	2026-10-07T13:58:58.9228662Z (Reading database ... 35%
compare	Install build dependencies	2026-10-07T13:58:58.9228972Z (Reading database ... 40%
compare	Install build dependencies	2026-10-07T13:58:58.9229226Z (Reading database ... 45%
compare	Install build dependencies	2026-10-07T13:58:58.9229484Z (Reading database ... 50%
compare	Install build dependencies	2026-10-07T13:58:58.9269469Z (Reading database ... 55%
compare	Install build dependencies	2026-10-07T13:58:59.0443994Z (Reading database ... 60%
compare	Install build dependencies	2026-10-07T13:58:59.2508952Z (Reading database ... 65%
compare	Install build dependencies	2026-10-07T13:58:59.4423517Z (Reading database ... 70%
compare	Install build dependencies	2026-10-07T13:58:59.6437862Z (Reading database ... 75%
compare	Install build dependencies	2026-10-07T13:58:59.7888809Z (Reading database ... 80%
compare	Install build dependencies	2026-10-07T13:58:59.9273106Z (Reading database ... 85%
compare	Install build dependencies	2026-10-07T13:59:00.0723012Z (Reading database ... 90%
compare	Install build dependencies	2026-10-07T13:59:00.2120868Z (Reading database ... 95%
compare	Install build dependencies	2026-10-07T13:59:00.2121507Z (Reading database ... 100%
compare	Install build dependencies	2026-10-07T13:59:00.2122013Z (Reading database ... 203191 files and directories currently installed.)
compare	Install build dependencies	2026-10-07T13:59:00.2166147Z Preparing to unpack .../build-essential_12.10ubuntu1_amd64.deb ...
compare	Install build dependencies	2026-10-07T13:59:00.3599547Z Unpacking build-essential (12.10ubuntu1) ...
compare	Install build dependencies	2026-10-07T13:59:00.6323362Z Setting up build-essential (12.10ubuntu1) ...
compare	Install build dependencies	2026-10-07T13:59:01.2186243Z 
compare	Install build dependencies	2026-10-07T13:59:01.2187312Z Running kernel seems to be up-to-date.
compare	Install build dependencies	2026-10-07T13:59:01.2187585Z 
compare	Install build dependencies	2026-10-07T13:59:01.2187723Z No services need to be restarted.
compare	Install build dependencies	2026-10-07T13:59:01.2187930Z 
compare	Install build dependencies	2026-10-07T13:59:01.2188053Z No containers need to be restarted.
compare	Install build dependencies	2026-10-07T13:59:01.2188291Z 
compare	Install build dependencies	2026-10-07T13:59:01.2188428Z No user sessions are running outdated binaries.
compare	Install build dependencies	2026-10-07T13:59:01.2188619Z 
compare	Install build dependencies	2026-10-07T13:59:01.2188794Z No VM guests are running outdated hypervisor (qemu) binaries on this host.
compare	Build baseline and candidate	﻿2026-10-07T13:59:01.8873481Z ##[group]Run set -euo pipefail
compare	Build baseline and candidate	2026-10-07T13:59:01.8873862Z ^[[36;1mset -euo pipefail^[[0m
compare	Build baseline and candidate	2026-10-07T13:59:01.8874114Z ^[[36;1mmake -C baseline --jobs="$(nproc)"^[[0m
compare	Build baseline and candidate	2026-10-07T13:59:01.8874400Z ^[[36;1mmake -C candidate --jobs=1 LTO=1^[[0m
compare	Build baseline and candidate	2026-10-07T13:59:01.8906518Z shell: /usr/bin/bash --noprofile --norc -e -o pipefail {0}
compare	Build baseline and candidate	2026-10-07T13:59:01.8906908Z ##[endgroup]
compare	Build baseline and candidate	2026-10-07T13:59:01.8984379Z make: Entering directory '/home/runner/work/DistQLDPC/DistQLDPC/baseline'
compare	Build baseline and candidate	2026-10-07T13:59:01.8991701Z g++ -Isrc/solver -Wall -Wno-parentheses -O3 -g -D __STDC_LIMIT_MACROS -D __STDC_FORMAT_MACROS -DNDEBUG -c -o build/SimpSolver.o src/solver/SimpSolver.cc
compare	Build baseline and candidate	2026-10-07T13:59:01.8999689Z g++ -Isrc/solver -Wall -Wno-parentheses -O3 -g -D __STDC_LIMIT_MACROS -D __STDC_FORMAT_MACROS -DNDEBUG -c -o build/Solver.o src/solver/Solver.cc
compare	Build baseline and candidate	2026-10-07T13:59:01.9000981Z g++ -Isrc/solver -Wall -Wno-parentheses -O3 -g -D __STDC_LIMIT_MACROS -D __STDC_FORMAT_MACROS -DNDEBUG -c -o build/Options.o src/solver/utils/Options.cc
compare	Build baseline and candidate	2026-10-07T13:59:01.9005803Z g++ -Isrc/solver -Wall -Wno-parentheses -O3 -g -D __STDC_LIMIT_MACROS -D __STDC_FORMAT_MACROS -DNDEBUG -c -o build/System.o src/solver/utils/System.cc
compare	Build baseline and candidate	2026-10-07T13:59:02.3881002Z In file included from src/solver/utils/Options.cc:21:
compare	Build baseline and candidate	2026-10-07T13:59:02.3882187Z src/solver/utils/Options.h:285:29: warning: invalid suffix on literal; C++11 requires a space between literal and string macro [-Wliteral-suffix]
compare	Build baseline and candidate	2026-10-07T13:59:02.3883626Z   285 |             fprintf(stderr, "%4"PRIi64, range.begin);
compare	Build baseline and candidate	2026-10-07T13:59:02.3884196Z       |                             ^
compare	Build baseline and candidate	2026-10-07T13:59:02.3885615Z src/solver/utils/Options.h:291:29: warning: invalid suffix on literal; C++11 requires a space between literal and string macro [-Wliteral-suffix]
compare	Build baseline and candidate	2026-10-07T13:59:02.3886824Z   291 |             fprintf(stderr, "%4"PRIi64, range.end);
compare	Build baseline and candidate	2026-10-07T13:59:02.3887423Z       |                             ^
compare	Build baseline and candidate	2026-10-07T13:59:02.3888265Z src/solver/utils/Options.h:293:25: warning: invalid suffix on literal; C++11 requires a space between literal and string macro [-Wliteral-suffix]
compare	Build baseline and candidate	2026-10-07T13:59:02.3889144Z   293 |         fprintf(stderr, "] (default: %"PRIi64")\n", value);
compare	Build baseline and candidate	2026-10-07T13:59:02.3889663Z       |                         ^
compare	Build baseline and candidate	2026-10-07T13:59:02.3890076Z In file included from src/solver/Solver.h:53,
compare	Build baseline and candidate	2026-10-07T13:59:02.3890555Z                  from src/solver/SimpSolver.h:37,
compare	Build baseline and candidate	2026-10-07T13:59:02.3891026Z                  from src/solver/SimpSolver.cc:34:
compare	Build baseline and candidate	2026-10-07T13:59:02.3891924Z src/solver/utils/Options.h:285:29: warning: invalid suffix on literal; C++11 requires a space between literal and string macro [-Wliteral-suffix]
compare	Build baseline and candidate	2026-10-07T13:59:02.3893305Z   285 |             fprintf(stderr, "%4"PRIi64, range.begin);
compare	Build baseline and candidate	2026-10-07T13:59:02.3893737Z       |                             ^
compare	Build baseline and candidate	2026-10-07T13:59:02.3894480Z src/solver/utils/Options.h:291:29: warning: invalid suffix on literal; C++11 requires a space between literal and string macro [-Wliteral-suffix]
compare	Build baseline and candidate	2026-10-07T13:59:02.3895350Z   291 |             fprintf(stderr, "%4"PRIi64, range.end);
compare	Build baseline and candidate	2026-10-07T13:59:02.3895780Z       |                             ^
compare	Build baseline and candidate	2026-10-07T13:59:02.3896536Z src/solver/utils/Options.h:293:25: warning: invalid suffix on literal; C++11 requires a space between literal and string macro [-Wliteral-suffix]
compare	Build baseline and candidate	2026-10-07T13:59:02.3897331Z   293 |         fprintf(stderr, "] (default: %"PRIi64")\n", value);
compare	Build baseline and candidate	2026-10-07T13:59:02.3897783Z       |                         ^
compare	Build baseline and candidate	2026-10-07T13:59:02.3951213Z In file included from src/solver/Solver.h:53,
compare	Build baseline and candidate	2026-10-07T13:59:02.3951967Z                  from src/solver/Solver.cc:107:
compare	Build baseline and candidate	2026-10-07T13:59:02.3952916Z src/solver/utils/Options.h:285:29: warning: invalid suffix on literal; C++11 requires a space between literal and string macro [-Wliteral-suffix]
compare	Build baseline and candidate	2026-10-07T13:59:02.3953568Z   285 |             fprintf(stderr, "%4"PRIi64, range.begin);
compare	Build baseline and candidate	2026-10-07T13:59:02.3953918Z       |                             ^
compare	Build baseline and candidate	2026-10-07T13:59:02.3954448Z src/solver/utils/Options.h:291:29: warning: invalid suffix on literal; C++11 requires a space between literal and string macro [-Wliteral-suffix]
compare	Build baseline and candidate	2026-10-07T13:59:02.3955244Z   291 |             fprintf(stderr, "%4"PRIi64, range.end);
compare	Build baseline and candidate	2026-10-07T13:59:02.3955589Z       |                             ^
compare	Build baseline and candidate	2026-10-07T13:59:02.3956086Z src/solver/utils/Options.h:293:25: warning: invalid suffix on literal; C++11 requires a space between literal and string macro [-Wliteral-suffix]
compare	Build baseline and candidate	2026-10-07T13:59:02.3956671Z   293 |         fprintf(stderr, "] (default: %"PRIi64")\n", value);
compare	Build baseline and candidate	2026-10-07T13:59:02.3957016Z       |                         ^
compare	Build baseline and candidate	2026-10-07T13:59:02.5140057Z src/solver/Solver.h: In constructor ‘Minisat::Solver::Solver()’:
compare	Build baseline and candidate	2026-10-07T13:59:02.5141777Z src/solver/Solver.h:480:15: warning: ‘Minisat::Solver::my_var_decay’ will be initialized after [-Wreorder]
compare	Build baseline and candidate	2026-10-07T13:59:02.5143161Z   480 |     double    my_var_decay;
compare	Build baseline and candidate	2026-10-07T13:59:02.5143714Z       |               ^~~~~~~~~~~~
compare	Build baseline and candidate	2026-10-07T13:59:02.5144873Z src/solver/Solver.h:293:42: warning:   ‘Minisat::Heap<Minisat::Solver::VarOrderLt> Minisat::Solver::order_heap_distance’ [-Wreorder]
compare	Build baseline and candidate	2026-10-07T13:59:02.5145835Z   293 |                         order_heap_VSIDS,order_heap_distance;
compare	Build baseline and candidate	2026-10-07T13:59:02.5146499Z       |                                          ^~~~~~~~~~~~~~~~~~~
compare	Build baseline and candidate	2026-10-07T13:59:02.5147176Z src/solver/Solver.cc:143:1: warning:   when initialized here [-Wreorder]
compare	Build baseline and candidate	2026-10-07T13:59:02.5147838Z   143 | Solver::Solver() :
compare	Build baseline and candidate	2026-10-07T13:59:02.5148300Z       | ^~~~~~
compare	Build baseline and candidate	2026-10-07T13:59:02.5149188Z src/solver/Solver.h:514:14: warning: ‘Minisat::Solver::lastOptimalCost’ will be initialized after [-Wreorder]
compare	Build baseline and candidate	2026-10-07T13:59:02.5150022Z   514 |     uint64_t lastOptimalCost;
compare	Build baseline and candidate	2026-10-07T13:59:02.5150705Z       |              ^~~~~~~~~~~~~~~
compare	Build baseline and candidate	2026-10-07T13:59:02.5151565Z src/solver/Solver.h:513:40: warning:   ‘uint64_t Minisat::Solver::totalWeight’ [-Wreorder]
compare	Build baseline and candidate	2026-10-07T13:59:02.5152334Z   513 |     uint64_t hardWeight, solutionCost, totalWeight, UB;
compare	Build baseline and candidate	2026-10-07T13:59:02.5153225Z       |                                        ^~~~~~~~~~~
compare	Build baseline and candidate	2026-10-07T13:59:02.5153995Z src/solver/Solver.cc:143:1: warning:   when initialized here [-Wreorder]
compare	Build baseline and candidate	2026-10-07T13:59:02.5154642Z   143 | Solver::Solver() :
compare	Build baseline and candidate	2026-10-07T13:59:02.5155158Z       | ^~~~~~
compare	Build baseline and candidate	2026-10-07T13:59:02.5156057Z src/solver/Solver.h:707:25: warning: ‘Minisat::Solver::orderHeapAuxi’ will be initialized after [-Wreorder]
compare	Build baseline and candidate	2026-10-07T13:59:02.5156892Z   707 |     Heap<VarOrderGt>    orderHeapAuxi;
compare	Build baseline and candidate	2026-10-07T13:59:02.5157470Z       |                         ^~~~~~~~~~~~~
compare	Build baseline and candidate	2026-10-07T13:59:02.5158334Z src/solver/Solver.h:619:25: warning:   ‘int Minisat::Solver::tier2_lbd_cut’ [-Wreorder]
compare	Build baseline and candidate	2026-10-07T13:59:02.5159366Z   619 |     int                 tier2_lbd_cut;
compare	Build baseline and candidate	2026-10-07T13:59:02.5159888Z       |                         ^~~~~~~~~~~~~
compare	Build baseline and candidate	2026-10-07T13:59:02.5160601Z src/solver/Solver.cc:143:1: warning:   when initialized here [-Wreorder]
compare	Build baseline and candidate	2026-10-07T13:59:02.5161241Z   143 | Solver::Solver() :
compare	Build baseline and candidate	2026-10-07T13:59:02.5161713Z       | ^~~~~~
compare	Build baseline and candidate	2026-10-07T13:59:02.5162627Z src/solver/Solver.h:663:9: warning: ‘Minisat::Solver::cardinalityEncMode’ will be initialized after [-Wreorder]
compare	Build baseline and candidate	2026-10-07T13:59:02.5163676Z   663 |     int cardinalityEncMode;
compare	Build baseline and candidate	2026-10-07T13:59:02.5164230Z       |         ^~~~~~~~~~~~~~~~~~
compare	Build baseline and candidate	2026-10-07T13:59:02.5165336Z src/solver/Solver.h:644:14: warning:   ‘uint64_t Minisat::Solver::quasiSoftConflicts’ [-Wreorder]
compare	Build baseline and candidate	2026-10-07T13:59:02.5166098Z   644 |     uint64_t quasiSoftConflicts;
compare	Build baseline and candidate	2026-10-07T13:59:02.5166632Z       |              ^~~~~~~~~~~~~~~~~~
compare	Build baseline and candidate	2026-10-07T13:59:02.5167240Z src/solver/Solver.cc:143:1: warning:   when initialized here [-Wreorder]
compare	Build baseline and candidate	2026-10-07T13:59:02.5167933Z   143 | Solver::Solver() :
compare	Build baseline and candidate	2026-10-07T13:59:02.5168415Z       | ^~~~~~
compare	Build baseline and candidate	2026-10-07T13:59:02.5169232Z src/solver/Solver.h:696:14: warning: ‘Minisat::Solver::nbFixedByLH’ will be initialized after [-Wreorder]
compare	Build baseline and candidate	2026-10-07T13:59:02.5170081Z   696 |     uint64_t nbFixedByLH;
compare	Build baseline and candidate	2026-10-07T13:59:02.5170573Z       |              ^~~~~~~~~~~
compare	Build baseline and candidate	2026-10-07T13:59:02.5171421Z src/solver/Solver.h:562:10: warning:   ‘bool Minisat::Solver::bestSolutionFound’ [-Wreorder]
compare	Build baseline and candidate	2026-10-07T13:59:02.5172448Z   562 |     bool bestSolutionFound;
compare	Build baseline and candidate	2026-10-07T13:59:02.5173122Z       |          ^~~~~~~~~~~~~~~~~
compare	Build baseline and candidate	2026-10-07T13:59:02.5173777Z src/solver/Solver.cc:143:1: warning:   when initialized here [-Wreorder]
compare	Build baseline and candidate	2026-10-07T13:59:02.5174479Z   143 | Solver::Solver() :
compare	Build baseline and candidate	2026-10-07T13:59:02.5174960Z       | ^~~~~~
compare	Build baseline and candidate	2026-10-07T13:59:02.5175818Z src/solver/Solver.h:564:9: warning: ‘Minisat::Solver::nbSatLitsAtStart’ will be initialized after [-Wreorder]
compare	Build baseline and candidate	2026-10-07T13:59:02.5176738Z   564 |     int nbSatLitsAtStart;
compare	Build baseline and candidate	2026-10-07T13:59:02.5177274Z       |         ^~~~~~~~~~~~~~~~
compare	Build baseline and candidate	2026-10-07T13:59:02.5178060Z src/solver/Solver.h:560:9: warning:   ‘int Minisat::Solver::bounds_pipe_w’ [-Wreorder]
compare	Build baseline and candidate	2026-10-07T13:59:02.5178849Z   560 |     int bounds_pipe_w;
compare	Build baseline and candidate	2026-10-07T13:59:02.5179332Z       |         ^~~~~~~~~~~~~
compare	Build baseline and candidate	2026-10-07T13:59:02.5179916Z src/solver/Solver.cc:143:1: warning:   when initialized here [-Wreorder]
compare	Build baseline and candidate	2026-10-07T13:59:02.5180573Z   143 | Solver::Solver() :
compare	Build baseline and candidate	2026-10-07T13:59:02.5181074Z       | ^~~~~~
compare	Build baseline and candidate	2026-10-07T13:59:02.5181886Z src/solver/Solver.cc: In member function ‘Minisat::CRef Minisat::Solver::simplePropagate()’:
compare	Build baseline and candidate	2026-10-07T13:59:02.5183401Z src/solver/Solver.cc:316:27: warning: comparison of integer expressions of different signedness: ‘unsigned int’ and ‘int’ [-Wsign-compare]
compare	Build baseline and candidate	2026-10-07T13:59:02.5184384Z   316 |         if (c.lastPoint() > c.size())
compare	Build baseline and candidate	2026-10-07T13:59:02.5184962Z       |             ~~~~~~~~~~~~~~^~~~~~~~~~
compare	Build baseline and candidate	2026-10-07T13:59:02.5186028Z src/solver/Solver.cc:335:27: warning: comparison of integer expressions of different signedness: ‘int’ and ‘unsigned int’ [-Wsign-compare]
compare	Build baseline and candidate	2026-10-07T13:59:02.5187051Z   335 |         for (int k = 2; k < c.lastPoint(); k++) {
compare	Build baseline and candidate	2026-10-07T13:59:02.5187619Z       |                         ~~^~~~~~~~~~~~~~~
compare	Build baseline and candidate	2026-10-07T13:59:02.5188805Z src/solver/Solver.cc:381:63: warning: comparison of integer expressions of different signedness: ‘int’ and ‘uint64_t’ {aka ‘long unsigned int’} [-Wsign-compare]
compare	Build baseline and candidate	2026-10-07T13:59:02.5189940Z   381 |     if (confl == CRef_Undef && falseLits.size() + rootNbIsets >= UB)
compare	Build baseline and candidate	2026-10-07T13:59:02.5190962Z       |                                ~~~~~~~~~~~~~~~~~~~~~~~~~~~~~~~^~~~~
compare	Build baseline and candidate	2026-10-07T13:59:02.5239424Z src/solver/Solver.cc: In member function ‘bool Minisat::Solver::simplifyLearnt_core()’:
compare	Build baseline and candidate	2026-10-07T13:59:02.5240705Z src/solver/Solver.cc:787:34: warning: comparison of integer expressions of different signedness: ‘unsigned int’ and ‘int’ [-Wsign-compare]
compare	Build baseline and candidate	2026-10-07T13:59:02.5241721Z   787 |                     if (nblevels < c.lbd()){
compare	Build baseline and candidate	2026-10-07T13:59:02.5242304Z       |                         ~~~~~~~~~^~~~~~~~~
compare	Build baseline and candidate	2026-10-07T13:59:02.5243746Z src/solver/Solver.cc:721:9: warning: unused variable ‘learnts_core_size_before’ [-Wunused-variable]
compare	Build baseline and candidate	2026-10-07T13:59:02.5244561Z   721 |     int learnts_core_size_before = learnts_core.size();
compare	Build baseline and candidate	2026-10-07T13:59:02.5245149Z       |         ^~~~~~~~~~~~~~~~~~~~~~~~
compare	Build baseline and candidate	2026-10-07T13:59:02.5250329Z src/solver/Solver.cc: In member function ‘bool Minisat::Solver::simplifyLearnt_tier2()’:
compare	Build baseline and candidate	2026-10-07T13:59:02.5251546Z src/solver/Solver.cc:895:34: warning: comparison of integer expressions of different signedness: ‘unsigned int’ and ‘int’ [-Wsign-compare]
compare	Build baseline and candidate	2026-10-07T13:59:02.5252407Z   895 |                     if (nblevels < c.lbd()){
compare	Build baseline and candidate	2026-10-07T13:59:02.5253165Z       |                         ~~~~~~~~~^~~~~~~~~
compare	Build baseline and candidate	2026-10-07T13:59:02.5253977Z src/solver/Solver.cc:823:9: warning: unused variable ‘learnts_tier2_size_before’ [-Wunused-variable]
compare	Build baseline and candidate	2026-10-07T13:59:02.5254808Z   823 |     int learnts_tier2_size_before = learnts_tier2.size();
compare	Build baseline and candidate	2026-10-07T13:59:02.5255418Z       |         ^~~~~~~~~~~~~~~~~~~~~~~~~
compare	Build baseline and candidate	2026-10-07T13:59:02.5256241Z src/solver/Solver.cc:828:9: warning: variable ‘limit’ set but not used [-Wunused-but-set-variable]
compare	Build baseline and candidate	2026-10-07T13:59:02.5256971Z   828 |     int limit;
compare	Build baseline and candidate	2026-10-07T13:59:02.5257392Z       |         ^~~~~
compare	Build baseline and candidate	2026-10-07T13:59:02.5632307Z In file included from src/solver/mtl/Sort.h:24,
compare	Build baseline and candidate	2026-10-07T13:59:02.5632978Z                  from src/solver/SimpSolver.cc:33:
compare	Build baseline and candidate	2026-10-07T13:59:02.5634019Z src/solver/mtl/Vec.h: In instantiation of ‘void Minisat::vec<T>::capacity(int) [with T = Minisat::vec<unsigned int>]’:
compare	Build baseline and candidate	2026-10-07T13:59:02.5634688Z src/solver/mtl/Vec.h:115:13:   required from ‘void Minisat::vec<T>::growTo(int) [with T = Minisat::vec<unsigned int>]’
compare	Build baseline and candidate	2026-10-07T13:59:02.5635586Z src/solver/SolverTypes.h:339:50:   required from ‘void Minisat::OccLists<Idx, Vec, Deleted>::init(const Idx&) [with Idx = int; Vec = Minisat::vec<unsigned int>; Deleted = Minisat::SimpSolver::ClauseDeleted]’
compare	Build baseline and candidate	2026-10-07T13:59:02.5636198Z src/solver/SimpSolver.cc:98:24:   required from here
compare	Build baseline and candidate	2026-10-07T13:59:02.5636968Z src/solver/mtl/Vec.h:99:54: warning: ‘void* realloc(void*, size_t)’ moving an object of non-trivially copyable type ‘class Minisat::vec<unsigned int>’; use ‘new’ and ‘delete’ instead [-Wclass-memaccess]
compare	Build baseline and candidate	2026-10-07T13:59:02.5637698Z    99 |     if (add > INT_MAX - cap || ((data = (T*)::realloc(data, (cap += add) * sizeof(T))) == NULL) && errno == ENOMEM)
compare	Build baseline and candidate	2026-10-07T13:59:02.5638134Z       |                                             ~~~~~~~~~^~~~~~~~~~~~~~~~~~~~~~~~~~~~~~~~
compare	Build baseline and candidate	2026-10-07T13:59:02.5638626Z src/solver/mtl/Vec.h:38:7: note: ‘class Minisat::vec<unsigned int>’ declared here
compare	Build baseline and candidate	2026-10-07T13:59:02.5638959Z    38 | class vec {
compare	Build baseline and candidate	2026-10-07T13:59:02.5639558Z       |       ^~~
compare	Build baseline and candidate	2026-10-07T13:59:02.5867097Z src/solver/Solver.cc: In member function ‘bool Minisat::Solver::failedLiteralDetection()’:
compare	Build baseline and candidate	2026-10-07T13:59:02.5868367Z src/solver/Solver.cc:1038:100: warning: format ‘%llu’ expects argument of type ‘long long unsigned int’, but argument 7 has type ‘uint64_t’ {aka ‘long unsigned int’} [-Wformat=]
compare	Build baseline and candidate	2026-10-07T13:59:02.5869363Z  1038 |   printf("c nbFailedLits %d, nbI %d, fixedVarsByFL %d, totalFixedVars %d, nbTested: %d, counter %llu\n",
compare	Build baseline and candidate	2026-10-07T13:59:02.5870041Z       |                                                                                                 ~~~^
compare	Build baseline and candidate	2026-10-07T13:59:02.5870487Z       |                                                                                                    |
compare	Build baseline and candidate	2026-10-07T13:59:02.5870999Z       |                                                                                                    long long unsigned int
compare	Build baseline and candidate	2026-10-07T13:59:02.5871545Z       |                                                                                                 %lu
compare	Build baseline and candidate	2026-10-07T13:59:02.5872073Z  1039 |          nbFailedLits, nbI, trail.size()-initTrail, trail.size(), nbTested, counter);
compare	Build baseline and candidate	2026-10-07T13:59:02.5872664Z       |                                                                             ~~~~~~~                 
compare	Build baseline and candidate	2026-10-07T13:59:02.5873338Z       |                                                                             |
compare	Build baseline and candidate	2026-10-07T13:59:02.5874094Z       |                                                                             uint64_t {aka long unsigned int}
compare	Build baseline and candidate	2026-10-07T13:59:02.5874989Z src/solver/Solver.cc: In member function ‘bool Minisat::Solver::simplifyOriginalClauses()’:
compare	Build baseline and candidate	2026-10-07T13:59:02.5876044Z src/solver/Solver.cc:1179:40: warning: format ‘%llu’ expects argument of type ‘long long unsigned int’, but argument 2 has type ‘uint64_t’ {aka ‘long unsigned int’} [-Wformat=]
compare	Build baseline and candidate	2026-10-07T13:59:02.5876928Z  1179 |     printf("c total nb of literals: %llu\n", clauses_literals);
compare	Build baseline and candidate	2026-10-07T13:59:02.5877490Z       |                                     ~~~^     ~~~~~~~~~~~~~~~~
compare	Build baseline and candidate	2026-10-07T13:59:02.5877892Z       |                                        |     |
compare	Build baseline and candidate	2026-10-07T13:59:02.5878352Z       |                                        |     uint64_t {aka long unsigned int}
compare	Build baseline and candidate	2026-10-07T13:59:02.5878812Z       |                                        long long unsigned int
compare	Build baseline and candidate	2026-10-07T13:59:02.5879247Z       |                                     %lu
compare	Build baseline and candidate	2026-10-07T13:59:02.5879933Z src/solver/Solver.cc:1173:25: warning: unused variable ‘nbOriginalClauses_before’ [-Wunused-variable]
compare	Build baseline and candidate	2026-10-07T13:59:02.5880560Z  1173 |     int last_shorten=0, nbOriginalClauses_before = clauses.size();
compare	Build baseline and candidate	2026-10-07T13:59:02.5881066Z       |                         ^~~~~~~~~~~~~~~~~~~~~~~~
compare	Build baseline and candidate	2026-10-07T13:59:02.5881857Z src/solver/Solver.cc:1185:17: warning: unused variable ‘begin_simp_time’ [-Wunused-variable]
compare	Build baseline and candidate	2026-10-07T13:59:02.5882420Z  1185 |     double      begin_simp_time = cpuTime();
compare	Build baseline and candidate	2026-10-07T13:59:02.5882988Z       |                 ^~~~~~~~~~~~~~~
compare	Build baseline and candidate	2026-10-07T13:59:02.5883625Z src/solver/Solver.cc:1250:12: warning: variable ‘avg’ set but not used [-Wunused-but-set-variable]
compare	Build baseline and candidate	2026-10-07T13:59:02.5884179Z  1250 |     double avg;
compare	Build baseline and candidate	2026-10-07T13:59:02.5884470Z       |            ^~~
compare	Build baseline and candidate	2026-10-07T13:59:02.5933013Z src/solver/Solver.cc: In member function ‘Minisat::CRef Minisat::Solver::propagate()’:
compare	Build baseline and candidate	2026-10-07T13:59:02.5934132Z src/solver/Solver.cc:2005:31: warning: comparison of integer expressions of different signedness: ‘unsigned int’ and ‘int’ [-Wsign-compare]
compare	Build baseline and candidate	2026-10-07T13:59:02.5934902Z  2005 |             if (c.lastPoint() > c.size())
compare	Build baseline and candidate	2026-10-07T13:59:02.5935343Z       |                 ~~~~~~~~~~~~~~^~~~~~~~~~
compare	Build baseline and candidate	2026-10-07T13:59:02.5936099Z src/solver/Solver.cc:2024:31: warning: comparison of integer expressions of different signedness: ‘int’ and ‘unsigned int’ [-Wsign-compare]
compare	Build baseline and candidate	2026-10-07T13:59:02.5936826Z  2024 |             for (int k = 2; k < c.lastPoint(); k++) {
compare	Build baseline and candidate	2026-10-07T13:59:02.5937214Z       |                             ~~^~~~~~~~~~~~~~~
compare	Build baseline and candidate	2026-10-07T13:59:02.5938380Z src/solver/Solver.cc:2076:49: warning: comparison of integer expressions of different signedness: ‘int’ and ‘uint64_t’ {aka ‘long unsigned int’} [-Wsign-compare]
compare	Build baseline and candidate	2026-10-07T13:59:02.5939230Z  2076 |     if (confl == CRef_Undef && falseLits.size() >= UB)
compare	Build baseline and candidate	2026-10-07T13:59:02.5939654Z       |                                ~~~~~~~~~~~~~~~~~^~~~~
compare	Build baseline and candidate	2026-10-07T13:59:02.5940318Z src/solver/Solver.cc:2072:1: warning: label ‘ExitProp’ defined but not used [-Wunused-label]
compare	Build baseline and candidate	2026-10-07T13:59:02.5940881Z  2072 | ExitProp:;
compare	Build baseline and candidate	2026-10-07T13:59:02.5941150Z       | ^~~~~~~~
compare	Build baseline and candidate	2026-10-07T13:59:02.5950812Z src/solver/Solver.cc: In member function ‘void Minisat::Solver::getAllUIP(Minisat::vec<Minisat::Lit>&, int&, int&)’:
compare	Build baseline and candidate	2026-10-07T13:59:02.5951943Z src/solver/Solver.cc:2177:9: warning: variable ‘myLevel’ set but not used [-Wunused-but-set-variable]
compare	Build baseline and candidate	2026-10-07T13:59:02.5952772Z  2177 |     int myLevel = decisionLevel() +1;
compare	Build baseline and candidate	2026-10-07T13:59:02.5953512Z       |         ^~~~~~~
compare	Build baseline and candidate	2026-10-07T13:59:02.5954894Z src/solver/Solver.cc: In member function ‘void Minisat::Solver::analyzeSoftConflict(Minisat::vec<Minisat::Lit>&, int&, int&)’:
compare	Build baseline and candidate	2026-10-07T13:59:02.5956359Z src/solver/Solver.cc:2196:26: warning: comparison of integer expressions of different signedness: ‘int’ and ‘uint64_t’ {aka ‘long unsigned int’} [-Wsign-compare]
compare	Build baseline and candidate	2026-10-07T13:59:02.5957485Z  2196 |     if (falseLits.size() >= UB)
compare	Build baseline and candidate	2026-10-07T13:59:02.5958050Z       |         ~~~~~~~~~~~~~~~~~^~~~~
compare	Build baseline and candidate	2026-10-07T13:59:02.5959040Z src/solver/Solver.cc:2206:26: warning: comparison of integer expressions of different signedness: ‘int’ and ‘uint64_t’ {aka ‘long unsigned int’} [-Wsign-compare]
compare	Build baseline and candidate	2026-10-07T13:59:02.5959960Z  2206 |     if (falseLits.size() > UB) {
compare	Build baseline and candidate	2026-10-07T13:59:02.5960494Z       |         ~~~~~~~~~~~~~~~~~^~~~
compare	Build baseline and candidate	2026-10-07T13:59:02.5992181Z src/solver/Solver.cc: In member function ‘bool Minisat::Solver::simplifyLearnt_local()’:
compare	Build baseline and candidate	2026-10-07T13:59:02.5993715Z src/solver/Solver.cc:2631:34: warning: comparison of integer expressions of different signedness: ‘unsigned int’ and ‘int’ [-Wsign-compare]
compare	Build baseline and candidate	2026-10-07T13:59:02.5994678Z  2631 |                     if (nblevels < c.lbd()){
compare	Build baseline and candidate	2026-10-07T13:59:02.5995208Z       |                         ~~~~~~~~~^~~~~~~~~
compare	Build baseline and candidate	2026-10-07T13:59:02.5996082Z src/solver/Solver.cc:2559:7: warning: unused variable ‘learnts_local_size_before’ [-Wunused-variable]
compare	Build baseline and candidate	2026-10-07T13:59:02.5996938Z  2559 |   int learnts_local_size_before = learnts_local.size();
compare	Build baseline and candidate	2026-10-07T13:59:02.5997511Z       |       ^~~~~~~~~~~~~~~~~~~~~~~~~
compare	Build baseline and candidate	2026-10-07T13:59:02.5998195Z src/solver/Solver.cc:2560:7: warning: unused variable ‘savedTrail’ [-Wunused-variable]
compare	Build baseline and candidate	2026-10-07T13:59:02.5998953Z  2560 |   int savedTrail = trail.size();
compare	Build baseline and candidate	2026-10-07T13:59:02.5999464Z       |       ^~~~~~~~~~
compare	Build baseline and candidate	2026-10-07T13:59:02.6006724Z src/solver/Solver.cc: In member function ‘void Minisat::Solver::reduceDB_core()’:
compare	Build baseline and candidate	2026-10-07T13:59:02.6007793Z src/solver/Solver.cc:2772:9: warning: unused variable ‘totalLocalSize’ [-Wunused-variable]
compare	Build baseline and candidate	2026-10-07T13:59:02.6008609Z  2772 |     int totalLocalSize=0, removedSize=0;
compare	Build baseline and candidate	2026-10-07T13:59:02.6010394Z       |         ^~~~~~~~~~~~~~
compare	Build baseline and candidate	2026-10-07T13:59:02.6011248Z src/solver/Solver.cc:2772:27: warning: unused variable ‘removedSize’ [-Wunused-variable]
compare	Build baseline and candidate	2026-10-07T13:59:02.6011944Z  2772 |     int totalLocalSize=0, removedSize=0;
compare	Build baseline and candidate	2026-10-07T13:59:02.6012468Z       |                           ^~~~~~~~~~~
compare	Build baseline and candidate	2026-10-07T13:59:02.6028691Z src/solver/Solver.cc: In member function ‘Minisat::CRef Minisat::Solver::lPropagate()’:
compare	Build baseline and candidate	2026-10-07T13:59:02.6029926Z src/solver/Solver.cc:3022:20: warning: comparison of integer expressions of different signedness: ‘uint64_t’ {aka ‘long unsigned int’} and ‘int’ [-Wsign-compare]
compare	Build baseline and candidate	2026-10-07T13:59:02.6031065Z  3022 |   if (UB > 1 && UB == falseLits.size() + 1 && decisionLevel() < hardenLevel) {
compare	Build baseline and candidate	2026-10-07T13:59:02.6031686Z       |                 ~~~^~~~~~~~~~~~~~~~~~~~~~~
compare	Build baseline and candidate	2026-10-07T13:59:02.6046788Z src/solver/Solver.cc: In member function ‘void Minisat::Solver::identifyClausesToSplit(Minisat::vec<unsigned int>&)’:
compare	Build baseline and candidate	2026-10-07T13:59:02.6048109Z src/solver/Solver.cc:3170:46: warning: comparison of integer expressions of different signedness: ‘int’ and ‘uint64_t’ {aka ‘long unsigned int’} [-Wsign-compare]
compare	Build baseline and candidate	2026-10-07T13:59:02.6048992Z  3170 |     for(j=i+1; j<cs.size() && 2*nbCommunLits >= UB; j++) {
compare	Build baseline and candidate	2026-10-07T13:59:02.6049516Z       |                               ~~~~~~~~~~~~~~~^~~~~
compare	Build baseline and candidate	2026-10-07T13:59:02.6084049Z src/solver/Solver.cc: In member function ‘Minisat::lbool Minisat::Solver::search(int&)’:
compare	Build baseline and candidate	2026-10-07T13:59:02.6085364Z src/solver/Solver.cc:3821:31: warning: format ‘%llu’ expects argument of type ‘long long unsigned int’, but argument 2 has type ‘uint64_t’ {aka ‘long unsigned int’} [-Wformat=]
compare	Build baseline and candidate	2026-10-07T13:59:02.6086639Z  3821 |               printf("c UB=%llu succs, confls=%llu, hconfls=%llu, core %d, tier2 %d, local %d,  %d soft cls unsat (%d at L0), %d fixed vars at L0, softCnfl %d, nbFlyRd %d, nbFixedLH %llu\n",
compare	Build baseline and candidate	2026-10-07T13:59:02.6087443Z       |                            ~~~^
compare	Build baseline and candidate	2026-10-07T13:59:02.6087832Z       |                               |
compare	Build baseline and candidate	2026-10-07T13:59:02.6088256Z       |                               long long unsigned int
compare	Build baseline and candidate	2026-10-07T13:59:02.6088615Z       |                            %lu
compare	Build baseline and candidate	2026-10-07T13:59:02.6089204Z  3822 |                      UB, conflicts, conflicts-softConflicts, learnts_core.size(), learnts_tier2.size(), learnts_local.size(),
compare	Build baseline and candidate	2026-10-07T13:59:02.6090046Z       |                      ~~        
compare	Build baseline and candidate	2026-10-07T13:59:02.6090480Z       |                      |
compare	Build baseline and candidate	2026-10-07T13:59:02.6090840Z       |                      uint64_t {aka long unsigned int}
compare	Build baseline and candidate	2026-10-07T13:59:02.6091851Z src/solver/Solver.cc:3821:50: warning: format ‘%llu’ expects argument of type ‘long long unsigned int’, but argument 3 has type ‘uint64_t’ {aka ‘long unsigned int’} [-Wformat=]
compare	Build baseline and candidate	2026-10-07T13:59:02.6093321Z  3821 |               printf("c UB=%llu succs, confls=%llu, hconfls=%llu, core %d, tier2 %d, local %d,  %d soft cls unsat (%d at L0), %d fixed vars at L0, softCnfl %d, nbFlyRd %d, nbFixedLH %llu\n",
compare	Build baseline and candidate	2026-10-07T13:59:02.6094125Z       |                                               ~~~^
compare	Build baseline and candidate	2026-10-07T13:59:02.6094495Z       |                                                  |
compare	Build baseline and candidate	2026-10-07T13:59:02.6094947Z       |                                                  long long unsigned int
compare	Build baseline and candidate	2026-10-07T13:59:02.6095408Z       |                                               %lu
compare	Build baseline and candidate	2026-10-07T13:59:02.6096049Z  3822 |                      UB, conflicts, conflicts-softConflicts, learnts_core.size(), learnts_tier2.size(), learnts_local.size(),
compare	Build baseline and candidate	2026-10-07T13:59:02.6096687Z       |                          ~~~~~~~~~                
compare	Build baseline and candidate	2026-10-07T13:59:02.6097037Z       |                          |
compare	Build baseline and candidate	2026-10-07T13:59:02.6097490Z       |                          uint64_t {aka long unsigned int}
compare	Build baseline and candidate	2026-10-07T13:59:02.6098668Z src/solver/Solver.cc:3821:64: warning: format ‘%llu’ expects argument of type ‘long long unsigned int’, but argument 4 has type ‘uint64_t’ {aka ‘long unsigned int’} [-Wformat=]
compare	Build baseline and candidate	2026-10-07T13:59:02.6099952Z  3821 |               printf("c UB=%llu succs, confls=%llu, hconfls=%llu, core %d, tier2 %d, local %d,  %d soft cls unsat (%d at L0), %d fixed vars at L0, softCnfl %d, nbFlyRd %d, nbFixedLH %llu\n",
compare	Build baseline and candidate	2026-10-07T13:59:02.6100731Z       |                                                             ~~~^
compare	Build baseline and candidate	2026-10-07T13:59:02.6101133Z       |                                                                |
compare	Build baseline and candidate	2026-10-07T13:59:02.6101628Z       |                                                                long long unsigned int
compare	Build baseline and candidate	2026-10-07T13:59:02.6102075Z       |                                                             %lu
compare	Build baseline and candidate	2026-10-07T13:59:02.6102737Z  3822 |                      UB, conflicts, conflicts-softConflicts, learnts_core.size(), learnts_tier2.size(), learnts_local.size(),
compare	Build baseline and candidate	2026-10-07T13:59:02.6103715Z       |                                     ~~~~~~~~~~~~~~~~~~~~~~~     
compare	Build baseline and candidate	2026-10-07T13:59:02.6104126Z       |                                              |
compare	Build baseline and candidate	2026-10-07T13:59:02.6104569Z       |                                              uint64_t {aka long unsigned int}
compare	Build baseline and candidate	2026-10-07T13:59:02.6105591Z src/solver/Solver.cc:3821:186: warning: format ‘%llu’ expects argument of type ‘long long unsigned int’, but argument 13 has type ‘uint64_t’ {aka ‘long unsigned int’} [-Wformat=]
compare	Build baseline and candidate	2026-10-07T13:59:02.6106790Z  3821 |               printf("c UB=%llu succs, confls=%llu, hconfls=%llu, core %d, tier2 %d, local %d,  %d soft cls unsat (%d at L0), %d fixed vars at L0, softCnfl %d, nbFlyRd %d, nbFixedLH %llu\n",
compare	Build baseline and candidate	2026-10-07T13:59:02.6107737Z       |                                                                                                                                                                                       ~~~^
compare	Build baseline and candidate	2026-10-07T13:59:02.6108452Z       |                                                                                                                                                                                          |
compare	Build baseline and candidate	2026-10-07T13:59:02.6109167Z       |                                                                                                                                                                                          long long unsigned int
compare	Build baseline and candidate	2026-10-07T13:59:02.6109852Z       |                                                                                                                                                                                       %lu
compare	Build baseline and candidate	2026-10-07T13:59:02.6110844Z  3822 |                      UB, conflicts, conflicts-softConflicts, learnts_core.size(), learnts_tier2.size(), learnts_local.size(),
compare	Build baseline and candidate	2026-10-07T13:59:02.6111637Z  3823 |                      falseLits.size(), nbFalses, nbFixeds, pureSoftConfl, nbFlyReduced, nbFixedByLH);
compare	Build baseline and candidate	2026-10-07T13:59:02.6112542Z       |                                                                                         ~~~~~~~~~~~                                                                                       
compare	Build baseline and candidate	2026-10-07T13:59:02.6113342Z       |                                                                                         |
compare	Build baseline and candidate	2026-10-07T13:59:02.6113893Z       |                                                                                         uint64_t {aka long unsigned int}
compare	Build baseline and candidate	2026-10-07T13:59:02.6115080Z src/solver/Solver.cc:3825:48: warning: format ‘%llu’ expects argument of type ‘long long unsigned int’, but argument 3 has type ‘uint64_t’ {aka ‘long unsigned int’} [-Wformat=]
compare	Build baseline and candidate	2026-10-07T13:59:02.6116361Z  3825 |               printf("c nbHardens %d (fixed %llu), shorten: %llu, prunedLB %4.2f, dev %4.2f, succRate %4.2f, nbSucc %llu, lk: %llu, shorten: %llu, quasiC: %llu (fixed: %llu)\n\n",
compare	Build baseline and candidate	2026-10-07T13:59:02.6117038Z       |                                             ~~~^
compare	Build baseline and candidate	2026-10-07T13:59:02.6117459Z       |                                                |
compare	Build baseline and candidate	2026-10-07T13:59:02.6118027Z       |                                                long long unsigned int
compare	Build baseline and candidate	2026-10-07T13:59:02.6118411Z       |                                             %lu
compare	Build baseline and candidate	2026-10-07T13:59:02.6119306Z  3826 |                      nbHardens, fixedByHardens, nbSavedLits, meanLB, dev, succRate, nbLKsuccess-savednbLKsuccess, LOOKAHEAD-savedLOOKAHEAD, nbSavedLits, quasiSoftConflicts, fixedByQuasiConfl);
compare	Build baseline and candidate	2026-10-07T13:59:02.6120209Z       |                                 ~~~~~~~~~~~~~~  
compare	Build baseline and candidate	2026-10-07T13:59:02.6120611Z       |                                 |
compare	Build baseline and candidate	2026-10-07T13:59:02.6121012Z       |                                 uint64_t {aka long unsigned int}
compare	Build baseline and candidate	2026-10-07T13:59:02.6122032Z src/solver/Solver.cc:3825:64: warning: format ‘%llu’ expects argument of type ‘long long unsigned int’, but argument 4 has type ‘uint64_t’ {aka ‘long unsigned int’} [-Wformat=]
compare	Build baseline and candidate	2026-10-07T13:59:02.6123463Z  3825 |               printf("c nbHardens %d (fixed %llu), shorten: %llu, prunedLB %4.2f, dev %4.2f, succRate %4.2f, nbSucc %llu, lk: %llu, shorten: %llu, quasiC: %llu (fixed: %llu)\n\n",
compare	Build baseline and candidate	2026-10-07T13:59:02.6124253Z       |                                                             ~~~^
compare	Build baseline and candidate	2026-10-07T13:59:02.6124703Z       |                                                                |
compare	Build baseline and candidate	2026-10-07T13:59:02.6125200Z       |                                                                long long unsigned int
compare	Build baseline and candidate	2026-10-07T13:59:02.6125644Z       |                                                             %lu
compare	Build baseline and candidate	2026-10-07T13:59:02.6126569Z  3826 |                      nbHardens, fixedByHardens, nbSavedLits, meanLB, dev, succRate, nbLKsuccess-savednbLKsuccess, LOOKAHEAD-savedLOOKAHEAD, nbSavedLits, quasiSoftConflicts, fixedByQuasiConfl);
compare	Build baseline and candidate	2026-10-07T13:59:02.6127577Z       |                                                 ~~~~~~~~~~~     
compare	Build baseline and candidate	2026-10-07T13:59:02.6128142Z       |                                                 |
compare	Build baseline and candidate	2026-10-07T13:59:02.6128694Z       |                                                 uint64_t {aka long unsigned int}
compare	Build baseline and candidate	2026-10-07T13:59:02.6130066Z src/solver/Solver.cc:3825:120: warning: format ‘%llu’ expects argument of type ‘long long unsigned int’, but argument 8 has type ‘uint64_t’ {aka ‘long unsigned int’} [-Wformat=]
compare	Build baseline and candidate	2026-10-07T13:59:02.6131514Z  3825 |               printf("c nbHardens %d (fixed %llu), shorten: %llu, prunedLB %4.2f, dev %4.2f, succRate %4.2f, nbSucc %llu, lk: %llu, shorten: %llu, quasiC: %llu (fixed: %llu)\n\n",
compare	Build baseline and candidate	2026-10-07T13:59:02.6132478Z       |                                                                                                                     ~~~^
compare	Build baseline and candidate	2026-10-07T13:59:02.6133579Z       |                                                                                                                        |
compare	Build baseline and candidate	2026-10-07T13:59:02.6134308Z       |                                                                                                                        long long unsigned int
compare	Build baseline and candidate	2026-10-07T13:59:02.6135099Z       |                                                                                                                     %lu
compare	Build baseline and candidate	2026-10-07T13:59:02.6136434Z  3826 |                      nbHardens, fixedByHardens, nbSavedLits, meanLB, dev, succRate, nbLKsuccess-savednbLKsuccess, LOOKAHEAD-savedLOOKAHEAD, nbSavedLits, quasiSoftConflicts, fixedByQuasiConfl);
compare	Build baseline and candidate	2026-10-07T13:59:02.6137653Z       |                                                                                     ~~~~~~~~~~~~~~~~~~~~~~~~~~~~        
compare	Build baseline and candidate	2026-10-07T13:59:02.6138303Z       |                                                                                                |
compare	Build baseline and candidate	2026-10-07T13:59:02.6138889Z       |                                                                                                uint64_t {aka long unsigned int}
compare	Build baseline and candidate	2026-10-07T13:59:02.6140119Z src/solver/Solver.cc:3825:130: warning: format ‘%llu’ expects argument of type ‘long long unsigned int’, but argument 9 has type ‘uint64_t’ {aka ‘long unsigned int’} [-Wformat=]
compare	Build baseline and candidate	2026-10-07T13:59:02.6141350Z  3825 |               printf("c nbHardens %d (fixed %llu), shorten: %llu, prunedLB %4.2f, dev %4.2f, succRate %4.2f, nbSucc %llu, lk: %llu, shorten: %llu, quasiC: %llu (fixed: %llu)\n\n",
compare	Build baseline and candidate	2026-10-07T13:59:02.6142274Z       |                                                                                                                               ~~~^
compare	Build baseline and candidate	2026-10-07T13:59:02.6143061Z       |                                                                                                                                  |
compare	Build baseline and candidate	2026-10-07T13:59:02.6143652Z       |                                                                                                                                  long long unsigned int
compare	Build baseline and candidate	2026-10-07T13:59:02.6144210Z       |                                                                                                                               %lu
compare	Build baseline and candidate	2026-10-07T13:59:02.6145651Z  3826 |                      nbHardens, fixedByHardens, nbSavedLits, meanLB, dev, succRate, nbLKsuccess-savednbLKsuccess, LOOKAHEAD-savedLOOKAHEAD, nbSavedLits, quasiSoftConflicts, fixedByQuasiConfl);
compare	Build baseline and candidate	2026-10-07T13:59:02.6146611Z       |                                                                                                                   ~~~~~~~~~~~~~~~~~~~~~~~~
compare	Build baseline and candidate	2026-10-07T13:59:02.6147342Z       |                                                                                                                            |
compare	Build baseline and candidate	2026-10-07T13:59:02.6147929Z       |                                                                                                                            uint64_t {aka long unsigned int}
compare	Build baseline and candidate	2026-10-07T13:59:02.6149113Z src/solver/Solver.cc:3825:145: warning: format ‘%llu’ expects argument of type ‘long long unsigned int’, but argument 10 has type ‘uint64_t’ {aka ‘long unsigned int’} [-Wformat=]
compare	Build baseline and candidate	2026-10-07T13:59:02.6150426Z  3825 |               printf("c nbHardens %d (fixed %llu), shorten: %llu, prunedLB %4.2f, dev %4.2f, succRate %4.2f, nbSucc %llu, lk: %llu, shorten: %llu, quasiC: %llu (fixed: %llu)\n\n",
compare	Build baseline and candidate	2026-10-07T13:59:02.6151343Z       |                                                                                                                                              ~~~^
compare	Build baseline and candidate	2026-10-07T13:59:02.6151919Z       |                                                                                                                                                 |
compare	Build baseline and candidate	2026-10-07T13:59:02.6152534Z       |                                                                                                                                                 long long unsigned int
compare	Build baseline and candidate	2026-10-07T13:59:02.6153322Z       |                                                                                                                                              %lu
compare	Build baseline and candidate	2026-10-07T13:59:02.6154544Z  3826 |                      nbHardens, fixedByHardens, nbSavedLits, meanLB, dev, succRate, nbLKsuccess-savednbLKsuccess, LOOKAHEAD-savedLOOKAHEAD, nbSavedLits, quasiSoftConflicts, fixedByQuasiConfl);
compare	Build baseline and candidate	2026-10-07T13:59:02.6155591Z       |                                                                                                                                             ~~~~~~~~~~~
compare	Build baseline and candidate	2026-10-07T13:59:02.6156249Z       |                                                                                                                                             |
compare	Build baseline and candidate	2026-10-07T13:59:02.6156882Z       |                                                                                                                                             uint64_t {aka long unsigned int}
compare	Build baseline and candidate	2026-10-07T13:59:02.6158051Z src/solver/Solver.cc:3825:159: warning: format ‘%llu’ expects argument of type ‘long long unsigned int’, but argument 11 has type ‘uint64_t’ {aka ‘long unsigned int’} [-Wformat=]
compare	Build baseline and candidate	2026-10-07T13:59:02.6159393Z  3825 |               printf("c nbHardens %d (fixed %llu), shorten: %llu, prunedLB %4.2f, dev %4.2f, succRate %4.2f, nbSucc %llu, lk: %llu, shorten: %llu, quasiC: %llu (fixed: %llu)\n\n",
compare	Build baseline and candidate	2026-10-07T13:59:02.6160296Z       |                                                                                                                                                            ~~~^
compare	Build baseline and candidate	2026-10-07T13:59:02.6161080Z       |                                                                                                                                                               |
compare	Build baseline and candidate	2026-10-07T13:59:02.6161742Z       |                                                                                                                                                               long long unsigned int
compare	Build baseline and candidate	2026-10-07T13:59:02.6162467Z       |                                                                                                                                                            %lu
compare	Build baseline and candidate	2026-10-07T13:59:02.6163764Z  3826 |                      nbHardens, fixedByHardens, nbSavedLits, meanLB, dev, succRate, nbLKsuccess-savednbLKsuccess, LOOKAHEAD-savedLOOKAHEAD, nbSavedLits, quasiSoftConflicts, fixedByQuasiConfl);
compare	Build baseline and candidate	2026-10-07T13:59:02.6164834Z       |                                                                                                                                                          ~~~~~~~~~~~~~~~~~~
compare	Build baseline and candidate	2026-10-07T13:59:02.6165514Z       |                                                                                                                                                          |
compare	Build baseline and candidate	2026-10-07T13:59:02.6166175Z       |                                                                                                                                                          uint64_t {aka long unsigned int}
compare	Build baseline and candidate	2026-10-07T13:59:02.6167422Z src/solver/Solver.cc:3825:172: warning: format ‘%llu’ expects argument of type ‘long long unsigned int’, but argument 12 has type ‘uint64_t’ {aka ‘long unsigned int’} [-Wformat=]
compare	Build baseline and candidate	2026-10-07T13:59:02.6168691Z  3825 |               printf("c nbHardens %d (fixed %llu), shorten: %llu, prunedLB %4.2f, dev %4.2f, succRate %4.2f, nbSucc %llu, lk: %llu, shorten: %llu, quasiC: %llu (fixed: %llu)\n\n",
compare	Build baseline and candidate	2026-10-07T13:59:02.6169588Z       |                                                                                                                                                                         ~~~^
compare	Build baseline and candidate	2026-10-07T13:59:02.6170259Z       |                                                                                                                                                                            |
compare	Build baseline and candidate	2026-10-07T13:59:02.6170940Z       |                                                                                                                                                                            long long unsigned int
compare	Build baseline and candidate	2026-10-07T13:59:02.6171823Z       |                                                                                                                                                                         %lu
compare	Build baseline and candidate	2026-10-07T13:59:02.6173170Z  3826 |                      nbHardens, fixedByHardens, nbSavedLits, meanLB, dev, succRate, nbLKsuccess-savednbLKsuccess, LOOKAHEAD-savedLOOKAHEAD, nbSavedLits, quasiSoftConflicts, fixedByQuasiConfl);
compare	Build baseline and candidate	2026-10-07T13:59:02.6174227Z       |                                                                                                                                                                              ~~~~~~~~~~~~~~~~~
compare	Build baseline and candidate	2026-10-07T13:59:02.6174926Z       |                                                                                                                                                                              |
compare	Build baseline and candidate	2026-10-07T13:59:02.6175658Z       |                                                                                                                                                                              uint64_t {aka long unsigned int}
compare	Build baseline and candidate	2026-10-07T13:59:02.6176598Z src/solver/Solver.cc: In member function ‘Minisat::CRef Minisat::Solver::propagateForLK()’:
compare	Build baseline and candidate	2026-10-07T13:59:02.6177747Z src/solver/Solver.cc:3984:27: warning: comparison of integer expressions of different signedness: ‘unsigned int’ and ‘int’ [-Wsign-compare]
compare	Build baseline and candidate	2026-10-07T13:59:02.6178594Z  3984 |         if (c.lastPoint() > c.size())
compare	Build baseline and candidate	2026-10-07T13:59:02.6178999Z       |             ~~~~~~~~~~~~~~^~~~~~~~~~
compare	Build baseline and candidate	2026-10-07T13:59:02.6179810Z src/solver/Solver.cc:4003:27: warning: comparison of integer expressions of different signedness: ‘int’ and ‘unsigned int’ [-Wsign-compare]
compare	Build baseline and candidate	2026-10-07T13:59:02.6180613Z  4003 |         for (int k = 2; k < c.lastPoint(); k++) {
compare	Build baseline and candidate	2026-10-07T13:59:02.6181024Z       |                         ~~^~~~~~~~~~~~~~~
compare	Build baseline and candidate	2026-10-07T13:59:02.6182658Z src/solver/Solver.cc: In member function ‘void Minisat::Solver::analyzeQuasiSoftConflict(Minisat::vec<Minisat::Lit>&, int&, int&)’:
compare	Build baseline and candidate	2026-10-07T13:59:02.6184403Z src/solver/Solver.cc:4502:26: warning: comparison of integer expressions of different signedness: ‘int’ and ‘uint64_t’ {aka ‘long unsigned int’} [-Wsign-compare]
compare	Build baseline and candidate	2026-10-07T13:59:02.6185208Z  4502 |     if (falseLits.size() > UB) {
compare	Build baseline and candidate	2026-10-07T13:59:02.6185575Z       |         ~~~~~~~~~~~~~~~~~^~~~
compare	Build baseline and candidate	2026-10-07T13:59:02.6202995Z src/solver/Solver.cc: In member function ‘bool Minisat::Solver::lookahead()’:
compare	Build baseline and candidate	2026-10-07T13:59:02.6204486Z src/solver/Solver.cc:4843:17: warning: comparison of integer expressions of different signedness: ‘uint64_t’ {aka ‘long unsigned int’} and ‘int’ [-Wsign-compare]
compare	Build baseline and candidate	2026-10-07T13:59:02.6205583Z  4843 |   if (conflicts > prevConflicts) {
compare	Build baseline and candidate	2026-10-07T13:59:02.6206182Z       |       ~~~~~~~~~~^~~~~~~~~~~~~~~
compare	Build baseline and candidate	2026-10-07T13:59:02.6222384Z src/solver/Solver.cc: In member function ‘void Minisat::Solver::addHardClausesForSoftClauses()’:
compare	Build baseline and candidate	2026-10-07T13:59:02.6223381Z src/solver/Solver.cc:5088:70: warning: format ‘%llu’ expects argument of type ‘long long unsigned int’, but argument 5 has type ‘uint64_t’ {aka ‘long unsigned int’} [-Wformat=]
compare	Build baseline and candidate	2026-10-07T13:59:02.6224086Z  5088 |   printf("c nb soft clauses: %d, of which %d unit, %d nonUnit and %llu empty\n",
compare	Build baseline and candidate	2026-10-07T13:59:02.6224480Z       |                                                                   ~~~^
compare	Build baseline and candidate	2026-10-07T13:59:02.6224773Z       |                                                                      |
compare	Build baseline and candidate	2026-10-07T13:59:02.6225128Z       |                                                                      long long unsigned int
compare	Build baseline and candidate	2026-10-07T13:59:02.6225457Z       |                                                                   %lu
compare	Build baseline and candidate	2026-10-07T13:59:02.6225816Z  5089 |          softClauses.size(), nbUnitSoft, nbNonUnitSoft, solutionCost);
compare	Build baseline and candidate	2026-10-07T13:59:02.6226165Z       |                                                         ~~~~~~~~~~~~  
compare	Build baseline and candidate	2026-10-07T13:59:02.6226451Z       |                                                         |
compare	Build baseline and candidate	2026-10-07T13:59:02.6226743Z       |                                                         uint64_t {aka long unsigned int}
compare	Build baseline and candidate	2026-10-07T13:59:02.6234197Z src/solver/Solver.cc: In member function ‘void Minisat::Solver::printBestSolution() const’:
compare	Build baseline and candidate	2026-10-07T13:59:02.6235113Z src/solver/Solver.cc:5239:49: warning: format ‘%llu’ expects argument of type ‘long long unsigned int’, but argument 2 has type ‘long unsigned int’ [-Wformat=]
compare	Build baseline and candidate	2026-10-07T13:59:02.6235815Z  5239 |     printf("c   unsat soft clauses (search): %llu\n", bestSup);
compare	Build baseline and candidate	2026-10-07T13:59:02.6236152Z       |                                              ~~~^     ~~~~~~~
compare	Build baseline and candidate	2026-10-07T13:59:02.6236449Z       |                                                 |     |
compare	Build baseline and candidate	2026-10-07T13:59:02.6236777Z       |                                                 |     long unsigned int
compare	Build baseline and candidate	2026-10-07T13:59:02.6237123Z       |                                                 long long unsigned int
compare	Build baseline and candidate	2026-10-07T13:59:02.6237486Z       |                                              %lu
compare	Build baseline and candidate	2026-10-07T13:59:02.6238294Z src/solver/Solver.cc:5240:53: warning: format ‘%llu’ expects argument of type ‘long long unsigned int’, but argument 2 has type ‘uint64_t’ {aka ‘long unsigned int’} [-Wformat=]
compare	Build baseline and candidate	2026-10-07T13:59:02.6239040Z  5240 |     printf("c   satisfied soft clauses (maxsat): %llu\n", maxsat);
compare	Build baseline and candidate	2026-10-07T13:59:02.6239385Z       |                                                  ~~~^     ~~~~~~
compare	Build baseline and candidate	2026-10-07T13:59:02.6239753Z       |                                                     |     |
compare	Build baseline and candidate	2026-10-07T13:59:02.6240070Z       |                                                     |     uint64_t {aka long unsigned int}
compare	Build baseline and candidate	2026-10-07T13:59:02.6240414Z       |                                                     long long unsigned int
compare	Build baseline and candidate	2026-10-07T13:59:02.6240734Z       |                                                  %lu
compare	Build baseline and candidate	2026-10-07T13:59:02.6241383Z src/solver/Solver.cc:5241:39: warning: format ‘%llu’ expects argument of type ‘long long unsigned int’, but argument 2 has type ‘uint64_t’ {aka ‘long unsigned int’} [-Wformat=]
compare	Build baseline and candidate	2026-10-07T13:59:02.6241982Z  5241 |     printf("c   total weight cost: %llu\n", optimal);
compare	Build baseline and candidate	2026-10-07T13:59:02.6242331Z       |                                    ~~~^     ~~~~~~~
compare	Build baseline and candidate	2026-10-07T13:59:02.6242615Z       |                                       |     |
compare	Build baseline and candidate	2026-10-07T13:59:02.6242983Z       |                                       |     uint64_t {aka long unsigned int}
compare	Build baseline and candidate	2026-10-07T13:59:02.6243389Z       |                                       long long unsigned int
compare	Build baseline and candidate	2026-10-07T13:59:02.6243708Z       |                                    %lu
compare	Build baseline and candidate	2026-10-07T13:59:02.6244153Z src/solver/Solver.cc: In member function ‘void Minisat::Solver::checkSolution()’:
compare	Build baseline and candidate	2026-10-07T13:59:02.6244860Z src/solver/Solver.cc:5257:15: warning: comparison of integer expressions of different signedness: ‘int’ and ‘uint64_t’ {aka ‘long unsigned int’} [-Wsign-compare]
compare	Build baseline and candidate	2026-10-07T13:59:02.6245435Z  5257 |   if (nbFalse != falseLits.size()+fixedCostBySearch + relaxedCost)
compare	Build baseline and candidate	2026-10-07T13:59:02.6245815Z       |       ~~~~~~~~^~~~~~~~~~~~~~~~~~~~~~~~~~~~~~~~~~~~~~~~~~~~~~~~~~~
compare	Build baseline and candidate	2026-10-07T13:59:02.6246463Z src/solver/Solver.cc:5258:92: warning: format ‘%llu’ expects argument of type ‘long long unsigned int’, but argument 3 has type ‘uint64_t’ {aka ‘long unsigned int’} [-Wformat=]
compare	Build baseline and candidate	2026-10-07T13:59:02.6247160Z  5258 |     printf("c **** error nb of false soft clauses real nbfalse: %d, recorded falseLits: %llu****\n",
compare	Build baseline and candidate	2026-10-07T13:59:02.6247618Z       |                                                                                         ~~~^
compare	Build baseline and candidate	2026-10-07T13:59:02.6247935Z       |                                                                                            |
compare	Build baseline and candidate	2026-10-07T13:59:02.6248377Z       |                                                                                            long long unsigned int
compare	Build baseline and candidate	2026-10-07T13:59:02.6248798Z       |                                                                                         %lu
compare	Build baseline and candidate	2026-10-07T13:59:02.6249261Z  5259 |            nbFalse, falseLits.size()+fixedCostBySearch+relaxedCost);
compare	Build baseline and candidate	2026-10-07T13:59:02.6249811Z       |                     ~~~~~~~~~~~~~~~~~~~~~~~~~~~~~~~~~~~~~~~~~~~~~~                          
compare	Build baseline and candidate	2026-10-07T13:59:02.6250114Z       |                                                       |
compare	Build baseline and candidate	2026-10-07T13:59:02.6250434Z       |                                                       uint64_t {aka long unsigned int}
compare	Build baseline and candidate	2026-10-07T13:59:02.6250954Z src/solver/Solver.cc: In member function ‘void Minisat::Solver::partition()’:
compare	Build baseline and candidate	2026-10-07T13:59:02.6251556Z src/solver/Solver.cc:5379:31: warning: comparison of integer expressions of different signedness: ‘unsigned int’ and ‘int’ [-Wsign-compare]
compare	Build baseline and candidate	2026-10-07T13:59:02.6252071Z  5379 |         if (conflicted[var(q)]==iset.size()) {
compare	Build baseline and candidate	2026-10-07T13:59:02.6252765Z src/solver/Solver.cc:5389:32: warning: comparison of integer expressions of different signedness: ‘unsigned int’ and ‘int’ [-Wsign-compare]
compare	Build baseline and candidate	2026-10-07T13:59:02.6253397Z  5389 |         if (conflicted[var(q)] < iset.size())
compare	Build baseline and candidate	2026-10-07T13:59:02.6253938Z src/solver/Solver.cc:5448:50: warning: comparison of integer expressions of different signedness: ‘unsigned int’ and ‘int’ [-Wsign-compare]
compare	Build baseline and candidate	2026-10-07T13:59:02.6254445Z  5448 |         if (q != lit_Undef && conflicted[var(q)] == iset.size()) {
compare	Build baseline and candidate	2026-10-07T13:59:02.6257042Z src/solver/Solver.cc:5513:38: warning: format ‘%llu’ expects argument of type ‘long long unsigned int’, but argument 3 has type ‘uint64_t’ {aka ‘long unsigned int’} [-Wformat=]
compare	Build baseline and candidate	2026-10-07T13:59:02.6257788Z  5513 |   printf("c isets %d, derivedCost %llu\n", nbIsets, derivedCost);
compare	Build baseline and candidate	2026-10-07T13:59:02.6258165Z       |                                   ~~~^              ~~~~~~~~~~~
compare	Build baseline and candidate	2026-10-07T13:59:02.6258456Z       |                                      |              |
compare	Build baseline and candidate	2026-10-07T13:59:02.6258777Z       |                                      |              uint64_t {aka long unsigned int}
compare	Build baseline and candidate	2026-10-07T13:59:02.6259121Z       |                                      long long unsigned int
compare	Build baseline and candidate	2026-10-07T13:59:02.6259400Z       |                                   %lu
compare	Build baseline and candidate	2026-10-07T13:59:02.6273379Z src/solver/Solver.cc: In member function ‘Minisat::CRef Minisat::Solver::simplepropagateForLK()’:
compare	Build baseline and candidate	2026-10-07T13:59:02.6274422Z src/solver/Solver.cc:5660:27: warning: comparison of integer expressions of different signedness: ‘unsigned int’ and ‘int’ [-Wsign-compare]
compare	Build baseline and candidate	2026-10-07T13:59:02.6275285Z  5660 |         if (c.lastPoint() > c.size())
compare	Build baseline and candidate	2026-10-07T13:59:02.6275646Z       |             ~~~~~~~~~~~~~~^~~~~~~~~~
compare	Build baseline and candidate	2026-10-07T13:59:02.6276398Z src/solver/Solver.cc:5674:27: warning: comparison of integer expressions of different signedness: ‘int’ and ‘unsigned int’ [-Wsign-compare]
compare	Build baseline and candidate	2026-10-07T13:59:02.6277164Z  5674 |         for (int k = 2; k < c.lastPoint(); k++) {
compare	Build baseline and candidate	2026-10-07T13:59:02.6277558Z       |                         ~~^~~~~~~~~~~~~~~
compare	Build baseline and candidate	2026-10-07T13:59:02.6312611Z src/solver/Solver.cc: In member function ‘void Minisat::Solver::addCardinalityConstraints()’:
compare	Build baseline and candidate	2026-10-07T13:59:02.6314270Z src/solver/Solver.cc:6204:64: warning: format ‘%llu’ expects argument of type ‘long long unsigned int’, but argument 2 has type ‘uint64_t’ {aka ‘long unsigned int’} [-Wformat=]
compare	Build baseline and candidate	2026-10-07T13:59:02.6315398Z  6204 |       printf("\nc Cardinality: off (soft-conflict only), UB %llu\n", UB);
compare	Build baseline and candidate	2026-10-07T13:59:02.6316117Z       |                                                             ~~~^     ~~
compare	Build baseline and candidate	2026-10-07T13:59:02.6316643Z       |                                                                |     |
compare	Build baseline and candidate	2026-10-07T13:59:02.6317223Z       |                                                                |     uint64_t {aka long unsigned int}
compare	Build baseline and candidate	2026-10-07T13:59:02.6317856Z       |                                                                long long unsigned int
compare	Build baseline and candidate	2026-10-07T13:59:02.6318374Z       |                                                             %lu
compare	Build baseline and candidate	2026-10-07T13:59:02.6319556Z src/solver/Solver.cc:6234:82: warning: comparison of integer expressions of different signedness: ‘int’ and ‘uint64_t’ {aka ‘long unsigned int’} [-Wsign-compare]
compare	Build baseline and candidate	2026-10-07T13:59:02.6320672Z  6234 |   if (activeSoftLits.size() < 2 || UB - 1 - nbFalse < 1 || activeSoftLits.size() <= UB - 1 - nbFalse
compare	Build baseline and candidate	2026-10-07T13:59:02.6321637Z       |                                                            ~~~~~~~~~~~~~~~~~~~~~~^~~~~~~~~~~~~~~~~~~
compare	Build baseline and candidate	2026-10-07T13:59:02.6323084Z src/solver/Solver.cc:6253:46: warning: format ‘%llu’ expects argument of type ‘long long unsigned int’, but argument 4 has type ‘uint64_t’ {aka ‘long unsigned int’} [-Wformat=]
compare	Build baseline and candidate	2026-10-07T13:59:02.6324319Z  6253 |   printf("\nc Cardinality: %d (%s) for UB %llu\n", cardinalityC.size(), enc, UB);
compare	Build baseline and candidate	2026-10-07T13:59:02.6325047Z       |                                           ~~~^                               ~~
compare	Build baseline and candidate	2026-10-07T13:59:02.6325611Z       |                                              |                               |
compare	Build baseline and candidate	2026-10-07T13:59:02.6326278Z       |                                              long long unsigned int          uint64_t {aka long unsigned int}
compare	Build baseline and candidate	2026-10-07T13:59:02.6326914Z       |                                           %lu
compare	Build baseline and candidate	2026-10-07T13:59:02.6343907Z src/solver/Solver.cc: In member function ‘Minisat::lbool Minisat::Solver::solve_()’:
compare	Build baseline and candidate	2026-10-07T13:59:02.6345135Z src/solver/Solver.cc:6602:79: warning: format ‘%llu’ expects argument of type ‘long long unsigned int’, but argument 5 has type ‘uint64_t’ {aka ‘long unsigned int’} [-Wformat=]
compare	Build baseline and candidate	2026-10-07T13:59:02.6346194Z  6602 |     printf("c fixedCost %d, nbSatLits %d, totalFixedVars %d, objForSearch: %llu\n\n",
compare	Build baseline and candidate	2026-10-07T13:59:02.6347024Z       |                                                                            ~~~^
compare	Build baseline and candidate	2026-10-07T13:59:02.6347467Z       |                                                                               |
compare	Build baseline and candidate	2026-10-07T13:59:02.6347993Z       |                                                                               long long unsigned int
compare	Build baseline and candidate	2026-10-07T13:59:02.6348444Z       |                                                                            %lu
compare	Build baseline and candidate	2026-10-07T13:59:02.6348899Z  6603 |                 fixedCost, nbSatLits, trail.size(), objForSearch);
compare	Build baseline and candidate	2026-10-07T13:59:02.6349426Z       |                                                     ~~~~~~~~~~~~               
compare	Build baseline and candidate	2026-10-07T13:59:02.6349869Z       |                                                     |
compare	Build baseline and candidate	2026-10-07T13:59:02.6350309Z       |                                                     uint64_t {aka long unsigned int}
compare	Build baseline and candidate	2026-10-07T13:59:02.6351418Z src/solver/Solver.cc:6631:35: warning: format ‘%llu’ expects argument of type ‘long long unsigned int’, but argument 2 has type ‘uint64_t’ {aka ‘long unsigned int’} [-Wformat=]
compare	Build baseline and candidate	2026-10-07T13:59:02.6352321Z  6631 |         printf("c provided UB: %llu\n", providedUB);
compare	Build baseline and candidate	2026-10-07T13:59:02.6352766Z       |                                ~~~^     ~~~~~~~~~~
compare	Build baseline and candidate	2026-10-07T13:59:02.6353444Z       |                                   |     |
compare	Build baseline and candidate	2026-10-07T13:59:02.6353874Z       |                                   |     uint64_t {aka long unsigned int}
compare	Build baseline and candidate	2026-10-07T13:59:02.6354287Z       |                                   long long unsigned int
compare	Build baseline and candidate	2026-10-07T13:59:02.6354693Z       |                                %lu
compare	Build baseline and candidate	2026-10-07T13:59:02.6355722Z src/solver/Solver.cc:6634:54: warning: format ‘%llu’ expects argument of type ‘long long unsigned int’, but argument 2 has type ‘uint64_t’ {aka ‘long unsigned int’} [-Wformat=]
compare	Build baseline and candidate	2026-10-07T13:59:02.6357050Z  6634 |         printf("c provided UB is invalide: initUB %llu, solCost %llu, costbySearch %llu, derivedCost %llu, relaxedCost: %llu\n", initUB, solutionCost, fixedCostBySearch, derivedCost, relaxedCost);
compare	Build baseline and candidate	2026-10-07T13:59:02.6358046Z       |                                                   ~~~^                                                                           ~~~~~~
compare	Build baseline and candidate	2026-10-07T13:59:02.6358616Z       |                                                      |                                                                           |
compare	Build baseline and candidate	2026-10-07T13:59:02.6359289Z       |                                                      long long unsigned int                                                      uint64_t {aka long unsigned int}
compare	Build baseline and candidate	2026-10-07T13:59:02.6359914Z       |                                                   %lu
compare	Build baseline and candidate	2026-10-07T13:59:02.6361117Z src/solver/Solver.cc:6634:68: warning: format ‘%llu’ expects argument of type ‘long long unsigned int’, but argument 3 has type ‘uint64_t’ {aka ‘long unsigned int’} [-Wformat=]
compare	Build baseline and candidate	2026-10-07T13:59:02.6362478Z  6634 |         printf("c provided UB is invalide: initUB %llu, solCost %llu, costbySearch %llu, derivedCost %llu, relaxedCost: %llu\n", initUB, solutionCost, fixedCostBySearch, derivedCost, relaxedCost);
compare	Build baseline and candidate	2026-10-07T13:59:02.6363810Z       |                                                                 ~~~^                                                                     ~~~~~~~~~~~~
compare	Build baseline and candidate	2026-10-07T13:59:02.6364605Z       |                                                                    |                                                                     |
compare	Build baseline and candidate	2026-10-07T13:59:02.6365298Z       |                                                                    long long unsigned int                                                uint64_t {aka long unsigned int}
compare	Build baseline and candidate	2026-10-07T13:59:02.6365934Z       |                                                                 %lu
compare	Build baseline and candidate	2026-10-07T13:59:02.6366977Z src/solver/Solver.cc:6634:87: warning: format ‘%llu’ expects argument of type ‘long long unsigned int’, but argument 4 has type ‘uint64_t’ {aka ‘long unsigned int’} [-Wformat=]
compare	Build baseline and candidate	2026-10-07T13:59:02.6368300Z  6634 |         printf("c provided UB is invalide: initUB %llu, solCost %llu, costbySearch %llu, derivedCost %llu, relaxedCost: %llu\n", initUB, solutionCost, fixedCostBySearch, derivedCost, relaxedCost);
compare	Build baseline and candidate	2026-10-07T13:59:02.6369537Z       |                                                                                    ~~~^                                                                ~~~~~~~~~~~~~~~~~
compare	Build baseline and candidate	2026-10-07T13:59:02.6370145Z       |                                                                                       |                                                                |
compare	Build baseline and candidate	2026-10-07T13:59:02.6370674Z       |                                                                                       long long unsigned int                                           uint64_t {aka long unsigned int}
compare	Build baseline and candidate	2026-10-07T13:59:02.6371136Z       |                                                                                    %lu
compare	Build baseline and candidate	2026-10-07T13:59:02.6371876Z src/solver/Solver.cc:6634:105: warning: format ‘%llu’ expects argument of type ‘long long unsigned int’, but argument 5 has type ‘uint64_t’ {aka ‘long unsigned int’} [-Wformat=]
compare	Build baseline and candidate	2026-10-07T13:59:02.6372767Z  6634 |         printf("c provided UB is invalide: initUB %llu, solCost %llu, costbySearch %llu, derivedCost %llu, relaxedCost: %llu\n", initUB, solutionCost, fixedCostBySearch, derivedCost, relaxedCost);
compare	Build baseline and candidate	2026-10-07T13:59:02.6373878Z       |                                                                                                      ~~~^                                                                 ~~~~~~~~~~~
compare	Build baseline and candidate	2026-10-07T13:59:02.6374513Z       |                                                                                                         |                                                                 |
compare	Build baseline and candidate	2026-10-07T13:59:02.6375220Z       |                                                                                                         long long unsigned int                                            uint64_t {aka long unsigned int}
compare	Build baseline and candidate	2026-10-07T13:59:02.6375742Z       |                                                                                                      %lu
compare	Build baseline and candidate	2026-10-07T13:59:02.6376429Z src/solver/Solver.cc:6634:124: warning: format ‘%llu’ expects argument of type ‘long long unsigned int’, but argument 6 has type ‘uint64_t’ {aka ‘long unsigned int’} [-Wformat=]
compare	Build baseline and candidate	2026-10-07T13:59:02.6377342Z  6634 |         printf("c provided UB is invalide: initUB %llu, solCost %llu, costbySearch %llu, derivedCost %llu, relaxedCost: %llu\n", initUB, solutionCost, fixedCostBySearch, derivedCost, relaxedCost);
compare	Build baseline and candidate	2026-10-07T13:59:02.6378014Z       |                                                                                                                         ~~~^                                                           ~~~~~~~~~~~
compare	Build baseline and candidate	2026-10-07T13:59:02.6378698Z       |                                                                                                                            |                                                           |
compare	Build baseline and candidate	2026-10-07T13:59:02.6379238Z       |                                                                                                                            long long unsigned int                                      uint64_t {aka long unsigned int}
compare	Build baseline and candidate	2026-10-07T13:59:02.6379859Z       |                                                                                                                         %lu
compare	Build baseline and candidate	2026-10-07T13:59:02.6380534Z src/solver/Solver.cc:6656:58: warning: format ‘%llu’ expects argument of type ‘long long unsigned int’, but argument 2 has type ‘uint64_t’ {aka ‘long unsigned int’} [-Wformat=]
compare	Build baseline and candidate	2026-10-07T13:59:02.6381167Z  6656 |       printf("c ends of initiationization by VSIDS at %llu conflicts with init %d\n\n",
compare	Build baseline and candidate	2026-10-07T13:59:02.6381578Z       |                                                       ~~~^
compare	Build baseline and candidate	2026-10-07T13:59:02.6381857Z       |                                                          |
compare	Build baseline and candidate	2026-10-07T13:59:02.6382158Z       |                                                          long long unsigned int
compare	Build baseline and candidate	2026-10-07T13:59:02.6382564Z       |                                                       %lu
compare	Build baseline and candidate	2026-10-07T13:59:02.6382979Z  6657 |              conflicts, init);
compare	Build baseline and candidate	2026-10-07T13:59:02.6383312Z       |              ~~~~~~~~~                                    
compare	Build baseline and candidate	2026-10-07T13:59:02.6383576Z       |              |
compare	Build baseline and candidate	2026-10-07T13:59:02.6383811Z       |              uint64_t {aka long unsigned int}
compare	Build baseline and candidate	2026-10-07T13:59:02.6384455Z src/solver/Solver.cc:6686:50: warning: format ‘%llu’ expects argument of type ‘long long unsigned int’, but argument 3 has type ‘uint64_t’ {aka ‘long unsigned int’} [-Wformat=]
compare	Build baseline and candidate	2026-10-07T13:59:02.6385096Z  6686 |           printf("c VSIDS phase %d: conflicts %llu, phase %llu, starts %llu, UP %llu\n",
compare	Build baseline and candidate	2026-10-07T13:59:02.6385481Z       |                                               ~~~^
compare	Build baseline and candidate	2026-10-07T13:59:02.6385964Z       |                                                  |
compare	Build baseline and candidate	2026-10-07T13:59:02.6386259Z       |                                                  long long unsigned int
compare	Build baseline and candidate	2026-10-07T13:59:02.6386573Z       |                                               %lu
compare	Build baseline and candidate	2026-10-07T13:59:02.6386893Z  6687 |                  nbVSIDSphase, conflicts-savedConfl, phase_allotment,
compare	Build baseline and candidate	2026-10-07T13:59:02.6387244Z       |                                ~~~~~~~~~~~~~~~~~~~~
compare	Build baseline and candidate	2026-10-07T13:59:02.6387505Z       |                                         |
compare	Build baseline and candidate	2026-10-07T13:59:02.6387775Z       |                                         uint64_t {aka long unsigned int}
compare	Build baseline and candidate	2026-10-07T13:59:02.6388442Z src/solver/Solver.cc:6686:62: warning: format ‘%llu’ expects argument of type ‘long long unsigned int’, but argument 4 has type ‘uint64_t’ {aka ‘long unsigned int’} [-Wformat=]
compare	Build baseline and candidate	2026-10-07T13:59:02.6389115Z  6686 |           printf("c VSIDS phase %d: conflicts %llu, phase %llu, starts %llu, UP %llu\n",
compare	Build baseline and candidate	2026-10-07T13:59:02.6389485Z       |                                                           ~~~^
compare	Build baseline and candidate	2026-10-07T13:59:02.6389766Z       |                                                              |
compare	Build baseline and candidate	2026-10-07T13:59:02.6390052Z       |                                                              long long unsigned int
compare	Build baseline and candidate	2026-10-07T13:59:02.6390381Z       |                                                           %lu
compare	Build baseline and candidate	2026-10-07T13:59:02.6390699Z  6687 |                  nbVSIDSphase, conflicts-savedConfl, phase_allotment,
compare	Build baseline and candidate	2026-10-07T13:59:02.6391077Z       |                                                      ~~~~~~~~~~~~~~~
compare	Build baseline and candidate	2026-10-07T13:59:02.6391361Z       |                                                      |
compare	Build baseline and candidate	2026-10-07T13:59:02.6391649Z       |                                                      uint64_t {aka long unsigned int}
compare	Build baseline and candidate	2026-10-07T13:59:02.6392456Z src/solver/Solver.cc:6686:75: warning: format ‘%llu’ expects argument of type ‘long long unsigned int’, but argument 5 has type ‘uint64_t’ {aka ‘long unsigned int’} [-Wformat=]
compare	Build baseline and candidate	2026-10-07T13:59:02.6393281Z  6686 |           printf("c VSIDS phase %d: conflicts %llu, phase %llu, starts %llu, UP %llu\n",
compare	Build baseline and candidate	2026-10-07T13:59:02.6393663Z       |                                                                        ~~~^
compare	Build baseline and candidate	2026-10-07T13:59:02.6393981Z       |                                                                           |
compare	Build baseline and candidate	2026-10-07T13:59:02.6394314Z       |                                                                           long long unsigned int
compare	Build baseline and candidate	2026-10-07T13:59:02.6394657Z       |                                                                        %lu
compare	Build baseline and candidate	2026-10-07T13:59:02.6395006Z  6687 |                  nbVSIDSphase, conflicts-savedConfl, phase_allotment,
compare	Build baseline and candidate	2026-10-07T13:59:02.6395353Z  6688 |                  starts-savedRestarts, propagations-savedUP);
compare	Build baseline and candidate	2026-10-07T13:59:02.6395692Z       |                  ~~~~~~~~~~~~~~~~~~~~                                      
compare	Build baseline and candidate	2026-10-07T13:59:02.6395974Z       |                        |
compare	Build baseline and candidate	2026-10-07T13:59:02.6396238Z       |                        uint64_t {aka long unsigned int}
compare	Build baseline and candidate	2026-10-07T13:59:02.6396919Z src/solver/Solver.cc:6686:84: warning: format ‘%llu’ expects argument of type ‘long long unsigned int’, but argument 6 has type ‘uint64_t’ {aka ‘long unsigned int’} [-Wformat=]
compare	Build baseline and candidate	2026-10-07T13:59:02.6397599Z  6686 |           printf("c VSIDS phase %d: conflicts %llu, phase %llu, starts %llu, UP %llu\n",
compare	Build baseline and candidate	2026-10-07T13:59:02.6397974Z       |                                                                                 ~~~^
compare	Build baseline and candidate	2026-10-07T13:59:02.6398291Z       |                                                                                    |
compare	Build baseline and candidate	2026-10-07T13:59:02.6398630Z       |                                                                                    long long unsigned int
compare	Build baseline and candidate	2026-10-07T13:59:02.6398981Z       |                                                                                 %lu
compare	Build baseline and candidate	2026-10-07T13:59:02.6399349Z  6687 |                  nbVSIDSphase, conflicts-savedConfl, phase_allotment,
compare	Build baseline and candidate	2026-10-07T13:59:02.6399710Z  6688 |                  starts-savedRestarts, propagations-savedUP);
compare	Build baseline and candidate	2026-10-07T13:59:02.6400032Z       |                                        ~~~~~~~~~~~~~~~~~~~~                         
compare	Build baseline and candidate	2026-10-07T13:59:02.6400359Z       |                                                    |
compare	Build baseline and candidate	2026-10-07T13:59:02.6400649Z       |                                                    uint64_t {aka long unsigned int}
compare	Build baseline and candidate	2026-10-07T13:59:02.6401290Z src/solver/Solver.cc:6692:48: warning: format ‘%llu’ expects argument of type ‘long long unsigned int’, but argument 3 has type ‘uint64_t’ {aka ‘long unsigned int’} [-Wformat=]
compare	Build baseline and candidate	2026-10-07T13:59:02.6401937Z  6692 |           printf("c LRB phase %d: conflicts %llu, phase %llu, starts %llu, UP %llu\n",
compare	Build baseline and candidate	2026-10-07T13:59:02.6402307Z       |                                             ~~~^
compare	Build baseline and candidate	2026-10-07T13:59:02.6402619Z       |                                                |
compare	Build baseline and candidate	2026-10-07T13:59:02.6403079Z       |                                                long long unsigned int
compare	Build baseline and candidate	2026-10-07T13:59:02.6403363Z       |                                             %lu
compare	Build baseline and candidate	2026-10-07T13:59:02.6403693Z  6693 |                  nbLRBphase, conflicts-savedConfl, phase_allotment,
compare	Build baseline and candidate	2026-10-07T13:59:02.6404007Z       |                              ~~~~~~~~~~~~~~~~~~~~
compare	Build baseline and candidate	2026-10-07T13:59:02.6404271Z       |                                       |
compare	Build baseline and candidate	2026-10-07T13:59:02.6404577Z       |                                       uint64_t {aka long unsigned int}
compare	Build baseline and candidate	2026-10-07T13:59:02.6405300Z src/solver/Solver.cc:6692:60: warning: format ‘%llu’ expects argument of type ‘long long unsigned int’, but argument 4 has type ‘uint64_t’ {aka ‘long unsigned int’} [-Wformat=]
compare	Build baseline and candidate	2026-10-07T13:59:02.6405955Z  6692 |           printf("c LRB phase %d: conflicts %llu, phase %llu, starts %llu, UP %llu\n",
compare	Build baseline and candidate	2026-10-07T13:59:02.6406404Z       |                                                         ~~~^
compare	Build baseline and candidate	2026-10-07T13:59:02.6406716Z       |                                                            |
compare	Build baseline and candidate	2026-10-07T13:59:02.6407048Z       |                                                            long long unsigned int
compare	Build baseline and candidate	2026-10-07T13:59:02.6407374Z       |                                                         %lu
compare	Build baseline and candidate	2026-10-07T13:59:02.6407724Z  6693 |                  nbLRBphase, conflicts-savedConfl, phase_allotment,
compare	Build baseline and candidate	2026-10-07T13:59:02.6408097Z       |                                                    ~~~~~~~~~~~~~~~
compare	Build baseline and candidate	2026-10-07T13:59:02.6408413Z       |                                                    |
compare	Build baseline and candidate	2026-10-07T13:59:02.6408748Z       |                                                    uint64_t {aka long unsigned int}
compare	Build baseline and candidate	2026-10-07T13:59:02.6409421Z src/solver/Solver.cc:6692:73: warning: format ‘%llu’ expects argument of type ‘long long unsigned int’, but argument 5 has type ‘uint64_t’ {aka ‘long unsigned int’} [-Wformat=]
compare	Build baseline and candidate	2026-10-07T13:59:02.6410070Z  6692 |           printf("c LRB phase %d: conflicts %llu, phase %llu, starts %llu, UP %llu\n",
compare	Build baseline and candidate	2026-10-07T13:59:02.6410445Z       |                                                                      ~~~^
compare	Build baseline and candidate	2026-10-07T13:59:02.6410833Z       |                                                                         |
compare	Build baseline and candidate	2026-10-07T13:59:02.6411181Z       |                                                                         long long unsigned int
compare	Build baseline and candidate	2026-10-07T13:59:02.6411592Z       |                                                                      %lu
compare	Build baseline and candidate	2026-10-07T13:59:02.6411944Z  6693 |                  nbLRBphase, conflicts-savedConfl, phase_allotment,
compare	Build baseline and candidate	2026-10-07T13:59:02.6412335Z  6694 |                  starts-savedRestarts, propagations-savedUP);
compare	Build baseline and candidate	2026-10-07T13:59:02.6412659Z       |                  ~~~~~~~~~~~~~~~~~~~~                                    
compare	Build baseline and candidate	2026-10-07T13:59:02.6413168Z       |                        |
compare	Build baseline and candidate	2026-10-07T13:59:02.6413458Z       |                        uint64_t {aka long unsigned int}
compare	Build baseline and candidate	2026-10-07T13:59:02.6414185Z src/solver/Solver.cc:6692:82: warning: format ‘%llu’ expects argument of type ‘long long unsigned int’, but argument 6 has type ‘uint64_t’ {aka ‘long unsigned int’} [-Wformat=]
compare	Build baseline and candidate	2026-10-07T13:59:02.6414842Z  6692 |           printf("c LRB phase %d: conflicts %llu, phase %llu, starts %llu, UP %llu\n",
compare	Build baseline and candidate	2026-10-07T13:59:02.6415220Z       |                                                                               ~~~^
compare	Build baseline and candidate	2026-10-07T13:59:02.6415616Z       |                                                                                  |
compare	Build baseline and candidate	2026-10-07T13:59:02.6415948Z       |                                                                                  long long unsigned int
compare	Build baseline and candidate	2026-10-07T13:59:02.6416275Z       |                                                                               %lu
compare	Build baseline and candidate	2026-10-07T13:59:02.6416666Z  6693 |                  nbLRBphase, conflicts-savedConfl, phase_allotment,
compare	Build baseline and candidate	2026-10-07T13:59:02.6416998Z  6694 |                  starts-savedRestarts, propagations-savedUP);
compare	Build baseline and candidate	2026-10-07T13:59:02.6417404Z       |                                        ~~~~~~~~~~~~~~~~~~~~                       
compare	Build baseline and candidate	2026-10-07T13:59:02.6417704Z       |                                                    |
compare	Build baseline and candidate	2026-10-07T13:59:02.6418005Z       |                                                    uint64_t {aka long unsigned int}
compare	Build baseline and candidate	2026-10-07T13:59:02.6418691Z src/solver/Solver.cc:6739:25: warning: format ‘%llu’ expects argument of type ‘long long unsigned int’, but argument 2 has type ‘uint64_t’ {aka ‘long unsigned int’} [-Wformat=]
compare	Build baseline and candidate	2026-10-07T13:59:02.6419370Z  6739 |         printf("c UB=%llu fails, cnfls=%llu, hcnfls=%llu, core %d, tier2 %d, local %d, quasiC: %llu (fixed: %llu)\n",
compare	Build baseline and candidate	2026-10-07T13:59:02.6419799Z       |                      ~~~^
compare	Build baseline and candidate	2026-10-07T13:59:02.6420032Z       |                         |
compare	Build baseline and candidate	2026-10-07T13:59:02.6420277Z       |                         long long unsigned int
compare	Build baseline and candidate	2026-10-07T13:59:02.6420564Z       |                      %lu
compare	Build baseline and candidate	2026-10-07T13:59:02.6421056Z  6740 |                UB, conflicts, conflicts-softConflicts, learnts_core.size(), learnts_tier2.size(), learnts_local.size(), quasiSoftConflicts, fixedByQuasiConfl);
compare	Build baseline and candidate	2026-10-07T13:59:02.6421563Z       |                ~~        
compare	Build baseline and candidate	2026-10-07T13:59:02.6421790Z       |                |
compare	Build baseline and candidate	2026-10-07T13:59:02.6422023Z       |                uint64_t {aka long unsigned int}
compare	Build baseline and candidate	2026-10-07T13:59:02.6422759Z src/solver/Solver.cc:6739:43: warning: format ‘%llu’ expects argument of type ‘long long unsigned int’, but argument 3 has type ‘uint64_t’ {aka ‘long unsigned int’} [-Wformat=]
compare	Build baseline and candidate	2026-10-07T13:59:02.6423583Z  6739 |         printf("c UB=%llu fails, cnfls=%llu, hcnfls=%llu, core %d, tier2 %d, local %d, quasiC: %llu (fixed: %llu)\n",
compare	Build baseline and candidate	2026-10-07T13:59:02.6424001Z       |                                        ~~~^
compare	Build baseline and candidate	2026-10-07T13:59:02.6424258Z       |                                           |
compare	Build baseline and candidate	2026-10-07T13:59:02.6424521Z       |                                           long long unsigned int
compare	Build baseline and candidate	2026-10-07T13:59:02.6424853Z       |                                        %lu
compare	Build baseline and candidate	2026-10-07T13:59:02.6425354Z  6740 |                UB, conflicts, conflicts-softConflicts, learnts_core.size(), learnts_tier2.size(), learnts_local.size(), quasiSoftConflicts, fixedByQuasiConfl);
compare	Build baseline and candidate	2026-10-07T13:59:02.6425961Z       |                    ~~~~~~~~~               
compare	Build baseline and candidate	2026-10-07T13:59:02.6426241Z       |                    |
compare	Build baseline and candidate	2026-10-07T13:59:02.6426517Z       |                    uint64_t {aka long unsigned int}
compare	Build baseline and candidate	2026-10-07T13:59:02.6427198Z src/solver/Solver.cc:6739:56: warning: format ‘%llu’ expects argument of type ‘long long unsigned int’, but argument 4 has type ‘uint64_t’ {aka ‘long unsigned int’} [-Wformat=]
compare	Build baseline and candidate	2026-10-07T13:59:02.6427899Z  6739 |         printf("c UB=%llu fails, cnfls=%llu, hcnfls=%llu, core %d, tier2 %d, local %d, quasiC: %llu (fixed: %llu)\n",
compare	Build baseline and candidate	2026-10-07T13:59:02.6428319Z       |                                                     ~~~^
compare	Build baseline and candidate	2026-10-07T13:59:02.6428675Z       |                                                        |
compare	Build baseline and candidate	2026-10-07T13:59:02.6428994Z       |                                                        long long unsigned int
compare	Build baseline and candidate	2026-10-07T13:59:02.6429363Z       |                                                     %lu
compare	Build baseline and candidate	2026-10-07T13:59:02.6429896Z  6740 |                UB, conflicts, conflicts-softConflicts, learnts_core.size(), learnts_tier2.size(), learnts_local.size(), quasiSoftConflicts, fixedByQuasiConfl);
compare	Build baseline and candidate	2026-10-07T13:59:02.6430424Z       |                               ~~~~~~~~~~~~~~~~~~~~~~~   
compare	Build baseline and candidate	2026-10-07T13:59:02.6430723Z       |                                        |
compare	Build baseline and candidate	2026-10-07T13:59:02.6431044Z       |                                        uint64_t {aka long unsigned int}
compare	Build baseline and candidate	2026-10-07T13:59:02.6431756Z src/solver/Solver.cc:6739:99: warning: format ‘%llu’ expects argument of type ‘long long unsigned int’, but argument 8 has type ‘uint64_t’ {aka ‘long unsigned int’} [-Wformat=]
compare	Build baseline and candidate	2026-10-07T13:59:02.6432457Z  6739 |         printf("c UB=%llu fails, cnfls=%llu, hcnfls=%llu, core %d, tier2 %d, local %d, quasiC: %llu (fixed: %llu)\n",
compare	Build baseline and candidate	2026-10-07T13:59:02.6433093Z       |                                                                                                ~~~^
compare	Build baseline and candidate	2026-10-07T13:59:02.6433478Z       |                                                                                                   |
compare	Build baseline and candidate	2026-10-07T13:59:02.6433863Z       |                                                                                                   long long unsigned int
compare	Build baseline and candidate	2026-10-07T13:59:02.6434475Z       |                                                                                                %lu
compare	Build baseline and candidate	2026-10-07T13:59:02.6435222Z  6740 |                UB, conflicts, conflicts-softConflicts, learnts_core.size(), learnts_tier2.size(), learnts_local.size(), quasiSoftConflicts, fixedByQuasiConfl);
compare	Build baseline and candidate	2026-10-07T13:59:02.6436014Z       |                                                                                                                         ~~~~~~~~~~~~~~~~~~
compare	Build baseline and candidate	2026-10-07T13:59:02.6436572Z       |                                                                                                                         |
compare	Build baseline and candidate	2026-10-07T13:59:02.6437131Z       |                                                                                                                         uint64_t {aka long unsigned int}
compare	Build baseline and candidate	2026-10-07T13:59:02.6438211Z src/solver/Solver.cc:6739:112: warning: format ‘%llu’ expects argument of type ‘long long unsigned int’, but argument 9 has type ‘uint64_t’ {aka ‘long unsigned int’} [-Wformat=]
compare	Build baseline and candidate	2026-10-07T13:59:02.6439242Z  6739 |         printf("c UB=%llu fails, cnfls=%llu, hcnfls=%llu, core %d, tier2 %d, local %d, quasiC: %llu (fixed: %llu)\n",
compare	Build baseline and candidate	2026-10-07T13:59:02.6439803Z       |                                                                                                             ~~~^
compare	Build baseline and candidate	2026-10-07T13:59:02.6440213Z       |                                                                                                                |
compare	Build baseline and candidate	2026-10-07T13:59:02.6440595Z       |                                                                                                                long long unsigned int
compare	Build baseline and candidate	2026-10-07T13:59:02.6440993Z       |                                                                                                             %lu
compare	Build baseline and candidate	2026-10-07T13:59:02.6441559Z  6740 |                UB, conflicts, conflicts-softConflicts, learnts_core.size(), learnts_tier2.size(), learnts_local.size(), quasiSoftConflicts, fixedByQuasiConfl);
compare	Build baseline and candidate	2026-10-07T13:59:02.6442182Z       |                                                                                                                                             ~~~~~~~~~~~~~~~~~
compare	Build baseline and candidate	2026-10-07T13:59:02.6442620Z       |                                                                                                                                             |
compare	Build baseline and candidate	2026-10-07T13:59:02.6443300Z       |                                                                                                                                             uint64_t {aka long unsigned int}
compare	Build baseline and candidate	2026-10-07T13:59:02.6444094Z src/solver/Solver.cc:6741:72: warning: format ‘%llu’ expects argument of type ‘long long unsigned int’, but argument 5 has type ‘uint64_t’ {aka ‘long unsigned int’} [-Wformat=]
compare	Build baseline and candidate	2026-10-07T13:59:02.6444894Z  6741 |         printf("c prunedLB %4.2f, dev %4.2f, succRate %4.2f, nbSucc %llu, nbHardens %d (fixed %llu), lk: %llu, shorten: %llu, pureSo %d, nbFlyRd %d, nbFixedLH %llu\n",
compare	Build baseline and candidate	2026-10-07T13:59:02.6445441Z       |                                                                     ~~~^
compare	Build baseline and candidate	2026-10-07T13:59:02.6445775Z       |                                                                        |
compare	Build baseline and candidate	2026-10-07T13:59:02.6446302Z       |                                                                        long long unsigned int
compare	Build baseline and candidate	2026-10-07T13:59:02.6446659Z       |                                                                     %lu
compare	Build baseline and candidate	2026-10-07T13:59:02.6446987Z  6742 |                meanLB, dev, succRate,
compare	Build baseline and candidate	2026-10-07T13:59:02.6447491Z  6743 |                nbLKsuccess-savednbLKsuccess, nbHardens, fixedByHardens, LOOKAHEAD-savedLOOKAHEAD, nbSavedLits, pureSoftConfl, nbFlyReduced, nbFixedByLH);
compare	Build baseline and candidate	2026-10-07T13:59:02.6448175Z       |                ~~~~~~~~~~~~~~~~~~~~~~~~~~~~                             
compare	Build baseline and candidate	2026-10-07T13:59:02.6448463Z       |                           |
compare	Build baseline and candidate	2026-10-07T13:59:02.6448738Z       |                           uint64_t {aka long unsigned int}
compare	Build baseline and candidate	2026-10-07T13:59:02.6449391Z src/solver/Solver.cc:6741:98: warning: format ‘%llu’ expects argument of type ‘long long unsigned int’, but argument 7 has type ‘uint64_t’ {aka ‘long unsigned int’} [-Wformat=]
compare	Build baseline and candidate	2026-10-07T13:59:02.6450165Z  6741 |         printf("c prunedLB %4.2f, dev %4.2f, succRate %4.2f, nbSucc %llu, nbHardens %d (fixed %llu), lk: %llu, shorten: %llu, pureSo %d, nbFlyRd %d, nbFixedLH %llu\n",
compare	Build baseline and candidate	2026-10-07T13:59:02.6450702Z       |                                                                                               ~~~^
compare	Build baseline and candidate	2026-10-07T13:59:02.6451043Z       |                                                                                                  |
compare	Build baseline and candidate	2026-10-07T13:59:02.6451437Z       |                                                                                                  long long unsigned int
compare	Build baseline and candidate	2026-10-07T13:59:02.6451794Z       |                                                                                               %lu
compare	Build baseline and candidate	2026-10-07T13:59:02.6452098Z  6742 |                meanLB, dev, succRate,
compare	Build baseline and candidate	2026-10-07T13:59:02.6452703Z  6743 |                nbLKsuccess-savednbLKsuccess, nbHardens, fixedByHardens, LOOKAHEAD-savedLOOKAHEAD, nbSavedLits, pureSoftConfl, nbFlyReduced, nbFixedByLH);
compare	Build baseline and candidate	2026-10-07T13:59:02.6453428Z       |                                                         ~~~~~~~~~~~~~~                            
compare	Build baseline and candidate	2026-10-07T13:59:02.6453740Z       |                                                         |
compare	Build baseline and candidate	2026-10-07T13:59:02.6454266Z       |                                                         uint64_t {aka long unsigned int}
compare	Build baseline and candidate	2026-10-07T13:59:02.6454952Z src/solver/Solver.cc:6741:109: warning: format ‘%llu’ expects argument of type ‘long long unsigned int’, but argument 8 has type ‘uint64_t’ {aka ‘long unsigned int’} [-Wformat=]
compare	Build baseline and candidate	2026-10-07T13:59:02.6455768Z  6741 |         printf("c prunedLB %4.2f, dev %4.2f, succRate %4.2f, nbSucc %llu, nbHardens %d (fixed %llu), lk: %llu, shorten: %llu, pureSo %d, nbFlyRd %d, nbFixedLH %llu\n",
compare	Build baseline and candidate	2026-10-07T13:59:02.6456289Z       |                                                                                                          ~~~^
compare	Build baseline and candidate	2026-10-07T13:59:02.6457150Z       |                                                                                                             |
compare	Build baseline and candidate	2026-10-07T13:59:02.6457598Z       |                                                                                                             long long unsigned int
compare	Build baseline and candidate	2026-10-07T13:59:02.6458001Z       |                                                                                                          %lu
compare	Build baseline and candidate	2026-10-07T13:59:02.6458336Z  6742 |                meanLB, dev, succRate,
compare	Build baseline and candidate	2026-10-07T13:59:02.6458859Z  6743 |                nbLKsuccess-savednbLKsuccess, nbHardens, fixedByHardens, LOOKAHEAD-savedLOOKAHEAD, nbSavedLits, pureSoftConfl, nbFlyReduced, nbFixedByLH);
compare	Build baseline and candidate	2026-10-07T13:59:02.6459418Z       |                                                                         ~~~~~~~~~~~~~~~~~~~~~~~~             
compare	Build baseline and candidate	2026-10-07T13:59:02.6459752Z       |                                                                                  |
compare	Build baseline and candidate	2026-10-07T13:59:02.6460109Z       |                                                                                  uint64_t {aka long unsigned int}
compare	Build baseline and candidate	2026-10-07T13:59:02.6460846Z src/solver/Solver.cc:6741:124: warning: format ‘%llu’ expects argument of type ‘long long unsigned int’, but argument 9 has type ‘uint64_t’ {aka ‘long unsigned int’} [-Wformat=]
compare	Build baseline and candidate	2026-10-07T13:59:02.6461619Z  6741 |         printf("c prunedLB %4.2f, dev %4.2f, succRate %4.2f, nbSucc %llu, nbHardens %d (fixed %llu), lk: %llu, shorten: %llu, pureSo %d, nbFlyRd %d, nbFixedLH %llu\n",
compare	Build baseline and candidate	2026-10-07T13:59:02.6462215Z       |                                                                                                                         ~~~^
compare	Build baseline and candidate	2026-10-07T13:59:02.6462604Z       |                                                                                                                            |
compare	Build baseline and candidate	2026-10-07T13:59:02.6463078Z       |                                                                                                                            long long unsigned int
compare	Build baseline and candidate	2026-10-07T13:59:02.6463518Z       |                                                                                                                         %lu
compare	Build baseline and candidate	2026-10-07T13:59:02.6463842Z  6742 |                meanLB, dev, succRate,
compare	Build baseline and candidate	2026-10-07T13:59:02.6464374Z  6743 |                nbLKsuccess-savednbLKsuccess, nbHardens, fixedByHardens, LOOKAHEAD-savedLOOKAHEAD, nbSavedLits, pureSoftConfl, nbFlyReduced, nbFixedByLH);
compare	Build baseline and candidate	2026-10-07T13:59:02.6464967Z       |                                                                                                   ~~~~~~~~~~~               
compare	Build baseline and candidate	2026-10-07T13:59:02.6465312Z       |                                                                                                   |
compare	Build baseline and candidate	2026-10-07T13:59:02.6465676Z       |                                                                                                   uint64_t {aka long unsigned int}
compare	Build baseline and candidate	2026-10-07T13:59:02.6466446Z src/solver/Solver.cc:6741:163: warning: format ‘%llu’ expects argument of type ‘long long unsigned int’, but argument 12 has type ‘uint64_t’ {aka ‘long unsigned int’} [-Wformat=]
compare	Build baseline and candidate	2026-10-07T13:59:02.6467220Z  6741 |         printf("c prunedLB %4.2f, dev %4.2f, succRate %4.2f, nbSucc %llu, nbHardens %d (fixed %llu), lk: %llu, shorten: %llu, pureSo %d, nbFlyRd %d, nbFixedLH %llu\n",
compare	Build baseline and candidate	2026-10-07T13:59:02.6467805Z       |                                                                                                                                                                ~~~^
compare	Build baseline and candidate	2026-10-07T13:59:02.6468300Z       |                                                                                                                                                                   |
compare	Build baseline and candidate	2026-10-07T13:59:02.6468774Z       |                                                                                                                                                                   long long unsigned int
compare	Build baseline and candidate	2026-10-07T13:59:02.6469273Z       |                                                                                                                                                                %lu
compare	Build baseline and candidate	2026-10-07T13:59:02.6469653Z  6742 |                meanLB, dev, succRate,
compare	Build baseline and candidate	2026-10-07T13:59:02.6470204Z  6743 |                nbLKsuccess-savednbLKsuccess, nbHardens, fixedByHardens, LOOKAHEAD-savedLOOKAHEAD, nbSavedLits, pureSoftConfl, nbFlyReduced, nbFixedByLH);
compare	Build baseline and candidate	2026-10-07T13:59:02.6470832Z       |                                                                                                                                             ~~~~~~~~~~~            
compare	Build baseline and candidate	2026-10-07T13:59:02.6471287Z       |                                                                                                                                             |
compare	Build baseline and candidate	2026-10-07T13:59:02.6471763Z       |                                                                                                                                             uint64_t {aka long unsigned int}
compare	Build baseline and candidate	2026-10-07T13:59:02.6472529Z src/solver/Solver.cc:6769:25: warning: format ‘%llu’ expects argument of type ‘long long unsigned int’, but argument 2 has type ‘uint64_t’ {aka ‘long unsigned int’} [-Wformat=]
compare	Build baseline and candidate	2026-10-07T13:59:02.6473506Z  6769 |         printf("c UB=%llu succ, confls=%llu and hconfls=%llu with %d soft clauses unsat (%d at level 0) and %d fixed vars at level 0,  prunedLB %4.2f, dev %4.2f, succRate %4.2f, nbSucc %llu, shortened : %llu\n",
compare	Build baseline and candidate	2026-10-07T13:59:02.6474089Z       |                      ~~~^
compare	Build baseline and candidate	2026-10-07T13:59:02.6474360Z       |                         |
compare	Build baseline and candidate	2026-10-07T13:59:02.6474688Z       |                         long long unsigned int
compare	Build baseline and candidate	2026-10-07T13:59:02.6475026Z       |                      %lu
compare	Build baseline and candidate	2026-10-07T13:59:02.6475424Z  6770 |                UB, conflicts, conflicts-softConflicts, falseLits.size(), nbFalses, nbFixeds,
compare	Build baseline and candidate	2026-10-07T13:59:02.6475819Z       |                ~~        
compare	Build baseline and candidate	2026-10-07T13:59:02.6476148Z       |                |
compare	Build baseline and candidate	2026-10-07T13:59:02.6476490Z       |                uint64_t {aka long unsigned int}
compare	Build baseline and candidate	2026-10-07T13:59:02.6477428Z src/solver/Solver.cc:6769:43: warning: format ‘%llu’ expects argument of type ‘long long unsigned int’, but argument 3 has type ‘uint64_t’ {aka ‘long unsigned int’} [-Wformat=]
compare	Build baseline and candidate	2026-10-07T13:59:02.6478754Z  6769 |         printf("c UB=%llu succ, confls=%llu and hconfls=%llu with %d soft clauses unsat (%d at level 0) and %d fixed vars at level 0,  prunedLB %4.2f, dev %4.2f, succRate %4.2f, nbSucc %llu, shortened : %llu\n",
compare	Build baseline and candidate	2026-10-07T13:59:02.6479587Z       |                                        ~~~^
compare	Build baseline and candidate	2026-10-07T13:59:02.6479969Z       |                                           |
compare	Build baseline and candidate	2026-10-07T13:59:02.6480367Z       |                                           long long unsigned int
compare	Build baseline and candidate	2026-10-07T13:59:02.6480787Z       |                                        %lu
compare	Build baseline and candidate	2026-10-07T13:59:02.6481366Z  6770 |                UB, conflicts, conflicts-softConflicts, falseLits.size(), nbFalses, nbFixeds,
compare	Build baseline and candidate	2026-10-07T13:59:02.6482032Z       |                    ~~~~~~~~~               
compare	Build baseline and candidate	2026-10-07T13:59:02.6482438Z       |                    |
compare	Build baseline and candidate	2026-10-07T13:59:02.6483039Z       |                    uint64_t {aka long unsigned int}
compare	Build baseline and candidate	2026-10-07T13:59:02.6484068Z src/solver/Solver.cc:6769:60: warning: format ‘%llu’ expects argument of type ‘long long unsigned int’, but argument 4 has type ‘uint64_t’ {aka ‘long unsigned int’} [-Wformat=]
compare	Build baseline and candidate	2026-10-07T13:59:02.6485426Z  6769 |         printf("c UB=%llu succ, confls=%llu and hconfls=%llu with %d soft clauses unsat (%d at level 0) and %d fixed vars at level 0,  prunedLB %4.2f, dev %4.2f, succRate %4.2f, nbSucc %llu, shortened : %llu\n",
compare	Build baseline and candidate	2026-10-07T13:59:02.6486268Z       |                                                         ~~~^
compare	Build baseline and candidate	2026-10-07T13:59:02.6486669Z       |                                                            |
compare	Build baseline and candidate	2026-10-07T13:59:02.6487119Z       |                                                            long long unsigned int
compare	Build baseline and candidate	2026-10-07T13:59:02.6487539Z       |                                                         %lu
compare	Build baseline and candidate	2026-10-07T13:59:02.6488145Z  6770 |                UB, conflicts, conflicts-softConflicts, falseLits.size(), nbFalses, nbFixeds,
compare	Build baseline and candidate	2026-10-07T13:59:02.6488691Z       |                               ~~~~~~~~~~~~~~~~~~~~~~~       
compare	Build baseline and candidate	2026-10-07T13:59:02.6489111Z       |                                        |
compare	Build baseline and candidate	2026-10-07T13:59:02.6489544Z       |                                        uint64_t {aka long unsigned int}
compare	Build baseline and candidate	2026-10-07T13:59:02.6490577Z src/solver/Solver.cc:6769:189: warning: format ‘%llu’ expects argument of type ‘long long unsigned int’, but argument 11 has type ‘uint64_t’ {aka ‘long unsigned int’} [-Wformat=]
compare	Build baseline and candidate	2026-10-07T13:59:02.6492064Z  6769 |         printf("c UB=%llu succ, confls=%llu and hconfls=%llu with %d soft clauses unsat (%d at level 0) and %d fixed vars at level 0,  prunedLB %4.2f, dev %4.2f, succRate %4.2f, nbSucc %llu, shortened : %llu\n",
compare	Build baseline and candidate	2026-10-07T13:59:02.6493233Z       |                                                                                                                                                                                          ~~~^
compare	Build baseline and candidate	2026-10-07T13:59:02.6493946Z       |                                                                                                                                                                                             |
compare	Build baseline and candidate	2026-10-07T13:59:02.6494707Z       |                                                                                                                                                                                             long long unsigned int
compare	Build baseline and candidate	2026-10-07T13:59:02.6495423Z       |                                                                                                                                                                                          %lu
compare	Build baseline and candidate	2026-10-07T13:59:02.6496371Z  6770 |                UB, conflicts, conflicts-softConflicts, falseLits.size(), nbFalses, nbFixeds,
compare	Build baseline and candidate	2026-10-07T13:59:02.6496962Z  6771 |                meanLB, dev, succRate, nbLKsuccess, nbSavedLits);
compare	Build baseline and candidate	2026-10-07T13:59:02.6497588Z       |                                       ~~~~~~~~~~~                                                                                                                                            
compare	Build baseline and candidate	2026-10-07T13:59:02.6498149Z       |                                       |
compare	Build baseline and candidate	2026-10-07T13:59:02.6498568Z       |                                       uint64_t {aka long unsigned int}
compare	Build baseline and candidate	2026-10-07T13:59:02.6499685Z src/solver/Solver.cc:6769:207: warning: format ‘%llu’ expects argument of type ‘long long unsigned int’, but argument 12 has type ‘uint64_t’ {aka ‘long unsigned int’} [-Wformat=]
compare	Build baseline and candidate	2026-10-07T13:59:02.6500995Z  6769 |         printf("c UB=%llu succ, confls=%llu and hconfls=%llu with %d soft clauses unsat (%d at level 0) and %d fixed vars at level 0,  prunedLB %4.2f, dev %4.2f, succRate %4.2f, nbSucc %llu, shortened : %llu\n",
compare	Build baseline and candidate	2026-10-07T13:59:02.6502133Z       |                                                                                                                                                                                                            ~~~^
compare	Build baseline and candidate	2026-10-07T13:59:02.6503256Z       |                                                                                                                                                                                                               |
compare	Build baseline and candidate	2026-10-07T13:59:02.6504001Z       |                                                                                                                                                                                                               long long unsigned int
compare	Build baseline and candidate	2026-10-07T13:59:02.6504838Z       |                                                                                                                                                                                                            %lu
compare	Build baseline and candidate	2026-10-07T13:59:02.6505589Z  6770 |                UB, conflicts, conflicts-softConflicts, falseLits.size(), nbFalses, nbFixeds,
compare	Build baseline and candidate	2026-10-07T13:59:02.6506204Z  6771 |                meanLB, dev, succRate, nbLKsuccess, nbSavedLits);
compare	Build baseline and candidate	2026-10-07T13:59:02.6506668Z       |                                                    ~~~~~~~~~~~                                                                                                                                                 
compare	Build baseline and candidate	2026-10-07T13:59:02.6507062Z       |                                                    |
compare	Build baseline and candidate	2026-10-07T13:59:02.6507394Z       |                                                    uint64_t {aka long unsigned int}
compare	Build baseline and candidate	2026-10-07T13:59:02.6508124Z src/solver/Solver.cc:6798:17: warning: comparison of integer expressions of different signedness: ‘uint64_t’ {aka ‘long unsigned int’} and ‘int’ [-Wsign-compare]
compare	Build baseline and candidate	2026-10-07T13:59:02.6508701Z  6798 |         if (inf > falseLits.size())
compare	Build baseline and candidate	2026-10-07T13:59:02.6508977Z       |             ~~~~^~~~~~~~~~~~~~~~~~
compare	Build baseline and candidate	2026-10-07T13:59:02.6509600Z src/solver/Solver.cc:6806:34: warning: format ‘%llu’ expects argument of type ‘long long unsigned int’, but argument 2 has type ‘uint64_t’ {aka ‘long unsigned int’} [-Wformat=]
compare	Build baseline and candidate	2026-10-07T13:59:02.6510238Z  6806 |       else printf("c error UB %llu, inf %llu, sup %llu\n", UB, inf, sup);
compare	Build baseline and candidate	2026-10-07T13:59:02.6510581Z       |                               ~~~^                         ~~
compare	Build baseline and candidate	2026-10-07T13:59:02.6510873Z       |                                  |                         |
compare	Build baseline and candidate	2026-10-07T13:59:02.6511248Z       |                                  long long unsigned int    uint64_t {aka long unsigned int}
compare	Build baseline and candidate	2026-10-07T13:59:02.6511575Z       |                               %lu
compare	Build baseline and candidate	2026-10-07T13:59:02.6512196Z src/solver/Solver.cc:6806:44: warning: format ‘%llu’ expects argument of type ‘long long unsigned int’, but argument 3 has type ‘uint64_t’ {aka ‘long unsigned int’} [-Wformat=]
compare	Build baseline and candidate	2026-10-07T13:59:02.6513134Z  6806 |       else printf("c error UB %llu, inf %llu, sup %llu\n", UB, inf, sup);
compare	Build baseline and candidate	2026-10-07T13:59:02.6513461Z       |                                         ~~~^                   ~~~
compare	Build baseline and candidate	2026-10-07T13:59:02.6513780Z       |                                            |                   |
compare	Build baseline and candidate	2026-10-07T13:59:02.6514101Z       |                                            |                   uint64_t {aka long unsigned int}
compare	Build baseline and candidate	2026-10-07T13:59:02.6514468Z       |                                            long long unsigned int
compare	Build baseline and candidate	2026-10-07T13:59:02.6514767Z       |                                         %lu
compare	Build baseline and candidate	2026-10-07T13:59:02.6515390Z src/solver/Solver.cc:6806:54: warning: format ‘%llu’ expects argument of type ‘long long unsigned int’, but argument 4 has type ‘uint64_t’ {aka ‘long unsigned int’} [-Wformat=]
compare	Build baseline and candidate	2026-10-07T13:59:02.6516018Z  6806 |       else printf("c error UB %llu, inf %llu, sup %llu\n", UB, inf, sup);
compare	Build baseline and candidate	2026-10-07T13:59:02.6516363Z       |                                                   ~~~^              ~~~
compare	Build baseline and candidate	2026-10-07T13:59:02.6516652Z       |                                                      |              |
compare	Build baseline and candidate	2026-10-07T13:59:02.6516992Z       |                                                      |              uint64_t {aka long unsigned int}
compare	Build baseline and candidate	2026-10-07T13:59:02.6517402Z       |                                                      long long unsigned int
compare	Build baseline and candidate	2026-10-07T13:59:02.6517730Z       |                                                   %lu
compare	Build baseline and candidate	2026-10-07T13:59:02.6518364Z src/solver/Solver.cc:6828:57: warning: format ‘%llu’ expects argument of type ‘long long unsigned int’, but argument 2 has type ‘uint64_t’ {aka ‘long unsigned int’} [-Wformat=]
compare	Build baseline and candidate	2026-10-07T13:59:02.6519015Z  6828 |       printf("c no feasible solution, hardConflicts: %llu\n", conflicts - softConflicts);
compare	Build baseline and candidate	2026-10-07T13:59:02.6519437Z       |                                                      ~~~^     ~~~~~~~~~~~~~~~~~~~~~~~~~
compare	Build baseline and candidate	2026-10-07T13:59:02.6519753Z       |                                                         |               |
compare	Build baseline and candidate	2026-10-07T13:59:02.6520116Z       |                                                         |               uint64_t {aka long unsigned int}
compare	Build baseline and candidate	2026-10-07T13:59:02.6520451Z       |                                                         long long unsigned int
compare	Build baseline and candidate	2026-10-07T13:59:02.6520761Z       |                                                      %lu
compare	Build baseline and candidate	2026-10-07T13:59:02.6521419Z src/solver/Solver.cc:6831:30: warning: format ‘%llu’ expects argument of type ‘long long unsigned int’, but argument 2 has type ‘uint64_t’ {aka ‘long unsigned int’} [-Wformat=]
compare	Build baseline and candidate	2026-10-07T13:59:02.6522094Z  6831 |       printf("c initCost: %llu, fixedBySearch: %llu, optimal: %llu, maxsat: %llu, hardConflicts: %llu\n",
compare	Build baseline and candidate	2026-10-07T13:59:02.6522482Z       |                           ~~~^
compare	Build baseline and candidate	2026-10-07T13:59:02.6522724Z       |                              |
compare	Build baseline and candidate	2026-10-07T13:59:02.6523149Z       |                              long long unsigned int
compare	Build baseline and candidate	2026-10-07T13:59:02.6523450Z       |                           %lu
compare	Build baseline and candidate	2026-10-07T13:59:02.6523721Z  6832 |              solutionCost, fixedCostBySearch,
compare	Build baseline and candidate	2026-10-07T13:59:02.6524005Z       |              ~~~~~~~~~~~~     
compare	Build baseline and candidate	2026-10-07T13:59:02.6524236Z       |              |
compare	Build baseline and candidate	2026-10-07T13:59:02.6524465Z       |              uint64_t {aka long unsigned int}
compare	Build baseline and candidate	2026-10-07T13:59:02.6525144Z src/solver/Solver.cc:6831:51: warning: format ‘%llu’ expects argument of type ‘long long unsigned int’, but argument 3 has type ‘uint64_t’ {aka ‘long unsigned int’} [-Wformat=]
compare	Build baseline and candidate	2026-10-07T13:59:02.6525820Z  6831 |       printf("c initCost: %llu, fixedBySearch: %llu, optimal: %llu, maxsat: %llu, hardConflicts: %llu\n",
compare	Build baseline and candidate	2026-10-07T13:59:02.6526242Z       |                                                ~~~^
compare	Build baseline and candidate	2026-10-07T13:59:02.6526513Z       |                                                   |
compare	Build baseline and candidate	2026-10-07T13:59:02.6526783Z       |                                                   long long unsigned int
compare	Build baseline and candidate	2026-10-07T13:59:02.6527175Z       |                                                %lu
compare	Build baseline and candidate	2026-10-07T13:59:02.6527459Z  6832 |              solutionCost, fixedCostBySearch,
compare	Build baseline and candidate	2026-10-07T13:59:02.6527803Z       |                            ~~~~~~~~~~~~~~~~~       
compare	Build baseline and candidate	2026-10-07T13:59:02.6528077Z       |                            |
compare	Build baseline and candidate	2026-10-07T13:59:02.6528366Z       |                            uint64_t {aka long unsigned int}
compare	Build baseline and candidate	2026-10-07T13:59:02.6529034Z src/solver/Solver.cc:6831:66: warning: format ‘%llu’ expects argument of type ‘long long unsigned int’, but argument 4 has type ‘uint64_t’ {aka ‘long unsigned int’} [-Wformat=]
compare	Build baseline and candidate	2026-10-07T13:59:02.6529696Z  6831 |       printf("c initCost: %llu, fixedBySearch: %llu, optimal: %llu, maxsat: %llu, hardConflicts: %llu\n",
compare	Build baseline and candidate	2026-10-07T13:59:02.6530100Z       |                                                               ~~~^
compare	Build baseline and candidate	2026-10-07T13:59:02.6530402Z       |                                                                  |
compare	Build baseline and candidate	2026-10-07T13:59:02.6530782Z       |                                                                  long long unsigned int
compare	Build baseline and candidate	2026-10-07T13:59:02.6531143Z       |                                                               %lu
compare	Build baseline and candidate	2026-10-07T13:59:02.6531489Z  6832 |              solutionCost, fixedCostBySearch,
compare	Build baseline and candidate	2026-10-07T13:59:02.6531785Z  6833 |              lastOptimalCost,
compare	Build baseline and candidate	2026-10-07T13:59:02.6532149Z       |              ~~~~~~~~~~~~~~~                                      
compare	Build baseline and candidate	2026-10-07T13:59:02.6532461Z       |              |
compare	Build baseline and candidate	2026-10-07T13:59:02.6532725Z       |              uint64_t {aka long unsigned int}
compare	Build baseline and candidate	2026-10-07T13:59:02.6533732Z src/solver/Solver.cc:6831:80: warning: format ‘%llu’ expects argument of type ‘long long unsigned int’, but argument 5 has type ‘uint64_t’ {aka ‘long unsigned int’} [-Wformat=]
compare	Build baseline and candidate	2026-10-07T13:59:02.6534416Z  6831 |       printf("c initCost: %llu, fixedBySearch: %llu, optimal: %llu, maxsat: %llu, hardConflicts: %llu\n",
compare	Build baseline and candidate	2026-10-07T13:59:02.6534929Z       |                                                                             ~~~^
compare	Build baseline and candidate	2026-10-07T13:59:02.6535262Z       |                                                                                |
compare	Build baseline and candidate	2026-10-07T13:59:02.6535619Z       |                                                                                long long unsigned int
compare	Build baseline and candidate	2026-10-07T13:59:02.6535969Z       |                                                                             %lu
compare	Build baseline and candidate	2026-10-07T13:59:02.6536253Z ......
compare	Build baseline and candidate	2026-10-07T13:59:02.6536569Z  6834 |              objForSearch-sup + nbSatLits, conflicts - softConflicts);
compare	Build baseline and candidate	2026-10-07T13:59:02.6536962Z       |              ~~~~~~~~~~~~~~~~~~~~~~~~~~~~                                       
compare	Build baseline and candidate	2026-10-07T13:59:02.6537319Z       |                               |
compare	Build baseline and candidate	2026-10-07T13:59:02.6537612Z       |                               uint64_t {aka long unsigned int}
compare	Build baseline and candidate	2026-10-07T13:59:02.6538268Z src/solver/Solver.cc:6831:101: warning: format ‘%llu’ expects argument of type ‘long long unsigned int’, but argument 6 has type ‘uint64_t’ {aka ‘long unsigned int’} [-Wformat=]
compare	Build baseline and candidate	2026-10-07T13:59:02.6539029Z  6831 |       printf("c initCost: %llu, fixedBySearch: %llu, optimal: %llu, maxsat: %llu, hardConflicts: %llu\n",
compare	Build baseline and candidate	2026-10-07T13:59:02.6539471Z       |                                                                                                  ~~~^
compare	Build baseline and candidate	2026-10-07T13:59:02.6539830Z       |                                                                                                     |
compare	Build baseline and candidate	2026-10-07T13:59:02.6540226Z       |                                                                                                     long long unsigned int
compare	Build baseline and candidate	2026-10-07T13:59:02.6540621Z       |                                                                                                  %lu
compare	Build baseline and candidate	2026-10-07T13:59:02.6540976Z ......
compare	Build baseline and candidate	2026-10-07T13:59:02.6541301Z  6834 |              objForSearch-sup + nbSatLits, conflicts - softConflicts);
compare	Build baseline and candidate	2026-10-07T13:59:02.6541664Z       |                                            ~~~~~~~~~~~~~~~~~~~~~~~~~                                 
compare	Build baseline and candidate	2026-10-07T13:59:02.6542082Z       |                                                      |
compare	Build baseline and candidate	2026-10-07T13:59:02.6542383Z       |                                                      uint64_t {aka long unsigned int}
compare	Build baseline and candidate	2026-10-07T13:59:02.6543158Z src/solver/Solver.cc:6836:24: warning: format ‘%llu’ expects argument of type ‘long long unsigned int’, but argument 2 has type ‘uint64_t’ {aka ‘long unsigned int’} [-Wformat=]
compare	Build baseline and candidate	2026-10-07T13:59:02.6543917Z  6836 |     printf("c nbLK: %llu, nbSuccLK: %llu(%4.2f%%), nbLKup: %llu(%4.2f%%), hardens %u (fixed %llu), dynVars %d, shorten: %llu\n",
compare	Build baseline and candidate	2026-10-07T13:59:02.6544321Z       |                     ~~~^
compare	Build baseline and candidate	2026-10-07T13:59:02.6544566Z       |                        |
compare	Build baseline and candidate	2026-10-07T13:59:02.6544817Z       |                        long long unsigned int
compare	Build baseline and candidate	2026-10-07T13:59:02.6545098Z       |                     %lu
compare	Build baseline and candidate	2026-10-07T13:59:02.6545417Z  6837 |            LOOKAHEAD, nbLKsuccess, 100.0*nbLKsuccess/LOOKAHEAD, lk_propagations,
compare	Build baseline and candidate	2026-10-07T13:59:02.6545745Z       |            ~~~~~~~~~    
compare	Build baseline and candidate	2026-10-07T13:59:02.6546012Z       |            |
compare	Build baseline and candidate	2026-10-07T13:59:02.6546249Z       |            uint64_t {aka long unsigned int}
compare	Build baseline and candidate	2026-10-07T13:59:02.6546917Z src/solver/Solver.cc:6836:40: warning: format ‘%llu’ expects argument of type ‘long long unsigned int’, but argument 3 has type ‘uint64_t’ {aka ‘long unsigned int’} [-Wformat=]
compare	Build baseline and candidate	2026-10-07T13:59:02.6547654Z  6836 |     printf("c nbLK: %llu, nbSuccLK: %llu(%4.2f%%), nbLKup: %llu(%4.2f%%), hardens %u (fixed %llu), dynVars %d, shorten: %llu\n",
compare	Build baseline and candidate	2026-10-07T13:59:02.6548050Z       |                                     ~~~^
compare	Build baseline and candidate	2026-10-07T13:59:02.6548324Z       |                                        |
compare	Build baseline and candidate	2026-10-07T13:59:02.6548596Z       |                                        long long unsigned int
compare	Build baseline and candidate	2026-10-07T13:59:02.6548897Z       |                                     %lu
compare	Build baseline and candidate	2026-10-07T13:59:02.6549272Z  6837 |            LOOKAHEAD, nbLKsuccess, 100.0*nbLKsuccess/LOOKAHEAD, lk_propagations,
compare	Build baseline and candidate	2026-10-07T13:59:02.6549598Z       |                       ~~~~~~~~~~~       
compare	Build baseline and candidate	2026-10-07T13:59:02.6549874Z       |                       |
compare	Build baseline and candidate	2026-10-07T13:59:02.6550145Z       |                       uint64_t {aka long unsigned int}
compare	Build baseline and candidate	2026-10-07T13:59:02.6550776Z src/solver/Solver.cc:6836:63: warning: format ‘%llu’ expects argument of type ‘long long unsigned int’, but argument 5 has type ‘uint64_t’ {aka ‘long unsigned int’} [-Wformat=]
compare	Build baseline and candidate	2026-10-07T13:59:02.6551485Z  6836 |     printf("c nbLK: %llu, nbSuccLK: %llu(%4.2f%%), nbLKup: %llu(%4.2f%%), hardens %u (fixed %llu), dynVars %d, shorten: %llu\n",
compare	Build baseline and candidate	2026-10-07T13:59:02.6551966Z       |                                                            ~~~^
compare	Build baseline and candidate	2026-10-07T13:59:02.6552320Z       |                                                               |
compare	Build baseline and candidate	2026-10-07T13:59:02.6552658Z       |                                                               long long unsigned int
compare	Build baseline and candidate	2026-10-07T13:59:02.6553064Z       |                                                            %lu
compare	Build baseline and candidate	2026-10-07T13:59:02.6553449Z  6837 |            LOOKAHEAD, nbLKsuccess, 100.0*nbLKsuccess/LOOKAHEAD, lk_propagations,
compare	Build baseline and candidate	2026-10-07T13:59:02.6553842Z       |                                                                 ~~~~~~~~~~~~~~~
compare	Build baseline and candidate	2026-10-07T13:59:02.6554175Z       |                                                                 |
compare	Build baseline and candidate	2026-10-07T13:59:02.6554543Z       |                                                                 uint64_t {aka long unsigned int}
compare	Build baseline and candidate	2026-10-07T13:59:02.6555446Z src/solver/Solver.cc:6836:96: warning: format ‘%llu’ expects argument of type ‘long long unsigned int’, but argument 8 has type ‘uint64_t’ {aka ‘long unsigned int’} [-Wformat=]
compare	Build baseline and candidate	2026-10-07T13:59:02.6556205Z  6836 |     printf("c nbLK: %llu, nbSuccLK: %llu(%4.2f%%), nbLKup: %llu(%4.2f%%), hardens %u (fixed %llu), dynVars %d, shorten: %llu\n",
compare	Build baseline and candidate	2026-10-07T13:59:02.6556688Z       |                                                                                             ~~~^
compare	Build baseline and candidate	2026-10-07T13:59:02.6557064Z       |                                                                                                |
compare	Build baseline and candidate	2026-10-07T13:59:02.6557530Z       |                                                                                                long long unsigned int
compare	Build baseline and candidate	2026-10-07T13:59:02.6557885Z       |                                                                                             %lu
compare	Build baseline and candidate	2026-10-07T13:59:02.6558362Z  6837 |            LOOKAHEAD, nbLKsuccess, 100.0*nbLKsuccess/LOOKAHEAD, lk_propagations,
compare	Build baseline and candidate	2026-10-07T13:59:02.6558872Z  6838 |            100.0*lk_propagations/propagations, nbHardens, fixedByHardens, nVars()-staticNbVars, nbSavedLits);
compare	Build baseline and candidate	2026-10-07T13:59:02.6559349Z       |                                                           ~~~~~~~~~~~~~~                        
compare	Build baseline and candidate	2026-10-07T13:59:02.6559696Z       |                                                           |
compare	Build baseline and candidate	2026-10-07T13:59:02.6560006Z       |                                                           uint64_t {aka long unsigned int}
compare	Build baseline and candidate	2026-10-07T13:59:02.6560724Z src/solver/Solver.cc:6836:124: warning: format ‘%llu’ expects argument of type ‘long long unsigned int’, but argument 10 has type ‘uint64_t’ {aka ‘long unsigned int’} [-Wformat=]
compare	Build baseline and candidate	2026-10-07T13:59:02.6561467Z  6836 |     printf("c nbLK: %llu, nbSuccLK: %llu(%4.2f%%), nbLKup: %llu(%4.2f%%), hardens %u (fixed %llu), dynVars %d, shorten: %llu\n",
compare	Build baseline and candidate	2026-10-07T13:59:02.6561962Z       |                                                                                                                         ~~~^
compare	Build baseline and candidate	2026-10-07T13:59:02.6562437Z       |                                                                                                                            |
compare	Build baseline and candidate	2026-10-07T13:59:02.6562899Z       |                                                                                                                            long long unsigned int
compare	Build baseline and candidate	2026-10-07T13:59:02.6563334Z       |                                                                                                                         %lu
compare	Build baseline and candidate	2026-10-07T13:59:02.6563731Z  6837 |            LOOKAHEAD, nbLKsuccess, 100.0*nbLKsuccess/LOOKAHEAD, lk_propagations,
compare	Build baseline and candidate	2026-10-07T13:59:02.6564275Z  6838 |            100.0*lk_propagations/propagations, nbHardens, fixedByHardens, nVars()-staticNbVars, nbSavedLits);
compare	Build baseline and candidate	2026-10-07T13:59:02.6564725Z       |                                                                                                 ~~~~~~~~~~~                 
compare	Build baseline and candidate	2026-10-07T13:59:02.6565072Z       |                                                                                                 |
compare	Build baseline and candidate	2026-10-07T13:59:02.6565446Z       |                                                                                                 uint64_t {aka long unsigned int}
compare	Build baseline and candidate	2026-10-07T13:59:02.6657431Z In file included from src/solver/mtl/Sort.h:24,
compare	Build baseline and candidate	2026-10-07T13:59:02.6657979Z                  from src/solver/Solver.cc:106:
compare	Build baseline and candidate	2026-10-07T13:59:02.6658694Z src/solver/mtl/Vec.h: In instantiation of ‘void Minisat::vec<T>::capacity(int) [with T = Minisat::vec<Minisat::Solver::Watcher>]’:
compare	Build baseline and candidate	2026-10-07T13:59:02.6659458Z src/solver/mtl/Vec.h:115:13:   required from ‘void Minisat::vec<T>::growTo(int) [with T = Minisat::vec<Minisat::Solver::Watcher>]’
compare	Build baseline and candidate	2026-10-07T13:59:02.6660501Z src/solver/SolverTypes.h:339:50:   required from ‘void Minisat::OccLists<Idx, Vec, Deleted>::init(const Idx&) [with Idx = Minisat::Lit; Vec = Minisat::vec<Minisat::Solver::Watcher>; Deleted = Minisat::Solver::WatcherDeleted]’
compare	Build baseline and candidate	2026-10-07T13:59:02.6661316Z src/solver/Solver.cc:1272:21:   required from here
compare	Build baseline and candidate	2026-10-07T13:59:02.6662148Z src/solver/mtl/Vec.h:99:54: warning: ‘void* realloc(void*, size_t)’ moving an object of non-trivially copyable type ‘class Minisat::vec<Minisat::Solver::Watcher>’; use ‘new’ and ‘delete’ instead [-Wclass-memaccess]
compare	Build baseline and candidate	2026-10-07T13:59:02.6663067Z    99 |     if (add > INT_MAX - cap || ((data = (T*)::realloc(data, (cap += add) * sizeof(T))) == NULL) && errno == ENOMEM)
compare	Build baseline and candidate	2026-10-07T13:59:02.6663525Z       |                                             ~~~~~~~~~^~~~~~~~~~~~~~~~~~~~~~~~~~~~~~~~
compare	Build baseline and candidate	2026-10-07T13:59:02.6664150Z src/solver/mtl/Vec.h:38:7: note: ‘class Minisat::vec<Minisat::Solver::Watcher>’ declared here
compare	Build baseline and candidate	2026-10-07T13:59:02.6664507Z    38 | class vec {
compare	Build baseline and candidate	2026-10-07T13:59:02.6664740Z       |       ^~~
compare	Build baseline and candidate	2026-10-07T13:59:02.6665297Z src/solver/mtl/Vec.h: In instantiation of ‘void Minisat::vec<T>::capacity(int) [with T = Minisat::vec<Minisat::Lit>]’:
compare	Build baseline and candidate	2026-10-07T13:59:02.6666118Z src/solver/mtl/Vec.h:115:13:   required from ‘void Minisat::vec<T>::growTo(int) [with T = Minisat::vec<Minisat::Lit>]’
compare	Build baseline and candidate	2026-10-07T13:59:02.6666843Z src/solver/Solver.h:72:50:   required from ‘void Minisat::vec2<Idx, Vec>::init(const Idx&) [with Idx = Minisat::Lit; Vec = Minisat::vec<Minisat::Lit>]’
compare	Build baseline and candidate	2026-10-07T13:59:02.6667327Z src/solver/Solver.cc:1312:22:   required from here
compare	Build baseline and candidate	2026-10-07T13:59:02.6668099Z src/solver/mtl/Vec.h:99:54: warning: ‘void* realloc(void*, size_t)’ moving an object of non-trivially copyable type ‘class Minisat::vec<Minisat::Lit>’; use ‘new’ and ‘delete’ instead [-Wclass-memaccess]
compare	Build baseline and candidate	2026-10-07T13:59:02.6668828Z    99 |     if (add > INT_MAX - cap || ((data = (T*)::realloc(data, (cap += add) * sizeof(T))) == NULL) && errno == ENOMEM)
compare	Build baseline and candidate	2026-10-07T13:59:02.6669305Z       |                                             ~~~~~~~~~^~~~~~~~~~~~~~~~~~~~~~~~~~~~~~~~
compare	Build baseline and candidate	2026-10-07T13:59:02.6669735Z src/solver/mtl/Vec.h:38:7: note: ‘class Minisat::vec<Minisat::Lit>’ declared here
compare	Build baseline and candidate	2026-10-07T13:59:02.6670053Z    38 | class vec {
compare	Build baseline and candidate	2026-10-07T13:59:02.6670339Z       |       ^~~
compare	Build baseline and candidate	2026-10-07T13:59:02.6670788Z src/solver/mtl/Vec.h: In instantiation of ‘void Minisat::vec<T>::capacity(int) [with T = Minisat::vec<int>]’:
compare	Build baseline and candidate	2026-10-07T13:59:02.6671374Z src/solver/mtl/Vec.h:115:13:   required from ‘void Minisat::vec<T>::growTo(int) [with T = Minisat::vec<int>]’
compare	Build baseline and candidate	2026-10-07T13:59:02.6672010Z src/solver/Solver.h:72:50:   required from ‘void Minisat::vec2<Idx, Vec>::init(const Idx&) [with Idx = int; Vec = Minisat::vec<int>]’
compare	Build baseline and candidate	2026-10-07T13:59:02.6672477Z src/solver/Solver.cc:4250:13:   required from here
compare	Build baseline and candidate	2026-10-07T13:59:02.6673262Z src/solver/mtl/Vec.h:99:54: warning: ‘void* realloc(void*, size_t)’ moving an object of non-trivially copyable type ‘class Minisat::vec<int>’; use ‘new’ and ‘delete’ instead [-Wclass-memaccess]
compare	Build baseline and candidate	2026-10-07T13:59:02.6674008Z    99 |     if (add > INT_MAX - cap || ((data = (T*)::realloc(data, (cap += add) * sizeof(T))) == NULL) && errno == ENOMEM)
compare	Build baseline and candidate	2026-10-07T13:59:02.6674418Z       |                                             ~~~~~~~~~^~~~~~~~~~~~~~~~~~~~~~~~~~~~~~~~
compare	Build baseline and candidate	2026-10-07T13:59:02.6674857Z src/solver/mtl/Vec.h:38:7: note: ‘class Minisat::vec<int>’ declared here
compare	Build baseline and candidate	2026-10-07T13:59:02.6675177Z    38 | class vec {
compare	Build baseline and candidate	2026-10-07T13:59:02.6675454Z       |       ^~~
compare	Build baseline and candidate	2026-10-07T13:59:02.7334858Z src/solver/Solver.cc: In member function ‘void Minisat::Solver::emitBoundsUpdate()’:
compare	Build baseline and candidate	2026-10-07T13:59:02.7336148Z src/solver/Solver.cc:5204:24: warning: ignoring return value of ‘ssize_t write(int, const void*, size_t)’ declared with attribute ‘warn_unused_result’ [-Wunused-result]
compare	Build baseline and candidate	2026-10-07T13:59:02.7337269Z  5204 |             (void)write(bounds_pipe_w, buf, (size_t)n);
compare	Build baseline and candidate	2026-10-07T13:59:02.7337853Z       |                   ~~~~~^~~~~~~~~~~~~~~~~~~~~~~~~~~~~~~
compare	Build baseline and candidate	2026-10-07T13:59:02.7338912Z src/solver/Solver.cc:5210:24: warning: ignoring return value of ‘ssize_t write(int, const void*, size_t)’ declared with attribute ‘warn_unused_result’ [-Wunused-result]
compare	Build baseline and candidate	2026-10-07T13:59:02.7339925Z  5210 |             (void)write(bounds_pipe_w, buf, (size_t)n);
compare	Build baseline and candidate	2026-10-07T13:59:02.7340496Z       |                   ~~~~~^~~~~~~~~~~~~~~~~~~~~~~~~~~~~~~
compare	Build baseline and candidate	2026-10-07T13:59:02.7341369Z src/solver/Solver.cc: In member function ‘void Minisat::Solver::emitTryUpdate(uint64_t)’:
compare	Build baseline and candidate	2026-10-07T13:59:02.7342515Z src/solver/Solver.cc:5220:20: warning: ignoring return value of ‘ssize_t write(int, const void*, size_t)’ declared with attribute ‘warn_unused_result’ [-Wunused-result]
compare	Build baseline and candidate	2026-10-07T13:59:02.7343795Z  5220 |         (void)write(bounds_pipe_w, buf, (size_t)n);
compare	Build baseline and candidate	2026-10-07T13:59:02.7344360Z       |               ~~~~~^~~~~~~~~~~~~~~~~~~~~~~~~~~~~~~
compare	Build baseline and candidate	2026-10-07T13:59:04.7784450Z In file included from src/solver/Solver.h:54:
compare	Build baseline and candidate	2026-10-07T13:59:04.7786718Z In function ‘Minisat::Lit Minisat::operator~(Lit)’,
compare	Build baseline and candidate	2026-10-07T13:59:04.7787396Z     inlined from ‘void Minisat::Solver::analyze(Minisat::CRef, Minisat::vec<Minisat::Lit>&, int&, int&)’ at src/solver/Solver.cc:1757:22:
compare	Build baseline and candidate	2026-10-07T13:59:04.7936503Z src/solver/SolverTypes.h:73:64: warning: ‘p.Minisat::Lit::x’ may be used uninitialized [-Wmaybe-uninitialized]
compare	Build baseline and candidate	2026-10-07T13:59:04.7937120Z    73 | inline  Lit  operator ~(Lit p)              { Lit q; q.x = p.x ^ 1; return q; }
compare	Build baseline and candidate	2026-10-07T13:59:04.7937487Z       |                                                            ~~~~^~~
compare	Build baseline and candidate	2026-10-07T13:59:04.7938172Z src/solver/Solver.cc: In member function ‘void Minisat::Solver::analyze(Minisat::CRef, Minisat::vec<Minisat::Lit>&, int&, int&)’:
compare	Build baseline and candidate	2026-10-07T13:59:04.7938811Z src/solver/Solver.cc:1671:9: note: ‘p.Minisat::Lit::x’ was declared here
compare	Build baseline and candidate	2026-10-07T13:59:04.7939153Z  1671 |     Lit p; //     = lit_Undef;
compare	Build baseline and candidate	2026-10-07T13:59:04.7939581Z       |         ^
compare	Build baseline and candidate	2026-10-07T13:59:04.8500181Z In function ‘Minisat::Lit Minisat::operator~(Lit)’,
compare	Build baseline and candidate	2026-10-07T13:59:04.8500885Z     inlined from ‘void Minisat::Solver::analyzeSoftConflict(Minisat::vec<Minisat::Lit>&, int&, int&)’ at src/solver/Solver.cc:2396:22:
compare	Build baseline and candidate	2026-10-07T13:59:04.8501585Z src/solver/SolverTypes.h:73:64: warning: ‘p.Minisat::Lit::x’ may be used uninitialized [-Wmaybe-uninitialized]
compare	Build baseline and candidate	2026-10-07T13:59:04.8502353Z    73 | inline  Lit  operator ~(Lit p)              { Lit q; q.x = p.x ^ 1; return q; }
compare	Build baseline and candidate	2026-10-07T13:59:04.8502672Z       |                                                            ~~~~^~~
compare	Build baseline and candidate	2026-10-07T13:59:04.8503444Z src/solver/Solver.cc: In member function ‘void Minisat::Solver::analyzeSoftConflict(Minisat::vec<Minisat::Lit>&, int&, int&)’:
compare	Build baseline and candidate	2026-10-07T13:59:04.8504048Z src/solver/Solver.cc:2193:9: note: ‘p.Minisat::Lit::x’ was declared here
compare	Build baseline and candidate	2026-10-07T13:59:04.8504325Z  2193 |     Lit p;
compare	Build baseline and candidate	2026-10-07T13:59:04.8504482Z       |         ^
compare	Build baseline and candidate	2026-10-07T13:59:04.9624762Z In function ‘Minisat::Lit Minisat::operator~(Lit)’,
compare	Build baseline and candidate	2026-10-07T13:59:04.9625374Z     inlined from ‘void Minisat::Solver::analyzeQuasiSoftConflict(Minisat::vec<Minisat::Lit>&, int&, int&)’ at src/solver/Solver.cc:4664:22:
compare	Build baseline and candidate	2026-10-07T13:59:04.9625993Z src/solver/SolverTypes.h:73:64: warning: ‘p.Minisat::Lit::x’ may be used uninitialized [-Wmaybe-uninitialized]
compare	Build baseline and candidate	2026-10-07T13:59:04.9626461Z    73 | inline  Lit  operator ~(Lit p)              { Lit q; q.x = p.x ^ 1; return q; }
compare	Build baseline and candidate	2026-10-07T13:59:04.9626762Z       |                                                            ~~~~^~~
compare	Build baseline and candidate	2026-10-07T13:59:04.9627248Z src/solver/Solver.cc: In member function ‘void Minisat::Solver::analyzeQuasiSoftConflict(Minisat::vec<Minisat::Lit>&, int&, int&)’:
compare	Build baseline and candidate	2026-10-07T13:59:04.9627751Z src/solver/Solver.cc:4492:9: note: ‘p.Minisat::Lit::x’ was declared here
compare	Build baseline and candidate	2026-10-07T13:59:04.9627995Z  4492 |     Lit p;
compare	Build baseline and candidate	2026-10-07T13:59:04.9628136Z       |         ^
compare	Build baseline and candidate	2026-10-07T13:59:07.0577477Z g++ -Isrc/solver -Wall -Wno-parentheses -O3 -g -D __STDC_LIMIT_MACROS -D __STDC_FORMAT_MACROS -DNDEBUG -o bin/distqldpc src/core/distqldpc.cc build/SimpSolver.o build/Solver.o build/Options.o build/System.o -lz
compare	Build baseline and candidate	2026-10-07T13:59:07.0579873Z g++ -Isrc/solver -Wall -Wno-parentheses -O3 -g -D __STDC_LIMIT_MACROS -D __STDC_FORMAT_MACROS -DNDEBUG -o bin/maxcdcl src/solver/Main.cc build/SimpSolver.o build/Solver.o build/Options.o build/System.o -lz
compare	Build baseline and candidate	2026-10-07T13:59:07.0891934Z In file included from src/solver/Main.cc:51:
compare	Build baseline and candidate	2026-10-07T13:59:07.0892576Z src/solver/utils/Options.h:285:29: warning: invalid suffix on literal; C++11 requires a space between literal and string macro [-Wliteral-suffix]
compare	Build baseline and candidate	2026-10-07T13:59:07.0893186Z   285 |             fprintf(stderr, "%4"PRIi64, range.begin);
compare	Build baseline and candidate	2026-10-07T13:59:07.0893437Z       |                             ^
compare	Build baseline and candidate	2026-10-07T13:59:07.0893896Z src/solver/utils/Options.h:291:29: warning: invalid suffix on literal; C++11 requires a space between literal and string macro [-Wliteral-suffix]
compare	Build baseline and candidate	2026-10-07T13:59:07.0894307Z   291 |             fprintf(stderr, "%4"PRIi64, range.end);
compare	Build baseline and candidate	2026-10-07T13:59:07.0894744Z       |                             ^
compare	Build baseline and candidate	2026-10-07T13:59:07.0895110Z src/solver/utils/Options.h:293:25: warning: invalid suffix on literal; C++11 requires a space between literal and string macro [-Wliteral-suffix]
compare	Build baseline and candidate	2026-10-07T13:59:07.0895524Z   293 |         fprintf(stderr, "] (default: %"PRIi64")\n", value);
compare	Build baseline and candidate	2026-10-07T13:59:07.0895742Z       |                         ^
compare	Build baseline and candidate	2026-10-07T13:59:07.0902894Z src/solver/Main.cc:84:16: warning: invalid suffix on literal; C++11 requires a space between literal and string macro [-Wliteral-suffix]
compare	Build baseline and candidate	2026-10-07T13:59:07.0903437Z    84 |         printf("c restarts              : %"PRIu64"\n", solver.starts);
compare	Build baseline and candidate	2026-10-07T13:59:07.0903707Z       |                ^
compare	Build baseline and candidate	2026-10-07T13:59:07.0904099Z src/solver/Main.cc:85:16: warning: invalid suffix on literal; C++11 requires a space between literal and string macro [-Wliteral-suffix]
compare	Build baseline and candidate	2026-10-07T13:59:07.0904610Z    85 |         printf("c conflicts             : %-12"PRIu64"   (%.0f /sec)\n", solver.conflicts, solver.conflicts / cpu_time);
compare	Build baseline and candidate	2026-10-07T13:59:07.0905045Z       |                ^
compare	Build baseline and candidate	2026-10-07T13:59:07.0905496Z src/solver/Main.cc:86:16: warning: invalid suffix on literal; C++11 requires a space between literal and string macro [-Wliteral-suffix]
compare	Build baseline and candidate	2026-10-07T13:59:07.0906212Z    86 |         printf("c decisions             : %-12"PRIu64"   (%4.2f %% random) (%.0f /sec)\n", solver.decisions, (float)solver.rnd_decisions * 100 / (float)solver.decisions, solver.decisions / cpu_time);
compare	Build baseline and candidate	2026-10-07T13:59:07.0906759Z       |                ^
compare	Build baseline and candidate	2026-10-07T13:59:07.0907088Z src/solver/Main.cc:87:16: warning: invalid suffix on literal; C++11 requires a space between literal and string macro [-Wliteral-suffix]
compare	Build baseline and candidate	2026-10-07T13:59:07.0907609Z    87 |         printf("c propagations          : %-12"PRIu64"   (%.0f /sec)\n", solver.propagations, solver.propagations / cpu_time);
compare	Build baseline and candidate	2026-10-07T13:59:07.0907930Z       |                ^
compare	Build baseline and candidate	2026-10-07T13:59:07.0908404Z src/solver/Main.cc:88:16: warning: invalid suffix on literal; C++11 requires a space between literal and string macro [-Wliteral-suffix]
compare	Build baseline and candidate	2026-10-07T13:59:07.0909045Z    88 |         printf("c conflict literals     : %-12"PRIu64"   (%4.2f %% deleted)\n", solver.tot_literals, (solver.max_literals - solver.tot_literals) * 100 / (double)solver.max_literals);
compare	Build baseline and candidate	2026-10-07T13:59:07.0909469Z       |                ^
compare	Build baseline and candidate	2026-10-07T13:59:07.0909789Z src/solver/Main.cc:93:16: warning: invalid suffix on literal; C++11 requires a space between literal and string macro [-Wliteral-suffix]
compare	Build baseline and candidate	2026-10-07T13:59:07.0910352Z    93 |         printf("c s_propagations        : %-12"PRIu64"\n", solver.s_propagations);
compare	Build baseline and candidate	2026-10-07T13:59:07.0910723Z       |                ^
compare	Build baseline and candidate	2026-10-07T13:59:07.1548834Z src/solver/Main.cc: In function ‘void printStats(Minisat::Solver&)’:
compare	Build baseline and candidate	2026-10-07T13:59:07.1549884Z src/solver/Main.cc:92:46: warning: format ‘%llu’ expects argument of type ‘long long unsigned int’, but argument 2 has type ‘uint64_t’ {aka ‘long unsigned int’} [-Wformat=]
compare	Build baseline and candidate	2026-10-07T13:59:07.1550884Z    92 |         printf("c nbSimplifyAll         : %llu\n", solver.nbSimplifyAll);
compare	Build baseline and candidate	2026-10-07T13:59:07.1551368Z       |                                           ~~~^     ~~~~~~~~~~~~~~~~~~~~
compare	Build baseline and candidate	2026-10-07T13:59:07.1551715Z       |                                              |            |
compare	Build baseline and candidate	2026-10-07T13:59:07.1552072Z       |                                              |            uint64_t {aka long unsigned int}
compare	Build baseline and candidate	2026-10-07T13:59:07.1552468Z       |                                              long long unsigned int
compare	Build baseline and candidate	2026-10-07T13:59:07.1552785Z       |                                           %lu
compare	Build baseline and candidate	2026-10-07T13:59:07.1559014Z src/solver/Main.cc: In function ‘int main(int, char**)’:
compare	Build baseline and candidate	2026-10-07T13:59:07.1559956Z src/solver/Main.cc:187:34: warning: format ‘%llu’ expects argument of type ‘long long unsigned int’, but argument 2 has type ‘uint64_t’ {aka ‘long unsigned int’} [-Wformat=]
compare	Build baseline and candidate	2026-10-07T13:59:07.1560659Z   187 |         printf("c initial UB: %llu\n", S.initUB);
compare	Build baseline and candidate	2026-10-07T13:59:07.1560984Z       |                               ~~~^     ~~~~~~~~
compare	Build baseline and candidate	2026-10-07T13:59:07.1561622Z       |                                  |       |
compare	Build baseline and candidate	2026-10-07T13:59:07.1561935Z       |                                  |       uint64_t {aka long unsigned int}
compare	Build baseline and candidate	2026-10-07T13:59:07.1562282Z       |                                  long long unsigned int
compare	Build baseline and candidate	2026-10-07T13:59:07.1562570Z       |                               %lu
compare	Build baseline and candidate	2026-10-07T13:59:07.1805818Z src/solver/Main.cc: At global scope:
compare	Build baseline and candidate	2026-10-07T13:59:07.1806552Z src/solver/Main.cc:108:13: warning: ‘void SIGINT_exit(int)’ defined but not used [-Wunused-function]
compare	Build baseline and candidate	2026-10-07T13:59:07.1806926Z   108 | static void SIGINT_exit(int signum) {
compare	Build baseline and candidate	2026-10-07T13:59:07.1807165Z       |             ^~~~~~~~~~~
compare	Build baseline and candidate	2026-10-07T13:59:07.4411593Z In file included from src/solver/Solver.h:53,
compare	Build baseline and candidate	2026-10-07T13:59:07.4412021Z                  from src/solver/SimpSolver.h:37,
compare	Build baseline and candidate	2026-10-07T13:59:07.4412312Z                  from src/core/distqldpc.cc:40:
compare	Build baseline and candidate	2026-10-07T13:59:07.4412963Z src/solver/utils/Options.h:285:29: warning: invalid suffix on literal; C++11 requires a space between literal and string macro [-Wliteral-suffix]
compare	Build baseline and candidate	2026-10-07T13:59:07.4413508Z   285 |             fprintf(stderr, "%4"PRIi64, range.begin);
compare	Build baseline and candidate	2026-10-07T13:59:07.4413718Z       |                             ^
compare	Build baseline and candidate	2026-10-07T13:59:07.4414087Z src/solver/utils/Options.h:291:29: warning: invalid suffix on literal; C++11 requires a space between literal and string macro [-Wliteral-suffix]
compare	Build baseline and candidate	2026-10-07T13:59:07.4414699Z   291 |             fprintf(stderr, "%4"PRIi64, range.end);
compare	Build baseline and candidate	2026-10-07T13:59:07.4414950Z       |                             ^
compare	Build baseline and candidate	2026-10-07T13:59:07.4415318Z src/solver/utils/Options.h:293:25: warning: invalid suffix on literal; C++11 requires a space between literal and string macro [-Wliteral-suffix]
compare	Build baseline and candidate	2026-10-07T13:59:07.4415738Z   293 |         fprintf(stderr, "] (default: %"PRIi64")\n", value);
compare	Build baseline and candidate	2026-10-07T13:59:07.4415956Z       |                         ^
compare	Build baseline and candidate	2026-10-07T13:59:07.6527668Z src/core/distqldpc.cc: In function ‘void pipe_write_result(int, int, bool)’:
compare	Build baseline and candidate	2026-10-07T13:59:07.6528650Z src/core/distqldpc.cc:162:20: warning: ignoring return value of ‘ssize_t write(int, const void*, size_t)’ declared with attribute ‘warn_unused_result’ [-Wunused-result]
compare	Build baseline and candidate	2026-10-07T13:59:07.6529154Z   162 |         (void)write(pipe_w, buf, (size_t)n);
compare	Build baseline and candidate	2026-10-07T13:59:07.6529382Z       |               ~~~~~^~~~~~~~~~~~~~~~~~~~~~~~
compare	Build baseline and candidate	2026-10-07T13:59:08.4186444Z make: Leaving directory '/home/runner/work/DistQLDPC/DistQLDPC/baseline'
compare	Build baseline and candidate	2026-10-07T13:59:08.4200846Z make: Entering directory '/home/runner/work/DistQLDPC/DistQLDPC/candidate'
compare	Build baseline and candidate	2026-10-07T13:59:08.4209803Z g++ -Isrc/solver -Wall -Wno-parentheses -O3 -g -D __STDC_LIMIT_MACROS -D __STDC_FORMAT_MACROS -DNDEBUG -flto=1 -c -o build/SimpSolver.o src/solver/SimpSolver.cc
compare	Build baseline and candidate	2026-10-07T13:59:08.4493673Z In file included from src/solver/Solver.h:53,
compare	Build baseline and candidate	2026-10-07T13:59:08.4494123Z                  from src/solver/SimpSolver.h:37,
compare	Build baseline and candidate	2026-10-07T13:59:08.4494455Z                  from src/solver/SimpSolver.cc:34:
compare	Build baseline and candidate	2026-10-07T13:59:08.4495095Z src/solver/utils/Options.h:285:29: warning: invalid suffix on literal; C++11 requires a space between literal and string macro [-Wliteral-suffix]
compare	Build baseline and candidate	2026-10-07T13:59:08.4495806Z   285 |             fprintf(stderr, "%4"PRIi64, range.begin);
compare	Build baseline and candidate	2026-10-07T13:59:08.4496124Z       |                             ^
compare	Build baseline and candidate	2026-10-07T13:59:08.4496719Z src/solver/utils/Options.h:291:29: warning: invalid suffix on literal; C++11 requires a space between literal and string macro [-Wliteral-suffix]
compare	Build baseline and candidate	2026-10-07T13:59:08.4497390Z   291 |             fprintf(stderr, "%4"PRIi64, range.end);
compare	Build baseline and candidate	2026-10-07T13:59:08.4497698Z       |                             ^
compare	Build baseline and candidate	2026-10-07T13:59:08.4498269Z src/solver/utils/Options.h:293:25: warning: invalid suffix on literal; C++11 requires a space between literal and string macro [-Wliteral-suffix]
compare	Build baseline and candidate	2026-10-07T13:59:08.4498931Z   293 |         fprintf(stderr, "] (default: %"PRIi64")\n", value);
compare	Build baseline and candidate	2026-10-07T13:59:08.4499257Z       |                         ^
compare	Build baseline and candidate	2026-10-07T13:59:08.5415976Z In file included from src/solver/mtl/Sort.h:24,
compare	Build baseline and candidate	2026-10-07T13:59:08.5416850Z                  from src/solver/SimpSolver.cc:33:
compare	Build baseline and candidate	2026-10-07T13:59:08.5417963Z src/solver/mtl/Vec.h: In instantiation of ‘void Minisat::vec<T>::capacity(int) [with T = Minisat::vec<unsigned int>]’:
compare	Build baseline and candidate	2026-10-07T13:59:08.5418858Z src/solver/mtl/Vec.h:115:13:   required from ‘void Minisat::vec<T>::growTo(int) [with T = Minisat::vec<unsigned int>]’
compare	Build baseline and candidate	2026-10-07T13:59:08.5420148Z src/solver/SolverTypes.h:339:50:   required from ‘void Minisat::OccLists<Idx, Vec, Deleted>::init(const Idx&) [with Idx = int; Vec = Minisat::vec<unsigned int>; Deleted = Minisat::SimpSolver::ClauseDeleted]’
compare	Build baseline and candidate	2026-10-07T13:59:08.5420997Z src/solver/SimpSolver.cc:98:24:   required from here
compare	Build baseline and candidate	2026-10-07T13:59:08.5422013Z src/solver/mtl/Vec.h:99:54: warning: ‘void* realloc(void*, size_t)’ moving an object of non-trivially copyable type ‘class Minisat::vec<unsigned int>’; use ‘new’ and ‘delete’ instead [-Wclass-memaccess]
compare	Build baseline and candidate	2026-10-07T13:59:08.5423279Z    99 |     if (add > INT_MAX - cap || ((data = (T*)::realloc(data, (cap += add) * sizeof(T))) == NULL) && errno == ENOMEM)
compare	Build baseline and candidate	2026-10-07T13:59:08.5423837Z       |                                             ~~~~~~~~~^~~~~~~~~~~~~~~~~~~~~~~~~~~~~~~~
compare	Build baseline and candidate	2026-10-07T13:59:08.5424411Z src/solver/mtl/Vec.h:38:7: note: ‘class Minisat::vec<unsigned int>’ declared here
compare	Build baseline and candidate	2026-10-07T13:59:08.5424808Z    38 | class vec {
compare	Build baseline and candidate	2026-10-07T13:59:08.5425015Z       |       ^~~
compare	Build baseline and candidate	2026-10-07T13:59:08.7186947Z g++ -Isrc/solver -Wall -Wno-parentheses -O3 -g -D __STDC_LIMIT_MACROS -D __STDC_FORMAT_MACROS -DNDEBUG -flto=1 -c -o build/Solver.o src/solver/Solver.cc
compare	Build baseline and candidate	2026-10-07T13:59:08.7480632Z In file included from src/solver/Solver.h:53,
compare	Build baseline and candidate	2026-10-07T13:59:08.7481064Z                  from src/solver/Solver.cc:107:
compare	Build baseline and candidate	2026-10-07T13:59:08.7481709Z src/solver/utils/Options.h:285:29: warning: invalid suffix on literal; C++11 requires a space between literal and string macro [-Wliteral-suffix]
compare	Build baseline and candidate	2026-10-07T13:59:08.7482366Z   285 |             fprintf(stderr, "%4"PRIi64, range.begin);
compare	Build baseline and candidate	2026-10-07T13:59:08.7482709Z       |                             ^
compare	Build baseline and candidate	2026-10-07T13:59:08.7483498Z src/solver/utils/Options.h:291:29: warning: invalid suffix on literal; C++11 requires a space between literal and string macro [-Wliteral-suffix]
compare	Build baseline and candidate	2026-10-07T13:59:08.7484156Z   291 |             fprintf(stderr, "%4"PRIi64, range.end);
compare	Build baseline and candidate	2026-10-07T13:59:08.7484479Z       |                             ^
compare	Build baseline and candidate	2026-10-07T13:59:08.7485064Z src/solver/utils/Options.h:293:25: warning: invalid suffix on literal; C++11 requires a space between literal and string macro [-Wliteral-suffix]
compare	Build baseline and candidate	2026-10-07T13:59:08.7485672Z   293 |         fprintf(stderr, "] (default: %"PRIi64")\n", value);
compare	Build baseline and candidate	2026-10-07T13:59:08.7485985Z       |                         ^
compare	Build baseline and candidate	2026-10-07T13:59:08.8150402Z src/solver/Solver.h: In constructor ‘Minisat::Solver::Solver()’:
compare	Build baseline and candidate	2026-10-07T13:59:08.8151238Z src/solver/Solver.h:480:15: warning: ‘Minisat::Solver::my_var_decay’ will be initialized after [-Wreorder]
compare	Build baseline and candidate	2026-10-07T13:59:08.8151741Z   480 |     double    my_var_decay;
compare	Build baseline and candidate	2026-10-07T13:59:08.8152022Z       |               ^~~~~~~~~~~~
compare	Build baseline and candidate	2026-10-07T13:59:08.8152690Z src/solver/Solver.h:293:42: warning:   ‘Minisat::Heap<Minisat::Solver::VarOrderLt> Minisat::Solver::order_heap_distance’ [-Wreorder]
compare	Build baseline and candidate	2026-10-07T13:59:08.8153418Z   293 |                         order_heap_VSIDS,order_heap_distance;
compare	Build baseline and candidate	2026-10-07T13:59:08.8153780Z       |                                          ^~~~~~~~~~~~~~~~~~~
compare	Build baseline and candidate	2026-10-07T13:59:08.8154205Z src/solver/Solver.cc:143:1: warning:   when initialized here [-Wreorder]
compare	Build baseline and candidate	2026-10-07T13:59:08.8154583Z   143 | Solver::Solver() :
compare	Build baseline and candidate	2026-10-07T13:59:08.8154803Z       | ^~~~~~
compare	Build baseline and candidate	2026-10-07T13:59:08.8155358Z src/solver/Solver.h:514:14: warning: ‘Minisat::Solver::lastOptimalCost’ will be initialized after [-Wreorder]
compare	Build baseline and candidate	2026-10-07T13:59:08.8155873Z   514 |     uint64_t lastOptimalCost;
compare	Build baseline and candidate	2026-10-07T13:59:08.8156139Z       |              ^~~~~~~~~~~~~~~
compare	Build baseline and candidate	2026-10-07T13:59:08.8156832Z src/solver/Solver.h:513:40: warning:   ‘uint64_t Minisat::Solver::totalWeight’ [-Wreorder]
compare	Build baseline and candidate	2026-10-07T13:59:08.8157698Z   513 |     uint64_t hardWeight, solutionCost, totalWeight, UB;
compare	Build baseline and candidate	2026-10-07T13:59:08.8158055Z       |                                        ^~~~~~~~~~~
compare	Build baseline and candidate	2026-10-07T13:59:08.8158446Z src/solver/Solver.cc:143:1: warning:   when initialized here [-Wreorder]
compare	Build baseline and candidate	2026-10-07T13:59:08.8158823Z   143 | Solver::Solver() :
compare	Build baseline and candidate	2026-10-07T13:59:08.8159046Z       | ^~~~~~
compare	Build baseline and candidate	2026-10-07T13:59:08.8159576Z src/solver/Solver.h:707:25: warning: ‘Minisat::Solver::orderHeapAuxi’ will be initialized after [-Wreorder]
compare	Build baseline and candidate	2026-10-07T13:59:08.8160104Z   707 |     Heap<VarOrderGt>    orderHeapAuxi;
compare	Build baseline and candidate	2026-10-07T13:59:08.8160399Z       |                         ^~~~~~~~~~~~~
compare	Build baseline and candidate	2026-10-07T13:59:08.8160910Z src/solver/Solver.h:619:25: warning:   ‘int Minisat::Solver::tier2_lbd_cut’ [-Wreorder]
compare	Build baseline and candidate	2026-10-07T13:59:08.8161337Z   619 |     int                 tier2_lbd_cut;
compare	Build baseline and candidate	2026-10-07T13:59:08.8161620Z       |                         ^~~~~~~~~~~~~
compare	Build baseline and candidate	2026-10-07T13:59:08.8161992Z src/solver/Solver.cc:143:1: warning:   when initialized here [-Wreorder]
compare	Build baseline and candidate	2026-10-07T13:59:08.8162392Z   143 | Solver::Solver() :
compare	Build baseline and candidate	2026-10-07T13:59:08.8162619Z       | ^~~~~~
compare	Build baseline and candidate	2026-10-07T13:59:08.8163443Z src/solver/Solver.h:663:9: warning: ‘Minisat::Solver::cardinalityEncMode’ will be initialized after [-Wreorder]
compare	Build baseline and candidate	2026-10-07T13:59:08.8163994Z   663 |     int cardinalityEncMode;
compare	Build baseline and candidate	2026-10-07T13:59:08.8164265Z       |         ^~~~~~~~~~~~~~~~~~
compare	Build baseline and candidate	2026-10-07T13:59:08.8164803Z src/solver/Solver.h:644:14: warning:   ‘uint64_t Minisat::Solver::quasiSoftConflicts’ [-Wreorder]
compare	Build baseline and candidate	2026-10-07T13:59:08.8165450Z   644 |     uint64_t quasiSoftConflicts;
compare	Build baseline and candidate	2026-10-07T13:59:08.8165720Z       |              ^~~~~~~~~~~~~~~~~~
compare	Build baseline and candidate	2026-10-07T13:59:08.8166101Z src/solver/Solver.cc:143:1: warning:   when initialized here [-Wreorder]
compare	Build baseline and candidate	2026-10-07T13:59:08.8166501Z   143 | Solver::Solver() :
compare	Build baseline and candidate	2026-10-07T13:59:08.8166725Z       | ^~~~~~
compare	Build baseline and candidate	2026-10-07T13:59:08.8167266Z src/solver/Solver.h:696:14: warning: ‘Minisat::Solver::nbFixedByLH’ will be initialized after [-Wreorder]
compare	Build baseline and candidate	2026-10-07T13:59:08.8167757Z   696 |     uint64_t nbFixedByLH;
compare	Build baseline and candidate	2026-10-07T13:59:08.8168020Z       |              ^~~~~~~~~~~
compare	Build baseline and candidate	2026-10-07T13:59:08.8168524Z src/solver/Solver.h:562:10: warning:   ‘bool Minisat::Solver::bestSolutionFound’ [-Wreorder]
compare	Build baseline and candidate	2026-10-07T13:59:08.8168975Z   562 |     bool bestSolutionFound;
compare	Build baseline and candidate	2026-10-07T13:59:08.8169237Z       |          ^~~~~~~~~~~~~~~~~
compare	Build baseline and candidate	2026-10-07T13:59:08.8169597Z src/solver/Solver.cc:143:1: warning:   when initialized here [-Wreorder]
compare	Build baseline and candidate	2026-10-07T13:59:08.8169987Z   143 | Solver::Solver() :
compare	Build baseline and candidate	2026-10-07T13:59:08.8170209Z       | ^~~~~~
compare	Build baseline and candidate	2026-10-07T13:59:08.8170743Z src/solver/Solver.h:564:9: warning: ‘Minisat::Solver::nbSatLitsAtStart’ will be initialized after [-Wreorder]
compare	Build baseline and candidate	2026-10-07T13:59:08.8171247Z   564 |     int nbSatLitsAtStart;
compare	Build baseline and candidate	2026-10-07T13:59:08.8171477Z       |         ^~~~~~~~~~~~~~~~
compare	Build baseline and candidate	2026-10-07T13:59:08.8171933Z src/solver/Solver.h:560:9: warning:   ‘int Minisat::Solver::bounds_pipe_w’ [-Wreorder]
compare	Build baseline and candidate	2026-10-07T13:59:08.8172348Z   560 |     int bounds_pipe_w;
compare	Build baseline and candidate	2026-10-07T13:59:08.8172588Z       |         ^~~~~~~~~~~~~
compare	Build baseline and candidate	2026-10-07T13:59:08.8173087Z src/solver/Solver.cc:143:1: warning:   when initialized here [-Wreorder]
compare	Build baseline and candidate	2026-10-07T13:59:08.8173472Z   143 | Solver::Solver() :
compare	Build baseline and candidate	2026-10-07T13:59:08.8173701Z       | ^~~~~~
compare	Build baseline and candidate	2026-10-07T13:59:08.8183466Z src/solver/Solver.cc: In member function ‘Minisat::CRef Minisat::Solver::simplePropagate()’:
compare	Build baseline and candidate	2026-10-07T13:59:08.8184421Z src/solver/Solver.cc:316:27: warning: comparison of integer expressions of different signedness: ‘unsigned int’ and ‘int’ [-Wsign-compare]
compare	Build baseline and candidate	2026-10-07T13:59:08.8185084Z   316 |         if (c.lastPoint() > c.size())
compare	Build baseline and candidate	2026-10-07T13:59:08.8185381Z       |             ~~~~~~~~~~~~~~^~~~~~~~~~
compare	Build baseline and candidate	2026-10-07T13:59:08.8186125Z src/solver/Solver.cc:335:27: warning: comparison of integer expressions of different signedness: ‘int’ and ‘unsigned int’ [-Wsign-compare]
compare	Build baseline and candidate	2026-10-07T13:59:08.8186747Z   335 |         for (int k = 2; k < c.lastPoint(); k++) {
compare	Build baseline and candidate	2026-10-07T13:59:08.8187056Z       |                         ~~^~~~~~~~~~~~~~~
compare	Build baseline and candidate	2026-10-07T13:59:08.8187873Z src/solver/Solver.cc:381:63: warning: comparison of integer expressions of different signedness: ‘int’ and ‘uint64_t’ {aka ‘long unsigned int’} [-Wsign-compare]
compare	Build baseline and candidate	2026-10-07T13:59:08.8188892Z   381 |     if (confl == CRef_Undef && falseLits.size() + rootNbIsets >= UB)
compare	Build baseline and candidate	2026-10-07T13:59:08.8189277Z       |                                ~~~~~~~~~~~~~~~~~~~~~~~~~~~~~~~^~~~~
compare	Build baseline and candidate	2026-10-07T13:59:08.8218261Z src/solver/Solver.cc: In member function ‘bool Minisat::Solver::simplifyLearnt_core()’:
compare	Build baseline and candidate	2026-10-07T13:59:08.8219240Z src/solver/Solver.cc:787:34: warning: comparison of integer expressions of different signedness: ‘unsigned int’ and ‘int’ [-Wsign-compare]
compare	Build baseline and candidate	2026-10-07T13:59:08.8219846Z   787 |                     if (nblevels < c.lbd()){
compare	Build baseline and candidate	2026-10-07T13:59:08.8220151Z       |                         ~~~~~~~~~^~~~~~~~~
compare	Build baseline and candidate	2026-10-07T13:59:08.8220699Z src/solver/Solver.cc:721:9: warning: unused variable ‘learnts_core_size_before’ [-Wunused-variable]
compare	Build baseline and candidate	2026-10-07T13:59:08.8221242Z   721 |     int learnts_core_size_before = learnts_core.size();
compare	Build baseline and candidate	2026-10-07T13:59:08.8221582Z       |         ^~~~~~~~~~~~~~~~~~~~~~~~
compare	Build baseline and candidate	2026-10-07T13:59:08.8226701Z src/solver/Solver.cc: In member function ‘bool Minisat::Solver::simplifyLearnt_tier2()’:
compare	Build baseline and candidate	2026-10-07T13:59:08.8227670Z src/solver/Solver.cc:895:34: warning: comparison of integer expressions of different signedness: ‘unsigned int’ and ‘int’ [-Wsign-compare]
compare	Build baseline and candidate	2026-10-07T13:59:08.8228321Z   895 |                     if (nblevels < c.lbd()){
compare	Build baseline and candidate	2026-10-07T13:59:08.8228871Z       |                         ~~~~~~~~~^~~~~~~~~
compare	Build baseline and candidate	2026-10-07T13:59:08.8229436Z src/solver/Solver.cc:823:9: warning: unused variable ‘learnts_tier2_size_before’ [-Wunused-variable]
compare	Build baseline and candidate	2026-10-07T13:59:08.8230097Z   823 |     int learnts_tier2_size_before = learnts_tier2.size();
compare	Build baseline and candidate	2026-10-07T13:59:08.8230441Z       |         ^~~~~~~~~~~~~~~~~~~~~~~~~
compare	Build baseline and candidate	2026-10-07T13:59:08.8231021Z src/solver/Solver.cc:828:9: warning: variable ‘limit’ set but not used [-Wunused-but-set-variable]
compare	Build baseline and candidate	2026-10-07T13:59:08.8231542Z   828 |     int limit;
compare	Build baseline and candidate	2026-10-07T13:59:08.8231790Z       |         ^~~~~
compare	Build baseline and candidate	2026-10-07T13:59:08.8242626Z src/solver/Solver.cc: In member function ‘bool Minisat::Solver::failedLiteralDetection()’:
compare	Build baseline and candidate	2026-10-07T13:59:08.8243863Z src/solver/Solver.cc:1038:100: warning: format ‘%llu’ expects argument of type ‘long long unsigned int’, but argument 7 has type ‘uint64_t’ {aka ‘long unsigned int’} [-Wformat=]
compare	Build baseline and candidate	2026-10-07T13:59:08.8244764Z  1038 |   printf("c nbFailedLits %d, nbI %d, fixedVarsByFL %d, totalFixedVars %d, nbTested: %d, counter %llu\n",
compare	Build baseline and candidate	2026-10-07T13:59:08.8245315Z       |                                                                                                 ~~~^
compare	Build baseline and candidate	2026-10-07T13:59:08.8245711Z       |                                                                                                    |
compare	Build baseline and candidate	2026-10-07T13:59:08.8246128Z       |                                                                                                    long long unsigned int
compare	Build baseline and candidate	2026-10-07T13:59:08.8246549Z       |                                                                                                 %lu
compare	Build baseline and candidate	2026-10-07T13:59:08.8247003Z  1039 |          nbFailedLits, nbI, trail.size()-initTrail, trail.size(), nbTested, counter);
compare	Build baseline and candidate	2026-10-07T13:59:08.8247485Z       |                                                                             ~~~~~~~                 
compare	Build baseline and candidate	2026-10-07T13:59:08.8247844Z       |                                                                             |
compare	Build baseline and candidate	2026-10-07T13:59:08.8248284Z       |                                                                             uint64_t {aka long unsigned int}
compare	Build baseline and candidate	2026-10-07T13:59:08.8248990Z src/solver/Solver.cc: In member function ‘bool Minisat::Solver::simplifyOriginalClauses()’:
compare	Build baseline and candidate	2026-10-07T13:59:08.8249969Z src/solver/Solver.cc:1179:40: warning: format ‘%llu’ expects argument of type ‘long long unsigned int’, but argument 2 has type ‘uint64_t’ {aka ‘long unsigned int’} [-Wformat=]
compare	Build baseline and candidate	2026-10-07T13:59:08.8250731Z  1179 |     printf("c total nb of literals: %llu\n", clauses_literals);
compare	Build baseline and candidate	2026-10-07T13:59:08.8251085Z       |                                     ~~~^     ~~~~~~~~~~~~~~~~
compare	Build baseline and candidate	2026-10-07T13:59:08.8251622Z       |                                        |     |
compare	Build baseline and candidate	2026-10-07T13:59:08.8251960Z       |                                        |     uint64_t {aka long unsigned int}
compare	Build baseline and candidate	2026-10-07T13:59:08.8252318Z       |                                        long long unsigned int
compare	Build baseline and candidate	2026-10-07T13:59:08.8252634Z       |                                     %lu
compare	Build baseline and candidate	2026-10-07T13:59:08.8253445Z src/solver/Solver.cc:1173:25: warning: unused variable ‘nbOriginalClauses_before’ [-Wunused-variable]
compare	Build baseline and candidate	2026-10-07T13:59:08.8254033Z  1173 |     int last_shorten=0, nbOriginalClauses_before = clauses.size();
compare	Build baseline and candidate	2026-10-07T13:59:08.8254411Z       |                         ^~~~~~~~~~~~~~~~~~~~~~~~
compare	Build baseline and candidate	2026-10-07T13:59:08.8254933Z src/solver/Solver.cc:1185:17: warning: unused variable ‘begin_simp_time’ [-Wunused-variable]
compare	Build baseline and candidate	2026-10-07T13:59:08.8255403Z  1185 |     double      begin_simp_time = cpuTime();
compare	Build baseline and candidate	2026-10-07T13:59:08.8255703Z       |                 ^~~~~~~~~~~~~~~
compare	Build baseline and candidate	2026-10-07T13:59:08.8256243Z src/solver/Solver.cc:1250:12: warning: variable ‘avg’ set but not used [-Wunused-but-set-variable]
compare	Build baseline and candidate	2026-10-07T13:59:08.8256703Z  1250 |     double avg;
compare	Build baseline and candidate	2026-10-07T13:59:08.8256922Z       |            ^~~
compare	Build baseline and candidate	2026-10-07T13:59:08.8301272Z src/solver/Solver.cc: In member function ‘Minisat::CRef Minisat::Solver::propagate()’:
compare	Build baseline and candidate	2026-10-07T13:59:08.8302202Z src/solver/Solver.cc:2005:31: warning: comparison of integer expressions of different signedness: ‘unsigned int’ and ‘int’ [-Wsign-compare]
compare	Build baseline and candidate	2026-10-07T13:59:08.8303261Z  2005 |             if (c.lastPoint() > c.size())
compare	Build baseline and candidate	2026-10-07T13:59:08.8303581Z       |                 ~~~~~~~~~~~~~~^~~~~~~~~~
compare	Build baseline and candidate	2026-10-07T13:59:08.8304292Z src/solver/Solver.cc:2024:31: warning: comparison of integer expressions of different signedness: ‘int’ and ‘unsigned int’ [-Wsign-compare]
compare	Build baseline and candidate	2026-10-07T13:59:08.8304926Z  2024 |             for (int k = 2; k < c.lastPoint(); k++) {
compare	Build baseline and candidate	2026-10-07T13:59:08.8305233Z       |                             ~~^~~~~~~~~~~~~~~
compare	Build baseline and candidate	2026-10-07T13:59:08.8306061Z src/solver/Solver.cc:2076:49: warning: comparison of integer expressions of different signedness: ‘int’ and ‘uint64_t’ {aka ‘long unsigned int’} [-Wsign-compare]
compare	Build baseline and candidate	2026-10-07T13:59:08.8306808Z  2076 |     if (confl == CRef_Undef && falseLits.size() >= UB)
compare	Build baseline and candidate	2026-10-07T13:59:08.8307163Z       |                                ~~~~~~~~~~~~~~~~~^~~~~
compare	Build baseline and candidate	2026-10-07T13:59:08.8307704Z src/solver/Solver.cc:2072:1: warning: label ‘ExitProp’ defined but not used [-Wunused-label]
compare	Build baseline and candidate	2026-10-07T13:59:08.8308155Z  2072 | ExitProp:;
compare	Build baseline and candidate	2026-10-07T13:59:08.8308365Z       | ^~~~~~~~
compare	Build baseline and candidate	2026-10-07T13:59:08.8317017Z src/solver/Solver.cc: In member function ‘void Minisat::Solver::getAllUIP(Minisat::vec<Minisat::Lit>&, int&, int&)’:
compare	Build baseline and candidate	2026-10-07T13:59:08.8317902Z src/solver/Solver.cc:2177:9: warning: variable ‘myLevel’ set but not used [-Wunused-but-set-variable]
compare	Build baseline and candidate	2026-10-07T13:59:08.8318405Z  2177 |     int myLevel = decisionLevel() +1;
compare	Build baseline and candidate	2026-10-07T13:59:08.8318682Z       |         ^~~~~~~
compare	Build baseline and candidate	2026-10-07T13:59:08.8319637Z src/solver/Solver.cc: In member function ‘void Minisat::Solver::analyzeSoftConflict(Minisat::vec<Minisat::Lit>&, int&, int&)’:
compare	Build baseline and candidate	2026-10-07T13:59:08.8320777Z src/solver/Solver.cc:2196:26: warning: comparison of integer expressions of different signedness: ‘int’ and ‘uint64_t’ {aka ‘long unsigned int’} [-Wsign-compare]
compare	Build baseline and candidate	2026-10-07T13:59:08.8321456Z  2196 |     if (falseLits.size() >= UB)
compare	Build baseline and candidate	2026-10-07T13:59:08.8321748Z       |         ~~~~~~~~~~~~~~~~~^~~~~
compare	Build baseline and candidate	2026-10-07T13:59:08.8322591Z src/solver/Solver.cc:2206:26: warning: comparison of integer expressions of different signedness: ‘int’ and ‘uint64_t’ {aka ‘long unsigned int’} [-Wsign-compare]
compare	Build baseline and candidate	2026-10-07T13:59:08.8323503Z  2206 |     if (falseLits.size() > UB) {
compare	Build baseline and candidate	2026-10-07T13:59:08.8323787Z       |         ~~~~~~~~~~~~~~~~~^~~~
compare	Build baseline and candidate	2026-10-07T13:59:08.8345903Z src/solver/Solver.cc: In member function ‘bool Minisat::Solver::simplifyLearnt_local()’:
compare	Build baseline and candidate	2026-10-07T13:59:08.8346871Z src/solver/Solver.cc:2631:34: warning: comparison of integer expressions of different signedness: ‘unsigned int’ and ‘int’ [-Wsign-compare]
compare	Build baseline and candidate	2026-10-07T13:59:08.8347883Z  2631 |                     if (nblevels < c.lbd()){
compare	Build baseline and candidate	2026-10-07T13:59:08.8348192Z       |                         ~~~~~~~~~^~~~~~~~~
compare	Build baseline and candidate	2026-10-07T13:59:08.8348764Z src/solver/Solver.cc:2559:7: warning: unused variable ‘learnts_local_size_before’ [-Wunused-variable]
compare	Build baseline and candidate	2026-10-07T13:59:08.8349315Z  2559 |   int learnts_local_size_before = learnts_local.size();
compare	Build baseline and candidate	2026-10-07T13:59:08.8349780Z       |       ^~~~~~~~~~~~~~~~~~~~~~~~~
compare	Build baseline and candidate	2026-10-07T13:59:08.8350272Z src/solver/Solver.cc:2560:7: warning: unused variable ‘savedTrail’ [-Wunused-variable]
compare	Build baseline and candidate	2026-10-07T13:59:08.8350708Z  2560 |   int savedTrail = trail.size();
compare	Build baseline and candidate	2026-10-07T13:59:08.8350984Z       |       ^~~~~~~~~~
compare	Build baseline and candidate	2026-10-07T13:59:08.8356777Z src/solver/Solver.cc: In member function ‘void Minisat::Solver::reduceDB_core()’:
compare	Build baseline and candidate	2026-10-07T13:59:08.8357489Z src/solver/Solver.cc:2772:9: warning: unused variable ‘totalLocalSize’ [-Wunused-variable]
compare	Build baseline and candidate	2026-10-07T13:59:08.8357972Z  2772 |     int totalLocalSize=0, removedSize=0;
compare	Build baseline and candidate	2026-10-07T13:59:08.8358306Z       |         ^~~~~~~~~~~~~~
compare	Build baseline and candidate	2026-10-07T13:59:08.8358770Z src/solver/Solver.cc:2772:27: warning: unused variable ‘removedSize’ [-Wunused-variable]
compare	Build baseline and candidate	2026-10-07T13:59:08.8359218Z  2772 |     int totalLocalSize=0, removedSize=0;
compare	Build baseline and candidate	2026-10-07T13:59:08.8359517Z       |                           ^~~~~~~~~~~
compare	Build baseline and candidate	2026-10-07T13:59:08.8370781Z src/solver/Solver.cc: In member function ‘Minisat::CRef Minisat::Solver::lPropagate()’:
compare	Build baseline and candidate	2026-10-07T13:59:08.8372076Z src/solver/Solver.cc:3022:20: warning: comparison of integer expressions of different signedness: ‘uint64_t’ {aka ‘long unsigned int’} and ‘int’ [-Wsign-compare]
compare	Build baseline and candidate	2026-10-07T13:59:08.8373122Z  3022 |   if (UB > 1 && UB == falseLits.size() + 1 && decisionLevel() < hardenLevel) {
compare	Build baseline and candidate	2026-10-07T13:59:08.8373550Z       |                 ~~~^~~~~~~~~~~~~~~~~~~~~~~
compare	Build baseline and candidate	2026-10-07T13:59:08.8385792Z src/solver/Solver.cc: In member function ‘void Minisat::Solver::identifyClausesToSplit(Minisat::vec<unsigned int>&)’:
compare	Build baseline and candidate	2026-10-07T13:59:08.8386937Z src/solver/Solver.cc:3170:46: warning: comparison of integer expressions of different signedness: ‘int’ and ‘uint64_t’ {aka ‘long unsigned int’} [-Wsign-compare]
compare	Build baseline and candidate	2026-10-07T13:59:08.8387701Z  3170 |     for(j=i+1; j<cs.size() && 2*nbCommunLits >= UB; j++) {
compare	Build baseline and candidate	2026-10-07T13:59:08.8388060Z       |                               ~~~~~~~~~~~~~~~^~~~~
compare	Build baseline and candidate	2026-10-07T13:59:08.8420391Z src/solver/Solver.cc: In member function ‘Minisat::lbool Minisat::Solver::search(int&)’:
compare	Build baseline and candidate	2026-10-07T13:59:08.8421464Z src/solver/Solver.cc:3821:31: warning: format ‘%llu’ expects argument of type ‘long long unsigned int’, but argument 2 has type ‘uint64_t’ {aka ‘long unsigned int’} [-Wformat=]
compare	Build baseline and candidate	2026-10-07T13:59:08.8422661Z  3821 |               printf("c UB=%llu succs, confls=%llu, hconfls=%llu, core %d, tier2 %d, local %d,  %d soft cls unsat (%d at L0), %d fixed vars at L0, softCnfl %d, nbFlyRd %d, nbFixedLH %llu\n",
compare	Build baseline and candidate	2026-10-07T13:59:08.8423467Z       |                            ~~~^
compare	Build baseline and candidate	2026-10-07T13:59:08.8423730Z       |                               |
compare	Build baseline and candidate	2026-10-07T13:59:08.8424223Z       |                               long long unsigned int
compare	Build baseline and candidate	2026-10-07T13:59:08.8424517Z       |                            %lu
compare	Build baseline and candidate	2026-10-07T13:59:08.8425040Z  3822 |                      UB, conflicts, conflicts-softConflicts, learnts_core.size(), learnts_tier2.size(), learnts_local.size(),
compare	Build baseline and candidate	2026-10-07T13:59:08.8425564Z       |                      ~~        
compare	Build baseline and candidate	2026-10-07T13:59:08.8425824Z       |                      |
compare	Build baseline and candidate	2026-10-07T13:59:08.8426097Z       |                      uint64_t {aka long unsigned int}
compare	Build baseline and candidate	2026-10-07T13:59:08.8426953Z src/solver/Solver.cc:3821:50: warning: format ‘%llu’ expects argument of type ‘long long unsigned int’, but argument 3 has type ‘uint64_t’ {aka ‘long unsigned int’} [-Wformat=]
compare	Build baseline and candidate	2026-10-07T13:59:08.8428046Z  3821 |               printf("c UB=%llu succs, confls=%llu, hconfls=%llu, core %d, tier2 %d, local %d,  %d soft cls unsat (%d at L0), %d fixed vars at L0, softCnfl %d, nbFlyRd %d, nbFixedLH %llu\n",
compare	Build baseline and candidate	2026-10-07T13:59:08.8428744Z       |                                               ~~~^
compare	Build baseline and candidate	2026-10-07T13:59:08.8429044Z       |                                                  |
compare	Build baseline and candidate	2026-10-07T13:59:08.8429381Z       |                                                  long long unsigned int
compare	Build baseline and candidate	2026-10-07T13:59:08.8429709Z       |                                               %lu
compare	Build baseline and candidate	2026-10-07T13:59:08.8430266Z  3822 |                      UB, conflicts, conflicts-softConflicts, learnts_core.size(), learnts_tier2.size(), learnts_local.size(),
compare	Build baseline and candidate	2026-10-07T13:59:08.8430945Z       |                          ~~~~~~~~~                
compare	Build baseline and candidate	2026-10-07T13:59:08.8431233Z       |                          |
compare	Build baseline and candidate	2026-10-07T13:59:08.8431525Z       |                          uint64_t {aka long unsigned int}
compare	Build baseline and candidate	2026-10-07T13:59:08.8432400Z src/solver/Solver.cc:3821:64: warning: format ‘%llu’ expects argument of type ‘long long unsigned int’, but argument 4 has type ‘uint64_t’ {aka ‘long unsigned int’} [-Wformat=]
compare	Build baseline and candidate	2026-10-07T13:59:08.8433639Z  3821 |               printf("c UB=%llu succs, confls=%llu, hconfls=%llu, core %d, tier2 %d, local %d,  %d soft cls unsat (%d at L0), %d fixed vars at L0, softCnfl %d, nbFlyRd %d, nbFixedLH %llu\n",
compare	Build baseline and candidate	2026-10-07T13:59:08.8434352Z       |                                                             ~~~^
compare	Build baseline and candidate	2026-10-07T13:59:08.8434672Z       |                                                                |
compare	Build baseline and candidate	2026-10-07T13:59:08.8435082Z       |                                                                long long unsigned int
compare	Build baseline and candidate	2026-10-07T13:59:08.8435436Z       |                                                             %lu
compare	Build baseline and candidate	2026-10-07T13:59:08.8435983Z  3822 |                      UB, conflicts, conflicts-softConflicts, learnts_core.size(), learnts_tier2.size(), learnts_local.size(),
compare	Build baseline and candidate	2026-10-07T13:59:08.8436529Z       |                                     ~~~~~~~~~~~~~~~~~~~~~~~     
compare	Build baseline and candidate	2026-10-07T13:59:08.8436837Z       |                                              |
compare	Build baseline and candidate	2026-10-07T13:59:08.8437183Z       |                                              uint64_t {aka long unsigned int}
compare	Build baseline and candidate	2026-10-07T13:59:08.8438100Z src/solver/Solver.cc:3821:186: warning: format ‘%llu’ expects argument of type ‘long long unsigned int’, but argument 13 has type ‘uint64_t’ {aka ‘long unsigned int’} [-Wformat=]
compare	Build baseline and candidate	2026-10-07T13:59:08.8439201Z  3821 |               printf("c UB=%llu succs, confls=%llu, hconfls=%llu, core %d, tier2 %d, local %d,  %d soft cls unsat (%d at L0), %d fixed vars at L0, softCnfl %d, nbFlyRd %d, nbFixedLH %llu\n",
compare	Build baseline and candidate	2026-10-07T13:59:08.8440056Z       |                                                                                                                                                                                       ~~~^
compare	Build baseline and candidate	2026-10-07T13:59:08.8440656Z       |                                                                                                                                                                                          |
compare	Build baseline and candidate	2026-10-07T13:59:08.8441291Z       |                                                                                                                                                                                          long long unsigned int
compare	Build baseline and candidate	2026-10-07T13:59:08.8442113Z       |                                                                                                                                                                                       %lu
compare	Build baseline and candidate	2026-10-07T13:59:08.8442788Z  3822 |                      UB, conflicts, conflicts-softConflicts, learnts_core.size(), learnts_tier2.size(), learnts_local.size(),
compare	Build baseline and candidate	2026-10-07T13:59:08.8443772Z  3823 |                      falseLits.size(), nbFalses, nbFixeds, pureSoftConfl, nbFlyReduced, nbFixedByLH);
compare	Build baseline and candidate	2026-10-07T13:59:08.8444396Z       |                                                                                         ~~~~~~~~~~~                                                                                       
compare	Build baseline and candidate	2026-10-07T13:59:08.8444861Z       |                                                                                         |
compare	Build baseline and candidate	2026-10-07T13:59:08.8445271Z       |                                                                                         uint64_t {aka long unsigned int}
compare	Build baseline and candidate	2026-10-07T13:59:08.8446325Z src/solver/Solver.cc:3825:48: warning: format ‘%llu’ expects argument of type ‘long long unsigned int’, but argument 3 has type ‘uint64_t’ {aka ‘long unsigned int’} [-Wformat=]
compare	Build baseline and candidate	2026-10-07T13:59:08.8447383Z  3825 |               printf("c nbHardens %d (fixed %llu), shorten: %llu, prunedLB %4.2f, dev %4.2f, succRate %4.2f, nbSucc %llu, lk: %llu, shorten: %llu, quasiC: %llu (fixed: %llu)\n\n",
compare	Build baseline and candidate	2026-10-07T13:59:08.8448194Z       |                                             ~~~^
compare	Build baseline and candidate	2026-10-07T13:59:08.8448505Z       |                                                |
compare	Build baseline and candidate	2026-10-07T13:59:08.8448827Z       |                                                long long unsigned int
compare	Build baseline and candidate	2026-10-07T13:59:08.8449163Z       |                                             %lu
compare	Build baseline and candidate	2026-10-07T13:59:08.8449948Z  3826 |                      nbHardens, fixedByHardens, nbSavedLits, meanLB, dev, succRate, nbLKsuccess-savednbLKsuccess, LOOKAHEAD-savedLOOKAHEAD, nbSavedLits, quasiSoftConflicts, fixedByQuasiConfl);
compare	Build baseline and candidate	2026-10-07T13:59:08.8450783Z       |                                 ~~~~~~~~~~~~~~  
compare	Build baseline and candidate	2026-10-07T13:59:08.8451070Z       |                                 |
compare	Build baseline and candidate	2026-10-07T13:59:08.8451380Z       |                                 uint64_t {aka long unsigned int}
compare	Build baseline and candidate	2026-10-07T13:59:08.8452281Z src/solver/Solver.cc:3825:64: warning: format ‘%llu’ expects argument of type ‘long long unsigned int’, but argument 4 has type ‘uint64_t’ {aka ‘long unsigned int’} [-Wformat=]
compare	Build baseline and candidate	2026-10-07T13:59:08.8453513Z  3825 |               printf("c nbHardens %d (fixed %llu), shorten: %llu, prunedLB %4.2f, dev %4.2f, succRate %4.2f, nbSucc %llu, lk: %llu, shorten: %llu, quasiC: %llu (fixed: %llu)\n\n",
compare	Build baseline and candidate	2026-10-07T13:59:08.8454184Z       |                                                             ~~~^
compare	Build baseline and candidate	2026-10-07T13:59:08.8454513Z       |                                                                |
compare	Build baseline and candidate	2026-10-07T13:59:08.8454886Z       |                                                                long long unsigned int
compare	Build baseline and candidate	2026-10-07T13:59:08.8455249Z       |                                                             %lu
compare	Build baseline and candidate	2026-10-07T13:59:08.8456111Z  3826 |                      nbHardens, fixedByHardens, nbSavedLits, meanLB, dev, succRate, nbLKsuccess-savednbLKsuccess, LOOKAHEAD-savedLOOKAHEAD, nbSavedLits, quasiSoftConflicts, fixedByQuasiConfl);
compare	Build baseline and candidate	2026-10-07T13:59:08.8456919Z       |                                                 ~~~~~~~~~~~     
compare	Build baseline and candidate	2026-10-07T13:59:08.8457235Z       |                                                 |
compare	Build baseline and candidate	2026-10-07T13:59:08.8457573Z       |                                                 uint64_t {aka long unsigned int}
compare	Build baseline and candidate	2026-10-07T13:59:08.8458463Z src/solver/Solver.cc:3825:120: warning: format ‘%llu’ expects argument of type ‘long long unsigned int’, but argument 8 has type ‘uint64_t’ {aka ‘long unsigned int’} [-Wformat=]
compare	Build baseline and candidate	2026-10-07T13:59:08.8459530Z  3825 |               printf("c nbHardens %d (fixed %llu), shorten: %llu, prunedLB %4.2f, dev %4.2f, succRate %4.2f, nbSucc %llu, lk: %llu, shorten: %llu, quasiC: %llu (fixed: %llu)\n\n",
compare	Build baseline and candidate	2026-10-07T13:59:08.8460421Z       |                                                                                                                     ~~~^
compare	Build baseline and candidate	2026-10-07T13:59:08.8460878Z       |                                                                                                                        |
compare	Build baseline and candidate	2026-10-07T13:59:08.8461358Z       |                                                                                                                        long long unsigned int
compare	Build baseline and candidate	2026-10-07T13:59:08.8461838Z       |                                                                                                                     %lu
compare	Build baseline and candidate	2026-10-07T13:59:08.8462624Z  3826 |                      nbHardens, fixedByHardens, nbSavedLits, meanLB, dev, succRate, nbLKsuccess-savednbLKsuccess, LOOKAHEAD-savedLOOKAHEAD, nbSavedLits, quasiSoftConflicts, fixedByQuasiConfl);
compare	Build baseline and candidate	2026-10-07T13:59:08.8463593Z       |                                                                                     ~~~~~~~~~~~~~~~~~~~~~~~~~~~~        
compare	Build baseline and candidate	2026-10-07T13:59:08.8463974Z       |                                                                                                |
compare	Build baseline and candidate	2026-10-07T13:59:08.8464380Z       |                                                                                                uint64_t {aka long unsigned int}
compare	Build baseline and candidate	2026-10-07T13:59:08.8465512Z src/solver/Solver.cc:3825:130: warning: format ‘%llu’ expects argument of type ‘long long unsigned int’, but argument 9 has type ‘uint64_t’ {aka ‘long unsigned int’} [-Wformat=]
compare	Build baseline and candidate	2026-10-07T13:59:08.8466845Z  3825 |               printf("c nbHardens %d (fixed %llu), shorten: %llu, prunedLB %4.2f, dev %4.2f, succRate %4.2f, nbSucc %llu, lk: %llu, shorten: %llu, quasiC: %llu (fixed: %llu)\n\n",
compare	Build baseline and candidate	2026-10-07T13:59:08.8467698Z       |                                                                                                                               ~~~^
compare	Build baseline and candidate	2026-10-07T13:59:08.8468234Z       |                                                                                                                                  |
compare	Build baseline and candidate	2026-10-07T13:59:08.8468790Z       |                                                                                                                                  long long unsigned int
compare	Build baseline and candidate	2026-10-07T13:59:08.8469354Z       |                                                                                                                               %lu
compare	Build baseline and candidate	2026-10-07T13:59:08.8470176Z  3826 |                      nbHardens, fixedByHardens, nbSavedLits, meanLB, dev, succRate, nbLKsuccess-savednbLKsuccess, LOOKAHEAD-savedLOOKAHEAD, nbSavedLits, quasiSoftConflicts, fixedByQuasiConfl);
compare	Build baseline and candidate	2026-10-07T13:59:08.8470997Z       |                                                                                                                   ~~~~~~~~~~~~~~~~~~~~~~~~
compare	Build baseline and candidate	2026-10-07T13:59:08.8471443Z       |                                                                                                                            |
compare	Build baseline and candidate	2026-10-07T13:59:08.8471918Z       |                                                                                                                            uint64_t {aka long unsigned int}
compare	Build baseline and candidate	2026-10-07T13:59:08.8473052Z src/solver/Solver.cc:3825:145: warning: format ‘%llu’ expects argument of type ‘long long unsigned int’, but argument 10 has type ‘uint64_t’ {aka ‘long unsigned int’} [-Wformat=]
compare	Build baseline and candidate	2026-10-07T13:59:08.8474093Z  3825 |               printf("c nbHardens %d (fixed %llu), shorten: %llu, prunedLB %4.2f, dev %4.2f, succRate %4.2f, nbSucc %llu, lk: %llu, shorten: %llu, quasiC: %llu (fixed: %llu)\n\n",
compare	Build baseline and candidate	2026-10-07T13:59:08.8474824Z       |                                                                                                                                              ~~~^
compare	Build baseline and candidate	2026-10-07T13:59:08.8475318Z       |                                                                                                                                                 |
compare	Build baseline and candidate	2026-10-07T13:59:08.8476006Z       |                                                                                                                                                 long long unsigned int
compare	Build baseline and candidate	2026-10-07T13:59:08.8476548Z       |                                                                                                                                              %lu
compare	Build baseline and candidate	2026-10-07T13:59:08.8477523Z  3826 |                      nbHardens, fixedByHardens, nbSavedLits, meanLB, dev, succRate, nbLKsuccess-savednbLKsuccess, LOOKAHEAD-savedLOOKAHEAD, nbSavedLits, quasiSoftConflicts, fixedByQuasiConfl);
compare	Build baseline and candidate	2026-10-07T13:59:08.8478458Z       |                                                                                                                                             ~~~~~~~~~~~
compare	Build baseline and candidate	2026-10-07T13:59:08.8478982Z       |                                                                                                                                             |
compare	Build baseline and candidate	2026-10-07T13:59:08.8479860Z       |                                                                                                                                             uint64_t {aka long unsigned int}
compare	Build baseline and candidate	2026-10-07T13:59:08.8481270Z src/solver/Solver.cc:3825:159: warning: format ‘%llu’ expects argument of type ‘long long unsigned int’, but argument 11 has type ‘uint64_t’ {aka ‘long unsigned int’} [-Wformat=]
compare	Build baseline and candidate	2026-10-07T13:59:08.8482495Z  3825 |               printf("c nbHardens %d (fixed %llu), shorten: %llu, prunedLB %4.2f, dev %4.2f, succRate %4.2f, nbSucc %llu, lk: %llu, shorten: %llu, quasiC: %llu (fixed: %llu)\n\n",
compare	Build baseline and candidate	2026-10-07T13:59:08.8483498Z       |                                                                                                                                                            ~~~^
compare	Build baseline and candidate	2026-10-07T13:59:08.8484036Z       |                                                                                                                                                               |
compare	Build baseline and candidate	2026-10-07T13:59:08.8484597Z       |                                                                                                                                                               long long unsigned int
compare	Build baseline and candidate	2026-10-07T13:59:08.8485158Z       |                                                                                                                                                            %lu
compare	Build baseline and candidate	2026-10-07T13:59:08.8486100Z  3826 |                      nbHardens, fixedByHardens, nbSavedLits, meanLB, dev, succRate, nbLKsuccess-savednbLKsuccess, LOOKAHEAD-savedLOOKAHEAD, nbSavedLits, quasiSoftConflicts, fixedByQuasiConfl);
compare	Build baseline and candidate	2026-10-07T13:59:08.8487028Z       |                                                                                                                                                          ~~~~~~~~~~~~~~~~~~
compare	Build baseline and candidate	2026-10-07T13:59:08.8487584Z       |                                                                                                                                                          |
compare	Build baseline and candidate	2026-10-07T13:59:08.8488165Z       |                                                                                                                                                          uint64_t {aka long unsigned int}
compare	Build baseline and candidate	2026-10-07T13:59:08.8489247Z src/solver/Solver.cc:3825:172: warning: format ‘%llu’ expects argument of type ‘long long unsigned int’, but argument 12 has type ‘uint64_t’ {aka ‘long unsigned int’} [-Wformat=]
compare	Build baseline and candidate	2026-10-07T13:59:08.8490328Z  3825 |               printf("c nbHardens %d (fixed %llu), shorten: %llu, prunedLB %4.2f, dev %4.2f, succRate %4.2f, nbSucc %llu, lk: %llu, shorten: %llu, quasiC: %llu (fixed: %llu)\n\n",
compare	Build baseline and candidate	2026-10-07T13:59:08.8491125Z       |                                                                                                                                                                         ~~~^
compare	Build baseline and candidate	2026-10-07T13:59:08.8491690Z       |                                                                                                                                                                            |
compare	Build baseline and candidate	2026-10-07T13:59:08.8492438Z       |                                                                                                                                                                            long long unsigned int
compare	Build baseline and candidate	2026-10-07T13:59:08.8493281Z       |                                                                                                                                                                         %lu
compare	Build baseline and candidate	2026-10-07T13:59:08.8494245Z  3826 |                      nbHardens, fixedByHardens, nbSavedLits, meanLB, dev, succRate, nbLKsuccess-savednbLKsuccess, LOOKAHEAD-savedLOOKAHEAD, nbSavedLits, quasiSoftConflicts, fixedByQuasiConfl);
compare	Build baseline and candidate	2026-10-07T13:59:08.8495205Z       |                                                                                                                                                                              ~~~~~~~~~~~~~~~~~
compare	Build baseline and candidate	2026-10-07T13:59:08.8495799Z       |                                                                                                                                                                              |
compare	Build baseline and candidate	2026-10-07T13:59:08.8496410Z       |                                                                                                                                                                              uint64_t {aka long unsigned int}
compare	Build baseline and candidate	2026-10-07T13:59:08.8497338Z src/solver/Solver.cc: In member function ‘Minisat::CRef Minisat::Solver::propagateForLK()’:
compare	Build baseline and candidate	2026-10-07T13:59:08.8498208Z src/solver/Solver.cc:3984:27: warning: comparison of integer expressions of different signedness: ‘unsigned int’ and ‘int’ [-Wsign-compare]
compare	Build baseline and candidate	2026-10-07T13:59:08.8498847Z  3984 |         if (c.lastPoint() > c.size())
compare	Build baseline and candidate	2026-10-07T13:59:08.8499143Z       |             ~~~~~~~~~~~~~~^~~~~~~~~~
compare	Build baseline and candidate	2026-10-07T13:59:08.8499867Z src/solver/Solver.cc:4003:27: warning: comparison of integer expressions of different signedness: ‘int’ and ‘unsigned int’ [-Wsign-compare]
compare	Build baseline and candidate	2026-10-07T13:59:08.8500509Z  4003 |         for (int k = 2; k < c.lastPoint(); k++) {
compare	Build baseline and candidate	2026-10-07T13:59:08.8500831Z       |                         ~~^~~~~~~~~~~~~~~
compare	Build baseline and candidate	2026-10-07T13:59:08.8508331Z src/solver/Solver.cc: In member function ‘void Minisat::Solver::analyzeQuasiSoftConflict(Minisat::vec<Minisat::Lit>&, int&, int&)’:
compare	Build baseline and candidate	2026-10-07T13:59:08.8509459Z src/solver/Solver.cc:4502:26: warning: comparison of integer expressions of different signedness: ‘int’ and ‘uint64_t’ {aka ‘long unsigned int’} [-Wsign-compare]
compare	Build baseline and candidate	2026-10-07T13:59:08.8510163Z  4502 |     if (falseLits.size() > UB) {
compare	Build baseline and candidate	2026-10-07T13:59:08.8510437Z       |         ~~~~~~~~~~~~~~~~~^~~~
compare	Build baseline and candidate	2026-10-07T13:59:08.8526963Z src/solver/Solver.cc: In member function ‘bool Minisat::Solver::lookahead()’:
compare	Build baseline and candidate	2026-10-07T13:59:08.8527935Z src/solver/Solver.cc:4843:17: warning: comparison of integer expressions of different signedness: ‘uint64_t’ {aka ‘long unsigned int’} and ‘int’ [-Wsign-compare]
compare	Build baseline and candidate	2026-10-07T13:59:08.8528633Z  4843 |   if (conflicts > prevConflicts) {
compare	Build baseline and candidate	2026-10-07T13:59:08.8528946Z       |       ~~~~~~~~~~^~~~~~~~~~~~~~~
compare	Build baseline and candidate	2026-10-07T13:59:08.8545950Z src/solver/Solver.cc: In member function ‘void Minisat::Solver::addHardClausesForSoftClauses()’:
compare	Build baseline and candidate	2026-10-07T13:59:08.8547049Z src/solver/Solver.cc:5088:70: warning: format ‘%llu’ expects argument of type ‘long long unsigned int’, but argument 5 has type ‘uint64_t’ {aka ‘long unsigned int’} [-Wformat=]
compare	Build baseline and candidate	2026-10-07T13:59:08.8547915Z  5088 |   printf("c nb soft clauses: %d, of which %d unit, %d nonUnit and %llu empty\n",
compare	Build baseline and candidate	2026-10-07T13:59:08.8548339Z       |                                                                   ~~~^
compare	Build baseline and candidate	2026-10-07T13:59:08.8548680Z       |                                                                      |
compare	Build baseline and candidate	2026-10-07T13:59:08.8549057Z       |                                                                      long long unsigned int
compare	Build baseline and candidate	2026-10-07T13:59:08.8549415Z       |                                                                   %lu
compare	Build baseline and candidate	2026-10-07T13:59:08.8549831Z  5089 |          softClauses.size(), nbUnitSoft, nbNonUnitSoft, solutionCost);
compare	Build baseline and candidate	2026-10-07T13:59:08.8550482Z       |                                                         ~~~~~~~~~~~~  
compare	Build baseline and candidate	2026-10-07T13:59:08.8550818Z       |                                                         |
compare	Build baseline and candidate	2026-10-07T13:59:08.8551173Z       |                                                         uint64_t {aka long unsigned int}
compare	Build baseline and candidate	2026-10-07T13:59:08.8559243Z src/solver/Solver.cc: In member function ‘void Minisat::Solver::printBestSolution() const’:
compare	Build baseline and candidate	2026-10-07T13:59:08.8560242Z src/solver/Solver.cc:5239:49: warning: format ‘%llu’ expects argument of type ‘long long unsigned int’, but argument 2 has type ‘long unsigned int’ [-Wformat=]
compare	Build baseline and candidate	2026-10-07T13:59:08.8561022Z  5239 |     printf("c   unsat soft clauses (search): %llu\n", bestSup);
compare	Build baseline and candidate	2026-10-07T13:59:08.8561416Z       |                                              ~~~^     ~~~~~~~
compare	Build baseline and candidate	2026-10-07T13:59:08.8561748Z       |                                                 |     |
compare	Build baseline and candidate	2026-10-07T13:59:08.8562096Z       |                                                 |     long unsigned int
compare	Build baseline and candidate	2026-10-07T13:59:08.8562524Z       |                                                 long long unsigned int
compare	Build baseline and candidate	2026-10-07T13:59:08.8563068Z       |                                              %lu
compare	Build baseline and candidate	2026-10-07T13:59:08.8563940Z src/solver/Solver.cc:5240:53: warning: format ‘%llu’ expects argument of type ‘long long unsigned int’, but argument 2 has type ‘uint64_t’ {aka ‘long unsigned int’} [-Wformat=]
compare	Build baseline and candidate	2026-10-07T13:59:08.8564907Z  5240 |     printf("c   satisfied soft clauses (maxsat): %llu\n", maxsat);
compare	Build baseline and candidate	2026-10-07T13:59:08.8565293Z       |                                                  ~~~^     ~~~~~~
compare	Build baseline and candidate	2026-10-07T13:59:08.8565651Z       |                                                     |     |
compare	Build baseline and candidate	2026-10-07T13:59:08.8566008Z       |                                                     |     uint64_t {aka long unsigned int}
compare	Build baseline and candidate	2026-10-07T13:59:08.8566391Z       |                                                     long long unsigned int
compare	Build baseline and candidate	2026-10-07T13:59:08.8566740Z       |                                                  %lu
compare	Build baseline and candidate	2026-10-07T13:59:08.8567585Z src/solver/Solver.cc:5241:39: warning: format ‘%llu’ expects argument of type ‘long long unsigned int’, but argument 2 has type ‘uint64_t’ {aka ‘long unsigned int’} [-Wformat=]
compare	Build baseline and candidate	2026-10-07T13:59:08.8568318Z  5241 |     printf("c   total weight cost: %llu\n", optimal);
compare	Build baseline and candidate	2026-10-07T13:59:08.8568679Z       |                                    ~~~^     ~~~~~~~
compare	Build baseline and candidate	2026-10-07T13:59:08.8568981Z       |                                       |     |
compare	Build baseline and candidate	2026-10-07T13:59:08.8569295Z       |                                       |     uint64_t {aka long unsigned int}
compare	Build baseline and candidate	2026-10-07T13:59:08.8569624Z       |                                       long long unsigned int
compare	Build baseline and candidate	2026-10-07T13:59:08.8569920Z       |                                    %lu
compare	Build baseline and candidate	2026-10-07T13:59:08.8570450Z src/solver/Solver.cc: In member function ‘void Minisat::Solver::checkSolution()’:
compare	Build baseline and candidate	2026-10-07T13:59:08.8571364Z src/solver/Solver.cc:5257:15: warning: comparison of integer expressions of different signedness: ‘int’ and ‘uint64_t’ {aka ‘long unsigned int’} [-Wsign-compare]
compare	Build baseline and candidate	2026-10-07T13:59:08.8572190Z  5257 |   if (nbFalse != falseLits.size()+fixedCostBySearch + relaxedCost)
compare	Build baseline and candidate	2026-10-07T13:59:08.8572602Z       |       ~~~~~~~~^~~~~~~~~~~~~~~~~~~~~~~~~~~~~~~~~~~~~~~~~~~~~~~~~~~
compare	Build baseline and candidate	2026-10-07T13:59:08.8573756Z src/solver/Solver.cc:5258:92: warning: format ‘%llu’ expects argument of type ‘long long unsigned int’, but argument 3 has type ‘uint64_t’ {aka ‘long unsigned int’} [-Wformat=]
compare	Build baseline and candidate	2026-10-07T13:59:08.8574650Z  5258 |     printf("c **** error nb of false soft clauses real nbfalse: %d, recorded falseLits: %llu****\n",
compare	Build baseline and candidate	2026-10-07T13:59:08.8575160Z       |                                                                                         ~~~^
compare	Build baseline and candidate	2026-10-07T13:59:08.8575545Z       |                                                                                            |
compare	Build baseline and candidate	2026-10-07T13:59:08.8575978Z       |                                                                                            long long unsigned int
compare	Build baseline and candidate	2026-10-07T13:59:08.8576628Z       |                                                                                         %lu
compare	Build baseline and candidate	2026-10-07T13:59:08.8577018Z  5259 |            nbFalse, falseLits.size()+fixedCostBySearch+relaxedCost);
compare	Build baseline and candidate	2026-10-07T13:59:08.8577463Z       |                     ~~~~~~~~~~~~~~~~~~~~~~~~~~~~~~~~~~~~~~~~~~~~~~                          
compare	Build baseline and candidate	2026-10-07T13:59:08.8577865Z       |                                                       |
compare	Build baseline and candidate	2026-10-07T13:59:08.8578201Z       |                                                       uint64_t {aka long unsigned int}
compare	Build baseline and candidate	2026-10-07T13:59:08.8578940Z src/solver/Solver.cc: In member function ‘void Minisat::Solver::partition()’:
compare	Build baseline and candidate	2026-10-07T13:59:08.8579810Z src/solver/Solver.cc:5379:31: warning: comparison of integer expressions of different signedness: ‘unsigned int’ and ‘int’ [-Wsign-compare]
compare	Build baseline and candidate	2026-10-07T13:59:08.8580443Z  5379 |         if (conflicted[var(q)]==iset.size()) {
compare	Build baseline and candidate	2026-10-07T13:59:08.8581182Z src/solver/Solver.cc:5389:32: warning: comparison of integer expressions of different signedness: ‘unsigned int’ and ‘int’ [-Wsign-compare]
compare	Build baseline and candidate	2026-10-07T13:59:08.8581852Z  5389 |         if (conflicted[var(q)] < iset.size())
compare	Build baseline and candidate	2026-10-07T13:59:08.8583638Z src/solver/Solver.cc:5448:50: warning: comparison of integer expressions of different signedness: ‘unsigned int’ and ‘int’ [-Wsign-compare]
compare	Build baseline and candidate	2026-10-07T13:59:08.8584451Z  5448 |         if (q != lit_Undef && conflicted[var(q)] == iset.size()) {
compare	Build baseline and candidate	2026-10-07T13:59:08.8588853Z src/solver/Solver.cc:5513:38: warning: format ‘%llu’ expects argument of type ‘long long unsigned int’, but argument 3 has type ‘uint64_t’ {aka ‘long unsigned int’} [-Wformat=]
compare	Build baseline and candidate	2026-10-07T13:59:08.8589700Z  5513 |   printf("c isets %d, derivedCost %llu\n", nbIsets, derivedCost);
compare	Build baseline and candidate	2026-10-07T13:59:08.8590092Z       |                                   ~~~^              ~~~~~~~~~~~
compare	Build baseline and candidate	2026-10-07T13:59:08.8590414Z       |                                      |              |
compare	Build baseline and candidate	2026-10-07T13:59:08.8590789Z       |                                      |              uint64_t {aka long unsigned int}
compare	Build baseline and candidate	2026-10-07T13:59:08.8591166Z       |                                      long long unsigned int
compare	Build baseline and candidate	2026-10-07T13:59:08.8591474Z       |                                   %lu
compare	Build baseline and candidate	2026-10-07T13:59:08.8605466Z src/solver/Solver.cc: In member function ‘Minisat::CRef Minisat::Solver::simplepropagateForLK()’:
compare	Build baseline and candidate	2026-10-07T13:59:08.8606445Z src/solver/Solver.cc:5660:27: warning: comparison of integer expressions of different signedness: ‘unsigned int’ and ‘int’ [-Wsign-compare]
compare	Build baseline and candidate	2026-10-07T13:59:08.8607076Z  5660 |         if (c.lastPoint() > c.size())
compare	Build baseline and candidate	2026-10-07T13:59:08.8607371Z       |             ~~~~~~~~~~~~~~^~~~~~~~~~
compare	Build baseline and candidate	2026-10-07T13:59:08.8608058Z src/solver/Solver.cc:5674:27: warning: comparison of integer expressions of different signedness: ‘int’ and ‘unsigned int’ [-Wsign-compare]
compare	Build baseline and candidate	2026-10-07T13:59:08.8608691Z  5674 |         for (int k = 2; k < c.lastPoint(); k++) {
compare	Build baseline and candidate	2026-10-07T13:59:08.8609009Z       |                         ~~^~~~~~~~~~~~~~~
compare	Build baseline and candidate	2026-10-07T13:59:08.8644347Z src/solver/Solver.cc: In member function ‘void Minisat::Solver::addCardinalityConstraints()’:
compare	Build baseline and candidate	2026-10-07T13:59:08.8645459Z src/solver/Solver.cc:6204:64: warning: format ‘%llu’ expects argument of type ‘long long unsigned int’, but argument 2 has type ‘uint64_t’ {aka ‘long unsigned int’} [-Wformat=]
compare	Build baseline and candidate	2026-10-07T13:59:08.8646261Z  6204 |       printf("\nc Cardinality: off (soft-conflict only), UB %llu\n", UB);
compare	Build baseline and candidate	2026-10-07T13:59:08.8646676Z       |                                                             ~~~^     ~~
compare	Build baseline and candidate	2026-10-07T13:59:08.8647024Z       |                                                                |     |
compare	Build baseline and candidate	2026-10-07T13:59:08.8647398Z       |                                                                |     uint64_t {aka long unsigned int}
compare	Build baseline and candidate	2026-10-07T13:59:08.8647803Z       |                                                                long long unsigned int
compare	Build baseline and candidate	2026-10-07T13:59:08.8648150Z       |                                                             %lu
compare	Build baseline and candidate	2026-10-07T13:59:08.8649186Z src/solver/Solver.cc:6234:82: warning: comparison of integer expressions of different signedness: ‘int’ and ‘uint64_t’ {aka ‘long unsigned int’} [-Wsign-compare]
compare	Build baseline and candidate	2026-10-07T13:59:08.8650075Z  6234 |   if (activeSoftLits.size() < 2 || UB - 1 - nbFalse < 1 || activeSoftLits.size() <= UB - 1 - nbFalse
compare	Build baseline and candidate	2026-10-07T13:59:08.8650619Z       |                                                            ~~~~~~~~~~~~~~~~~~~~~~^~~~~~~~~~~~~~~~~~~
compare	Build baseline and candidate	2026-10-07T13:59:08.8651502Z src/solver/Solver.cc:6253:46: warning: format ‘%llu’ expects argument of type ‘long long unsigned int’, but argument 4 has type ‘uint64_t’ {aka ‘long unsigned int’} [-Wformat=]
compare	Build baseline and candidate	2026-10-07T13:59:08.8652319Z  6253 |   printf("\nc Cardinality: %d (%s) for UB %llu\n", cardinalityC.size(), enc, UB);
compare	Build baseline and candidate	2026-10-07T13:59:08.8652778Z       |                                           ~~~^                               ~~
compare	Build baseline and candidate	2026-10-07T13:59:08.8653331Z       |                                              |                               |
compare	Build baseline and candidate	2026-10-07T13:59:08.8653791Z       |                                              long long unsigned int          uint64_t {aka long unsigned int}
compare	Build baseline and candidate	2026-10-07T13:59:08.8654218Z       |                                           %lu
compare	Build baseline and candidate	2026-10-07T13:59:08.8672282Z src/solver/Solver.cc: In member function ‘Minisat::lbool Minisat::Solver::solve_()’:
compare	Build baseline and candidate	2026-10-07T13:59:08.8673767Z src/solver/Solver.cc:6602:79: warning: format ‘%llu’ expects argument of type ‘long long unsigned int’, but argument 5 has type ‘uint64_t’ {aka ‘long unsigned int’} [-Wformat=]
compare	Build baseline and candidate	2026-10-07T13:59:08.8674540Z  6602 |     printf("c fixedCost %d, nbSatLits %d, totalFixedVars %d, objForSearch: %llu\n\n",
compare	Build baseline and candidate	2026-10-07T13:59:08.8674979Z       |                                                                            ~~~^
compare	Build baseline and candidate	2026-10-07T13:59:08.8675335Z       |                                                                               |
compare	Build baseline and candidate	2026-10-07T13:59:08.8675725Z       |                                                                               long long unsigned int
compare	Build baseline and candidate	2026-10-07T13:59:08.8676133Z       |                                                                            %lu
compare	Build baseline and candidate	2026-10-07T13:59:08.8676582Z  6603 |                 fixedCost, nbSatLits, trail.size(), objForSearch);
compare	Build baseline and candidate	2026-10-07T13:59:08.8676963Z       |                                                     ~~~~~~~~~~~~               
compare	Build baseline and candidate	2026-10-07T13:59:08.8677312Z       |                                                     |
compare	Build baseline and candidate	2026-10-07T13:59:08.8677646Z       |                                                     uint64_t {aka long unsigned int}
compare	Build baseline and candidate	2026-10-07T13:59:08.8679227Z src/solver/Solver.cc:6631:35: warning: format ‘%llu’ expects argument of type ‘long long unsigned int’, but argument 2 has type ‘uint64_t’ {aka ‘long unsigned int’} [-Wformat=]
compare	Build baseline and candidate	2026-10-07T13:59:08.8679982Z  6631 |         printf("c provided UB: %llu\n", providedUB);
compare	Build baseline and candidate	2026-10-07T13:59:08.8680313Z       |                                ~~~^     ~~~~~~~~~~
compare	Build baseline and candidate	2026-10-07T13:59:08.8680616Z       |                                   |     |
compare	Build baseline and candidate	2026-10-07T13:59:08.8680932Z       |                                   |     uint64_t {aka long unsigned int}
compare	Build baseline and candidate	2026-10-07T13:59:08.8681285Z       |                                   long long unsigned int
compare	Build baseline and candidate	2026-10-07T13:59:08.8681574Z       |                                %lu
compare	Build baseline and candidate	2026-10-07T13:59:08.8682354Z src/solver/Solver.cc:6634:54: warning: format ‘%llu’ expects argument of type ‘long long unsigned int’, but argument 2 has type ‘uint64_t’ {aka ‘long unsigned int’} [-Wformat=]
compare	Build baseline and candidate	2026-10-07T13:59:08.8683732Z  6634 |         printf("c provided UB is invalide: initUB %llu, solCost %llu, costbySearch %llu, derivedCost %llu, relaxedCost: %llu\n", initUB, solutionCost, fixedCostBySearch, derivedCost, relaxedCost);
compare	Build baseline and candidate	2026-10-07T13:59:08.8684585Z       |                                                   ~~~^                                                                           ~~~~~~
compare	Build baseline and candidate	2026-10-07T13:59:08.8685054Z       |                                                      |                                                                           |
compare	Build baseline and candidate	2026-10-07T13:59:08.8685783Z       |                                                      long long unsigned int                                                      uint64_t {aka long unsigned int}
compare	Build baseline and candidate	2026-10-07T13:59:08.8686270Z       |                                                   %lu
compare	Build baseline and candidate	2026-10-07T13:59:08.8687164Z src/solver/Solver.cc:6634:68: warning: format ‘%llu’ expects argument of type ‘long long unsigned int’, but argument 3 has type ‘uint64_t’ {aka ‘long unsigned int’} [-Wformat=]
compare	Build baseline and candidate	2026-10-07T13:59:08.8688341Z  6634 |         printf("c provided UB is invalide: initUB %llu, solCost %llu, costbySearch %llu, derivedCost %llu, relaxedCost: %llu\n", initUB, solutionCost, fixedCostBySearch, derivedCost, relaxedCost);
compare	Build baseline and candidate	2026-10-07T13:59:08.8689211Z       |                                                                 ~~~^                                                                     ~~~~~~~~~~~~
compare	Build baseline and candidate	2026-10-07T13:59:08.8689706Z       |                                                                    |                                                                     |
compare	Build baseline and candidate	2026-10-07T13:59:08.8690291Z       |                                                                    long long unsigned int                                                uint64_t {aka long unsigned int}
compare	Build baseline and candidate	2026-10-07T13:59:08.8690794Z       |                                                                 %lu
compare	Build baseline and candidate	2026-10-07T13:59:08.8691720Z src/solver/Solver.cc:6634:87: warning: format ‘%llu’ expects argument of type ‘long long unsigned int’, but argument 4 has type ‘uint64_t’ {aka ‘long unsigned int’} [-Wformat=]
compare	Build baseline and candidate	2026-10-07T13:59:08.8693021Z  6634 |         printf("c provided UB is invalide: initUB %llu, solCost %llu, costbySearch %llu, derivedCost %llu, relaxedCost: %llu\n", initUB, solutionCost, fixedCostBySearch, derivedCost, relaxedCost);
compare	Build baseline and candidate	2026-10-07T13:59:08.8693949Z       |                                                                                    ~~~^                                                                ~~~~~~~~~~~~~~~~~
compare	Build baseline and candidate	2026-10-07T13:59:08.8694492Z       |                                                                                       |                                                                |
compare	Build baseline and candidate	2026-10-07T13:59:08.8695099Z       |                                                                                       long long unsigned int                                           uint64_t {aka long unsigned int}
compare	Build baseline and candidate	2026-10-07T13:59:08.8695654Z       |                                                                                    %lu
compare	Build baseline and candidate	2026-10-07T13:59:08.8696534Z src/solver/Solver.cc:6634:105: warning: format ‘%llu’ expects argument of type ‘long long unsigned int’, but argument 5 has type ‘uint64_t’ {aka ‘long unsigned int’} [-Wformat=]
compare	Build baseline and candidate	2026-10-07T13:59:08.8697762Z  6634 |         printf("c provided UB is invalide: initUB %llu, solCost %llu, costbySearch %llu, derivedCost %llu, relaxedCost: %llu\n", initUB, solutionCost, fixedCostBySearch, derivedCost, relaxedCost);
compare	Build baseline and candidate	2026-10-07T13:59:08.8698687Z       |                                                                                                      ~~~^                                                                 ~~~~~~~~~~~
compare	Build baseline and candidate	2026-10-07T13:59:08.8699238Z       |                                                                                                         |                                                                 |
compare	Build baseline and candidate	2026-10-07T13:59:08.8699881Z       |                                                                                                         long long unsigned int                                            uint64_t {aka long unsigned int}
compare	Build baseline and candidate	2026-10-07T13:59:08.8700439Z       |                                                                                                      %lu
compare	Build baseline and candidate	2026-10-07T13:59:08.8701385Z src/solver/Solver.cc:6634:124: warning: format ‘%llu’ expects argument of type ‘long long unsigned int’, but argument 6 has type ‘uint64_t’ {aka ‘long unsigned int’} [-Wformat=]
compare	Build baseline and candidate	2026-10-07T13:59:08.8702686Z  6634 |         printf("c provided UB is invalide: initUB %llu, solCost %llu, costbySearch %llu, derivedCost %llu, relaxedCost: %llu\n", initUB, solutionCost, fixedCostBySearch, derivedCost, relaxedCost);
compare	Build baseline and candidate	2026-10-07T13:59:08.8703710Z       |                                                                                                                         ~~~^                                                           ~~~~~~~~~~~
compare	Build baseline and candidate	2026-10-07T13:59:08.8704323Z       |                                                                                                                            |                                                           |
compare	Build baseline and candidate	2026-10-07T13:59:08.8705003Z       |                                                                                                                            long long unsigned int                                      uint64_t {aka long unsigned int}
compare	Build baseline and candidate	2026-10-07T13:59:08.8705615Z       |                                                                                                                         %lu
compare	Build baseline and candidate	2026-10-07T13:59:08.8706537Z src/solver/Solver.cc:6656:58: warning: format ‘%llu’ expects argument of type ‘long long unsigned int’, but argument 2 has type ‘uint64_t’ {aka ‘long unsigned int’} [-Wformat=]
compare	Build baseline and candidate	2026-10-07T13:59:08.8707369Z  6656 |       printf("c ends of initiationization by VSIDS at %llu conflicts with init %d\n\n",
compare	Build baseline and candidate	2026-10-07T13:59:08.8707956Z       |                                                       ~~~^
compare	Build baseline and candidate	2026-10-07T13:59:08.8708287Z       |                                                          |
compare	Build baseline and candidate	2026-10-07T13:59:08.8708618Z       |                                                          long long unsigned int
compare	Build baseline and candidate	2026-10-07T13:59:08.8708965Z       |                                                       %lu
compare	Build baseline and candidate	2026-10-07T13:59:08.8709242Z  6657 |              conflicts, init);
compare	Build baseline and candidate	2026-10-07T13:59:08.8709530Z       |              ~~~~~~~~~                                    
compare	Build baseline and candidate	2026-10-07T13:59:08.8709815Z       |              |
compare	Build baseline and candidate	2026-10-07T13:59:08.8710052Z       |              uint64_t {aka long unsigned int}
compare	Build baseline and candidate	2026-10-07T13:59:08.8710877Z src/solver/Solver.cc:6686:50: warning: format ‘%llu’ expects argument of type ‘long long unsigned int’, but argument 3 has type ‘uint64_t’ {aka ‘long unsigned int’} [-Wformat=]
compare	Build baseline and candidate	2026-10-07T13:59:08.8711701Z  6686 |           printf("c VSIDS phase %d: conflicts %llu, phase %llu, starts %llu, UP %llu\n",
compare	Build baseline and candidate	2026-10-07T13:59:08.8712120Z       |                                               ~~~^
compare	Build baseline and candidate	2026-10-07T13:59:08.8712411Z       |                                                  |
compare	Build baseline and candidate	2026-10-07T13:59:08.8712721Z       |                                                  long long unsigned int
compare	Build baseline and candidate	2026-10-07T13:59:08.8713202Z       |                                               %lu
compare	Build baseline and candidate	2026-10-07T13:59:08.8713578Z  6687 |                  nbVSIDSphase, conflicts-savedConfl, phase_allotment,
compare	Build baseline and candidate	2026-10-07T13:59:08.8713926Z       |                                ~~~~~~~~~~~~~~~~~~~~
compare	Build baseline and candidate	2026-10-07T13:59:08.8714232Z       |                                         |
compare	Build baseline and candidate	2026-10-07T13:59:08.8714550Z       |                                         uint64_t {aka long unsigned int}
compare	Build baseline and candidate	2026-10-07T13:59:08.8715412Z src/solver/Solver.cc:6686:62: warning: format ‘%llu’ expects argument of type ‘long long unsigned int’, but argument 4 has type ‘uint64_t’ {aka ‘long unsigned int’} [-Wformat=]
compare	Build baseline and candidate	2026-10-07T13:59:08.8716226Z  6686 |           printf("c VSIDS phase %d: conflicts %llu, phase %llu, starts %llu, UP %llu\n",
compare	Build baseline and candidate	2026-10-07T13:59:08.8716668Z       |                                                           ~~~^
compare	Build baseline and candidate	2026-10-07T13:59:08.8716986Z       |                                                              |
compare	Build baseline and candidate	2026-10-07T13:59:08.8717337Z       |                                                              long long unsigned int
compare	Build baseline and candidate	2026-10-07T13:59:08.8717691Z       |                                                           %lu
compare	Build baseline and candidate	2026-10-07T13:59:08.8718125Z  6687 |                  nbVSIDSphase, conflicts-savedConfl, phase_allotment,
compare	Build baseline and candidate	2026-10-07T13:59:08.8718707Z       |                                                      ~~~~~~~~~~~~~~~
compare	Build baseline and candidate	2026-10-07T13:59:08.8719029Z       |                                                      |
compare	Build baseline and candidate	2026-10-07T13:59:08.8719347Z       |                                                      uint64_t {aka long unsigned int}
compare	Build baseline and candidate	2026-10-07T13:59:08.8720214Z src/solver/Solver.cc:6686:75: warning: format ‘%llu’ expects argument of type ‘long long unsigned int’, but argument 5 has type ‘uint64_t’ {aka ‘long unsigned int’} [-Wformat=]
compare	Build baseline and candidate	2026-10-07T13:59:08.8721114Z  6686 |           printf("c VSIDS phase %d: conflicts %llu, phase %llu, starts %llu, UP %llu\n",
compare	Build baseline and candidate	2026-10-07T13:59:08.8721565Z       |                                                                        ~~~^
compare	Build baseline and candidate	2026-10-07T13:59:08.8721915Z       |                                                                           |
compare	Build baseline and candidate	2026-10-07T13:59:08.8722389Z       |                                                                           long long unsigned int
compare	Build baseline and candidate	2026-10-07T13:59:08.8722996Z       |                                                                        %lu
compare	Build baseline and candidate	2026-10-07T13:59:08.8723421Z  6687 |                  nbVSIDSphase, conflicts-savedConfl, phase_allotment,
compare	Build baseline and candidate	2026-10-07T13:59:08.8723867Z  6688 |                  starts-savedRestarts, propagations-savedUP);
compare	Build baseline and candidate	2026-10-07T13:59:08.8724253Z       |                  ~~~~~~~~~~~~~~~~~~~~                                      
compare	Build baseline and candidate	2026-10-07T13:59:08.8724643Z       |                        |
compare	Build baseline and candidate	2026-10-07T13:59:08.8724945Z       |                        uint64_t {aka long unsigned int}
compare	Build baseline and candidate	2026-10-07T13:59:08.8725899Z src/solver/Solver.cc:6686:84: warning: format ‘%llu’ expects argument of type ‘long long unsigned int’, but argument 6 has type ‘uint64_t’ {aka ‘long unsigned int’} [-Wformat=]
compare	Build baseline and candidate	2026-10-07T13:59:08.8726773Z  6686 |           printf("c VSIDS phase %d: conflicts %llu, phase %llu, starts %llu, UP %llu\n",
compare	Build baseline and candidate	2026-10-07T13:59:08.8727271Z       |                                                                                 ~~~^
compare	Build baseline and candidate	2026-10-07T13:59:08.8727664Z       |                                                                                    |
compare	Build baseline and candidate	2026-10-07T13:59:08.8728098Z       |                                                                                    long long unsigned int
compare	Build baseline and candidate	2026-10-07T13:59:08.8728540Z       |                                                                                 %lu
compare	Build baseline and candidate	2026-10-07T13:59:08.8729009Z  6687 |                  nbVSIDSphase, conflicts-savedConfl, phase_allotment,
compare	Build baseline and candidate	2026-10-07T13:59:08.8729483Z  6688 |                  starts-savedRestarts, propagations-savedUP);
compare	Build baseline and candidate	2026-10-07T13:59:08.8729930Z       |                                        ~~~~~~~~~~~~~~~~~~~~                         
compare	Build baseline and candidate	2026-10-07T13:59:08.8730307Z       |                                                    |
compare	Build baseline and candidate	2026-10-07T13:59:08.8730663Z       |                                                    uint64_t {aka long unsigned int}
compare	Build baseline and candidate	2026-10-07T13:59:08.8731635Z src/solver/Solver.cc:6692:48: warning: format ‘%llu’ expects argument of type ‘long long unsigned int’, but argument 3 has type ‘uint64_t’ {aka ‘long unsigned int’} [-Wformat=]
compare	Build baseline and candidate	2026-10-07T13:59:08.8732524Z  6692 |           printf("c LRB phase %d: conflicts %llu, phase %llu, starts %llu, UP %llu\n",
compare	Build baseline and candidate	2026-10-07T13:59:08.8733235Z       |                                             ~~~^
compare	Build baseline and candidate	2026-10-07T13:59:08.8733585Z       |                                                |
compare	Build baseline and candidate	2026-10-07T13:59:08.8733951Z       |                                                long long unsigned int
compare	Build baseline and candidate	2026-10-07T13:59:08.8734332Z       |                                             %lu
compare	Build baseline and candidate	2026-10-07T13:59:08.8734729Z  6693 |                  nbLRBphase, conflicts-savedConfl, phase_allotment,
compare	Build baseline and candidate	2026-10-07T13:59:08.8735130Z       |                              ~~~~~~~~~~~~~~~~~~~~
compare	Build baseline and candidate	2026-10-07T13:59:08.8735443Z       |                                       |
compare	Build baseline and candidate	2026-10-07T13:59:08.8735819Z       |                                       uint64_t {aka long unsigned int}
compare	Build baseline and candidate	2026-10-07T13:59:08.8736803Z src/solver/Solver.cc:6692:60: warning: format ‘%llu’ expects argument of type ‘long long unsigned int’, but argument 4 has type ‘uint64_t’ {aka ‘long unsigned int’} [-Wformat=]
compare	Build baseline and candidate	2026-10-07T13:59:08.8737895Z  6692 |           printf("c LRB phase %d: conflicts %llu, phase %llu, starts %llu, UP %llu\n",
compare	Build baseline and candidate	2026-10-07T13:59:08.8738395Z       |                                                         ~~~^
compare	Build baseline and candidate	2026-10-07T13:59:08.8738775Z       |                                                            |
compare	Build baseline and candidate	2026-10-07T13:59:08.8739144Z       |                                                            long long unsigned int
compare	Build baseline and candidate	2026-10-07T13:59:08.8739524Z       |                                                         %lu
compare	Build baseline and candidate	2026-10-07T13:59:08.8739941Z  6693 |                  nbLRBphase, conflicts-savedConfl, phase_allotment,
compare	Build baseline and candidate	2026-10-07T13:59:08.8740352Z       |                                                    ~~~~~~~~~~~~~~~
compare	Build baseline and candidate	2026-10-07T13:59:08.8740706Z       |                                                    |
compare	Build baseline and candidate	2026-10-07T13:59:08.8741081Z       |                                                    uint64_t {aka long unsigned int}
compare	Build baseline and candidate	2026-10-07T13:59:08.8742035Z src/solver/Solver.cc:6692:73: warning: format ‘%llu’ expects argument of type ‘long long unsigned int’, but argument 5 has type ‘uint64_t’ {aka ‘long unsigned int’} [-Wformat=]
compare	Build baseline and candidate	2026-10-07T13:59:08.8743063Z  6692 |           printf("c LRB phase %d: conflicts %llu, phase %llu, starts %llu, UP %llu\n",
compare	Build baseline and candidate	2026-10-07T13:59:08.8743693Z       |                                                                      ~~~^
compare	Build baseline and candidate	2026-10-07T13:59:08.8744088Z       |                                                                         |
compare	Build baseline and candidate	2026-10-07T13:59:08.8744498Z       |                                                                         long long unsigned int
compare	Build baseline and candidate	2026-10-07T13:59:08.8744926Z       |                                                                      %lu
compare	Build baseline and candidate	2026-10-07T13:59:08.8745366Z  6693 |                  nbLRBphase, conflicts-savedConfl, phase_allotment,
compare	Build baseline and candidate	2026-10-07T13:59:08.8745858Z  6694 |                  starts-savedRestarts, propagations-savedUP);
compare	Build baseline and candidate	2026-10-07T13:59:08.8746299Z       |                  ~~~~~~~~~~~~~~~~~~~~                                    
compare	Build baseline and candidate	2026-10-07T13:59:08.8746648Z       |                        |
compare	Build baseline and candidate	2026-10-07T13:59:08.8746959Z       |                        uint64_t {aka long unsigned int}
compare	Build baseline and candidate	2026-10-07T13:59:08.8748122Z src/solver/Solver.cc:6692:82: warning: format ‘%llu’ expects argument of type ‘long long unsigned int’, but argument 6 has type ‘uint64_t’ {aka ‘long unsigned int’} [-Wformat=]
compare	Build baseline and candidate	2026-10-07T13:59:08.8749019Z  6692 |           printf("c LRB phase %d: conflicts %llu, phase %llu, starts %llu, UP %llu\n",
compare	Build baseline and candidate	2026-10-07T13:59:08.8749517Z       |                                                                               ~~~^
compare	Build baseline and candidate	2026-10-07T13:59:08.8749910Z       |                                                                                  |
compare	Build baseline and candidate	2026-10-07T13:59:08.8750365Z       |                                                                                  long long unsigned int
compare	Build baseline and candidate	2026-10-07T13:59:08.8750817Z       |                                                                               %lu
compare	Build baseline and candidate	2026-10-07T13:59:08.8751261Z  6693 |                  nbLRBphase, conflicts-savedConfl, phase_allotment,
compare	Build baseline and candidate	2026-10-07T13:59:08.8751723Z  6694 |                  starts-savedRestarts, propagations-savedUP);
compare	Build baseline and candidate	2026-10-07T13:59:08.8752134Z       |                                        ~~~~~~~~~~~~~~~~~~~~                       
compare	Build baseline and candidate	2026-10-07T13:59:08.8752525Z       |                                                    |
compare	Build baseline and candidate	2026-10-07T13:59:08.8753149Z       |                                                    uint64_t {aka long unsigned int}
compare	Build baseline and candidate	2026-10-07T13:59:08.8754179Z src/solver/Solver.cc:6739:25: warning: format ‘%llu’ expects argument of type ‘long long unsigned int’, but argument 2 has type ‘uint64_t’ {aka ‘long unsigned int’} [-Wformat=]
compare	Build baseline and candidate	2026-10-07T13:59:08.8755168Z  6739 |         printf("c UB=%llu fails, cnfls=%llu, hcnfls=%llu, core %d, tier2 %d, local %d, quasiC: %llu (fixed: %llu)\n",
compare	Build baseline and candidate	2026-10-07T13:59:08.8755867Z       |                      ~~~^
compare	Build baseline and candidate	2026-10-07T13:59:08.8756160Z       |                         |
compare	Build baseline and candidate	2026-10-07T13:59:08.8756450Z       |                         long long unsigned int
compare	Build baseline and candidate	2026-10-07T13:59:08.8756759Z       |                      %lu
compare	Build baseline and candidate	2026-10-07T13:59:08.8757448Z  6740 |                UB, conflicts, conflicts-softConflicts, learnts_core.size(), learnts_tier2.size(), learnts_local.size(), quasiSoftConflicts, fixedByQuasiConfl);
compare	Build baseline and candidate	2026-10-07T13:59:08.8758134Z       |                ~~        
compare	Build baseline and candidate	2026-10-07T13:59:08.8758404Z       |                |
compare	Build baseline and candidate	2026-10-07T13:59:08.8758686Z       |                uint64_t {aka long unsigned int}
compare	Build baseline and candidate	2026-10-07T13:59:08.8759605Z src/solver/Solver.cc:6739:43: warning: format ‘%llu’ expects argument of type ‘long long unsigned int’, but argument 3 has type ‘uint64_t’ {aka ‘long unsigned int’} [-Wformat=]
compare	Build baseline and candidate	2026-10-07T13:59:08.8760595Z  6739 |         printf("c UB=%llu fails, cnfls=%llu, hcnfls=%llu, core %d, tier2 %d, local %d, quasiC: %llu (fixed: %llu)\n",
compare	Build baseline and candidate	2026-10-07T13:59:08.8761145Z       |                                        ~~~^
compare	Build baseline and candidate	2026-10-07T13:59:08.8761470Z       |                                           |
compare	Build baseline and candidate	2026-10-07T13:59:08.8761827Z       |                                           long long unsigned int
compare	Build baseline and candidate	2026-10-07T13:59:08.8762205Z       |                                        %lu
compare	Build baseline and candidate	2026-10-07T13:59:08.8763107Z  6740 |                UB, conflicts, conflicts-softConflicts, learnts_core.size(), learnts_tier2.size(), learnts_local.size(), quasiSoftConflicts, fixedByQuasiConfl);
compare	Build baseline and candidate	2026-10-07T13:59:08.8763839Z       |                    ~~~~~~~~~               
compare	Build baseline and candidate	2026-10-07T13:59:08.8764161Z       |                    |
compare	Build baseline and candidate	2026-10-07T13:59:08.8764474Z       |                    uint64_t {aka long unsigned int}
compare	Build baseline and candidate	2026-10-07T13:59:08.8765486Z src/solver/Solver.cc:6739:56: warning: format ‘%llu’ expects argument of type ‘long long unsigned int’, but argument 4 has type ‘uint64_t’ {aka ‘long unsigned int’} [-Wformat=]
compare	Build baseline and candidate	2026-10-07T13:59:08.8766495Z  6739 |         printf("c UB=%llu fails, cnfls=%llu, hcnfls=%llu, core %d, tier2 %d, local %d, quasiC: %llu (fixed: %llu)\n",
compare	Build baseline and candidate	2026-10-07T13:59:08.8767048Z       |                                                     ~~~^
compare	Build baseline and candidate	2026-10-07T13:59:08.8767373Z       |                                                        |
compare	Build baseline and candidate	2026-10-07T13:59:08.8767730Z       |                                                        long long unsigned int
compare	Build baseline and candidate	2026-10-07T13:59:08.8768086Z       |                                                     %lu
compare	Build baseline and candidate	2026-10-07T13:59:08.8768738Z  6740 |                UB, conflicts, conflicts-softConflicts, learnts_core.size(), learnts_tier2.size(), learnts_local.size(), quasiSoftConflicts, fixedByQuasiConfl);
compare	Build baseline and candidate	2026-10-07T13:59:08.8769413Z       |                               ~~~~~~~~~~~~~~~~~~~~~~~   
compare	Build baseline and candidate	2026-10-07T13:59:08.8769778Z       |                                        |
compare	Build baseline and candidate	2026-10-07T13:59:08.8770454Z       |                                        uint64_t {aka long unsigned int}
compare	Build baseline and candidate	2026-10-07T13:59:08.8771395Z src/solver/Solver.cc:6739:99: warning: format ‘%llu’ expects argument of type ‘long long unsigned int’, but argument 8 has type ‘uint64_t’ {aka ‘long unsigned int’} [-Wformat=]
compare	Build baseline and candidate	2026-10-07T13:59:08.8772314Z  6739 |         printf("c UB=%llu fails, cnfls=%llu, hcnfls=%llu, core %d, tier2 %d, local %d, quasiC: %llu (fixed: %llu)\n",
compare	Build baseline and candidate	2026-10-07T13:59:08.8773080Z       |                                                                                                ~~~^
compare	Build baseline and candidate	2026-10-07T13:59:08.8773501Z       |                                                                                                   |
compare	Build baseline and candidate	2026-10-07T13:59:08.8773910Z       |                                                                                                   long long unsigned int
compare	Build baseline and candidate	2026-10-07T13:59:08.8774316Z       |                                                                                                %lu
compare	Build baseline and candidate	2026-10-07T13:59:08.8775021Z  6740 |                UB, conflicts, conflicts-softConflicts, learnts_core.size(), learnts_tier2.size(), learnts_local.size(), quasiSoftConflicts, fixedByQuasiConfl);
compare	Build baseline and candidate	2026-10-07T13:59:08.8775956Z       |                                                                                                                         ~~~~~~~~~~~~~~~~~~
compare	Build baseline and candidate	2026-10-07T13:59:08.8776419Z       |                                                                                                                         |
compare	Build baseline and candidate	2026-10-07T13:59:08.8776910Z       |                                                                                                                         uint64_t {aka long unsigned int}
compare	Build baseline and candidate	2026-10-07T13:59:08.8777908Z src/solver/Solver.cc:6739:112: warning: format ‘%llu’ expects argument of type ‘long long unsigned int’, but argument 9 has type ‘uint64_t’ {aka ‘long unsigned int’} [-Wformat=]
compare	Build baseline and candidate	2026-10-07T13:59:08.8778800Z  6739 |         printf("c UB=%llu fails, cnfls=%llu, hcnfls=%llu, core %d, tier2 %d, local %d, quasiC: %llu (fixed: %llu)\n",
compare	Build baseline and candidate	2026-10-07T13:59:08.8779359Z       |                                                                                                             ~~~^
compare	Build baseline and candidate	2026-10-07T13:59:08.8779799Z       |                                                                                                                |
compare	Build baseline and candidate	2026-10-07T13:59:08.8780254Z       |                                                                                                                long long unsigned int
compare	Build baseline and candidate	2026-10-07T13:59:08.8780805Z       |                                                                                                             %lu
compare	Build baseline and candidate	2026-10-07T13:59:08.8781588Z  6740 |                UB, conflicts, conflicts-softConflicts, learnts_core.size(), learnts_tier2.size(), learnts_local.size(), quasiSoftConflicts, fixedByQuasiConfl);
compare	Build baseline and candidate	2026-10-07T13:59:08.8782355Z       |                                                                                                                                             ~~~~~~~~~~~~~~~~~
compare	Build baseline and candidate	2026-10-07T13:59:08.8783021Z       |                                                                                                                                             |
compare	Build baseline and candidate	2026-10-07T13:59:08.8783592Z       |                                                                                                                                             uint64_t {aka long unsigned int}
compare	Build baseline and candidate	2026-10-07T13:59:08.8784587Z src/solver/Solver.cc:6741:72: warning: format ‘%llu’ expects argument of type ‘long long unsigned int’, but argument 5 has type ‘uint64_t’ {aka ‘long unsigned int’} [-Wformat=]
compare	Build baseline and candidate	2026-10-07T13:59:08.8785641Z  6741 |         printf("c prunedLB %4.2f, dev %4.2f, succRate %4.2f, nbSucc %llu, nbHardens %d (fixed %llu), lk: %llu, shorten: %llu, pureSo %d, nbFlyRd %d, nbFixedLH %llu\n",
compare	Build baseline and candidate	2026-10-07T13:59:08.8786285Z       |                                                                     ~~~^
compare	Build baseline and candidate	2026-10-07T13:59:08.8786628Z       |                                                                        |
compare	Build baseline and candidate	2026-10-07T13:59:08.8787002Z       |                                                                        long long unsigned int
compare	Build baseline and candidate	2026-10-07T13:59:08.8787404Z       |                                                                     %lu
compare	Build baseline and candidate	2026-10-07T13:59:08.8787730Z  6742 |                meanLB, dev, succRate,
compare	Build baseline and candidate	2026-10-07T13:59:08.8788441Z  6743 |                nbLKsuccess-savednbLKsuccess, nbHardens, fixedByHardens, LOOKAHEAD-savedLOOKAHEAD, nbSavedLits, pureSoftConfl, nbFlyReduced, nbFixedByLH);
compare	Build baseline and candidate	2026-10-07T13:59:08.8789182Z       |                ~~~~~~~~~~~~~~~~~~~~~~~~~~~~                             
compare	Build baseline and candidate	2026-10-07T13:59:08.8789506Z       |                           |
compare	Build baseline and candidate	2026-10-07T13:59:08.8789804Z       |                           uint64_t {aka long unsigned int}
compare	Build baseline and candidate	2026-10-07T13:59:08.8790619Z src/solver/Solver.cc:6741:98: warning: format ‘%llu’ expects argument of type ‘long long unsigned int’, but argument 7 has type ‘uint64_t’ {aka ‘long unsigned int’} [-Wformat=]
compare	Build baseline and candidate	2026-10-07T13:59:08.8791647Z  6741 |         printf("c prunedLB %4.2f, dev %4.2f, succRate %4.2f, nbSucc %llu, nbHardens %d (fixed %llu), lk: %llu, shorten: %llu, pureSo %d, nbFlyRd %d, nbFixedLH %llu\n",
compare	Build baseline and candidate	2026-10-07T13:59:08.8792473Z       |                                                                                               ~~~^
compare	Build baseline and candidate	2026-10-07T13:59:08.8793036Z       |                                                                                                  |
compare	Build baseline and candidate	2026-10-07T13:59:08.8793499Z       |                                                                                                  long long unsigned int
compare	Build baseline and candidate	2026-10-07T13:59:08.8793940Z       |                                                                                               %lu
compare	Build baseline and candidate	2026-10-07T13:59:08.8794301Z  6742 |                meanLB, dev, succRate,
compare	Build baseline and candidate	2026-10-07T13:59:08.8794996Z  6743 |                nbLKsuccess-savednbLKsuccess, nbHardens, fixedByHardens, LOOKAHEAD-savedLOOKAHEAD, nbSavedLits, pureSoftConfl, nbFlyReduced, nbFixedByLH);
compare	Build baseline and candidate	2026-10-07T13:59:08.8795753Z       |                                                         ~~~~~~~~~~~~~~                            
compare	Build baseline and candidate	2026-10-07T13:59:08.8796125Z       |                                                         |
compare	Build baseline and candidate	2026-10-07T13:59:08.8796478Z       |                                                         uint64_t {aka long unsigned int}
compare	Build baseline and candidate	2026-10-07T13:59:08.8797413Z src/solver/Solver.cc:6741:109: warning: format ‘%llu’ expects argument of type ‘long long unsigned int’, but argument 8 has type ‘uint64_t’ {aka ‘long unsigned int’} [-Wformat=]
compare	Build baseline and candidate	2026-10-07T13:59:08.8798568Z  6741 |         printf("c prunedLB %4.2f, dev %4.2f, succRate %4.2f, nbSucc %llu, nbHardens %d (fixed %llu), lk: %llu, shorten: %llu, pureSo %d, nbFlyRd %d, nbFixedLH %llu\n",
compare	Build baseline and candidate	2026-10-07T13:59:08.8799274Z       |                                                                                                          ~~~^
compare	Build baseline and candidate	2026-10-07T13:59:08.8799725Z       |                                                                                                             |
compare	Build baseline and candidate	2026-10-07T13:59:08.8800181Z       |                                                                                                             long long unsigned int
compare	Build baseline and candidate	2026-10-07T13:59:08.8800652Z       |                                                                                                          %lu
compare	Build baseline and candidate	2026-10-07T13:59:08.8801018Z  6742 |                meanLB, dev, succRate,
compare	Build baseline and candidate	2026-10-07T13:59:08.8801707Z  6743 |                nbLKsuccess-savednbLKsuccess, nbHardens, fixedByHardens, LOOKAHEAD-savedLOOKAHEAD, nbSavedLits, pureSoftConfl, nbFlyReduced, nbFixedByLH);
compare	Build baseline and candidate	2026-10-07T13:59:08.8802461Z       |                                                                         ~~~~~~~~~~~~~~~~~~~~~~~~             
compare	Build baseline and candidate	2026-10-07T13:59:08.8803007Z       |                                                                                  |
compare	Build baseline and candidate	2026-10-07T13:59:08.8803416Z       |                                                                                  uint64_t {aka long unsigned int}
compare	Build baseline and candidate	2026-10-07T13:59:08.8804351Z src/solver/Solver.cc:6741:124: warning: format ‘%llu’ expects argument of type ‘long long unsigned int’, but argument 9 has type ‘uint64_t’ {aka ‘long unsigned int’} [-Wformat=]
compare	Build baseline and candidate	2026-10-07T13:59:08.8805392Z  6741 |         printf("c prunedLB %4.2f, dev %4.2f, succRate %4.2f, nbSucc %llu, nbHardens %d (fixed %llu), lk: %llu, shorten: %llu, pureSo %d, nbFlyRd %d, nbFixedLH %llu\n",
compare	Build baseline and candidate	2026-10-07T13:59:08.8806077Z       |                                                                                                                         ~~~^
compare	Build baseline and candidate	2026-10-07T13:59:08.8806542Z       |                                                                                                                            |
compare	Build baseline and candidate	2026-10-07T13:59:08.8807044Z       |                                                                                                                            long long unsigned int
compare	Build baseline and candidate	2026-10-07T13:59:08.8807535Z       |                                                                                                                         %lu
compare	Build baseline and candidate	2026-10-07T13:59:08.8808051Z  6742 |                meanLB, dev, succRate,
compare	Build baseline and candidate	2026-10-07T13:59:08.8808741Z  6743 |                nbLKsuccess-savednbLKsuccess, nbHardens, fixedByHardens, LOOKAHEAD-savedLOOKAHEAD, nbSavedLits, pureSoftConfl, nbFlyReduced, nbFixedByLH);
compare	Build baseline and candidate	2026-10-07T13:59:08.8809509Z       |                                                                                                   ~~~~~~~~~~~               
compare	Build baseline and candidate	2026-10-07T13:59:08.8809936Z       |                                                                                                   |
compare	Build baseline and candidate	2026-10-07T13:59:08.8810388Z       |                                                                                                   uint64_t {aka long unsigned int}
compare	Build baseline and candidate	2026-10-07T13:59:08.8811341Z src/solver/Solver.cc:6741:163: warning: format ‘%llu’ expects argument of type ‘long long unsigned int’, but argument 12 has type ‘uint64_t’ {aka ‘long unsigned int’} [-Wformat=]
compare	Build baseline and candidate	2026-10-07T13:59:08.8812394Z  6741 |         printf("c prunedLB %4.2f, dev %4.2f, succRate %4.2f, nbSucc %llu, nbHardens %d (fixed %llu), lk: %llu, shorten: %llu, pureSo %d, nbFlyRd %d, nbFixedLH %llu\n",
compare	Build baseline and candidate	2026-10-07T13:59:08.8813334Z       |                                                                                                                                                                ~~~^
compare	Build baseline and candidate	2026-10-07T13:59:08.8813885Z       |                                                                                                                                                                   |
compare	Build baseline and candidate	2026-10-07T13:59:08.8814570Z       |                                                                                                                                                                   long long unsigned int
compare	Build baseline and candidate	2026-10-07T13:59:08.8815159Z       |                                                                                                                                                                %lu
compare	Build baseline and candidate	2026-10-07T13:59:08.8815596Z  6742 |                meanLB, dev, succRate,
compare	Build baseline and candidate	2026-10-07T13:59:08.8816304Z  6743 |                nbLKsuccess-savednbLKsuccess, nbHardens, fixedByHardens, LOOKAHEAD-savedLOOKAHEAD, nbSavedLits, pureSoftConfl, nbFlyReduced, nbFixedByLH);
compare	Build baseline and candidate	2026-10-07T13:59:08.8817133Z       |                                                                                                                                             ~~~~~~~~~~~            
compare	Build baseline and candidate	2026-10-07T13:59:08.8817664Z       |                                                                                                                                             |
compare	Build baseline and candidate	2026-10-07T13:59:08.8818210Z       |                                                                                                                                             uint64_t {aka long unsigned int}
compare	Build baseline and candidate	2026-10-07T13:59:08.8819262Z src/solver/Solver.cc:6769:25: warning: format ‘%llu’ expects argument of type ‘long long unsigned int’, but argument 2 has type ‘uint64_t’ {aka ‘long unsigned int’} [-Wformat=]
compare	Build baseline and candidate	2026-10-07T13:59:08.8820467Z  6769 |         printf("c UB=%llu succ, confls=%llu and hconfls=%llu with %d soft clauses unsat (%d at level 0) and %d fixed vars at level 0,  prunedLB %4.2f, dev %4.2f, succRate %4.2f, nbSucc %llu, shortened : %llu\n",
compare	Build baseline and candidate	2026-10-07T13:59:08.8821250Z       |                      ~~~^
compare	Build baseline and candidate	2026-10-07T13:59:08.8821498Z       |                         |
compare	Build baseline and candidate	2026-10-07T13:59:08.8821767Z       |                         long long unsigned int
compare	Build baseline and candidate	2026-10-07T13:59:08.8822069Z       |                      %lu
compare	Build baseline and candidate	2026-10-07T13:59:08.8822604Z  6770 |                UB, conflicts, conflicts-softConflicts, falseLits.size(), nbFalses, nbFixeds,
compare	Build baseline and candidate	2026-10-07T13:59:08.8823197Z       |                ~~        
compare	Build baseline and candidate	2026-10-07T13:59:08.8823445Z       |                |
compare	Build baseline and candidate	2026-10-07T13:59:08.8823707Z       |                uint64_t {aka long unsigned int}
compare	Build baseline and candidate	2026-10-07T13:59:08.8824554Z src/solver/Solver.cc:6769:43: warning: format ‘%llu’ expects argument of type ‘long long unsigned int’, but argument 3 has type ‘uint64_t’ {aka ‘long unsigned int’} [-Wformat=]
compare	Build baseline and candidate	2026-10-07T13:59:08.8825843Z  6769 |         printf("c UB=%llu succ, confls=%llu and hconfls=%llu with %d soft clauses unsat (%d at level 0) and %d fixed vars at level 0,  prunedLB %4.2f, dev %4.2f, succRate %4.2f, nbSucc %llu, shortened : %llu\n",
compare	Build baseline and candidate	2026-10-07T13:59:08.8826599Z       |                                        ~~~^
compare	Build baseline and candidate	2026-10-07T13:59:08.8826891Z       |                                           |
compare	Build baseline and candidate	2026-10-07T13:59:08.8827211Z       |                                           long long unsigned int
compare	Build baseline and candidate	2026-10-07T13:59:08.8827533Z       |                                        %lu
compare	Build baseline and candidate	2026-10-07T13:59:08.8827979Z  6770 |                UB, conflicts, conflicts-softConflicts, falseLits.size(), nbFalses, nbFixeds,
compare	Build baseline and candidate	2026-10-07T13:59:08.8828442Z       |                    ~~~~~~~~~               
compare	Build baseline and candidate	2026-10-07T13:59:08.8828715Z       |                    |
compare	Build baseline and candidate	2026-10-07T13:59:08.8828992Z       |                    uint64_t {aka long unsigned int}
compare	Build baseline and candidate	2026-10-07T13:59:08.8829852Z src/solver/Solver.cc:6769:60: warning: format ‘%llu’ expects argument of type ‘long long unsigned int’, but argument 4 has type ‘uint64_t’ {aka ‘long unsigned int’} [-Wformat=]
compare	Build baseline and candidate	2026-10-07T13:59:08.8831063Z  6769 |         printf("c UB=%llu succ, confls=%llu and hconfls=%llu with %d soft clauses unsat (%d at level 0) and %d fixed vars at level 0,  prunedLB %4.2f, dev %4.2f, succRate %4.2f, nbSucc %llu, shortened : %llu\n",
compare	Build baseline and candidate	2026-10-07T13:59:08.8831792Z       |                                                         ~~~^
compare	Build baseline and candidate	2026-10-07T13:59:08.8832201Z       |                                                            |
compare	Build baseline and candidate	2026-10-07T13:59:08.8832545Z       |                                                            long long unsigned int
compare	Build baseline and candidate	2026-10-07T13:59:08.8833128Z       |                                                         %lu
compare	Build baseline and candidate	2026-10-07T13:59:08.8833579Z  6770 |                UB, conflicts, conflicts-softConflicts, falseLits.size(), nbFalses, nbFixeds,
compare	Build baseline and candidate	2026-10-07T13:59:08.8834040Z       |                               ~~~~~~~~~~~~~~~~~~~~~~~       
compare	Build baseline and candidate	2026-10-07T13:59:08.8834340Z       |                                        |
compare	Build baseline and candidate	2026-10-07T13:59:08.8834649Z       |                                        uint64_t {aka long unsigned int}
compare	Build baseline and candidate	2026-10-07T13:59:08.8835566Z src/solver/Solver.cc:6769:189: warning: format ‘%llu’ expects argument of type ‘long long unsigned int’, but argument 11 has type ‘uint64_t’ {aka ‘long unsigned int’} [-Wformat=]
compare	Build baseline and candidate	2026-10-07T13:59:08.8836685Z  6769 |         printf("c UB=%llu succ, confls=%llu and hconfls=%llu with %d soft clauses unsat (%d at level 0) and %d fixed vars at level 0,  prunedLB %4.2f, dev %4.2f, succRate %4.2f, nbSucc %llu, shortened : %llu\n",
compare	Build baseline and candidate	2026-10-07T13:59:08.8837571Z       |                                                                                                                                                                                          ~~~^
compare	Build baseline and candidate	2026-10-07T13:59:08.8838144Z       |                                                                                                                                                                                             |
compare	Build baseline and candidate	2026-10-07T13:59:08.8838776Z       |                                                                                                                                                                                             long long unsigned int
compare	Build baseline and candidate	2026-10-07T13:59:08.8839395Z       |                                                                                                                                                                                          %lu
compare	Build baseline and candidate	2026-10-07T13:59:08.8840006Z  6770 |                UB, conflicts, conflicts-softConflicts, falseLits.size(), nbFalses, nbFixeds,
compare	Build baseline and candidate	2026-10-07T13:59:08.8840497Z  6771 |                meanLB, dev, succRate, nbLKsuccess, nbSavedLits);
compare	Build baseline and candidate	2026-10-07T13:59:08.8840997Z       |                                       ~~~~~~~~~~~                                                                                                                                            
compare	Build baseline and candidate	2026-10-07T13:59:08.8841445Z       |                                       |
compare	Build baseline and candidate	2026-10-07T13:59:08.8841934Z       |                                       uint64_t {aka long unsigned int}
compare	Build baseline and candidate	2026-10-07T13:59:08.8843020Z src/solver/Solver.cc:6769:207: warning: format ‘%llu’ expects argument of type ‘long long unsigned int’, but argument 12 has type ‘uint64_t’ {aka ‘long unsigned int’} [-Wformat=]
compare	Build baseline and candidate	2026-10-07T13:59:08.8844266Z  6769 |         printf("c UB=%llu succ, confls=%llu and hconfls=%llu with %d soft clauses unsat (%d at level 0) and %d fixed vars at level 0,  prunedLB %4.2f, dev %4.2f, succRate %4.2f, nbSucc %llu, shortened : %llu\n",
compare	Build baseline and candidate	2026-10-07T13:59:08.8845221Z       |                                                                                                                                                                                                            ~~~^
compare	Build baseline and candidate	2026-10-07T13:59:08.8845858Z       |                                                                                                                                                                                                               |
compare	Build baseline and candidate	2026-10-07T13:59:08.8846531Z       |                                                                                                                                                                                                               long long unsigned int
compare	Build baseline and candidate	2026-10-07T13:59:08.8847241Z       |                                                                                                                                                                                                            %lu
compare	Build baseline and candidate	2026-10-07T13:59:08.8848044Z  6770 |                UB, conflicts, conflicts-softConflicts, falseLits.size(), nbFalses, nbFixeds,
compare	Build baseline and candidate	2026-10-07T13:59:08.8848554Z  6771 |                meanLB, dev, succRate, nbLKsuccess, nbSavedLits);
compare	Build baseline and candidate	2026-10-07T13:59:08.8849095Z       |                                                    ~~~~~~~~~~~                                                                                                                                                 
compare	Build baseline and candidate	2026-10-07T13:59:08.8849578Z       |                                                    |
compare	Build baseline and candidate	2026-10-07T13:59:08.8849925Z       |                                                    uint64_t {aka long unsigned int}
compare	Build baseline and candidate	2026-10-07T13:59:08.8850802Z src/solver/Solver.cc:6798:17: warning: comparison of integer expressions of different signedness: ‘uint64_t’ {aka ‘long unsigned int’} and ‘int’ [-Wsign-compare]
compare	Build baseline and candidate	2026-10-07T13:59:08.8851500Z  6798 |         if (inf > falseLits.size())
compare	Build baseline and candidate	2026-10-07T13:59:08.8851779Z       |             ~~~~^~~~~~~~~~~~~~~~~~
compare	Build baseline and candidate	2026-10-07T13:59:08.8852568Z src/solver/Solver.cc:6806:34: warning: format ‘%llu’ expects argument of type ‘long long unsigned int’, but argument 2 has type ‘uint64_t’ {aka ‘long unsigned int’} [-Wformat=]
compare	Build baseline and candidate	2026-10-07T13:59:08.8853990Z  6806 |       else printf("c error UB %llu, inf %llu, sup %llu\n", UB, inf, sup);
compare	Build baseline and candidate	2026-10-07T13:59:08.8854298Z       |                               ~~~^                         ~~
compare	Build baseline and candidate	2026-10-07T13:59:08.8854518Z       |                                  |                         |
compare	Build baseline and candidate	2026-10-07T13:59:08.8854973Z       |                                  long long unsigned int    uint64_t {aka long unsigned int}
compare	Build baseline and candidate	2026-10-07T13:59:08.8855277Z       |                               %lu
compare	Build baseline and candidate	2026-10-07T13:59:08.8855940Z src/solver/Solver.cc:6806:44: warning: format ‘%llu’ expects argument of type ‘long long unsigned int’, but argument 3 has type ‘uint64_t’ {aka ‘long unsigned int’} [-Wformat=]
compare	Build baseline and candidate	2026-10-07T13:59:08.8856456Z  6806 |       else printf("c error UB %llu, inf %llu, sup %llu\n", UB, inf, sup);
compare	Build baseline and candidate	2026-10-07T13:59:08.8856718Z       |                                         ~~~^                   ~~~
compare	Build baseline and candidate	2026-10-07T13:59:08.8856941Z       |                                            |                   |
compare	Build baseline and candidate	2026-10-07T13:59:08.8857180Z       |                                            |                   uint64_t {aka long unsigned int}
compare	Build baseline and candidate	2026-10-07T13:59:08.8857437Z       |                                            long long unsigned int
compare	Build baseline and candidate	2026-10-07T13:59:08.8857662Z       |                                         %lu
compare	Build baseline and candidate	2026-10-07T13:59:08.8858187Z src/solver/Solver.cc:6806:54: warning: format ‘%llu’ expects argument of type ‘long long unsigned int’, but argument 4 has type ‘uint64_t’ {aka ‘long unsigned int’} [-Wformat=]
compare	Build baseline and candidate	2026-10-07T13:59:08.8858692Z  6806 |       else printf("c error UB %llu, inf %llu, sup %llu\n", UB, inf, sup);
compare	Build baseline and candidate	2026-10-07T13:59:08.8859020Z       |                                                   ~~~^              ~~~
compare	Build baseline and candidate	2026-10-07T13:59:08.8859243Z       |                                                      |              |
compare	Build baseline and candidate	2026-10-07T13:59:08.8859493Z       |                                                      |              uint64_t {aka long unsigned int}
compare	Build baseline and candidate	2026-10-07T13:59:08.8859746Z       |                                                      long long unsigned int
compare	Build baseline and candidate	2026-10-07T13:59:08.8859971Z       |                                                   %lu
compare	Build baseline and candidate	2026-10-07T13:59:08.8860547Z src/solver/Solver.cc:6828:57: warning: format ‘%llu’ expects argument of type ‘long long unsigned int’, but argument 2 has type ‘uint64_t’ {aka ‘long unsigned int’} [-Wformat=]
compare	Build baseline and candidate	2026-10-07T13:59:08.8861111Z  6828 |       printf("c no feasible solution, hardConflicts: %llu\n", conflicts - softConflicts);
compare	Build baseline and candidate	2026-10-07T13:59:08.8861423Z       |                                                      ~~~^     ~~~~~~~~~~~~~~~~~~~~~~~~~
compare	Build baseline and candidate	2026-10-07T13:59:08.8861663Z       |                                                         |               |
compare	Build baseline and candidate	2026-10-07T13:59:08.8861911Z       |                                                         |               uint64_t {aka long unsigned int}
compare	Build baseline and candidate	2026-10-07T13:59:08.8862172Z       |                                                         long long unsigned int
compare	Build baseline and candidate	2026-10-07T13:59:08.8862401Z       |                                                      %lu
compare	Build baseline and candidate	2026-10-07T13:59:08.8863149Z src/solver/Solver.cc:6831:30: warning: format ‘%llu’ expects argument of type ‘long long unsigned int’, but argument 2 has type ‘uint64_t’ {aka ‘long unsigned int’} [-Wformat=]
compare	Build baseline and candidate	2026-10-07T13:59:08.8863766Z  6831 |       printf("c initCost: %llu, fixedBySearch: %llu, optimal: %llu, maxsat: %llu, hardConflicts: %llu\n",
compare	Build baseline and candidate	2026-10-07T13:59:08.8864084Z       |                           ~~~^
compare	Build baseline and candidate	2026-10-07T13:59:08.8864264Z       |                              |
compare	Build baseline and candidate	2026-10-07T13:59:08.8864457Z       |                              long long unsigned int
compare	Build baseline and candidate	2026-10-07T13:59:08.8864662Z       |                           %lu
compare	Build baseline and candidate	2026-10-07T13:59:08.8864863Z  6832 |              solutionCost, fixedCostBySearch,
compare	Build baseline and candidate	2026-10-07T13:59:08.8865064Z       |              ~~~~~~~~~~~~     
compare	Build baseline and candidate	2026-10-07T13:59:08.8865228Z       |              |
compare	Build baseline and candidate	2026-10-07T13:59:08.8865397Z       |              uint64_t {aka long unsigned int}
compare	Build baseline and candidate	2026-10-07T13:59:08.8865936Z src/solver/Solver.cc:6831:51: warning: format ‘%llu’ expects argument of type ‘long long unsigned int’, but argument 3 has type ‘uint64_t’ {aka ‘long unsigned int’} [-Wformat=]
compare	Build baseline and candidate	2026-10-07T13:59:08.8866501Z  6831 |       printf("c initCost: %llu, fixedBySearch: %llu, optimal: %llu, maxsat: %llu, hardConflicts: %llu\n",
compare	Build baseline and candidate	2026-10-07T13:59:08.8866887Z       |                                                ~~~^
compare	Build baseline and candidate	2026-10-07T13:59:08.8867092Z       |                                                   |
compare	Build baseline and candidate	2026-10-07T13:59:08.8867306Z       |                                                   long long unsigned int
compare	Build baseline and candidate	2026-10-07T13:59:08.8867533Z       |                                                %lu
compare	Build baseline and candidate	2026-10-07T13:59:08.8867742Z  6832 |              solutionCost, fixedCostBySearch,
compare	Build baseline and candidate	2026-10-07T13:59:08.8867956Z       |                            ~~~~~~~~~~~~~~~~~       
compare	Build baseline and candidate	2026-10-07T13:59:08.8868144Z       |                            |
compare	Build baseline and candidate	2026-10-07T13:59:08.8868337Z       |                            uint64_t {aka long unsigned int}
compare	Build baseline and candidate	2026-10-07T13:59:08.8868868Z src/solver/Solver.cc:6831:66: warning: format ‘%llu’ expects argument of type ‘long long unsigned int’, but argument 4 has type ‘uint64_t’ {aka ‘long unsigned int’} [-Wformat=]
compare	Build baseline and candidate	2026-10-07T13:59:08.8869412Z  6831 |       printf("c initCost: %llu, fixedBySearch: %llu, optimal: %llu, maxsat: %llu, hardConflicts: %llu\n",
compare	Build baseline and candidate	2026-10-07T13:59:08.8869850Z       |                                                               ~~~^
compare	Build baseline and candidate	2026-10-07T13:59:08.8870078Z       |                                                                  |
compare	Build baseline and candidate	2026-10-07T13:59:08.8870320Z       |                                                                  long long unsigned int
compare	Build baseline and candidate	2026-10-07T13:59:08.8870626Z       |                                                               %lu
compare	Build baseline and candidate	2026-10-07T13:59:08.8870855Z  6832 |              solutionCost, fixedCostBySearch,
compare	Build baseline and candidate	2026-10-07T13:59:08.8871064Z  6833 |              lastOptimalCost,
compare	Build baseline and candidate	2026-10-07T13:59:08.8871260Z       |              ~~~~~~~~~~~~~~~                                      
compare	Build baseline and candidate	2026-10-07T13:59:08.8871457Z       |              |
compare	Build baseline and candidate	2026-10-07T13:59:08.8871625Z       |              uint64_t {aka long unsigned int}
compare	Build baseline and candidate	2026-10-07T13:59:08.8872152Z src/solver/Solver.cc:6831:80: warning: format ‘%llu’ expects argument of type ‘long long unsigned int’, but argument 5 has type ‘uint64_t’ {aka ‘long unsigned int’} [-Wformat=]
compare	Build baseline and candidate	2026-10-07T13:59:08.8872713Z  6831 |       printf("c initCost: %llu, fixedBySearch: %llu, optimal: %llu, maxsat: %llu, hardConflicts: %llu\n",
compare	Build baseline and candidate	2026-10-07T13:59:08.8873214Z       |                                                                             ~~~^
compare	Build baseline and candidate	2026-10-07T13:59:08.8873467Z       |                                                                                |
compare	Build baseline and candidate	2026-10-07T13:59:08.8873734Z       |                                                                                long long unsigned int
compare	Build baseline and candidate	2026-10-07T13:59:08.8874000Z       |                                                                             %lu
compare	Build baseline and candidate	2026-10-07T13:59:08.8874207Z ......
compare	Build baseline and candidate	2026-10-07T13:59:08.8874415Z  6834 |              objForSearch-sup + nbSatLits, conflicts - softConflicts);
compare	Build baseline and candidate	2026-10-07T13:59:08.8874695Z       |              ~~~~~~~~~~~~~~~~~~~~~~~~~~~~                                       
compare	Build baseline and candidate	2026-10-07T13:59:08.8874919Z       |                               |
compare	Build baseline and candidate	2026-10-07T13:59:08.8875122Z       |                               uint64_t {aka long unsigned int}
compare	Build baseline and candidate	2026-10-07T13:59:08.8875672Z src/solver/Solver.cc:6831:101: warning: format ‘%llu’ expects argument of type ‘long long unsigned int’, but argument 6 has type ‘uint64_t’ {aka ‘long unsigned int’} [-Wformat=]
compare	Build baseline and candidate	2026-10-07T13:59:08.8876242Z  6831 |       printf("c initCost: %llu, fixedBySearch: %llu, optimal: %llu, maxsat: %llu, hardConflicts: %llu\n",
compare	Build baseline and candidate	2026-10-07T13:59:08.8876593Z       |                                                                                                  ~~~^
compare	Build baseline and candidate	2026-10-07T13:59:08.8876860Z       |                                                                                                     |
compare	Build baseline and candidate	2026-10-07T13:59:08.8877148Z       |                                                                                                     long long unsigned int
compare	Build baseline and candidate	2026-10-07T13:59:08.8877430Z       |                                                                                                  %lu
compare	Build baseline and candidate	2026-10-07T13:59:08.8877726Z ......
compare	Build baseline and candidate	2026-10-07T13:59:08.8877919Z  6834 |              objForSearch-sup + nbSatLits, conflicts - softConflicts);
compare	Build baseline and candidate	2026-10-07T13:59:08.8878209Z       |                                            ~~~~~~~~~~~~~~~~~~~~~~~~~                                 
compare	Build baseline and candidate	2026-10-07T13:59:08.8878450Z       |                                                      |
compare	Build baseline and candidate	2026-10-07T13:59:08.8878686Z       |                                                      uint64_t {aka long unsigned int}
compare	Build baseline and candidate	2026-10-07T13:59:08.8879236Z src/solver/Solver.cc:6836:24: warning: format ‘%llu’ expects argument of type ‘long long unsigned int’, but argument 2 has type ‘uint64_t’ {aka ‘long unsigned int’} [-Wformat=]
compare	Build baseline and candidate	2026-10-07T13:59:08.8879819Z  6836 |     printf("c nbLK: %llu, nbSuccLK: %llu(%4.2f%%), nbLKup: %llu(%4.2f%%), hardens %u (fixed %llu), dynVars %d, shorten: %llu\n",
compare	Build baseline and candidate	2026-10-07T13:59:08.8880157Z       |                     ~~~^
compare	Build baseline and candidate	2026-10-07T13:59:08.8880324Z       |                        |
compare	Build baseline and candidate	2026-10-07T13:59:08.8880500Z       |                        long long unsigned int
compare	Build baseline and candidate	2026-10-07T13:59:08.8880687Z       |                     %lu
compare	Build baseline and candidate	2026-10-07T13:59:08.8880929Z  6837 |            LOOKAHEAD, nbLKsuccess, 100.0*nbLKsuccess/LOOKAHEAD, lk_propagations,
compare	Build baseline and candidate	2026-10-07T13:59:08.8881194Z       |            ~~~~~~~~~    
compare	Build baseline and candidate	2026-10-07T13:59:08.8881346Z       |            |
compare	Build baseline and candidate	2026-10-07T13:59:08.8881561Z       |            uint64_t {aka long unsigned int}
compare	Build baseline and candidate	2026-10-07T13:59:08.8882091Z src/solver/Solver.cc:6836:40: warning: format ‘%llu’ expects argument of type ‘long long unsigned int’, but argument 3 has type ‘uint64_t’ {aka ‘long unsigned int’} [-Wformat=]
compare	Build baseline and candidate	2026-10-07T13:59:08.8882682Z  6836 |     printf("c nbLK: %llu, nbSuccLK: %llu(%4.2f%%), nbLKup: %llu(%4.2f%%), hardens %u (fixed %llu), dynVars %d, shorten: %llu\n",
compare	Build baseline and candidate	2026-10-07T13:59:08.8883095Z       |                                     ~~~^
compare	Build baseline and candidate	2026-10-07T13:59:08.8883291Z       |                                        |
compare	Build baseline and candidate	2026-10-07T13:59:08.8883500Z       |                                        long long unsigned int
compare	Build baseline and candidate	2026-10-07T13:59:08.8883717Z       |                                     %lu
compare	Build baseline and candidate	2026-10-07T13:59:08.8883985Z  6837 |            LOOKAHEAD, nbLKsuccess, 100.0*nbLKsuccess/LOOKAHEAD, lk_propagations,
compare	Build baseline and candidate	2026-10-07T13:59:08.8884259Z       |                       ~~~~~~~~~~~       
compare	Build baseline and candidate	2026-10-07T13:59:08.8884445Z       |                       |
compare	Build baseline and candidate	2026-10-07T13:59:08.8884642Z       |                       uint64_t {aka long unsigned int}
compare	Build baseline and candidate	2026-10-07T13:59:08.8885186Z src/solver/Solver.cc:6836:63: warning: format ‘%llu’ expects argument of type ‘long long unsigned int’, but argument 5 has type ‘uint64_t’ {aka ‘long unsigned int’} [-Wformat=]
compare	Build baseline and candidate	2026-10-07T13:59:08.8885775Z  6836 |     printf("c nbLK: %llu, nbSuccLK: %llu(%4.2f%%), nbLKup: %llu(%4.2f%%), hardens %u (fixed %llu), dynVars %d, shorten: %llu\n",
compare	Build baseline and candidate	2026-10-07T13:59:08.8886124Z       |                                                            ~~~^
compare	Build baseline and candidate	2026-10-07T13:59:08.8886342Z       |                                                               |
compare	Build baseline and candidate	2026-10-07T13:59:08.8886580Z       |                                                               long long unsigned int
compare	Build baseline and candidate	2026-10-07T13:59:08.8886826Z       |                                                            %lu
compare	Build baseline and candidate	2026-10-07T13:59:08.8887113Z  6837 |            LOOKAHEAD, nbLKsuccess, 100.0*nbLKsuccess/LOOKAHEAD, lk_propagations,
compare	Build baseline and candidate	2026-10-07T13:59:08.8887419Z       |                                                                 ~~~~~~~~~~~~~~~
compare	Build baseline and candidate	2026-10-07T13:59:08.8887653Z       |                                                                 |
compare	Build baseline and candidate	2026-10-07T13:59:08.8887899Z       |                                                                 uint64_t {aka long unsigned int}
compare	Build baseline and candidate	2026-10-07T13:59:08.8888449Z src/solver/Solver.cc:6836:96: warning: format ‘%llu’ expects argument of type ‘long long unsigned int’, but argument 8 has type ‘uint64_t’ {aka ‘long unsigned int’} [-Wformat=]
compare	Build baseline and candidate	2026-10-07T13:59:08.8889025Z  6836 |     printf("c nbLK: %llu, nbSuccLK: %llu(%4.2f%%), nbLKup: %llu(%4.2f%%), hardens %u (fixed %llu), dynVars %d, shorten: %llu\n",
compare	Build baseline and candidate	2026-10-07T13:59:08.8889449Z       |                                                                                             ~~~^
compare	Build baseline and candidate	2026-10-07T13:59:08.8889720Z       |                                                                                                |
compare	Build baseline and candidate	2026-10-07T13:59:08.8890001Z       |                                                                                                long long unsigned int
compare	Build baseline and candidate	2026-10-07T13:59:08.8890277Z       |                                                                                             %lu
compare	Build baseline and candidate	2026-10-07T13:59:08.8890584Z  6837 |            LOOKAHEAD, nbLKsuccess, 100.0*nbLKsuccess/LOOKAHEAD, lk_propagations,
compare	Build baseline and candidate	2026-10-07T13:59:08.8890998Z  6838 |            100.0*lk_propagations/propagations, nbHardens, fixedByHardens, nVars()-staticNbVars, nbSavedLits);
compare	Build baseline and candidate	2026-10-07T13:59:08.8891364Z       |                                                           ~~~~~~~~~~~~~~                        
compare	Build baseline and candidate	2026-10-07T13:59:08.8891602Z       |                                                           |
compare	Build baseline and candidate	2026-10-07T13:59:08.8891847Z       |                                                           uint64_t {aka long unsigned int}
compare	Build baseline and candidate	2026-10-07T13:59:08.8892414Z src/solver/Solver.cc:6836:124: warning: format ‘%llu’ expects argument of type ‘long long unsigned int’, but argument 10 has type ‘uint64_t’ {aka ‘long unsigned int’} [-Wformat=]
compare	Build baseline and candidate	2026-10-07T13:59:08.8893226Z  6836 |     printf("c nbLK: %llu, nbSuccLK: %llu(%4.2f%%), nbLKup: %llu(%4.2f%%), hardens %u (fixed %llu), dynVars %d, shorten: %llu\n",
compare	Build baseline and candidate	2026-10-07T13:59:08.8893679Z       |                                                                                                                         ~~~^
compare	Build baseline and candidate	2026-10-07T13:59:08.8893985Z       |                                                                                                                            |
compare	Build baseline and candidate	2026-10-07T13:59:08.8894300Z       |                                                                                                                            long long unsigned int
compare	Build baseline and candidate	2026-10-07T13:59:08.8894633Z       |                                                                                                                         %lu
compare	Build baseline and candidate	2026-10-07T13:59:08.8894954Z  6837 |            LOOKAHEAD, nbLKsuccess, 100.0*nbLKsuccess/LOOKAHEAD, lk_propagations,
compare	Build baseline and candidate	2026-10-07T13:59:08.8895402Z  6838 |            100.0*lk_propagations/propagations, nbHardens, fixedByHardens, nVars()-staticNbVars, nbSavedLits);
compare	Build baseline and candidate	2026-10-07T13:59:08.8895844Z       |                                                                                                 ~~~~~~~~~~~                 
compare	Build baseline and candidate	2026-10-07T13:59:08.8896152Z       |                                                                                                 |
compare	Build baseline and candidate	2026-10-07T13:59:08.8896476Z       |                                                                                                 uint64_t {aka long unsigned int}
compare	Build baseline and candidate	2026-10-07T13:59:08.9027367Z In file included from src/solver/mtl/Sort.h:24,
compare	Build baseline and candidate	2026-10-07T13:59:08.9027729Z                  from src/solver/Solver.cc:106:
compare	Build baseline and candidate	2026-10-07T13:59:08.9028280Z src/solver/mtl/Vec.h: In instantiation of ‘void Minisat::vec<T>::capacity(int) [with T = Minisat::vec<Minisat::Solver::Watcher>]’:
compare	Build baseline and candidate	2026-10-07T13:59:08.9028868Z src/solver/mtl/Vec.h:115:13:   required from ‘void Minisat::vec<T>::growTo(int) [with T = Minisat::vec<Minisat::Solver::Watcher>]’
compare	Build baseline and candidate	2026-10-07T13:59:08.9029800Z src/solver/SolverTypes.h:339:50:   required from ‘void Minisat::OccLists<Idx, Vec, Deleted>::init(const Idx&) [with Idx = Minisat::Lit; Vec = Minisat::vec<Minisat::Solver::Watcher>; Deleted = Minisat::Solver::WatcherDeleted]’
compare	Build baseline and candidate	2026-10-07T13:59:08.9030545Z src/solver/Solver.cc:1272:21:   required from here
compare	Build baseline and candidate	2026-10-07T13:59:08.9031313Z src/solver/mtl/Vec.h:99:54: warning: ‘void* realloc(void*, size_t)’ moving an object of non-trivially copyable type ‘class Minisat::vec<Minisat::Solver::Watcher>’; use ‘new’ and ‘delete’ instead [-Wclass-memaccess]
compare	Build baseline and candidate	2026-10-07T13:59:08.9032084Z    99 |     if (add > INT_MAX - cap || ((data = (T*)::realloc(data, (cap += add) * sizeof(T))) == NULL) && errno == ENOMEM)
compare	Build baseline and candidate	2026-10-07T13:59:08.9032474Z       |                                             ~~~~~~~~~^~~~~~~~~~~~~~~~~~~~~~~~~~~~~~~~
compare	Build baseline and candidate	2026-10-07T13:59:08.9033014Z src/solver/mtl/Vec.h:38:7: note: ‘class Minisat::vec<Minisat::Solver::Watcher>’ declared here
compare	Build baseline and candidate	2026-10-07T13:59:08.9033368Z    38 | class vec {
compare	Build baseline and candidate	2026-10-07T13:59:08.9033550Z       |       ^~~
compare	Build baseline and candidate	2026-10-07T13:59:08.9033935Z src/solver/mtl/Vec.h: In instantiation of ‘void Minisat::vec<T>::capacity(int) [with T = Minisat::vec<Minisat::Lit>]’:
compare	Build baseline and candidate	2026-10-07T13:59:08.9034614Z src/solver/mtl/Vec.h:115:13:   required from ‘void Minisat::vec<T>::growTo(int) [with T = Minisat::vec<Minisat::Lit>]’
compare	Build baseline and candidate	2026-10-07T13:59:08.9035302Z src/solver/Solver.h:72:50:   required from ‘void Minisat::vec2<Idx, Vec>::init(const Idx&) [with Idx = Minisat::Lit; Vec = Minisat::vec<Minisat::Lit>]’
compare	Build baseline and candidate	2026-10-07T13:59:08.9035707Z src/solver/Solver.cc:1312:22:   required from here
compare	Build baseline and candidate	2026-10-07T13:59:08.9036340Z src/solver/mtl/Vec.h:99:54: warning: ‘void* realloc(void*, size_t)’ moving an object of non-trivially copyable type ‘class Minisat::vec<Minisat::Lit>’; use ‘new’ and ‘delete’ instead [-Wclass-memaccess]
compare	Build baseline and candidate	2026-10-07T13:59:08.9036957Z    99 |     if (add > INT_MAX - cap || ((data = (T*)::realloc(data, (cap += add) * sizeof(T))) == NULL) && errno == ENOMEM)
compare	Build baseline and candidate	2026-10-07T13:59:08.9037356Z       |                                             ~~~~~~~~~^~~~~~~~~~~~~~~~~~~~~~~~~~~~~~~~
compare	Build baseline and candidate	2026-10-07T13:59:08.9037714Z src/solver/mtl/Vec.h:38:7: note: ‘class Minisat::vec<Minisat::Lit>’ declared here
compare	Build baseline and candidate	2026-10-07T13:59:08.9037962Z    38 | class vec {
compare	Build baseline and candidate	2026-10-07T13:59:08.9038101Z       |       ^~~
compare	Build baseline and candidate	2026-10-07T13:59:08.9038449Z src/solver/mtl/Vec.h: In instantiation of ‘void Minisat::vec<T>::capacity(int) [with T = Minisat::vec<int>]’:
compare	Build baseline and candidate	2026-10-07T13:59:08.9038948Z src/solver/mtl/Vec.h:115:13:   required from ‘void Minisat::vec<T>::growTo(int) [with T = Minisat::vec<int>]’
compare	Build baseline and candidate	2026-10-07T13:59:08.9039492Z src/solver/Solver.h:72:50:   required from ‘void Minisat::vec2<Idx, Vec>::init(const Idx&) [with Idx = int; Vec = Minisat::vec<int>]’
compare	Build baseline and candidate	2026-10-07T13:59:08.9039859Z src/solver/Solver.cc:4250:13:   required from here
compare	Build baseline and candidate	2026-10-07T13:59:08.9040463Z src/solver/mtl/Vec.h:99:54: warning: ‘void* realloc(void*, size_t)’ moving an object of non-trivially copyable type ‘class Minisat::vec<int>’; use ‘new’ and ‘delete’ instead [-Wclass-memaccess]
compare	Build baseline and candidate	2026-10-07T13:59:08.9041068Z    99 |     if (add > INT_MAX - cap || ((data = (T*)::realloc(data, (cap += add) * sizeof(T))) == NULL) && errno == ENOMEM)
compare	Build baseline and candidate	2026-10-07T13:59:08.9041397Z       |                                             ~~~~~~~~~^~~~~~~~~~~~~~~~~~~~~~~~~~~~~~~~
compare	Build baseline and candidate	2026-10-07T13:59:08.9041727Z src/solver/mtl/Vec.h:38:7: note: ‘class Minisat::vec<int>’ declared here
compare	Build baseline and candidate	2026-10-07T13:59:08.9041957Z    38 | class vec {
compare	Build baseline and candidate	2026-10-07T13:59:08.9042092Z       |       ^~~
compare	Build baseline and candidate	2026-10-07T13:59:08.9329293Z src/solver/Solver.cc: In member function ‘void Minisat::Solver::emitBoundsUpdate()’:
compare	Build baseline and candidate	2026-10-07T13:59:08.9330089Z src/solver/Solver.cc:5204:24: warning: ignoring return value of ‘ssize_t write(int, const void*, size_t)’ declared with attribute ‘warn_unused_result’ [-Wunused-result]
compare	Build baseline and candidate	2026-10-07T13:59:08.9330554Z  5204 |             (void)write(bounds_pipe_w, buf, (size_t)n);
compare	Build baseline and candidate	2026-10-07T13:59:08.9330780Z       |                   ~~~~~^~~~~~~~~~~~~~~~~~~~~~~~~~~~~~~
compare	Build baseline and candidate	2026-10-07T13:59:08.9331299Z src/solver/Solver.cc:5210:24: warning: ignoring return value of ‘ssize_t write(int, const void*, size_t)’ declared with attribute ‘warn_unused_result’ [-Wunused-result]
compare	Build baseline and candidate	2026-10-07T13:59:08.9331732Z  5210 |             (void)write(bounds_pipe_w, buf, (size_t)n);
compare	Build baseline and candidate	2026-10-07T13:59:08.9331950Z       |                   ~~~~~^~~~~~~~~~~~~~~~~~~~~~~~~~~~~~~
compare	Build baseline and candidate	2026-10-07T13:59:08.9332299Z src/solver/Solver.cc: In member function ‘void Minisat::Solver::emitTryUpdate(uint64_t)’:
compare	Build baseline and candidate	2026-10-07T13:59:08.9333048Z src/solver/Solver.cc:5220:20: warning: ignoring return value of ‘ssize_t write(int, const void*, size_t)’ declared with attribute ‘warn_unused_result’ [-Wunused-result]
compare	Build baseline and candidate	2026-10-07T13:59:08.9333666Z  5220 |         (void)write(bounds_pipe_w, buf, (size_t)n);
compare	Build baseline and candidate	2026-10-07T13:59:08.9333891Z       |               ~~~~~^~~~~~~~~~~~~~~~~~~~~~~~~~~~~~~
compare	Build baseline and candidate	2026-10-07T13:59:09.5500698Z g++ -Isrc/solver -Wall -Wno-parentheses -O3 -g -D __STDC_LIMIT_MACROS -D __STDC_FORMAT_MACROS -DNDEBUG -flto=1 -c -o build/Options.o src/solver/utils/Options.cc
compare	Build baseline and candidate	2026-10-07T13:59:09.5785362Z In file included from src/solver/utils/Options.cc:21:
compare	Build baseline and candidate	2026-10-07T13:59:09.5786666Z src/solver/utils/Options.h:285:29: warning: invalid suffix on literal; C++11 requires a space between literal and string macro [-Wliteral-suffix]
compare	Build baseline and candidate	2026-10-07T13:59:09.5787406Z   285 |             fprintf(stderr, "%4"PRIi64, range.begin);
compare	Build baseline and candidate	2026-10-07T13:59:09.5787943Z       |                             ^
compare	Build baseline and candidate	2026-10-07T13:59:09.5788443Z src/solver/utils/Options.h:291:29: warning: invalid suffix on literal; C++11 requires a space between literal and string macro [-Wliteral-suffix]
compare	Build baseline and candidate	2026-10-07T13:59:09.5788902Z   291 |             fprintf(stderr, "%4"PRIi64, range.end);
compare	Build baseline and candidate	2026-10-07T13:59:09.5789254Z       |                             ^
compare	Build baseline and candidate	2026-10-07T13:59:09.5789668Z src/solver/utils/Options.h:293:25: warning: invalid suffix on literal; C++11 requires a space between literal and string macro [-Wliteral-suffix]
compare	Build baseline and candidate	2026-10-07T13:59:09.5790302Z   293 |         fprintf(stderr, "] (default: %"PRIi64")\n", value);
compare	Build baseline and candidate	2026-10-07T13:59:09.5790522Z       |                         ^
compare	Build baseline and candidate	2026-10-07T13:59:09.7500020Z g++ -Isrc/solver -Wall -Wno-parentheses -O3 -g -D __STDC_LIMIT_MACROS -D __STDC_FORMAT_MACROS -DNDEBUG -flto=1 -c -o build/System.o src/solver/utils/System.cc
compare	Build baseline and candidate	2026-10-07T13:59:09.8751560Z g++ -Isrc/solver -Wall -Wno-parentheses -O3 -g -D __STDC_LIMIT_MACROS -D __STDC_FORMAT_MACROS -DNDEBUG -flto=1 -o bin/distqldpc src/core/distqldpc.cc build/SimpSolver.o build/Solver.o build/Options.o build/System.o -lz
compare	Build baseline and candidate	2026-10-07T13:59:09.9140585Z In file included from src/solver/Solver.h:53,
compare	Build baseline and candidate	2026-10-07T13:59:09.9141113Z                  from src/solver/SimpSolver.h:37,
compare	Build baseline and candidate	2026-10-07T13:59:09.9141498Z                  from src/core/distqldpc.cc:40:
compare	Build baseline and candidate	2026-10-07T13:59:09.9142267Z src/solver/utils/Options.h:285:29: warning: invalid suffix on literal; C++11 requires a space between literal and string macro [-Wliteral-suffix]
compare	Build baseline and candidate	2026-10-07T13:59:09.9143262Z   285 |             fprintf(stderr, "%4"PRIi64, range.begin);
compare	Build baseline and candidate	2026-10-07T13:59:09.9143603Z       |                             ^
compare	Build baseline and candidate	2026-10-07T13:59:09.9144192Z src/solver/utils/Options.h:291:29: warning: invalid suffix on literal; C++11 requires a space between literal and string macro [-Wliteral-suffix]
compare	Build baseline and candidate	2026-10-07T13:59:09.9144841Z   291 |             fprintf(stderr, "%4"PRIi64, range.end);
compare	Build baseline and candidate	2026-10-07T13:59:09.9145192Z       |                             ^
compare	Build baseline and candidate	2026-10-07T13:59:09.9145858Z src/solver/utils/Options.h:293:25: warning: invalid suffix on literal; C++11 requires a space between literal and string macro [-Wliteral-suffix]
compare	Build baseline and candidate	2026-10-07T13:59:09.9146656Z   293 |         fprintf(stderr, "] (default: %"PRIi64")\n", value);
compare	Build baseline and candidate	2026-10-07T13:59:09.9147040Z       |                         ^
compare	Build baseline and candidate	2026-10-07T13:59:10.1499278Z src/core/distqldpc.cc: In function ‘void pipe_write_result(int, int, bool)’:
compare	Build baseline and candidate	2026-10-07T13:59:10.1500491Z src/core/distqldpc.cc:162:20: warning: ignoring return value of ‘ssize_t write(int, const void*, size_t)’ declared with attribute ‘warn_unused_result’ [-Wunused-result]
compare	Build baseline and candidate	2026-10-07T13:59:10.1501370Z   162 |         (void)write(pipe_w, buf, (size_t)n);
compare	Build baseline and candidate	2026-10-07T13:59:10.1501739Z       |               ~~~~~^~~~~~~~~~~~~~~~~~~~~~~~
compare	Build baseline and candidate	2026-10-07T13:59:11.6085391Z lto-wrapper: warning: using serial compilation of 4 LTRANS jobs
compare	Build baseline and candidate	2026-10-07T13:59:11.6086581Z lto-wrapper: note: see the ‘-flto’ option documentation for more information
compare	Build baseline and candidate	2026-10-07T13:59:17.5474876Z g++ -Isrc/solver -Wall -Wno-parentheses -O3 -g -D __STDC_LIMIT_MACROS -D __STDC_FORMAT_MACROS -DNDEBUG -flto=1 -o bin/maxcdcl src/solver/Main.cc build/SimpSolver.o build/Solver.o build/Options.o build/System.o -lz
compare	Build baseline and candidate	2026-10-07T13:59:17.5770025Z In file included from src/solver/Main.cc:51:
compare	Build baseline and candidate	2026-10-07T13:59:17.5770584Z src/solver/utils/Options.h:285:29: warning: invalid suffix on literal; C++11 requires a space between literal and string macro [-Wliteral-suffix]
compare	Build baseline and candidate	2026-10-07T13:59:17.5771018Z   285 |             fprintf(stderr, "%4"PRIi64, range.begin);
compare	Build baseline and candidate	2026-10-07T13:59:17.5771265Z       |                             ^
compare	Build baseline and candidate	2026-10-07T13:59:17.5771646Z src/solver/utils/Options.h:291:29: warning: invalid suffix on literal; C++11 requires a space between literal and string macro [-Wliteral-suffix]
compare	Build baseline and candidate	2026-10-07T13:59:17.5772054Z   291 |             fprintf(stderr, "%4"PRIi64, range.end);
compare	Build baseline and candidate	2026-10-07T13:59:17.5772259Z       |                             ^
compare	Build baseline and candidate	2026-10-07T13:59:17.5772636Z src/solver/utils/Options.h:293:25: warning: invalid suffix on literal; C++11 requires a space between literal and string macro [-Wliteral-suffix]
compare	Build baseline and candidate	2026-10-07T13:59:17.5773198Z   293 |         fprintf(stderr, "] (default: %"PRIi64")\n", value);
compare	Build baseline and candidate	2026-10-07T13:59:17.5773434Z       |                         ^
compare	Build baseline and candidate	2026-10-07T13:59:17.5780912Z src/solver/Main.cc:84:16: warning: invalid suffix on literal; C++11 requires a space between literal and string macro [-Wliteral-suffix]
compare	Build baseline and candidate	2026-10-07T13:59:17.5781468Z    84 |         printf("c restarts              : %"PRIu64"\n", solver.starts);
compare	Build baseline and candidate	2026-10-07T13:59:17.5781767Z       |                ^
compare	Build baseline and candidate	2026-10-07T13:59:17.5782451Z src/solver/Main.cc:85:16: warning: invalid suffix on literal; C++11 requires a space between literal and string macro [-Wliteral-suffix]
compare	Build baseline and candidate	2026-10-07T13:59:17.5783038Z    85 |         printf("c conflicts             : %-12"PRIu64"   (%.0f /sec)\n", solver.conflicts, solver.conflicts / cpu_time);
compare	Build baseline and candidate	2026-10-07T13:59:17.5783350Z       |                ^
compare	Build baseline and candidate	2026-10-07T13:59:17.5783675Z src/solver/Main.cc:86:16: warning: invalid suffix on literal; C++11 requires a space between literal and string macro [-Wliteral-suffix]
compare	Build baseline and candidate	2026-10-07T13:59:17.5784307Z    86 |         printf("c decisions             : %-12"PRIu64"   (%4.2f %% random) (%.0f /sec)\n", solver.decisions, (float)solver.rnd_decisions * 100 / (float)solver.decisions, solver.decisions / cpu_time);
compare	Build baseline and candidate	2026-10-07T13:59:17.5784756Z       |                ^
compare	Build baseline and candidate	2026-10-07T13:59:17.5785085Z src/solver/Main.cc:87:16: warning: invalid suffix on literal; C++11 requires a space between literal and string macro [-Wliteral-suffix]
compare	Build baseline and candidate	2026-10-07T13:59:17.5785650Z    87 |         printf("c propagations          : %-12"PRIu64"   (%.0f /sec)\n", solver.propagations, solver.propagations / cpu_time);
compare	Build baseline and candidate	2026-10-07T13:59:17.5785959Z       |                ^
compare	Build baseline and candidate	2026-10-07T13:59:17.5786277Z src/solver/Main.cc:88:16: warning: invalid suffix on literal; C++11 requires a space between literal and string macro [-Wliteral-suffix]
compare	Build baseline and candidate	2026-10-07T13:59:17.5786898Z    88 |         printf("c conflict literals     : %-12"PRIu64"   (%4.2f %% deleted)\n", solver.tot_literals, (solver.max_literals - solver.tot_literals) * 100 / (double)solver.max_literals);
compare	Build baseline and candidate	2026-10-07T13:59:17.5787322Z       |                ^
compare	Build baseline and candidate	2026-10-07T13:59:17.5787649Z src/solver/Main.cc:93:16: warning: invalid suffix on literal; C++11 requires a space between literal and string macro [-Wliteral-suffix]
compare	Build baseline and candidate	2026-10-07T13:59:17.5788074Z    93 |         printf("c s_propagations        : %-12"PRIu64"\n", solver.s_propagations);
compare	Build baseline and candidate	2026-10-07T13:59:17.5788333Z       |                ^
compare	Build baseline and candidate	2026-10-07T13:59:17.6422354Z src/solver/Main.cc: In function ‘void printStats(Minisat::Solver&)’:
compare	Build baseline and candidate	2026-10-07T13:59:17.6423300Z src/solver/Main.cc:92:46: warning: format ‘%llu’ expects argument of type ‘long long unsigned int’, but argument 2 has type ‘uint64_t’ {aka ‘long unsigned int’} [-Wformat=]
compare	Build baseline and candidate	2026-10-07T13:59:17.6423878Z    92 |         printf("c nbSimplifyAll         : %llu\n", solver.nbSimplifyAll);
compare	Build baseline and candidate	2026-10-07T13:59:17.6424145Z       |                                           ~~~^     ~~~~~~~~~~~~~~~~~~~~
compare	Build baseline and candidate	2026-10-07T13:59:17.6424367Z       |                                              |            |
compare	Build baseline and candidate	2026-10-07T13:59:17.6424610Z       |                                              |            uint64_t {aka long unsigned int}
compare	Build baseline and candidate	2026-10-07T13:59:17.6425158Z       |                                              long long unsigned int
compare	Build baseline and candidate	2026-10-07T13:59:17.6425374Z       |                                           %lu
compare	Build baseline and candidate	2026-10-07T13:59:17.6430546Z src/solver/Main.cc: In function ‘int main(int, char**)’:
compare	Build baseline and candidate	2026-10-07T13:59:17.6431316Z src/solver/Main.cc:187:34: warning: format ‘%llu’ expects argument of type ‘long long unsigned int’, but argument 2 has type ‘uint64_t’ {aka ‘long unsigned int’} [-Wformat=]
compare	Build baseline and candidate	2026-10-07T13:59:17.6431933Z   187 |         printf("c initial UB: %llu\n", S.initUB);
compare	Build baseline and candidate	2026-10-07T13:59:17.6432205Z       |                               ~~~^     ~~~~~~~~
compare	Build baseline and candidate	2026-10-07T13:59:17.6432455Z       |                                  |       |
compare	Build baseline and candidate	2026-10-07T13:59:17.6432718Z       |                                  |       uint64_t {aka long unsigned int}
compare	Build baseline and candidate	2026-10-07T13:59:17.6433060Z       |                                  long long unsigned int
compare	Build baseline and candidate	2026-10-07T13:59:17.6433273Z       |                               %lu
compare	Build baseline and candidate	2026-10-07T13:59:17.6669705Z src/solver/Main.cc: At global scope:
compare	Build baseline and candidate	2026-10-07T13:59:17.6670186Z src/solver/Main.cc:108:13: warning: ‘void SIGINT_exit(int)’ defined but not used [-Wunused-function]
compare	Build baseline and candidate	2026-10-07T13:59:17.6670596Z   108 | static void SIGINT_exit(int signum) {
compare	Build baseline and candidate	2026-10-07T13:59:17.6670842Z       |             ^~~~~~~~~~~
compare	Build baseline and candidate	2026-10-07T13:59:17.7556905Z lto-wrapper: warning: using serial compilation of 3 LTRANS jobs
compare	Build baseline and candidate	2026-10-07T13:59:17.7557781Z lto-wrapper: note: see the ‘-flto’ option documentation for more information
compare	Build baseline and candidate	2026-10-07T13:59:21.4579615Z make: Leaving directory '/home/runner/work/DistQLDPC/DistQLDPC/candidate'
compare	Compare on selected QDistSAT instances	﻿2026-10-07T13:59:21.4609541Z ##[group]Run set +e
compare	Compare on selected QDistSAT instances	2026-10-07T13:59:21.4609760Z ^[[36;1mset +e^[[0m
compare	Compare on selected QDistSAT instances	2026-10-07T13:59:21.4610783Z ^[[36;1mpython3 qdistsat/benchmarks/compare_distqldpc_binaries.py             --baseline-bin "$GITHUB_WORKSPACE/baseline/bin/distqldpc"             --candidate-bin "$GITHUB_WORKSPACE/candidate/bin/distqldpc"             --data-root "$GITHUB_WORKSPACE/qdistsat/data"             --stems LP_136_32_4 BB_108_8_10             --timeout 45             --json-out "$GITHUB_WORKSPACE/benchmark-results/result.json"             --markdown-out "$GITHUB_WORKSPACE/benchmark-results/summary.md"^[[0m
compare	Compare on selected QDistSAT instances	2026-10-07T13:59:21.4611859Z ^[[36;1mcode=$?^[[0m
compare	Compare on selected QDistSAT instances	2026-10-07T13:59:21.4612100Z ^[[36;1mcat "$GITHUB_WORKSPACE/benchmark-results/summary.md" >> "$GITHUB_STEP_SUMMARY"^[[0m
compare	Compare on selected QDistSAT instances	2026-10-07T13:59:21.4612406Z ^[[36;1mecho "exit_code=$code" >> "$GITHUB_OUTPUT"^[[0m
compare	Compare on selected QDistSAT instances	2026-10-07T13:59:21.4612607Z ^[[36;1mexit 0^[[0m
compare	Compare on selected QDistSAT instances	2026-10-07T13:59:21.4645393Z shell: /usr/bin/bash --noprofile --norc -e -o pipefail {0}
compare	Compare on selected QDistSAT instances	2026-10-07T13:59:21.4645661Z ##[endgroup]
compare	Compare on selected QDistSAT instances	2026-10-07T13:59:37.1168255Z # DistQLDPC cross-repo benchmark
compare	Compare on selected QDistSAT instances	2026-10-07T13:59:37.1168550Z 
compare	Compare on selected QDistSAT instances	2026-10-07T13:59:37.1168643Z Scientific results match: **YES**
compare	Compare on selected QDistSAT instances	2026-10-07T13:59:37.1168776Z 
compare	Compare on selected QDistSAT instances	2026-10-07T13:59:37.1168893Z Timing is informational only; shared CI runners are noisy.
compare	Compare on selected QDistSAT instances	2026-10-07T13:59:37.1169068Z 
compare	Compare on selected QDistSAT instances	2026-10-07T13:59:37.1169231Z | Stem | Config | Baseline | Candidate | Cand/Base time | Semantic match |
compare	Compare on selected QDistSAT instances	2026-10-07T13:59:37.1169490Z |---|---|---:|---:|---:|---|
compare	Compare on selected QDistSAT instances	2026-10-07T13:59:37.1169700Z | LP_136_32_4 | no-card | d=4 (0.14s) | d=4 (0.14s) | 1.00x | YES |
compare	Compare on selected QDistSAT instances	2026-10-07T13:59:37.1169949Z | LP_136_32_4 | card-mto | d=4 (0.22s) | d=4 (0.21s) | 0.95x | YES |
compare	Compare on selected QDistSAT instances	2026-10-07T13:59:37.1170201Z | BB_108_8_10 | no-card | d=10 (3.25s) | d=10 (3.31s) | 1.02x | YES |
compare	Compare on selected QDistSAT instances	2026-10-07T13:59:37.1170452Z | BB_108_8_10 | card-mto | d=10 (4.18s) | d=10 (4.16s) | 1.00x | YES |
compare	Upload benchmark report	﻿2026-10-07T13:59:37.1295494Z ##[group]Run actions/upload-artifact@v4
compare	Upload benchmark report	2026-10-07T13:59:37.1295750Z with:
compare	Upload benchmark report	2026-10-07T13:59:37.1295913Z   name: qdistsat-cross-repo-benchmark
compare	Upload benchmark report	2026-10-07T13:59:37.1296111Z   path: benchmark-results/
compare	Upload benchmark report	2026-10-07T13:59:37.1296285Z   retention-days: 14
compare	Upload benchmark report	2026-10-07T13:59:37.1296451Z   if-no-files-found: warn
compare	Upload benchmark report	2026-10-07T13:59:37.1296614Z   compression-level: 6
compare	Upload benchmark report	2026-10-07T13:59:37.1296768Z   overwrite: false
compare	Upload benchmark report	2026-10-07T13:59:37.1296922Z   include-hidden-files: false
compare	Upload benchmark report	2026-10-07T13:59:37.1297251Z ##[endgroup]
compare	Upload benchmark report	2026-10-07T13:59:37.2499979Z (node:2869) [DEP0040] DeprecationWarning: The `punycode` module is deprecated. Please use a userland alternative instead.
compare	Upload benchmark report	2026-10-07T13:59:37.2500493Z (Use `node --trace-deprecation ...` to show where the warning was created)
compare	Upload benchmark report	2026-10-07T13:59:37.2574913Z With the provided path, there will be 2 files uploaded
compare	Upload benchmark report	2026-10-07T13:59:37.2593576Z Artifact name is valid!
compare	Upload benchmark report	2026-10-07T13:59:37.2593795Z Root directory input is valid!
compare	Upload benchmark report	2026-10-07T13:59:37.5211148Z Beginning upload of artifact content to blob storage
compare	Upload benchmark report	2026-10-07T13:59:37.5365427Z (node:2869) [DEP0169] DeprecationWarning: `url.parse()` behavior is not standardized and prone to errors that have security implications. Use the WHATWG URL API instead. CVEs are not issued for `url.parse()` vulnerabilities.
compare	Upload benchmark report	2026-10-07T13:59:37.6734841Z Uploaded bytes 1052
compare	Upload benchmark report	2026-10-07T13:59:37.7118492Z Finished uploading artifact content to blob storage!
compare	Upload benchmark report	2026-10-07T13:59:37.7119158Z SHA256 digest of uploaded artifact zip is 44ccbea3382dcf405c387e695bd029c7c5c0982d9ef010e25be6331c272c59e7
compare	Upload benchmark report	2026-10-07T13:59:37.7120686Z Finalizing artifact upload
compare	Upload benchmark report	2026-10-07T13:59:37.9523056Z Artifact qdistsat-cross-repo-benchmark.zip successfully finalized. Artifact ID 11486722784
compare	Upload benchmark report	2026-10-07T13:59:37.9523631Z Artifact qdistsat-cross-repo-benchmark has been successfully uploaded! Final size is 1052 bytes. Artifact ID is 11486722784
compare	Upload benchmark report	2026-10-07T13:59:37.9528955Z Artifact download URL: https://github.com/guluchen/DistQLDPC/actions/runs/37632853674/artifacts/11486722784
compare	Enforce scientific-result consistency	﻿2026-10-07T13:59:37.9637893Z ##[group]Run if [ "0" != "0" ]; then
compare	Enforce scientific-result consistency	2026-10-07T13:59:37.9638125Z ^[[36;1mif [ "0" != "0" ]; then^[[0m
compare	Enforce scientific-result consistency	2026-10-07T13:59:37.9638444Z ^[[36;1m  echo "QDistSAT detected a scientific-result mismatch between baseline and candidate DistQLDPC."^[[0m
compare	Enforce scientific-result consistency	2026-10-07T13:59:37.9638773Z ^[[36;1m  exit 1^[[0m
compare	Enforce scientific-result consistency	2026-10-07T13:59:37.9638914Z ^[[36;1mfi^[[0m
compare	Enforce scientific-result consistency	2026-10-07T13:59:37.9671710Z shell: /usr/bin/bash --noprofile --norc -e -o pipefail {0}
compare	Enforce scientific-result consistency	2026-10-07T13:59:37.9672038Z ##[endgroup]
compare	Post Check out QDistSAT benchmark platform	﻿2026-10-07T13:59:37.9787227Z Post job cleanup.
compare	Post Check out QDistSAT benchmark platform	2026-10-07T13:59:38.0390371Z [command]/usr/bin/git version
compare	Post Check out QDistSAT benchmark platform	2026-10-07T13:59:38.0429925Z git version 2.55.0
compare	Post Check out QDistSAT benchmark platform	2026-10-07T13:59:38.0455870Z Temporarily overriding HOME='/home/runner/work/_temp/0373b151-db90-41e3-8663-83ea79a377a4' before making global git config changes
compare	Post Check out QDistSAT benchmark platform	2026-10-07T13:59:38.0456655Z Adding repository directory to the temporary git global config as a safe directory
compare	Post Check out QDistSAT benchmark platform	2026-10-07T13:59:38.0460369Z [command]/usr/bin/git config --global --add safe.directory /home/runner/work/DistQLDPC/DistQLDPC/qdistsat
compare	Post Check out QDistSAT benchmark platform	2026-10-07T13:59:38.0484490Z Removing SSH command configuration
compare	Post Check out QDistSAT benchmark platform	2026-10-07T13:59:38.0488852Z [command]/usr/bin/git config --local --name-only --get-regexp core\.sshCommand
compare	Post Check out QDistSAT benchmark platform	2026-10-07T13:59:38.0513657Z [command]/usr/bin/git submodule foreach --recursive sh -c "git config --local --name-only --get-regexp 'core\.sshCommand' && git config --local --unset-all 'core.sshCommand' || :"
compare	Post Check out QDistSAT benchmark platform	2026-10-07T13:59:38.0669012Z Removing HTTP extra header
compare	Post Check out QDistSAT benchmark platform	2026-10-07T13:59:38.0676696Z [command]/usr/bin/git config --local --name-only --get-regexp http\.https\:\/\/github\.com\/\.extraheader
compare	Post Check out QDistSAT benchmark platform	2026-10-07T13:59:38.0699188Z [command]/usr/bin/git submodule foreach --recursive sh -c "git config --local --name-only --get-regexp 'http\.https\:\/\/github\.com\/\.extraheader' && git config --local --unset-all 'http.https://github.com/.extraheader' || :"
compare	Post Check out QDistSAT benchmark platform	2026-10-07T13:59:38.0845829Z Removing includeIf entries pointing to credentials config files
compare	Post Check out QDistSAT benchmark platform	2026-10-07T13:59:38.0850909Z [command]/usr/bin/git config --local --name-only --get-regexp ^includeIf\.gitdir:
compare	Post Check out QDistSAT benchmark platform	2026-10-07T13:59:38.0869594Z includeif.gitdir:/home/runner/work/DistQLDPC/DistQLDPC/qdistsat/.git.path
compare	Post Check out QDistSAT benchmark platform	2026-10-07T13:59:38.0870373Z includeif.gitdir:/home/runner/work/DistQLDPC/DistQLDPC/qdistsat/.git/worktrees/*.path
compare	Post Check out QDistSAT benchmark platform	2026-10-07T13:59:38.0871170Z includeif.gitdir:/github/workspace/qdistsat/.git.path
compare	Post Check out QDistSAT benchmark platform	2026-10-07T13:59:38.0871971Z includeif.gitdir:/github/workspace/qdistsat/.git/worktrees/*.path
compare	Post Check out QDistSAT benchmark platform	2026-10-07T13:59:38.0876596Z [command]/usr/bin/git config --local --get-all includeif.gitdir:/home/runner/work/DistQLDPC/DistQLDPC/qdistsat/.git.path
compare	Post Check out QDistSAT benchmark platform	2026-10-07T13:59:38.0892564Z /home/runner/work/_temp/git-credentials-8f1b73f9-7556-45a8-a41b-15e1211308da.config
compare	Post Check out QDistSAT benchmark platform	2026-10-07T13:59:38.0901949Z [command]/usr/bin/git config --local --unset includeif.gitdir:/home/runner/work/DistQLDPC/DistQLDPC/qdistsat/.git.path \/home\/runner\/work\/_temp\/git\-credentials\-8f1b73f9\-7556\-45a8\-a41b\-15e1211308da\.config
compare	Post Check out QDistSAT benchmark platform	2026-10-07T13:59:38.0929384Z [command]/usr/bin/git config --local --get-all includeif.gitdir:/home/runner/work/DistQLDPC/DistQLDPC/qdistsat/.git/worktrees/*.path
compare	Post Check out QDistSAT benchmark platform	2026-10-07T13:59:38.0947364Z /home/runner/work/_temp/git-credentials-8f1b73f9-7556-45a8-a41b-15e1211308da.config
compare	Post Check out QDistSAT benchmark platform	2026-10-07T13:59:38.0956407Z [command]/usr/bin/git config --local --unset includeif.gitdir:/home/runner/work/DistQLDPC/DistQLDPC/qdistsat/.git/worktrees/*.path \/home\/runner\/work\/_temp\/git\-credentials\-8f1b73f9\-7556\-45a8\-a41b\-15e1211308da\.config
compare	Post Check out QDistSAT benchmark platform	2026-10-07T13:59:38.0993885Z [command]/usr/bin/git config --local --get-all includeif.gitdir:/github/workspace/qdistsat/.git.path
compare	Post Check out QDistSAT benchmark platform	2026-10-07T13:59:38.1037663Z /github/runner_temp/git-credentials-8f1b73f9-7556-45a8-a41b-15e1211308da.config
compare	Post Check out QDistSAT benchmark platform	2026-10-07T13:59:38.1039006Z [command]/usr/bin/git config --local --unset includeif.gitdir:/github/workspace/qdistsat/.git.path \/github\/runner_temp\/git\-credentials\-8f1b73f9\-7556\-45a8\-a41b\-15e1211308da\.config
compare	Post Check out QDistSAT benchmark platform	2026-10-07T13:59:38.1071154Z [command]/usr/bin/git config --local --get-all includeif.gitdir:/github/workspace/qdistsat/.git/worktrees/*.path
compare	Post Check out QDistSAT benchmark platform	2026-10-07T13:59:38.1095985Z /github/runner_temp/git-credentials-8f1b73f9-7556-45a8-a41b-15e1211308da.config
compare	Post Check out QDistSAT benchmark platform	2026-10-07T13:59:38.1104938Z [command]/usr/bin/git config --local --unset includeif.gitdir:/github/workspace/qdistsat/.git/worktrees/*.path \/github\/runner_temp\/git\-credentials\-8f1b73f9\-7556\-45a8\-a41b\-15e1211308da\.config
compare	Post Check out QDistSAT benchmark platform	2026-10-07T13:59:38.1139835Z [command]/usr/bin/git submodule foreach --recursive git config --local --show-origin --name-only --get-regexp remote.origin.url
compare	Post Check out QDistSAT benchmark platform	2026-10-07T13:59:38.1276636Z Removing credentials config '/home/runner/work/_temp/git-credentials-8f1b73f9-7556-45a8-a41b-15e1211308da.config'
compare	Post Check out baseline DistQLDPC	﻿2026-10-07T13:59:38.1411357Z Post job cleanup.
compare	Post Check out baseline DistQLDPC	2026-10-07T13:59:38.2035915Z [command]/usr/bin/git version
compare	Post Check out baseline DistQLDPC	2026-10-07T13:59:38.2073520Z git version 2.55.0
compare	Post Check out baseline DistQLDPC	2026-10-07T13:59:38.2099687Z Temporarily overriding HOME='/home/runner/work/_temp/9a493d10-f3e1-4563-a19d-6d87a27b88a7' before making global git config changes
compare	Post Check out baseline DistQLDPC	2026-10-07T13:59:38.2100531Z Adding repository directory to the temporary git global config as a safe directory
compare	Post Check out baseline DistQLDPC	2026-10-07T13:59:38.2101435Z [command]/usr/bin/git config --global --add safe.directory /home/runner/work/DistQLDPC/DistQLDPC/baseline
compare	Post Check out baseline DistQLDPC	2026-10-07T13:59:38.2124311Z Removing SSH command configuration
compare	Post Check out baseline DistQLDPC	2026-10-07T13:59:38.2128481Z [command]/usr/bin/git config --local --name-only --get-regexp core\.sshCommand
compare	Post Check out baseline DistQLDPC	2026-10-07T13:59:38.2152534Z [command]/usr/bin/git submodule foreach --recursive sh -c "git config --local --name-only --get-regexp 'core\.sshCommand' && git config --local --unset-all 'core.sshCommand' || :"
compare	Post Check out baseline DistQLDPC	2026-10-07T13:59:38.2302469Z Removing HTTP extra header
compare	Post Check out baseline DistQLDPC	2026-10-07T13:59:38.2305954Z [command]/usr/bin/git config --local --name-only --get-regexp http\.https\:\/\/github\.com\/\.extraheader
compare	Post Check out baseline DistQLDPC	2026-10-07T13:59:38.2358382Z [command]/usr/bin/git submodule foreach --recursive sh -c "git config --local --name-only --get-regexp 'http\.https\:\/\/github\.com\/\.extraheader' && git config --local --unset-all 'http.https://github.com/.extraheader' || :"
compare	Post Check out baseline DistQLDPC	2026-10-07T13:59:38.2518722Z Removing includeIf entries pointing to credentials config files
compare	Post Check out baseline DistQLDPC	2026-10-07T13:59:38.2522915Z [command]/usr/bin/git config --local --name-only --get-regexp ^includeIf\.gitdir:
compare	Post Check out baseline DistQLDPC	2026-10-07T13:59:38.2540496Z includeif.gitdir:/home/runner/work/DistQLDPC/DistQLDPC/baseline/.git.path
compare	Post Check out baseline DistQLDPC	2026-10-07T13:59:38.2541184Z includeif.gitdir:/home/runner/work/DistQLDPC/DistQLDPC/baseline/.git/worktrees/*.path
compare	Post Check out baseline DistQLDPC	2026-10-07T13:59:38.2541766Z includeif.gitdir:/github/workspace/baseline/.git.path
compare	Post Check out baseline DistQLDPC	2026-10-07T13:59:38.2542494Z includeif.gitdir:/github/workspace/baseline/.git/worktrees/*.path
compare	Post Check out baseline DistQLDPC	2026-10-07T13:59:38.2548165Z [command]/usr/bin/git config --local --get-all includeif.gitdir:/home/runner/work/DistQLDPC/DistQLDPC/baseline/.git.path
compare	Post Check out baseline DistQLDPC	2026-10-07T13:59:38.2563820Z /home/runner/work/_temp/git-credentials-5f325393-007c-4493-8fa5-ced322444efb.config
compare	Post Check out baseline DistQLDPC	2026-10-07T13:59:38.2571297Z [command]/usr/bin/git config --local --unset includeif.gitdir:/home/runner/work/DistQLDPC/DistQLDPC/baseline/.git.path \/home\/runner\/work\/_temp\/git\-credentials\-5f325393\-007c\-4493\-8fa5\-ced322444efb\.config
compare	Post Check out baseline DistQLDPC	2026-10-07T13:59:38.2599410Z [command]/usr/bin/git config --local --get-all includeif.gitdir:/home/runner/work/DistQLDPC/DistQLDPC/baseline/.git/worktrees/*.path
compare	Post Check out baseline DistQLDPC	2026-10-07T13:59:38.2615252Z /home/runner/work/_temp/git-credentials-5f325393-007c-4493-8fa5-ced322444efb.config
compare	Post Check out baseline DistQLDPC	2026-10-07T13:59:38.2627129Z [command]/usr/bin/git config --local --unset includeif.gitdir:/home/runner/work/DistQLDPC/DistQLDPC/baseline/.git/worktrees/*.path \/home\/runner\/work\/_temp\/git\-credentials\-5f325393\-007c\-4493\-8fa5\-ced322444efb\.config
compare	Post Check out baseline DistQLDPC	2026-10-07T13:59:38.2650097Z [command]/usr/bin/git config --local --get-all includeif.gitdir:/github/workspace/baseline/.git.path
compare	Post Check out baseline DistQLDPC	2026-10-07T13:59:38.2668582Z /github/runner_temp/git-credentials-5f325393-007c-4493-8fa5-ced322444efb.config
compare	Post Check out baseline DistQLDPC	2026-10-07T13:59:38.2670268Z [command]/usr/bin/git config --local --unset includeif.gitdir:/github/workspace/baseline/.git.path \/github\/runner_temp\/git\-credentials\-5f325393\-007c\-4493\-8fa5\-ced322444efb\.config
compare	Post Check out baseline DistQLDPC	2026-10-07T13:59:38.2695506Z [command]/usr/bin/git config --local --get-all includeif.gitdir:/github/workspace/baseline/.git/worktrees/*.path
compare	Post Check out baseline DistQLDPC	2026-10-07T13:59:38.2711895Z /github/runner_temp/git-credentials-5f325393-007c-4493-8fa5-ced322444efb.config
compare	Post Check out baseline DistQLDPC	2026-10-07T13:59:38.2718010Z [command]/usr/bin/git config --local --unset includeif.gitdir:/github/workspace/baseline/.git/worktrees/*.path \/github\/runner_temp\/git\-credentials\-5f325393\-007c\-4493\-8fa5\-ced322444efb\.config
compare	Post Check out baseline DistQLDPC	2026-10-07T13:59:38.2746340Z [command]/usr/bin/git submodule foreach --recursive git config --local --show-origin --name-only --get-regexp remote.origin.url
compare	Post Check out baseline DistQLDPC	2026-10-07T13:59:38.2901197Z Removing credentials config '/home/runner/work/_temp/git-credentials-5f325393-007c-4493-8fa5-ced322444efb.config'
compare	Post Check out candidate DistQLDPC	﻿2026-10-07T13:59:38.3037953Z Post job cleanup.
compare	Post Check out candidate DistQLDPC	2026-10-07T13:59:38.3694295Z [command]/usr/bin/git version
compare	Post Check out candidate DistQLDPC	2026-10-07T13:59:38.3743965Z git version 2.55.0
compare	Post Check out candidate DistQLDPC	2026-10-07T13:59:38.3769621Z Temporarily overriding HOME='/home/runner/work/_temp/6d265f07-07d5-4718-9249-7394c53c8095' before making global git config changes
compare	Post Check out candidate DistQLDPC	2026-10-07T13:59:38.3770779Z Adding repository directory to the temporary git global config as a safe directory
compare	Post Check out candidate DistQLDPC	2026-10-07T13:59:38.3773980Z [command]/usr/bin/git config --global --add safe.directory /home/runner/work/DistQLDPC/DistQLDPC/candidate
compare	Post Check out candidate DistQLDPC	2026-10-07T13:59:38.3798503Z Removing SSH command configuration
compare	Post Check out candidate DistQLDPC	2026-10-07T13:59:38.3803446Z [command]/usr/bin/git config --local --name-only --get-regexp core\.sshCommand
compare	Post Check out candidate DistQLDPC	2026-10-07T13:59:38.3829380Z [command]/usr/bin/git submodule foreach --recursive sh -c "git config --local --name-only --get-regexp 'core\.sshCommand' && git config --local --unset-all 'core.sshCommand' || :"
compare	Post Check out candidate DistQLDPC	2026-10-07T13:59:38.4002563Z Removing HTTP extra header
compare	Post Check out candidate DistQLDPC	2026-10-07T13:59:38.4006876Z [command]/usr/bin/git config --local --name-only --get-regexp http\.https\:\/\/github\.com\/\.extraheader
compare	Post Check out candidate DistQLDPC	2026-10-07T13:59:38.4039690Z [command]/usr/bin/git submodule foreach --recursive sh -c "git config --local --name-only --get-regexp 'http\.https\:\/\/github\.com\/\.extraheader' && git config --local --unset-all 'http.https://github.com/.extraheader' || :"
compare	Post Check out candidate DistQLDPC	2026-10-07T13:59:38.4237045Z Removing includeIf entries pointing to credentials config files
compare	Post Check out candidate DistQLDPC	2026-10-07T13:59:38.4242488Z [command]/usr/bin/git config --local --name-only --get-regexp ^includeIf\.gitdir:
compare	Post Check out candidate DistQLDPC	2026-10-07T13:59:38.4281756Z includeif.gitdir:/home/runner/work/DistQLDPC/DistQLDPC/candidate/.git.path
compare	Post Check out candidate DistQLDPC	2026-10-07T13:59:38.4282713Z includeif.gitdir:/home/runner/work/DistQLDPC/DistQLDPC/candidate/.git/worktrees/*.path
compare	Post Check out candidate DistQLDPC	2026-10-07T13:59:38.4284141Z includeif.gitdir:/github/workspace/candidate/.git.path
compare	Post Check out candidate DistQLDPC	2026-10-07T13:59:38.4284825Z includeif.gitdir:/github/workspace/candidate/.git/worktrees/*.path
compare	Post Check out candidate DistQLDPC	2026-10-07T13:59:38.4286628Z [command]/usr/bin/git config --local --get-all includeif.gitdir:/home/runner/work/DistQLDPC/DistQLDPC/candidate/.git.path
compare	Post Check out candidate DistQLDPC	2026-10-07T13:59:38.4324382Z /home/runner/work/_temp/git-credentials-e4e70c2b-1244-4d55-9a4f-3b9b47c274e6.config
compare	Post Check out candidate DistQLDPC	2026-10-07T13:59:38.4337175Z [command]/usr/bin/git config --local --unset includeif.gitdir:/home/runner/work/DistQLDPC/DistQLDPC/candidate/.git.path \/home\/runner\/work\/_temp\/git\-credentials\-e4e70c2b\-1244\-4d55\-9a4f\-3b9b47c274e6\.config
compare	Post Check out candidate DistQLDPC	2026-10-07T13:59:38.4374741Z [command]/usr/bin/git config --local --get-all includeif.gitdir:/home/runner/work/DistQLDPC/DistQLDPC/candidate/.git/worktrees/*.path
compare	Post Check out candidate DistQLDPC	2026-10-07T13:59:38.4390123Z /home/runner/work/_temp/git-credentials-e4e70c2b-1244-4d55-9a4f-3b9b47c274e6.config
compare	Post Check out candidate DistQLDPC	2026-10-07T13:59:38.4411624Z [command]/usr/bin/git config --local --unset includeif.gitdir:/home/runner/work/DistQLDPC/DistQLDPC/candidate/.git/worktrees/*.path \/home\/runner\/work\/_temp\/git\-credentials\-e4e70c2b\-1244\-4d55\-9a4f\-3b9b47c274e6\.config
compare	Post Check out candidate DistQLDPC	2026-10-07T13:59:38.4448635Z [command]/usr/bin/git config --local --get-all includeif.gitdir:/github/workspace/candidate/.git.path
compare	Post Check out candidate DistQLDPC	2026-10-07T13:59:38.4460570Z /github/runner_temp/git-credentials-e4e70c2b-1244-4d55-9a4f-3b9b47c274e6.config
compare	Post Check out candidate DistQLDPC	2026-10-07T13:59:38.4473522Z [command]/usr/bin/git config --local --unset includeif.gitdir:/github/workspace/candidate/.git.path \/github\/runner_temp\/git\-credentials\-e4e70c2b\-1244\-4d55\-9a4f\-3b9b47c274e6\.config
compare	Post Check out candidate DistQLDPC	2026-10-07T13:59:38.4497562Z [command]/usr/bin/git config --local --get-all includeif.gitdir:/github/workspace/candidate/.git/worktrees/*.path
compare	Post Check out candidate DistQLDPC	2026-10-07T13:59:38.4515786Z /github/runner_temp/git-credentials-e4e70c2b-1244-4d55-9a4f-3b9b47c274e6.config
compare	Post Check out candidate DistQLDPC	2026-10-07T13:59:38.4544129Z [command]/usr/bin/git config --local --unset includeif.gitdir:/github/workspace/candidate/.git/worktrees/*.path \/github\/runner_temp\/git\-credentials\-e4e70c2b\-1244\-4d55\-9a4f\-3b9b47c274e6\.config
compare	Post Check out candidate DistQLDPC	2026-10-07T13:59:38.4553541Z [command]/usr/bin/git submodule foreach --recursive git config --local --show-origin --name-only --get-regexp remote.origin.url
compare	Post Check out candidate DistQLDPC	2026-10-07T13:59:38.4724988Z Removing credentials config '/home/runner/work/_temp/git-credentials-e4e70c2b-1244-4d55-9a4f-3b9b47c274e6.config'
compare	Complete job	﻿2026-10-07T13:59:38.4835926Z Cleaning up orphan processes
compare	Complete job	2026-10-07T13:59:38.5047595Z ##[warning]Node.js 20 is deprecated. The following actions target Node.js 20 but are being forced to run on Node.js 24: actions/upload-artifact@v4. For more information see: https://github.blog/changelog/2025-09-19-deprecation-of-node-20-on-github-actions-runners/
