2026-10-06T15:48:13.0848843Z Current runner version: '2.337.0'
2026-10-06T15:48:13.0883966Z ##[group]Runner Image Provisioner
2026-10-06T15:48:13.0885346Z Hosted Compute Agent
2026-10-06T15:48:13.0886290Z Version: 20260901.588
2026-10-06T15:48:13.0887476Z Commit: f88ec8081b781fac6c440065ac7ff9e710ce3d0b
2026-10-06T15:48:13.0888758Z Build Date: 2026-09-01T19:56:44Z
2026-10-06T15:48:13.0889968Z Worker ID: {d952b5a9-415b-497d-ae23-df52b61151ce}
2026-10-06T15:48:13.0891218Z Azure Region: eastus
2026-10-06T15:48:13.0892498Z ##[endgroup]
2026-10-06T15:48:13.0895025Z ##[group]Operating System
2026-10-06T15:48:13.0896095Z Ubuntu
2026-10-06T15:48:13.0896890Z 24.04.5
2026-10-06T15:48:13.0897870Z LTS
2026-10-06T15:48:13.0898734Z ##[endgroup]
2026-10-06T15:48:13.0899769Z ##[group]Runner Image
2026-10-06T15:48:13.0900820Z Image: ubuntu-24.04
2026-10-06T15:48:13.0902119Z Version: 20260927.320.1
2026-10-06T15:48:13.0904225Z Included Software: https://github.com/actions/runner-images/blob/ubuntu24/20260927.320/images/ubuntu/Ubuntu2404-Readme.md
2026-10-06T15:48:13.0906994Z Image Release: https://github.com/actions/runner-images/releases/tag/ubuntu24%2F20260927.320
2026-10-06T15:48:13.0908716Z ##[endgroup]
2026-10-06T15:48:13.0910580Z ##[group]GITHUB_TOKEN Permissions
2026-10-06T15:48:13.0913495Z Contents: write
2026-10-06T15:48:13.0914678Z Metadata: read
2026-10-06T15:48:13.0915653Z ##[endgroup]
2026-10-06T15:48:13.0918849Z Secret source: Actions
2026-10-06T15:48:13.0920344Z Cache mode: write
2026-10-06T15:48:13.0921851Z Prepare workflow directory
2026-10-06T15:48:13.1415882Z Prepare all required actions
2026-10-06T15:48:13.1489592Z Getting action download info
2026-10-06T15:48:13.3943969Z Download action repository 'actions/checkout@v7' (SHA:3d3c42e5aac5ba805825da76410c181273ba90b1)
2026-10-06T15:48:13.5111973Z Download action repository 'actions/upload-artifact@v4' (SHA:ea165f8d65b6e75b540449e92b4886f43607fa02)
2026-10-06T15:48:13.7431324Z Complete job name: compare
2026-10-06T15:48:13.8252372Z ##[group]Run actions/checkout@v7
2026-10-06T15:48:13.8253353Z with:
2026-10-06T15:48:13.8253779Z   path: candidate
2026-10-06T15:48:13.8254224Z   fetch-depth: 0
2026-10-06T15:48:13.8254685Z   repository: guluchen/DistQLDPC
2026-10-06T15:48:13.8258286Z   token: ***
2026-10-06T15:48:13.8258707Z   ssh-strict: true
2026-10-06T15:48:13.8259135Z   ssh-user: git
2026-10-06T15:48:13.8259576Z   persist-credentials: true
2026-10-06T15:48:13.8260063Z   clean: true
2026-10-06T15:48:13.8260499Z   sparse-checkout-cone-mode: true
2026-10-06T15:48:13.8261081Z   fetch-tags: false
2026-10-06T15:48:13.8261716Z   show-progress: true
2026-10-06T15:48:13.8262164Z   lfs: false
2026-10-06T15:48:13.8262572Z   submodules: false
2026-10-06T15:48:13.8263019Z   set-safe-directory: true
2026-10-06T15:48:13.8263524Z   allow-unsafe-pr-checkout: false
2026-10-06T15:48:13.8264314Z ##[endgroup]
2026-10-06T15:48:13.9323211Z Syncing repository: guluchen/DistQLDPC
2026-10-06T15:48:13.9325539Z ##[group]Getting Git version info
2026-10-06T15:48:13.9326367Z Working directory is '/home/runner/work/DistQLDPC/DistQLDPC/candidate'
2026-10-06T15:48:13.9327724Z [command]/usr/bin/git version
2026-10-06T15:48:13.9421945Z git version 2.55.0
2026-10-06T15:48:13.9446586Z ##[endgroup]
2026-10-06T15:48:13.9460048Z Temporarily overriding HOME='/home/runner/work/_temp/c6cf2351-f9c5-40c9-b801-76c8b84069ef' before making global git config changes
2026-10-06T15:48:13.9463123Z Adding repository directory to the temporary git global config as a safe directory
2026-10-06T15:48:13.9467412Z [command]/usr/bin/git config --global --add safe.directory /home/runner/work/DistQLDPC/DistQLDPC/candidate
2026-10-06T15:48:13.9532680Z ##[group]Determining repository object format
2026-10-06T15:48:13.9533723Z ##[endgroup]
2026-10-06T15:48:13.9534441Z ##[group]Initializing the repository
2026-10-06T15:48:13.9535205Z [command]/usr/bin/git init /home/runner/work/DistQLDPC/DistQLDPC/candidate
2026-10-06T15:48:13.9653274Z hint: Using 'master' as the name for the initial branch. This default branch name
2026-10-06T15:48:13.9655202Z hint: will change to "main" in Git 3.0. To configure the initial branch name
2026-10-06T15:48:13.9657840Z hint: to use in all of your new repositories, which will suppress this warning,
2026-10-06T15:48:13.9659617Z hint: call:
2026-10-06T15:48:13.9660940Z hint:
2026-10-06T15:48:13.9662443Z hint: 	git config --global init.defaultBranch <name>
2026-10-06T15:48:13.9664017Z hint:
2026-10-06T15:48:13.9665223Z hint: Names commonly chosen instead of 'master' are 'main', 'trunk' and
2026-10-06T15:48:13.9667061Z hint: 'development'. The just-created branch can be renamed via this command:
2026-10-06T15:48:13.9668529Z hint:
2026-10-06T15:48:13.9669467Z hint: 	git branch -m <name>
2026-10-06T15:48:13.9670589Z hint:
2026-10-06T15:48:13.9672272Z hint: Disable this message with "git config set advice.defaultBranchName false"
2026-10-06T15:48:13.9674349Z Initialized empty Git repository in /home/runner/work/DistQLDPC/DistQLDPC/candidate/.git/
2026-10-06T15:48:13.9677472Z [command]/usr/bin/git remote add origin https://github.com/guluchen/DistQLDPC
2026-10-06T15:48:13.9724178Z ##[endgroup]
2026-10-06T15:48:13.9725472Z ##[group]Disabling automatic garbage collection
2026-10-06T15:48:13.9729279Z [command]/usr/bin/git config --local gc.auto 0
2026-10-06T15:48:13.9770189Z ##[endgroup]
2026-10-06T15:48:13.9771779Z ##[group]Setting up auth
2026-10-06T15:48:13.9773133Z Removing SSH command configuration
2026-10-06T15:48:13.9779294Z [command]/usr/bin/git config --local --name-only --get-regexp core\.sshCommand
2026-10-06T15:48:13.9818470Z [command]/usr/bin/git submodule foreach --recursive sh -c "git config --local --name-only --get-regexp 'core\.sshCommand' && git config --local --unset-all 'core.sshCommand' || :"
2026-10-06T15:48:14.0204532Z Removing HTTP extra header
2026-10-06T15:48:14.0210528Z [command]/usr/bin/git config --local --name-only --get-regexp http\.https\:\/\/github\.com\/\.extraheader
2026-10-06T15:48:14.0248666Z [command]/usr/bin/git submodule foreach --recursive sh -c "git config --local --name-only --get-regexp 'http\.https\:\/\/github\.com\/\.extraheader' && git config --local --unset-all 'http.https://github.com/.extraheader' || :"
2026-10-06T15:48:14.0483986Z Removing includeIf entries pointing to credentials config files
2026-10-06T15:48:14.0489446Z [command]/usr/bin/git config --local --name-only --get-regexp ^includeIf\.gitdir:
2026-10-06T15:48:14.0541276Z [command]/usr/bin/git submodule foreach --recursive git config --local --show-origin --name-only --get-regexp remote.origin.url
2026-10-06T15:48:14.0787570Z [command]/usr/bin/git config --file /home/runner/work/_temp/git-credentials-ec516646-6a53-4ebf-af29-e3e48f6c7364.config http.https://github.com/.extraheader AUTHORIZATION: basic ***
2026-10-06T15:48:14.0909021Z [command]/usr/bin/git config --local includeIf.gitdir:/home/runner/work/DistQLDPC/DistQLDPC/candidate/.git.path /home/runner/work/_temp/git-credentials-ec516646-6a53-4ebf-af29-e3e48f6c7364.config
2026-10-06T15:48:14.0920094Z [command]/usr/bin/git config --local includeIf.gitdir:/home/runner/work/DistQLDPC/DistQLDPC/candidate/.git/worktrees/*.path /home/runner/work/_temp/git-credentials-ec516646-6a53-4ebf-af29-e3e48f6c7364.config
2026-10-06T15:48:14.0925788Z [command]/usr/bin/git config --local includeIf.gitdir:/github/workspace/candidate/.git.path /github/runner_temp/git-credentials-ec516646-6a53-4ebf-af29-e3e48f6c7364.config
2026-10-06T15:48:14.0951846Z [command]/usr/bin/git config --local includeIf.gitdir:/github/workspace/candidate/.git/worktrees/*.path /github/runner_temp/git-credentials-ec516646-6a53-4ebf-af29-e3e48f6c7364.config
2026-10-06T15:48:14.0987431Z ##[endgroup]
2026-10-06T15:48:14.0989296Z ##[group]Fetching the repository
2026-10-06T15:48:14.0994425Z [command]/usr/bin/git -c protocol.version=2 fetch --no-tags --prune --no-recurse-submodules origin +refs/heads/*:refs/remotes/origin/* +refs/tags/*:refs/tags/* +8d01f12f658eec88f8ffd10d59b793ee8f15f2c6:refs/remotes/pull/11/merge
2026-10-06T15:48:14.7098957Z From https://github.com/guluchen/DistQLDPC
2026-10-06T15:48:14.7100297Z  * [new branch]      chore/autonomous-workflow-pilot          -> origin/chore/autonomous-workflow-pilot
2026-10-06T15:48:14.7102630Z  * [new branch]      chore/codex-integration-probe            -> origin/chore/codex-integration-probe
2026-10-06T15:48:14.7103955Z  * [new branch]      ci/cleanup-pi-escalation-test            -> origin/ci/cleanup-pi-escalation-test
2026-10-06T15:48:14.7105206Z  * [new branch]      ci/fire-pi-escalation-test               -> origin/ci/fire-pi-escalation-test
2026-10-06T15:48:14.7106439Z  * [new branch]      ci/pi-escalation-dispatch                -> origin/ci/pi-escalation-dispatch
2026-10-06T15:48:14.7107669Z  * [new branch]      ci/qdist-cross-repo-benchmark            -> origin/ci/qdist-cross-repo-benchmark
2026-10-06T15:48:14.7108918Z  * [new branch]      ci/test-pi-escalation-slack              -> origin/ci/test-pi-escalation-slack
2026-10-06T15:48:14.7110187Z  * [new branch]      docs/optimization-loop-policy            -> origin/docs/optimization-loop-policy
2026-10-06T15:48:14.7112879Z  * [new branch]      docs/require-cross-repo-benchmark        -> origin/docs/require-cross-repo-benchmark
2026-10-06T15:48:14.7115318Z  * [new branch]      experiment/h001-logical-row-xor          -> origin/experiment/h001-logical-row-xor
2026-10-06T15:48:14.7116565Z  * [new branch]      main                                     -> origin/main
2026-10-06T15:48:14.7118239Z  * [new branch]      policy/compute-cost-guardrails           -> origin/policy/compute-cost-guardrails
2026-10-06T15:48:14.7119323Z  * [new ref]         8d01f12f658eec88f8ffd10d59b793ee8f15f2c6 -> pull/11/merge
2026-10-06T15:48:14.7121582Z ##[endgroup]
2026-10-06T15:48:14.7122670Z ##[group]Determining the checkout info
2026-10-06T15:48:14.7124147Z ##[endgroup]
2026-10-06T15:48:14.7124981Z [command]/usr/bin/git sparse-checkout disable
2026-10-06T15:48:14.7178832Z [command]/usr/bin/git config --local --unset-all extensions.worktreeConfig
2026-10-06T15:48:14.7218450Z ##[group]Checking out the ref
2026-10-06T15:48:14.7227291Z [command]/usr/bin/git checkout --progress --force refs/remotes/pull/11/merge
2026-10-06T15:48:14.7841771Z Note: switching to 'refs/remotes/pull/11/merge'.
2026-10-06T15:48:14.7842762Z 
2026-10-06T15:48:14.7843363Z You are in 'detached HEAD' state. You can look around, make experimental
2026-10-06T15:48:14.7844740Z changes and commit them, and you can discard any commits you make in this
2026-10-06T15:48:14.7846048Z state without impacting any branches by switching back to a branch.
2026-10-06T15:48:14.7846781Z 
2026-10-06T15:48:14.7847304Z If you want to create a new branch to retain commits you create, you may
2026-10-06T15:48:14.7848499Z do so (now or later) by using -c with the switch command. Example:
2026-10-06T15:48:14.7849252Z 
2026-10-06T15:48:14.7849634Z   git switch -c <new-branch-name>
2026-10-06T15:48:14.7850232Z 
2026-10-06T15:48:14.7850607Z Or undo this operation with:
2026-10-06T15:48:14.7851153Z 
2026-10-06T15:48:14.7851856Z   git switch -
2026-10-06T15:48:14.7852468Z 
2026-10-06T15:48:14.7853174Z Turn off this advice by setting config variable advice.detachedHead to false
2026-10-06T15:48:14.7854116Z 
2026-10-06T15:48:14.7855201Z HEAD is now at 8d01f12 Merge 18f1603d05dc43f0ef57dd1d8777ebe27aa9f061 into 24572d6d09cce9a4a5faa58300a89e0feba9da6a
2026-10-06T15:48:14.7866243Z ##[endgroup]
2026-10-06T15:48:14.7916915Z [command]/usr/bin/git log -1 --format=%H
2026-10-06T15:48:14.7946863Z 8d01f12f658eec88f8ffd10d59b793ee8f15f2c6
2026-10-06T15:48:14.8241311Z ##[group]Run set -euo pipefail
2026-10-06T15:48:14.8242974Z [36;1mset -euo pipefail[0m
2026-10-06T15:48:14.8244366Z [36;1mif [ "pull_request" = "pull_request" ]; then[0m
2026-10-06T15:48:14.8246083Z [36;1m  base="24572d6d09cce9a4a5faa58300a89e0feba9da6a"[0m
2026-10-06T15:48:14.8247975Z [36;1melif [ -n "" ] && [ "" != "0000000000000000000000000000000000000000" ]; then[0m
2026-10-06T15:48:14.8249673Z [36;1m  base=""[0m
2026-10-06T15:48:14.8250749Z [36;1melse[0m
2026-10-06T15:48:14.8252045Z [36;1m  base="$(git rev-parse HEAD^)"[0m
2026-10-06T15:48:14.8253359Z [36;1mfi[0m
2026-10-06T15:48:14.8254736Z [36;1mecho "base=$base" >> "$GITHUB_OUTPUT"[0m
2026-10-06T15:48:14.8256466Z [36;1mecho "candidate=$(git rev-parse HEAD)" >> "$GITHUB_OUTPUT"[0m
2026-10-06T15:48:14.8521983Z shell: /usr/bin/bash --noprofile --norc -e -o pipefail {0}
2026-10-06T15:48:14.8523659Z ##[endgroup]
2026-10-06T15:48:14.8913145Z ##[group]Run actions/checkout@v7
2026-10-06T15:48:14.8914250Z with:
2026-10-06T15:48:14.8915189Z   ref: 24572d6d09cce9a4a5faa58300a89e0feba9da6a
2026-10-06T15:48:14.8916371Z   path: baseline
2026-10-06T15:48:14.8917259Z   fetch-depth: 1
2026-10-06T15:48:14.8918190Z   repository: guluchen/DistQLDPC
2026-10-06T15:48:14.8926771Z   token: ***
2026-10-06T15:48:14.8927655Z   ssh-strict: true
2026-10-06T15:48:14.8928549Z   ssh-user: git
2026-10-06T15:48:14.8929467Z   persist-credentials: true
2026-10-06T15:48:14.8930446Z   clean: true
2026-10-06T15:48:14.8931475Z   sparse-checkout-cone-mode: true
2026-10-06T15:48:14.8932551Z   fetch-tags: false
2026-10-06T15:48:14.8933466Z   show-progress: true
2026-10-06T15:48:14.8934431Z   lfs: false
2026-10-06T15:48:14.8935333Z   submodules: false
2026-10-06T15:48:14.8936289Z   set-safe-directory: true
2026-10-06T15:48:14.8937358Z   allow-unsafe-pr-checkout: false
2026-10-06T15:48:14.8938435Z ##[endgroup]
2026-10-06T15:48:14.9829015Z Syncing repository: guluchen/DistQLDPC
2026-10-06T15:48:14.9833957Z ##[group]Getting Git version info
2026-10-06T15:48:14.9836405Z Working directory is '/home/runner/work/DistQLDPC/DistQLDPC/baseline'
2026-10-06T15:48:14.9885308Z [command]/usr/bin/git version
2026-10-06T15:48:14.9931131Z git version 2.55.0
2026-10-06T15:48:14.9957454Z ##[endgroup]
2026-10-06T15:48:14.9969855Z Temporarily overriding HOME='/home/runner/work/_temp/275e4f16-27a5-4781-8468-afce7fca0e96' before making global git config changes
2026-10-06T15:48:14.9974731Z Adding repository directory to the temporary git global config as a safe directory
2026-10-06T15:48:14.9978661Z [command]/usr/bin/git config --global --add safe.directory /home/runner/work/DistQLDPC/DistQLDPC/baseline
2026-10-06T15:48:15.0017582Z ##[group]Determining repository object format
2026-10-06T15:48:15.0020698Z ##[endgroup]
2026-10-06T15:48:15.0023544Z ##[group]Initializing the repository
2026-10-06T15:48:15.0026060Z [command]/usr/bin/git init /home/runner/work/DistQLDPC/DistQLDPC/baseline
2026-10-06T15:48:15.0078069Z hint: Using 'master' as the name for the initial branch. This default branch name
2026-10-06T15:48:15.0081198Z hint: will change to "main" in Git 3.0. To configure the initial branch name
2026-10-06T15:48:15.0085078Z hint: to use in all of your new repositories, which will suppress this warning,
2026-10-06T15:48:15.0087308Z hint: call:
2026-10-06T15:48:15.0088885Z hint:
2026-10-06T15:48:15.0091238Z hint: 	git config --global init.defaultBranch <name>
2026-10-06T15:48:15.0093243Z hint:
2026-10-06T15:48:15.0095216Z hint: Names commonly chosen instead of 'master' are 'main', 'trunk' and
2026-10-06T15:48:15.0097359Z hint: 'development'. The just-created branch can be renamed via this command:
2026-10-06T15:48:15.0100362Z hint:
2026-10-06T15:48:15.0102656Z hint: 	git branch -m <name>
2026-10-06T15:48:15.0104778Z hint:
2026-10-06T15:48:15.0107119Z hint: Disable this message with "git config set advice.defaultBranchName false"
2026-10-06T15:48:15.0111370Z Initialized empty Git repository in /home/runner/work/DistQLDPC/DistQLDPC/baseline/.git/
2026-10-06T15:48:15.0118776Z [command]/usr/bin/git remote add origin https://github.com/guluchen/DistQLDPC
2026-10-06T15:48:15.0138438Z ##[endgroup]
2026-10-06T15:48:15.0141091Z ##[group]Disabling automatic garbage collection
2026-10-06T15:48:15.0143496Z [command]/usr/bin/git config --local gc.auto 0
2026-10-06T15:48:15.0176362Z ##[endgroup]
2026-10-06T15:48:15.0178910Z ##[group]Setting up auth
2026-10-06T15:48:15.0180790Z Removing SSH command configuration
2026-10-06T15:48:15.0183468Z [command]/usr/bin/git config --local --name-only --get-regexp core\.sshCommand
2026-10-06T15:48:15.0221987Z [command]/usr/bin/git submodule foreach --recursive sh -c "git config --local --name-only --get-regexp 'core\.sshCommand' && git config --local --unset-all 'core.sshCommand' || :"
2026-10-06T15:48:15.0477267Z Removing HTTP extra header
2026-10-06T15:48:15.0494718Z [command]/usr/bin/git config --local --name-only --get-regexp http\.https\:\/\/github\.com\/\.extraheader
2026-10-06T15:48:15.0524096Z [command]/usr/bin/git submodule foreach --recursive sh -c "git config --local --name-only --get-regexp 'http\.https\:\/\/github\.com\/\.extraheader' && git config --local --unset-all 'http.https://github.com/.extraheader' || :"
2026-10-06T15:48:15.0780892Z Removing includeIf entries pointing to credentials config files
2026-10-06T15:48:15.0784952Z [command]/usr/bin/git config --local --name-only --get-regexp ^includeIf\.gitdir:
2026-10-06T15:48:15.0835686Z [command]/usr/bin/git submodule foreach --recursive git config --local --show-origin --name-only --get-regexp remote.origin.url
2026-10-06T15:48:15.1085452Z [command]/usr/bin/git config --file /home/runner/work/_temp/git-credentials-91254cca-b484-44e7-98f8-b2ff94c0c78e.config http.https://github.com/.extraheader AUTHORIZATION: basic ***
2026-10-06T15:48:15.1130120Z [command]/usr/bin/git config --local includeIf.gitdir:/home/runner/work/DistQLDPC/DistQLDPC/baseline/.git.path /home/runner/work/_temp/git-credentials-91254cca-b484-44e7-98f8-b2ff94c0c78e.config
2026-10-06T15:48:15.1166348Z [command]/usr/bin/git config --local includeIf.gitdir:/home/runner/work/DistQLDPC/DistQLDPC/baseline/.git/worktrees/*.path /home/runner/work/_temp/git-credentials-91254cca-b484-44e7-98f8-b2ff94c0c78e.config
2026-10-06T15:48:15.1203850Z [command]/usr/bin/git config --local includeIf.gitdir:/github/workspace/baseline/.git.path /github/runner_temp/git-credentials-91254cca-b484-44e7-98f8-b2ff94c0c78e.config
2026-10-06T15:48:15.1240739Z [command]/usr/bin/git config --local includeIf.gitdir:/github/workspace/baseline/.git/worktrees/*.path /github/runner_temp/git-credentials-91254cca-b484-44e7-98f8-b2ff94c0c78e.config
2026-10-06T15:48:15.1273610Z ##[endgroup]
2026-10-06T15:48:15.1275181Z ##[group]Fetching the repository
2026-10-06T15:48:15.1280159Z [command]/usr/bin/git -c protocol.version=2 fetch --no-tags --prune --no-recurse-submodules --depth=1 origin 24572d6d09cce9a4a5faa58300a89e0feba9da6a
2026-10-06T15:48:15.5443284Z From https://github.com/guluchen/DistQLDPC
2026-10-06T15:48:15.5445678Z  * branch            24572d6d09cce9a4a5faa58300a89e0feba9da6a -> FETCH_HEAD
2026-10-06T15:48:15.5454775Z [command]/usr/bin/git rev-parse --verify --quiet 24572d6d09cce9a4a5faa58300a89e0feba9da6a^{object}
2026-10-06T15:48:15.5485987Z 24572d6d09cce9a4a5faa58300a89e0feba9da6a
2026-10-06T15:48:15.5490282Z ##[endgroup]
2026-10-06T15:48:15.5490919Z ##[group]Determining the checkout info
2026-10-06T15:48:15.5491813Z ##[endgroup]
2026-10-06T15:48:15.5497148Z [command]/usr/bin/git sparse-checkout disable
2026-10-06T15:48:15.5546395Z [command]/usr/bin/git config --local --unset-all extensions.worktreeConfig
2026-10-06T15:48:15.5582218Z ##[group]Checking out the ref
2026-10-06T15:48:15.5588734Z [command]/usr/bin/git checkout --progress --force 24572d6d09cce9a4a5faa58300a89e0feba9da6a
2026-10-06T15:48:15.6157830Z Note: switching to '24572d6d09cce9a4a5faa58300a89e0feba9da6a'.
2026-10-06T15:48:15.6158587Z 
2026-10-06T15:48:15.6159162Z You are in 'detached HEAD' state. You can look around, make experimental
2026-10-06T15:48:15.6159942Z changes and commit them, and you can discard any commits you make in this
2026-10-06T15:48:15.6160723Z state without impacting any branches by switching back to a branch.
2026-10-06T15:48:15.6161126Z 
2026-10-06T15:48:15.6161643Z If you want to create a new branch to retain commits you create, you may
2026-10-06T15:48:15.6162338Z do so (now or later) by using -c with the switch command. Example:
2026-10-06T15:48:15.6162715Z 
2026-10-06T15:48:15.6162896Z   git switch -c <new-branch-name>
2026-10-06T15:48:15.6163193Z 
2026-10-06T15:48:15.6163363Z Or undo this operation with:
2026-10-06T15:48:15.6163607Z 
2026-10-06T15:48:15.6163749Z   git switch -
2026-10-06T15:48:15.6164271Z 
2026-10-06T15:48:15.6164619Z Turn off this advice by setting config variable advice.detachedHead to false
2026-10-06T15:48:15.6165076Z 
2026-10-06T15:48:15.6165409Z HEAD is now at 24572d6 Point CI smoke at LP_34_20_2 after the QDistSAT rename.
2026-10-06T15:48:15.6179337Z ##[endgroup]
2026-10-06T15:48:15.6231729Z [command]/usr/bin/git log -1 --format=%H
2026-10-06T15:48:15.6264216Z 24572d6d09cce9a4a5faa58300a89e0feba9da6a
2026-10-06T15:48:15.6465837Z ##[group]Run actions/checkout@v7
2026-10-06T15:48:15.6466212Z with:
2026-10-06T15:48:15.6466468Z   repository: guluchen/QDistSAT
2026-10-06T15:48:15.6466760Z   ref: main
2026-10-06T15:48:15.6466990Z   path: qdistsat
2026-10-06T15:48:15.6467276Z   fetch-depth: 1
2026-10-06T15:48:15.6469608Z   token: ***
2026-10-06T15:48:15.6469873Z   ssh-strict: true
2026-10-06T15:48:15.6470128Z   ssh-user: git
2026-10-06T15:48:15.6470389Z   persist-credentials: true
2026-10-06T15:48:15.6470666Z   clean: true
2026-10-06T15:48:15.6470930Z   sparse-checkout-cone-mode: true
2026-10-06T15:48:15.6471250Z   fetch-tags: false
2026-10-06T15:48:15.6471906Z   show-progress: true
2026-10-06T15:48:15.6472190Z   lfs: false
2026-10-06T15:48:15.6472438Z   submodules: false
2026-10-06T15:48:15.6472701Z   set-safe-directory: true
2026-10-06T15:48:15.6473001Z   allow-unsafe-pr-checkout: false
2026-10-06T15:48:15.6473297Z ##[endgroup]
2026-10-06T15:48:15.7399092Z Syncing repository: guluchen/QDistSAT
2026-10-06T15:48:15.7400727Z ##[group]Getting Git version info
2026-10-06T15:48:15.7402407Z Working directory is '/home/runner/work/DistQLDPC/DistQLDPC/qdistsat'
2026-10-06T15:48:15.7444687Z [command]/usr/bin/git version
2026-10-06T15:48:15.7494644Z git version 2.55.0
2026-10-06T15:48:15.7523341Z ##[endgroup]
2026-10-06T15:48:15.7539003Z Temporarily overriding HOME='/home/runner/work/_temp/81e16e89-53b2-4960-bd7e-6e4f86ed1dc9' before making global git config changes
2026-10-06T15:48:15.7541024Z Adding repository directory to the temporary git global config as a safe directory
2026-10-06T15:48:15.7582910Z [command]/usr/bin/git config --global --add safe.directory /home/runner/work/DistQLDPC/DistQLDPC/qdistsat
2026-10-06T15:48:15.7603023Z ##[group]Determining repository object format
2026-10-06T15:48:17.0060859Z ##[endgroup]
2026-10-06T15:48:17.0062408Z ##[group]Initializing the repository
2026-10-06T15:48:17.0069851Z [command]/usr/bin/git init /home/runner/work/DistQLDPC/DistQLDPC/qdistsat
2026-10-06T15:48:17.0129132Z hint: Using 'master' as the name for the initial branch. This default branch name
2026-10-06T15:48:17.0151589Z hint: will change to "main" in Git 3.0. To configure the initial branch name
2026-10-06T15:48:17.0153128Z hint: to use in all of your new repositories, which will suppress this warning,
2026-10-06T15:48:17.0154294Z hint: call:
2026-10-06T15:48:17.0154935Z hint:
2026-10-06T15:48:17.0155679Z hint: 	git config --global init.defaultBranch <name>
2026-10-06T15:48:17.0156597Z hint:
2026-10-06T15:48:17.0157468Z hint: Names commonly chosen instead of 'master' are 'main', 'trunk' and
2026-10-06T15:48:17.0158977Z hint: 'development'. The just-created branch can be renamed via this command:
2026-10-06T15:48:17.0160070Z hint:
2026-10-06T15:48:17.0160724Z hint: 	git branch -m <name>
2026-10-06T15:48:17.0161633Z hint:
2026-10-06T15:48:17.0162687Z hint: Disable this message with "git config set advice.defaultBranchName false"
2026-10-06T15:48:17.0164266Z Initialized empty Git repository in /home/runner/work/DistQLDPC/DistQLDPC/qdistsat/.git/
2026-10-06T15:48:17.0166955Z [command]/usr/bin/git remote add origin https://github.com/guluchen/QDistSAT
2026-10-06T15:48:17.0193390Z ##[endgroup]
2026-10-06T15:48:17.0194539Z ##[group]Disabling automatic garbage collection
2026-10-06T15:48:17.0202117Z [command]/usr/bin/git config --local gc.auto 0
2026-10-06T15:48:17.0247513Z ##[endgroup]
2026-10-06T15:48:17.0248579Z ##[group]Setting up auth
2026-10-06T15:48:17.0249554Z Removing SSH command configuration
2026-10-06T15:48:17.0264089Z [command]/usr/bin/git config --local --name-only --get-regexp core\.sshCommand
2026-10-06T15:48:17.0312446Z [command]/usr/bin/git submodule foreach --recursive sh -c "git config --local --name-only --get-regexp 'core\.sshCommand' && git config --local --unset-all 'core.sshCommand' || :"
2026-10-06T15:48:17.0563537Z Removing HTTP extra header
2026-10-06T15:48:17.0569119Z [command]/usr/bin/git config --local --name-only --get-regexp http\.https\:\/\/github\.com\/\.extraheader
2026-10-06T15:48:17.0618883Z [command]/usr/bin/git submodule foreach --recursive sh -c "git config --local --name-only --get-regexp 'http\.https\:\/\/github\.com\/\.extraheader' && git config --local --unset-all 'http.https://github.com/.extraheader' || :"
2026-10-06T15:48:17.0846660Z Removing includeIf entries pointing to credentials config files
2026-10-06T15:48:17.0852071Z [command]/usr/bin/git config --local --name-only --get-regexp ^includeIf\.gitdir:
2026-10-06T15:48:17.0891766Z [command]/usr/bin/git submodule foreach --recursive git config --local --show-origin --name-only --get-regexp remote.origin.url
2026-10-06T15:48:17.1128092Z [command]/usr/bin/git config --file /home/runner/work/_temp/git-credentials-4fccf980-b1e5-4b61-abe2-8fd58c9b8d57.config http.https://github.com/.extraheader AUTHORIZATION: basic ***
2026-10-06T15:48:17.1174300Z [command]/usr/bin/git config --local includeIf.gitdir:/home/runner/work/DistQLDPC/DistQLDPC/qdistsat/.git.path /home/runner/work/_temp/git-credentials-4fccf980-b1e5-4b61-abe2-8fd58c9b8d57.config
2026-10-06T15:48:17.1212921Z [command]/usr/bin/git config --local includeIf.gitdir:/home/runner/work/DistQLDPC/DistQLDPC/qdistsat/.git/worktrees/*.path /home/runner/work/_temp/git-credentials-4fccf980-b1e5-4b61-abe2-8fd58c9b8d57.config
2026-10-06T15:48:17.1251621Z [command]/usr/bin/git config --local includeIf.gitdir:/github/workspace/qdistsat/.git.path /github/runner_temp/git-credentials-4fccf980-b1e5-4b61-abe2-8fd58c9b8d57.config
2026-10-06T15:48:17.1291966Z [command]/usr/bin/git config --local includeIf.gitdir:/github/workspace/qdistsat/.git/worktrees/*.path /github/runner_temp/git-credentials-4fccf980-b1e5-4b61-abe2-8fd58c9b8d57.config
2026-10-06T15:48:17.1327406Z ##[endgroup]
2026-10-06T15:48:17.1327977Z ##[group]Fetching the repository
2026-10-06T15:48:17.1335227Z [command]/usr/bin/git -c protocol.version=2 fetch --no-tags --prune --no-recurse-submodules --depth=1 origin +refs/heads/main*:refs/remotes/origin/main* +refs/tags/main*:refs/tags/main*
2026-10-06T15:48:17.6990246Z From https://github.com/guluchen/QDistSAT
2026-10-06T15:48:17.6990908Z  * [new branch]      main       -> origin/main
2026-10-06T15:48:17.7014320Z ##[endgroup]
2026-10-06T15:48:17.7015174Z ##[group]Determining the checkout info
2026-10-06T15:48:17.7015990Z [command]/usr/bin/git branch --list --remote origin/main
2026-10-06T15:48:17.7037133Z   origin/main
2026-10-06T15:48:17.7041944Z ##[endgroup]
2026-10-06T15:48:17.7046589Z [command]/usr/bin/git sparse-checkout disable
2026-10-06T15:48:17.7097059Z [command]/usr/bin/git config --local --unset-all extensions.worktreeConfig
2026-10-06T15:48:17.7135375Z ##[group]Checking out the ref
2026-10-06T15:48:17.7139563Z [command]/usr/bin/git checkout --progress --force -B main refs/remotes/origin/main
2026-10-06T15:48:17.7482265Z Switched to a new branch 'main'
2026-10-06T15:48:17.7484285Z branch 'main' set up to track 'origin/main'.
2026-10-06T15:48:17.7498156Z ##[endgroup]
2026-10-06T15:48:17.7548578Z [command]/usr/bin/git log -1 --format=%H
2026-10-06T15:48:17.7582844Z 7c4774fffc49856f48a22ae5f9063d00b2661aaa
2026-10-06T15:48:17.7722167Z ##[group]Run sudo apt-get update
2026-10-06T15:48:17.7722512Z [36;1msudo apt-get update[0m
2026-10-06T15:48:17.7722835Z [36;1msudo apt-get install --yes build-essential zlib1g-dev[0m
2026-10-06T15:48:17.7789626Z shell: /usr/bin/bash -e {0}
2026-10-06T15:48:17.7789883Z ##[endgroup]
2026-10-06T15:48:17.8660727Z Get:1 file:/etc/apt/apt-mirrors.txt Mirrorlist [144 B]
2026-10-06T15:48:17.8941795Z Get:6 https://packages.microsoft.com/ubuntu/24.04/prod noble InRelease [3600 B]
2026-10-06T15:48:17.9049934Z Hit:2 http://azure.archive.ubuntu.com/ubuntu noble InRelease
2026-10-06T15:48:17.9066660Z Get:3 http://azure.archive.ubuntu.com/ubuntu noble-updates InRelease [126 kB]
2026-10-06T15:48:17.9123065Z Get:4 http://azure.archive.ubuntu.com/ubuntu noble-backports InRelease [126 kB]
2026-10-06T15:48:17.9222302Z Get:5 http://azure.archive.ubuntu.com/ubuntu noble-security InRelease [126 kB]
2026-10-06T15:48:17.9893286Z Get:7 https://packages.microsoft.com/ubuntu/24.04/prod noble/main arm64 Packages [458 kB]
2026-10-06T15:48:18.0142793Z Get:8 https://packages.microsoft.com/ubuntu/24.04/prod noble/main armhf Packages [12.6 kB]
2026-10-06T15:48:18.0154099Z Get:9 https://packages.microsoft.com/ubuntu/24.04/prod noble/main amd64 Packages [515 kB]
2026-10-06T15:48:18.1149847Z Get:10 http://azure.archive.ubuntu.com/ubuntu noble-updates/main amd64 Packages [1374 kB]
2026-10-06T15:48:18.1230338Z Get:11 http://azure.archive.ubuntu.com/ubuntu noble-updates/main Translation-en [306 kB]
2026-10-06T15:48:18.1255440Z Get:12 http://azure.archive.ubuntu.com/ubuntu noble-updates/main amd64 Components [181 kB]
2026-10-06T15:48:18.1302528Z Get:13 http://azure.archive.ubuntu.com/ubuntu noble-updates/universe amd64 Packages [1700 kB]
2026-10-06T15:48:18.1392498Z Get:14 http://azure.archive.ubuntu.com/ubuntu noble-updates/universe Translation-en [341 kB]
2026-10-06T15:48:18.1422163Z Get:15 http://azure.archive.ubuntu.com/ubuntu noble-updates/universe amd64 Components [388 kB]
2026-10-06T15:48:18.1442695Z Get:16 http://azure.archive.ubuntu.com/ubuntu noble-updates/restricted amd64 Packages [1730 kB]
2026-10-06T15:48:18.1562604Z Get:17 http://azure.archive.ubuntu.com/ubuntu noble-updates/restricted Translation-en [396 kB]
2026-10-06T15:48:18.1594370Z Get:18 http://azure.archive.ubuntu.com/ubuntu noble-updates/multiverse Translation-en [13.3 kB]
2026-10-06T15:48:18.1604103Z Get:19 http://azure.archive.ubuntu.com/ubuntu noble-updates/multiverse amd64 Components [940 B]
2026-10-06T15:48:18.2226546Z Get:20 http://azure.archive.ubuntu.com/ubuntu noble-backports/main amd64 Components [5764 B]
2026-10-06T15:48:18.2240840Z Get:21 http://azure.archive.ubuntu.com/ubuntu noble-backports/universe amd64 Components [12.6 kB]
2026-10-06T15:48:18.2324932Z Get:22 http://azure.archive.ubuntu.com/ubuntu noble-security/main amd64 Packages [1072 kB]
2026-10-06T15:48:18.2385234Z Get:23 http://azure.archive.ubuntu.com/ubuntu noble-security/main Translation-en [222 kB]
2026-10-06T15:48:18.2406764Z Get:24 http://azure.archive.ubuntu.com/ubuntu noble-security/main amd64 Components [46.4 kB]
2026-10-06T15:48:18.2422140Z Get:25 http://azure.archive.ubuntu.com/ubuntu noble-security/universe amd64 Packages [1216 kB]
2026-10-06T15:48:18.2486642Z Get:26 http://azure.archive.ubuntu.com/ubuntu noble-security/universe Translation-en [244 kB]
2026-10-06T15:48:18.2508025Z Get:27 http://azure.archive.ubuntu.com/ubuntu noble-security/universe amd64 Components [76.3 kB]
2026-10-06T15:48:18.2528717Z Get:28 http://azure.archive.ubuntu.com/ubuntu noble-security/restricted amd64 Packages [1566 kB]
2026-10-06T15:48:18.2625889Z Get:29 http://azure.archive.ubuntu.com/ubuntu noble-security/restricted Translation-en [361 kB]
2026-10-06T15:48:22.6785582Z Fetched 12.6 MB in 1s (9036 kB/s)
2026-10-06T15:48:23.5597548Z Reading package lists...
2026-10-06T15:48:23.5929848Z Reading package lists...
2026-10-06T15:48:23.8090164Z Building dependency tree...
2026-10-06T15:48:23.8097452Z Reading state information...
2026-10-06T15:48:23.9863734Z zlib1g-dev is already the newest version (1:1.3.dfsg-3.1ubuntu2.2).
2026-10-06T15:48:23.9864206Z The following NEW packages will be installed:
2026-10-06T15:48:23.9869792Z   build-essential
2026-10-06T15:48:24.0040915Z 0 upgraded, 1 newly installed, 0 to remove and 29 not upgraded.
2026-10-06T15:48:24.0041808Z Need to get 4928 B of archives.
2026-10-06T15:48:24.0042430Z After this operation, 17.4 kB of additional disk space will be used.
2026-10-06T15:48:24.0043196Z Get:1 file:/etc/apt/apt-mirrors.txt Mirrorlist [144 B]
2026-10-06T15:48:24.1129056Z Get:2 http://azure.archive.ubuntu.com/ubuntu noble/main amd64 build-essential amd64 12.10ubuntu1 [4928 B]
2026-10-06T15:48:24.3772441Z Fetched 4928 B in 0s (41.3 kB/s)
2026-10-06T15:48:24.4015668Z Selecting previously unselected package build-essential.
2026-10-06T15:48:24.4301682Z (Reading database ... 
2026-10-06T15:48:24.4302434Z (Reading database ... 5%
2026-10-06T15:48:24.4302716Z (Reading database ... 10%
2026-10-06T15:48:24.4303108Z (Reading database ... 15%
2026-10-06T15:48:24.4303429Z (Reading database ... 20%
2026-10-06T15:48:24.4303650Z (Reading database ... 25%
2026-10-06T15:48:24.4303862Z (Reading database ... 30%
2026-10-06T15:48:24.4304074Z (Reading database ... 35%
2026-10-06T15:48:24.4304285Z (Reading database ... 40%
2026-10-06T15:48:24.4304497Z (Reading database ... 45%
2026-10-06T15:48:24.4304709Z (Reading database ... 50%
2026-10-06T15:48:24.4345348Z (Reading database ... 55%
2026-10-06T15:48:24.5583382Z (Reading database ... 60%
2026-10-06T15:48:24.7637777Z (Reading database ... 65%
2026-10-06T15:48:24.9553125Z (Reading database ... 70%
2026-10-06T15:48:25.1585181Z (Reading database ... 75%
2026-10-06T15:48:25.3183207Z (Reading database ... 80%
2026-10-06T15:48:25.5092839Z (Reading database ... 85%
2026-10-06T15:48:25.8483085Z (Reading database ... 90%
2026-10-06T15:48:26.0180691Z (Reading database ... 95%
2026-10-06T15:48:26.0181321Z (Reading database ... 100%
2026-10-06T15:48:26.0182183Z (Reading database ... 202296 files and directories currently installed.)
2026-10-06T15:48:26.0223563Z Preparing to unpack .../build-essential_12.10ubuntu1_amd64.deb ...
2026-10-06T15:48:26.0257032Z Unpacking build-essential (12.10ubuntu1) ...
2026-10-06T15:48:26.0627376Z Setting up build-essential (12.10ubuntu1) ...
2026-10-06T15:48:26.6954106Z 
2026-10-06T15:48:26.6954639Z Running kernel seems to be up-to-date.
2026-10-06T15:48:26.6955050Z 
2026-10-06T15:48:26.6955222Z No services need to be restarted.
2026-10-06T15:48:26.6955514Z 
2026-10-06T15:48:26.6955632Z No containers need to be restarted.
2026-10-06T15:48:26.6955848Z 
2026-10-06T15:48:26.6955998Z No user sessions are running outdated binaries.
2026-10-06T15:48:26.6956287Z 
2026-10-06T15:48:26.6956521Z No VM guests are running outdated hypervisor (qemu) binaries on this host.
2026-10-06T15:48:27.6428538Z ##[group]Run set -euo pipefail
2026-10-06T15:48:27.6428874Z [36;1mset -euo pipefail[0m
2026-10-06T15:48:27.6429143Z [36;1mmake -C baseline --jobs="$(nproc)"[0m
2026-10-06T15:48:27.6429451Z [36;1mmake -C candidate --jobs="$(nproc)"[0m
2026-10-06T15:48:27.6490969Z shell: /usr/bin/bash --noprofile --norc -e -o pipefail {0}
2026-10-06T15:48:27.6491314Z ##[endgroup]
2026-10-06T15:48:27.6719638Z make: Entering directory '/home/runner/work/DistQLDPC/DistQLDPC/baseline'
2026-10-06T15:48:27.6732434Z g++ -Isrc/solver -Wall -Wno-parentheses -O3 -g -D __STDC_LIMIT_MACROS -D __STDC_FORMAT_MACROS -DNDEBUG -c -o build/SimpSolver.o src/solver/SimpSolver.cc
2026-10-06T15:48:27.6792166Z g++ -Isrc/solver -Wall -Wno-parentheses -O3 -g -D __STDC_LIMIT_MACROS -D __STDC_FORMAT_MACROS -DNDEBUG -c -o build/Solver.o src/solver/Solver.cc
2026-10-06T15:48:27.6795799Z g++ -Isrc/solver -Wall -Wno-parentheses -O3 -g -D __STDC_LIMIT_MACROS -D __STDC_FORMAT_MACROS -DNDEBUG -c -o build/Options.o src/solver/utils/Options.cc
2026-10-06T15:48:27.6799104Z g++ -Isrc/solver -Wall -Wno-parentheses -O3 -g -D __STDC_LIMIT_MACROS -D __STDC_FORMAT_MACROS -DNDEBUG -c -o build/System.o src/solver/utils/System.cc
2026-10-06T15:48:28.3251025Z In file included from src/solver/Solver.h:53,
2026-10-06T15:48:28.3251565Z                  from src/solver/Solver.cc:107:
2026-10-06T15:48:28.3252251Z src/solver/utils/Options.h:285:29: warning: invalid suffix on literal; C++11 requires a space between literal and string macro [-Wliteral-suffix]
2026-10-06T15:48:28.3252927Z   285 |             fprintf(stderr, "%4"PRIi64, range.begin);
2026-10-06T15:48:28.3253240Z       |                             ^
2026-10-06T15:48:28.3253834Z src/solver/utils/Options.h:291:29: warning: invalid suffix on literal; C++11 requires a space between literal and string macro [-Wliteral-suffix]
2026-10-06T15:48:28.3254795Z   291 |             fprintf(stderr, "%4"PRIi64, range.end);
2026-10-06T15:48:28.3255084Z       |                             ^
2026-10-06T15:48:28.3255657Z src/solver/utils/Options.h:293:25: warning: invalid suffix on literal; C++11 requires a space between literal and string macro [-Wliteral-suffix]
2026-10-06T15:48:28.3256304Z   293 |         fprintf(stderr, "] (default: %"PRIi64")\n", value);
2026-10-06T15:48:28.3256844Z       |                         ^
2026-10-06T15:48:28.3276978Z In file included from src/solver/utils/Options.cc:21:
2026-10-06T15:48:28.3278569Z src/solver/utils/Options.h:285:29: warning: invalid suffix on literal; C++11 requires a space between literal and string macro [-Wliteral-suffix]
2026-10-06T15:48:28.3282643Z   285 |             fprintf(stderr, "%4"PRIi64, range.begin);
2026-10-06T15:48:28.3283313Z       |                             ^
2026-10-06T15:48:28.3284349Z src/solver/utils/Options.h:291:29: warning: invalid suffix on literal; C++11 requires a space between literal and string macro [-Wliteral-suffix]
2026-10-06T15:48:28.3285391Z   291 |             fprintf(stderr, "%4"PRIi64, range.end);
2026-10-06T15:48:28.3285719Z       |                             ^
2026-10-06T15:48:28.3286311Z src/solver/utils/Options.h:293:25: warning: invalid suffix on literal; C++11 requires a space between literal and string macro [-Wliteral-suffix]
2026-10-06T15:48:28.3286962Z   293 |         fprintf(stderr, "] (default: %"PRIi64")\n", value);
2026-10-06T15:48:28.3287276Z       |                         ^
2026-10-06T15:48:28.3287768Z In file included from src/solver/Solver.h:53,
2026-10-06T15:48:28.3288423Z                  from src/solver/SimpSolver.h:37,
2026-10-06T15:48:28.3289058Z                  from src/solver/SimpSolver.cc:34:
2026-10-06T15:48:28.3290131Z src/solver/utils/Options.h:285:29: warning: invalid suffix on literal; C++11 requires a space between literal and string macro [-Wliteral-suffix]
2026-10-06T15:48:28.3290975Z   285 |             fprintf(stderr, "%4"PRIi64, range.begin);
2026-10-06T15:48:28.3291784Z       |                             ^
2026-10-06T15:48:28.3293356Z src/solver/utils/Options.h:291:29: warning: invalid suffix on literal; C++11 requires a space between literal and string macro [-Wliteral-suffix]
2026-10-06T15:48:28.3294392Z   291 |             fprintf(stderr, "%4"PRIi64, range.end);
2026-10-06T15:48:28.3295162Z       |                             ^
2026-10-06T15:48:28.3296148Z src/solver/utils/Options.h:293:25: warning: invalid suffix on literal; C++11 requires a space between literal and string macro [-Wliteral-suffix]
2026-10-06T15:48:28.3296798Z   293 |         fprintf(stderr, "] (default: %"PRIi64")\n", value);
2026-10-06T15:48:28.3297114Z       |                         ^
2026-10-06T15:48:28.5274141Z src/solver/Solver.h: In constructor ‘Minisat::Solver::Solver()’:
2026-10-06T15:48:28.5276289Z src/solver/Solver.h:480:15: warning: ‘Minisat::Solver::my_var_decay’ will be initialized after [-Wreorder]
2026-10-06T15:48:28.5277655Z   480 |     double    my_var_decay;
2026-10-06T15:48:28.5278506Z       |               ^~~~~~~~~~~~
2026-10-06T15:48:28.5280211Z src/solver/Solver.h:293:42: warning:   ‘Minisat::Heap<Minisat::Solver::VarOrderLt> Minisat::Solver::order_heap_distance’ [-Wreorder]
2026-10-06T15:48:28.5281929Z   293 |                         order_heap_VSIDS,order_heap_distance;
2026-10-06T15:48:28.5283583Z       |                                          ^~~~~~~~~~~~~~~~~~~
2026-10-06T15:48:28.5284670Z src/solver/Solver.cc:143:1: warning:   when initialized here [-Wreorder]
2026-10-06T15:48:28.5286464Z   143 | Solver::Solver() :
2026-10-06T15:48:28.5287115Z       | ^~~~~~
2026-10-06T15:48:28.5288407Z src/solver/Solver.h:514:14: warning: ‘Minisat::Solver::lastOptimalCost’ will be initialized after [-Wreorder]
2026-10-06T15:48:28.5289630Z   514 |     uint64_t lastOptimalCost;
2026-10-06T15:48:28.5290353Z       |              ^~~~~~~~~~~~~~~
2026-10-06T15:48:28.5291907Z src/solver/Solver.h:513:40: warning:   ‘uint64_t Minisat::Solver::totalWeight’ [-Wreorder]
2026-10-06T15:48:28.5293554Z   513 |     uint64_t hardWeight, solutionCost, totalWeight, UB;
2026-10-06T15:48:28.5294483Z       |                                        ^~~~~~~~~~~
2026-10-06T15:48:28.5295628Z src/solver/Solver.cc:143:1: warning:   when initialized here [-Wreorder]
2026-10-06T15:48:28.5296555Z   143 | Solver::Solver() :
2026-10-06T15:48:28.5297133Z       | ^~~~~~
2026-10-06T15:48:28.5298383Z src/solver/Solver.h:707:25: warning: ‘Minisat::Solver::orderHeapAuxi’ will be initialized after [-Wreorder]
2026-10-06T15:48:28.5299575Z   707 |     Heap<VarOrderGt>    orderHeapAuxi;
2026-10-06T15:48:28.5300331Z       |                         ^~~~~~~~~~~~~
2026-10-06T15:48:28.5301968Z src/solver/Solver.h:619:25: warning:   ‘int Minisat::Solver::tier2_lbd_cut’ [-Wreorder]
2026-10-06T15:48:28.5303059Z   619 |     int                 tier2_lbd_cut;
2026-10-06T15:48:28.5303825Z       |                         ^~~~~~~~~~~~~
2026-10-06T15:48:28.5304763Z src/solver/Solver.cc:143:1: warning:   when initialized here [-Wreorder]
2026-10-06T15:48:28.5305771Z   143 | Solver::Solver() :
2026-10-06T15:48:28.5306370Z       | ^~~~~~
2026-10-06T15:48:28.5307633Z src/solver/Solver.h:663:9: warning: ‘Minisat::Solver::cardinalityEncMode’ will be initialized after [-Wreorder]
2026-10-06T15:48:28.5308822Z   663 |     int cardinalityEncMode;
2026-10-06T15:48:28.5309539Z       |         ^~~~~~~~~~~~~~~~~~
2026-10-06T15:48:28.5310770Z src/solver/Solver.h:644:14: warning:   ‘uint64_t Minisat::Solver::quasiSoftConflicts’ [-Wreorder]
2026-10-06T15:48:28.5312200Z   644 |     uint64_t quasiSoftConflicts;
2026-10-06T15:48:28.5312938Z       |              ^~~~~~~~~~~~~~~~~~
2026-10-06T15:48:28.5313814Z src/solver/Solver.cc:143:1: warning:   when initialized here [-Wreorder]
2026-10-06T15:48:28.5314783Z   143 | Solver::Solver() :
2026-10-06T15:48:28.5315440Z       | ^~~~~~
2026-10-06T15:48:28.5316727Z src/solver/Solver.h:696:14: warning: ‘Minisat::Solver::nbFixedByLH’ will be initialized after [-Wreorder]
2026-10-06T15:48:28.5317940Z   696 |     uint64_t nbFixedByLH;
2026-10-06T15:48:28.5318640Z       |              ^~~~~~~~~~~
2026-10-06T15:48:28.5320195Z src/solver/Solver.h:562:10: warning:   ‘bool Minisat::Solver::bestSolutionFound’ [-Wreorder]
2026-10-06T15:48:28.5321358Z   562 |     bool bestSolutionFound;
2026-10-06T15:48:28.5322309Z       |          ^~~~~~~~~~~~~~~~~
2026-10-06T15:48:28.5323227Z src/solver/Solver.cc:143:1: warning:   when initialized here [-Wreorder]
2026-10-06T15:48:28.5324198Z   143 | Solver::Solver() :
2026-10-06T15:48:28.5324860Z       | ^~~~~~
2026-10-06T15:48:28.5327759Z src/solver/Solver.h:564:9: warning: ‘Minisat::Solver::nbSatLitsAtStart’ will be initialized after [-Wreorder]
2026-10-06T15:48:28.5329057Z   564 |     int nbSatLitsAtStart;
2026-10-06T15:48:28.5329809Z       |         ^~~~~~~~~~~~~~~~
2026-10-06T15:48:28.5331067Z src/solver/Solver.h:560:9: warning:   ‘int Minisat::Solver::bounds_pipe_w’ [-Wreorder]
2026-10-06T15:48:28.5332591Z   560 |     int bounds_pipe_w;
2026-10-06T15:48:28.5333298Z       |         ^~~~~~~~~~~~~
2026-10-06T15:48:28.5334177Z src/solver/Solver.cc:143:1: warning:   when initialized here [-Wreorder]
2026-10-06T15:48:28.5335161Z   143 | Solver::Solver() :
2026-10-06T15:48:28.5335843Z       | ^~~~~~
2026-10-06T15:48:28.5378236Z src/solver/Solver.cc: In member function ‘Minisat::CRef Minisat::Solver::simplePropagate()’:
2026-10-06T15:48:28.5379974Z src/solver/Solver.cc:316:27: warning: comparison of integer expressions of different signedness: ‘unsigned int’ and ‘int’ [-Wsign-compare]
2026-10-06T15:48:28.5381156Z   316 |         if (c.lastPoint() > c.size())
2026-10-06T15:48:28.5381935Z       |             ~~~~~~~~~~~~~~^~~~~~~~~~
2026-10-06T15:48:28.5383296Z src/solver/Solver.cc:335:27: warning: comparison of integer expressions of different signedness: ‘int’ and ‘unsigned int’ [-Wsign-compare]
2026-10-06T15:48:28.5384508Z   335 |         for (int k = 2; k < c.lastPoint(); k++) {
2026-10-06T15:48:28.5385089Z       |                         ~~^~~~~~~~~~~~~~~
2026-10-06T15:48:28.5388412Z src/solver/Solver.cc:381:63: warning: comparison of integer expressions of different signedness: ‘int’ and ‘uint64_t’ {aka ‘long unsigned int’} [-Wsign-compare]
2026-10-06T15:48:28.5390270Z   381 |     if (confl == CRef_Undef && falseLits.size() + rootNbIsets >= UB)
2026-10-06T15:48:28.5394383Z       |                                ~~~~~~~~~~~~~~~~~~~~~~~~~~~~~~~^~~~~
2026-10-06T15:48:28.5440139Z src/solver/Solver.cc: In member function ‘bool Minisat::Solver::simplifyLearnt_core()’:
2026-10-06T15:48:28.5443433Z src/solver/Solver.cc:787:34: warning: comparison of integer expressions of different signedness: ‘unsigned int’ and ‘int’ [-Wsign-compare]
2026-10-06T15:48:28.5445751Z   787 |                     if (nblevels < c.lbd()){
2026-10-06T15:48:28.5446650Z       |                         ~~~~~~~~~^~~~~~~~~
2026-10-06T15:48:28.5448013Z src/solver/Solver.cc:721:9: warning: unused variable ‘learnts_core_size_before’ [-Wunused-variable]
2026-10-06T15:48:28.5449078Z   721 |     int learnts_core_size_before = learnts_core.size();
2026-10-06T15:48:28.5449720Z       |         ^~~~~~~~~~~~~~~~~~~~~~~~
2026-10-06T15:48:28.5455107Z src/solver/Solver.cc: In member function ‘bool Minisat::Solver::simplifyLearnt_tier2()’:
2026-10-06T15:48:28.5456754Z src/solver/Solver.cc:895:34: warning: comparison of integer expressions of different signedness: ‘unsigned int’ and ‘int’ [-Wsign-compare]
2026-10-06T15:48:28.5457899Z   895 |                     if (nblevels < c.lbd()){
2026-10-06T15:48:28.5458422Z       |                         ~~~~~~~~~^~~~~~~~~
2026-10-06T15:48:28.5459502Z src/solver/Solver.cc:823:9: warning: unused variable ‘learnts_tier2_size_before’ [-Wunused-variable]
2026-10-06T15:48:28.5460517Z   823 |     int learnts_tier2_size_before = learnts_tier2.size();
2026-10-06T15:48:28.5461132Z       |         ^~~~~~~~~~~~~~~~~~~~~~~~~
2026-10-06T15:48:28.5462437Z src/solver/Solver.cc:828:9: warning: variable ‘limit’ set but not used [-Wunused-but-set-variable]
2026-10-06T15:48:28.5463328Z   828 |     int limit;
2026-10-06T15:48:28.5463736Z       |         ^~~~~
2026-10-06T15:48:28.5673894Z src/solver/Solver.cc: In member function ‘bool Minisat::Solver::failedLiteralDetection()’:
2026-10-06T15:48:28.5675918Z src/solver/Solver.cc:1038:100: warning: format ‘%llu’ expects argument of type ‘long long unsigned int’, but argument 7 has type ‘uint64_t’ {aka ‘long unsigned int’} [-Wformat=]
2026-10-06T15:48:28.5677627Z  1038 |   printf("c nbFailedLits %d, nbI %d, fixedVarsByFL %d, totalFixedVars %d, nbTested: %d, counter %llu\n",
2026-10-06T15:48:28.5678666Z       |                                                                                                 ~~~^
2026-10-06T15:48:28.5679408Z       |                                                                                                    |
2026-10-06T15:48:28.5680228Z       |                                                                                                    long long unsigned int
2026-10-06T15:48:28.5681034Z       |                                                                                                 %lu
2026-10-06T15:48:28.5682291Z  1039 |          nbFailedLits, nbI, trail.size()-initTrail, trail.size(), nbTested, counter);
2026-10-06T15:48:28.5683198Z       |                                                                             ~~~~~~~                 
2026-10-06T15:48:28.5683887Z       |                                                                             |
2026-10-06T15:48:28.5684640Z       |                                                                             uint64_t {aka long unsigned int}
2026-10-06T15:48:28.5701021Z src/solver/Solver.cc: In member function ‘bool Minisat::Solver::simplifyOriginalClauses()’:
2026-10-06T15:48:28.5703566Z src/solver/Solver.cc:1179:40: warning: format ‘%llu’ expects argument of type ‘long long unsigned int’, but argument 2 has type ‘uint64_t’ {aka ‘long unsigned int’} [-Wformat=]
2026-10-06T15:48:28.5705500Z  1179 |     printf("c total nb of literals: %llu\n", clauses_literals);
2026-10-06T15:48:28.5706915Z       |                                     ~~~^     ~~~~~~~~~~~~~~~~
2026-10-06T15:48:28.5707855Z       |                                        |     |
2026-10-06T15:48:28.5708634Z       |                                        |     uint64_t {aka long unsigned int}
2026-10-06T15:48:28.5709422Z       |                                        long long unsigned int
2026-10-06T15:48:28.5710117Z       |                                     %lu
2026-10-06T15:48:28.5711732Z src/solver/Solver.cc:1173:25: warning: unused variable ‘nbOriginalClauses_before’ [-Wunused-variable]
2026-10-06T15:48:28.5712948Z  1173 |     int last_shorten=0, nbOriginalClauses_before = clauses.size();
2026-10-06T15:48:28.5713727Z       |                         ^~~~~~~~~~~~~~~~~~~~~~~~
2026-10-06T15:48:28.5714842Z src/solver/Solver.cc:1185:17: warning: unused variable ‘begin_simp_time’ [-Wunused-variable]
2026-10-06T15:48:28.5715844Z  1185 |     double      begin_simp_time = cpuTime();
2026-10-06T15:48:28.5716417Z       |                 ^~~~~~~~~~~~~~~
2026-10-06T15:48:28.5717573Z src/solver/Solver.cc:1250:12: warning: variable ‘avg’ set but not used [-Wunused-but-set-variable]
2026-10-06T15:48:28.5718567Z  1250 |     double avg;
2026-10-06T15:48:28.5719009Z       |            ^~~
2026-10-06T15:48:28.5834945Z src/solver/Solver.cc: In member function ‘Minisat::CRef Minisat::Solver::propagate()’:
2026-10-06T15:48:28.5840143Z src/solver/Solver.cc:2005:31: warning: comparison of integer expressions of different signedness: ‘unsigned int’ and ‘int’ [-Wsign-compare]
2026-10-06T15:48:28.5841276Z  2005 |             if (c.lastPoint() > c.size())
2026-10-06T15:48:28.5842038Z       |                 ~~~~~~~~~~~~~~^~~~~~~~~~
2026-10-06T15:48:28.5843308Z src/solver/Solver.cc:2024:31: warning: comparison of integer expressions of different signedness: ‘int’ and ‘unsigned int’ [-Wsign-compare]
2026-10-06T15:48:28.5844435Z  2024 |             for (int k = 2; k < c.lastPoint(); k++) {
2026-10-06T15:48:28.5844966Z       |                             ~~^~~~~~~~~~~~~~~
2026-10-06T15:48:28.5847036Z src/solver/Solver.cc:2076:49: warning: comparison of integer expressions of different signedness: ‘int’ and ‘uint64_t’ {aka ‘long unsigned int’} [-Wsign-compare]
2026-10-06T15:48:28.5848339Z  2076 |     if (confl == CRef_Undef && falseLits.size() >= UB)
2026-10-06T15:48:28.5848899Z       |                                ~~~~~~~~~~~~~~~~~^~~~~
2026-10-06T15:48:28.5849807Z src/solver/Solver.cc:2072:1: warning: label ‘ExitProp’ defined but not used [-Wunused-label]
2026-10-06T15:48:28.5850704Z  2072 | ExitProp:;
2026-10-06T15:48:28.5851034Z       | ^~~~~~~~
2026-10-06T15:48:28.5854024Z In file included from src/solver/mtl/Sort.h:24,
2026-10-06T15:48:28.5854881Z                  from src/solver/SimpSolver.cc:33:
2026-10-06T15:48:28.5856510Z src/solver/mtl/Vec.h: In instantiation of ‘void Minisat::vec<T>::capacity(int) [with T = Minisat::vec<unsigned int>]’:
2026-10-06T15:48:28.5858551Z src/solver/mtl/Vec.h:115:13:   required from ‘void Minisat::vec<T>::growTo(int) [with T = Minisat::vec<unsigned int>]’
2026-10-06T15:48:28.5861309Z src/solver/SolverTypes.h:339:50:   required from ‘void Minisat::OccLists<Idx, Vec, Deleted>::init(const Idx&) [with Idx = int; Vec = Minisat::vec<unsigned int>; Deleted = Minisat::SimpSolver::ClauseDeleted]’
2026-10-06T15:48:28.5863488Z src/solver/SimpSolver.cc:98:24:   required from here
2026-10-06T15:48:28.5865762Z src/solver/mtl/Vec.h:99:54: warning: ‘void* realloc(void*, size_t)’ moving an object of non-trivially copyable type ‘class Minisat::vec<unsigned int>’; use ‘new’ and ‘delete’ instead [-Wclass-memaccess]
2026-10-06T15:48:28.5867966Z    99 |     if (add > INT_MAX - cap || ((data = (T*)::realloc(data, (cap += add) * sizeof(T))) == NULL) && errno == ENOMEM)
2026-10-06T15:48:28.5869190Z       |                                             ~~~~~~~~~^~~~~~~~~~~~~~~~~~~~~~~~~~~~~~~~
2026-10-06T15:48:28.5870612Z src/solver/mtl/Vec.h:38:7: note: ‘class Minisat::vec<unsigned int>’ declared here
2026-10-06T15:48:28.5872230Z    38 | class vec {
2026-10-06T15:48:28.5872850Z       |       ^~~
2026-10-06T15:48:28.5874838Z src/solver/Solver.cc: In member function ‘void Minisat::Solver::getAllUIP(Minisat::vec<Minisat::Lit>&, int&, int&)’:
2026-10-06T15:48:28.5876684Z src/solver/Solver.cc:2177:9: warning: variable ‘myLevel’ set but not used [-Wunused-but-set-variable]
2026-10-06T15:48:28.5877963Z  2177 |     int myLevel = decisionLevel() +1;
2026-10-06T15:48:28.5878736Z       |         ^~~~~~~
2026-10-06T15:48:28.5880190Z src/solver/Solver.cc: In member function ‘void Minisat::Solver::analyzeSoftConflict(Minisat::vec<Minisat::Lit>&, int&, int&)’:
2026-10-06T15:48:28.5882793Z src/solver/Solver.cc:2196:26: warning: comparison of integer expressions of different signedness: ‘int’ and ‘uint64_t’ {aka ‘long unsigned int’} [-Wsign-compare]
2026-10-06T15:48:28.5884347Z  2196 |     if (falseLits.size() >= UB)
2026-10-06T15:48:28.5885078Z       |         ~~~~~~~~~~~~~~~~~^~~~~
2026-10-06T15:48:28.5886867Z src/solver/Solver.cc:2206:26: warning: comparison of integer expressions of different signedness: ‘int’ and ‘uint64_t’ {aka ‘long unsigned int’} [-Wsign-compare]
2026-10-06T15:48:28.5888329Z  2206 |     if (falseLits.size() > UB) {
2026-10-06T15:48:28.5888988Z       |         ~~~~~~~~~~~~~~~~~^~~~
2026-10-06T15:48:28.5953047Z src/solver/Solver.cc: In member function ‘bool Minisat::Solver::simplifyLearnt_local()’:
2026-10-06T15:48:28.5955074Z src/solver/Solver.cc:2631:34: warning: comparison of integer expressions of different signedness: ‘unsigned int’ and ‘int’ [-Wsign-compare]
2026-10-06T15:48:28.5956549Z  2631 |                     if (nblevels < c.lbd()){
2026-10-06T15:48:28.5957343Z       |                         ~~~~~~~~~^~~~~~~~~
2026-10-06T15:48:28.5958682Z src/solver/Solver.cc:2559:7: warning: unused variable ‘learnts_local_size_before’ [-Wunused-variable]
2026-10-06T15:48:28.5959933Z  2559 |   int learnts_local_size_before = learnts_local.size();
2026-10-06T15:48:28.5960795Z       |       ^~~~~~~~~~~~~~~~~~~~~~~~~
2026-10-06T15:48:28.5962255Z src/solver/Solver.cc:2560:7: warning: unused variable ‘savedTrail’ [-Wunused-variable]
2026-10-06T15:48:28.5963367Z  2560 |   int savedTrail = trail.size();
2026-10-06T15:48:28.5964378Z       |       ^~~~~~~~~~
2026-10-06T15:48:28.5968424Z src/solver/Solver.cc: In member function ‘void Minisat::Solver::reduceDB_core()’:
2026-10-06T15:48:28.5970016Z src/solver/Solver.cc:2772:9: warning: unused variable ‘totalLocalSize’ [-Wunused-variable]
2026-10-06T15:48:28.5971210Z  2772 |     int totalLocalSize=0, removedSize=0;
2026-10-06T15:48:28.5972425Z       |         ^~~~~~~~~~~~~~
2026-10-06T15:48:28.5973704Z src/solver/Solver.cc:2772:27: warning: unused variable ‘removedSize’ [-Wunused-variable]
2026-10-06T15:48:28.5974813Z  2772 |     int totalLocalSize=0, removedSize=0;
2026-10-06T15:48:28.5975608Z       |                           ^~~~~~~~~~~
2026-10-06T15:48:28.5999862Z src/solver/Solver.cc: In member function ‘Minisat::CRef Minisat::Solver::lPropagate()’:
2026-10-06T15:48:28.6002100Z src/solver/Solver.cc:3022:20: warning: comparison of integer expressions of different signedness: ‘uint64_t’ {aka ‘long unsigned int’} and ‘int’ [-Wsign-compare]
2026-10-06T15:48:28.6003923Z  3022 |   if (UB > 1 && UB == falseLits.size() + 1 && decisionLevel() < hardenLevel) {
2026-10-06T15:48:28.6004829Z       |                 ~~~^~~~~~~~~~~~~~~~~~~~~~~
2026-10-06T15:48:28.6022203Z src/solver/Solver.cc: In member function ‘void Minisat::Solver::identifyClausesToSplit(Minisat::vec<unsigned int>&)’:
2026-10-06T15:48:28.6024427Z src/solver/Solver.cc:3170:46: warning: comparison of integer expressions of different signedness: ‘int’ and ‘uint64_t’ {aka ‘long unsigned int’} [-Wsign-compare]
2026-10-06T15:48:28.6026089Z  3170 |     for(j=i+1; j<cs.size() && 2*nbCommunLits >= UB; j++) {
2026-10-06T15:48:28.6026908Z       |                               ~~~~~~~~~~~~~~~^~~~~
2026-10-06T15:48:28.6107947Z src/solver/Solver.cc: In member function ‘Minisat::lbool Minisat::Solver::search(int&)’:
2026-10-06T15:48:28.6109818Z src/solver/Solver.cc:3821:31: warning: format ‘%llu’ expects argument of type ‘long long unsigned int’, but argument 2 has type ‘uint64_t’ {aka ‘long unsigned int’} [-Wformat=]
2026-10-06T15:48:28.6112546Z  3821 |               printf("c UB=%llu succs, confls=%llu, hconfls=%llu, core %d, tier2 %d, local %d,  %d soft cls unsat (%d at L0), %d fixed vars at L0, softCnfl %d, nbFlyRd %d, nbFixedLH %llu\n",
2026-10-06T15:48:28.6113777Z       |                            ~~~^
2026-10-06T15:48:28.6114199Z       |                               |
2026-10-06T15:48:28.6114677Z       |                               long long unsigned int
2026-10-06T15:48:28.6115169Z       |                            %lu
2026-10-06T15:48:28.6116083Z  3822 |                      UB, conflicts, conflicts-softConflicts, learnts_core.size(), learnts_tier2.size(), learnts_local.size(),
2026-10-06T15:48:28.6117034Z       |                      ~~        
2026-10-06T15:48:28.6117453Z       |                      |
2026-10-06T15:48:28.6117883Z       |                      uint64_t {aka long unsigned int}
2026-10-06T15:48:28.6119558Z src/solver/Solver.cc:3821:50: warning: format ‘%llu’ expects argument of type ‘long long unsigned int’, but argument 3 has type ‘uint64_t’ {aka ‘long unsigned int’} [-Wformat=]
2026-10-06T15:48:28.6122069Z  3821 |               printf("c UB=%llu succs, confls=%llu, hconfls=%llu, core %d, tier2 %d, local %d,  %d soft cls unsat (%d at L0), %d fixed vars at L0, softCnfl %d, nbFlyRd %d, nbFixedLH %llu\n",
2026-10-06T15:48:28.6123351Z       |                                               ~~~^
2026-10-06T15:48:28.6123882Z       |                                                  |
2026-10-06T15:48:28.6124449Z       |                                                  long long unsigned int
2026-10-06T15:48:28.6125033Z       |                                               %lu
2026-10-06T15:48:28.6126007Z  3822 |                      UB, conflicts, conflicts-softConflicts, learnts_core.size(), learnts_tier2.size(), learnts_local.size(),
2026-10-06T15:48:28.6127010Z       |                          ~~~~~~~~~                
2026-10-06T15:48:28.6127482Z       |                          |
2026-10-06T15:48:28.6128226Z       |                          uint64_t {aka long unsigned int}
2026-10-06T15:48:28.6129878Z src/solver/Solver.cc:3821:64: warning: format ‘%llu’ expects argument of type ‘long long unsigned int’, but argument 4 has type ‘uint64_t’ {aka ‘long unsigned int’} [-Wformat=]
2026-10-06T15:48:28.6132252Z  3821 |               printf("c UB=%llu succs, confls=%llu, hconfls=%llu, core %d, tier2 %d, local %d,  %d soft cls unsat (%d at L0), %d fixed vars at L0, softCnfl %d, nbFlyRd %d, nbFixedLH %llu\n",
2026-10-06T15:48:28.6133584Z       |                                                             ~~~^
2026-10-06T15:48:28.6134174Z       |                                                                |
2026-10-06T15:48:28.6134813Z       |                                                                long long unsigned int
2026-10-06T15:48:28.6135497Z       |                                                             %lu
2026-10-06T15:48:28.6136570Z  3822 |                      UB, conflicts, conflicts-softConflicts, learnts_core.size(), learnts_tier2.size(), learnts_local.size(),
2026-10-06T15:48:28.6137616Z       |                                     ~~~~~~~~~~~~~~~~~~~~~~~     
2026-10-06T15:48:28.6138195Z       |                                              |
2026-10-06T15:48:28.6138786Z       |                                              uint64_t {aka long unsigned int}
2026-10-06T15:48:28.6140580Z src/solver/Solver.cc:3821:186: warning: format ‘%llu’ expects argument of type ‘long long unsigned int’, but argument 13 has type ‘uint64_t’ {aka ‘long unsigned int’} [-Wformat=]
2026-10-06T15:48:28.6142958Z  3821 |               printf("c UB=%llu succs, confls=%llu, hconfls=%llu, core %d, tier2 %d, local %d,  %d soft cls unsat (%d at L0), %d fixed vars at L0, softCnfl %d, nbFlyRd %d, nbFixedLH %llu\n",
2026-10-06T15:48:28.6144599Z       |                                                                                                                                                                                       ~~~^
2026-10-06T15:48:28.6146084Z       |                                                                                                                                                                                          |
2026-10-06T15:48:28.6147326Z       |                                                                                                                                                                                          long long unsigned int
2026-10-06T15:48:28.6148558Z       |                                                                                                                                                                                       %lu
2026-10-06T15:48:28.6149894Z  3822 |                      UB, conflicts, conflicts-softConflicts, learnts_core.size(), learnts_tier2.size(), learnts_local.size(),
2026-10-06T15:48:28.6151259Z  3823 |                      falseLits.size(), nbFalses, nbFixeds, pureSoftConfl, nbFlyReduced, nbFixedByLH);
2026-10-06T15:48:28.6152706Z       |                                                                                         ~~~~~~~~~~~                                                                                       
2026-10-06T15:48:28.6153757Z       |                                                                                         |
2026-10-06T15:48:28.6154575Z       |                                                                                         uint64_t {aka long unsigned int}
2026-10-06T15:48:28.6156399Z src/solver/Solver.cc:3825:48: warning: format ‘%llu’ expects argument of type ‘long long unsigned int’, but argument 3 has type ‘uint64_t’ {aka ‘long unsigned int’} [-Wformat=]
2026-10-06T15:48:28.6158461Z  3825 |               printf("c nbHardens %d (fixed %llu), shorten: %llu, prunedLB %4.2f, dev %4.2f, succRate %4.2f, nbSucc %llu, lk: %llu, shorten: %llu, quasiC: %llu (fixed: %llu)\n\n",
2026-10-06T15:48:28.6159751Z       |                                             ~~~^
2026-10-06T15:48:28.6160561Z       |                                                |
2026-10-06T15:48:28.6161167Z       |                                                long long unsigned int
2026-10-06T15:48:28.6162045Z       |                                             %lu
2026-10-06T15:48:28.6163529Z  3826 |                      nbHardens, fixedByHardens, nbSavedLits, meanLB, dev, succRate, nbLKsuccess-savednbLKsuccess, LOOKAHEAD-savedLOOKAHEAD, nbSavedLits, quasiSoftConflicts, fixedByQuasiConfl);
2026-10-06T15:48:28.6165153Z       |                                 ~~~~~~~~~~~~~~  
2026-10-06T15:48:28.6165765Z       |                                 |
2026-10-06T15:48:28.6166732Z       |                                 uint64_t {aka long unsigned int}
2026-10-06T15:48:28.6168666Z src/solver/Solver.cc:3825:64: warning: format ‘%llu’ expects argument of type ‘long long unsigned int’, but argument 4 has type ‘uint64_t’ {aka ‘long unsigned int’} [-Wformat=]
2026-10-06T15:48:28.6170910Z  3825 |               printf("c nbHardens %d (fixed %llu), shorten: %llu, prunedLB %4.2f, dev %4.2f, succRate %4.2f, nbSucc %llu, lk: %llu, shorten: %llu, quasiC: %llu (fixed: %llu)\n\n",
2026-10-06T15:48:28.6172917Z       |                                                             ~~~^
2026-10-06T15:48:28.6173676Z       |                                                                |
2026-10-06T15:48:28.6174605Z       |                                                                long long unsigned int
2026-10-06T15:48:28.6175433Z       |                                                             %lu
2026-10-06T15:48:28.6177131Z  3826 |                      nbHardens, fixedByHardens, nbSavedLits, meanLB, dev, succRate, nbLKsuccess-savednbLKsuccess, LOOKAHEAD-savedLOOKAHEAD, nbSavedLits, quasiSoftConflicts, fixedByQuasiConfl);
2026-10-06T15:48:28.6179036Z       |                                                 ~~~~~~~~~~~     
2026-10-06T15:48:28.6180112Z       |                                                 |
2026-10-06T15:48:28.6181011Z       |                                                 uint64_t {aka long unsigned int}
2026-10-06T15:48:28.6183183Z src/solver/Solver.cc:3825:120: warning: format ‘%llu’ expects argument of type ‘long long unsigned int’, but argument 8 has type ‘uint64_t’ {aka ‘long unsigned int’} [-Wformat=]
2026-10-06T15:48:28.6199456Z  3825 |               printf("c nbHardens %d (fixed %llu), shorten: %llu, prunedLB %4.2f, dev %4.2f, succRate %4.2f, nbSucc %llu, lk: %llu, shorten: %llu, quasiC: %llu (fixed: %llu)\n\n",
2026-10-06T15:48:28.6200886Z       |                                                                                                                     ~~~^
2026-10-06T15:48:28.6201943Z       |                                                                                                                        |
2026-10-06T15:48:28.6202804Z       |                                                                                                                        long long unsigned int
2026-10-06T15:48:28.6203748Z       |                                                                                                                     %lu
2026-10-06T15:48:28.6205412Z  3826 |                      nbHardens, fixedByHardens, nbSavedLits, meanLB, dev, succRate, nbLKsuccess-savednbLKsuccess, LOOKAHEAD-savedLOOKAHEAD, nbSavedLits, quasiSoftConflicts, fixedByQuasiConfl);
2026-10-06T15:48:28.6207107Z       |                                                                                     ~~~~~~~~~~~~~~~~~~~~~~~~~~~~        
2026-10-06T15:48:28.6207913Z       |                                                                                                |
2026-10-06T15:48:28.6208767Z       |                                                                                                uint64_t {aka long unsigned int}
2026-10-06T15:48:28.6210647Z src/solver/Solver.cc:3825:130: warning: format ‘%llu’ expects argument of type ‘long long unsigned int’, but argument 9 has type ‘uint64_t’ {aka ‘long unsigned int’} [-Wformat=]
2026-10-06T15:48:28.6213278Z  3825 |               printf("c nbHardens %d (fixed %llu), shorten: %llu, prunedLB %4.2f, dev %4.2f, succRate %4.2f, nbSucc %llu, lk: %llu, shorten: %llu, quasiC: %llu (fixed: %llu)\n\n",
2026-10-06T15:48:28.6214723Z       |                                                                                                                               ~~~^
2026-10-06T15:48:28.6215613Z       |                                                                                                                                  |
2026-10-06T15:48:28.6216546Z       |                                                                                                                                  long long unsigned int
2026-10-06T15:48:28.6217473Z       |                                                                                                                               %lu
2026-10-06T15:48:28.6219111Z  3826 |                      nbHardens, fixedByHardens, nbSavedLits, meanLB, dev, succRate, nbLKsuccess-savednbLKsuccess, LOOKAHEAD-savedLOOKAHEAD, nbSavedLits, quasiSoftConflicts, fixedByQuasiConfl);
2026-10-06T15:48:28.6220812Z       |                                                                                                                   ~~~~~~~~~~~~~~~~~~~~~~~~
2026-10-06T15:48:28.6221996Z       |                                                                                                                            |
2026-10-06T15:48:28.6222971Z       |                                                                                                                            uint64_t {aka long unsigned int}
2026-10-06T15:48:28.6224918Z src/solver/Solver.cc:3825:145: warning: format ‘%llu’ expects argument of type ‘long long unsigned int’, but argument 10 has type ‘uint64_t’ {aka ‘long unsigned int’} [-Wformat=]
2026-10-06T15:48:28.6227377Z  3825 |               printf("c nbHardens %d (fixed %llu), shorten: %llu, prunedLB %4.2f, dev %4.2f, succRate %4.2f, nbSucc %llu, lk: %llu, shorten: %llu, quasiC: %llu (fixed: %llu)\n\n",
2026-10-06T15:48:28.6228861Z       |                                                                                                                                              ~~~^
2026-10-06T15:48:28.6229866Z       |                                                                                                                                                 |
2026-10-06T15:48:28.6230940Z       |                                                                                                                                                 long long unsigned int
2026-10-06T15:48:28.6232273Z       |                                                                                                                                              %lu
2026-10-06T15:48:28.6234062Z  3826 |                      nbHardens, fixedByHardens, nbSavedLits, meanLB, dev, succRate, nbLKsuccess-savednbLKsuccess, LOOKAHEAD-savedLOOKAHEAD, nbSavedLits, quasiSoftConflicts, fixedByQuasiConfl);
2026-10-06T15:48:28.6235792Z       |                                                                                                                                             ~~~~~~~~~~~
2026-10-06T15:48:28.6236796Z       |                                                                                                                                             |
2026-10-06T15:48:28.6237887Z       |                                                                                                                                             uint64_t {aka long unsigned int}
2026-10-06T15:48:28.6239861Z src/solver/Solver.cc:3825:159: warning: format ‘%llu’ expects argument of type ‘long long unsigned int’, but argument 11 has type ‘uint64_t’ {aka ‘long unsigned int’} [-Wformat=]
2026-10-06T15:48:28.6242240Z  3825 |               printf("c nbHardens %d (fixed %llu), shorten: %llu, prunedLB %4.2f, dev %4.2f, succRate %4.2f, nbSucc %llu, lk: %llu, shorten: %llu, quasiC: %llu (fixed: %llu)\n\n",
2026-10-06T15:48:28.6244046Z       |                                                                                                                                                            ~~~^
2026-10-06T15:48:28.6245135Z       |                                                                                                                                                               |
2026-10-06T15:48:28.6246272Z       |                                                                                                                                                               long long unsigned int
2026-10-06T15:48:28.6247396Z       |                                                                                                                                                            %lu
2026-10-06T15:48:28.6249172Z  3826 |                      nbHardens, fixedByHardens, nbSavedLits, meanLB, dev, succRate, nbLKsuccess-savednbLKsuccess, LOOKAHEAD-savedLOOKAHEAD, nbSavedLits, quasiSoftConflicts, fixedByQuasiConfl);
2026-10-06T15:48:28.6251010Z       |                                                                                                                                                          ~~~~~~~~~~~~~~~~~~
2026-10-06T15:48:28.6252391Z       |                                                                                                                                                          |
2026-10-06T15:48:28.6253520Z       |                                                                                                                                                          uint64_t {aka long unsigned int}
2026-10-06T15:48:28.6255569Z src/solver/Solver.cc:3825:172: warning: format ‘%llu’ expects argument of type ‘long long unsigned int’, but argument 12 has type ‘uint64_t’ {aka ‘long unsigned int’} [-Wformat=]
2026-10-06T15:48:28.6257913Z  3825 |               printf("c nbHardens %d (fixed %llu), shorten: %llu, prunedLB %4.2f, dev %4.2f, succRate %4.2f, nbSucc %llu, lk: %llu, shorten: %llu, quasiC: %llu (fixed: %llu)\n\n",
2026-10-06T15:48:28.6259444Z       |                                                                                                                                                                         ~~~^
2026-10-06T15:48:28.6260574Z       |                                                                                                                                                                            |
2026-10-06T15:48:28.6262032Z       |                                                                                                                                                                            long long unsigned int
2026-10-06T15:48:28.6263216Z       |                                                                                                                                                                         %lu
2026-10-06T15:48:28.6265030Z  3826 |                      nbHardens, fixedByHardens, nbSavedLits, meanLB, dev, succRate, nbLKsuccess-savednbLKsuccess, LOOKAHEAD-savedLOOKAHEAD, nbSavedLits, quasiSoftConflicts, fixedByQuasiConfl);
2026-10-06T15:48:28.6266899Z       |                                                                                                                                                                              ~~~~~~~~~~~~~~~~~
2026-10-06T15:48:28.6268047Z       |                                                                                                                                                                              |
2026-10-06T15:48:28.6269232Z       |                                                                                                                                                                              uint64_t {aka long unsigned int}
2026-10-06T15:48:28.6270811Z src/solver/Solver.cc: In member function ‘Minisat::CRef Minisat::Solver::propagateForLK()’:
2026-10-06T15:48:28.6273048Z src/solver/Solver.cc:3984:27: warning: comparison of integer expressions of different signedness: ‘unsigned int’ and ‘int’ [-Wsign-compare]
2026-10-06T15:48:28.6274261Z  3984 |         if (c.lastPoint() > c.size())
2026-10-06T15:48:28.6274794Z       |             ~~~~~~~~~~~~~~^~~~~~~~~~
2026-10-06T15:48:28.6276148Z src/solver/Solver.cc:4003:27: warning: comparison of integer expressions of different signedness: ‘int’ and ‘unsigned int’ [-Wsign-compare]
2026-10-06T15:48:28.6277383Z  4003 |         for (int k = 2; k < c.lastPoint(); k++) {
2026-10-06T15:48:28.6277962Z       |                         ~~^~~~~~~~~~~~~~~
2026-10-06T15:48:28.6279374Z src/solver/Solver.cc: In member function ‘void Minisat::Solver::analyzeQuasiSoftConflict(Minisat::vec<Minisat::Lit>&, int&, int&)’:
2026-10-06T15:48:28.6283594Z src/solver/Solver.cc:4502:26: warning: comparison of integer expressions of different signedness: ‘int’ and ‘uint64_t’ {aka ‘long unsigned int’} [-Wsign-compare]
2026-10-06T15:48:28.6284925Z  4502 |     if (falseLits.size() > UB) {
2026-10-06T15:48:28.6285416Z       |         ~~~~~~~~~~~~~~~~~^~~~
2026-10-06T15:48:28.6309339Z src/solver/Solver.cc: In member function ‘bool Minisat::Solver::lookahead()’:
2026-10-06T15:48:28.6311128Z src/solver/Solver.cc:4843:17: warning: comparison of integer expressions of different signedness: ‘uint64_t’ {aka ‘long unsigned int’} and ‘int’ [-Wsign-compare]
2026-10-06T15:48:28.6312702Z  4843 |   if (conflicts > prevConflicts) {
2026-10-06T15:48:28.6313219Z       |       ~~~~~~~~~~^~~~~~~~~~~~~~~
2026-10-06T15:48:28.6336797Z src/solver/Solver.cc: In member function ‘void Minisat::Solver::addHardClausesForSoftClauses()’:
2026-10-06T15:48:28.6338735Z src/solver/Solver.cc:5088:70: warning: format ‘%llu’ expects argument of type ‘long long unsigned int’, but argument 5 has type ‘uint64_t’ {aka ‘long unsigned int’} [-Wformat=]
2026-10-06T15:48:28.6340351Z  5088 |   printf("c nb soft clauses: %d, of which %d unit, %d nonUnit and %llu empty\n",
2026-10-06T15:48:28.6341797Z       |                                                                   ~~~^
2026-10-06T15:48:28.6342466Z       |                                                                      |
2026-10-06T15:48:28.6343160Z       |                                                                      long long unsigned int
2026-10-06T15:48:28.6343841Z       |                                                                   %lu
2026-10-06T15:48:28.6344600Z  5089 |          softClauses.size(), nbUnitSoft, nbNonUnitSoft, solutionCost);
2026-10-06T15:48:28.6345332Z       |                                                         ~~~~~~~~~~~~  
2026-10-06T15:48:28.6345920Z       |                                                         |
2026-10-06T15:48:28.6346584Z       |                                                         uint64_t {aka long unsigned int}
2026-10-06T15:48:28.6359962Z src/solver/Solver.cc: In member function ‘void Minisat::Solver::printBestSolution() const’:
2026-10-06T15:48:28.6362009Z src/solver/Solver.cc:5239:49: warning: format ‘%llu’ expects argument of type ‘long long unsigned int’, but argument 2 has type ‘long unsigned int’ [-Wformat=]
2026-10-06T15:48:28.6363402Z  5239 |     printf("c   unsat soft clauses (search): %llu\n", bestSup);
2026-10-06T15:48:28.6364115Z       |                                              ~~~^     ~~~~~~~
2026-10-06T15:48:28.6364690Z       |                                                 |     |
2026-10-06T15:48:28.6365284Z       |                                                 |     long unsigned int
2026-10-06T15:48:28.6365930Z       |                                                 long long unsigned int
2026-10-06T15:48:28.6366556Z       |                                              %lu
2026-10-06T15:48:28.6368207Z src/solver/Solver.cc:5240:53: warning: format ‘%llu’ expects argument of type ‘long long unsigned int’, but argument 2 has type ‘uint64_t’ {aka ‘long unsigned int’} [-Wformat=]
2026-10-06T15:48:28.6369742Z  5240 |     printf("c   satisfied soft clauses (maxsat): %llu\n", maxsat);
2026-10-06T15:48:28.6370732Z       |                                                  ~~~^     ~~~~~~
2026-10-06T15:48:28.6371356Z       |                                                     |     |
2026-10-06T15:48:28.6372306Z       |                                                     |     uint64_t {aka long unsigned int}
2026-10-06T15:48:28.6373015Z       |                                                     long long unsigned int
2026-10-06T15:48:28.6373630Z       |                                                  %lu
2026-10-06T15:48:28.6375314Z src/solver/Solver.cc:5241:39: warning: format ‘%llu’ expects argument of type ‘long long unsigned int’, but argument 2 has type ‘uint64_t’ {aka ‘long unsigned int’} [-Wformat=]
2026-10-06T15:48:28.6376777Z  5241 |     printf("c   total weight cost: %llu\n", optimal);
2026-10-06T15:48:28.6377411Z       |                                    ~~~^     ~~~~~~~
2026-10-06T15:48:28.6377961Z       |                                       |     |
2026-10-06T15:48:28.6378536Z       |                                       |     uint64_t {aka long unsigned int}
2026-10-06T15:48:28.6379192Z       |                                       long long unsigned int
2026-10-06T15:48:28.6379743Z       |                                    %lu
2026-10-06T15:48:28.6380752Z src/solver/Solver.cc: In member function ‘void Minisat::Solver::checkSolution()’:
2026-10-06T15:48:28.6382989Z src/solver/Solver.cc:5257:15: warning: comparison of integer expressions of different signedness: ‘int’ and ‘uint64_t’ {aka ‘long unsigned int’} [-Wsign-compare]
2026-10-06T15:48:28.6384469Z  5257 |   if (nbFalse != falseLits.size()+fixedCostBySearch + relaxedCost)
2026-10-06T15:48:28.6385242Z       |       ~~~~~~~~^~~~~~~~~~~~~~~~~~~~~~~~~~~~~~~~~~~~~~~~~~~~~~~~~~~
2026-10-06T15:48:28.6386992Z src/solver/Solver.cc:5258:92: warning: format ‘%llu’ expects argument of type ‘long long unsigned int’, but argument 3 has type ‘uint64_t’ {aka ‘long unsigned int’} [-Wformat=]
2026-10-06T15:48:28.6389027Z  5258 |     printf("c **** error nb of false soft clauses real nbfalse: %d, recorded falseLits: %llu****\n",
2026-10-06T15:48:28.6390018Z       |                                                                                         ~~~^
2026-10-06T15:48:28.6390761Z       |                                                                                            |
2026-10-06T15:48:28.6392347Z       |                                                                                            long long unsigned int
2026-10-06T15:48:28.6393173Z       |                                                                                         %lu
2026-10-06T15:48:28.6393980Z  5259 |            nbFalse, falseLits.size()+fixedCostBySearch+relaxedCost);
2026-10-06T15:48:28.6394817Z       |                     ~~~~~~~~~~~~~~~~~~~~~~~~~~~~~~~~~~~~~~~~~~~~~~                          
2026-10-06T15:48:28.6395540Z       |                                                       |
2026-10-06T15:48:28.6396205Z       |                                                       uint64_t {aka long unsigned int}
2026-10-06T15:48:28.6397374Z src/solver/Solver.cc: In member function ‘void Minisat::Solver::partition()’:
2026-10-06T15:48:28.6399024Z src/solver/Solver.cc:5379:31: warning: comparison of integer expressions of different signedness: ‘unsigned int’ and ‘int’ [-Wsign-compare]
2026-10-06T15:48:28.6400231Z  5379 |         if (conflicted[var(q)]==iset.size()) {
2026-10-06T15:48:28.6401896Z src/solver/Solver.cc:5389:32: warning: comparison of integer expressions of different signedness: ‘unsigned int’ and ‘int’ [-Wsign-compare]
2026-10-06T15:48:28.6403105Z  5389 |         if (conflicted[var(q)] < iset.size())
2026-10-06T15:48:28.6406760Z src/solver/Solver.cc:5448:50: warning: comparison of integer expressions of different signedness: ‘unsigned int’ and ‘int’ [-Wsign-compare]
2026-10-06T15:48:28.6408056Z  5448 |         if (q != lit_Undef && conflicted[var(q)] == iset.size()) {
2026-10-06T15:48:28.6416171Z src/solver/Solver.cc:5513:38: warning: format ‘%llu’ expects argument of type ‘long long unsigned int’, but argument 3 has type ‘uint64_t’ {aka ‘long unsigned int’} [-Wformat=]
2026-10-06T15:48:28.6417655Z  5513 |   printf("c isets %d, derivedCost %llu\n", nbIsets, derivedCost);
2026-10-06T15:48:28.6418344Z       |                                   ~~~^              ~~~~~~~~~~~
2026-10-06T15:48:28.6418898Z       |                                      |              |
2026-10-06T15:48:28.6419501Z       |                                      |              uint64_t {aka long unsigned int}
2026-10-06T15:48:28.6420137Z       |                                      long long unsigned int
2026-10-06T15:48:28.6420681Z       |                                   %lu
2026-10-06T15:48:28.6444595Z src/solver/Solver.cc: In member function ‘Minisat::CRef Minisat::Solver::simplepropagateForLK()’:
2026-10-06T15:48:28.6446356Z src/solver/Solver.cc:5660:27: warning: comparison of integer expressions of different signedness: ‘unsigned int’ and ‘int’ [-Wsign-compare]
2026-10-06T15:48:28.6447538Z  5660 |         if (c.lastPoint() > c.size())
2026-10-06T15:48:28.6448083Z       |             ~~~~~~~~~~~~~~^~~~~~~~~~
2026-10-06T15:48:28.6449484Z src/solver/Solver.cc:5674:27: warning: comparison of integer expressions of different signedness: ‘int’ and ‘unsigned int’ [-Wsign-compare]
2026-10-06T15:48:28.6450736Z  5674 |         for (int k = 2; k < c.lastPoint(); k++) {
2026-10-06T15:48:28.6451327Z       |                         ~~^~~~~~~~~~~~~~~
2026-10-06T15:48:28.6553182Z src/solver/Solver.cc: In member function ‘void Minisat::Solver::addCardinalityConstraints()’:
2026-10-06T15:48:28.6573254Z src/solver/Solver.cc:6204:64: warning: format ‘%llu’ expects argument of type ‘long long unsigned int’, but argument 2 has type ‘uint64_t’ {aka ‘long unsigned int’} [-Wformat=]
2026-10-06T15:48:28.6574862Z  6204 |       printf("\nc Cardinality: off (soft-conflict only), UB %llu\n", UB);
2026-10-06T15:48:28.6602729Z       |                                                             ~~~^     ~~
2026-10-06T15:48:28.6603862Z       |                                                                |     |
2026-10-06T15:48:28.6604558Z       |                                                                |     uint64_t {aka long unsigned int}
2026-10-06T15:48:28.6605322Z       |                                                                long long unsigned int
2026-10-06T15:48:28.6605967Z       |                                                             %lu
2026-10-06T15:48:28.6607619Z src/solver/Solver.cc:6234:82: warning: comparison of integer expressions of different signedness: ‘int’ and ‘uint64_t’ {aka ‘long unsigned int’} [-Wsign-compare]
2026-10-06T15:48:28.6609268Z  6234 |   if (activeSoftLits.size() < 2 || UB - 1 - nbFalse < 1 || activeSoftLits.size() <= UB - 1 - nbFalse
2026-10-06T15:48:28.6610272Z       |                                                            ~~~~~~~~~~~~~~~~~~~~~~^~~~~~~~~~~~~~~~~~~
2026-10-06T15:48:28.6612499Z src/solver/Solver.cc:6253:46: warning: format ‘%llu’ expects argument of type ‘long long unsigned int’, but argument 4 has type ‘uint64_t’ {aka ‘long unsigned int’} [-Wformat=]
2026-10-06T15:48:28.6614128Z  6253 |   printf("\nc Cardinality: %d (%s) for UB %llu\n", cardinalityC.size(), enc, UB);
2026-10-06T15:48:28.6614970Z       |                                           ~~~^                               ~~
2026-10-06T15:48:28.6615623Z       |                                              |                               |
2026-10-06T15:48:28.6616403Z       |                                              long long unsigned int          uint64_t {aka long unsigned int}
2026-10-06T15:48:28.6617136Z       |                                           %lu
2026-10-06T15:48:28.6618953Z src/solver/Solver.cc: In member function ‘Minisat::lbool Minisat::Solver::solve_()’:
2026-10-06T15:48:28.6633648Z src/solver/Solver.cc:6602:79: warning: format ‘%llu’ expects argument of type ‘long long unsigned int’, but argument 5 has type ‘uint64_t’ {aka ‘long unsigned int’} [-Wformat=]
2026-10-06T15:48:28.6635857Z  6602 |     printf("c fixedCost %d, nbSatLits %d, totalFixedVars %d, objForSearch: %llu\n\n",
2026-10-06T15:48:28.6636940Z       |                                                                            ~~~^
2026-10-06T15:48:28.6637740Z       |                                                                               |
2026-10-06T15:48:28.6638555Z       |                                                                               long long unsigned int
2026-10-06T15:48:28.6639380Z       |                                                                            %lu
2026-10-06T15:48:28.6640206Z  6603 |                 fixedCost, nbSatLits, trail.size(), objForSearch);
2026-10-06T15:48:28.6640998Z       |                                                     ~~~~~~~~~~~~               
2026-10-06T15:48:28.6642070Z       |                                                     |
2026-10-06T15:48:28.6642878Z       |                                                     uint64_t {aka long unsigned int}
2026-10-06T15:48:28.6644845Z src/solver/Solver.cc:6631:35: warning: format ‘%llu’ expects argument of type ‘long long unsigned int’, but argument 2 has type ‘uint64_t’ {aka ‘long unsigned int’} [-Wformat=]
2026-10-06T15:48:28.6646523Z  6631 |         printf("c provided UB: %llu\n", providedUB);
2026-10-06T15:48:28.6647268Z       |                                ~~~^     ~~~~~~~~~~
2026-10-06T15:48:28.6647902Z       |                                   |     |
2026-10-06T15:48:28.6648605Z       |                                   |     uint64_t {aka long unsigned int}
2026-10-06T15:48:28.6649351Z       |                                   long long unsigned int
2026-10-06T15:48:28.6650001Z       |                                %lu
2026-10-06T15:48:28.6651896Z src/solver/Solver.cc:6634:54: warning: format ‘%llu’ expects argument of type ‘long long unsigned int’, but argument 2 has type ‘uint64_t’ {aka ‘long unsigned int’} [-Wformat=]
2026-10-06T15:48:28.6654785Z  6634 |         printf("c provided UB is invalide: initUB %llu, solCost %llu, costbySearch %llu, derivedCost %llu, relaxedCost: %llu\n", initUB, solutionCost, fixedCostBySearch, derivedCost, relaxedCost);
2026-10-06T15:48:28.6656545Z       |                                                   ~~~^                                                                           ~~~~~~
2026-10-06T15:48:28.6657573Z       |                                                      |                                                                           |
2026-10-06T15:48:28.6658739Z       |                                                      long long unsigned int                                                      uint64_t {aka long unsigned int}
2026-10-06T15:48:28.6659778Z       |                                                   %lu
2026-10-06T15:48:28.6661822Z src/solver/Solver.cc:6634:68: warning: format ‘%llu’ expects argument of type ‘long long unsigned int’, but argument 3 has type ‘uint64_t’ {aka ‘long unsigned int’} [-Wformat=]
2026-10-06T15:48:28.6664407Z  6634 |         printf("c provided UB is invalide: initUB %llu, solCost %llu, costbySearch %llu, derivedCost %llu, relaxedCost: %llu\n", initUB, solutionCost, fixedCostBySearch, derivedCost, relaxedCost);
2026-10-06T15:48:28.6666291Z       |                                                                 ~~~^                                                                     ~~~~~~~~~~~~
2026-10-06T15:48:28.6667389Z       |                                                                    |                                                                     |
2026-10-06T15:48:28.6668697Z       |                                                                    long long unsigned int                                                uint64_t {aka long unsigned int}
2026-10-06T15:48:28.6669893Z       |                                                                 %lu
2026-10-06T15:48:28.6672018Z src/solver/Solver.cc:6634:87: warning: format ‘%llu’ expects argument of type ‘long long unsigned int’, but argument 4 has type ‘uint64_t’ {aka ‘long unsigned int’} [-Wformat=]
2026-10-06T15:48:28.6674707Z  6634 |         printf("c provided UB is invalide: initUB %llu, solCost %llu, costbySearch %llu, derivedCost %llu, relaxedCost: %llu\n", initUB, solutionCost, fixedCostBySearch, derivedCost, relaxedCost);
2026-10-06T15:48:28.6676685Z       |                                                                                    ~~~^                                                                ~~~~~~~~~~~~~~~~~
2026-10-06T15:48:28.6677939Z       |                                                                                       |                                                                |
2026-10-06T15:48:28.6679263Z       |                                                                                       long long unsigned int                                           uint64_t {aka long unsigned int}
2026-10-06T15:48:28.6680464Z       |                                                                                    %lu
2026-10-06T15:48:28.6682521Z src/solver/Solver.cc:6634:105: warning: format ‘%llu’ expects argument of type ‘long long unsigned int’, but argument 5 has type ‘uint64_t’ {aka ‘long unsigned int’} [-Wformat=]
2026-10-06T15:48:28.6684897Z  6634 |         printf("c provided UB is invalide: initUB %llu, solCost %llu, costbySearch %llu, derivedCost %llu, relaxedCost: %llu\n", initUB, solutionCost, fixedCostBySearch, derivedCost, relaxedCost);
2026-10-06T15:48:28.6686746Z       |                                                                                                      ~~~^                                                                 ~~~~~~~~~~~
2026-10-06T15:48:28.6688182Z       |                                                                                                         |                                                                 |
2026-10-06T15:48:28.6689652Z       |                                                                                                         long long unsigned int                                            uint64_t {aka long unsigned int}
2026-10-06T15:48:28.6691221Z       |                                                                                                      %lu
2026-10-06T15:48:28.6693360Z src/solver/Solver.cc:6634:124: warning: format ‘%llu’ expects argument of type ‘long long unsigned int’, but argument 6 has type ‘uint64_t’ {aka ‘long unsigned int’} [-Wformat=]
2026-10-06T15:48:28.6695768Z  6634 |         printf("c provided UB is invalide: initUB %llu, solCost %llu, costbySearch %llu, derivedCost %llu, relaxedCost: %llu\n", initUB, solutionCost, fixedCostBySearch, derivedCost, relaxedCost);
2026-10-06T15:48:28.6697758Z       |                                                                                                                         ~~~^                                                           ~~~~~~~~~~~
2026-10-06T15:48:28.6699114Z       |                                                                                                                            |                                                           |
2026-10-06T15:48:28.6700565Z       |                                                                                                                            long long unsigned int                                      uint64_t {aka long unsigned int}
2026-10-06T15:48:28.6702213Z       |                                                                                                                         %lu
2026-10-06T15:48:28.6704252Z src/solver/Solver.cc:6656:58: warning: format ‘%llu’ expects argument of type ‘long long unsigned int’, but argument 2 has type ‘uint64_t’ {aka ‘long unsigned int’} [-Wformat=]
2026-10-06T15:48:28.6706135Z  6656 |       printf("c ends of initiationization by VSIDS at %llu conflicts with init %d\n\n",
2026-10-06T15:48:28.6707205Z       |                                                       ~~~^
2026-10-06T15:48:28.6708023Z       |                                                          |
2026-10-06T15:48:28.6709148Z       |                                                          long long unsigned int
2026-10-06T15:48:28.6710068Z       |                                                       %lu
2026-10-06T15:48:28.6710847Z  6657 |              conflicts, init);
2026-10-06T15:48:28.6711907Z       |              ~~~~~~~~~                                    
2026-10-06T15:48:28.6712703Z       |              |
2026-10-06T15:48:28.6713437Z       |              uint64_t {aka long unsigned int}
2026-10-06T15:48:28.6715313Z src/solver/Solver.cc:6686:50: warning: format ‘%llu’ expects argument of type ‘long long unsigned int’, but argument 3 has type ‘uint64_t’ {aka ‘long unsigned int’} [-Wformat=]
2026-10-06T15:48:28.6717185Z  6686 |           printf("c VSIDS phase %d: conflicts %llu, phase %llu, starts %llu, UP %llu\n",
2026-10-06T15:48:28.6718222Z       |                                               ~~~^
2026-10-06T15:48:28.6719012Z       |                                                  |
2026-10-06T15:48:28.6719844Z       |                                                  long long unsigned int
2026-10-06T15:48:28.6720733Z       |                                               %lu
2026-10-06T15:48:28.6721863Z  6687 |                  nbVSIDSphase, conflicts-savedConfl, phase_allotment,
2026-10-06T15:48:28.6722783Z       |                                ~~~~~~~~~~~~~~~~~~~~
2026-10-06T15:48:28.6723415Z       |                                         |
2026-10-06T15:48:28.6724139Z       |                                         uint64_t {aka long unsigned int}
2026-10-06T15:48:28.6725977Z src/solver/Solver.cc:6686:62: warning: format ‘%llu’ expects argument of type ‘long long unsigned int’, but argument 4 has type ‘uint64_t’ {aka ‘long unsigned int’} [-Wformat=]
2026-10-06T15:48:28.6727820Z  6686 |           printf("c VSIDS phase %d: conflicts %llu, phase %llu, starts %llu, UP %llu\n",
2026-10-06T15:48:28.6729263Z       |                                                           ~~~^
2026-10-06T15:48:28.6730088Z       |                                                              |
2026-10-06T15:48:28.6730963Z       |                                                              long long unsigned int
2026-10-06T15:48:28.6732096Z       |                                                           %lu
2026-10-06T15:48:28.6733024Z  6687 |                  nbVSIDSphase, conflicts-savedConfl, phase_allotment,
2026-10-06T15:48:28.6733973Z       |                                                      ~~~~~~~~~~~~~~~
2026-10-06T15:48:28.6734796Z       |                                                      |
2026-10-06T15:48:28.6735673Z       |                                                      uint64_t {aka long unsigned int}
2026-10-06T15:48:28.6737712Z src/solver/Solver.cc:6686:75: warning: format ‘%llu’ expects argument of type ‘long long unsigned int’, but argument 5 has type ‘uint64_t’ {aka ‘long unsigned int’} [-Wformat=]
2026-10-06T15:48:28.6739549Z  6686 |           printf("c VSIDS phase %d: conflicts %llu, phase %llu, starts %llu, UP %llu\n",
2026-10-06T15:48:28.6740547Z       |                                                                        ~~~^
2026-10-06T15:48:28.6741354Z       |                                                                           |
2026-10-06T15:48:28.6742576Z       |                                                                           long long unsigned int
2026-10-06T15:48:28.6743506Z       |                                                                        %lu
2026-10-06T15:48:28.6744464Z  6687 |                  nbVSIDSphase, conflicts-savedConfl, phase_allotment,
2026-10-06T15:48:28.6745483Z  6688 |                  starts-savedRestarts, propagations-savedUP);
2026-10-06T15:48:28.6746439Z       |                  ~~~~~~~~~~~~~~~~~~~~                                      
2026-10-06T15:48:28.6747338Z       |                        |
2026-10-06T15:48:28.6748160Z       |                        uint64_t {aka long unsigned int}
2026-10-06T15:48:28.6750395Z src/solver/Solver.cc:6686:84: warning: format ‘%llu’ expects argument of type ‘long long unsigned int’, but argument 6 has type ‘uint64_t’ {aka ‘long unsigned int’} [-Wformat=]
2026-10-06T15:48:28.6752705Z  6686 |           printf("c VSIDS phase %d: conflicts %llu, phase %llu, starts %llu, UP %llu\n",
2026-10-06T15:48:28.6753874Z       |                                                                                 ~~~^
2026-10-06T15:48:28.6754815Z       |                                                                                    |
2026-10-06T15:48:28.6755812Z       |                                                                                    long long unsigned int
2026-10-06T15:48:28.6756769Z       |                                                                                 %lu
2026-10-06T15:48:28.6757732Z  6687 |                  nbVSIDSphase, conflicts-savedConfl, phase_allotment,
2026-10-06T15:48:28.6758752Z  6688 |                  starts-savedRestarts, propagations-savedUP);
2026-10-06T15:48:28.6759684Z       |                                        ~~~~~~~~~~~~~~~~~~~~                         
2026-10-06T15:48:28.6760522Z       |                                                    |
2026-10-06T15:48:28.6761344Z       |                                                    uint64_t {aka long unsigned int}
2026-10-06T15:48:28.6763603Z src/solver/Solver.cc:6692:48: warning: format ‘%llu’ expects argument of type ‘long long unsigned int’, but argument 3 has type ‘uint64_t’ {aka ‘long unsigned int’} [-Wformat=]
2026-10-06T15:48:28.6765386Z  6692 |           printf("c LRB phase %d: conflicts %llu, phase %llu, starts %llu, UP %llu\n",
2026-10-06T15:48:28.6766377Z       |                                             ~~~^
2026-10-06T15:48:28.6767098Z       |                                                |
2026-10-06T15:48:28.6767872Z       |                                                long long unsigned int
2026-10-06T15:48:28.6768968Z       |                                             %lu
2026-10-06T15:48:28.6769832Z  6693 |                  nbLRBphase, conflicts-savedConfl, phase_allotment,
2026-10-06T15:48:28.6770661Z       |                              ~~~~~~~~~~~~~~~~~~~~
2026-10-06T15:48:28.6771319Z       |                                       |
2026-10-06T15:48:28.6772302Z       |                                       uint64_t {aka long unsigned int}
2026-10-06T15:48:28.6774117Z src/solver/Solver.cc:6692:60: warning: format ‘%llu’ expects argument of type ‘long long unsigned int’, but argument 4 has type ‘uint64_t’ {aka ‘long unsigned int’} [-Wformat=]
2026-10-06T15:48:28.6775929Z  6692 |           printf("c LRB phase %d: conflicts %llu, phase %llu, starts %llu, UP %llu\n",
2026-10-06T15:48:28.6776802Z       |                                                         ~~~^
2026-10-06T15:48:28.6777530Z       |                                                            |
2026-10-06T15:48:28.6778367Z       |                                                            long long unsigned int
2026-10-06T15:48:28.6779226Z       |                                                         %lu
2026-10-06T15:48:28.6780103Z  6693 |                  nbLRBphase, conflicts-savedConfl, phase_allotment,
2026-10-06T15:48:28.6781002Z       |                                                    ~~~~~~~~~~~~~~~
2026-10-06T15:48:28.6782036Z       |                                                    |
2026-10-06T15:48:28.6782848Z       |                                                    uint64_t {aka long unsigned int}
2026-10-06T15:48:28.6784806Z src/solver/Solver.cc:6692:73: warning: format ‘%llu’ expects argument of type ‘long long unsigned int’, but argument 5 has type ‘uint64_t’ {aka ‘long unsigned int’} [-Wformat=]
2026-10-06T15:48:28.6786586Z  6692 |           printf("c LRB phase %d: conflicts %llu, phase %llu, starts %llu, UP %llu\n",
2026-10-06T15:48:28.6787634Z       |                                                                      ~~~^
2026-10-06T15:48:28.6788569Z       |                                                                         |
2026-10-06T15:48:28.6789712Z       |                                                                         long long unsigned int
2026-10-06T15:48:28.6790654Z       |                                                                      %lu
2026-10-06T15:48:28.6791843Z  6693 |                  nbLRBphase, conflicts-savedConfl, phase_allotment,
2026-10-06T15:48:28.6792866Z  6694 |                  starts-savedRestarts, propagations-savedUP);
2026-10-06T15:48:28.6793804Z       |                  ~~~~~~~~~~~~~~~~~~~~                                    
2026-10-06T15:48:28.6794598Z       |                        |
2026-10-06T15:48:28.6795277Z       |                        uint64_t {aka long unsigned int}
2026-10-06T15:48:28.6797164Z src/solver/Solver.cc:6692:82: warning: format ‘%llu’ expects argument of type ‘long long unsigned int’, but argument 6 has type ‘uint64_t’ {aka ‘long unsigned int’} [-Wformat=]
2026-10-06T15:48:28.6799269Z  6692 |           printf("c LRB phase %d: conflicts %llu, phase %llu, starts %llu, UP %llu\n",
2026-10-06T15:48:28.6800354Z       |                                                                               ~~~^
2026-10-06T15:48:28.6801235Z       |                                                                                  |
2026-10-06T15:48:28.6802455Z       |                                                                                  long long unsigned int
2026-10-06T15:48:28.6803439Z       |                                                                               %lu
2026-10-06T15:48:28.6804394Z  6693 |                  nbLRBphase, conflicts-savedConfl, phase_allotment,
2026-10-06T15:48:28.6805377Z  6694 |                  starts-savedRestarts, propagations-savedUP);
2026-10-06T15:48:28.6806282Z       |                                        ~~~~~~~~~~~~~~~~~~~~                       
2026-10-06T15:48:28.6807118Z       |                                                    |
2026-10-06T15:48:28.6807986Z       |                                                    uint64_t {aka long unsigned int}
2026-10-06T15:48:28.6809923Z src/solver/Solver.cc:6739:25: warning: format ‘%llu’ expects argument of type ‘long long unsigned int’, but argument 2 has type ‘uint64_t’ {aka ‘long unsigned int’} [-Wformat=]
2026-10-06T15:48:28.6812121Z  6739 |         printf("c UB=%llu fails, cnfls=%llu, hcnfls=%llu, core %d, tier2 %d, local %d, quasiC: %llu (fixed: %llu)\n",
2026-10-06T15:48:28.6813271Z       |                      ~~~^
2026-10-06T15:48:28.6813912Z       |                         |
2026-10-06T15:48:28.6814602Z       |                         long long unsigned int
2026-10-06T15:48:28.6815380Z       |                      %lu
2026-10-06T15:48:28.6816780Z  6740 |                UB, conflicts, conflicts-softConflicts, learnts_core.size(), learnts_tier2.size(), learnts_local.size(), quasiSoftConflicts, fixedByQuasiConfl);
2026-10-06T15:48:28.6818325Z       |                ~~        
2026-10-06T15:48:28.6818974Z       |                |
2026-10-06T15:48:28.6819903Z       |                uint64_t {aka long unsigned int}
2026-10-06T15:48:28.6822051Z src/solver/Solver.cc:6739:43: warning: format ‘%llu’ expects argument of type ‘long long unsigned int’, but argument 3 has type ‘uint64_t’ {aka ‘long unsigned int’} [-Wformat=]
2026-10-06T15:48:28.6824057Z  6739 |         printf("c UB=%llu fails, cnfls=%llu, hcnfls=%llu, core %d, tier2 %d, local %d, quasiC: %llu (fixed: %llu)\n",
2026-10-06T15:48:28.6825220Z       |                                        ~~~^
2026-10-06T15:48:28.6825960Z       |                                           |
2026-10-06T15:48:28.6826720Z       |                                           long long unsigned int
2026-10-06T15:48:28.6827488Z       |                                        %lu
2026-10-06T15:48:28.6828937Z  6740 |                UB, conflicts, conflicts-softConflicts, learnts_core.size(), learnts_tier2.size(), learnts_local.size(), quasiSoftConflicts, fixedByQuasiConfl);
2026-10-06T15:48:28.6830406Z       |                    ~~~~~~~~~               
2026-10-06T15:48:28.6831099Z       |                    |
2026-10-06T15:48:28.6832057Z       |                    uint64_t {aka long unsigned int}
2026-10-06T15:48:28.6833928Z src/solver/Solver.cc:6739:56: warning: format ‘%llu’ expects argument of type ‘long long unsigned int’, but argument 4 has type ‘uint64_t’ {aka ‘long unsigned int’} [-Wformat=]
2026-10-06T15:48:28.6835890Z  6739 |         printf("c UB=%llu fails, cnfls=%llu, hcnfls=%llu, core %d, tier2 %d, local %d, quasiC: %llu (fixed: %llu)\n",
2026-10-06T15:48:28.6837054Z       |                                                     ~~~^
2026-10-06T15:48:28.6837833Z       |                                                        |
2026-10-06T15:48:28.6838620Z       |                                                        long long unsigned int
2026-10-06T15:48:28.6839493Z       |                                                     %lu
2026-10-06T15:48:28.6841246Z  6740 |                UB, conflicts, conflicts-softConflicts, learnts_core.size(), learnts_tier2.size(), learnts_local.size(), quasiSoftConflicts, fixedByQuasiConfl);
2026-10-06T15:48:28.6842991Z       |                               ~~~~~~~~~~~~~~~~~~~~~~~   
2026-10-06T15:48:28.6843845Z       |                                        |
2026-10-06T15:48:28.6844615Z       |                                        uint64_t {aka long unsigned int}
2026-10-06T15:48:28.6846573Z src/solver/Solver.cc:6739:99: warning: format ‘%llu’ expects argument of type ‘long long unsigned int’, but argument 8 has type ‘uint64_t’ {aka ‘long unsigned int’} [-Wformat=]
2026-10-06T15:48:28.6848589Z  6739 |         printf("c UB=%llu fails, cnfls=%llu, hcnfls=%llu, core %d, tier2 %d, local %d, quasiC: %llu (fixed: %llu)\n",
2026-10-06T15:48:28.6849880Z       |                                                                                                ~~~^
2026-10-06T15:48:28.6850912Z       |                                                                                                   |
2026-10-06T15:48:28.6852230Z       |                                                                                                   long long unsigned int
2026-10-06T15:48:28.6853286Z       |                                                                                                %lu
2026-10-06T15:48:28.6854959Z  6740 |                UB, conflicts, conflicts-softConflicts, learnts_core.size(), learnts_tier2.size(), learnts_local.size(), quasiSoftConflicts, fixedByQuasiConfl);
2026-10-06T15:48:28.6856621Z       |                                                                                                                         ~~~~~~~~~~~~~~~~~~
2026-10-06T15:48:28.6857746Z       |                                                                                                                         |
2026-10-06T15:48:28.6858946Z       |                                                                                                                         uint64_t {aka long unsigned int}
2026-10-06T15:48:28.6861364Z src/solver/Solver.cc:6739:112: warning: format ‘%llu’ expects argument of type ‘long long unsigned int’, but argument 9 has type ‘uint64_t’ {aka ‘long unsigned int’} [-Wformat=]
2026-10-06T15:48:28.6863586Z  6739 |         printf("c UB=%llu fails, cnfls=%llu, hcnfls=%llu, core %d, tier2 %d, local %d, quasiC: %llu (fixed: %llu)\n",
2026-10-06T15:48:28.6864896Z       |                                                                                                             ~~~^
2026-10-06T15:48:28.6865949Z       |                                                                                                                |
2026-10-06T15:48:28.6867070Z       |                                                                                                                long long unsigned int
2026-10-06T15:48:28.6868169Z       |                                                                                                             %lu
2026-10-06T15:48:28.6869805Z  6740 |                UB, conflicts, conflicts-softConflicts, learnts_core.size(), learnts_tier2.size(), learnts_local.size(), quasiSoftConflicts, fixedByQuasiConfl);
2026-10-06T15:48:28.6871774Z       |                                                                                                                                             ~~~~~~~~~~~~~~~~~
2026-10-06T15:48:28.6873029Z       |                                                                                                                                             |
2026-10-06T15:48:28.6874306Z       |                                                                                                                                             uint64_t {aka long unsigned int}
2026-10-06T15:48:28.6876529Z src/solver/Solver.cc:6741:72: warning: format ‘%llu’ expects argument of type ‘long long unsigned int’, but argument 5 has type ‘uint64_t’ {aka ‘long unsigned int’} [-Wformat=]
2026-10-06T15:48:28.6879044Z  6741 |         printf("c prunedLB %4.2f, dev %4.2f, succRate %4.2f, nbSucc %llu, nbHardens %d (fixed %llu), lk: %llu, shorten: %llu, pureSo %d, nbFlyRd %d, nbFixedLH %llu\n",
2026-10-06T15:48:28.6880527Z       |                                                                     ~~~^
2026-10-06T15:48:28.6881622Z       |                                                                        |
2026-10-06T15:48:28.6882557Z       |                                                                        long long unsigned int
2026-10-06T15:48:28.6883481Z       |                                                                     %lu
2026-10-06T15:48:28.6884278Z  6742 |                meanLB, dev, succRate,
2026-10-06T15:48:28.6885742Z  6743 |                nbLKsuccess-savednbLKsuccess, nbHardens, fixedByHardens, LOOKAHEAD-savedLOOKAHEAD, nbSavedLits, pureSoftConfl, nbFlyReduced, nbFixedByLH);
2026-10-06T15:48:28.6887350Z       |                ~~~~~~~~~~~~~~~~~~~~~~~~~~~~                             
2026-10-06T15:48:28.6888165Z       |                           |
2026-10-06T15:48:28.6888899Z       |                           uint64_t {aka long unsigned int}
2026-10-06T15:48:28.6890883Z src/solver/Solver.cc:6741:98: warning: format ‘%llu’ expects argument of type ‘long long unsigned int’, but argument 7 has type ‘uint64_t’ {aka ‘long unsigned int’} [-Wformat=]
2026-10-06T15:48:28.6893320Z  6741 |         printf("c prunedLB %4.2f, dev %4.2f, succRate %4.2f, nbSucc %llu, nbHardens %d (fixed %llu), lk: %llu, shorten: %llu, pureSo %d, nbFlyRd %d, nbFixedLH %llu\n",
2026-10-06T15:48:28.6894843Z       |                                                                                               ~~~^
2026-10-06T15:48:28.6895878Z       |                                                                                                  |
2026-10-06T15:48:28.6896967Z       |                                                                                                  long long unsigned int
2026-10-06T15:48:28.6898124Z       |                                                                                               %lu
2026-10-06T15:48:28.6899303Z  6742 |                meanLB, dev, succRate,
2026-10-06T15:48:28.6900871Z  6743 |                nbLKsuccess-savednbLKsuccess, nbHardens, fixedByHardens, LOOKAHEAD-savedLOOKAHEAD, nbSavedLits, pureSoftConfl, nbFlyReduced, nbFixedByLH);
2026-10-06T15:48:28.6902812Z       |                                                         ~~~~~~~~~~~~~~                            
2026-10-06T15:48:28.6903730Z       |                                                         |
2026-10-06T15:48:28.6904577Z       |                                                         uint64_t {aka long unsigned int}
2026-10-06T15:48:28.6906531Z src/solver/Solver.cc:6741:109: warning: format ‘%llu’ expects argument of type ‘long long unsigned int’, but argument 8 has type ‘uint64_t’ {aka ‘long unsigned int’} [-Wformat=]
2026-10-06T15:48:28.6908763Z  6741 |         printf("c prunedLB %4.2f, dev %4.2f, succRate %4.2f, nbSucc %llu, nbHardens %d (fixed %llu), lk: %llu, shorten: %llu, pureSo %d, nbFlyRd %d, nbFixedLH %llu\n",
2026-10-06T15:48:28.6910384Z       |                                                                                                          ~~~^
2026-10-06T15:48:28.6911638Z       |                                                                                                             |
2026-10-06T15:48:28.6912765Z       |                                                                                                             long long unsigned int
2026-10-06T15:48:28.6913847Z       |                                                                                                          %lu
2026-10-06T15:48:28.6914731Z  6742 |                meanLB, dev, succRate,
2026-10-06T15:48:28.6916183Z  6743 |                nbLKsuccess-savednbLKsuccess, nbHardens, fixedByHardens, LOOKAHEAD-savedLOOKAHEAD, nbSavedLits, pureSoftConfl, nbFlyReduced, nbFixedByLH);
2026-10-06T15:48:28.6918031Z       |                                                                         ~~~~~~~~~~~~~~~~~~~~~~~~             
2026-10-06T15:48:28.6918994Z       |                                                                                  |
2026-10-06T15:48:28.6919981Z       |                                                                                  uint64_t {aka long unsigned int}
2026-10-06T15:48:28.6922229Z src/solver/Solver.cc:6741:124: warning: format ‘%llu’ expects argument of type ‘long long unsigned int’, but argument 9 has type ‘uint64_t’ {aka ‘long unsigned int’} [-Wformat=]
2026-10-06T15:48:28.6924440Z  6741 |         printf("c prunedLB %4.2f, dev %4.2f, succRate %4.2f, nbSucc %llu, nbHardens %d (fixed %llu), lk: %llu, shorten: %llu, pureSo %d, nbFlyRd %d, nbFixedLH %llu\n",
2026-10-06T15:48:28.6926019Z       |                                                                                                                         ~~~^
2026-10-06T15:48:28.6927145Z       |                                                                                                                            |
2026-10-06T15:48:28.6928386Z       |                                                                                                                            long long unsigned int
2026-10-06T15:48:28.6929546Z       |                                                                                                                         %lu
2026-10-06T15:48:28.6930499Z  6742 |                meanLB, dev, succRate,
2026-10-06T15:48:28.6932213Z  6743 |                nbLKsuccess-savednbLKsuccess, nbHardens, fixedByHardens, LOOKAHEAD-savedLOOKAHEAD, nbSavedLits, pureSoftConfl, nbFlyReduced, nbFixedByLH);
2026-10-06T15:48:28.6933900Z       |                                                                                                   ~~~~~~~~~~~               
2026-10-06T15:48:28.6934939Z       |                                                                                                   |
2026-10-06T15:48:28.6936376Z       |                                                                                                   uint64_t {aka long unsigned int}
2026-10-06T15:48:28.6938491Z src/solver/Solver.cc:6741:163: warning: format ‘%llu’ expects argument of type ‘long long unsigned int’, but argument 12 has type ‘uint64_t’ {aka ‘long unsigned int’} [-Wformat=]
2026-10-06T15:48:28.6940754Z  6741 |         printf("c prunedLB %4.2f, dev %4.2f, succRate %4.2f, nbSucc %llu, nbHardens %d (fixed %llu), lk: %llu, shorten: %llu, pureSo %d, nbFlyRd %d, nbFixedLH %llu\n",
2026-10-06T15:48:28.6942762Z       |                                                                                                                                                                ~~~^
2026-10-06T15:48:28.6944058Z       |                                                                                                                                                                   |
2026-10-06T15:48:28.6945450Z       |                                                                                                                                                                   long long unsigned int
2026-10-06T15:48:28.6946828Z       |                                                                                                                                                                %lu
2026-10-06T15:48:28.6947886Z  6742 |                meanLB, dev, succRate,
2026-10-06T15:48:28.6949391Z  6743 |                nbLKsuccess-savednbLKsuccess, nbHardens, fixedByHardens, LOOKAHEAD-savedLOOKAHEAD, nbSavedLits, pureSoftConfl, nbFlyReduced, nbFixedByLH);
2026-10-06T15:48:28.6951193Z       |                                                                                                                                             ~~~~~~~~~~~            
2026-10-06T15:48:28.6952708Z       |                                                                                                                                             |
2026-10-06T15:48:28.6954294Z       |                                                                                                                                             uint64_t {aka long unsigned int}
2026-10-06T15:48:28.6956497Z src/solver/Solver.cc:6769:25: warning: format ‘%llu’ expects argument of type ‘long long unsigned int’, but argument 2 has type ‘uint64_t’ {aka ‘long unsigned int’} [-Wformat=]
2026-10-06T15:48:28.6958978Z  6769 |         printf("c UB=%llu succ, confls=%llu and hconfls=%llu with %d soft clauses unsat (%d at level 0) and %d fixed vars at level 0,  prunedLB %4.2f, dev %4.2f, succRate %4.2f, nbSucc %llu, shortened : %llu\n",
2026-10-06T15:48:28.6960637Z       |                      ~~~^
2026-10-06T15:48:28.6961288Z       |                         |
2026-10-06T15:48:28.6962252Z       |                         long long unsigned int
2026-10-06T15:48:28.6963003Z       |                      %lu
2026-10-06T15:48:28.6963956Z  6770 |                UB, conflicts, conflicts-softConflicts, falseLits.size(), nbFalses, nbFixeds,
2026-10-06T15:48:28.6965010Z       |                ~~        
2026-10-06T15:48:28.6965658Z       |                |
2026-10-06T15:48:28.6966311Z       |                uint64_t {aka long unsigned int}
2026-10-06T15:48:28.6968169Z src/solver/Solver.cc:6769:43: warning: format ‘%llu’ expects argument of type ‘long long unsigned int’, but argument 3 has type ‘uint64_t’ {aka ‘long unsigned int’} [-Wformat=]
2026-10-06T15:48:28.6970665Z  6769 |         printf("c UB=%llu succ, confls=%llu and hconfls=%llu with %d soft clauses unsat (%d at level 0) and %d fixed vars at level 0,  prunedLB %4.2f, dev %4.2f, succRate %4.2f, nbSucc %llu, shortened : %llu\n",
2026-10-06T15:48:28.6972610Z       |                                        ~~~^
2026-10-06T15:48:28.6973341Z       |                                           |
2026-10-06T15:48:28.6974126Z       |                                           long long unsigned int
2026-10-06T15:48:28.6974958Z       |                                        %lu
2026-10-06T15:48:28.6976223Z  6770 |                UB, conflicts, conflicts-softConflicts, falseLits.size(), nbFalses, nbFixeds,
2026-10-06T15:48:28.6977318Z       |                    ~~~~~~~~~               
2026-10-06T15:48:28.6978033Z       |                    |
2026-10-06T15:48:28.6978740Z       |                    uint64_t {aka long unsigned int}
2026-10-06T15:48:28.6980621Z src/solver/Solver.cc:6769:60: warning: format ‘%llu’ expects argument of type ‘long long unsigned int’, but argument 4 has type ‘uint64_t’ {aka ‘long unsigned int’} [-Wformat=]
2026-10-06T15:48:28.6983407Z  6769 |         printf("c UB=%llu succ, confls=%llu and hconfls=%llu with %d soft clauses unsat (%d at level 0) and %d fixed vars at level 0,  prunedLB %4.2f, dev %4.2f, succRate %4.2f, nbSucc %llu, shortened : %llu\n",
2026-10-06T15:48:28.6985119Z       |                                                         ~~~^
2026-10-06T15:48:28.6986028Z       |                                                            |
2026-10-06T15:48:28.6986910Z       |                                                            long long unsigned int
2026-10-06T15:48:28.6987801Z       |                                                         %lu
2026-10-06T15:48:28.6988845Z  6770 |                UB, conflicts, conflicts-softConflicts, falseLits.size(), nbFalses, nbFixeds,
2026-10-06T15:48:28.6989909Z       |                               ~~~~~~~~~~~~~~~~~~~~~~~       
2026-10-06T15:48:28.6990692Z       |                                        |
2026-10-06T15:48:28.6991700Z       |                                        uint64_t {aka long unsigned int}
2026-10-06T15:48:28.6993507Z src/solver/Solver.cc:6769:189: warning: format ‘%llu’ expects argument of type ‘long long unsigned int’, but argument 11 has type ‘uint64_t’ {aka ‘long unsigned int’} [-Wformat=]
2026-10-06T15:48:28.6995991Z  6769 |         printf("c UB=%llu succ, confls=%llu and hconfls=%llu with %d soft clauses unsat (%d at level 0) and %d fixed vars at level 0,  prunedLB %4.2f, dev %4.2f, succRate %4.2f, nbSucc %llu, shortened : %llu\n",
2026-10-06T15:48:28.6998314Z       |                                                                                                                                                                                          ~~~^
2026-10-06T15:48:28.6999733Z       |                                                                                                                                                                                             |
2026-10-06T15:48:28.7001240Z       |                                                                                                                                                                                             long long unsigned int
2026-10-06T15:48:28.7002966Z       |                                                                                                                                                                                          %lu
2026-10-06T15:48:28.7004352Z  6770 |                UB, conflicts, conflicts-softConflicts, falseLits.size(), nbFalses, nbFixeds,
2026-10-06T15:48:28.7005491Z  6771 |                meanLB, dev, succRate, nbLKsuccess, nbSavedLits);
2026-10-06T15:48:28.7006773Z       |                                       ~~~~~~~~~~~                                                                                                                                            
2026-10-06T15:48:28.7007908Z       |                                       |
2026-10-06T15:48:28.7008760Z       |                                       uint64_t {aka long unsigned int}
2026-10-06T15:48:28.7010663Z src/solver/Solver.cc:6769:207: warning: format ‘%llu’ expects argument of type ‘long long unsigned int’, but argument 12 has type ‘uint64_t’ {aka ‘long unsigned int’} [-Wformat=]
2026-10-06T15:48:28.7013392Z  6769 |         printf("c UB=%llu succ, confls=%llu and hconfls=%llu with %d soft clauses unsat (%d at level 0) and %d fixed vars at level 0,  prunedLB %4.2f, dev %4.2f, succRate %4.2f, nbSucc %llu, shortened : %llu\n",
2026-10-06T15:48:28.7015708Z       |                                                                                                                                                                                                            ~~~^
2026-10-06T15:48:28.7017248Z       |                                                                                                                                                                                                               |
2026-10-06T15:48:28.7018807Z       |                                                                                                                                                                                                               long long unsigned int
2026-10-06T15:48:28.7021752Z       |                                                                                                                                                                                                            %lu
2026-10-06T15:48:28.7023226Z  6770 |                UB, conflicts, conflicts-softConflicts, falseLits.size(), nbFalses, nbFixeds,
2026-10-06T15:48:28.7024377Z  6771 |                meanLB, dev, succRate, nbLKsuccess, nbSavedLits);
2026-10-06T15:48:28.7025594Z       |                                                    ~~~~~~~~~~~                                                                                                                                                 
2026-10-06T15:48:28.7026734Z       |                                                    |
2026-10-06T15:48:28.7027541Z       |                                                    uint64_t {aka long unsigned int}
2026-10-06T15:48:28.7029464Z src/solver/Solver.cc:6798:17: warning: comparison of integer expressions of different signedness: ‘uint64_t’ {aka ‘long unsigned int’} and ‘int’ [-Wsign-compare]
2026-10-06T15:48:28.7030964Z  6798 |         if (inf > falseLits.size())
2026-10-06T15:48:28.7032238Z       |             ~~~~^~~~~~~~~~~~~~~~~~
2026-10-06T15:48:28.7034031Z src/solver/Solver.cc:6806:34: warning: format ‘%llu’ expects argument of type ‘long long unsigned int’, but argument 2 has type ‘uint64_t’ {aka ‘long unsigned int’} [-Wformat=]
2026-10-06T15:48:28.7035794Z  6806 |       else printf("c error UB %llu, inf %llu, sup %llu\n", UB, inf, sup);
2026-10-06T15:48:28.7036734Z       |                               ~~~^                         ~~
2026-10-06T15:48:28.7037496Z       |                                  |                         |
2026-10-06T15:48:28.7038407Z       |                                  long long unsigned int    uint64_t {aka long unsigned int}
2026-10-06T15:48:28.7039263Z       |                               %lu
2026-10-06T15:48:28.7040967Z src/solver/Solver.cc:6806:44: warning: format ‘%llu’ expects argument of type ‘long long unsigned int’, but argument 3 has type ‘uint64_t’ {aka ‘long unsigned int’} [-Wformat=]
2026-10-06T15:48:28.7043006Z  6806 |       else printf("c error UB %llu, inf %llu, sup %llu\n", UB, inf, sup);
2026-10-06T15:48:28.7044013Z       |                                         ~~~^                   ~~~
2026-10-06T15:48:28.7044857Z       |                                            |                   |
2026-10-06T15:48:28.7045816Z       |                                            |                   uint64_t {aka long unsigned int}
2026-10-06T15:48:28.7046763Z       |                                            long long unsigned int
2026-10-06T15:48:28.7047604Z       |                                         %lu
2026-10-06T15:48:28.7049431Z src/solver/Solver.cc:6806:54: warning: format ‘%llu’ expects argument of type ‘long long unsigned int’, but argument 4 has type ‘uint64_t’ {aka ‘long unsigned int’} [-Wformat=]
2026-10-06T15:48:28.7051226Z  6806 |       else printf("c error UB %llu, inf %llu, sup %llu\n", UB, inf, sup);
2026-10-06T15:48:28.7052624Z       |                                                   ~~~^              ~~~
2026-10-06T15:48:28.7053483Z       |                                                      |              |
2026-10-06T15:48:28.7054696Z       |                                                      |              uint64_t {aka long unsigned int}
2026-10-06T15:48:28.7055627Z       |                                                      long long unsigned int
2026-10-06T15:48:28.7056412Z       |                                                   %lu
2026-10-06T15:48:28.7058207Z src/solver/Solver.cc:6828:57: warning: format ‘%llu’ expects argument of type ‘long long unsigned int’, but argument 2 has type ‘uint64_t’ {aka ‘long unsigned int’} [-Wformat=]
2026-10-06T15:48:28.7060092Z  6828 |       printf("c no feasible solution, hardConflicts: %llu\n", conflicts - softConflicts);
2026-10-06T15:48:28.7061232Z       |                                                      ~~~^     ~~~~~~~~~~~~~~~~~~~~~~~~~
2026-10-06T15:48:28.7062382Z       |                                                         |               |
2026-10-06T15:48:28.7063366Z       |                                                         |               uint64_t {aka long unsigned int}
2026-10-06T15:48:28.7064357Z       |                                                         long long unsigned int
2026-10-06T15:48:28.7065208Z       |                                                      %lu
2026-10-06T15:48:28.7067066Z src/solver/Solver.cc:6831:30: warning: format ‘%llu’ expects argument of type ‘long long unsigned int’, but argument 2 has type ‘uint64_t’ {aka ‘long unsigned int’} [-Wformat=]
2026-10-06T15:48:28.7069009Z  6831 |       printf("c initCost: %llu, fixedBySearch: %llu, optimal: %llu, maxsat: %llu, hardConflicts: %llu\n",
2026-10-06T15:48:28.7070095Z       |                           ~~~^
2026-10-06T15:48:28.7070722Z       |                              |
2026-10-06T15:48:28.7071615Z       |                              long long unsigned int
2026-10-06T15:48:28.7072337Z       |                           %lu
2026-10-06T15:48:28.7073005Z  6832 |              solutionCost, fixedCostBySearch,
2026-10-06T15:48:28.7074052Z       |              ~~~~~~~~~~~~     
2026-10-06T15:48:28.7074687Z       |              |
2026-10-06T15:48:28.7075334Z       |              uint64_t {aka long unsigned int}
2026-10-06T15:48:28.7077197Z src/solver/Solver.cc:6831:51: warning: format ‘%llu’ expects argument of type ‘long long unsigned int’, but argument 3 has type ‘uint64_t’ {aka ‘long unsigned int’} [-Wformat=]
2026-10-06T15:48:28.7079144Z  6831 |       printf("c initCost: %llu, fixedBySearch: %llu, optimal: %llu, maxsat: %llu, hardConflicts: %llu\n",
2026-10-06T15:48:28.7080302Z       |                                                ~~~^
2026-10-06T15:48:28.7081064Z       |                                                   |
2026-10-06T15:48:28.7082368Z       |                                                   long long unsigned int
2026-10-06T15:48:28.7083221Z       |                                                %lu
2026-10-06T15:48:28.7084128Z  6832 |              solutionCost, fixedCostBySearch,
2026-10-06T15:48:28.7084933Z       |                            ~~~~~~~~~~~~~~~~~       
2026-10-06T15:48:28.7085653Z       |                            |
2026-10-06T15:48:28.7086374Z       |                            uint64_t {aka long unsigned int}
2026-10-06T15:48:28.7088246Z src/solver/Solver.cc:6831:66: warning: format ‘%llu’ expects argument of type ‘long long unsigned int’, but argument 4 has type ‘uint64_t’ {aka ‘long unsigned int’} [-Wformat=]
2026-10-06T15:48:28.7090169Z  6831 |       printf("c initCost: %llu, fixedBySearch: %llu, optimal: %llu, maxsat: %llu, hardConflicts: %llu\n",
2026-10-06T15:48:28.7091323Z       |                                                               ~~~^
2026-10-06T15:48:28.7092358Z       |                                                                  |
2026-10-06T15:48:28.7093214Z       |                                                                  long long unsigned int
2026-10-06T15:48:28.7094031Z       |                                                               %lu
2026-10-06T15:48:28.7094833Z  6832 |              solutionCost, fixedCostBySearch,
2026-10-06T15:48:28.7095755Z  6833 |              lastOptimalCost,
2026-10-06T15:48:28.7096471Z       |              ~~~~~~~~~~~~~~~                                      
2026-10-06T15:48:28.7097236Z       |              |
2026-10-06T15:48:28.7097870Z       |              uint64_t {aka long unsigned int}
2026-10-06T15:48:28.7099719Z src/solver/Solver.cc:6831:80: warning: format ‘%llu’ expects argument of type ‘long long unsigned int’, but argument 5 has type ‘uint64_t’ {aka ‘long unsigned int’} [-Wformat=]
2026-10-06T15:48:28.7101966Z  6831 |       printf("c initCost: %llu, fixedBySearch: %llu, optimal: %llu, maxsat: %llu, hardConflicts: %llu\n",
2026-10-06T15:48:28.7103201Z       |                                                                             ~~~^
2026-10-06T15:48:28.7104089Z       |                                                                                |
2026-10-06T15:48:28.7105064Z       |                                                                                long long unsigned int
2026-10-06T15:48:28.7106050Z       |                                                                             %lu
2026-10-06T15:48:28.7106836Z ......
2026-10-06T15:48:28.7107579Z  6834 |              objForSearch-sup + nbSatLits, conflicts - softConflicts);
2026-10-06T15:48:28.7108579Z       |              ~~~~~~~~~~~~~~~~~~~~~~~~~~~~                                       
2026-10-06T15:48:28.7109407Z       |                               |
2026-10-06T15:48:28.7110131Z       |                               uint64_t {aka long unsigned int}
2026-10-06T15:48:28.7112376Z src/solver/Solver.cc:6831:101: warning: format ‘%llu’ expects argument of type ‘long long unsigned int’, but argument 6 has type ‘uint64_t’ {aka ‘long unsigned int’} [-Wformat=]
2026-10-06T15:48:28.7114334Z  6831 |       printf("c initCost: %llu, fixedBySearch: %llu, optimal: %llu, maxsat: %llu, hardConflicts: %llu\n",
2026-10-06T15:48:28.7115855Z       |                                                                                                  ~~~^
2026-10-06T15:48:28.7116802Z       |                                                                                                     |
2026-10-06T15:48:28.7117799Z       |                                                                                                     long long unsigned int
2026-10-06T15:48:28.7118765Z       |                                                                                                  %lu
2026-10-06T15:48:28.7119559Z ......
2026-10-06T15:48:28.7120301Z  6834 |              objForSearch-sup + nbSatLits, conflicts - softConflicts);
2026-10-06T15:48:28.7121364Z       |                                            ~~~~~~~~~~~~~~~~~~~~~~~~~                                 
2026-10-06T15:48:28.7122583Z       |                                                      |
2026-10-06T15:48:28.7123412Z       |                                                      uint64_t {aka long unsigned int}
2026-10-06T15:48:28.7125366Z src/solver/Solver.cc:6836:24: warning: format ‘%llu’ expects argument of type ‘long long unsigned int’, but argument 2 has type ‘uint64_t’ {aka ‘long unsigned int’} [-Wformat=]
2026-10-06T15:48:28.7127405Z  6836 |     printf("c nbLK: %llu, nbSuccLK: %llu(%4.2f%%), nbLKup: %llu(%4.2f%%), hardens %u (fixed %llu), dynVars %d, shorten: %llu\n",
2026-10-06T15:48:28.7128601Z       |                     ~~~^
2026-10-06T15:48:28.7129242Z       |                        |
2026-10-06T15:48:28.7129921Z       |                        long long unsigned int
2026-10-06T15:48:28.7130626Z       |                     %lu
2026-10-06T15:48:28.7131722Z  6837 |            LOOKAHEAD, nbLKsuccess, 100.0*nbLKsuccess/LOOKAHEAD, lk_propagations,
2026-10-06T15:48:28.7132762Z       |            ~~~~~~~~~    
2026-10-06T15:48:28.7133405Z       |            |
2026-10-06T15:48:28.7134018Z       |            uint64_t {aka long unsigned int}
2026-10-06T15:48:28.7136168Z src/solver/Solver.cc:6836:40: warning: format ‘%llu’ expects argument of type ‘long long unsigned int’, but argument 3 has type ‘uint64_t’ {aka ‘long unsigned int’} [-Wformat=]
2026-10-06T15:48:28.7138372Z  6836 |     printf("c nbLK: %llu, nbSuccLK: %llu(%4.2f%%), nbLKup: %llu(%4.2f%%), hardens %u (fixed %llu), dynVars %d, shorten: %llu\n",
2026-10-06T15:48:28.7139579Z       |                                     ~~~^
2026-10-06T15:48:28.7140270Z       |                                        |
2026-10-06T15:48:28.7141010Z       |                                        long long unsigned int
2026-10-06T15:48:28.7142079Z       |                                     %lu
2026-10-06T15:48:28.7143035Z  6837 |            LOOKAHEAD, nbLKsuccess, 100.0*nbLKsuccess/LOOKAHEAD, lk_propagations,
2026-10-06T15:48:28.7144036Z       |                       ~~~~~~~~~~~       
2026-10-06T15:48:28.7144743Z       |                       |
2026-10-06T15:48:28.7145413Z       |                       uint64_t {aka long unsigned int}
2026-10-06T15:48:28.7147307Z src/solver/Solver.cc:6836:63: warning: format ‘%llu’ expects argument of type ‘long long unsigned int’, but argument 5 has type ‘uint64_t’ {aka ‘long unsigned int’} [-Wformat=]
2026-10-06T15:48:28.7149318Z  6836 |     printf("c nbLK: %llu, nbSuccLK: %llu(%4.2f%%), nbLKup: %llu(%4.2f%%), hardens %u (fixed %llu), dynVars %d, shorten: %llu\n",
2026-10-06T15:48:28.7150492Z       |                                                            ~~~^
2026-10-06T15:48:28.7151276Z       |                                                               |
2026-10-06T15:48:28.7152392Z       |                                                               long long unsigned int
2026-10-06T15:48:28.7153252Z       |                                                            %lu
2026-10-06T15:48:28.7154294Z  6837 |            LOOKAHEAD, nbLKsuccess, 100.0*nbLKsuccess/LOOKAHEAD, lk_propagations,
2026-10-06T15:48:28.7155580Z       |                                                                 ~~~~~~~~~~~~~~~
2026-10-06T15:48:28.7156717Z       |                                                                 |
2026-10-06T15:48:28.7157644Z       |                                                                 uint64_t {aka long unsigned int}
2026-10-06T15:48:28.7159636Z src/solver/Solver.cc:6836:96: warning: format ‘%llu’ expects argument of type ‘long long unsigned int’, but argument 8 has type ‘uint64_t’ {aka ‘long unsigned int’} [-Wformat=]
2026-10-06T15:48:28.7161874Z  6836 |     printf("c nbLK: %llu, nbSuccLK: %llu(%4.2f%%), nbLKup: %llu(%4.2f%%), hardens %u (fixed %llu), dynVars %d, shorten: %llu\n",
2026-10-06T15:48:28.7163194Z       |                                                                                             ~~~^
2026-10-06T15:48:28.7164126Z       |                                                                                                |
2026-10-06T15:48:28.7165127Z       |                                                                                                long long unsigned int
2026-10-06T15:48:28.7166102Z       |                                                                                             %lu
2026-10-06T15:48:28.7167220Z  6837 |            LOOKAHEAD, nbLKsuccess, 100.0*nbLKsuccess/LOOKAHEAD, lk_propagations,
2026-10-06T15:48:28.7168642Z  6838 |            100.0*lk_propagations/propagations, nbHardens, fixedByHardens, nVars()-staticNbVars, nbSavedLits);
2026-10-06T15:48:28.7169927Z       |                                                           ~~~~~~~~~~~~~~                        
2026-10-06T15:48:28.7170776Z       |                                                           |
2026-10-06T15:48:28.7171854Z       |                                                           uint64_t {aka long unsigned int}
2026-10-06T15:48:28.7173815Z src/solver/Solver.cc:6836:124: warning: format ‘%llu’ expects argument of type ‘long long unsigned int’, but argument 10 has type ‘uint64_t’ {aka ‘long unsigned int’} [-Wformat=]
2026-10-06T15:48:28.7175802Z  6836 |     printf("c nbLK: %llu, nbSuccLK: %llu(%4.2f%%), nbLKup: %llu(%4.2f%%), hardens %u (fixed %llu), dynVars %d, shorten: %llu\n",
2026-10-06T15:48:28.7177416Z       |                                                                                                                         ~~~^
2026-10-06T15:48:28.7178524Z       |                                                                                                                            |
2026-10-06T15:48:28.7179635Z       |                                                                                                                            long long unsigned int
2026-10-06T15:48:28.7180921Z       |                                                                                                                         %lu
2026-10-06T15:48:28.7182335Z  6837 |            LOOKAHEAD, nbLKsuccess, 100.0*nbLKsuccess/LOOKAHEAD, lk_propagations,
2026-10-06T15:48:28.7183793Z  6838 |            100.0*lk_propagations/propagations, nbHardens, fixedByHardens, nVars()-staticNbVars, nbSavedLits);
2026-10-06T15:48:28.7185178Z       |                                                                                                 ~~~~~~~~~~~                 
2026-10-06T15:48:28.7186257Z       |                                                                                                 |
2026-10-06T15:48:28.7187363Z       |                                                                                                 uint64_t {aka long unsigned int}
2026-10-06T15:48:28.7362520Z In file included from src/solver/mtl/Sort.h:24,
2026-10-06T15:48:28.7382072Z                  from src/solver/Solver.cc:106:
2026-10-06T15:48:28.7403370Z src/solver/mtl/Vec.h: In instantiation of ‘void Minisat::vec<T>::capacity(int) [with T = Minisat::vec<Minisat::Solver::Watcher>]’:
2026-10-06T15:48:28.7421907Z src/solver/mtl/Vec.h:115:13:   required from ‘void Minisat::vec<T>::growTo(int) [with T = Minisat::vec<Minisat::Solver::Watcher>]’
2026-10-06T15:48:28.7443681Z src/solver/SolverTypes.h:339:50:   required from ‘void Minisat::OccLists<Idx, Vec, Deleted>::init(const Idx&) [with Idx = Minisat::Lit; Vec = Minisat::vec<Minisat::Solver::Watcher>; Deleted = Minisat::Solver::WatcherDeleted]’
2026-10-06T15:48:28.7492897Z src/solver/Solver.cc:1272:21:   required from here
2026-10-06T15:48:28.7495222Z src/solver/mtl/Vec.h:99:54: warning: ‘void* realloc(void*, size_t)’ moving an object of non-trivially copyable type ‘class Minisat::vec<Minisat::Solver::Watcher>’; use ‘new’ and ‘delete’ instead [-Wclass-memaccess]
2026-10-06T15:48:28.7497384Z    99 |     if (add > INT_MAX - cap || ((data = (T*)::realloc(data, (cap += add) * sizeof(T))) == NULL) && errno == ENOMEM)
2026-10-06T15:48:28.7498588Z       |                                             ~~~~~~~~~^~~~~~~~~~~~~~~~~~~~~~~~~~~~~~~~
2026-10-06T15:48:28.7500121Z src/solver/mtl/Vec.h:38:7: note: ‘class Minisat::vec<Minisat::Solver::Watcher>’ declared here
2026-10-06T15:48:28.7501124Z    38 | class vec {
2026-10-06T15:48:28.7501961Z       |       ^~~
2026-10-06T15:48:28.7503311Z src/solver/mtl/Vec.h: In instantiation of ‘void Minisat::vec<T>::capacity(int) [with T = Minisat::vec<Minisat::Lit>]’:
2026-10-06T15:48:28.7505251Z src/solver/mtl/Vec.h:115:13:   required from ‘void Minisat::vec<T>::growTo(int) [with T = Minisat::vec<Minisat::Lit>]’
2026-10-06T15:48:28.7507329Z src/solver/Solver.h:72:50:   required from ‘void Minisat::vec2<Idx, Vec>::init(const Idx&) [with Idx = Minisat::Lit; Vec = Minisat::vec<Minisat::Lit>]’
2026-10-06T15:48:28.7508761Z src/solver/Solver.cc:1312:22:   required from here
2026-10-06T15:48:28.7510879Z src/solver/mtl/Vec.h:99:54: warning: ‘void* realloc(void*, size_t)’ moving an object of non-trivially copyable type ‘class Minisat::vec<Minisat::Lit>’; use ‘new’ and ‘delete’ instead [-Wclass-memaccess]
2026-10-06T15:48:28.7513340Z    99 |     if (add > INT_MAX - cap || ((data = (T*)::realloc(data, (cap += add) * sizeof(T))) == NULL) && errno == ENOMEM)
2026-10-06T15:48:28.7514548Z       |                                             ~~~~~~~~~^~~~~~~~~~~~~~~~~~~~~~~~~~~~~~~~
2026-10-06T15:48:28.7515856Z src/solver/mtl/Vec.h:38:7: note: ‘class Minisat::vec<Minisat::Lit>’ declared here
2026-10-06T15:48:28.7517132Z    38 | class vec {
2026-10-06T15:48:28.7517727Z       |       ^~~
2026-10-06T15:48:28.7518975Z src/solver/mtl/Vec.h: In instantiation of ‘void Minisat::vec<T>::capacity(int) [with T = Minisat::vec<int>]’:
2026-10-06T15:48:28.7520723Z src/solver/mtl/Vec.h:115:13:   required from ‘void Minisat::vec<T>::growTo(int) [with T = Minisat::vec<int>]’
2026-10-06T15:48:28.7523075Z src/solver/Solver.h:72:50:   required from ‘void Minisat::vec2<Idx, Vec>::init(const Idx&) [with Idx = int; Vec = Minisat::vec<int>]’
2026-10-06T15:48:28.7524368Z src/solver/Solver.cc:4250:13:   required from here
2026-10-06T15:48:28.7526436Z src/solver/mtl/Vec.h:99:54: warning: ‘void* realloc(void*, size_t)’ moving an object of non-trivially copyable type ‘class Minisat::vec<int>’; use ‘new’ and ‘delete’ instead [-Wclass-memaccess]
2026-10-06T15:48:28.7528468Z    99 |     if (add > INT_MAX - cap || ((data = (T*)::realloc(data, (cap += add) * sizeof(T))) == NULL) && errno == ENOMEM)
2026-10-06T15:48:28.7529638Z       |                                             ~~~~~~~~~^~~~~~~~~~~~~~~~~~~~~~~~~~~~~~~~
2026-10-06T15:48:28.7530789Z src/solver/mtl/Vec.h:38:7: note: ‘class Minisat::vec<int>’ declared here
2026-10-06T15:48:28.7531973Z    38 | class vec {
2026-10-06T15:48:28.7532538Z       |       ^~~
2026-10-06T15:48:28.8021254Z src/solver/Solver.cc: In member function ‘void Minisat::Solver::emitBoundsUpdate()’:
2026-10-06T15:48:28.8043244Z src/solver/Solver.cc:5204:24: warning: ignoring return value of ‘ssize_t write(int, const void*, size_t)’ declared with attribute ‘warn_unused_result’ [-Wunused-result]
2026-10-06T15:48:28.8052344Z  5204 |             (void)write(bounds_pipe_w, buf, (size_t)n);
2026-10-06T15:48:28.8082171Z       |                   ~~~~~^~~~~~~~~~~~~~~~~~~~~~~~~~~~~~~
2026-10-06T15:48:28.8083853Z src/solver/Solver.cc:5210:24: warning: ignoring return value of ‘ssize_t write(int, const void*, size_t)’ declared with attribute ‘warn_unused_result’ [-Wunused-result]
2026-10-06T15:48:28.8085591Z  5210 |             (void)write(bounds_pipe_w, buf, (size_t)n);
2026-10-06T15:48:28.8086274Z       |                   ~~~~~^~~~~~~~~~~~~~~~~~~~~~~~~~~~~~~
2026-10-06T15:48:28.8087403Z src/solver/Solver.cc: In member function ‘void Minisat::Solver::emitTryUpdate(uint64_t)’:
2026-10-06T15:48:28.8089218Z src/solver/Solver.cc:5220:20: warning: ignoring return value of ‘ssize_t write(int, const void*, size_t)’ declared with attribute ‘warn_unused_result’ [-Wunused-result]
2026-10-06T15:48:28.8111306Z  5220 |         (void)write(bounds_pipe_w, buf, (size_t)n);
2026-10-06T15:48:28.8112334Z       |               ~~~~~^~~~~~~~~~~~~~~~~~~~~~~~~~~~~~~
2026-10-06T15:48:31.5760352Z In file included from src/solver/Solver.h:54:
2026-10-06T15:48:31.5761926Z In function ‘Minisat::Lit Minisat::operator~(Lit)’,
2026-10-06T15:48:31.5763325Z     inlined from ‘void Minisat::Solver::analyze(Minisat::CRef, Minisat::vec<Minisat::Lit>&, int&, int&)’ at src/solver/Solver.cc:1757:22:
2026-10-06T15:48:31.5765081Z src/solver/SolverTypes.h:73:64: warning: ‘p.Minisat::Lit::x’ may be used uninitialized [-Wmaybe-uninitialized]
2026-10-06T15:48:31.5766174Z    73 | inline  Lit  operator ~(Lit p)              { Lit q; q.x = p.x ^ 1; return q; }
2026-10-06T15:48:31.5766897Z       |                                                            ~~~~^~~
2026-10-06T15:48:31.5768325Z src/solver/Solver.cc: In member function ‘void Minisat::Solver::analyze(Minisat::CRef, Minisat::vec<Minisat::Lit>&, int&, int&)’:
2026-10-06T15:48:31.5769669Z src/solver/Solver.cc:1671:9: note: ‘p.Minisat::Lit::x’ was declared here
2026-10-06T15:48:31.5770400Z  1671 |     Lit p; //     = lit_Undef;
2026-10-06T15:48:31.5770853Z       |         ^
2026-10-06T15:48:31.6582942Z In function ‘Minisat::Lit Minisat::operator~(Lit)’,
2026-10-06T15:48:31.6584371Z     inlined from ‘void Minisat::Solver::analyzeSoftConflict(Minisat::vec<Minisat::Lit>&, int&, int&)’ at src/solver/Solver.cc:2396:22:
2026-10-06T15:48:31.6586780Z src/solver/SolverTypes.h:73:64: warning: ‘p.Minisat::Lit::x’ may be used uninitialized [-Wmaybe-uninitialized]
2026-10-06T15:48:31.6587912Z    73 | inline  Lit  operator ~(Lit p)              { Lit q; q.x = p.x ^ 1; return q; }
2026-10-06T15:48:31.6588664Z       |                                                            ~~~~^~~
2026-10-06T15:48:31.6589946Z src/solver/Solver.cc: In member function ‘void Minisat::Solver::analyzeSoftConflict(Minisat::vec<Minisat::Lit>&, int&, int&)’:
2026-10-06T15:48:31.6591264Z src/solver/Solver.cc:2193:9: note: ‘p.Minisat::Lit::x’ was declared here
2026-10-06T15:48:31.6592138Z  2193 |     Lit p;
2026-10-06T15:48:31.6592477Z       |         ^
2026-10-06T15:48:31.7907718Z In function ‘Minisat::Lit Minisat::operator~(Lit)’,
2026-10-06T15:48:31.7909189Z     inlined from ‘void Minisat::Solver::analyzeQuasiSoftConflict(Minisat::vec<Minisat::Lit>&, int&, int&)’ at src/solver/Solver.cc:4664:22:
2026-10-06T15:48:31.7911058Z src/solver/SolverTypes.h:73:64: warning: ‘p.Minisat::Lit::x’ may be used uninitialized [-Wmaybe-uninitialized]
2026-10-06T15:48:31.7912558Z    73 | inline  Lit  operator ~(Lit p)              { Lit q; q.x = p.x ^ 1; return q; }
2026-10-06T15:48:31.7913313Z       |                                                            ~~~~^~~
2026-10-06T15:48:31.7914677Z src/solver/Solver.cc: In member function ‘void Minisat::Solver::analyzeQuasiSoftConflict(Minisat::vec<Minisat::Lit>&, int&, int&)’:
2026-10-06T15:48:31.7916047Z src/solver/Solver.cc:4492:9: note: ‘p.Minisat::Lit::x’ was declared here
2026-10-06T15:48:31.7916678Z  4492 |     Lit p;
2026-10-06T15:48:31.7917000Z       |         ^
2026-10-06T15:48:34.5335129Z g++ -Isrc/solver -Wall -Wno-parentheses -O3 -g -D __STDC_LIMIT_MACROS -D __STDC_FORMAT_MACROS -DNDEBUG -o bin/distqldpc src/core/distqldpc.cc build/SimpSolver.o build/Solver.o build/Options.o build/System.o -lz
2026-10-06T15:48:34.5338045Z g++ -Isrc/solver -Wall -Wno-parentheses -O3 -g -D __STDC_LIMIT_MACROS -D __STDC_FORMAT_MACROS -DNDEBUG -o bin/maxcdcl src/solver/Main.cc build/SimpSolver.o build/Solver.o build/Options.o build/System.o -lz
2026-10-06T15:48:34.5786875Z In file included from src/solver/Main.cc:51:
2026-10-06T15:48:34.5788273Z src/solver/utils/Options.h:285:29: warning: invalid suffix on literal; C++11 requires a space between literal and string macro [-Wliteral-suffix]
2026-10-06T15:48:34.5789630Z   285 |             fprintf(stderr, "%4"PRIi64, range.begin);
2026-10-06T15:48:34.5790245Z       |                             ^
2026-10-06T15:48:34.5791211Z src/solver/utils/Options.h:291:29: warning: invalid suffix on literal; C++11 requires a space between literal and string macro [-Wliteral-suffix]
2026-10-06T15:48:34.5792433Z   291 |             fprintf(stderr, "%4"PRIi64, range.end);
2026-10-06T15:48:34.5792829Z       |                             ^
2026-10-06T15:48:34.5793603Z src/solver/utils/Options.h:293:25: warning: invalid suffix on literal; C++11 requires a space between literal and string macro [-Wliteral-suffix]
2026-10-06T15:48:34.5794493Z   293 |         fprintf(stderr, "] (default: %"PRIi64")\n", value);
2026-10-06T15:48:34.5794921Z       |                         ^
2026-10-06T15:48:34.5803920Z src/solver/Main.cc:84:16: warning: invalid suffix on literal; C++11 requires a space between literal and string macro [-Wliteral-suffix]
2026-10-06T15:48:34.5805225Z    84 |         printf("c restarts              : %"PRIu64"\n", solver.starts);
2026-10-06T15:48:34.5805876Z       |                ^
2026-10-06T15:48:34.5806836Z src/solver/Main.cc:85:16: warning: invalid suffix on literal; C++11 requires a space between literal and string macro [-Wliteral-suffix]
2026-10-06T15:48:34.5808184Z    85 |         printf("c conflicts             : %-12"PRIu64"   (%.0f /sec)\n", solver.conflicts, solver.conflicts / cpu_time);
2026-10-06T15:48:34.5808763Z       |                ^
2026-10-06T15:48:34.5809396Z src/solver/Main.cc:86:16: warning: invalid suffix on literal; C++11 requires a space between literal and string macro [-Wliteral-suffix]
2026-10-06T15:48:34.5810932Z    86 |         printf("c decisions             : %-12"PRIu64"   (%4.2f %% random) (%.0f /sec)\n", solver.decisions, (float)solver.rnd_decisions * 100 / (float)solver.decisions, solver.decisions / cpu_time);
2026-10-06T15:48:34.5812027Z       |                ^
2026-10-06T15:48:34.5812664Z src/solver/Main.cc:87:16: warning: invalid suffix on literal; C++11 requires a space between literal and string macro [-Wliteral-suffix]
2026-10-06T15:48:34.5813651Z    87 |         printf("c propagations          : %-12"PRIu64"   (%.0f /sec)\n", solver.propagations, solver.propagations / cpu_time);
2026-10-06T15:48:34.5814270Z       |                ^
2026-10-06T15:48:34.5815198Z src/solver/Main.cc:88:16: warning: invalid suffix on literal; C++11 requires a space between literal and string macro [-Wliteral-suffix]
2026-10-06T15:48:34.5816397Z    88 |         printf("c conflict literals     : %-12"PRIu64"   (%4.2f %% deleted)\n", solver.tot_literals, (solver.max_literals - solver.tot_literals) * 100 / (double)solver.max_literals);
2026-10-06T15:48:34.5817088Z       |                ^
2026-10-06T15:48:34.5817607Z src/solver/Main.cc:93:16: warning: invalid suffix on literal; C++11 requires a space between literal and string macro [-Wliteral-suffix]
2026-10-06T15:48:34.5818285Z    93 |         printf("c s_propagations        : %-12"PRIu64"\n", solver.s_propagations);
2026-10-06T15:48:34.5818662Z       |                ^
2026-10-06T15:48:34.6846603Z src/solver/Main.cc: In function ‘void printStats(Minisat::Solver&)’:
2026-10-06T15:48:34.6848190Z src/solver/Main.cc:92:46: warning: format ‘%llu’ expects argument of type ‘long long unsigned int’, but argument 2 has type ‘uint64_t’ {aka ‘long unsigned int’} [-Wformat=]
2026-10-06T15:48:34.6849930Z    92 |         printf("c nbSimplifyAll         : %llu\n", solver.nbSimplifyAll);
2026-10-06T15:48:34.6850825Z       |                                           ~~~^     ~~~~~~~~~~~~~~~~~~~~
2026-10-06T15:48:34.6852345Z       |                                              |            |
2026-10-06T15:48:34.6853183Z       |                                              |            uint64_t {aka long unsigned int}
2026-10-06T15:48:34.6854049Z       |                                              long long unsigned int
2026-10-06T15:48:34.6854786Z       |                                           %lu
2026-10-06T15:48:34.6859958Z src/solver/Main.cc: In function ‘int main(int, char**)’:
2026-10-06T15:48:34.6862147Z src/solver/Main.cc:187:34: warning: format ‘%llu’ expects argument of type ‘long long unsigned int’, but argument 2 has type ‘uint64_t’ {aka ‘long unsigned int’} [-Wformat=]
2026-10-06T15:48:34.6863909Z   187 |         printf("c initial UB: %llu\n", S.initUB);
2026-10-06T15:48:34.6864584Z       |                               ~~~^     ~~~~~~~~
2026-10-06T15:48:34.6865162Z       |                                  |       |
2026-10-06T15:48:34.6865613Z       |                                  |       uint64_t {aka long unsigned int}
2026-10-06T15:48:34.6866073Z       |                                  long long unsigned int
2026-10-06T15:48:34.6866440Z       |                               %lu
2026-10-06T15:48:34.7251602Z src/solver/Main.cc: At global scope:
2026-10-06T15:48:34.7252869Z src/solver/Main.cc:108:13: warning: ‘void SIGINT_exit(int)’ defined but not used [-Wunused-function]
2026-10-06T15:48:34.7253475Z   108 | static void SIGINT_exit(int signum) {
2026-10-06T15:48:34.7253823Z       |             ^~~~~~~~~~~
2026-10-06T15:48:34.7474652Z In file included from src/solver/Solver.h:53,
2026-10-06T15:48:34.7475348Z                  from src/solver/SimpSolver.h:37,
2026-10-06T15:48:34.7475940Z                  from src/core/distqldpc.cc:40:
2026-10-06T15:48:34.7477136Z src/solver/utils/Options.h:285:29: warning: invalid suffix on literal; C++11 requires a space between literal and string macro [-Wliteral-suffix]
2026-10-06T15:48:34.7478397Z   285 |             fprintf(stderr, "%4"PRIi64, range.begin);
2026-10-06T15:48:34.7479032Z       |                             ^
2026-10-06T15:48:34.7480559Z src/solver/utils/Options.h:291:29: warning: invalid suffix on literal; C++11 requires a space between literal and string macro [-Wliteral-suffix]
2026-10-06T15:48:34.7482077Z   291 |             fprintf(stderr, "%4"PRIi64, range.end);
2026-10-06T15:48:34.7482657Z       |                             ^
2026-10-06T15:48:34.7483724Z src/solver/utils/Options.h:293:25: warning: invalid suffix on literal; C++11 requires a space between literal and string macro [-Wliteral-suffix]
2026-10-06T15:48:34.7484956Z   293 |         fprintf(stderr, "] (default: %"PRIi64")\n", value);
2026-10-06T15:48:34.7485539Z       |                         ^
2026-10-06T15:48:35.0755670Z src/core/distqldpc.cc: In function ‘void pipe_write_result(int, int, bool)’:
2026-10-06T15:48:35.0757977Z src/core/distqldpc.cc:162:20: warning: ignoring return value of ‘ssize_t write(int, const void*, size_t)’ declared with attribute ‘warn_unused_result’ [-Wunused-result]
2026-10-06T15:48:35.0759982Z   162 |         (void)write(pipe_w, buf, (size_t)n);
2026-10-06T15:48:35.0760787Z       |               ~~~~~^~~~~~~~~~~~~~~~~~~~~~~~
2026-10-06T15:48:36.0592804Z make: Leaving directory '/home/runner/work/DistQLDPC/DistQLDPC/baseline'
2026-10-06T15:48:36.0623497Z make: Entering directory '/home/runner/work/DistQLDPC/DistQLDPC/candidate'
2026-10-06T15:48:36.0636021Z g++ -Isrc/solver -Wall -Wno-parentheses -O3 -g -D __STDC_LIMIT_MACROS -D __STDC_FORMAT_MACROS -DNDEBUG -c -o build/SimpSolver.o src/solver/SimpSolver.cc
2026-10-06T15:48:36.0637867Z g++ -Isrc/solver -Wall -Wno-parentheses -O3 -g -D __STDC_LIMIT_MACROS -D __STDC_FORMAT_MACROS -DNDEBUG -c -o build/Solver.o src/solver/Solver.cc
2026-10-06T15:48:36.0682923Z g++ -Isrc/solver -Wall -Wno-parentheses -O3 -g -D __STDC_LIMIT_MACROS -D __STDC_FORMAT_MACROS -DNDEBUG -c -o build/Options.o src/solver/utils/Options.cc
2026-10-06T15:48:36.0713615Z g++ -Isrc/solver -Wall -Wno-parentheses -O3 -g -D __STDC_LIMIT_MACROS -D __STDC_FORMAT_MACROS -DNDEBUG -c -o build/System.o src/solver/utils/System.cc
2026-10-06T15:48:36.1318945Z In file included from src/solver/Solver.h:53,
2026-10-06T15:48:36.1342048Z                  from src/solver/SimpSolver.h:37,
2026-10-06T15:48:36.1372112Z                  from src/solver/SimpSolver.cc:34:
2026-10-06T15:48:36.1402615Z src/solver/utils/Options.h:285:29: warning: invalid suffix on literal; C++11 requires a space between literal and string macro [-Wliteral-suffix]
2026-10-06T15:48:36.1404048Z   285 |             fprintf(stderr, "%4"PRIi64, range.begin);
2026-10-06T15:48:36.1432152Z       |                             ^
2026-10-06T15:48:36.1462773Z src/solver/utils/Options.h:291:29: warning: invalid suffix on literal; C++11 requires a space between literal and string macro [-Wliteral-suffix]
2026-10-06T15:48:36.1492251Z   291 |             fprintf(stderr, "%4"PRIi64, range.end);
2026-10-06T15:48:36.1493098Z       |                             ^
2026-10-06T15:48:36.1522773Z src/solver/utils/Options.h:293:25: warning: invalid suffix on literal; C++11 requires a space between literal and string macro [-Wliteral-suffix]
2026-10-06T15:48:36.1532483Z   293 |         fprintf(stderr, "] (default: %"PRIi64")\n", value);
2026-10-06T15:48:36.1533260Z       |                         ^
2026-10-06T15:48:36.1533895Z In file included from src/solver/Solver.h:53,
2026-10-06T15:48:36.1534616Z                  from src/solver/Solver.cc:107:
2026-10-06T15:48:36.1535933Z src/solver/utils/Options.h:285:29: warning: invalid suffix on literal; C++11 requires a space between literal and string macro [-Wliteral-suffix]
2026-10-06T15:48:36.1537203Z   285 |             fprintf(stderr, "%4"PRIi64, range.begin);
2026-10-06T15:48:36.1537866Z       |                             ^
2026-10-06T15:48:36.1538527Z In file included from src/solver/utils/Options.cc:21:
2026-10-06T15:48:36.1539775Z src/solver/utils/Options.h:285:29: warning: invalid suffix on literal; C++11 requires a space between literal and string macro [-Wliteral-suffix]
2026-10-06T15:48:36.1541090Z   285 |             fprintf(stderr, "%4"PRIi64, range.begin);
2026-10-06T15:48:36.1542145Z       |                             ^
2026-10-06T15:48:36.1543612Z src/solver/utils/Options.h:291:29: warning: invalid suffix on literal; C++11 requires a space between literal and string macro [-Wliteral-suffix]
2026-10-06T15:48:36.1544924Z   291 |             fprintf(stderr, "%4"PRIi64, range.end);
2026-10-06T15:48:36.1545585Z       |                             ^
2026-10-06T15:48:36.1546738Z src/solver/utils/Options.h:293:25: warning: invalid suffix on literal; C++11 requires a space between literal and string macro [-Wliteral-suffix]
2026-10-06T15:48:36.1548040Z   293 |         fprintf(stderr, "] (default: %"PRIi64")\n", value);
2026-10-06T15:48:36.1548729Z       |                         ^
2026-10-06T15:48:36.1549874Z src/solver/utils/Options.h:291:29: warning: invalid suffix on literal; C++11 requires a space between literal and string macro [-Wliteral-suffix]
2026-10-06T15:48:36.1551156Z   291 |             fprintf(stderr, "%4"PRIi64, range.end);
2026-10-06T15:48:36.1552095Z       |                             ^
2026-10-06T15:48:36.1553270Z src/solver/utils/Options.h:293:25: warning: invalid suffix on literal; C++11 requires a space between literal and string macro [-Wliteral-suffix]
2026-10-06T15:48:36.1554568Z   293 |         fprintf(stderr, "] (default: %"PRIi64")\n", value);
2026-10-06T15:48:36.1555257Z       |                         ^
2026-10-06T15:48:36.3067484Z src/solver/Solver.h: In constructor ‘Minisat::Solver::Solver()’:
2026-10-06T15:48:36.3069063Z src/solver/Solver.h:480:15: warning: ‘Minisat::Solver::my_var_decay’ will be initialized after [-Wreorder]
2026-10-06T15:48:36.3070288Z   480 |     double    my_var_decay;
2026-10-06T15:48:36.3070901Z       |               ^~~~~~~~~~~~
2026-10-06T15:48:36.3072859Z src/solver/Solver.h:293:42: warning:   ‘Minisat::Heap<Minisat::Solver::VarOrderLt> Minisat::Solver::order_heap_distance’ [-Wreorder]
2026-10-06T15:48:36.3074254Z   293 |                         order_heap_VSIDS,order_heap_distance;
2026-10-06T15:48:36.3075517Z       |                                          ^~~~~~~~~~~~~~~~~~~
2026-10-06T15:48:36.3076426Z src/solver/Solver.cc:143:1: warning:   when initialized here [-Wreorder]
2026-10-06T15:48:36.3077287Z   143 | Solver::Solver() :
2026-10-06T15:48:36.3077840Z       | ^~~~~~
2026-10-06T15:48:36.3079028Z src/solver/Solver.h:514:14: warning: ‘Minisat::Solver::lastOptimalCost’ will be initialized after [-Wreorder]
2026-10-06T15:48:36.3080109Z   514 |     uint64_t lastOptimalCost;
2026-10-06T15:48:36.3080716Z       |              ^~~~~~~~~~~~~~~
2026-10-06T15:48:36.3082080Z src/solver/Solver.h:513:40: warning:   ‘uint64_t Minisat::Solver::totalWeight’ [-Wreorder]
2026-10-06T15:48:36.3083226Z   513 |     uint64_t hardWeight, solutionCost, totalWeight, UB;
2026-10-06T15:48:36.3084033Z       |                                        ^~~~~~~~~~~
2026-10-06T15:48:36.3084913Z src/solver/Solver.cc:143:1: warning:   when initialized here [-Wreorder]
2026-10-06T15:48:36.3085799Z   143 | Solver::Solver() :
2026-10-06T15:48:36.3086367Z       | ^~~~~~
2026-10-06T15:48:36.3087629Z src/solver/Solver.h:707:25: warning: ‘Minisat::Solver::orderHeapAuxi’ will be initialized after [-Wreorder]
2026-10-06T15:48:36.3088798Z   707 |     Heap<VarOrderGt>    orderHeapAuxi;
2026-10-06T15:48:36.3089496Z       |                         ^~~~~~~~~~~~~
2026-10-06T15:48:36.3090646Z src/solver/Solver.h:619:25: warning:   ‘int Minisat::Solver::tier2_lbd_cut’ [-Wreorder]
2026-10-06T15:48:36.3091923Z   619 |     int                 tier2_lbd_cut;
2026-10-06T15:48:36.3092615Z       |                         ^~~~~~~~~~~~~
2026-10-06T15:48:36.3093429Z src/solver/Solver.cc:143:1: warning:   when initialized here [-Wreorder]
2026-10-06T15:48:36.3094270Z   143 | Solver::Solver() :
2026-10-06T15:48:36.3094832Z       | ^~~~~~
2026-10-06T15:48:36.3096087Z src/solver/Solver.h:663:9: warning: ‘Minisat::Solver::cardinalityEncMode’ will be initialized after [-Wreorder]
2026-10-06T15:48:36.3097340Z   663 |     int cardinalityEncMode;
2026-10-06T15:48:36.3097967Z       |         ^~~~~~~~~~~~~~~~~~
2026-10-06T15:48:36.3099422Z src/solver/Solver.h:644:14: warning:   ‘uint64_t Minisat::Solver::quasiSoftConflicts’ [-Wreorder]
2026-10-06T15:48:36.3100518Z   644 |     uint64_t quasiSoftConflicts;
2026-10-06T15:48:36.3101161Z       |              ^~~~~~~~~~~~~~~~~~
2026-10-06T15:48:36.3102340Z src/solver/Solver.cc:143:1: warning:   when initialized here [-Wreorder]
2026-10-06T15:48:36.3103224Z   143 | Solver::Solver() :
2026-10-06T15:48:36.3103808Z       | ^~~~~~
2026-10-06T15:48:36.3105007Z src/solver/Solver.h:696:14: warning: ‘Minisat::Solver::nbFixedByLH’ will be initialized after [-Wreorder]
2026-10-06T15:48:36.3106097Z   696 |     uint64_t nbFixedByLH;
2026-10-06T15:48:36.3106720Z       |              ^~~~~~~~~~~
2026-10-06T15:48:36.3107901Z src/solver/Solver.h:562:10: warning:   ‘bool Minisat::Solver::bestSolutionFound’ [-Wreorder]
2026-10-06T15:48:36.3108942Z   562 |     bool bestSolutionFound;
2026-10-06T15:48:36.3109656Z       |          ^~~~~~~~~~~~~~~~~
2026-10-06T15:48:36.3110465Z src/solver/Solver.cc:143:1: warning:   when initialized here [-Wreorder]
2026-10-06T15:48:36.3111308Z   143 | Solver::Solver() :
2026-10-06T15:48:36.3112122Z       | ^~~~~~
2026-10-06T15:48:36.3113348Z src/solver/Solver.h:564:9: warning: ‘Minisat::Solver::nbSatLitsAtStart’ will be initialized after [-Wreorder]
2026-10-06T15:48:36.3114454Z   564 |     int nbSatLitsAtStart;
2026-10-06T15:48:36.3115068Z       |         ^~~~~~~~~~~~~~~~
2026-10-06T15:48:36.3116136Z src/solver/Solver.h:560:9: warning:   ‘int Minisat::Solver::bounds_pipe_w’ [-Wreorder]
2026-10-06T15:48:36.3117087Z   560 |     int bounds_pipe_w;
2026-10-06T15:48:36.3117662Z       |         ^~~~~~~~~~~~~
2026-10-06T15:48:36.3118449Z src/solver/Solver.cc:143:1: warning:   when initialized here [-Wreorder]
2026-10-06T15:48:36.3119292Z   143 | Solver::Solver() :
2026-10-06T15:48:36.3119850Z       | ^~~~~~
2026-10-06T15:48:36.3130001Z src/solver/Solver.cc: In member function ‘Minisat::CRef Minisat::Solver::simplePropagate()’:
2026-10-06T15:48:36.3132472Z src/solver/Solver.cc:316:27: warning: comparison of integer expressions of different signedness: ‘unsigned int’ and ‘int’ [-Wsign-compare]
2026-10-06T15:48:36.3133800Z   316 |         if (c.lastPoint() > c.size())
2026-10-06T15:48:36.3134451Z       |             ~~~~~~~~~~~~~~^~~~~~~~~~
2026-10-06T15:48:36.3135902Z src/solver/Solver.cc:335:27: warning: comparison of integer expressions of different signedness: ‘int’ and ‘unsigned int’ [-Wsign-compare]
2026-10-06T15:48:36.3137285Z   335 |         for (int k = 2; k < c.lastPoint(); k++) {
2026-10-06T15:48:36.3138036Z       |                         ~~^~~~~~~~~~~~~~~
2026-10-06T15:48:36.3139956Z src/solver/Solver.cc:381:63: warning: comparison of integer expressions of different signedness: ‘int’ and ‘uint64_t’ {aka ‘long unsigned int’} [-Wsign-compare]
2026-10-06T15:48:36.3141621Z   381 |     if (confl == CRef_Undef && falseLits.size() + rootNbIsets >= UB)
2026-10-06T15:48:36.3142383Z       |                                ~~~~~~~~~~~~~~~~~~~~~~~~~~~~~~~^~~~~
2026-10-06T15:48:36.3218549Z src/solver/Solver.cc: In member function ‘bool Minisat::Solver::simplifyLearnt_core()’:
2026-10-06T15:48:36.3220369Z src/solver/Solver.cc:787:34: warning: comparison of integer expressions of different signedness: ‘unsigned int’ and ‘int’ [-Wsign-compare]
2026-10-06T15:48:36.3221962Z   787 |                     if (nblevels < c.lbd()){
2026-10-06T15:48:36.3222652Z       |                         ~~~~~~~~~^~~~~~~~~
2026-10-06T15:48:36.3223886Z src/solver/Solver.cc:721:9: warning: unused variable ‘learnts_core_size_before’ [-Wunused-variable]
2026-10-06T15:48:36.3225015Z   721 |     int learnts_core_size_before = learnts_core.size();
2026-10-06T15:48:36.3225735Z       |         ^~~~~~~~~~~~~~~~~~~~~~~~
2026-10-06T15:48:36.3236188Z src/solver/Solver.cc: In member function ‘bool Minisat::Solver::simplifyLearnt_tier2()’:
2026-10-06T15:48:36.3237981Z src/solver/Solver.cc:895:34: warning: comparison of integer expressions of different signedness: ‘unsigned int’ and ‘int’ [-Wsign-compare]
2026-10-06T15:48:36.3239704Z   895 |                     if (nblevels < c.lbd()){
2026-10-06T15:48:36.3240477Z       |                         ~~~~~~~~~^~~~~~~~~
2026-10-06T15:48:36.3241993Z src/solver/Solver.cc:823:9: warning: unused variable ‘learnts_tier2_size_before’ [-Wunused-variable]
2026-10-06T15:48:36.3243169Z   823 |     int learnts_tier2_size_before = learnts_tier2.size();
2026-10-06T15:48:36.3243913Z       |         ^~~~~~~~~~~~~~~~~~~~~~~~~
2026-10-06T15:48:36.3245061Z src/solver/Solver.cc:828:9: warning: variable ‘limit’ set but not used [-Wunused-but-set-variable]
2026-10-06T15:48:36.3246069Z   828 |     int limit;
2026-10-06T15:48:36.3246591Z       |         ^~~~~
2026-10-06T15:48:36.3265406Z src/solver/Solver.cc: In member function ‘bool Minisat::Solver::failedLiteralDetection()’:
2026-10-06T15:48:36.3267529Z src/solver/Solver.cc:1038:100: warning: format ‘%llu’ expects argument of type ‘long long unsigned int’, but argument 7 has type ‘uint64_t’ {aka ‘long unsigned int’} [-Wformat=]
2026-10-06T15:48:36.3283359Z  1038 |   printf("c nbFailedLits %d, nbI %d, fixedVarsByFL %d, totalFixedVars %d, nbTested: %d, counter %llu\n",
2026-10-06T15:48:36.3284595Z       |                                                                                                 ~~~^
2026-10-06T15:48:36.3285507Z       |                                                                                                    |
2026-10-06T15:48:36.3286490Z       |                                                                                                    long long unsigned int
2026-10-06T15:48:36.3287477Z       |                                                                                                 %lu
2026-10-06T15:48:36.3288524Z  1039 |          nbFailedLits, nbI, trail.size()-initTrail, trail.size(), nbTested, counter);
2026-10-06T15:48:36.3289600Z       |                                                                             ~~~~~~~                 
2026-10-06T15:48:36.3290758Z       |                                                                             |
2026-10-06T15:48:36.3291895Z       |                                                                             uint64_t {aka long unsigned int}
2026-10-06T15:48:36.3293391Z src/solver/Solver.cc: In member function ‘bool Minisat::Solver::simplifyOriginalClauses()’:
2026-10-06T15:48:36.3295400Z src/solver/Solver.cc:1179:40: warning: format ‘%llu’ expects argument of type ‘long long unsigned int’, but argument 2 has type ‘uint64_t’ {aka ‘long unsigned int’} [-Wformat=]
2026-10-06T15:48:36.3297061Z  1179 |     printf("c total nb of literals: %llu\n", clauses_literals);
2026-10-06T15:48:36.3297934Z       |                                     ~~~^     ~~~~~~~~~~~~~~~~
2026-10-06T15:48:36.3298664Z       |                                        |     |
2026-10-06T15:48:36.3299425Z       |                                        |     uint64_t {aka long unsigned int}
2026-10-06T15:48:36.3300277Z       |                                        long long unsigned int
2026-10-06T15:48:36.3301031Z       |                                     %lu
2026-10-06T15:48:36.3302534Z src/solver/Solver.cc:1173:25: warning: unused variable ‘nbOriginalClauses_before’ [-Wunused-variable]
2026-10-06T15:48:36.3303793Z  1173 |     int last_shorten=0, nbOriginalClauses_before = clauses.size();
2026-10-06T15:48:36.3304677Z       |                         ^~~~~~~~~~~~~~~~~~~~~~~~
2026-10-06T15:48:36.3305794Z src/solver/Solver.cc:1185:17: warning: unused variable ‘begin_simp_time’ [-Wunused-variable]
2026-10-06T15:48:36.3306829Z  1185 |     double      begin_simp_time = cpuTime();
2026-10-06T15:48:36.3307523Z       |                 ^~~~~~~~~~~~~~~
2026-10-06T15:48:36.3308657Z src/solver/Solver.cc:1250:12: warning: variable ‘avg’ set but not used [-Wunused-but-set-variable]
2026-10-06T15:48:36.3309657Z  1250 |     double avg;
2026-10-06T15:48:36.3310192Z       |            ^~~
2026-10-06T15:48:36.3407624Z src/solver/Solver.cc: In member function ‘Minisat::CRef Minisat::Solver::propagate()’:
2026-10-06T15:48:36.3409906Z src/solver/Solver.cc:2005:31: warning: comparison of integer expressions of different signedness: ‘unsigned int’ and ‘int’ [-Wsign-compare]
2026-10-06T15:48:36.3411373Z  2005 |             if (c.lastPoint() > c.size())
2026-10-06T15:48:36.3412436Z       |                 ~~~~~~~~~~~~~~^~~~~~~~~~
2026-10-06T15:48:36.3414119Z src/solver/Solver.cc:2024:31: warning: comparison of integer expressions of different signedness: ‘int’ and ‘unsigned int’ [-Wsign-compare]
2026-10-06T15:48:36.3415596Z  2024 |             for (int k = 2; k < c.lastPoint(); k++) {
2026-10-06T15:48:36.3416432Z       |                             ~~^~~~~~~~~~~~~~~
2026-10-06T15:48:36.3418274Z src/solver/Solver.cc:2076:49: warning: comparison of integer expressions of different signedness: ‘int’ and ‘uint64_t’ {aka ‘long unsigned int’} [-Wsign-compare]
2026-10-06T15:48:36.3419934Z  2076 |     if (confl == CRef_Undef && falseLits.size() >= UB)
2026-10-06T15:48:36.3420822Z       |                                ~~~~~~~~~~~~~~~~~^~~~~
2026-10-06T15:48:36.3422369Z src/solver/Solver.cc:2072:1: warning: label ‘ExitProp’ defined but not used [-Wunused-label]
2026-10-06T15:48:36.3423408Z  2072 | ExitProp:;
2026-10-06T15:48:36.3423924Z       | ^~~~~~~~
2026-10-06T15:48:36.3442967Z src/solver/Solver.cc: In member function ‘void Minisat::Solver::getAllUIP(Minisat::vec<Minisat::Lit>&, int&, int&)’:
2026-10-06T15:48:36.3444694Z src/solver/Solver.cc:2177:9: warning: variable ‘myLevel’ set but not used [-Wunused-but-set-variable]
2026-10-06T15:48:36.3445803Z  2177 |     int myLevel = decisionLevel() +1;
2026-10-06T15:48:36.3446485Z       |         ^~~~~~~
2026-10-06T15:48:36.3447859Z src/solver/Solver.cc: In member function ‘void Minisat::Solver::analyzeSoftConflict(Minisat::vec<Minisat::Lit>&, int&, int&)’:
2026-10-06T15:48:36.3450103Z src/solver/Solver.cc:2196:26: warning: comparison of integer expressions of different signedness: ‘int’ and ‘uint64_t’ {aka ‘long unsigned int’} [-Wsign-compare]
2026-10-06T15:48:36.3452100Z  2196 |     if (falseLits.size() >= UB)
2026-10-06T15:48:36.3452781Z       |         ~~~~~~~~~~~~~~~~~^~~~~
2026-10-06T15:48:36.3454434Z src/solver/Solver.cc:2206:26: warning: comparison of integer expressions of different signedness: ‘int’ and ‘uint64_t’ {aka ‘long unsigned int’} [-Wsign-compare]
2026-10-06T15:48:36.3455876Z  2206 |     if (falseLits.size() > UB) {
2026-10-06T15:48:36.3456508Z       |         ~~~~~~~~~~~~~~~~~^~~~
2026-10-06T15:48:36.3510224Z src/solver/Solver.cc: In member function ‘bool Minisat::Solver::simplifyLearnt_local()’:
2026-10-06T15:48:36.3512300Z src/solver/Solver.cc:2631:34: warning: comparison of integer expressions of different signedness: ‘unsigned int’ and ‘int’ [-Wsign-compare]
2026-10-06T15:48:36.3513697Z  2631 |                     if (nblevels < c.lbd()){
2026-10-06T15:48:36.3514390Z       |                         ~~~~~~~~~^~~~~~~~~
2026-10-06T15:48:36.3515637Z src/solver/Solver.cc:2559:7: warning: unused variable ‘learnts_local_size_before’ [-Wunused-variable]
2026-10-06T15:48:36.3516870Z  2559 |   int learnts_local_size_before = learnts_local.size();
2026-10-06T15:48:36.3517650Z       |       ^~~~~~~~~~~~~~~~~~~~~~~~~
2026-10-06T15:48:36.3518708Z src/solver/Solver.cc:2560:7: warning: unused variable ‘savedTrail’ [-Wunused-variable]
2026-10-06T15:48:36.3519668Z  2560 |   int savedTrail = trail.size();
2026-10-06T15:48:36.3520323Z       |       ^~~~~~~~~~
2026-10-06T15:48:36.3531683Z src/solver/Solver.cc: In member function ‘void Minisat::Solver::reduceDB_core()’:
2026-10-06T15:48:36.3533255Z src/solver/Solver.cc:2772:9: warning: unused variable ‘totalLocalSize’ [-Wunused-variable]
2026-10-06T15:48:36.3534322Z  2772 |     int totalLocalSize=0, removedSize=0;
2026-10-06T15:48:36.3535022Z       |         ^~~~~~~~~~~~~~
2026-10-06T15:48:36.3536112Z src/solver/Solver.cc:2772:27: warning: unused variable ‘removedSize’ [-Wunused-variable]
2026-10-06T15:48:36.3537144Z  2772 |     int totalLocalSize=0, removedSize=0;
2026-10-06T15:48:36.3537870Z       |                           ^~~~~~~~~~~
2026-10-06T15:48:36.3566255Z src/solver/Solver.cc: In member function ‘Minisat::CRef Minisat::Solver::lPropagate()’:
2026-10-06T15:48:36.3568162Z src/solver/Solver.cc:3022:20: warning: comparison of integer expressions of different signedness: ‘uint64_t’ {aka ‘long unsigned int’} and ‘int’ [-Wsign-compare]
2026-10-06T15:48:36.3569754Z  3022 |   if (UB > 1 && UB == falseLits.size() + 1 && decisionLevel() < hardenLevel) {
2026-10-06T15:48:36.3570636Z       |                 ~~~^~~~~~~~~~~~~~~~~~~~~~~
2026-10-06T15:48:36.3595090Z src/solver/Solver.cc: In member function ‘void Minisat::Solver::identifyClausesToSplit(Minisat::vec<unsigned int>&)’:
2026-10-06T15:48:36.3596972Z src/solver/Solver.cc:3170:46: warning: comparison of integer expressions of different signedness: ‘int’ and ‘uint64_t’ {aka ‘long unsigned int’} [-Wsign-compare]
2026-10-06T15:48:36.3599170Z  3170 |     for(j=i+1; j<cs.size() && 2*nbCommunLits >= UB; j++) {
2026-10-06T15:48:36.3600118Z       |                               ~~~~~~~~~~~~~~~^~~~~
2026-10-06T15:48:36.3688039Z src/solver/Solver.cc: In member function ‘Minisat::lbool Minisat::Solver::search(int&)’:
2026-10-06T15:48:36.3689808Z src/solver/Solver.cc:3821:31: warning: format ‘%llu’ expects argument of type ‘long long unsigned int’, but argument 2 has type ‘uint64_t’ {aka ‘long unsigned int’} [-Wformat=]
2026-10-06T15:48:36.3691746Z  3821 |               printf("c UB=%llu succs, confls=%llu, hconfls=%llu, core %d, tier2 %d, local %d,  %d soft cls unsat (%d at L0), %d fixed vars at L0, softCnfl %d, nbFlyRd %d, nbFixedLH %llu\n",
2026-10-06T15:48:36.3692734Z       |                            ~~~^
2026-10-06T15:48:36.3692996Z       |                               |
2026-10-06T15:48:36.3693274Z       |                               long long unsigned int
2026-10-06T15:48:36.3693566Z       |                            %lu
2026-10-06T15:48:36.3694093Z  3822 |                      UB, conflicts, conflicts-softConflicts, learnts_core.size(), learnts_tier2.size(), learnts_local.size(),
2026-10-06T15:48:36.3694644Z       |                      ~~        
2026-10-06T15:48:36.3694898Z       |                      |
2026-10-06T15:48:36.3695160Z       |                      uint64_t {aka long unsigned int}
2026-10-06T15:48:36.3696056Z src/solver/Solver.cc:3821:50: warning: format ‘%llu’ expects argument of type ‘long long unsigned int’, but argument 3 has type ‘uint64_t’ {aka ‘long unsigned int’} [-Wformat=]
2026-10-06T15:48:36.3697156Z  3821 |               printf("c UB=%llu succs, confls=%llu, hconfls=%llu, core %d, tier2 %d, local %d,  %d soft cls unsat (%d at L0), %d fixed vars at L0, softCnfl %d, nbFlyRd %d, nbFixedLH %llu\n",
2026-10-06T15:48:36.3697843Z       |                                               ~~~^
2026-10-06T15:48:36.3698128Z       |                                                  |
2026-10-06T15:48:36.3698442Z       |                                                  long long unsigned int
2026-10-06T15:48:36.3698770Z       |                                               %lu
2026-10-06T15:48:36.3699499Z  3822 |                      UB, conflicts, conflicts-softConflicts, learnts_core.size(), learnts_tier2.size(), learnts_local.size(),
2026-10-06T15:48:36.3700044Z       |                          ~~~~~~~~~                
2026-10-06T15:48:36.3700308Z       |                          |
2026-10-06T15:48:36.3700579Z       |                          uint64_t {aka long unsigned int}
2026-10-06T15:48:36.3701731Z src/solver/Solver.cc:3821:64: warning: format ‘%llu’ expects argument of type ‘long long unsigned int’, but argument 4 has type ‘uint64_t’ {aka ‘long unsigned int’} [-Wformat=]
2026-10-06T15:48:36.3702840Z  3821 |               printf("c UB=%llu succs, confls=%llu, hconfls=%llu, core %d, tier2 %d, local %d,  %d soft cls unsat (%d at L0), %d fixed vars at L0, softCnfl %d, nbFlyRd %d, nbFixedLH %llu\n",
2026-10-06T15:48:36.3703527Z       |                                                             ~~~^
2026-10-06T15:48:36.3703853Z       |                                                                |
2026-10-06T15:48:36.3704204Z       |                                                                long long unsigned int
2026-10-06T15:48:36.3704556Z       |                                                             %lu
2026-10-06T15:48:36.3705101Z  3822 |                      UB, conflicts, conflicts-softConflicts, learnts_core.size(), learnts_tier2.size(), learnts_local.size(),
2026-10-06T15:48:36.3705642Z       |                                     ~~~~~~~~~~~~~~~~~~~~~~~     
2026-10-06T15:48:36.3705940Z       |                                              |
2026-10-06T15:48:36.3706256Z       |                                              uint64_t {aka long unsigned int}
2026-10-06T15:48:36.3707148Z src/solver/Solver.cc:3821:186: warning: format ‘%llu’ expects argument of type ‘long long unsigned int’, but argument 13 has type ‘uint64_t’ {aka ‘long unsigned int’} [-Wformat=]
2026-10-06T15:48:36.3708454Z  3821 |               printf("c UB=%llu succs, confls=%llu, hconfls=%llu, core %d, tier2 %d, local %d,  %d soft cls unsat (%d at L0), %d fixed vars at L0, softCnfl %d, nbFlyRd %d, nbFixedLH %llu\n",
2026-10-06T15:48:36.3709343Z       |                                                                                                                                                                                       ~~~^
2026-10-06T15:48:36.3709941Z       |                                                                                                                                                                                          |
2026-10-06T15:48:36.3710572Z       |                                                                                                                                                                                          long long unsigned int
2026-10-06T15:48:36.3711200Z       |                                                                                                                                                                                       %lu
2026-10-06T15:48:36.3712581Z  3822 |                      UB, conflicts, conflicts-softConflicts, learnts_core.size(), learnts_tier2.size(), learnts_local.size(),
2026-10-06T15:48:36.3713452Z  3823 |                      falseLits.size(), nbFalses, nbFixeds, pureSoftConfl, nbFlyReduced, nbFixedByLH);
2026-10-06T15:48:36.3714078Z       |                                                                                         ~~~~~~~~~~~                                                                                       
2026-10-06T15:48:36.3714578Z       |                                                                                         |
2026-10-06T15:48:36.3714997Z       |                                                                                         uint64_t {aka long unsigned int}
2026-10-06T15:48:36.3715940Z src/solver/Solver.cc:3825:48: warning: format ‘%llu’ expects argument of type ‘long long unsigned int’, but argument 3 has type ‘uint64_t’ {aka ‘long unsigned int’} [-Wformat=]
2026-10-06T15:48:36.3717166Z  3825 |               printf("c nbHardens %d (fixed %llu), shorten: %llu, prunedLB %4.2f, dev %4.2f, succRate %4.2f, nbSucc %llu, lk: %llu, shorten: %llu, quasiC: %llu (fixed: %llu)\n\n",
2026-10-06T15:48:36.3717833Z       |                                             ~~~^
2026-10-06T15:48:36.3718117Z       |                                                |
2026-10-06T15:48:36.3718426Z       |                                                long long unsigned int
2026-10-06T15:48:36.3718744Z       |                                             %lu
2026-10-06T15:48:36.3719530Z  3826 |                      nbHardens, fixedByHardens, nbSavedLits, meanLB, dev, succRate, nbLKsuccess-savednbLKsuccess, LOOKAHEAD-savedLOOKAHEAD, nbSavedLits, quasiSoftConflicts, fixedByQuasiConfl);
2026-10-06T15:48:36.3720313Z       |                                 ~~~~~~~~~~~~~~  
2026-10-06T15:48:36.3720584Z       |                                 |
2026-10-06T15:48:36.3720867Z       |                                 uint64_t {aka long unsigned int}
2026-10-06T15:48:36.3722549Z src/solver/Solver.cc:3825:64: warning: format ‘%llu’ expects argument of type ‘long long unsigned int’, but argument 4 has type ‘uint64_t’ {aka ‘long unsigned int’} [-Wformat=]
2026-10-06T15:48:36.3724102Z  3825 |               printf("c nbHardens %d (fixed %llu), shorten: %llu, prunedLB %4.2f, dev %4.2f, succRate %4.2f, nbSucc %llu, lk: %llu, shorten: %llu, quasiC: %llu (fixed: %llu)\n\n",
2026-10-06T15:48:36.3724795Z       |                                                             ~~~^
2026-10-06T15:48:36.3725120Z       |                                                                |
2026-10-06T15:48:36.3725469Z       |                                                                long long unsigned int
2026-10-06T15:48:36.3725836Z       |                                                             %lu
2026-10-06T15:48:36.3726829Z  3826 |                      nbHardens, fixedByHardens, nbSavedLits, meanLB, dev, succRate, nbLKsuccess-savednbLKsuccess, LOOKAHEAD-savedLOOKAHEAD, nbSavedLits, quasiSoftConflicts, fixedByQuasiConfl);
2026-10-06T15:48:36.3727636Z       |                                                 ~~~~~~~~~~~     
2026-10-06T15:48:36.3727940Z       |                                                 |
2026-10-06T15:48:36.3728265Z       |                                                 uint64_t {aka long unsigned int}
2026-10-06T15:48:36.3729164Z src/solver/Solver.cc:3825:120: warning: format ‘%llu’ expects argument of type ‘long long unsigned int’, but argument 8 has type ‘uint64_t’ {aka ‘long unsigned int’} [-Wformat=]
2026-10-06T15:48:36.3730233Z  3825 |               printf("c nbHardens %d (fixed %llu), shorten: %llu, prunedLB %4.2f, dev %4.2f, succRate %4.2f, nbSucc %llu, lk: %llu, shorten: %llu, quasiC: %llu (fixed: %llu)\n\n",
2026-10-06T15:48:36.3730967Z       |                                                                                                                     ~~~^
2026-10-06T15:48:36.3731682Z       |                                                                                                                        |
2026-10-06T15:48:36.3732174Z       |                                                                                                                        long long unsigned int
2026-10-06T15:48:36.3732658Z       |                                                                                                                     %lu
2026-10-06T15:48:36.3733519Z  3826 |                      nbHardens, fixedByHardens, nbSavedLits, meanLB, dev, succRate, nbLKsuccess-savednbLKsuccess, LOOKAHEAD-savedLOOKAHEAD, nbSavedLits, quasiSoftConflicts, fixedByQuasiConfl);
2026-10-06T15:48:36.3734460Z       |                                                                                     ~~~~~~~~~~~~~~~~~~~~~~~~~~~~        
2026-10-06T15:48:36.3735205Z       |                                                                                                |
2026-10-06T15:48:36.3735986Z       |                                                                                                uint64_t {aka long unsigned int}
2026-10-06T15:48:36.3736944Z src/solver/Solver.cc:3825:130: warning: format ‘%llu’ expects argument of type ‘long long unsigned int’, but argument 9 has type ‘uint64_t’ {aka ‘long unsigned int’} [-Wformat=]
2026-10-06T15:48:36.3738017Z  3825 |               printf("c nbHardens %d (fixed %llu), shorten: %llu, prunedLB %4.2f, dev %4.2f, succRate %4.2f, nbSucc %llu, lk: %llu, shorten: %llu, quasiC: %llu (fixed: %llu)\n\n",
2026-10-06T15:48:36.3738758Z       |                                                                                                                               ~~~^
2026-10-06T15:48:36.3739335Z       |                                                                                                                                  |
2026-10-06T15:48:36.3740241Z       |                                                                                                                                  long long unsigned int
2026-10-06T15:48:36.3740825Z       |                                                                                                                               %lu
2026-10-06T15:48:36.3742069Z  3826 |                      nbHardens, fixedByHardens, nbSavedLits, meanLB, dev, succRate, nbLKsuccess-savednbLKsuccess, LOOKAHEAD-savedLOOKAHEAD, nbSavedLits, quasiSoftConflicts, fixedByQuasiConfl);
2026-10-06T15:48:36.3742982Z       |                                                                                                                   ~~~~~~~~~~~~~~~~~~~~~~~~
2026-10-06T15:48:36.3743467Z       |                                                                                                                            |
2026-10-06T15:48:36.3744193Z       |                                                                                                                            uint64_t {aka long unsigned int}
2026-10-06T15:48:36.3745710Z src/solver/Solver.cc:3825:145: warning: format ‘%llu’ expects argument of type ‘long long unsigned int’, but argument 10 has type ‘uint64_t’ {aka ‘long unsigned int’} [-Wformat=]
2026-10-06T15:48:36.3746793Z  3825 |               printf("c nbHardens %d (fixed %llu), shorten: %llu, prunedLB %4.2f, dev %4.2f, succRate %4.2f, nbSucc %llu, lk: %llu, shorten: %llu, quasiC: %llu (fixed: %llu)\n\n",
2026-10-06T15:48:36.3747563Z       |                                                                                                                                              ~~~^
2026-10-06T15:48:36.3748077Z       |                                                                                                                                                 |
2026-10-06T15:48:36.3748614Z       |                                                                                                                                                 long long unsigned int
2026-10-06T15:48:36.3749174Z       |                                                                                                                                              %lu
2026-10-06T15:48:36.3750070Z  3826 |                      nbHardens, fixedByHardens, nbSavedLits, meanLB, dev, succRate, nbLKsuccess-savednbLKsuccess, LOOKAHEAD-savedLOOKAHEAD, nbSavedLits, quasiSoftConflicts, fixedByQuasiConfl);
2026-10-06T15:48:36.3750970Z       |                                                                                                                                             ~~~~~~~~~~~
2026-10-06T15:48:36.3751743Z       |                                                                                                                                             |
2026-10-06T15:48:36.3752301Z       |                                                                                                                                             uint64_t {aka long unsigned int}
2026-10-06T15:48:36.3753443Z src/solver/Solver.cc:3825:159: warning: format ‘%llu’ expects argument of type ‘long long unsigned int’, but argument 11 has type ‘uint64_t’ {aka ‘long unsigned int’} [-Wformat=]
2026-10-06T15:48:36.3754528Z  3825 |               printf("c nbHardens %d (fixed %llu), shorten: %llu, prunedLB %4.2f, dev %4.2f, succRate %4.2f, nbSucc %llu, lk: %llu, shorten: %llu, quasiC: %llu (fixed: %llu)\n\n",
2026-10-06T15:48:36.3755315Z       |                                                                                                                                                            ~~~^
2026-10-06T15:48:36.3755854Z       |                                                                                                                                                               |
2026-10-06T15:48:36.3756419Z       |                                                                                                                                                               long long unsigned int
2026-10-06T15:48:36.3757008Z       |                                                                                                                                                            %lu
2026-10-06T15:48:36.3757919Z  3826 |                      nbHardens, fixedByHardens, nbSavedLits, meanLB, dev, succRate, nbLKsuccess-savednbLKsuccess, LOOKAHEAD-savedLOOKAHEAD, nbSavedLits, quasiSoftConflicts, fixedByQuasiConfl);
2026-10-06T15:48:36.3758844Z       |                                                                                                                                                          ~~~~~~~~~~~~~~~~~~
2026-10-06T15:48:36.3759389Z       |                                                                                                                                                          |
2026-10-06T15:48:36.3759958Z       |                                                                                                                                                          uint64_t {aka long unsigned int}
2026-10-06T15:48:36.3761062Z src/solver/Solver.cc:3825:172: warning: format ‘%llu’ expects argument of type ‘long long unsigned int’, but argument 12 has type ‘uint64_t’ {aka ‘long unsigned int’} [-Wformat=]
2026-10-06T15:48:36.3762374Z  3825 |               printf("c nbHardens %d (fixed %llu), shorten: %llu, prunedLB %4.2f, dev %4.2f, succRate %4.2f, nbSucc %llu, lk: %llu, shorten: %llu, quasiC: %llu (fixed: %llu)\n\n",
2026-10-06T15:48:36.3763172Z       |                                                                                                                                                                         ~~~^
2026-10-06T15:48:36.3763735Z       |                                                                                                                                                                            |
2026-10-06T15:48:36.3764331Z       |                                                                                                                                                                            long long unsigned int
2026-10-06T15:48:36.3765234Z       |                                                                                                                                                                         %lu
2026-10-06T15:48:36.3766760Z  3826 |                      nbHardens, fixedByHardens, nbSavedLits, meanLB, dev, succRate, nbLKsuccess-savednbLKsuccess, LOOKAHEAD-savedLOOKAHEAD, nbSavedLits, quasiSoftConflicts, fixedByQuasiConfl);
2026-10-06T15:48:36.3768314Z       |                                                                                                                                                                              ~~~~~~~~~~~~~~~~~
2026-10-06T15:48:36.3769458Z       |                                                                                                                                                                              |
2026-10-06T15:48:36.3770878Z       |                                                                                                                                                                              uint64_t {aka long unsigned int}
2026-10-06T15:48:36.3772678Z src/solver/Solver.cc: In member function ‘Minisat::CRef Minisat::Solver::propagateForLK()’:
2026-10-06T15:48:36.3774281Z src/solver/Solver.cc:3984:27: warning: comparison of integer expressions of different signedness: ‘unsigned int’ and ‘int’ [-Wsign-compare]
2026-10-06T15:48:36.3775375Z  3984 |         if (c.lastPoint() > c.size())
2026-10-06T15:48:36.3775862Z       |             ~~~~~~~~~~~~~~^~~~~~~~~~
2026-10-06T15:48:36.3776876Z src/solver/Solver.cc:4003:27: warning: comparison of integer expressions of different signedness: ‘int’ and ‘unsigned int’ [-Wsign-compare]
2026-10-06T15:48:36.3777562Z  4003 |         for (int k = 2; k < c.lastPoint(); k++) {
2026-10-06T15:48:36.3777873Z       |                         ~~^~~~~~~~~~~~~~~
2026-10-06T15:48:36.3778172Z In file included from src/solver/mtl/Sort.h:24,
2026-10-06T15:48:36.3778497Z                  from src/solver/SimpSolver.cc:33:
2026-10-06T15:48:36.3779169Z src/solver/mtl/Vec.h: In instantiation of ‘void Minisat::vec<T>::capacity(int) [with T = Minisat::vec<unsigned int>]’:
2026-10-06T15:48:36.3780011Z src/solver/mtl/Vec.h:115:13:   required from ‘void Minisat::vec<T>::growTo(int) [with T = Minisat::vec<unsigned int>]’
2026-10-06T15:48:36.3781176Z src/solver/SolverTypes.h:339:50:   required from ‘void Minisat::OccLists<Idx, Vec, Deleted>::init(const Idx&) [with Idx = int; Vec = Minisat::vec<unsigned int>; Deleted = Minisat::SimpSolver::ClauseDeleted]’
2026-10-06T15:48:36.3782350Z src/solver/SimpSolver.cc:98:24:   required from here
2026-10-06T15:48:36.3783354Z src/solver/mtl/Vec.h:99:54: warning: ‘void* realloc(void*, size_t)’ moving an object of non-trivially copyable type ‘class Minisat::vec<unsigned int>’; use ‘new’ and ‘delete’ instead [-Wclass-memaccess]
2026-10-06T15:48:36.3784324Z    99 |     if (add > INT_MAX - cap || ((data = (T*)::realloc(data, (cap += add) * sizeof(T))) == NULL) && errno == ENOMEM)
2026-10-06T15:48:36.3785035Z       |                                             ~~~~~~~~~^~~~~~~~~~~~~~~~~~~~~~~~~~~~~~~~
2026-10-06T15:48:36.3785579Z src/solver/mtl/Vec.h:38:7: note: ‘class Minisat::vec<unsigned int>’ declared here
2026-10-06T15:48:36.3785979Z    38 | class vec {
2026-10-06T15:48:36.3786177Z       |       ^~~
2026-10-06T15:48:36.3862298Z src/solver/Solver.cc: In member function ‘void Minisat::Solver::analyzeQuasiSoftConflict(Minisat::vec<Minisat::Lit>&, int&, int&)’:
2026-10-06T15:48:36.3863853Z src/solver/Solver.cc:4502:26: warning: comparison of integer expressions of different signedness: ‘int’ and ‘uint64_t’ {aka ‘long unsigned int’} [-Wsign-compare]
2026-10-06T15:48:36.3864729Z  4502 |     if (falseLits.size() > UB) {
2026-10-06T15:48:36.3865061Z       |         ~~~~~~~~~~~~~~~~~^~~~
2026-10-06T15:48:36.3910759Z src/solver/Solver.cc: In member function ‘bool Minisat::Solver::lookahead()’:
2026-10-06T15:48:36.3912337Z src/solver/Solver.cc:4843:17: warning: comparison of integer expressions of different signedness: ‘uint64_t’ {aka ‘long unsigned int’} and ‘int’ [-Wsign-compare]
2026-10-06T15:48:36.3913123Z  4843 |   if (conflicts > prevConflicts) {
2026-10-06T15:48:36.3913408Z       |       ~~~~~~~~~~^~~~~~~~~~~~~~~
2026-10-06T15:48:36.3951149Z src/solver/Solver.cc: In member function ‘void Minisat::Solver::addHardClausesForSoftClauses()’:
2026-10-06T15:48:36.3952694Z src/solver/Solver.cc:5088:70: warning: format ‘%llu’ expects argument of type ‘long long unsigned int’, but argument 5 has type ‘uint64_t’ {aka ‘long unsigned int’} [-Wformat=]
2026-10-06T15:48:36.3953619Z  5088 |   printf("c nb soft clauses: %d, of which %d unit, %d nonUnit and %llu empty\n",
2026-10-06T15:48:36.3954088Z       |                                                                   ~~~^
2026-10-06T15:48:36.3954445Z       |                                                                      |
2026-10-06T15:48:36.3954835Z       |                                                                      long long unsigned int
2026-10-06T15:48:36.3955582Z       |                                                                   %lu
2026-10-06T15:48:36.3956067Z  5089 |          softClauses.size(), nbUnitSoft, nbNonUnitSoft, solutionCost);
2026-10-06T15:48:36.3956490Z       |                                                         ~~~~~~~~~~~~  
2026-10-06T15:48:36.3956821Z       |                                                         |
2026-10-06T15:48:36.3957187Z       |                                                         uint64_t {aka long unsigned int}
2026-10-06T15:48:36.3980966Z src/solver/Solver.cc: In member function ‘void Minisat::Solver::printBestSolution() const’:
2026-10-06T15:48:36.3983057Z src/solver/Solver.cc:5239:49: warning: format ‘%llu’ expects argument of type ‘long long unsigned int’, but argument 2 has type ‘long unsigned int’ [-Wformat=]
2026-10-06T15:48:36.3984016Z  5239 |     printf("c   unsat soft clauses (search): %llu\n", bestSup);
2026-10-06T15:48:36.3984499Z       |                                              ~~~^     ~~~~~~~
2026-10-06T15:48:36.3984891Z       |                                                 |     |
2026-10-06T15:48:36.3985277Z       |                                                 |     long unsigned int
2026-10-06T15:48:36.3985697Z       |                                                 long long unsigned int
2026-10-06T15:48:36.3986086Z       |                                              %lu
2026-10-06T15:48:36.3987135Z src/solver/Solver.cc:5240:53: warning: format ‘%llu’ expects argument of type ‘long long unsigned int’, but argument 2 has type ‘uint64_t’ {aka ‘long unsigned int’} [-Wformat=]
2026-10-06T15:48:36.3988115Z  5240 |     printf("c   satisfied soft clauses (maxsat): %llu\n", maxsat);
2026-10-06T15:48:36.3989878Z       |                                                  ~~~^     ~~~~~~
2026-10-06T15:48:36.3990453Z       |                                                     |     |
2026-10-06T15:48:36.3991631Z       |                                                     |     uint64_t {aka long unsigned int}
2026-10-06T15:48:36.3992280Z       |                                                     long long unsigned int
2026-10-06T15:48:36.3992845Z       |                                                  %lu
2026-10-06T15:48:36.3993972Z src/solver/Solver.cc:5241:39: warning: format ‘%llu’ expects argument of type ‘long long unsigned int’, but argument 2 has type ‘uint64_t’ {aka ‘long unsigned int’} [-Wformat=]
2026-10-06T15:48:36.3994906Z  5241 |     printf("c   total weight cost: %llu\n", optimal);
2026-10-06T15:48:36.3995307Z       |                                    ~~~^     ~~~~~~~
2026-10-06T15:48:36.3995653Z       |                                       |     |
2026-10-06T15:48:36.3996037Z       |                                       |     uint64_t {aka long unsigned int}
2026-10-06T15:48:36.3996465Z       |                                       long long unsigned int
2026-10-06T15:48:36.3996833Z       |                                    %lu
2026-10-06T15:48:36.3997470Z src/solver/Solver.cc: In member function ‘void Minisat::Solver::checkSolution()’:
2026-10-06T15:48:36.3998526Z src/solver/Solver.cc:5257:15: warning: comparison of integer expressions of different signedness: ‘int’ and ‘uint64_t’ {aka ‘long unsigned int’} [-Wsign-compare]
2026-10-06T15:48:36.3999320Z  5257 |   if (nbFalse != falseLits.size()+fixedCostBySearch + relaxedCost)
2026-10-06T15:48:36.3999720Z       |       ~~~~~~~~^~~~~~~~~~~~~~~~~~~~~~~~~~~~~~~~~~~~~~~~~~~~~~~~~~~
2026-10-06T15:48:36.4000573Z src/solver/Solver.cc:5258:92: warning: format ‘%llu’ expects argument of type ‘long long unsigned int’, but argument 3 has type ‘uint64_t’ {aka ‘long unsigned int’} [-Wformat=]
2026-10-06T15:48:36.4001794Z  5258 |     printf("c **** error nb of false soft clauses real nbfalse: %d, recorded falseLits: %llu****\n",
2026-10-06T15:48:36.4002704Z       |                                                                                         ~~~^
2026-10-06T15:48:36.4003228Z       |                                                                                            |
2026-10-06T15:48:36.4003824Z       |                                                                                            long long unsigned int
2026-10-06T15:48:36.4004263Z       |                                                                                         %lu
2026-10-06T15:48:36.4004691Z  5259 |            nbFalse, falseLits.size()+fixedCostBySearch+relaxedCost);
2026-10-06T15:48:36.4005127Z       |                     ~~~~~~~~~~~~~~~~~~~~~~~~~~~~~~~~~~~~~~~~~~~~~~                          
2026-10-06T15:48:36.4005492Z       |                                                       |
2026-10-06T15:48:36.4005830Z       |                                                       uint64_t {aka long unsigned int}
2026-10-06T15:48:36.4021125Z src/solver/Solver.cc: In member function ‘void Minisat::Solver::partition()’:
2026-10-06T15:48:36.4022595Z src/solver/Solver.cc:5379:31: warning: comparison of integer expressions of different signedness: ‘unsigned int’ and ‘int’ [-Wsign-compare]
2026-10-06T15:48:36.4023271Z  5379 |         if (conflicted[var(q)]==iset.size()) {
2026-10-06T15:48:36.4024690Z src/solver/Solver.cc:5389:32: warning: comparison of integer expressions of different signedness: ‘unsigned int’ and ‘int’ [-Wsign-compare]
2026-10-06T15:48:36.4025826Z  5389 |         if (conflicted[var(q)] < iset.size())
2026-10-06T15:48:36.4035549Z src/solver/Solver.cc:5448:50: warning: comparison of integer expressions of different signedness: ‘unsigned int’ and ‘int’ [-Wsign-compare]
2026-10-06T15:48:36.4036394Z  5448 |         if (q != lit_Undef && conflicted[var(q)] == iset.size()) {
2026-10-06T15:48:36.4048691Z src/solver/Solver.cc:5513:38: warning: format ‘%llu’ expects argument of type ‘long long unsigned int’, but argument 3 has type ‘uint64_t’ {aka ‘long unsigned int’} [-Wformat=]
2026-10-06T15:48:36.4049576Z  5513 |   printf("c isets %d, derivedCost %llu\n", nbIsets, derivedCost);
2026-10-06T15:48:36.4050210Z       |                                   ~~~^              ~~~~~~~~~~~
2026-10-06T15:48:36.4050536Z       |                                      |              |
2026-10-06T15:48:36.4050875Z       |                                      |              uint64_t {aka long unsigned int}
2026-10-06T15:48:36.4051247Z       |                                      long long unsigned int
2026-10-06T15:48:36.4051700Z       |                                   %lu
2026-10-06T15:48:36.4085675Z src/solver/Solver.cc: In member function ‘Minisat::CRef Minisat::Solver::simplepropagateForLK()’:
2026-10-06T15:48:36.4086791Z src/solver/Solver.cc:5660:27: warning: comparison of integer expressions of different signedness: ‘unsigned int’ and ‘int’ [-Wsign-compare]
2026-10-06T15:48:36.4087514Z  5660 |         if (c.lastPoint() > c.size())
2026-10-06T15:48:36.4087998Z       |             ~~~~~~~~~~~~~~^~~~~~~~~~
2026-10-06T15:48:36.4089063Z src/solver/Solver.cc:5674:27: warning: comparison of integer expressions of different signedness: ‘int’ and ‘unsigned int’ [-Wsign-compare]
2026-10-06T15:48:36.4089741Z  5674 |         for (int k = 2; k < c.lastPoint(); k++) {
2026-10-06T15:48:36.4090047Z       |                         ~~^~~~~~~~~~~~~~~
2026-10-06T15:48:36.4178398Z src/solver/Solver.cc: In member function ‘void Minisat::Solver::addCardinalityConstraints()’:
2026-10-06T15:48:36.4180367Z src/solver/Solver.cc:6204:64: warning: format ‘%llu’ expects argument of type ‘long long unsigned int’, but argument 2 has type ‘uint64_t’ {aka ‘long unsigned int’} [-Wformat=]
2026-10-06T15:48:36.4182079Z  6204 |       printf("\nc Cardinality: off (soft-conflict only), UB %llu\n", UB);
2026-10-06T15:48:36.4182851Z       |                                                             ~~~^     ~~
2026-10-06T15:48:36.4183502Z       |                                                                |     |
2026-10-06T15:48:36.4184252Z       |                                                                |     uint64_t {aka long unsigned int}
2026-10-06T15:48:36.4185010Z       |                                                                long long unsigned int
2026-10-06T15:48:36.4186112Z       |                                                             %lu
2026-10-06T15:48:36.4187662Z src/solver/Solver.cc:6234:82: warning: comparison of integer expressions of different signedness: ‘int’ and ‘uint64_t’ {aka ‘long unsigned int’} [-Wsign-compare]
2026-10-06T15:48:36.4189239Z  6234 |   if (activeSoftLits.size() < 2 || UB - 1 - nbFalse < 1 || activeSoftLits.size() <= UB - 1 - nbFalse
2026-10-06T15:48:36.4190199Z       |                                                            ~~~~~~~~~~~~~~~~~~~~~~^~~~~~~~~~~~~~~~~~~
2026-10-06T15:48:36.4192163Z src/solver/Solver.cc:6253:46: warning: format ‘%llu’ expects argument of type ‘long long unsigned int’, but argument 4 has type ‘uint64_t’ {aka ‘long unsigned int’} [-Wformat=]
2026-10-06T15:48:36.4193713Z  6253 |   printf("\nc Cardinality: %d (%s) for UB %llu\n", cardinalityC.size(), enc, UB);
2026-10-06T15:48:36.4194581Z       |                                           ~~~^                               ~~
2026-10-06T15:48:36.4195227Z       |                                              |                               |
2026-10-06T15:48:36.4196030Z       |                                              long long unsigned int          uint64_t {aka long unsigned int}
2026-10-06T15:48:36.4196767Z       |                                           %lu
2026-10-06T15:48:36.4224436Z src/solver/Solver.cc: In member function ‘Minisat::lbool Minisat::Solver::solve_()’:
2026-10-06T15:48:36.4226324Z src/solver/Solver.cc:6602:79: warning: format ‘%llu’ expects argument of type ‘long long unsigned int’, but argument 5 has type ‘uint64_t’ {aka ‘long unsigned int’} [-Wformat=]
2026-10-06T15:48:36.4227925Z  6602 |     printf("c fixedCost %d, nbSatLits %d, totalFixedVars %d, objForSearch: %llu\n\n",
2026-10-06T15:48:36.4228794Z       |                                                                            ~~~^
2026-10-06T15:48:36.4229791Z       |                                                                               |
2026-10-06T15:48:36.4230524Z       |                                                                               long long unsigned int
2026-10-06T15:48:36.4231246Z       |                                                                            %lu
2026-10-06T15:48:36.4232232Z  6603 |                 fixedCost, nbSatLits, trail.size(), objForSearch);
2026-10-06T15:48:36.4232919Z       |                                                     ~~~~~~~~~~~~               
2026-10-06T15:48:36.4233516Z       |                                                     |
2026-10-06T15:48:36.4234123Z       |                                                     uint64_t {aka long unsigned int}
2026-10-06T15:48:36.4235832Z src/solver/Solver.cc:6631:35: warning: format ‘%llu’ expects argument of type ‘long long unsigned int’, but argument 2 has type ‘uint64_t’ {aka ‘long unsigned int’} [-Wformat=]
2026-10-06T15:48:36.4237262Z  6631 |         printf("c provided UB: %llu\n", providedUB);
2026-10-06T15:48:36.4237904Z       |                                ~~~^     ~~~~~~~~~~
2026-10-06T15:48:36.4238431Z       |                                   |     |
2026-10-06T15:48:36.4238993Z       |                                   |     uint64_t {aka long unsigned int}
2026-10-06T15:48:36.4239625Z       |                                   long long unsigned int
2026-10-06T15:48:36.4240162Z       |                                %lu
2026-10-06T15:48:36.4241979Z src/solver/Solver.cc:6634:54: warning: format ‘%llu’ expects argument of type ‘long long unsigned int’, but argument 2 has type ‘uint64_t’ {aka ‘long unsigned int’} [-Wformat=]
2026-10-06T15:48:36.4244239Z  6634 |         printf("c provided UB is invalide: initUB %llu, solCost %llu, costbySearch %llu, derivedCost %llu, relaxedCost: %llu\n", initUB, solutionCost, fixedCostBySearch, derivedCost, relaxedCost);
2026-10-06T15:48:36.4245920Z       |                                                   ~~~^                                                                           ~~~~~~
2026-10-06T15:48:36.4247153Z       |                                                      |                                                                           |
2026-10-06T15:48:36.4248268Z       |                                                      long long unsigned int                                                      uint64_t {aka long unsigned int}
2026-10-06T15:48:36.4249179Z       |                                                   %lu
2026-10-06T15:48:36.4250821Z src/solver/Solver.cc:6634:68: warning: format ‘%llu’ expects argument of type ‘long long unsigned int’, but argument 3 has type ‘uint64_t’ {aka ‘long unsigned int’} [-Wformat=]
2026-10-06T15:48:36.4253384Z  6634 |         printf("c provided UB is invalide: initUB %llu, solCost %llu, costbySearch %llu, derivedCost %llu, relaxedCost: %llu\n", initUB, solutionCost, fixedCostBySearch, derivedCost, relaxedCost);
2026-10-06T15:48:36.4255140Z       |                                                                 ~~~^                                                                     ~~~~~~~~~~~~
2026-10-06T15:48:36.4256084Z       |                                                                    |                                                                     |
2026-10-06T15:48:36.4257200Z       |                                                                    long long unsigned int                                                uint64_t {aka long unsigned int}
2026-10-06T15:48:36.4258163Z       |                                                                 %lu
2026-10-06T15:48:36.4259830Z src/solver/Solver.cc:6634:87: warning: format ‘%llu’ expects argument of type ‘long long unsigned int’, but argument 4 has type ‘uint64_t’ {aka ‘long unsigned int’} [-Wformat=]
2026-10-06T15:48:36.4262468Z  6634 |         printf("c provided UB is invalide: initUB %llu, solCost %llu, costbySearch %llu, derivedCost %llu, relaxedCost: %llu\n", initUB, solutionCost, fixedCostBySearch, derivedCost, relaxedCost);
2026-10-06T15:48:36.4264565Z       |                                                                                    ~~~^                                                                ~~~~~~~~~~~~~~~~~
2026-10-06T15:48:36.4265610Z       |                                                                                       |                                                                |
2026-10-06T15:48:36.4266787Z       |                                                                                       long long unsigned int                                           uint64_t {aka long unsigned int}
2026-10-06T15:48:36.4267807Z       |                                                                                    %lu
2026-10-06T15:48:36.4269530Z src/solver/Solver.cc:6634:105: warning: format ‘%llu’ expects argument of type ‘long long unsigned int’, but argument 5 has type ‘uint64_t’ {aka ‘long unsigned int’} [-Wformat=]
2026-10-06T15:48:36.4272146Z  6634 |         printf("c provided UB is invalide: initUB %llu, solCost %llu, costbySearch %llu, derivedCost %llu, relaxedCost: %llu\n", initUB, solutionCost, fixedCostBySearch, derivedCost, relaxedCost);
2026-10-06T15:48:36.4273943Z       |                                                                                                      ~~~^                                                                 ~~~~~~~~~~~
2026-10-06T15:48:36.4275091Z       |                                                                                                         |                                                                 |
2026-10-06T15:48:36.4276385Z       |                                                                                                         long long unsigned int                                            uint64_t {aka long unsigned int}
2026-10-06T15:48:36.4277518Z       |                                                                                                      %lu
2026-10-06T15:48:36.4279691Z src/solver/Solver.cc:6634:124: warning: format ‘%llu’ expects argument of type ‘long long unsigned int’, but argument 6 has type ‘uint64_t’ {aka ‘long unsigned int’} [-Wformat=]
2026-10-06T15:48:36.4282295Z  6634 |         printf("c provided UB is invalide: initUB %llu, solCost %llu, costbySearch %llu, derivedCost %llu, relaxedCost: %llu\n", initUB, solutionCost, fixedCostBySearch, derivedCost, relaxedCost);
2026-10-06T15:48:36.4284097Z       |                                                                                                                         ~~~^                                                           ~~~~~~~~~~~
2026-10-06T15:48:36.4285274Z       |                                                                                                                            |                                                           |
2026-10-06T15:48:36.4286612Z       |                                                                                                                            long long unsigned int                                      uint64_t {aka long unsigned int}
2026-10-06T15:48:36.4287855Z       |                                                                                                                         %lu
2026-10-06T15:48:36.4289785Z src/solver/Solver.cc:6656:58: warning: format ‘%llu’ expects argument of type ‘long long unsigned int’, but argument 2 has type ‘uint64_t’ {aka ‘long unsigned int’} [-Wformat=]
2026-10-06T15:48:36.4291690Z  6656 |       printf("c ends of initiationization by VSIDS at %llu conflicts with init %d\n\n",
2026-10-06T15:48:36.4292554Z       |                                                       ~~~^
2026-10-06T15:48:36.4293132Z       |                                                          |
2026-10-06T15:48:36.4293761Z       |                                                          long long unsigned int
2026-10-06T15:48:36.4294397Z       |                                                       %lu
2026-10-06T15:48:36.4295228Z  6657 |              conflicts, init);
2026-10-06T15:48:36.4295764Z       |              ~~~~~~~~~                                    
2026-10-06T15:48:36.4296284Z       |              |
2026-10-06T15:48:36.4296701Z       |              uint64_t {aka long unsigned int}
2026-10-06T15:48:36.4298328Z src/solver/Solver.cc:6686:50: warning: format ‘%llu’ expects argument of type ‘long long unsigned int’, but argument 3 has type ‘uint64_t’ {aka ‘long unsigned int’} [-Wformat=]
2026-10-06T15:48:36.4299918Z  6686 |           printf("c VSIDS phase %d: conflicts %llu, phase %llu, starts %llu, UP %llu\n",
2026-10-06T15:48:36.4300716Z       |                                               ~~~^
2026-10-06T15:48:36.4301257Z       |                                                  |
2026-10-06T15:48:36.4302171Z       |                                                  long long unsigned int
2026-10-06T15:48:36.4302789Z       |                                               %lu
2026-10-06T15:48:36.4303491Z  6687 |                  nbVSIDSphase, conflicts-savedConfl, phase_allotment,
2026-10-06T15:48:36.4304210Z       |                                ~~~~~~~~~~~~~~~~~~~~
2026-10-06T15:48:36.4304733Z       |                                         |
2026-10-06T15:48:36.4305298Z       |                                         uint64_t {aka long unsigned int}
2026-10-06T15:48:36.4306995Z src/solver/Solver.cc:6686:62: warning: format ‘%llu’ expects argument of type ‘long long unsigned int’, but argument 4 has type ‘uint64_t’ {aka ‘long unsigned int’} [-Wformat=]
2026-10-06T15:48:36.4308617Z  6686 |           printf("c VSIDS phase %d: conflicts %llu, phase %llu, starts %llu, UP %llu\n",
2026-10-06T15:48:36.4309453Z       |                                                           ~~~^
2026-10-06T15:48:36.4310047Z       |                                                              |
2026-10-06T15:48:36.4310681Z       |                                                              long long unsigned int
2026-10-06T15:48:36.4311356Z       |                                                           %lu
2026-10-06T15:48:36.4312667Z  6687 |                  nbVSIDSphase, conflicts-savedConfl, phase_allotment,
2026-10-06T15:48:36.4313422Z       |                                                      ~~~~~~~~~~~~~~~
2026-10-06T15:48:36.4314025Z       |                                                      |
2026-10-06T15:48:36.4314679Z       |                                                      uint64_t {aka long unsigned int}
2026-10-06T15:48:36.4316416Z src/solver/Solver.cc:6686:75: warning: format ‘%llu’ expects argument of type ‘long long unsigned int’, but argument 5 has type ‘uint64_t’ {aka ‘long unsigned int’} [-Wformat=]
2026-10-06T15:48:36.4318348Z  6686 |           printf("c VSIDS phase %d: conflicts %llu, phase %llu, starts %llu, UP %llu\n",
2026-10-06T15:48:36.4319594Z       |                                                                        ~~~^
2026-10-06T15:48:36.4320422Z       |                                                                           |
2026-10-06T15:48:36.4321652Z       |                                                                           long long unsigned int
2026-10-06T15:48:36.4322596Z       |                                                                        %lu
2026-10-06T15:48:36.4323543Z  6687 |                  nbVSIDSphase, conflicts-savedConfl, phase_allotment,
2026-10-06T15:48:36.4324622Z  6688 |                  starts-savedRestarts, propagations-savedUP);
2026-10-06T15:48:36.4341899Z       |                  ~~~~~~~~~~~~~~~~~~~~                                      
2026-10-06T15:48:36.4342576Z       |                        |
2026-10-06T15:48:36.4343099Z       |                        uint64_t {aka long unsigned int}
2026-10-06T15:48:36.4344820Z src/solver/Solver.cc:6686:84: warning: format ‘%llu’ expects argument of type ‘long long unsigned int’, but argument 6 has type ‘uint64_t’ {aka ‘long unsigned int’} [-Wformat=]
2026-10-06T15:48:36.4346754Z  6686 |           printf("c VSIDS phase %d: conflicts %llu, phase %llu, starts %llu, UP %llu\n",
2026-10-06T15:48:36.4347658Z       |                                                                                 ~~~^
2026-10-06T15:48:36.4348343Z       |                                                                                    |
2026-10-06T15:48:36.4349106Z       |                                                                                    long long unsigned int
2026-10-06T15:48:36.4349882Z       |                                                                                 %lu
2026-10-06T15:48:36.4350672Z  6687 |                  nbVSIDSphase, conflicts-savedConfl, phase_allotment,
2026-10-06T15:48:36.4352169Z  6688 |                  starts-savedRestarts, propagations-savedUP);
2026-10-06T15:48:36.4352950Z       |                                        ~~~~~~~~~~~~~~~~~~~~                         
2026-10-06T15:48:36.4353601Z       |                                                    |
2026-10-06T15:48:36.4354254Z       |                                                    uint64_t {aka long unsigned int}
2026-10-06T15:48:36.4356009Z src/solver/Solver.cc:6692:48: warning: format ‘%llu’ expects argument of type ‘long long unsigned int’, but argument 3 has type ‘uint64_t’ {aka ‘long unsigned int’} [-Wformat=]
2026-10-06T15:48:36.4357572Z  6692 |           printf("c LRB phase %d: conflicts %llu, phase %llu, starts %llu, UP %llu\n",
2026-10-06T15:48:36.4358365Z       |                                             ~~~^
2026-10-06T15:48:36.4358904Z       |                                                |
2026-10-06T15:48:36.4359497Z       |                                                long long unsigned int
2026-10-06T15:48:36.4360107Z       |                                             %lu
2026-10-06T15:48:36.4360762Z  6693 |                  nbLRBphase, conflicts-savedConfl, phase_allotment,
2026-10-06T15:48:36.4361760Z       |                              ~~~~~~~~~~~~~~~~~~~~
2026-10-06T15:48:36.4362322Z       |                                       |
2026-10-06T15:48:36.4363184Z       |                                       uint64_t {aka long unsigned int}
2026-10-06T15:48:36.4364897Z src/solver/Solver.cc:6692:60: warning: format ‘%llu’ expects argument of type ‘long long unsigned int’, but argument 4 has type ‘uint64_t’ {aka ‘long unsigned int’} [-Wformat=]
2026-10-06T15:48:36.4366478Z  6692 |           printf("c LRB phase %d: conflicts %llu, phase %llu, starts %llu, UP %llu\n",
2026-10-06T15:48:36.4367278Z       |                                                         ~~~^
2026-10-06T15:48:36.4367856Z       |                                                            |
2026-10-06T15:48:36.4368500Z       |                                                            long long unsigned int
2026-10-06T15:48:36.4369152Z       |                                                         %lu
2026-10-06T15:48:36.4369838Z  6693 |                  nbLRBphase, conflicts-savedConfl, phase_allotment,
2026-10-06T15:48:36.4370564Z       |                                                    ~~~~~~~~~~~~~~~
2026-10-06T15:48:36.4371162Z       |                                                    |
2026-10-06T15:48:36.4372070Z       |                                                    uint64_t {aka long unsigned int}
2026-10-06T15:48:36.4373806Z src/solver/Solver.cc:6692:73: warning: format ‘%llu’ expects argument of type ‘long long unsigned int’, but argument 5 has type ‘uint64_t’ {aka ‘long unsigned int’} [-Wformat=]
2026-10-06T15:48:36.4375350Z  6692 |           printf("c LRB phase %d: conflicts %llu, phase %llu, starts %llu, UP %llu\n",
2026-10-06T15:48:36.4376167Z       |                                                                      ~~~^
2026-10-06T15:48:36.4376806Z       |                                                                         |
2026-10-06T15:48:36.4377513Z       |                                                                         long long unsigned int
2026-10-06T15:48:36.4378629Z       |                                                                      %lu
2026-10-06T15:48:36.4379389Z  6693 |                  nbLRBphase, conflicts-savedConfl, phase_allotment,
2026-10-06T15:48:36.4380151Z  6694 |                  starts-savedRestarts, propagations-savedUP);
2026-10-06T15:48:36.4380850Z       |                  ~~~~~~~~~~~~~~~~~~~~                                    
2026-10-06T15:48:36.4381801Z       |                        |
2026-10-06T15:48:36.4382333Z       |                        uint64_t {aka long unsigned int}
2026-10-06T15:48:36.4383962Z src/solver/Solver.cc:6692:82: warning: format ‘%llu’ expects argument of type ‘long long unsigned int’, but argument 6 has type ‘uint64_t’ {aka ‘long unsigned int’} [-Wformat=]
2026-10-06T15:48:36.4385563Z  6692 |           printf("c LRB phase %d: conflicts %llu, phase %llu, starts %llu, UP %llu\n",
2026-10-06T15:48:36.4386401Z       |                                                                               ~~~^
2026-10-06T15:48:36.4387072Z       |                                                                                  |
2026-10-06T15:48:36.4387812Z       |                                                                                  long long unsigned int
2026-10-06T15:48:36.4388563Z       |                                                                               %lu
2026-10-06T15:48:36.4389309Z  6693 |                  nbLRBphase, conflicts-savedConfl, phase_allotment,
2026-10-06T15:48:36.4390100Z  6694 |                  starts-savedRestarts, propagations-savedUP);
2026-10-06T15:48:36.4390820Z       |                                        ~~~~~~~~~~~~~~~~~~~~                       
2026-10-06T15:48:36.4391730Z       |                                                    |
2026-10-06T15:48:36.4392368Z       |                                                    uint64_t {aka long unsigned int}
2026-10-06T15:48:36.4394123Z src/solver/Solver.cc:6739:25: warning: format ‘%llu’ expects argument of type ‘long long unsigned int’, but argument 2 has type ‘uint64_t’ {aka ‘long unsigned int’} [-Wformat=]
2026-10-06T15:48:36.4396148Z  6739 |         printf("c UB=%llu fails, cnfls=%llu, hcnfls=%llu, core %d, tier2 %d, local %d, quasiC: %llu (fixed: %llu)\n",
2026-10-06T15:48:36.4397108Z       |                      ~~~^
2026-10-06T15:48:36.4397542Z       |                         |
2026-10-06T15:48:36.4398017Z       |                         long long unsigned int
2026-10-06T15:48:36.4398533Z       |                      %lu
2026-10-06T15:48:36.4399708Z  6740 |                UB, conflicts, conflicts-softConflicts, learnts_core.size(), learnts_tier2.size(), learnts_local.size(), quasiSoftConflicts, fixedByQuasiConfl);
2026-10-06T15:48:36.4400943Z       |                ~~        
2026-10-06T15:48:36.4401373Z       |                |
2026-10-06T15:48:36.4402095Z       |                uint64_t {aka long unsigned int}
2026-10-06T15:48:36.4403712Z src/solver/Solver.cc:6739:43: warning: format ‘%llu’ expects argument of type ‘long long unsigned int’, but argument 3 has type ‘uint64_t’ {aka ‘long unsigned int’} [-Wformat=]
2026-10-06T15:48:36.4405446Z  6739 |         printf("c UB=%llu fails, cnfls=%llu, hcnfls=%llu, core %d, tier2 %d, local %d, quasiC: %llu (fixed: %llu)\n",
2026-10-06T15:48:36.4406368Z       |                                        ~~~^
2026-10-06T15:48:36.4406862Z       |                                           |
2026-10-06T15:48:36.4407399Z       |                                           long long unsigned int
2026-10-06T15:48:36.4407970Z       |                                        %lu
2026-10-06T15:48:36.4409216Z  6740 |                UB, conflicts, conflicts-softConflicts, learnts_core.size(), learnts_tier2.size(), learnts_local.size(), quasiSoftConflicts, fixedByQuasiConfl);
2026-10-06T15:48:36.4410454Z       |                    ~~~~~~~~~               
2026-10-06T15:48:36.4410944Z       |                    |
2026-10-06T15:48:36.4411669Z       |                    uint64_t {aka long unsigned int}
2026-10-06T15:48:36.4413652Z src/solver/Solver.cc:6739:56: warning: format ‘%llu’ expects argument of type ‘long long unsigned int’, but argument 4 has type ‘uint64_t’ {aka ‘long unsigned int’} [-Wformat=]
2026-10-06T15:48:36.4415420Z  6739 |         printf("c UB=%llu fails, cnfls=%llu, hcnfls=%llu, core %d, tier2 %d, local %d, quasiC: %llu (fixed: %llu)\n",
2026-10-06T15:48:36.4416389Z       |                                                     ~~~^
2026-10-06T15:48:36.4416954Z       |                                                        |
2026-10-06T15:48:36.4417558Z       |                                                        long long unsigned int
2026-10-06T15:48:36.4418172Z       |                                                     %lu
2026-10-06T15:48:36.4419425Z  6740 |                UB, conflicts, conflicts-softConflicts, learnts_core.size(), learnts_tier2.size(), learnts_local.size(), quasiSoftConflicts, fixedByQuasiConfl);
2026-10-06T15:48:36.4420722Z       |                               ~~~~~~~~~~~~~~~~~~~~~~~   
2026-10-06T15:48:36.4421280Z       |                                        |
2026-10-06T15:48:36.4422240Z       |                                        uint64_t {aka long unsigned int}
2026-10-06T15:48:36.4423967Z src/solver/Solver.cc:6739:99: warning: format ‘%llu’ expects argument of type ‘long long unsigned int’, but argument 8 has type ‘uint64_t’ {aka ‘long unsigned int’} [-Wformat=]
2026-10-06T15:48:36.4425715Z  6739 |         printf("c UB=%llu fails, cnfls=%llu, hcnfls=%llu, core %d, tier2 %d, local %d, quasiC: %llu (fixed: %llu)\n",
2026-10-06T15:48:36.4426799Z       |                                                                                                ~~~^
2026-10-06T15:48:36.4427568Z       |                                                                                                   |
2026-10-06T15:48:36.4428403Z       |                                                                                                   long long unsigned int
2026-10-06T15:48:36.4429262Z       |                                                                                                %lu
2026-10-06T15:48:36.4430880Z  6740 |                UB, conflicts, conflicts-softConflicts, learnts_core.size(), learnts_tier2.size(), learnts_local.size(), quasiSoftConflicts, fixedByQuasiConfl);
2026-10-06T15:48:36.4432636Z       |                                                                                                                         ~~~~~~~~~~~~~~~~~~
2026-10-06T15:48:36.4433520Z       |                                                                                                                         |
2026-10-06T15:48:36.4434492Z       |                                                                                                                         uint64_t {aka long unsigned int}
2026-10-06T15:48:36.4436397Z src/solver/Solver.cc:6739:112: warning: format ‘%llu’ expects argument of type ‘long long unsigned int’, but argument 9 has type ‘uint64_t’ {aka ‘long unsigned int’} [-Wformat=]
2026-10-06T15:48:36.4438175Z  6739 |         printf("c UB=%llu fails, cnfls=%llu, hcnfls=%llu, core %d, tier2 %d, local %d, quasiC: %llu (fixed: %llu)\n",
2026-10-06T15:48:36.4439285Z       |                                                                                                             ~~~^
2026-10-06T15:48:36.4440132Z       |                                                                                                                |
2026-10-06T15:48:36.4441025Z       |                                                                                                                long long unsigned int
2026-10-06T15:48:36.4442171Z       |                                                                                                             %lu
2026-10-06T15:48:36.4443570Z  6740 |                UB, conflicts, conflicts-softConflicts, learnts_core.size(), learnts_tier2.size(), learnts_local.size(), quasiSoftConflicts, fixedByQuasiConfl);
2026-10-06T15:48:36.4445046Z       |                                                                                                                                             ~~~~~~~~~~~~~~~~~
2026-10-06T15:48:36.4446287Z       |                                                                                                                                             |
2026-10-06T15:48:36.4447326Z       |                                                                                                                                             uint64_t {aka long unsigned int}
2026-10-06T15:48:36.4449266Z src/solver/Solver.cc:6741:72: warning: format ‘%llu’ expects argument of type ‘long long unsigned int’, but argument 5 has type ‘uint64_t’ {aka ‘long unsigned int’} [-Wformat=]
2026-10-06T15:48:36.4451264Z  6741 |         printf("c prunedLB %4.2f, dev %4.2f, succRate %4.2f, nbSucc %llu, nbHardens %d (fixed %llu), lk: %llu, shorten: %llu, pureSo %d, nbFlyRd %d, nbFixedLH %llu\n",
2026-10-06T15:48:36.4452776Z       |                                                                     ~~~^
2026-10-06T15:48:36.4453420Z       |                                                                        |
2026-10-06T15:48:36.4454114Z       |                                                                        long long unsigned int
2026-10-06T15:48:36.4454809Z       |                                                                     %lu
2026-10-06T15:48:36.4455387Z  6742 |                meanLB, dev, succRate,
2026-10-06T15:48:36.4456673Z  6743 |                nbLKsuccess-savednbLKsuccess, nbHardens, fixedByHardens, LOOKAHEAD-savedLOOKAHEAD, nbSavedLits, pureSoftConfl, nbFlyReduced, nbFixedByLH);
2026-10-06T15:48:36.4458050Z       |                ~~~~~~~~~~~~~~~~~~~~~~~~~~~~                             
2026-10-06T15:48:36.4458640Z       |                           |
2026-10-06T15:48:36.4459139Z       |                           uint64_t {aka long unsigned int}
2026-10-06T15:48:36.4460806Z src/solver/Solver.cc:6741:98: warning: format ‘%llu’ expects argument of type ‘long long unsigned int’, but argument 7 has type ‘uint64_t’ {aka ‘long unsigned int’} [-Wformat=]
2026-10-06T15:48:36.4463797Z  6741 |         printf("c prunedLB %4.2f, dev %4.2f, succRate %4.2f, nbSucc %llu, nbHardens %d (fixed %llu), lk: %llu, shorten: %llu, pureSo %d, nbFlyRd %d, nbFixedLH %llu\n",
2026-10-06T15:48:36.4465144Z       |                                                                                               ~~~^
2026-10-06T15:48:36.4465905Z       |                                                                                                  |
2026-10-06T15:48:36.4466723Z       |                                                                                                  long long unsigned int
2026-10-06T15:48:36.4467538Z       |                                                                                               %lu
2026-10-06T15:48:36.4468201Z  6742 |                meanLB, dev, succRate,
2026-10-06T15:48:36.4469500Z  6743 |                nbLKsuccess-savednbLKsuccess, nbHardens, fixedByHardens, LOOKAHEAD-savedLOOKAHEAD, nbSavedLits, pureSoftConfl, nbFlyReduced, nbFixedByLH);
2026-10-06T15:48:36.4470952Z       |                                                         ~~~~~~~~~~~~~~                            
2026-10-06T15:48:36.4471946Z       |                                                         |
2026-10-06T15:48:36.4472618Z       |                                                         uint64_t {aka long unsigned int}
2026-10-06T15:48:36.4474370Z src/solver/Solver.cc:6741:109: warning: format ‘%llu’ expects argument of type ‘long long unsigned int’, but argument 8 has type ‘uint64_t’ {aka ‘long unsigned int’} [-Wformat=]
2026-10-06T15:48:36.4476411Z  6741 |         printf("c prunedLB %4.2f, dev %4.2f, succRate %4.2f, nbSucc %llu, nbHardens %d (fixed %llu), lk: %llu, shorten: %llu, pureSo %d, nbFlyRd %d, nbFixedLH %llu\n",
2026-10-06T15:48:36.4477761Z       |                                                                                                          ~~~^
2026-10-06T15:48:36.4478852Z       |                                                                                                             |
2026-10-06T15:48:36.4479760Z       |                                                                                                             long long unsigned int
2026-10-06T15:48:36.4480647Z       |                                                                                                          %lu
2026-10-06T15:48:36.4481332Z  6742 |                meanLB, dev, succRate,
2026-10-06T15:48:36.4482928Z  6743 |                nbLKsuccess-savednbLKsuccess, nbHardens, fixedByHardens, LOOKAHEAD-savedLOOKAHEAD, nbSavedLits, pureSoftConfl, nbFlyReduced, nbFixedByLH);
2026-10-06T15:48:36.4484360Z       |                                                                         ~~~~~~~~~~~~~~~~~~~~~~~~             
2026-10-06T15:48:36.4485111Z       |                                                                                  |
2026-10-06T15:48:36.4485899Z       |                                                                                  uint64_t {aka long unsigned int}
2026-10-06T15:48:36.4487735Z src/solver/Solver.cc:6741:124: warning: format ‘%llu’ expects argument of type ‘long long unsigned int’, but argument 9 has type ‘uint64_t’ {aka ‘long unsigned int’} [-Wformat=]
2026-10-06T15:48:36.4489759Z  6741 |         printf("c prunedLB %4.2f, dev %4.2f, succRate %4.2f, nbSucc %llu, nbHardens %d (fixed %llu), lk: %llu, shorten: %llu, pureSo %d, nbFlyRd %d, nbFixedLH %llu\n",
2026-10-06T15:48:36.4491143Z       |                                                                                                                         ~~~^
2026-10-06T15:48:36.4492307Z       |                                                                                                                            |
2026-10-06T15:48:36.4493263Z       |                                                                                                                            long long unsigned int
2026-10-06T15:48:36.4494531Z       |                                                                                                                         %lu
2026-10-06T15:48:36.4495286Z  6742 |                meanLB, dev, succRate,
2026-10-06T15:48:36.4496569Z  6743 |                nbLKsuccess-savednbLKsuccess, nbHardens, fixedByHardens, LOOKAHEAD-savedLOOKAHEAD, nbSavedLits, pureSoftConfl, nbFlyReduced, nbFixedByLH);
2026-10-06T15:48:36.4498041Z       |                                                                                                   ~~~~~~~~~~~               
2026-10-06T15:48:36.4498838Z       |                                                                                                   |
2026-10-06T15:48:36.4499699Z       |                                                                                                   uint64_t {aka long unsigned int}
2026-10-06T15:48:36.4501784Z src/solver/Solver.cc:6741:163: warning: format ‘%llu’ expects argument of type ‘long long unsigned int’, but argument 12 has type ‘uint64_t’ {aka ‘long unsigned int’} [-Wformat=]
2026-10-06T15:48:36.4503876Z  6741 |         printf("c prunedLB %4.2f, dev %4.2f, succRate %4.2f, nbSucc %llu, nbHardens %d (fixed %llu), lk: %llu, shorten: %llu, pureSo %d, nbFlyRd %d, nbFixedLH %llu\n",
2026-10-06T15:48:36.4505361Z       |                                                                                                                                                                ~~~^
2026-10-06T15:48:36.4506432Z       |                                                                                                                                                                   |
2026-10-06T15:48:36.4507558Z       |                                                                                                                                                                   long long unsigned int
2026-10-06T15:48:36.4508710Z       |                                                                                                                                                                %lu
2026-10-06T15:48:36.4509846Z  6742 |                meanLB, dev, succRate,
2026-10-06T15:48:36.4511124Z  6743 |                nbLKsuccess-savednbLKsuccess, nbHardens, fixedByHardens, LOOKAHEAD-savedLOOKAHEAD, nbSavedLits, pureSoftConfl, nbFlyReduced, nbFixedByLH);
2026-10-06T15:48:36.4512947Z       |                                                                                                                                             ~~~~~~~~~~~            
2026-10-06T15:48:36.4513963Z       |                                                                                                                                             |
2026-10-06T15:48:36.4515008Z       |                                                                                                                                             uint64_t {aka long unsigned int}
2026-10-06T15:48:36.4517002Z src/solver/Solver.cc:6769:25: warning: format ‘%llu’ expects argument of type ‘long long unsigned int’, but argument 2 has type ‘uint64_t’ {aka ‘long unsigned int’} [-Wformat=]
2026-10-06T15:48:36.4519309Z  6769 |         printf("c UB=%llu succ, confls=%llu and hconfls=%llu with %d soft clauses unsat (%d at level 0) and %d fixed vars at level 0,  prunedLB %4.2f, dev %4.2f, succRate %4.2f, nbSucc %llu, shortened : %llu\n",
2026-10-06T15:48:36.4520716Z       |                      ~~~^
2026-10-06T15:48:36.4521165Z       |                         |
2026-10-06T15:48:36.4521913Z       |                         long long unsigned int
2026-10-06T15:48:36.4522454Z       |                      %lu
2026-10-06T15:48:36.4523210Z  6770 |                UB, conflicts, conflicts-softConflicts, falseLits.size(), nbFalses, nbFixeds,
2026-10-06T15:48:36.4524044Z       |                ~~        
2026-10-06T15:48:36.4524482Z       |                |
2026-10-06T15:48:36.4524925Z       |                uint64_t {aka long unsigned int}
2026-10-06T15:48:36.4526950Z src/solver/Solver.cc:6769:43: warning: format ‘%llu’ expects argument of type ‘long long unsigned int’, but argument 3 has type ‘uint64_t’ {aka ‘long unsigned int’} [-Wformat=]
2026-10-06T15:48:36.4529244Z  6769 |         printf("c UB=%llu succ, confls=%llu and hconfls=%llu with %d soft clauses unsat (%d at level 0) and %d fixed vars at level 0,  prunedLB %4.2f, dev %4.2f, succRate %4.2f, nbSucc %llu, shortened : %llu\n",
2026-10-06T15:48:36.4530638Z       |                                        ~~~^
2026-10-06T15:48:36.4531127Z       |                                           |
2026-10-06T15:48:36.4531955Z       |                                           long long unsigned int
2026-10-06T15:48:36.4532512Z       |                                        %lu
2026-10-06T15:48:36.4533313Z  6770 |                UB, conflicts, conflicts-softConflicts, falseLits.size(), nbFalses, nbFixeds,
2026-10-06T15:48:36.4534141Z       |                    ~~~~~~~~~               
2026-10-06T15:48:36.4534633Z       |                    |
2026-10-06T15:48:36.4535108Z       |                    uint64_t {aka long unsigned int}
2026-10-06T15:48:36.4536736Z src/solver/Solver.cc:6769:60: warning: format ‘%llu’ expects argument of type ‘long long unsigned int’, but argument 4 has type ‘uint64_t’ {aka ‘long unsigned int’} [-Wformat=]
2026-10-06T15:48:36.4538994Z  6769 |         printf("c UB=%llu succ, confls=%llu and hconfls=%llu with %d soft clauses unsat (%d at level 0) and %d fixed vars at level 0,  prunedLB %4.2f, dev %4.2f, succRate %4.2f, nbSucc %llu, shortened : %llu\n",
2026-10-06T15:48:36.4540470Z       |                                                         ~~~^
2026-10-06T15:48:36.4541035Z       |                                                            |
2026-10-06T15:48:36.4541955Z       |                                                            long long unsigned int
2026-10-06T15:48:36.4542620Z       |                                                         %lu
2026-10-06T15:48:36.4543465Z  6770 |                UB, conflicts, conflicts-softConflicts, falseLits.size(), nbFalses, nbFixeds,
2026-10-06T15:48:36.4544636Z       |                               ~~~~~~~~~~~~~~~~~~~~~~~       
2026-10-06T15:48:36.4545185Z       |                                        |
2026-10-06T15:48:36.4545758Z       |                                        uint64_t {aka long unsigned int}
2026-10-06T15:48:36.4547487Z src/solver/Solver.cc:6769:189: warning: format ‘%llu’ expects argument of type ‘long long unsigned int’, but argument 11 has type ‘uint64_t’ {aka ‘long unsigned int’} [-Wformat=]
2026-10-06T15:48:36.4549738Z  6769 |         printf("c UB=%llu succ, confls=%llu and hconfls=%llu with %d soft clauses unsat (%d at level 0) and %d fixed vars at level 0,  prunedLB %4.2f, dev %4.2f, succRate %4.2f, nbSucc %llu, shortened : %llu\n",
2026-10-06T15:48:36.4551770Z       |                                                                                                                                                                                          ~~~^
2026-10-06T15:48:36.4553027Z       |                                                                                                                                                                                             |
2026-10-06T15:48:36.4554285Z       |                                                                                                                                                                                             long long unsigned int
2026-10-06T15:48:36.4555527Z       |                                                                                                                                                                                          %lu
2026-10-06T15:48:36.4556656Z  6770 |                UB, conflicts, conflicts-softConflicts, falseLits.size(), nbFalses, nbFixeds,
2026-10-06T15:48:36.4557584Z  6771 |                meanLB, dev, succRate, nbLKsuccess, nbSavedLits);
2026-10-06T15:48:36.4558552Z       |                                       ~~~~~~~~~~~                                                                                                                                            
2026-10-06T15:48:36.4559659Z       |                                       |
2026-10-06T15:48:36.4560239Z       |                                       uint64_t {aka long unsigned int}
2026-10-06T15:48:36.4562210Z src/solver/Solver.cc:6769:207: warning: format ‘%llu’ expects argument of type ‘long long unsigned int’, but argument 12 has type ‘uint64_t’ {aka ‘long unsigned int’} [-Wformat=]
2026-10-06T15:48:36.4564562Z  6769 |         printf("c UB=%llu succ, confls=%llu and hconfls=%llu with %d soft clauses unsat (%d at level 0) and %d fixed vars at level 0,  prunedLB %4.2f, dev %4.2f, succRate %4.2f, nbSucc %llu, shortened : %llu\n",
2026-10-06T15:48:36.4566416Z       |                                                                                                                                                                                                            ~~~^
2026-10-06T15:48:36.4567762Z       |                                                                                                                                                                                                               |
2026-10-06T15:48:36.4569134Z       |                                                                                                                                                                                                               long long unsigned int
2026-10-06T15:48:36.4570550Z       |                                                                                                                                                                                                            %lu
2026-10-06T15:48:36.4572017Z  6770 |                UB, conflicts, conflicts-softConflicts, falseLits.size(), nbFalses, nbFixeds,
2026-10-06T15:48:36.4572968Z  6771 |                meanLB, dev, succRate, nbLKsuccess, nbSavedLits);
2026-10-06T15:48:36.4574308Z       |                                                    ~~~~~~~~~~~                                                                                                                                                 
2026-10-06T15:48:36.4575262Z       |                                                    |
2026-10-06T15:48:36.4575902Z       |                                                    uint64_t {aka long unsigned int}
2026-10-06T15:48:36.4577584Z src/solver/Solver.cc:6798:17: warning: comparison of integer expressions of different signedness: ‘uint64_t’ {aka ‘long unsigned int’} and ‘int’ [-Wsign-compare]
2026-10-06T15:48:36.4578911Z  6798 |         if (inf > falseLits.size())
2026-10-06T15:48:36.4579420Z       |             ~~~~^~~~~~~~~~~~~~~~~~
2026-10-06T15:48:36.4581015Z src/solver/Solver.cc:6806:34: warning: format ‘%llu’ expects argument of type ‘long long unsigned int’, but argument 2 has type ‘uint64_t’ {aka ‘long unsigned int’} [-Wformat=]
2026-10-06T15:48:36.4582824Z  6806 |       else printf("c error UB %llu, inf %llu, sup %llu\n", UB, inf, sup);
2026-10-06T15:48:36.4583826Z       |                               ~~~^                         ~~
2026-10-06T15:48:36.4584432Z       |                                  |                         |
2026-10-06T15:48:36.4585150Z       |                                  long long unsigned int    uint64_t {aka long unsigned int}
2026-10-06T15:48:36.4585845Z       |                               %lu
2026-10-06T15:48:36.4587489Z src/solver/Solver.cc:6806:44: warning: format ‘%llu’ expects argument of type ‘long long unsigned int’, but argument 3 has type ‘uint64_t’ {aka ‘long unsigned int’} [-Wformat=]
2026-10-06T15:48:36.4589020Z  6806 |       else printf("c error UB %llu, inf %llu, sup %llu\n", UB, inf, sup);
2026-10-06T15:48:36.4589771Z       |                                         ~~~^                   ~~~
2026-10-06T15:48:36.4590367Z       |                                            |                   |
2026-10-06T15:48:36.4591053Z       |                                            |                   uint64_t {aka long unsigned int}
2026-10-06T15:48:36.4592058Z       |                                            long long unsigned int
2026-10-06T15:48:36.4592650Z       |                                         %lu
2026-10-06T15:48:36.4594247Z src/solver/Solver.cc:6806:54: warning: format ‘%llu’ expects argument of type ‘long long unsigned int’, but argument 4 has type ‘uint64_t’ {aka ‘long unsigned int’} [-Wformat=]
2026-10-06T15:48:36.4595786Z  6806 |       else printf("c error UB %llu, inf %llu, sup %llu\n", UB, inf, sup);
2026-10-06T15:48:36.4596549Z       |                                                   ~~~^              ~~~
2026-10-06T15:48:36.4597164Z       |                                                      |              |
2026-10-06T15:48:36.4597860Z       |                                                      |              uint64_t {aka long unsigned int}
2026-10-06T15:48:36.4598632Z       |                                                      long long unsigned int
2026-10-06T15:48:36.4599554Z       |                                                   %lu
2026-10-06T15:48:36.4601217Z src/solver/Solver.cc:6828:57: warning: format ‘%llu’ expects argument of type ‘long long unsigned int’, but argument 2 has type ‘uint64_t’ {aka ‘long unsigned int’} [-Wformat=]
2026-10-06T15:48:36.4603167Z  6828 |       printf("c no feasible solution, hardConflicts: %llu\n", conflicts - softConflicts);
2026-10-06T15:48:36.4604094Z       |                                                      ~~~^     ~~~~~~~~~~~~~~~~~~~~~~~~~
2026-10-06T15:48:36.4604759Z       |                                                         |               |
2026-10-06T15:48:36.4605495Z       |                                                         |               uint64_t {aka long unsigned int}
2026-10-06T15:48:36.4606263Z       |                                                         long long unsigned int
2026-10-06T15:48:36.4606903Z       |                                                      %lu
2026-10-06T15:48:36.4608578Z src/solver/Solver.cc:6831:30: warning: format ‘%llu’ expects argument of type ‘long long unsigned int’, but argument 2 has type ‘uint64_t’ {aka ‘long unsigned int’} [-Wformat=]
2026-10-06T15:48:36.4610315Z  6831 |       printf("c initCost: %llu, fixedBySearch: %llu, optimal: %llu, maxsat: %llu, hardConflicts: %llu\n",
2026-10-06T15:48:36.4611210Z       |                           ~~~^
2026-10-06T15:48:36.4611931Z       |                              |
2026-10-06T15:48:36.4612451Z       |                              long long unsigned int
2026-10-06T15:48:36.4612995Z       |                           %lu
2026-10-06T15:48:36.4613537Z  6832 |              solutionCost, fixedCostBySearch,
2026-10-06T15:48:36.4614070Z       |              ~~~~~~~~~~~~     
2026-10-06T15:48:36.4614501Z       |              |
2026-10-06T15:48:36.4614914Z       |              uint64_t {aka long unsigned int}
2026-10-06T15:48:36.4616563Z src/solver/Solver.cc:6831:51: warning: format ‘%llu’ expects argument of type ‘long long unsigned int’, but argument 3 has type ‘uint64_t’ {aka ‘long unsigned int’} [-Wformat=]
2026-10-06T15:48:36.4618601Z  6831 |       printf("c initCost: %llu, fixedBySearch: %llu, optimal: %llu, maxsat: %llu, hardConflicts: %llu\n",
2026-10-06T15:48:36.4619583Z       |                                                ~~~^
2026-10-06T15:48:36.4620139Z       |                                                   |
2026-10-06T15:48:36.4620732Z       |                                                   long long unsigned int
2026-10-06T15:48:36.4621346Z       |                                                %lu
2026-10-06T15:48:36.4622193Z  6832 |              solutionCost, fixedCostBySearch,
2026-10-06T15:48:36.4622761Z       |                            ~~~~~~~~~~~~~~~~~       
2026-10-06T15:48:36.4623263Z       |                            |
2026-10-06T15:48:36.4623784Z       |                            uint64_t {aka long unsigned int}
2026-10-06T15:48:36.4625531Z src/solver/Solver.cc:6831:66: warning: format ‘%llu’ expects argument of type ‘long long unsigned int’, but argument 4 has type ‘uint64_t’ {aka ‘long unsigned int’} [-Wformat=]
2026-10-06T15:48:36.4627284Z  6831 |       printf("c initCost: %llu, fixedBySearch: %llu, optimal: %llu, maxsat: %llu, hardConflicts: %llu\n",
2026-10-06T15:48:36.4628269Z       |                                                               ~~~^
2026-10-06T15:48:36.4628889Z       |                                                                  |
2026-10-06T15:48:36.4629570Z       |                                                                  long long unsigned int
2026-10-06T15:48:36.4630269Z       |                                                               %lu
2026-10-06T15:48:36.4630883Z  6832 |              solutionCost, fixedCostBySearch,
2026-10-06T15:48:36.4631691Z  6833 |              lastOptimalCost,
2026-10-06T15:48:36.4632265Z       |              ~~~~~~~~~~~~~~~                                      
2026-10-06T15:48:36.4633136Z       |              |
2026-10-06T15:48:36.4633584Z       |              uint64_t {aka long unsigned int}
2026-10-06T15:48:36.4635268Z src/solver/Solver.cc:6831:80: warning: format ‘%llu’ expects argument of type ‘long long unsigned int’, but argument 5 has type ‘uint64_t’ {aka ‘long unsigned int’} [-Wformat=]
2026-10-06T15:48:36.4636991Z  6831 |       printf("c initCost: %llu, fixedBySearch: %llu, optimal: %llu, maxsat: %llu, hardConflicts: %llu\n",
2026-10-06T15:48:36.4637968Z       |                                                                             ~~~^
2026-10-06T15:48:36.4638606Z       |                                                                                |
2026-10-06T15:48:36.4639325Z       |                                                                                long long unsigned int
2026-10-06T15:48:36.4640035Z       |                                                                             %lu
2026-10-06T15:48:36.4640583Z ......
2026-10-06T15:48:36.4641120Z  6834 |              objForSearch-sup + nbSatLits, conflicts - softConflicts);
2026-10-06T15:48:36.4642158Z       |              ~~~~~~~~~~~~~~~~~~~~~~~~~~~~                                       
2026-10-06T15:48:36.4642772Z       |                               |
2026-10-06T15:48:36.4643303Z       |                               uint64_t {aka long unsigned int}
2026-10-06T15:48:36.4644997Z src/solver/Solver.cc:6831:101: warning: format ‘%llu’ expects argument of type ‘long long unsigned int’, but argument 6 has type ‘uint64_t’ {aka ‘long unsigned int’} [-Wformat=]
2026-10-06T15:48:36.4646694Z  6831 |       printf("c initCost: %llu, fixedBySearch: %llu, optimal: %llu, maxsat: %llu, hardConflicts: %llu\n",
2026-10-06T15:48:36.4647711Z       |                                                                                                  ~~~^
2026-10-06T15:48:36.4648472Z       |                                                                                                     |
2026-10-06T15:48:36.4649341Z       |                                                                                                     long long unsigned int
2026-10-06T15:48:36.4650442Z       |                                                                                                  %lu
2026-10-06T15:48:36.4651093Z ......
2026-10-06T15:48:36.4651879Z  6834 |              objForSearch-sup + nbSatLits, conflicts - softConflicts);
2026-10-06T15:48:36.4652716Z       |                                            ~~~~~~~~~~~~~~~~~~~~~~~~~                                 
2026-10-06T15:48:36.4653417Z       |                                                      |
2026-10-06T15:48:36.4654052Z       |                                                      uint64_t {aka long unsigned int}
2026-10-06T15:48:36.4655771Z src/solver/Solver.cc:6836:24: warning: format ‘%llu’ expects argument of type ‘long long unsigned int’, but argument 2 has type ‘uint64_t’ {aka ‘long unsigned int’} [-Wformat=]
2026-10-06T15:48:36.4657583Z  6836 |     printf("c nbLK: %llu, nbSuccLK: %llu(%4.2f%%), nbLKup: %llu(%4.2f%%), hardens %u (fixed %llu), dynVars %d, shorten: %llu\n",
2026-10-06T15:48:36.4658577Z       |                     ~~~^
2026-10-06T15:48:36.4659015Z       |                        |
2026-10-06T15:48:36.4659509Z       |                        long long unsigned int
2026-10-06T15:48:36.4660019Z       |                     %lu
2026-10-06T15:48:36.4660691Z  6837 |            LOOKAHEAD, nbLKsuccess, 100.0*nbLKsuccess/LOOKAHEAD, lk_propagations,
2026-10-06T15:48:36.4661767Z       |            ~~~~~~~~~    
2026-10-06T15:48:36.4662207Z       |            |
2026-10-06T15:48:36.4662631Z       |            uint64_t {aka long unsigned int}
2026-10-06T15:48:36.4664308Z src/solver/Solver.cc:6836:40: warning: format ‘%llu’ expects argument of type ‘long long unsigned int’, but argument 3 has type ‘uint64_t’ {aka ‘long unsigned int’} [-Wformat=]
2026-10-06T15:48:36.4666120Z  6836 |     printf("c nbLK: %llu, nbSuccLK: %llu(%4.2f%%), nbLKup: %llu(%4.2f%%), hardens %u (fixed %llu), dynVars %d, shorten: %llu\n",
2026-10-06T15:48:36.4667431Z       |                                     ~~~^
2026-10-06T15:48:36.4667948Z       |                                        |
2026-10-06T15:48:36.4668506Z       |                                        long long unsigned int
2026-10-06T15:48:36.4669142Z       |                                     %lu
2026-10-06T15:48:36.4669898Z  6837 |            LOOKAHEAD, nbLKsuccess, 100.0*nbLKsuccess/LOOKAHEAD, lk_propagations,
2026-10-06T15:48:36.4670680Z       |                       ~~~~~~~~~~~       
2026-10-06T15:48:36.4671173Z       |                       |
2026-10-06T15:48:36.4671923Z       |                       uint64_t {aka long unsigned int}
2026-10-06T15:48:36.4673605Z src/solver/Solver.cc:6836:63: warning: format ‘%llu’ expects argument of type ‘long long unsigned int’, but argument 5 has type ‘uint64_t’ {aka ‘long unsigned int’} [-Wformat=]
2026-10-06T15:48:36.4675411Z  6836 |     printf("c nbLK: %llu, nbSuccLK: %llu(%4.2f%%), nbLKup: %llu(%4.2f%%), hardens %u (fixed %llu), dynVars %d, shorten: %llu\n",
2026-10-06T15:48:36.4676485Z       |                                                            ~~~^
2026-10-06T15:48:36.4677085Z       |                                                               |
2026-10-06T15:48:36.4677732Z       |                                                               long long unsigned int
2026-10-06T15:48:36.4678383Z       |                                                            %lu
2026-10-06T15:48:36.4679150Z  6837 |            LOOKAHEAD, nbLKsuccess, 100.0*nbLKsuccess/LOOKAHEAD, lk_propagations,
2026-10-06T15:48:36.4679962Z       |                                                                 ~~~~~~~~~~~~~~~
2026-10-06T15:48:36.4680599Z       |                                                                 |
2026-10-06T15:48:36.4681295Z       |                                                                 uint64_t {aka long unsigned int}
2026-10-06T15:48:36.4683405Z src/solver/Solver.cc:6836:96: warning: format ‘%llu’ expects argument of type ‘long long unsigned int’, but argument 8 has type ‘uint64_t’ {aka ‘long unsigned int’} [-Wformat=]
2026-10-06T15:48:36.4685611Z  6836 |     printf("c nbLK: %llu, nbSuccLK: %llu(%4.2f%%), nbLKup: %llu(%4.2f%%), hardens %u (fixed %llu), dynVars %d, shorten: %llu\n",
2026-10-06T15:48:36.4686787Z       |                                                                                             ~~~^
2026-10-06T15:48:36.4687574Z       |                                                                                                |
2026-10-06T15:48:36.4688421Z       |                                                                                                long long unsigned int
2026-10-06T15:48:36.4689247Z       |                                                                                             %lu
2026-10-06T15:48:36.4690142Z  6837 |            LOOKAHEAD, nbLKsuccess, 100.0*nbLKsuccess/LOOKAHEAD, lk_propagations,
2026-10-06T15:48:36.4691682Z  6838 |            100.0*lk_propagations/propagations, nbHardens, fixedByHardens, nVars()-staticNbVars, nbSavedLits);
2026-10-06T15:48:36.4692826Z       |                                                           ~~~~~~~~~~~~~~                        
2026-10-06T15:48:36.4693534Z       |                                                           |
2026-10-06T15:48:36.4694220Z       |                                                           uint64_t {aka long unsigned int}
2026-10-06T15:48:36.4695990Z src/solver/Solver.cc:6836:124: warning: format ‘%llu’ expects argument of type ‘long long unsigned int’, but argument 10 has type ‘uint64_t’ {aka ‘long unsigned int’} [-Wformat=]
2026-10-06T15:48:36.4697801Z  6836 |     printf("c nbLK: %llu, nbSuccLK: %llu(%4.2f%%), nbLKup: %llu(%4.2f%%), hardens %u (fixed %llu), dynVars %d, shorten: %llu\n",
2026-10-06T15:48:36.4698963Z       |                                                                                                                         ~~~^
2026-10-06T15:48:36.4700155Z       |                                                                                                                            |
2026-10-06T15:48:36.4701135Z       |                                                                                                                            long long unsigned int
2026-10-06T15:48:36.4702371Z       |                                                                                                                         %lu
2026-10-06T15:48:36.4703318Z  6837 |            LOOKAHEAD, nbLKsuccess, 100.0*nbLKsuccess/LOOKAHEAD, lk_propagations,
2026-10-06T15:48:36.4704524Z  6838 |            100.0*lk_propagations/propagations, nbHardens, fixedByHardens, nVars()-staticNbVars, nbSavedLits);
2026-10-06T15:48:36.4705663Z       |                                                                                                 ~~~~~~~~~~~                 
2026-10-06T15:48:36.4706479Z       |                                                                                                 |
2026-10-06T15:48:36.4707343Z       |                                                                                                 uint64_t {aka long unsigned int}
2026-10-06T15:48:36.4735670Z In file included from src/solver/mtl/Sort.h:24,
2026-10-06T15:48:36.4736281Z                  from src/solver/Solver.cc:106:
2026-10-06T15:48:36.4737673Z src/solver/mtl/Vec.h: In instantiation of ‘void Minisat::vec<T>::capacity(int) [with T = Minisat::vec<Minisat::Solver::Watcher>]’:
2026-10-06T15:48:36.4739500Z src/solver/mtl/Vec.h:115:13:   required from ‘void Minisat::vec<T>::growTo(int) [with T = Minisat::vec<Minisat::Solver::Watcher>]’
2026-10-06T15:48:36.4742202Z src/solver/SolverTypes.h:339:50:   required from ‘void Minisat::OccLists<Idx, Vec, Deleted>::init(const Idx&) [with Idx = Minisat::Lit; Vec = Minisat::vec<Minisat::Solver::Watcher>; Deleted = Minisat::Solver::WatcherDeleted]’
2026-10-06T15:48:36.4743906Z src/solver/Solver.cc:1272:21:   required from here
2026-10-06T15:48:36.4746275Z src/solver/mtl/Vec.h:99:54: warning: ‘void* realloc(void*, size_t)’ moving an object of non-trivially copyable type ‘class Minisat::vec<Minisat::Solver::Watcher>’; use ‘new’ and ‘delete’ instead [-Wclass-memaccess]
2026-10-06T15:48:36.4748224Z    99 |     if (add > INT_MAX - cap || ((data = (T*)::realloc(data, (cap += add) * sizeof(T))) == NULL) && errno == ENOMEM)
2026-10-06T15:48:36.4749217Z       |                                             ~~~~~~~~~^~~~~~~~~~~~~~~~~~~~~~~~~~~~~~~~
2026-10-06T15:48:36.4750378Z src/solver/mtl/Vec.h:38:7: note: ‘class Minisat::vec<Minisat::Solver::Watcher>’ declared here
2026-10-06T15:48:36.4751165Z    38 | class vec {
2026-10-06T15:48:36.4751821Z       |       ^~~
2026-10-06T15:48:36.4752943Z src/solver/mtl/Vec.h: In instantiation of ‘void Minisat::vec<T>::capacity(int) [with T = Minisat::vec<Minisat::Lit>]’:
2026-10-06T15:48:36.4754617Z src/solver/mtl/Vec.h:115:13:   required from ‘void Minisat::vec<T>::growTo(int) [with T = Minisat::vec<Minisat::Lit>]’
2026-10-06T15:48:36.4756548Z src/solver/Solver.h:72:50:   required from ‘void Minisat::vec2<Idx, Vec>::init(const Idx&) [with Idx = Minisat::Lit; Vec = Minisat::vec<Minisat::Lit>]’
2026-10-06T15:48:36.4757795Z src/solver/Solver.cc:1312:22:   required from here
2026-10-06T15:48:36.4759770Z src/solver/mtl/Vec.h:99:54: warning: ‘void* realloc(void*, size_t)’ moving an object of non-trivially copyable type ‘class Minisat::vec<Minisat::Lit>’; use ‘new’ and ‘delete’ instead [-Wclass-memaccess]
2026-10-06T15:48:36.4762011Z    99 |     if (add > INT_MAX - cap || ((data = (T*)::realloc(data, (cap += add) * sizeof(T))) == NULL) && errno == ENOMEM)
2026-10-06T15:48:36.4763020Z       |                                             ~~~~~~~~~^~~~~~~~~~~~~~~~~~~~~~~~~~~~~~~~
2026-10-06T15:48:36.4764100Z src/solver/mtl/Vec.h:38:7: note: ‘class Minisat::vec<Minisat::Lit>’ declared here
2026-10-06T15:48:36.4764822Z    38 | class vec {
2026-10-06T15:48:36.4765177Z       |       ^~~
2026-10-06T15:48:36.4766217Z src/solver/mtl/Vec.h: In instantiation of ‘void Minisat::vec<T>::capacity(int) [with T = Minisat::vec<int>]’:
2026-10-06T15:48:36.4768197Z src/solver/mtl/Vec.h:115:13:   required from ‘void Minisat::vec<T>::growTo(int) [with T = Minisat::vec<int>]’
2026-10-06T15:48:36.4769855Z src/solver/Solver.h:72:50:   required from ‘void Minisat::vec2<Idx, Vec>::init(const Idx&) [with Idx = int; Vec = Minisat::vec<int>]’
2026-10-06T15:48:36.4770956Z src/solver/Solver.cc:4250:13:   required from here
2026-10-06T15:48:36.4773106Z src/solver/mtl/Vec.h:99:54: warning: ‘void* realloc(void*, size_t)’ moving an object of non-trivially copyable type ‘class Minisat::vec<int>’; use ‘new’ and ‘delete’ instead [-Wclass-memaccess]
2026-10-06T15:48:36.4774907Z    99 |     if (add > INT_MAX - cap || ((data = (T*)::realloc(data, (cap += add) * sizeof(T))) == NULL) && errno == ENOMEM)
2026-10-06T15:48:36.4775885Z       |                                             ~~~~~~~~~^~~~~~~~~~~~~~~~~~~~~~~~~~~~~~~~
2026-10-06T15:48:36.4776891Z src/solver/mtl/Vec.h:38:7: note: ‘class Minisat::vec<int>’ declared here
2026-10-06T15:48:36.4777585Z    38 | class vec {
2026-10-06T15:48:36.4777942Z       |       ^~~
2026-10-06T15:48:36.5171003Z src/solver/Solver.cc: In member function ‘void Minisat::Solver::emitBoundsUpdate()’:
2026-10-06T15:48:36.5173116Z src/solver/Solver.cc:5204:24: warning: ignoring return value of ‘ssize_t write(int, const void*, size_t)’ declared with attribute ‘warn_unused_result’ [-Wunused-result]
2026-10-06T15:48:36.5174448Z  5204 |             (void)write(bounds_pipe_w, buf, (size_t)n);
2026-10-06T15:48:36.5175059Z       |                   ~~~~~^~~~~~~~~~~~~~~~~~~~~~~~~~~~~~~
2026-10-06T15:48:36.5176594Z src/solver/Solver.cc:5210:24: warning: ignoring return value of ‘ssize_t write(int, const void*, size_t)’ declared with attribute ‘warn_unused_result’ [-Wunused-result]
2026-10-06T15:48:36.5177937Z  5210 |             (void)write(bounds_pipe_w, buf, (size_t)n);
2026-10-06T15:48:36.5178549Z       |                   ~~~~~^~~~~~~~~~~~~~~~~~~~~~~~~~~~~~~
2026-10-06T15:48:36.5179660Z src/solver/Solver.cc: In member function ‘void Minisat::Solver::emitTryUpdate(uint64_t)’:
2026-10-06T15:48:36.5182212Z src/solver/Solver.cc:5220:20: warning: ignoring return value of ‘ssize_t write(int, const void*, size_t)’ declared with attribute ‘warn_unused_result’ [-Wunused-result]
2026-10-06T15:48:36.5183614Z  5220 |         (void)write(bounds_pipe_w, buf, (size_t)n);
2026-10-06T15:48:36.5184216Z       |               ~~~~~^~~~~~~~~~~~~~~~~~~~~~~~~~~~~~~
2026-10-06T15:48:39.1693963Z In file included from src/solver/Solver.h:54:
2026-10-06T15:48:39.1694969Z In function ‘Minisat::Lit Minisat::operator~(Lit)’,
2026-10-06T15:48:39.1695770Z     inlined from ‘void Minisat::Solver::analyze(Minisat::CRef, Minisat::vec<Minisat::Lit>&, int&, int&)’ at src/solver/Solver.cc:1757:22:
2026-10-06T15:48:39.1696742Z src/solver/SolverTypes.h:73:64: warning: ‘p.Minisat::Lit::x’ may be used uninitialized [-Wmaybe-uninitialized]
2026-10-06T15:48:39.1697379Z    73 | inline  Lit  operator ~(Lit p)              { Lit q; q.x = p.x ^ 1; return q; }
2026-10-06T15:48:39.1697831Z       |                                                            ~~~~^~~
2026-10-06T15:48:39.1698552Z src/solver/Solver.cc: In member function ‘void Minisat::Solver::analyze(Minisat::CRef, Minisat::vec<Minisat::Lit>&, int&, int&)’:
2026-10-06T15:48:39.1699296Z src/solver/Solver.cc:1671:9: note: ‘p.Minisat::Lit::x’ was declared here
2026-10-06T15:48:39.1699680Z  1671 |     Lit p; //     = lit_Undef;
2026-10-06T15:48:39.1699926Z       |         ^
2026-10-06T15:48:39.2509645Z In function ‘Minisat::Lit Minisat::operator~(Lit)’,
2026-10-06T15:48:39.2511654Z     inlined from ‘void Minisat::Solver::analyzeSoftConflict(Minisat::vec<Minisat::Lit>&, int&, int&)’ at src/solver/Solver.cc:2396:22:
2026-10-06T15:48:39.2513816Z src/solver/SolverTypes.h:73:64: warning: ‘p.Minisat::Lit::x’ may be used uninitialized [-Wmaybe-uninitialized]
2026-10-06T15:48:39.2515066Z    73 | inline  Lit  operator ~(Lit p)              { Lit q; q.x = p.x ^ 1; return q; }
2026-10-06T15:48:39.2516117Z       |                                                            ~~~~^~~
2026-10-06T15:48:39.2517112Z src/solver/Solver.cc: In member function ‘void Minisat::Solver::analyzeSoftConflict(Minisat::vec<Minisat::Lit>&, int&, int&)’:
2026-10-06T15:48:39.2518113Z src/solver/Solver.cc:2193:9: note: ‘p.Minisat::Lit::x’ was declared here
2026-10-06T15:48:39.2518587Z  2193 |     Lit p;
2026-10-06T15:48:39.2518841Z       |         ^
2026-10-06T15:48:39.3840244Z In function ‘Minisat::Lit Minisat::operator~(Lit)’,
2026-10-06T15:48:39.3842070Z     inlined from ‘void Minisat::Solver::analyzeQuasiSoftConflict(Minisat::vec<Minisat::Lit>&, int&, int&)’ at src/solver/Solver.cc:4664:22:
2026-10-06T15:48:39.3844044Z src/solver/SolverTypes.h:73:64: warning: ‘p.Minisat::Lit::x’ may be used uninitialized [-Wmaybe-uninitialized]
2026-10-06T15:48:39.3845225Z    73 | inline  Lit  operator ~(Lit p)              { Lit q; q.x = p.x ^ 1; return q; }
2026-10-06T15:48:39.3845775Z       |                                                            ~~~~^~~
2026-10-06T15:48:39.3846786Z src/solver/Solver.cc: In member function ‘void Minisat::Solver::analyzeQuasiSoftConflict(Minisat::vec<Minisat::Lit>&, int&, int&)’:
2026-10-06T15:48:39.3847796Z src/solver/Solver.cc:4492:9: note: ‘p.Minisat::Lit::x’ was declared here
2026-10-06T15:48:39.3848274Z  4492 |     Lit p;
2026-10-06T15:48:39.3848520Z       |         ^
2026-10-06T15:48:42.1515319Z g++ -Isrc/solver -Wall -Wno-parentheses -O3 -g -D __STDC_LIMIT_MACROS -D __STDC_FORMAT_MACROS -DNDEBUG -o bin/distqldpc src/core/distqldpc.cc build/SimpSolver.o build/Solver.o build/Options.o build/System.o -lz
2026-10-06T15:48:42.1518252Z g++ -Isrc/solver -Wall -Wno-parentheses -O3 -g -D __STDC_LIMIT_MACROS -D __STDC_FORMAT_MACROS -DNDEBUG -o bin/maxcdcl src/solver/Main.cc build/SimpSolver.o build/Solver.o build/Options.o build/System.o -lz
2026-10-06T15:48:42.1970216Z In file included from src/solver/Main.cc:51:
2026-10-06T15:48:42.1971852Z src/solver/utils/Options.h:285:29: warning: invalid suffix on literal; C++11 requires a space between literal and string macro [-Wliteral-suffix]
2026-10-06T15:48:42.1973426Z   285 |             fprintf(stderr, "%4"PRIi64, range.begin);
2026-10-06T15:48:42.1973986Z       |                             ^
2026-10-06T15:48:42.1975045Z src/solver/utils/Options.h:291:29: warning: invalid suffix on literal; C++11 requires a space between literal and string macro [-Wliteral-suffix]
2026-10-06T15:48:42.1976217Z   291 |             fprintf(stderr, "%4"PRIi64, range.end);
2026-10-06T15:48:42.1976747Z       |                             ^
2026-10-06T15:48:42.1977785Z src/solver/utils/Options.h:293:25: warning: invalid suffix on literal; C++11 requires a space between literal and string macro [-Wliteral-suffix]
2026-10-06T15:48:42.1978969Z   293 |         fprintf(stderr, "] (default: %"PRIi64")\n", value);
2026-10-06T15:48:42.1979527Z       |                         ^
2026-10-06T15:48:42.1989015Z src/solver/Main.cc:84:16: warning: invalid suffix on literal; C++11 requires a space between literal and string macro [-Wliteral-suffix]
2026-10-06T15:48:42.1990254Z    84 |         printf("c restarts              : %"PRIu64"\n", solver.starts);
2026-10-06T15:48:42.1990874Z       |                ^
2026-10-06T15:48:42.1992022Z src/solver/Main.cc:85:16: warning: invalid suffix on literal; C++11 requires a space between literal and string macro [-Wliteral-suffix]
2026-10-06T15:48:42.1993431Z    85 |         printf("c conflicts             : %-12"PRIu64"   (%.0f /sec)\n", solver.conflicts, solver.conflicts / cpu_time);
2026-10-06T15:48:42.1994282Z       |                ^
2026-10-06T15:48:42.1995204Z src/solver/Main.cc:86:16: warning: invalid suffix on literal; C++11 requires a space between literal and string macro [-Wliteral-suffix]
2026-10-06T15:48:42.1997089Z    86 |         printf("c decisions             : %-12"PRIu64"   (%4.2f %% random) (%.0f /sec)\n", solver.decisions, (float)solver.rnd_decisions * 100 / (float)solver.decisions, solver.decisions / cpu_time);
2026-10-06T15:48:42.1998613Z       |                ^
2026-10-06T15:48:42.1999541Z src/solver/Main.cc:87:16: warning: invalid suffix on literal; C++11 requires a space between literal and string macro [-Wliteral-suffix]
2026-10-06T15:48:42.2000991Z    87 |         printf("c propagations          : %-12"PRIu64"   (%.0f /sec)\n", solver.propagations, solver.propagations / cpu_time);
2026-10-06T15:48:42.2002105Z       |                ^
2026-10-06T15:48:42.2003016Z src/solver/Main.cc:88:16: warning: invalid suffix on literal; C++11 requires a space between literal and string macro [-Wliteral-suffix]
2026-10-06T15:48:42.2004799Z    88 |         printf("c conflict literals     : %-12"PRIu64"   (%4.2f %% deleted)\n", solver.tot_literals, (solver.max_literals - solver.tot_literals) * 100 / (double)solver.max_literals);
2026-10-06T15:48:42.2006035Z       |                ^
2026-10-06T15:48:42.2006960Z src/solver/Main.cc:93:16: warning: invalid suffix on literal; C++11 requires a space between literal and string macro [-Wliteral-suffix]
2026-10-06T15:48:42.2008194Z    93 |         printf("c s_propagations        : %-12"PRIu64"\n", solver.s_propagations);
2026-10-06T15:48:42.2008881Z       |                ^
2026-10-06T15:48:42.2115241Z In file included from src/solver/Solver.h:53,
2026-10-06T15:48:42.2115830Z                  from src/solver/SimpSolver.h:37,
2026-10-06T15:48:42.2116362Z                  from src/core/distqldpc.cc:40:
2026-10-06T15:48:42.2117484Z src/solver/utils/Options.h:285:29: warning: invalid suffix on literal; C++11 requires a space between literal and string macro [-Wliteral-suffix]
2026-10-06T15:48:42.2118657Z   285 |             fprintf(stderr, "%4"PRIi64, range.begin);
2026-10-06T15:48:42.2119188Z       |                             ^
2026-10-06T15:48:42.2120226Z src/solver/utils/Options.h:291:29: warning: invalid suffix on literal; C++11 requires a space between literal and string macro [-Wliteral-suffix]
2026-10-06T15:48:42.2121356Z   291 |             fprintf(stderr, "%4"PRIi64, range.end);
2026-10-06T15:48:42.2122129Z       |                             ^
2026-10-06T15:48:42.2123478Z src/solver/utils/Options.h:293:25: warning: invalid suffix on literal; C++11 requires a space between literal and string macro [-Wliteral-suffix]
2026-10-06T15:48:42.2124674Z   293 |         fprintf(stderr, "] (default: %"PRIi64")\n", value);
2026-10-06T15:48:42.2125233Z       |                         ^
2026-10-06T15:48:42.3035335Z src/solver/Main.cc: In function ‘void printStats(Minisat::Solver&)’:
2026-10-06T15:48:42.3037225Z src/solver/Main.cc:92:46: warning: format ‘%llu’ expects argument of type ‘long long unsigned int’, but argument 2 has type ‘uint64_t’ {aka ‘long unsigned int’} [-Wformat=]
2026-10-06T15:48:42.3038737Z    92 |         printf("c nbSimplifyAll         : %llu\n", solver.nbSimplifyAll);
2026-10-06T15:48:42.3039493Z       |                                           ~~~^     ~~~~~~~~~~~~~~~~~~~~
2026-10-06T15:48:42.3040106Z       |                                              |            |
2026-10-06T15:48:42.3040829Z       |                                              |            uint64_t {aka long unsigned int}
2026-10-06T15:48:42.3041847Z       |                                              long long unsigned int
2026-10-06T15:48:42.3042454Z       |                                           %lu
2026-10-06T15:48:42.3051044Z src/solver/Main.cc: In function ‘int main(int, char**)’:
2026-10-06T15:48:42.3052867Z src/solver/Main.cc:187:34: warning: format ‘%llu’ expects argument of type ‘long long unsigned int’, but argument 2 has type ‘uint64_t’ {aka ‘long unsigned int’} [-Wformat=]
2026-10-06T15:48:42.3054229Z   187 |         printf("c initial UB: %llu\n", S.initUB);
2026-10-06T15:48:42.3054827Z       |                               ~~~^     ~~~~~~~~
2026-10-06T15:48:42.3055349Z       |                                  |       |
2026-10-06T15:48:42.3055925Z       |                                  |       uint64_t {aka long unsigned int}
2026-10-06T15:48:42.3056571Z       |                                  long long unsigned int
2026-10-06T15:48:42.3057621Z       |                               %lu
2026-10-06T15:48:42.3447810Z src/solver/Main.cc: At global scope:
2026-10-06T15:48:42.3449368Z src/solver/Main.cc:108:13: warning: ‘void SIGINT_exit(int)’ defined but not used [-Wunused-function]
2026-10-06T15:48:42.3450234Z   108 | static void SIGINT_exit(int signum) {
2026-10-06T15:48:42.3450706Z       |             ^~~~~~~~~~~
2026-10-06T15:48:42.5447781Z src/core/distqldpc.cc: In function ‘void pipe_write_result(int, int, bool)’:
2026-10-06T15:48:42.5450336Z src/core/distqldpc.cc:188:20: warning: ignoring return value of ‘ssize_t write(int, const void*, size_t)’ declared with attribute ‘warn_unused_result’ [-Wunused-result]
2026-10-06T15:48:42.5452080Z   188 |         (void)write(pipe_w, buf, (size_t)n);
2026-10-06T15:48:42.5452770Z       |               ~~~~~^~~~~~~~~~~~~~~~~~~~~~~~
2026-10-06T15:48:43.6083087Z make: Leaving directory '/home/runner/work/DistQLDPC/DistQLDPC/candidate'
2026-10-06T15:48:43.6123917Z ##[group]Run set +e
2026-10-06T15:48:43.6124184Z [36;1mset +e[0m
2026-10-06T15:48:43.6125728Z [36;1mpython3 qdistsat/benchmarks/compare_distqldpc_binaries.py             --baseline-bin "$GITHUB_WORKSPACE/baseline/bin/distqldpc"             --candidate-bin "$GITHUB_WORKSPACE/candidate/bin/distqldpc"             --data-root "$GITHUB_WORKSPACE/qdistsat/data"             --stems LP_136_32_4 BB_108_8_10             --timeout 45             --json-out "$GITHUB_WORKSPACE/benchmark-results/result.json"             --markdown-out "$GITHUB_WORKSPACE/benchmark-results/summary.md"[0m
2026-10-06T15:48:43.6127322Z [36;1mcode=$?[0m
2026-10-06T15:48:43.6127677Z [36;1mcat "$GITHUB_WORKSPACE/benchmark-results/summary.md" >> "$GITHUB_STEP_SUMMARY"[0m
2026-10-06T15:48:43.6128135Z [36;1mecho "exit_code=$code" >> "$GITHUB_OUTPUT"[0m
2026-10-06T15:48:43.6128417Z [36;1mexit 0[0m
2026-10-06T15:48:43.6192270Z shell: /usr/bin/bash --noprofile --norc -e -o pipefail {0}
2026-10-06T15:48:43.6192677Z ##[endgroup]
2026-10-06T15:49:02.0621956Z # DistQLDPC cross-repo benchmark
2026-10-06T15:49:02.0622327Z 
2026-10-06T15:49:02.0622497Z Scientific results match: **YES**
2026-10-06T15:49:02.0622806Z 
2026-10-06T15:49:02.0623036Z Timing is informational only; shared CI runners are noisy.
2026-10-06T15:49:02.0623344Z 
2026-10-06T15:49:02.0623566Z | Stem | Config | Baseline | Candidate | Cand/Base time | Semantic match |
2026-10-06T15:49:02.0624017Z |---|---|---:|---:|---:|---|
2026-10-06T15:49:02.0624351Z | LP_136_32_4 | no-card | d=4 (0.18s) | d=4 (0.17s) | 0.94x | YES |
2026-10-06T15:49:02.0624808Z | LP_136_32_4 | card-mto | d=4 (0.28s) | d=4 (0.12s) | 0.43x | YES |
2026-10-06T15:49:02.0625246Z | BB_108_8_10 | no-card | d=10 (4.20s) | d=10 (3.67s) | 0.87x | YES |
2026-10-06T15:49:02.0625691Z | BB_108_8_10 | card-mto | d=10 (5.41s) | d=10 (4.35s) | 0.80x | YES |
2026-10-06T15:49:02.0803807Z ##[group]Run actions/upload-artifact@v4
2026-10-06T15:49:02.0804130Z with:
2026-10-06T15:49:02.0804349Z   name: qdistsat-cross-repo-benchmark
2026-10-06T15:49:02.0804641Z   path: benchmark-results/
2026-10-06T15:49:02.0804874Z   retention-days: 14
2026-10-06T15:49:02.0805085Z   if-no-files-found: warn
2026-10-06T15:49:02.0805308Z   compression-level: 6
2026-10-06T15:49:02.0805517Z   overwrite: false
2026-10-06T15:49:02.0805720Z   include-hidden-files: false
2026-10-06T15:49:02.0805949Z ##[endgroup]
2026-10-06T15:49:02.2492837Z (node:3050) [DEP0040] DeprecationWarning: The `punycode` module is deprecated. Please use a userland alternative instead.
2026-10-06T15:49:02.2493653Z (Use `node --trace-deprecation ...` to show where the warning was created)
2026-10-06T15:49:02.2622188Z With the provided path, there will be 2 files uploaded
2026-10-06T15:49:02.2622736Z Artifact name is valid!
2026-10-06T15:49:02.2622973Z Root directory input is valid!
2026-10-06T15:49:02.4879983Z Beginning upload of artifact content to blob storage
2026-10-06T15:49:02.5131849Z (node:3050) [DEP0169] DeprecationWarning: `url.parse()` behavior is not standardized and prone to errors that have security implications. Use the WHATWG URL API instead. CVEs are not issued for `url.parse()` vulnerabilities.
2026-10-06T15:49:02.5597123Z Uploaded bytes 1060
2026-10-06T15:49:02.5805366Z Finished uploading artifact content to blob storage!
2026-10-06T15:49:02.5806585Z SHA256 digest of uploaded artifact zip is 3f15057e113be03cebf5b967719d23c388adad4722128662615de37447a131cb
2026-10-06T15:49:02.5808625Z Finalizing artifact upload
2026-10-06T15:49:02.7932958Z Artifact qdistsat-cross-repo-benchmark.zip successfully finalized. Artifact ID 11424997484
2026-10-06T15:49:02.7934010Z Artifact qdistsat-cross-repo-benchmark has been successfully uploaded! Final size is 1060 bytes. Artifact ID is 11424997484
2026-10-06T15:49:02.7940834Z Artifact download URL: https://github.com/guluchen/DistQLDPC/actions/runs/37490553731/artifacts/11424997484
2026-10-06T15:49:02.8103011Z ##[group]Run if [ "0" != "0" ]; then
2026-10-06T15:49:02.8103343Z [36;1mif [ "0" != "0" ]; then[0m
2026-10-06T15:49:02.8103830Z [36;1m  echo "QDistSAT detected a scientific-result mismatch between baseline and candidate DistQLDPC."[0m
2026-10-06T15:49:02.8104357Z [36;1m  exit 1[0m
2026-10-06T15:49:02.8104556Z [36;1mfi[0m
2026-10-06T15:49:02.8165765Z shell: /usr/bin/bash --noprofile --norc -e -o pipefail {0}
2026-10-06T15:49:02.8166122Z ##[endgroup]
2026-10-06T15:49:02.8340654Z Post job cleanup.
2026-10-06T15:49:02.9226562Z [command]/usr/bin/git version
2026-10-06T15:49:02.9282543Z git version 2.55.0
2026-10-06T15:49:02.9352698Z Temporarily overriding HOME='/home/runner/work/_temp/2b719181-5f2f-478b-8a44-c1ab04c09e11' before making global git config changes
2026-10-06T15:49:02.9354078Z Adding repository directory to the temporary git global config as a safe directory
2026-10-06T15:49:02.9358804Z [command]/usr/bin/git config --global --add safe.directory /home/runner/work/DistQLDPC/DistQLDPC/qdistsat
2026-10-06T15:49:02.9398266Z Removing SSH command configuration
2026-10-06T15:49:02.9407245Z [command]/usr/bin/git config --local --name-only --get-regexp core\.sshCommand
2026-10-06T15:49:02.9448958Z [command]/usr/bin/git submodule foreach --recursive sh -c "git config --local --name-only --get-regexp 'core\.sshCommand' && git config --local --unset-all 'core.sshCommand' || :"
2026-10-06T15:49:02.9729851Z Removing HTTP extra header
2026-10-06T15:49:02.9731123Z [command]/usr/bin/git config --local --name-only --get-regexp http\.https\:\/\/github\.com\/\.extraheader
2026-10-06T15:49:02.9775199Z [command]/usr/bin/git submodule foreach --recursive sh -c "git config --local --name-only --get-regexp 'http\.https\:\/\/github\.com\/\.extraheader' && git config --local --unset-all 'http.https://github.com/.extraheader' || :"
2026-10-06T15:49:03.0026994Z Removing includeIf entries pointing to credentials config files
2026-10-06T15:49:03.0036347Z [command]/usr/bin/git config --local --name-only --get-regexp ^includeIf\.gitdir:
2026-10-06T15:49:03.0078167Z includeif.gitdir:/home/runner/work/DistQLDPC/DistQLDPC/qdistsat/.git.path
2026-10-06T15:49:03.0079018Z includeif.gitdir:/home/runner/work/DistQLDPC/DistQLDPC/qdistsat/.git/worktrees/*.path
2026-10-06T15:49:03.0079705Z includeif.gitdir:/github/workspace/qdistsat/.git.path
2026-10-06T15:49:03.0080271Z includeif.gitdir:/github/workspace/qdistsat/.git/worktrees/*.path
2026-10-06T15:49:03.0088744Z [command]/usr/bin/git config --local --get-all includeif.gitdir:/home/runner/work/DistQLDPC/DistQLDPC/qdistsat/.git.path
2026-10-06T15:49:03.0119078Z /home/runner/work/_temp/git-credentials-4fccf980-b1e5-4b61-abe2-8fd58c9b8d57.config
2026-10-06T15:49:03.0132769Z [command]/usr/bin/git config --local --unset includeif.gitdir:/home/runner/work/DistQLDPC/DistQLDPC/qdistsat/.git.path \/home\/runner\/work\/_temp\/git\-credentials\-4fccf980\-b1e5\-4b61\-abe2\-8fd58c9b8d57\.config
2026-10-06T15:49:03.0196522Z [command]/usr/bin/git config --local --get-all includeif.gitdir:/home/runner/work/DistQLDPC/DistQLDPC/qdistsat/.git/worktrees/*.path
2026-10-06T15:49:03.0220768Z /home/runner/work/_temp/git-credentials-4fccf980-b1e5-4b61-abe2-8fd58c9b8d57.config
2026-10-06T15:49:03.0245966Z [command]/usr/bin/git config --local --unset includeif.gitdir:/home/runner/work/DistQLDPC/DistQLDPC/qdistsat/.git/worktrees/*.path \/home\/runner\/work\/_temp\/git\-credentials\-4fccf980\-b1e5\-4b61\-abe2\-8fd58c9b8d57\.config
2026-10-06T15:49:03.0292025Z [command]/usr/bin/git config --local --get-all includeif.gitdir:/github/workspace/qdistsat/.git.path
2026-10-06T15:49:03.0321349Z /github/runner_temp/git-credentials-4fccf980-b1e5-4b61-abe2-8fd58c9b8d57.config
2026-10-06T15:49:03.0330034Z [command]/usr/bin/git config --local --unset includeif.gitdir:/github/workspace/qdistsat/.git.path \/github\/runner_temp\/git\-credentials\-4fccf980\-b1e5\-4b61\-abe2\-8fd58c9b8d57\.config
2026-10-06T15:49:03.0371160Z [command]/usr/bin/git config --local --get-all includeif.gitdir:/github/workspace/qdistsat/.git/worktrees/*.path
2026-10-06T15:49:03.0411734Z /github/runner_temp/git-credentials-4fccf980-b1e5-4b61-abe2-8fd58c9b8d57.config
2026-10-06T15:49:03.0420900Z [command]/usr/bin/git config --local --unset includeif.gitdir:/github/workspace/qdistsat/.git/worktrees/*.path \/github\/runner_temp\/git\-credentials\-4fccf980\-b1e5\-4b61\-abe2\-8fd58c9b8d57\.config
2026-10-06T15:49:03.0461878Z [command]/usr/bin/git submodule foreach --recursive git config --local --show-origin --name-only --get-regexp remote.origin.url
2026-10-06T15:49:03.0690669Z Removing credentials config '/home/runner/work/_temp/git-credentials-4fccf980-b1e5-4b61-abe2-8fd58c9b8d57.config'
2026-10-06T15:49:03.0853218Z Post job cleanup.
2026-10-06T15:49:03.1705890Z [command]/usr/bin/git version
2026-10-06T15:49:03.1782203Z git version 2.55.0
2026-10-06T15:49:03.1804413Z Temporarily overriding HOME='/home/runner/work/_temp/793033cf-7688-4559-b7c7-5743b50063c5' before making global git config changes
2026-10-06T15:49:03.1805690Z Adding repository directory to the temporary git global config as a safe directory
2026-10-06T15:49:03.1811159Z [command]/usr/bin/git config --global --add safe.directory /home/runner/work/DistQLDPC/DistQLDPC/baseline
2026-10-06T15:49:03.1852320Z Removing SSH command configuration
2026-10-06T15:49:03.1853024Z [command]/usr/bin/git config --local --name-only --get-regexp core\.sshCommand
2026-10-06T15:49:03.1892689Z [command]/usr/bin/git submodule foreach --recursive sh -c "git config --local --name-only --get-regexp 'core\.sshCommand' && git config --local --unset-all 'core.sshCommand' || :"
2026-10-06T15:49:03.2163783Z Removing HTTP extra header
2026-10-06T15:49:03.2171061Z [command]/usr/bin/git config --local --name-only --get-regexp http\.https\:\/\/github\.com\/\.extraheader
2026-10-06T15:49:03.2214700Z [command]/usr/bin/git submodule foreach --recursive sh -c "git config --local --name-only --get-regexp 'http\.https\:\/\/github\.com\/\.extraheader' && git config --local --unset-all 'http.https://github.com/.extraheader' || :"
2026-10-06T15:49:03.2483391Z Removing includeIf entries pointing to credentials config files
2026-10-06T15:49:03.2492244Z [command]/usr/bin/git config --local --name-only --get-regexp ^includeIf\.gitdir:
2026-10-06T15:49:03.2521163Z includeif.gitdir:/home/runner/work/DistQLDPC/DistQLDPC/baseline/.git.path
2026-10-06T15:49:03.2522638Z includeif.gitdir:/home/runner/work/DistQLDPC/DistQLDPC/baseline/.git/worktrees/*.path
2026-10-06T15:49:03.2523777Z includeif.gitdir:/github/workspace/baseline/.git.path
2026-10-06T15:49:03.2524744Z includeif.gitdir:/github/workspace/baseline/.git/worktrees/*.path
2026-10-06T15:49:03.2540211Z [command]/usr/bin/git config --local --get-all includeif.gitdir:/home/runner/work/DistQLDPC/DistQLDPC/baseline/.git.path
2026-10-06T15:49:03.2560154Z /home/runner/work/_temp/git-credentials-91254cca-b484-44e7-98f8-b2ff94c0c78e.config
2026-10-06T15:49:03.2583161Z [command]/usr/bin/git config --local --unset includeif.gitdir:/home/runner/work/DistQLDPC/DistQLDPC/baseline/.git.path \/home\/runner\/work\/_temp\/git\-credentials\-91254cca\-b484\-44e7\-98f8\-b2ff94c0c78e\.config
2026-10-06T15:49:03.2624169Z [command]/usr/bin/git config --local --get-all includeif.gitdir:/home/runner/work/DistQLDPC/DistQLDPC/baseline/.git/worktrees/*.path
2026-10-06T15:49:03.2653139Z /home/runner/work/_temp/git-credentials-91254cca-b484-44e7-98f8-b2ff94c0c78e.config
2026-10-06T15:49:03.2673747Z [command]/usr/bin/git config --local --unset includeif.gitdir:/home/runner/work/DistQLDPC/DistQLDPC/baseline/.git/worktrees/*.path \/home\/runner\/work\/_temp\/git\-credentials\-91254cca\-b484\-44e7\-98f8\-b2ff94c0c78e\.config
2026-10-06T15:49:03.2715186Z [command]/usr/bin/git config --local --get-all includeif.gitdir:/github/workspace/baseline/.git.path
2026-10-06T15:49:03.2744181Z /github/runner_temp/git-credentials-91254cca-b484-44e7-98f8-b2ff94c0c78e.config
2026-10-06T15:49:03.2762831Z [command]/usr/bin/git config --local --unset includeif.gitdir:/github/workspace/baseline/.git.path \/github\/runner_temp\/git\-credentials\-91254cca\-b484\-44e7\-98f8\-b2ff94c0c78e\.config
2026-10-06T15:49:03.2801337Z [command]/usr/bin/git config --local --get-all includeif.gitdir:/github/workspace/baseline/.git/worktrees/*.path
2026-10-06T15:49:03.2832411Z /github/runner_temp/git-credentials-91254cca-b484-44e7-98f8-b2ff94c0c78e.config
2026-10-06T15:49:03.2837239Z [command]/usr/bin/git config --local --unset includeif.gitdir:/github/workspace/baseline/.git/worktrees/*.path \/github\/runner_temp\/git\-credentials\-91254cca\-b484\-44e7\-98f8\-b2ff94c0c78e\.config
2026-10-06T15:49:03.2902398Z [command]/usr/bin/git submodule foreach --recursive git config --local --show-origin --name-only --get-regexp remote.origin.url
2026-10-06T15:49:03.3164760Z Removing credentials config '/home/runner/work/_temp/git-credentials-91254cca-b484-44e7-98f8-b2ff94c0c78e.config'
2026-10-06T15:49:03.3380539Z Post job cleanup.
2026-10-06T15:49:03.4345452Z [command]/usr/bin/git version
2026-10-06T15:49:03.4382355Z git version 2.55.0
2026-10-06T15:49:03.4417366Z Temporarily overriding HOME='/home/runner/work/_temp/a2e11cc3-6418-4802-b66c-451da4e87cb9' before making global git config changes
2026-10-06T15:49:03.4418996Z Adding repository directory to the temporary git global config as a safe directory
2026-10-06T15:49:03.4424987Z [command]/usr/bin/git config --global --add safe.directory /home/runner/work/DistQLDPC/DistQLDPC/candidate
2026-10-06T15:49:03.4463403Z Removing SSH command configuration
2026-10-06T15:49:03.4471843Z [command]/usr/bin/git config --local --name-only --get-regexp core\.sshCommand
2026-10-06T15:49:03.4512737Z [command]/usr/bin/git submodule foreach --recursive sh -c "git config --local --name-only --get-regexp 'core\.sshCommand' && git config --local --unset-all 'core.sshCommand' || :"
2026-10-06T15:49:03.4764892Z Removing HTTP extra header
2026-10-06T15:49:03.4772233Z [command]/usr/bin/git config --local --name-only --get-regexp http\.https\:\/\/github\.com\/\.extraheader
2026-10-06T15:49:03.4812634Z [command]/usr/bin/git submodule foreach --recursive sh -c "git config --local --name-only --get-regexp 'http\.https\:\/\/github\.com\/\.extraheader' && git config --local --unset-all 'http.https://github.com/.extraheader' || :"
2026-10-06T15:49:03.5212421Z Removing includeIf entries pointing to credentials config files
2026-10-06T15:49:03.5213409Z [command]/usr/bin/git config --local --name-only --get-regexp ^includeIf\.gitdir:
2026-10-06T15:49:03.5214600Z includeif.gitdir:/home/runner/work/DistQLDPC/DistQLDPC/candidate/.git.path
2026-10-06T15:49:03.5215792Z includeif.gitdir:/home/runner/work/DistQLDPC/DistQLDPC/candidate/.git/worktrees/*.path
2026-10-06T15:49:03.5216798Z includeif.gitdir:/github/workspace/candidate/.git.path
2026-10-06T15:49:03.5217618Z includeif.gitdir:/github/workspace/candidate/.git/worktrees/*.path
2026-10-06T15:49:03.5244470Z [command]/usr/bin/git config --local --get-all includeif.gitdir:/home/runner/work/DistQLDPC/DistQLDPC/candidate/.git.path
2026-10-06T15:49:03.5280815Z /home/runner/work/_temp/git-credentials-ec516646-6a53-4ebf-af29-e3e48f6c7364.config
2026-10-06T15:49:03.5296950Z [command]/usr/bin/git config --local --unset includeif.gitdir:/home/runner/work/DistQLDPC/DistQLDPC/candidate/.git.path \/home\/runner\/work\/_temp\/git\-credentials\-ec516646\-6a53\-4ebf\-af29\-e3e48f6c7364\.config
2026-10-06T15:49:03.5356790Z [command]/usr/bin/git config --local --get-all includeif.gitdir:/home/runner/work/DistQLDPC/DistQLDPC/candidate/.git/worktrees/*.path
2026-10-06T15:49:03.5407728Z /home/runner/work/_temp/git-credentials-ec516646-6a53-4ebf-af29-e3e48f6c7364.config
2026-10-06T15:49:03.5424050Z [command]/usr/bin/git config --local --unset includeif.gitdir:/home/runner/work/DistQLDPC/DistQLDPC/candidate/.git/worktrees/*.path \/home\/runner\/work\/_temp\/git\-credentials\-ec516646\-6a53\-4ebf\-af29\-e3e48f6c7364\.config
2026-10-06T15:49:03.5483588Z [command]/usr/bin/git config --local --get-all includeif.gitdir:/github/workspace/candidate/.git.path
2026-10-06T15:49:03.5525984Z /github/runner_temp/git-credentials-ec516646-6a53-4ebf-af29-e3e48f6c7364.config
2026-10-06T15:49:03.5550673Z [command]/usr/bin/git config --local --unset includeif.gitdir:/github/workspace/candidate/.git.path \/github\/runner_temp\/git\-credentials\-ec516646\-6a53\-4ebf\-af29\-e3e48f6c7364\.config
2026-10-06T15:49:03.5607877Z [command]/usr/bin/git config --local --get-all includeif.gitdir:/github/workspace/candidate/.git/worktrees/*.path
2026-10-06T15:49:03.5648595Z /github/runner_temp/git-credentials-ec516646-6a53-4ebf-af29-e3e48f6c7364.config
2026-10-06T15:49:03.5684874Z [command]/usr/bin/git config --local --unset includeif.gitdir:/github/workspace/candidate/.git/worktrees/*.path \/github\/runner_temp\/git\-credentials\-ec516646\-6a53\-4ebf\-af29\-e3e48f6c7364\.config
2026-10-06T15:49:03.5743893Z [command]/usr/bin/git submodule foreach --recursive git config --local --show-origin --name-only --get-regexp remote.origin.url
2026-10-06T15:49:03.5986080Z Removing credentials config '/home/runner/work/_temp/git-credentials-ec516646-6a53-4ebf-af29-e3e48f6c7364.config'
2026-10-06T15:49:03.6141722Z Cleaning up orphan processes
2026-10-06T15:49:03.6462270Z ##[warning]Node.js 20 is deprecated. The following actions target Node.js 20 but are being forced to run on Node.js 24: actions/upload-artifact@v4. For more information see: https://github.blog/changelog/2025-09-19-deprecation-of-node-20-on-github-actions-runners/

