2026-10-08T21:20:50.6199586Z Current runner version: '2.337.0'
2026-10-08T21:20:50.6318033Z ##[group]Runner Image Provisioner
2026-10-08T21:20:50.6322306Z Hosted Compute Agent
2026-10-08T21:20:50.6324821Z Version: 20261002.596
2026-10-08T21:20:50.6327815Z Commit: c3d12f3313a95f25162a1503be624f3b0617f8c0
2026-10-08T21:20:50.6331344Z Build Date: 2026-10-02T22:28:27Z
2026-10-08T21:20:50.6335516Z Worker ID: {1259a616-1324-4119-8a44-f75695a80ed9}
2026-10-08T21:20:50.6338618Z Region: southcentralus
2026-10-08T21:20:50.6341110Z Cloud: Azure
2026-10-08T21:20:50.6344850Z ##[endgroup]
2026-10-08T21:20:50.6350773Z ##[group]Operating System
2026-10-08T21:20:50.6353898Z Ubuntu
2026-10-08T21:20:50.6356587Z 24.04.5
2026-10-08T21:20:50.6358799Z LTS
2026-10-08T21:20:50.6361267Z ##[endgroup]
2026-10-08T21:20:50.6364590Z ##[group]Runner Image
2026-10-08T21:20:50.6367083Z Image: ubuntu-24.04
2026-10-08T21:20:50.6369846Z Version: 20261004.327.1
2026-10-08T21:20:50.6376117Z Included Software: https://github.com/actions/runner-images/blob/ubuntu24/20261004.327/images/ubuntu/Ubuntu2404-Readme.md
2026-10-08T21:20:50.6383912Z Image Release: https://github.com/actions/runner-images/releases/tag/ubuntu24%2F20261004.327
2026-10-08T21:20:50.6387932Z ##[endgroup]
2026-10-08T21:20:50.6393426Z ##[group]GITHUB_TOKEN Permissions
2026-10-08T21:20:50.6404016Z Contents: write
2026-10-08T21:20:50.6407189Z Metadata: read
2026-10-08T21:20:50.6409595Z ##[endgroup]
2026-10-08T21:20:50.6420258Z Secret source: Actions
2026-10-08T21:20:50.6425491Z Cache mode: write
2026-10-08T21:20:50.6430045Z Prepare workflow directory
2026-10-08T21:20:50.8072802Z Prepare all required actions
2026-10-08T21:20:50.8311167Z Getting action download info
2026-10-08T21:20:51.6766821Z Download action repository 'actions/checkout@v7' (SHA:3d3c42e5aac5ba805825da76410c181273ba90b1)
2026-10-08T21:20:52.0424009Z Download action repository 'actions/upload-artifact@v4' (SHA:ea165f8d65b6e75b540449e92b4886f43607fa02)
2026-10-08T21:20:53.2059617Z Complete job name: compare
2026-10-08T21:20:53.5853930Z ##[group]Run actions/checkout@v7
2026-10-08T21:20:53.5857150Z with:
2026-10-08T21:20:53.5858788Z   path: candidate
2026-10-08T21:20:53.5860749Z   fetch-depth: 0
2026-10-08T21:20:53.5862969Z   repository: guluchen/DistQLDPC
2026-10-08T21:20:53.5880486Z   token: ***
2026-10-08T21:20:53.5882900Z   ssh-strict: true
2026-10-08T21:20:53.5884650Z   ssh-user: git
2026-10-08T21:20:53.5886381Z   persist-credentials: true
2026-10-08T21:20:53.5888738Z   clean: true
2026-10-08T21:20:53.5890749Z   sparse-checkout-cone-mode: true
2026-10-08T21:20:53.5893276Z   fetch-tags: false
2026-10-08T21:20:53.5895078Z   show-progress: true
2026-10-08T21:20:53.5896872Z   lfs: false
2026-10-08T21:20:53.5898467Z   submodules: false
2026-10-08T21:20:53.5900204Z   set-safe-directory: true
2026-10-08T21:20:53.5902554Z   allow-unsafe-pr-checkout: false
2026-10-08T21:20:53.5905490Z ##[endgroup]
2026-10-08T21:20:54.1083311Z Syncing repository: guluchen/DistQLDPC
2026-10-08T21:20:54.1095216Z ##[group]Getting Git version info
2026-10-08T21:20:54.1100030Z Working directory is '/home/runner/work/DistQLDPC/DistQLDPC/candidate'
2026-10-08T21:20:54.1107294Z [command]/usr/bin/git version
2026-10-08T21:20:54.1320129Z git version 2.55.0
2026-10-08T21:20:54.1416075Z ##[endgroup]
2026-10-08T21:20:54.1467434Z Temporarily overriding HOME='/home/runner/work/_temp/4f07fbdd-8d47-4305-8ca1-aa66a5e64cd8' before making global git config changes
2026-10-08T21:20:54.1477035Z Adding repository directory to the temporary git global config as a safe directory
2026-10-08T21:20:54.1498750Z [command]/usr/bin/git config --global --add safe.directory /home/runner/work/DistQLDPC/DistQLDPC/candidate
2026-10-08T21:20:54.1734563Z ##[group]Determining repository object format
2026-10-08T21:20:54.1745495Z ##[endgroup]
2026-10-08T21:20:54.1751276Z ##[group]Initializing the repository
2026-10-08T21:20:54.1773128Z [command]/usr/bin/git init /home/runner/work/DistQLDPC/DistQLDPC/candidate
2026-10-08T21:20:54.2161633Z hint: Using 'master' as the name for the initial branch. This default branch name
2026-10-08T21:20:54.2176837Z hint: will change to "main" in Git 3.0. To configure the initial branch name
2026-10-08T21:20:54.2183676Z hint: to use in all of your new repositories, which will suppress this warning,
2026-10-08T21:20:54.2188456Z hint: call:
2026-10-08T21:20:54.2190880Z hint:
2026-10-08T21:20:54.2194541Z hint: 	git config --global init.defaultBranch <name>
2026-10-08T21:20:54.2198500Z hint:
2026-10-08T21:20:54.2203037Z hint: Names commonly chosen instead of 'master' are 'main', 'trunk' and
2026-10-08T21:20:54.2209164Z hint: 'development'. The just-created branch can be renamed via this command:
2026-10-08T21:20:54.2214557Z hint:
2026-10-08T21:20:54.2217197Z hint: 	git branch -m <name>
2026-10-08T21:20:54.2220137Z hint:
2026-10-08T21:20:54.2225275Z hint: Disable this message with "git config set advice.defaultBranchName false"
2026-10-08T21:20:54.2730667Z Initialized empty Git repository in /home/runner/work/DistQLDPC/DistQLDPC/candidate/.git/
2026-10-08T21:20:54.2769441Z [command]/usr/bin/git remote add origin https://github.com/guluchen/DistQLDPC
2026-10-08T21:20:54.2844704Z ##[endgroup]
2026-10-08T21:20:54.2850412Z ##[group]Disabling automatic garbage collection
2026-10-08T21:20:54.2854770Z [command]/usr/bin/git config --local gc.auto 0
2026-10-08T21:20:54.2861154Z ##[endgroup]
2026-10-08T21:20:54.2865581Z ##[group]Setting up auth
2026-10-08T21:20:54.2868932Z Removing SSH command configuration
2026-10-08T21:20:54.2872948Z [command]/usr/bin/git config --local --name-only --get-regexp core\.sshCommand
2026-10-08T21:20:54.3097931Z [command]/usr/bin/git submodule foreach --recursive sh -c "git config --local --name-only --get-regexp 'core\.sshCommand' && git config --local --unset-all 'core.sshCommand' || :"
2026-10-08T21:20:54.4836921Z Removing HTTP extra header
2026-10-08T21:20:54.4865845Z [command]/usr/bin/git config --local --name-only --get-regexp http\.https\:\/\/github\.com\/\.extraheader
2026-10-08T21:20:54.5134162Z [command]/usr/bin/git submodule foreach --recursive sh -c "git config --local --name-only --get-regexp 'http\.https\:\/\/github\.com\/\.extraheader' && git config --local --unset-all 'http.https://github.com/.extraheader' || :"
2026-10-08T21:20:54.6528615Z Removing includeIf entries pointing to credentials config files
2026-10-08T21:20:54.6593372Z [command]/usr/bin/git config --local --name-only --get-regexp ^includeIf\.gitdir:
2026-10-08T21:20:54.6815003Z [command]/usr/bin/git submodule foreach --recursive git config --local --show-origin --name-only --get-regexp remote.origin.url
2026-10-08T21:20:54.8263366Z [command]/usr/bin/git config --file /home/runner/work/_temp/git-credentials-737508d2-f01f-402d-88eb-5250ce5a5e45.config http.https://github.com/.extraheader AUTHORIZATION: basic ***
2026-10-08T21:20:54.8501505Z [command]/usr/bin/git config --local includeIf.gitdir:/home/runner/work/DistQLDPC/DistQLDPC/candidate/.git.path /home/runner/work/_temp/git-credentials-737508d2-f01f-402d-88eb-5250ce5a5e45.config
2026-10-08T21:20:54.8719877Z [command]/usr/bin/git config --local includeIf.gitdir:/home/runner/work/DistQLDPC/DistQLDPC/candidate/.git/worktrees/*.path /home/runner/work/_temp/git-credentials-737508d2-f01f-402d-88eb-5250ce5a5e45.config
2026-10-08T21:20:54.8937438Z [command]/usr/bin/git config --local includeIf.gitdir:/github/workspace/candidate/.git.path /github/runner_temp/git-credentials-737508d2-f01f-402d-88eb-5250ce5a5e45.config
2026-10-08T21:20:54.9160349Z [command]/usr/bin/git config --local includeIf.gitdir:/github/workspace/candidate/.git/worktrees/*.path /github/runner_temp/git-credentials-737508d2-f01f-402d-88eb-5250ce5a5e45.config
2026-10-08T21:20:54.9356515Z ##[endgroup]
2026-10-08T21:20:54.9364826Z ##[group]Fetching the repository
2026-10-08T21:20:54.9394974Z [command]/usr/bin/git -c protocol.version=2 fetch --no-tags --prune --no-recurse-submodules origin +refs/heads/*:refs/remotes/origin/* +refs/tags/*:refs/tags/* +22d1af454adacb81446044d13d03de62e9b024d5:refs/remotes/pull/49/merge
2026-10-08T21:21:10.0001547Z From https://github.com/guluchen/DistQLDPC
2026-10-08T21:21:10.0006908Z  * [new branch]      chore/autonomous-workflow-pilot          -> origin/chore/autonomous-workflow-pilot
2026-10-08T21:21:10.0010078Z  * [new branch]      chore/codex-integration-probe            -> origin/chore/codex-integration-probe
2026-10-08T21:21:10.0013702Z  * [new branch]      ci/cleanup-pi-escalation-test            -> origin/ci/cleanup-pi-escalation-test
2026-10-08T21:21:10.0017879Z  * [new branch]      ci/fire-pi-escalation-test               -> origin/ci/fire-pi-escalation-test
2026-10-08T21:21:10.0024928Z  * [new branch]      ci/pi-escalation-dispatch                -> origin/ci/pi-escalation-dispatch
2026-10-08T21:21:10.0029369Z  * [new branch]      ci/qdist-cross-repo-benchmark            -> origin/ci/qdist-cross-repo-benchmark
2026-10-08T21:21:10.0034718Z  * [new branch]      ci/test-pi-escalation-slack              -> origin/ci/test-pi-escalation-slack
2026-10-08T21:21:10.0039210Z  * [new branch]      docs/optimization-loop-policy            -> origin/docs/optimization-loop-policy
2026-10-08T21:21:10.0044621Z  * [new branch]      docs/require-cross-repo-benchmark        -> origin/docs/require-cross-repo-benchmark
2026-10-08T21:21:10.0049399Z  * [new branch]      experiment/fable-triwatch-20261008       -> origin/experiment/fable-triwatch-20261008
2026-10-08T21:21:10.0055520Z  * [new branch]      experiment/gh-34-mac-litvals             -> origin/experiment/gh-34-mac-litvals
2026-10-08T21:21:10.0059840Z  * [new branch]      experiment/gh16-pgo                      -> origin/experiment/gh16-pgo
2026-10-08T21:21:10.0064551Z  * [new branch]      experiment/gh17-scratch                  -> origin/experiment/gh17-scratch
2026-10-08T21:21:10.0068745Z  * [new branch]      experiment/gh20-watch-tail               -> origin/experiment/gh20-watch-tail
2026-10-08T21:21:10.0073556Z  * [new branch]      experiment/gh21-o2                       -> origin/experiment/gh21-o2
2026-10-08T21:21:10.0079643Z  * [new branch]      experiment/gh22-vsids                    -> origin/experiment/gh22-vsids
2026-10-08T21:21:10.0084911Z  * [new branch]      experiment/gh26-fla2                     -> origin/experiment/gh26-fla2
2026-10-08T21:21:10.0089199Z  * [new branch]      experiment/gh27-lk-enqueue               -> origin/experiment/gh27-lk-enqueue
2026-10-08T21:21:10.0095040Z  * [new branch]      experiment/gh30-mto-vsids                -> origin/experiment/gh30-mto-vsids
2026-10-08T21:21:10.0098909Z  * [new branch]      experiment/gh32-mtune                    -> origin/experiment/gh32-mtune
2026-10-08T21:21:10.0103391Z  * [new branch]      experiment/gh36-witness                  -> origin/experiment/gh36-witness
2026-10-08T21:21:10.0107173Z  * [new branch]      experiment/gh38-clang                    -> origin/experiment/gh38-clang
2026-10-08T21:21:10.0111057Z  * [new branch]      experiment/gh40-ternary                  -> origin/experiment/gh40-ternary
2026-10-08T21:21:10.0116312Z  * [new branch]      experiment/gh41-mto-witness              -> origin/experiment/gh41-mto-witness
2026-10-08T21:21:10.0120208Z  * [new branch]      experiment/gh44-isa                      -> origin/experiment/gh44-isa
2026-10-08T21:21:10.0124871Z  * [new branch]      experiment/gh46-lookahead-scratch        -> origin/experiment/gh46-lookahead-scratch
2026-10-08T21:21:10.0128991Z  * [new branch]      experiment/gh48-isa-v2                   -> origin/experiment/gh48-isa-v2
2026-10-08T21:21:10.0133630Z  * [new branch]      experiment/h001-logical-row-xor          -> origin/experiment/h001-logical-row-xor
2026-10-08T21:21:10.0139181Z  * [new branch]      experiment/h007-lto                      -> origin/experiment/h007-lto
2026-10-08T21:21:10.0143722Z  * [new branch]      experiment/h008-sls-warm-start           -> origin/experiment/h008-sls-warm-start
2026-10-08T21:21:10.0147599Z  * [new branch]      experiment/h009-bdd-bound                -> origin/experiment/h009-bdd-bound
2026-10-08T21:21:10.0149876Z  * [new branch]      main                                     -> origin/main
2026-10-08T21:21:10.0153125Z  * [new branch]      policy/compute-cost-guardrails           -> origin/policy/compute-cost-guardrails
2026-10-08T21:21:10.0156611Z  * [new ref]         22d1af454adacb81446044d13d03de62e9b024d5 -> pull/49/merge
2026-10-08T21:21:10.0161417Z ##[endgroup]
2026-10-08T21:21:10.0163956Z ##[group]Determining the checkout info
2026-10-08T21:21:10.0165844Z ##[endgroup]
2026-10-08T21:21:10.0167043Z [command]/usr/bin/git sparse-checkout disable
2026-10-08T21:21:10.0374616Z [command]/usr/bin/git config --local --unset-all extensions.worktreeConfig
2026-10-08T21:21:10.0603125Z ##[group]Checking out the ref
2026-10-08T21:21:10.0606820Z [command]/usr/bin/git checkout --progress --force refs/remotes/pull/49/merge
2026-10-08T21:21:10.3739072Z Note: switching to 'refs/remotes/pull/49/merge'.
2026-10-08T21:21:10.3742970Z 
2026-10-08T21:21:10.3744925Z You are in 'detached HEAD' state. You can look around, make experimental
2026-10-08T21:21:10.3748910Z changes and commit them, and you can discard any commits you make in this
2026-10-08T21:21:10.3752625Z state without impacting any branches by switching back to a branch.
2026-10-08T21:21:10.3754431Z 
2026-10-08T21:21:10.3755630Z If you want to create a new branch to retain commits you create, you may
2026-10-08T21:21:10.3758403Z do so (now or later) by using -c with the switch command. Example:
2026-10-08T21:21:10.3759993Z 
2026-10-08T21:21:10.3760708Z   git switch -c <new-branch-name>
2026-10-08T21:21:10.3762878Z 
2026-10-08T21:21:10.3763625Z Or undo this operation with:
2026-10-08T21:21:10.3764655Z 
2026-10-08T21:21:10.3765205Z   git switch -
2026-10-08T21:21:10.3765991Z 
2026-10-08T21:21:10.3767364Z Turn off this advice by setting config variable advice.detachedHead to false
2026-10-08T21:21:10.3769273Z 
2026-10-08T21:21:10.3771497Z HEAD is now at 22d1af4 Merge 5f9a4522ad53b480ec75fe3d38cf7d7bdd361c42 into 24572d6d09cce9a4a5faa58300a89e0feba9da6a
2026-10-08T21:21:10.3887982Z ##[endgroup]
2026-10-08T21:21:10.4198441Z [command]/usr/bin/git log -1 --format=%H
2026-10-08T21:21:10.4418931Z 22d1af454adacb81446044d13d03de62e9b024d5
2026-10-08T21:21:10.5579904Z ##[group]Run set -euo pipefail
2026-10-08T21:21:10.5581367Z [36;1mset -euo pipefail[0m
2026-10-08T21:21:10.5583104Z [36;1mif [ "pull_request" = "pull_request" ]; then[0m
2026-10-08T21:21:10.5584589Z [36;1m  base="24572d6d09cce9a4a5faa58300a89e0feba9da6a"[0m
2026-10-08T21:21:10.5587297Z [36;1melif [ -n "9b85e4767a8cd43c8f16bfb50bfeab7371d451dc" ] && [ "9b85e4767a8cd43c8f16bfb50bfeab7371d451dc" != "0000000000000000000000000000000000000000" ]; then[0m
2026-10-08T21:21:10.5589907Z [36;1m  base="9b85e4767a8cd43c8f16bfb50bfeab7371d451dc"[0m
2026-10-08T21:21:10.5591099Z [36;1melse[0m
2026-10-08T21:21:10.5592388Z [36;1m  base="$(git rev-parse HEAD^)"[0m
2026-10-08T21:21:10.5593428Z [36;1mfi[0m
2026-10-08T21:21:10.5594327Z [36;1mecho "base=$base" >> "$GITHUB_OUTPUT"[0m
2026-10-08T21:21:10.5595795Z [36;1mecho "candidate=$(git rev-parse HEAD)" >> "$GITHUB_OUTPUT"[0m
2026-10-08T21:21:10.6749323Z shell: /usr/bin/bash --noprofile --norc -e -o pipefail {0}
2026-10-08T21:21:10.6750959Z ##[endgroup]
2026-10-08T21:21:10.8056105Z ##[group]Run actions/checkout@v7
2026-10-08T21:21:10.8057693Z with:
2026-10-08T21:21:10.8059064Z   ref: 24572d6d09cce9a4a5faa58300a89e0feba9da6a
2026-10-08T21:21:10.8060795Z   path: baseline
2026-10-08T21:21:10.8062705Z   fetch-depth: 1
2026-10-08T21:21:10.8063924Z   repository: guluchen/DistQLDPC
2026-10-08T21:21:10.8074454Z   token: ***
2026-10-08T21:21:10.8075214Z   ssh-strict: true
2026-10-08T21:21:10.8075991Z   ssh-user: git
2026-10-08T21:21:10.8076815Z   persist-credentials: true
2026-10-08T21:21:10.8077714Z   clean: true
2026-10-08T21:21:10.8078551Z   sparse-checkout-cone-mode: true
2026-10-08T21:21:10.8079525Z   fetch-tags: false
2026-10-08T21:21:10.8080323Z   show-progress: true
2026-10-08T21:21:10.8081128Z   lfs: false
2026-10-08T21:21:10.8082251Z   submodules: false
2026-10-08T21:21:10.8083072Z   set-safe-directory: true
2026-10-08T21:21:10.8084027Z   allow-unsafe-pr-checkout: false
2026-10-08T21:21:10.8085010Z ##[endgroup]
2026-10-08T21:21:11.2243668Z Syncing repository: guluchen/DistQLDPC
2026-10-08T21:21:11.2248465Z ##[group]Getting Git version info
2026-10-08T21:21:11.2251465Z Working directory is '/home/runner/work/DistQLDPC/DistQLDPC/baseline'
2026-10-08T21:21:11.2434619Z [command]/usr/bin/git version
2026-10-08T21:21:11.2639754Z git version 2.55.0
2026-10-08T21:21:11.2767428Z ##[endgroup]
2026-10-08T21:21:11.2818349Z Temporarily overriding HOME='/home/runner/work/_temp/b543300c-460e-49f6-891d-05f6ad2faeaa' before making global git config changes
2026-10-08T21:21:11.2823904Z Adding repository directory to the temporary git global config as a safe directory
2026-10-08T21:21:11.2839576Z [command]/usr/bin/git config --global --add safe.directory /home/runner/work/DistQLDPC/DistQLDPC/baseline
2026-10-08T21:21:11.3040141Z ##[group]Determining repository object format
2026-10-08T21:21:11.3050406Z ##[endgroup]
2026-10-08T21:21:11.3053698Z ##[group]Initializing the repository
2026-10-08T21:21:11.3074200Z [command]/usr/bin/git init /home/runner/work/DistQLDPC/DistQLDPC/baseline
2026-10-08T21:21:11.3324702Z hint: Using 'master' as the name for the initial branch. This default branch name
2026-10-08T21:21:11.3338741Z hint: will change to "main" in Git 3.0. To configure the initial branch name
2026-10-08T21:21:11.3342413Z hint: to use in all of your new repositories, which will suppress this warning,
2026-10-08T21:21:11.3344626Z hint: call:
2026-10-08T21:21:11.3345751Z hint:
2026-10-08T21:21:11.3347210Z hint: 	git config --global init.defaultBranch <name>
2026-10-08T21:21:11.3348982Z hint:
2026-10-08T21:21:11.3350699Z hint: Names commonly chosen instead of 'master' are 'main', 'trunk' and
2026-10-08T21:21:11.3354116Z hint: 'development'. The just-created branch can be renamed via this command:
2026-10-08T21:21:11.3356301Z hint:
2026-10-08T21:21:11.3357461Z hint: 	git branch -m <name>
2026-10-08T21:21:11.3358799Z hint:
2026-10-08T21:21:11.3360653Z hint: Disable this message with "git config set advice.defaultBranchName false"
2026-10-08T21:21:11.3378290Z Initialized empty Git repository in /home/runner/work/DistQLDPC/DistQLDPC/baseline/.git/
2026-10-08T21:21:11.3390453Z [command]/usr/bin/git remote add origin https://github.com/guluchen/DistQLDPC
2026-10-08T21:21:11.3598858Z ##[endgroup]
2026-10-08T21:21:11.3600364Z ##[group]Disabling automatic garbage collection
2026-10-08T21:21:11.3622314Z [command]/usr/bin/git config --local gc.auto 0
2026-10-08T21:21:11.3816014Z ##[endgroup]
2026-10-08T21:21:11.3818121Z ##[group]Setting up auth
2026-10-08T21:21:11.3820782Z Removing SSH command configuration
2026-10-08T21:21:11.3854194Z [command]/usr/bin/git config --local --name-only --get-regexp core\.sshCommand
2026-10-08T21:21:11.4063841Z [command]/usr/bin/git submodule foreach --recursive sh -c "git config --local --name-only --get-regexp 'core\.sshCommand' && git config --local --unset-all 'core.sshCommand' || :"
2026-10-08T21:21:11.5989778Z Removing HTTP extra header
2026-10-08T21:21:11.6020390Z [command]/usr/bin/git config --local --name-only --get-regexp http\.https\:\/\/github\.com\/\.extraheader
2026-10-08T21:21:11.6310684Z [command]/usr/bin/git submodule foreach --recursive sh -c "git config --local --name-only --get-regexp 'http\.https\:\/\/github\.com\/\.extraheader' && git config --local --unset-all 'http.https://github.com/.extraheader' || :"
2026-10-08T21:21:11.7985322Z Removing includeIf entries pointing to credentials config files
2026-10-08T21:21:11.8062691Z [command]/usr/bin/git config --local --name-only --get-regexp ^includeIf\.gitdir:
2026-10-08T21:21:11.8300759Z [command]/usr/bin/git submodule foreach --recursive git config --local --show-origin --name-only --get-regexp remote.origin.url
2026-10-08T21:21:11.9805260Z [command]/usr/bin/git config --file /home/runner/work/_temp/git-credentials-c032a83b-af0e-4dc7-94c2-9ebb064778cf.config http.https://github.com/.extraheader AUTHORIZATION: basic ***
2026-10-08T21:21:12.0059414Z [command]/usr/bin/git config --local includeIf.gitdir:/home/runner/work/DistQLDPC/DistQLDPC/baseline/.git.path /home/runner/work/_temp/git-credentials-c032a83b-af0e-4dc7-94c2-9ebb064778cf.config
2026-10-08T21:21:12.0300256Z [command]/usr/bin/git config --local includeIf.gitdir:/home/runner/work/DistQLDPC/DistQLDPC/baseline/.git/worktrees/*.path /home/runner/work/_temp/git-credentials-c032a83b-af0e-4dc7-94c2-9ebb064778cf.config
2026-10-08T21:21:12.0531104Z [command]/usr/bin/git config --local includeIf.gitdir:/github/workspace/baseline/.git.path /github/runner_temp/git-credentials-c032a83b-af0e-4dc7-94c2-9ebb064778cf.config
2026-10-08T21:21:12.0770936Z [command]/usr/bin/git config --local includeIf.gitdir:/github/workspace/baseline/.git/worktrees/*.path /github/runner_temp/git-credentials-c032a83b-af0e-4dc7-94c2-9ebb064778cf.config
2026-10-08T21:21:12.0965226Z ##[endgroup]
2026-10-08T21:21:12.0966702Z ##[group]Fetching the repository
2026-10-08T21:21:12.0997384Z [command]/usr/bin/git -c protocol.version=2 fetch --no-tags --prune --no-recurse-submodules --depth=1 origin 24572d6d09cce9a4a5faa58300a89e0feba9da6a
2026-10-08T21:21:13.1678233Z From https://github.com/guluchen/DistQLDPC
2026-10-08T21:21:13.1683614Z  * branch            24572d6d09cce9a4a5faa58300a89e0feba9da6a -> FETCH_HEAD
2026-10-08T21:21:13.1741593Z [command]/usr/bin/git rev-parse --verify --quiet 24572d6d09cce9a4a5faa58300a89e0feba9da6a^{object}
2026-10-08T21:21:13.1927062Z 24572d6d09cce9a4a5faa58300a89e0feba9da6a
2026-10-08T21:21:13.1956803Z ##[endgroup]
2026-10-08T21:21:13.1959256Z ##[group]Determining the checkout info
2026-10-08T21:21:13.1961710Z ##[endgroup]
2026-10-08T21:21:13.1989554Z [command]/usr/bin/git sparse-checkout disable
2026-10-08T21:21:13.2278685Z [command]/usr/bin/git config --local --unset-all extensions.worktreeConfig
2026-10-08T21:21:13.2503676Z ##[group]Checking out the ref
2026-10-08T21:21:13.2534878Z [command]/usr/bin/git checkout --progress --force 24572d6d09cce9a4a5faa58300a89e0feba9da6a
2026-10-08T21:21:13.5284402Z Note: switching to '24572d6d09cce9a4a5faa58300a89e0feba9da6a'.
2026-10-08T21:21:13.5287985Z 
2026-10-08T21:21:13.5290747Z You are in 'detached HEAD' state. You can look around, make experimental
2026-10-08T21:21:13.5294719Z changes and commit them, and you can discard any commits you make in this
2026-10-08T21:21:13.5297450Z state without impacting any branches by switching back to a branch.
2026-10-08T21:21:13.5299067Z 
2026-10-08T21:21:13.5300131Z If you want to create a new branch to retain commits you create, you may
2026-10-08T21:21:13.5303418Z do so (now or later) by using -c with the switch command. Example:
2026-10-08T21:21:13.5304866Z 
2026-10-08T21:21:13.5305527Z   git switch -c <new-branch-name>
2026-10-08T21:21:13.5306528Z 
2026-10-08T21:21:13.5307136Z Or undo this operation with:
2026-10-08T21:21:13.5308045Z 
2026-10-08T21:21:13.5308560Z   git switch -
2026-10-08T21:21:13.5309262Z 
2026-10-08T21:21:13.5310475Z Turn off this advice by setting config variable advice.detachedHead to false
2026-10-08T21:21:13.5312754Z 
2026-10-08T21:21:13.5313922Z HEAD is now at 24572d6 Point CI smoke at LP_34_20_2 after the QDistSAT rename.
2026-10-08T21:21:13.5418547Z ##[endgroup]
2026-10-08T21:21:13.5686441Z [command]/usr/bin/git log -1 --format=%H
2026-10-08T21:21:13.5869532Z 24572d6d09cce9a4a5faa58300a89e0feba9da6a
2026-10-08T21:21:13.6891628Z ##[group]Run actions/checkout@v7
2026-10-08T21:21:13.6893426Z with:
2026-10-08T21:21:13.6894238Z   repository: guluchen/QDistSAT
2026-10-08T21:21:13.6895163Z   ref: main
2026-10-08T21:21:13.6895895Z   path: qdistsat
2026-10-08T21:21:13.6896663Z   fetch-depth: 1
2026-10-08T21:21:13.6906958Z   token: ***
2026-10-08T21:21:13.6907712Z   ssh-strict: true
2026-10-08T21:21:13.6908481Z   ssh-user: git
2026-10-08T21:21:13.6909303Z   persist-credentials: true
2026-10-08T21:21:13.6910194Z   clean: true
2026-10-08T21:21:13.6911041Z   sparse-checkout-cone-mode: true
2026-10-08T21:21:13.6912420Z   fetch-tags: false
2026-10-08T21:21:13.6913220Z   show-progress: true
2026-10-08T21:21:13.6914023Z   lfs: false
2026-10-08T21:21:13.6914743Z   submodules: false
2026-10-08T21:21:13.6915561Z   set-safe-directory: true
2026-10-08T21:21:13.6917367Z   allow-unsafe-pr-checkout: false
2026-10-08T21:21:13.6918356Z ##[endgroup]
2026-10-08T21:21:14.0876840Z Syncing repository: guluchen/QDistSAT
2026-10-08T21:21:14.0915469Z ##[group]Getting Git version info
2026-10-08T21:21:14.0918803Z Working directory is '/home/runner/work/DistQLDPC/DistQLDPC/qdistsat'
2026-10-08T21:21:14.1173287Z [command]/usr/bin/git version
2026-10-08T21:21:14.1412991Z git version 2.55.0
2026-10-08T21:21:14.1536729Z ##[endgroup]
2026-10-08T21:21:14.1580482Z Temporarily overriding HOME='/home/runner/work/_temp/dd7edcd8-cfb2-451d-994b-474688759bbd' before making global git config changes
2026-10-08T21:21:14.1604282Z Adding repository directory to the temporary git global config as a safe directory
2026-10-08T21:21:14.1618041Z [command]/usr/bin/git config --global --add safe.directory /home/runner/work/DistQLDPC/DistQLDPC/qdistsat
2026-10-08T21:21:14.1857339Z ##[group]Determining repository object format
2026-10-08T21:21:14.6428887Z ##[endgroup]
2026-10-08T21:21:14.6456905Z ##[group]Initializing the repository
2026-10-08T21:21:14.6478113Z [command]/usr/bin/git init /home/runner/work/DistQLDPC/DistQLDPC/qdistsat
2026-10-08T21:21:14.6846696Z hint: Using 'master' as the name for the initial branch. This default branch name
2026-10-08T21:21:14.6855338Z hint: will change to "main" in Git 3.0. To configure the initial branch name
2026-10-08T21:21:14.6878294Z hint: to use in all of your new repositories, which will suppress this warning,
2026-10-08T21:21:14.6905966Z hint: call:
2026-10-08T21:21:14.6930480Z hint:
2026-10-08T21:21:14.6934434Z hint: 	git config --global init.defaultBranch <name>
2026-10-08T21:21:14.6936849Z hint:
2026-10-08T21:21:14.6938598Z hint: Names commonly chosen instead of 'master' are 'main', 'trunk' and
2026-10-08T21:21:14.6941695Z hint: 'development'. The just-created branch can be renamed via this command:
2026-10-08T21:21:14.6945803Z hint:
2026-10-08T21:21:14.6946973Z hint: 	git branch -m <name>
2026-10-08T21:21:14.6948313Z hint:
2026-10-08T21:21:14.6951274Z hint: Disable this message with "git config set advice.defaultBranchName false"
2026-10-08T21:21:14.6955769Z Initialized empty Git repository in /home/runner/work/DistQLDPC/DistQLDPC/qdistsat/.git/
2026-10-08T21:21:14.6961300Z [command]/usr/bin/git remote add origin https://github.com/guluchen/QDistSAT
2026-10-08T21:21:14.7250144Z ##[endgroup]
2026-10-08T21:21:14.7254078Z ##[group]Disabling automatic garbage collection
2026-10-08T21:21:14.7276399Z [command]/usr/bin/git config --local gc.auto 0
2026-10-08T21:21:14.7601187Z ##[endgroup]
2026-10-08T21:21:14.7605239Z ##[group]Setting up auth
2026-10-08T21:21:14.7607799Z Removing SSH command configuration
2026-10-08T21:21:14.7645929Z [command]/usr/bin/git config --local --name-only --get-regexp core\.sshCommand
2026-10-08T21:21:14.7997339Z [command]/usr/bin/git submodule foreach --recursive sh -c "git config --local --name-only --get-regexp 'core\.sshCommand' && git config --local --unset-all 'core.sshCommand' || :"
2026-10-08T21:21:14.9548303Z Removing HTTP extra header
2026-10-08T21:21:14.9575173Z [command]/usr/bin/git config --local --name-only --get-regexp http\.https\:\/\/github\.com\/\.extraheader
2026-10-08T21:21:14.9818011Z [command]/usr/bin/git submodule foreach --recursive sh -c "git config --local --name-only --get-regexp 'http\.https\:\/\/github\.com\/\.extraheader' && git config --local --unset-all 'http.https://github.com/.extraheader' || :"
2026-10-08T21:21:15.1146812Z Removing includeIf entries pointing to credentials config files
2026-10-08T21:21:15.1173879Z [command]/usr/bin/git config --local --name-only --get-regexp ^includeIf\.gitdir:
2026-10-08T21:21:15.1397794Z [command]/usr/bin/git submodule foreach --recursive git config --local --show-origin --name-only --get-regexp remote.origin.url
2026-10-08T21:21:15.2760308Z [command]/usr/bin/git config --file /home/runner/work/_temp/git-credentials-d703f353-3378-4965-bb74-3c23c3f0566d.config http.https://github.com/.extraheader AUTHORIZATION: basic ***
2026-10-08T21:21:15.3008603Z [command]/usr/bin/git config --local includeIf.gitdir:/home/runner/work/DistQLDPC/DistQLDPC/qdistsat/.git.path /home/runner/work/_temp/git-credentials-d703f353-3378-4965-bb74-3c23c3f0566d.config
2026-10-08T21:21:15.3234994Z [command]/usr/bin/git config --local includeIf.gitdir:/home/runner/work/DistQLDPC/DistQLDPC/qdistsat/.git/worktrees/*.path /home/runner/work/_temp/git-credentials-d703f353-3378-4965-bb74-3c23c3f0566d.config
2026-10-08T21:21:15.3458982Z [command]/usr/bin/git config --local includeIf.gitdir:/github/workspace/qdistsat/.git.path /github/runner_temp/git-credentials-d703f353-3378-4965-bb74-3c23c3f0566d.config
2026-10-08T21:21:15.3686735Z [command]/usr/bin/git config --local includeIf.gitdir:/github/workspace/qdistsat/.git/worktrees/*.path /github/runner_temp/git-credentials-d703f353-3378-4965-bb74-3c23c3f0566d.config
2026-10-08T21:21:15.3912993Z ##[endgroup]
2026-10-08T21:21:15.3915223Z ##[group]Fetching the repository
2026-10-08T21:21:15.3949467Z [command]/usr/bin/git -c protocol.version=2 fetch --no-tags --prune --no-recurse-submodules --depth=1 origin +refs/heads/main*:refs/remotes/origin/main* +refs/tags/main*:refs/tags/main*
2026-10-08T21:21:16.3613844Z From https://github.com/guluchen/QDistSAT
2026-10-08T21:21:16.3615616Z  * [new branch]      main       -> origin/main
2026-10-08T21:21:16.3648435Z ##[endgroup]
2026-10-08T21:21:16.3652669Z ##[group]Determining the checkout info
2026-10-08T21:21:16.3682406Z [command]/usr/bin/git branch --list --remote origin/main
2026-10-08T21:21:16.3875467Z   origin/main
2026-10-08T21:21:16.3897169Z ##[endgroup]
2026-10-08T21:21:16.3917959Z [command]/usr/bin/git sparse-checkout disable
2026-10-08T21:21:16.4193927Z [command]/usr/bin/git config --local --unset-all extensions.worktreeConfig
2026-10-08T21:21:16.4411247Z ##[group]Checking out the ref
2026-10-08T21:21:16.4429258Z [command]/usr/bin/git checkout --progress --force -B main refs/remotes/origin/main
2026-10-08T21:21:16.6133953Z Switched to a new branch 'main'
2026-10-08T21:21:16.6143895Z branch 'main' set up to track 'origin/main'.
2026-10-08T21:21:16.6207054Z ##[endgroup]
2026-10-08T21:21:16.6464371Z [command]/usr/bin/git log -1 --format=%H
2026-10-08T21:21:16.6667497Z 7c4774fffc49856f48a22ae5f9063d00b2661aaa
2026-10-08T21:21:16.7356246Z ##[group]Run sudo apt-get update
2026-10-08T21:21:16.7358065Z [36;1msudo apt-get update[0m
2026-10-08T21:21:16.7359394Z [36;1msudo apt-get install --yes build-essential zlib1g-dev[0m
2026-10-08T21:21:16.7696350Z shell: /usr/bin/bash -e {0}
2026-10-08T21:21:16.7697311Z ##[endgroup]
2026-10-08T21:21:17.2127319Z Get:1 file:/etc/apt/apt-mirrors.txt Mirrorlist [144 B]
2026-10-08T21:21:17.3217704Z Get:6 https://packages.microsoft.com/ubuntu/24.04/prod noble InRelease [3600 B]
2026-10-08T21:21:17.7147235Z Get:7 https://packages.microsoft.com/ubuntu/24.04/prod noble/main armhf Packages [12.3 kB]
2026-10-08T21:21:17.7624212Z Get:8 https://packages.microsoft.com/ubuntu/24.04/prod noble/main amd64 Packages [531 kB]
2026-10-08T21:21:17.7830160Z Get:9 https://packages.microsoft.com/ubuntu/24.04/prod noble/main all Packages [640 B]
2026-10-08T21:21:17.7969147Z Get:10 https://packages.microsoft.com/ubuntu/24.04/prod noble/main arm64 Packages [474 kB]
2026-10-08T21:21:19.8626336Z Hit:2 http://azure.archive.ubuntu.com/ubuntu noble InRelease
2026-10-08T21:21:19.8658315Z Get:3 http://azure.archive.ubuntu.com/ubuntu noble-updates InRelease [126 kB]
2026-10-08T21:21:19.8757984Z Get:4 http://azure.archive.ubuntu.com/ubuntu noble-backports InRelease [126 kB]
2026-10-08T21:21:19.8826574Z Get:5 http://azure.archive.ubuntu.com/ubuntu noble-security InRelease [126 kB]
2026-10-08T21:21:20.4506758Z Get:11 http://azure.archive.ubuntu.com/ubuntu noble-updates/main amd64 Packages [1375 kB]
2026-10-08T21:21:20.4910482Z Get:12 http://azure.archive.ubuntu.com/ubuntu noble-updates/main Translation-en [306 kB]
2026-10-08T21:21:20.5026191Z Get:13 http://azure.archive.ubuntu.com/ubuntu noble-updates/universe amd64 Packages [1702 kB]
2026-10-08T21:21:20.5499455Z Get:14 http://azure.archive.ubuntu.com/ubuntu noble-updates/universe Translation-en [342 kB]
2026-10-08T21:21:20.5627837Z Get:15 http://azure.archive.ubuntu.com/ubuntu noble-updates/restricted amd64 Packages [1761 kB]
2026-10-08T21:21:20.6060174Z Get:16 http://azure.archive.ubuntu.com/ubuntu noble-updates/restricted Translation-en [401 kB]
2026-10-08T21:21:20.6207553Z Get:17 http://azure.archive.ubuntu.com/ubuntu noble-updates/multiverse amd64 Packages [55.0 kB]
2026-10-08T21:21:20.6215417Z Get:18 http://azure.archive.ubuntu.com/ubuntu noble-updates/multiverse Translation-en [14.3 kB]
2026-10-08T21:21:21.0686034Z Get:19 http://azure.archive.ubuntu.com/ubuntu noble-security/main amd64 Packages [1115 kB]
2026-10-08T21:21:21.0958091Z Get:20 http://azure.archive.ubuntu.com/ubuntu noble-security/main Translation-en [227 kB]
2026-10-08T21:21:21.1467867Z Get:21 http://azure.archive.ubuntu.com/ubuntu noble-security/universe amd64 Packages [1218 kB]
2026-10-08T21:21:21.1787031Z Get:22 http://azure.archive.ubuntu.com/ubuntu noble-security/universe Translation-en [245 kB]
2026-10-08T21:21:21.1879765Z Get:23 http://azure.archive.ubuntu.com/ubuntu noble-security/restricted amd64 Packages [1632 kB]
2026-10-08T21:21:21.2303864Z Get:24 http://azure.archive.ubuntu.com/ubuntu noble-security/restricted Translation-en [376 kB]
2026-10-08T21:21:21.2419270Z Get:25 http://azure.archive.ubuntu.com/ubuntu noble-security/multiverse Translation-en [11.6 kB]
2026-10-08T21:21:53.6627380Z Fetched 12.2 MB in 9s (1330 kB/s)
2026-10-08T21:21:57.1561137Z Reading package lists...
2026-10-08T21:21:57.3140060Z Reading package lists...
2026-10-08T21:21:57.9470537Z Building dependency tree...
2026-10-08T21:21:57.9496810Z Reading state information...
2026-10-08T21:21:58.6907536Z zlib1g-dev is already the newest version (1:1.3.dfsg-3.1ubuntu2.2).
2026-10-08T21:21:58.6910100Z The following NEW packages will be installed:
2026-10-08T21:21:58.6934888Z   build-essential
2026-10-08T21:21:58.7985854Z 0 upgraded, 1 newly installed, 0 to remove and 23 not upgraded.
2026-10-08T21:21:58.7988101Z Need to get 4928 B of archives.
2026-10-08T21:21:58.7989622Z After this operation, 17.4 kB of additional disk space will be used.
2026-10-08T21:21:58.7991239Z Get:1 file:/etc/apt/apt-mirrors.txt Mirrorlist [144 B]
2026-10-08T21:21:58.9973085Z Get:2 http://azure.archive.ubuntu.com/ubuntu noble/main amd64 build-essential amd64 12.10ubuntu1 [4928 B]
2026-10-08T21:22:00.1507257Z Fetched 4928 B in 0s (19.1 kB/s)
2026-10-08T21:22:00.2536382Z Selecting previously unselected package build-essential.
2026-10-08T21:22:00.3617180Z (Reading database ... 
2026-10-08T21:22:00.3618763Z (Reading database ... 5%
2026-10-08T21:22:00.3619849Z (Reading database ... 10%
2026-10-08T21:22:00.3620961Z (Reading database ... 15%
2026-10-08T21:22:00.3624259Z (Reading database ... 20%
2026-10-08T21:22:00.3625849Z (Reading database ... 25%
2026-10-08T21:22:00.3627231Z (Reading database ... 30%
2026-10-08T21:22:00.3628562Z (Reading database ... 35%
2026-10-08T21:22:00.3629562Z (Reading database ... 40%
2026-10-08T21:22:00.3630387Z (Reading database ... 45%
2026-10-08T21:22:00.3631338Z (Reading database ... 50%
2026-10-08T21:22:00.3801656Z (Reading database ... 55%
2026-10-08T21:22:00.5215863Z (Reading database ... 60%
2026-10-08T21:22:00.6486107Z (Reading database ... 65%
2026-10-08T21:22:00.7864922Z (Reading database ... 70%
2026-10-08T21:22:00.9807564Z (Reading database ... 75%
2026-10-08T21:22:01.1455636Z (Reading database ... 80%
2026-10-08T21:22:01.3875746Z (Reading database ... 85%
2026-10-08T21:22:01.5695333Z (Reading database ... 90%
2026-10-08T21:22:01.7681204Z (Reading database ... 95%
2026-10-08T21:22:01.7683851Z (Reading database ... 100%
2026-10-08T21:22:01.7686016Z (Reading database ... 203191 files and directories currently installed.)
2026-10-08T21:22:01.7875965Z Preparing to unpack .../build-essential_12.10ubuntu1_amd64.deb ...
2026-10-08T21:22:01.7981627Z Unpacking build-essential (12.10ubuntu1) ...
2026-10-08T21:22:01.9944630Z Setting up build-essential (12.10ubuntu1) ...
2026-10-08T21:22:04.8226434Z 
2026-10-08T21:22:04.8227906Z Running kernel seems to be up-to-date.
2026-10-08T21:22:04.8230226Z 
2026-10-08T21:22:04.8230663Z No services need to be restarted.
2026-10-08T21:22:04.8231376Z 
2026-10-08T21:22:04.8232660Z No containers need to be restarted.
2026-10-08T21:22:04.8233351Z 
2026-10-08T21:22:04.8233835Z No user sessions are running outdated binaries.
2026-10-08T21:22:04.8234656Z 
2026-10-08T21:22:04.8235399Z No VM guests are running outdated hypervisor (qemu) binaries on this host.
2026-10-08T21:22:08.4035109Z ##[group]Run set -euo pipefail
2026-10-08T21:22:08.4036337Z [36;1mset -euo pipefail[0m
2026-10-08T21:22:08.4038598Z [36;1mg++ -O2 -march=x86-64 -mtune=generic candidate/optimization/experiments/GH-48/cpu_isa_gate.cc -o "$RUNNER_TEMP/gh48-portable-isa-gate"[0m
2026-10-08T21:22:08.4041543Z [36;1m"$RUNNER_TEMP/gh48-portable-isa-gate" > "$RUNNER_TEMP/gh48-isa-gate.json"[0m
2026-10-08T21:22:08.4043745Z [36;1mcat "$RUNNER_TEMP/gh48-isa-gate.json"[0m
2026-10-08T21:22:08.4044920Z [36;1mmkdir -p benchmark-results[0m
2026-10-08T21:22:08.4046384Z [36;1mcp "$RUNNER_TEMP/gh48-isa-gate.json" benchmark-results/isa-gate.json[0m
2026-10-08T21:22:08.4376895Z shell: /usr/bin/bash --noprofile --norc -e -o pipefail {0}
2026-10-08T21:22:08.4378169Z ##[endgroup]
2026-10-08T21:22:09.1342873Z {"compatible":true,"level":"x86-64-v2","leaf1_ecx":4277809667,"ext_ecx":4195319}
2026-10-08T21:22:09.1660694Z ##[group]Run set -euo pipefail
2026-10-08T21:22:09.1663804Z [36;1mset -euo pipefail[0m
2026-10-08T21:22:09.1664872Z [36;1mmake -C baseline --jobs="$(nproc)"[0m
2026-10-08T21:22:09.1666044Z [36;1mmake -C candidate --jobs="$(nproc)"[0m
2026-10-08T21:22:09.2012601Z shell: /usr/bin/bash --noprofile --norc -e -o pipefail {0}
2026-10-08T21:22:09.2013958Z ##[endgroup]
2026-10-08T21:22:09.2801657Z make: Entering directory '/home/runner/work/DistQLDPC/DistQLDPC/baseline'
2026-10-08T21:22:09.2872974Z g++ -Isrc/solver -Wall -Wno-parentheses -O3 -g -D __STDC_LIMIT_MACROS -D __STDC_FORMAT_MACROS -DNDEBUG -c -o build/SimpSolver.o src/solver/SimpSolver.cc
2026-10-08T21:22:09.2884339Z g++ -Isrc/solver -Wall -Wno-parentheses -O3 -g -D __STDC_LIMIT_MACROS -D __STDC_FORMAT_MACROS -DNDEBUG -c -o build/Solver.o src/solver/Solver.cc
2026-10-08T21:22:09.2898677Z g++ -Isrc/solver -Wall -Wno-parentheses -O3 -g -D __STDC_LIMIT_MACROS -D __STDC_FORMAT_MACROS -DNDEBUG -c -o build/Options.o src/solver/utils/Options.cc
2026-10-08T21:22:09.2936822Z g++ -Isrc/solver -Wall -Wno-parentheses -O3 -g -D __STDC_LIMIT_MACROS -D __STDC_FORMAT_MACROS -DNDEBUG -c -o build/System.o src/solver/utils/System.cc
2026-10-08T21:22:09.7198207Z In file included from src/solver/utils/Options.cc:21:
2026-10-08T21:22:09.7246507Z src/solver/utils/Options.h:285:29: warning: invalid suffix on literal; C++11 requires a space between literal and string macro [-Wliteral-suffix]
2026-10-08T21:22:09.7274785Z   285 |             fprintf(stderr, "%4"PRIi64, range.begin);
2026-10-08T21:22:09.7334154Z       |                             ^
2026-10-08T21:22:09.7396381Z src/solver/utils/Options.h:291:29: warning: invalid suffix on literal; C++11 requires a space between literal and string macro [-Wliteral-suffix]
2026-10-08T21:22:09.7424458Z   291 |             fprintf(stderr, "%4"PRIi64, range.end);
2026-10-08T21:22:09.7454546Z       |                             ^
2026-10-08T21:22:09.7516396Z src/solver/utils/Options.h:293:25: warning: invalid suffix on literal; C++11 requires a space between literal and string macro [-Wliteral-suffix]
2026-10-08T21:22:09.7544295Z   293 |         fprintf(stderr, "] (default: %"PRIi64")\n", value);
2026-10-08T21:22:09.7574494Z       |                         ^
2026-10-08T21:22:09.7624419Z In file included from src/solver/Solver.h:53,
2026-10-08T21:22:09.7684680Z                  from src/solver/SimpSolver.h:37,
2026-10-08T21:22:09.7714368Z                  from src/solver/SimpSolver.cc:34:
2026-10-08T21:22:09.7746106Z src/solver/utils/Options.h:285:29: warning: invalid suffix on literal; C++11 requires a space between literal and string macro [-Wliteral-suffix]
2026-10-08T21:22:09.7794566Z   285 |             fprintf(stderr, "%4"PRIi64, range.begin);
2026-10-08T21:22:09.7835177Z       |                             ^
2026-10-08T21:22:09.7856197Z src/solver/utils/Options.h:291:29: warning: invalid suffix on literal; C++11 requires a space between literal and string macro [-Wliteral-suffix]
2026-10-08T21:22:09.7886706Z   291 |             fprintf(stderr, "%4"PRIi64, range.end);
2026-10-08T21:22:09.7915778Z       |                             ^
2026-10-08T21:22:09.7947490Z src/solver/utils/Options.h:293:25: warning: invalid suffix on literal; C++11 requires a space between literal and string macro [-Wliteral-suffix]
2026-10-08T21:22:09.7975716Z   293 |         fprintf(stderr, "] (default: %"PRIi64")\n", value);
2026-10-08T21:22:09.8005810Z       |                         ^
2026-10-08T21:22:09.8008388Z In file included from src/solver/Solver.h:53,
2026-10-08T21:22:09.8011351Z                  from src/solver/Solver.cc:107:
2026-10-08T21:22:09.8018092Z src/solver/utils/Options.h:285:29: warning: invalid suffix on literal; C++11 requires a space between literal and string macro [-Wliteral-suffix]
2026-10-08T21:22:09.8024251Z   285 |             fprintf(stderr, "%4"PRIi64, range.begin);
2026-10-08T21:22:09.8026813Z       |                             ^
2026-10-08T21:22:09.8033054Z src/solver/utils/Options.h:291:29: warning: invalid suffix on literal; C++11 requires a space between literal and string macro [-Wliteral-suffix]
2026-10-08T21:22:09.8037602Z   291 |             fprintf(stderr, "%4"PRIi64, range.end);
2026-10-08T21:22:09.8040118Z       |                             ^
2026-10-08T21:22:09.8044765Z src/solver/utils/Options.h:293:25: warning: invalid suffix on literal; C++11 requires a space between literal and string macro [-Wliteral-suffix]
2026-10-08T21:22:09.8049432Z   293 |         fprintf(stderr, "] (default: %"PRIi64")\n", value);
2026-10-08T21:22:09.8053380Z       |                         ^
2026-10-08T21:22:10.3945250Z In file included from src/solver/mtl/Sort.h:24,
2026-10-08T21:22:10.3948315Z                  from src/solver/SimpSolver.cc:33:
2026-10-08T21:22:10.4017349Z src/solver/mtl/Vec.h: In instantiation of ‘void Minisat::vec<T>::capacity(int) [with T = Minisat::vec<unsigned int>]’:
2026-10-08T21:22:10.4024552Z src/solver/mtl/Vec.h:115:13:   required from ‘void Minisat::vec<T>::growTo(int) [with T = Minisat::vec<unsigned int>]’
2026-10-08T21:22:10.4034462Z src/solver/SolverTypes.h:339:50:   required from ‘void Minisat::OccLists<Idx, Vec, Deleted>::init(const Idx&) [with Idx = int; Vec = Minisat::vec<unsigned int>; Deleted = Minisat::SimpSolver::ClauseDeleted]’
2026-10-08T21:22:10.4041238Z src/solver/SimpSolver.cc:98:24:   required from here
2026-10-08T21:22:10.4050538Z src/solver/mtl/Vec.h:99:54: warning: ‘void* realloc(void*, size_t)’ moving an object of non-trivially copyable type ‘class Minisat::vec<unsigned int>’; use ‘new’ and ‘delete’ instead [-Wclass-memaccess]
2026-10-08T21:22:10.4058918Z    99 |     if (add > INT_MAX - cap || ((data = (T*)::realloc(data, (cap += add) * sizeof(T))) == NULL) && errno == ENOMEM)
2026-10-08T21:22:10.4063911Z       |                                             ~~~~~~~~~^~~~~~~~~~~~~~~~~~~~~~~~~~~~~~~~
2026-10-08T21:22:10.4068793Z src/solver/mtl/Vec.h:38:7: note: ‘class Minisat::vec<unsigned int>’ declared here
2026-10-08T21:22:10.4072730Z    38 | class vec {
2026-10-08T21:22:10.4074946Z       |       ^~~
2026-10-08T21:22:10.4363825Z src/solver/Solver.h: In constructor ‘Minisat::Solver::Solver()’:
2026-10-08T21:22:10.4369405Z src/solver/Solver.h:480:15: warning: ‘Minisat::Solver::my_var_decay’ will be initialized after [-Wreorder]
2026-10-08T21:22:10.4374943Z   480 |     double    my_var_decay;
2026-10-08T21:22:10.4377433Z       |               ^~~~~~~~~~~~
2026-10-08T21:22:10.4384016Z src/solver/Solver.h:293:42: warning:   ‘Minisat::Heap<Minisat::Solver::VarOrderLt> Minisat::Solver::order_heap_distance’ [-Wreorder]
2026-10-08T21:22:10.4388803Z   293 |                         order_heap_VSIDS,order_heap_distance;
2026-10-08T21:22:10.4392523Z       |                                          ^~~~~~~~~~~~~~~~~~~
2026-10-08T21:22:10.4397637Z src/solver/Solver.cc:143:1: warning:   when initialized here [-Wreorder]
2026-10-08T21:22:10.4400832Z   143 | Solver::Solver() :
2026-10-08T21:22:10.4404157Z       | ^~~~~~
2026-10-08T21:22:10.4408631Z src/solver/Solver.h:514:14: warning: ‘Minisat::Solver::lastOptimalCost’ will be initialized after [-Wreorder]
2026-10-08T21:22:10.4413389Z   514 |     uint64_t lastOptimalCost;
2026-10-08T21:22:10.4415811Z       |              ^~~~~~~~~~~~~~~
2026-10-08T21:22:10.4419791Z src/solver/Solver.h:513:40: warning:   ‘uint64_t Minisat::Solver::totalWeight’ [-Wreorder]
2026-10-08T21:22:10.4424323Z   513 |     uint64_t hardWeight, solutionCost, totalWeight, UB;
2026-10-08T21:22:10.4427256Z       |                                        ^~~~~~~~~~~
2026-10-08T21:22:10.4430383Z src/solver/Solver.cc:143:1: warning:   when initialized here [-Wreorder]
2026-10-08T21:22:10.4434168Z   143 | Solver::Solver() :
2026-10-08T21:22:10.4436268Z       | ^~~~~~
2026-10-08T21:22:10.4440552Z src/solver/Solver.h:707:25: warning: ‘Minisat::Solver::orderHeapAuxi’ will be initialized after [-Wreorder]
2026-10-08T21:22:10.4445263Z   707 |     Heap<VarOrderGt>    orderHeapAuxi;
2026-10-08T21:22:10.4447846Z       |                         ^~~~~~~~~~~~~
2026-10-08T21:22:10.4453798Z src/solver/Solver.h:619:25: warning:   ‘int Minisat::Solver::tier2_lbd_cut’ [-Wreorder]
2026-10-08T21:22:10.4457319Z   619 |     int                 tier2_lbd_cut;
2026-10-08T21:22:10.4459748Z       |                         ^~~~~~~~~~~~~
2026-10-08T21:22:10.4463854Z src/solver/Solver.cc:143:1: warning:   when initialized here [-Wreorder]
2026-10-08T21:22:10.4494378Z   143 | Solver::Solver() :
2026-10-08T21:22:10.4497113Z       | ^~~~~~
2026-10-08T21:22:10.4527451Z src/solver/Solver.h:663:9: warning: ‘Minisat::Solver::cardinalityEncMode’ will be initialized after [-Wreorder]
2026-10-08T21:22:10.4554749Z   663 |     int cardinalityEncMode;
2026-10-08T21:22:10.4557992Z       |         ^~~~~~~~~~~~~~~~~~
2026-10-08T21:22:10.4564118Z src/solver/Solver.h:644:14: warning:   ‘uint64_t Minisat::Solver::quasiSoftConflicts’ [-Wreorder]
2026-10-08T21:22:10.4568033Z   644 |     uint64_t quasiSoftConflicts;
2026-10-08T21:22:10.4571650Z       |              ^~~~~~~~~~~~~~~~~~
2026-10-08T21:22:10.4576667Z src/solver/Solver.cc:143:1: warning:   when initialized here [-Wreorder]
2026-10-08T21:22:10.4581214Z   143 | Solver::Solver() :
2026-10-08T21:22:10.4584983Z       | ^~~~~~
2026-10-08T21:22:10.4591058Z src/solver/Solver.h:696:14: warning: ‘Minisat::Solver::nbFixedByLH’ will be initialized after [-Wreorder]
2026-10-08T21:22:10.4597148Z   696 |     uint64_t nbFixedByLH;
2026-10-08T21:22:10.4600430Z       |              ^~~~~~~~~~~
2026-10-08T21:22:10.4606820Z src/solver/Solver.h:562:10: warning:   ‘bool Minisat::Solver::bestSolutionFound’ [-Wreorder]
2026-10-08T21:22:10.4612287Z   562 |     bool bestSolutionFound;
2026-10-08T21:22:10.4615228Z       |          ^~~~~~~~~~~~~~~~~
2026-10-08T21:22:10.4618103Z src/solver/Solver.cc:143:1: warning:   when initialized here [-Wreorder]
2026-10-08T21:22:10.4621263Z   143 | Solver::Solver() :
2026-10-08T21:22:10.4624009Z       | ^~~~~~
2026-10-08T21:22:10.4628193Z src/solver/Solver.h:564:9: warning: ‘Minisat::Solver::nbSatLitsAtStart’ will be initialized after [-Wreorder]
2026-10-08T21:22:10.4632822Z   564 |     int nbSatLitsAtStart;
2026-10-08T21:22:10.4635194Z       |         ^~~~~~~~~~~~~~~~
2026-10-08T21:22:10.4638987Z src/solver/Solver.h:560:9: warning:   ‘int Minisat::Solver::bounds_pipe_w’ [-Wreorder]
2026-10-08T21:22:10.4642986Z   560 |     int bounds_pipe_w;
2026-10-08T21:22:10.4645261Z       |         ^~~~~~~~~~~~~
2026-10-08T21:22:10.4648321Z src/solver/Solver.cc:143:1: warning:   when initialized here [-Wreorder]
2026-10-08T21:22:10.4652564Z   143 | Solver::Solver() :
2026-10-08T21:22:10.4654856Z       | ^~~~~~
2026-10-08T21:22:10.4659155Z src/solver/Solver.cc: In member function ‘Minisat::CRef Minisat::Solver::simplePropagate()’:
2026-10-08T21:22:10.4666612Z src/solver/Solver.cc:316:27: warning: comparison of integer expressions of different signedness: ‘unsigned int’ and ‘int’ [-Wsign-compare]
2026-10-08T21:22:10.4673526Z   316 |         if (c.lastPoint() > c.size())
2026-10-08T21:22:10.4676212Z       |             ~~~~~~~~~~~~~~^~~~~~~~~~
2026-10-08T21:22:10.4681441Z src/solver/Solver.cc:335:27: warning: comparison of integer expressions of different signedness: ‘int’ and ‘unsigned int’ [-Wsign-compare]
2026-10-08T21:22:10.4686886Z   335 |         for (int k = 2; k < c.lastPoint(); k++) {
2026-10-08T21:22:10.4689641Z       |                         ~~^~~~~~~~~~~~~~~
2026-10-08T21:22:10.4696347Z src/solver/Solver.cc:381:63: warning: comparison of integer expressions of different signedness: ‘int’ and ‘uint64_t’ {aka ‘long unsigned int’} [-Wsign-compare]
2026-10-08T21:22:10.4702651Z   381 |     if (confl == CRef_Undef && falseLits.size() + rootNbIsets >= UB)
2026-10-08T21:22:10.4707312Z       |                                ~~~~~~~~~~~~~~~~~~~~~~~~~~~~~~~^~~~~
2026-10-08T21:22:10.4998085Z src/solver/Solver.cc: In member function ‘bool Minisat::Solver::simplifyLearnt_core()’:
2026-10-08T21:22:10.5018857Z src/solver/Solver.cc:787:34: warning: comparison of integer expressions of different signedness: ‘unsigned int’ and ‘int’ [-Wsign-compare]
2026-10-08T21:22:10.5046320Z   787 |                     if (nblevels < c.lbd()){
2026-10-08T21:22:10.5075288Z       |                         ~~~~~~~~~^~~~~~~~~
2026-10-08T21:22:10.5125972Z src/solver/Solver.cc:721:9: warning: unused variable ‘learnts_core_size_before’ [-Wunused-variable]
2026-10-08T21:22:10.5135192Z   721 |     int learnts_core_size_before = learnts_core.size();
2026-10-08T21:22:10.5138452Z       |         ^~~~~~~~~~~~~~~~~~~~~~~~
2026-10-08T21:22:10.5218139Z src/solver/Solver.cc: In member function ‘bool Minisat::Solver::simplifyLearnt_tier2()’:
2026-10-08T21:22:10.5225062Z src/solver/Solver.cc:895:34: warning: comparison of integer expressions of different signedness: ‘unsigned int’ and ‘int’ [-Wsign-compare]
2026-10-08T21:22:10.5229605Z   895 |                     if (nblevels < c.lbd()){
2026-10-08T21:22:10.5233704Z       |                         ~~~~~~~~~^~~~~~~~~
2026-10-08T21:22:10.5237365Z src/solver/Solver.cc:823:9: warning: unused variable ‘learnts_tier2_size_before’ [-Wunused-variable]
2026-10-08T21:22:10.5240873Z   823 |     int learnts_tier2_size_before = learnts_tier2.size();
2026-10-08T21:22:10.5243661Z       |         ^~~~~~~~~~~~~~~~~~~~~~~~~
2026-10-08T21:22:10.5247548Z src/solver/Solver.cc:828:9: warning: variable ‘limit’ set but not used [-Wunused-but-set-variable]
2026-10-08T21:22:10.5250441Z   828 |     int limit;
2026-10-08T21:22:10.5263925Z       |         ^~~~~
2026-10-08T21:22:10.5267340Z src/solver/Solver.cc: In member function ‘bool Minisat::Solver::failedLiteralDetection()’:
2026-10-08T21:22:10.5300204Z src/solver/Solver.cc:1038:100: warning: format ‘%llu’ expects argument of type ‘long long unsigned int’, but argument 7 has type ‘uint64_t’ {aka ‘long unsigned int’} [-Wformat=]
2026-10-08T21:22:10.5307718Z  1038 |   printf("c nbFailedLits %d, nbI %d, fixedVarsByFL %d, totalFixedVars %d, nbTested: %d, counter %llu\n",
2026-10-08T21:22:10.5365231Z       |                                                                                                 ~~~^
2026-10-08T21:22:10.5369342Z       |                                                                                                    |
2026-10-08T21:22:10.5395791Z       |                                                                                                    long long unsigned int
2026-10-08T21:22:10.5426932Z       |                                                                                                 %lu
2026-10-08T21:22:10.5445634Z  1039 |          nbFailedLits, nbI, trail.size()-initTrail, trail.size(), nbTested, counter);
2026-10-08T21:22:10.5464321Z       |                                                                             ~~~~~~~                 
2026-10-08T21:22:10.5496628Z       |                                                                             |
2026-10-08T21:22:10.5514221Z       |                                                                             uint64_t {aka long unsigned int}
2026-10-08T21:22:10.5518956Z src/solver/Solver.cc: In member function ‘bool Minisat::Solver::simplifyOriginalClauses()’:
2026-10-08T21:22:10.5549984Z src/solver/Solver.cc:1179:40: warning: format ‘%llu’ expects argument of type ‘long long unsigned int’, but argument 2 has type ‘uint64_t’ {aka ‘long unsigned int’} [-Wformat=]
2026-10-08T21:22:10.5574706Z  1179 |     printf("c total nb of literals: %llu\n", clauses_literals);
2026-10-08T21:22:10.5606551Z       |                                     ~~~^     ~~~~~~~~~~~~~~~~
2026-10-08T21:22:10.5636247Z       |                                        |     |
2026-10-08T21:22:10.5667123Z       |                                        |     uint64_t {aka long unsigned int}
2026-10-08T21:22:10.5717327Z       |                                        long long unsigned int
2026-10-08T21:22:10.5720470Z       |                                     %lu
2026-10-08T21:22:10.5726674Z src/solver/Solver.cc:1173:25: warning: unused variable ‘nbOriginalClauses_before’ [-Wunused-variable]
2026-10-08T21:22:10.5731322Z  1173 |     int last_shorten=0, nbOriginalClauses_before = clauses.size();
2026-10-08T21:22:10.5736882Z       |                         ^~~~~~~~~~~~~~~~~~~~~~~~
2026-10-08T21:22:10.5740951Z src/solver/Solver.cc:1185:17: warning: unused variable ‘begin_simp_time’ [-Wunused-variable]
2026-10-08T21:22:10.5745145Z  1185 |     double      begin_simp_time = cpuTime();
2026-10-08T21:22:10.5747905Z       |                 ^~~~~~~~~~~~~~~
2026-10-08T21:22:10.5752655Z src/solver/Solver.cc:1250:12: warning: variable ‘avg’ set but not used [-Wunused-but-set-variable]
2026-10-08T21:22:10.5756287Z  1250 |     double avg;
2026-10-08T21:22:10.5758202Z       |            ^~~
2026-10-08T21:22:10.5843849Z src/solver/Solver.cc: In member function ‘Minisat::CRef Minisat::Solver::propagate()’:
2026-10-08T21:22:10.5852657Z src/solver/Solver.cc:2005:31: warning: comparison of integer expressions of different signedness: ‘unsigned int’ and ‘int’ [-Wsign-compare]
2026-10-08T21:22:10.5858130Z  2005 |             if (c.lastPoint() > c.size())
2026-10-08T21:22:10.5860921Z       |                 ~~~~~~~~~~~~~~^~~~~~~~~~
2026-10-08T21:22:10.5867441Z src/solver/Solver.cc:2024:31: warning: comparison of integer expressions of different signedness: ‘int’ and ‘unsigned int’ [-Wsign-compare]
2026-10-08T21:22:10.5872868Z  2024 |             for (int k = 2; k < c.lastPoint(); k++) {
2026-10-08T21:22:10.5875574Z       |                             ~~^~~~~~~~~~~~~~~
2026-10-08T21:22:10.5881426Z src/solver/Solver.cc:2076:49: warning: comparison of integer expressions of different signedness: ‘int’ and ‘uint64_t’ {aka ‘long unsigned int’} [-Wsign-compare]
2026-10-08T21:22:10.5887256Z  2076 |     if (confl == CRef_Undef && falseLits.size() >= UB)
2026-10-08T21:22:10.5890063Z       |                                ~~~~~~~~~~~~~~~~~^~~~~
2026-10-08T21:22:10.5894663Z src/solver/Solver.cc:2072:1: warning: label ‘ExitProp’ defined but not used [-Wunused-label]
2026-10-08T21:22:10.5898109Z  2072 | ExitProp:;
2026-10-08T21:22:10.5900071Z       | ^~~~~~~~
2026-10-08T21:22:10.5955014Z src/solver/Solver.cc: In member function ‘void Minisat::Solver::getAllUIP(Minisat::vec<Minisat::Lit>&, int&, int&)’:
2026-10-08T21:22:10.5960785Z src/solver/Solver.cc:2177:9: warning: variable ‘myLevel’ set but not used [-Wunused-but-set-variable]
2026-10-08T21:22:10.5965384Z  2177 |     int myLevel = decisionLevel() +1;
2026-10-08T21:22:10.5967904Z       |         ^~~~~~~
2026-10-08T21:22:10.5974422Z src/solver/Solver.cc: In member function ‘void Minisat::Solver::analyzeSoftConflict(Minisat::vec<Minisat::Lit>&, int&, int&)’:
2026-10-08T21:22:10.5986795Z src/solver/Solver.cc:2196:26: warning: comparison of integer expressions of different signedness: ‘int’ and ‘uint64_t’ {aka ‘long unsigned int’} [-Wsign-compare]
2026-10-08T21:22:10.6013541Z  2196 |     if (falseLits.size() >= UB)
2026-10-08T21:22:10.6074420Z       |         ~~~~~~~~~~~~~~~~~^~~~~
2026-10-08T21:22:10.6079180Z src/solver/Solver.cc:2206:26: warning: comparison of integer expressions of different signedness: ‘int’ and ‘uint64_t’ {aka ‘long unsigned int’} [-Wsign-compare]
2026-10-08T21:22:10.6082961Z  2206 |     if (falseLits.size() > UB) {
2026-10-08T21:22:10.6084874Z       |         ~~~~~~~~~~~~~~~~~^~~~
2026-10-08T21:22:10.6176561Z src/solver/Solver.cc: In member function ‘bool Minisat::Solver::simplifyLearnt_local()’:
2026-10-08T21:22:10.6182521Z src/solver/Solver.cc:2631:34: warning: comparison of integer expressions of different signedness: ‘unsigned int’ and ‘int’ [-Wsign-compare]
2026-10-08T21:22:10.6186242Z  2631 |                     if (nblevels < c.lbd()){
2026-10-08T21:22:10.6188019Z       |                         ~~~~~~~~~^~~~~~~~~
2026-10-08T21:22:10.6195901Z src/solver/Solver.cc:2559:7: warning: unused variable ‘learnts_local_size_before’ [-Wunused-variable]
2026-10-08T21:22:10.6199879Z  2559 |   int learnts_local_size_before = learnts_local.size();
2026-10-08T21:22:10.6203246Z       |       ^~~~~~~~~~~~~~~~~~~~~~~~~
2026-10-08T21:22:10.6206931Z src/solver/Solver.cc:2560:7: warning: unused variable ‘savedTrail’ [-Wunused-variable]
2026-10-08T21:22:10.6210122Z  2560 |   int savedTrail = trail.size();
2026-10-08T21:22:10.6214696Z       |       ^~~~~~~~~~
2026-10-08T21:22:10.6266631Z src/solver/Solver.cc: In member function ‘void Minisat::Solver::reduceDB_core()’:
2026-10-08T21:22:10.6272424Z src/solver/Solver.cc:2772:9: warning: unused variable ‘totalLocalSize’ [-Wunused-variable]
2026-10-08T21:22:10.6276936Z  2772 |     int totalLocalSize=0, removedSize=0;
2026-10-08T21:22:10.6279707Z       |         ^~~~~~~~~~~~~~
2026-10-08T21:22:10.6284504Z src/solver/Solver.cc:2772:27: warning: unused variable ‘removedSize’ [-Wunused-variable]
2026-10-08T21:22:10.6288254Z  2772 |     int totalLocalSize=0, removedSize=0;
2026-10-08T21:22:10.6290872Z       |                           ^~~~~~~~~~~
2026-10-08T21:22:10.6369584Z src/solver/Solver.cc: In member function ‘Minisat::CRef Minisat::Solver::lPropagate()’:
2026-10-08T21:22:10.6377585Z src/solver/Solver.cc:3022:20: warning: comparison of integer expressions of different signedness: ‘uint64_t’ {aka ‘long unsigned int’} and ‘int’ [-Wsign-compare]
2026-10-08T21:22:10.6385079Z  3022 |   if (UB > 1 && UB == falseLits.size() + 1 && decisionLevel() < hardenLevel) {
2026-10-08T21:22:10.6388627Z       |                 ~~~^~~~~~~~~~~~~~~~~~~~~~~
2026-10-08T21:22:10.6456021Z src/solver/Solver.cc: In member function ‘void Minisat::Solver::identifyClausesToSplit(Minisat::vec<unsigned int>&)’:
2026-10-08T21:22:10.6464398Z src/solver/Solver.cc:3170:46: warning: comparison of integer expressions of different signedness: ‘int’ and ‘uint64_t’ {aka ‘long unsigned int’} [-Wsign-compare]
2026-10-08T21:22:10.6470063Z  3170 |     for(j=i+1; j<cs.size() && 2*nbCommunLits >= UB; j++) {
2026-10-08T21:22:10.6473446Z       |                               ~~~~~~~~~~~~~~~^~~~~
2026-10-08T21:22:10.6704652Z src/solver/Solver.cc: In member function ‘Minisat::lbool Minisat::Solver::search(int&)’:
2026-10-08T21:22:10.6712594Z src/solver/Solver.cc:3821:31: warning: format ‘%llu’ expects argument of type ‘long long unsigned int’, but argument 2 has type ‘uint64_t’ {aka ‘long unsigned int’} [-Wformat=]
2026-10-08T21:22:10.6720495Z  3821 |               printf("c UB=%llu succs, confls=%llu, hconfls=%llu, core %d, tier2 %d, local %d,  %d soft cls unsat (%d at L0), %d fixed vars at L0, softCnfl %d, nbFlyRd %d, nbFixedLH %llu\n",
2026-10-08T21:22:10.6725979Z       |                            ~~~^
2026-10-08T21:22:10.6728158Z       |                               |
2026-10-08T21:22:10.6730514Z       |                               long long unsigned int
2026-10-08T21:22:10.6733496Z       |                            %lu
2026-10-08T21:22:10.6737418Z  3822 |                      UB, conflicts, conflicts-softConflicts, learnts_core.size(), learnts_tier2.size(), learnts_local.size(),
2026-10-08T21:22:10.6741357Z       |                      ~~        
2026-10-08T21:22:10.6746195Z       |                      |
2026-10-08T21:22:10.6748422Z       |                      uint64_t {aka long unsigned int}
2026-10-08T21:22:10.6755521Z src/solver/Solver.cc:3821:50: warning: format ‘%llu’ expects argument of type ‘long long unsigned int’, but argument 3 has type ‘uint64_t’ {aka ‘long unsigned int’} [-Wformat=]
2026-10-08T21:22:10.6763545Z  3821 |               printf("c UB=%llu succs, confls=%llu, hconfls=%llu, core %d, tier2 %d, local %d,  %d soft cls unsat (%d at L0), %d fixed vars at L0, softCnfl %d, nbFlyRd %d, nbFixedLH %llu\n",
2026-10-08T21:22:10.6768331Z       |                                               ~~~^
2026-10-08T21:22:10.6770743Z       |                                                  |
2026-10-08T21:22:10.6773865Z       |                                                  long long unsigned int
2026-10-08T21:22:10.6776456Z       |                                               %lu
2026-10-08T21:22:10.6780452Z  3822 |                      UB, conflicts, conflicts-softConflicts, learnts_core.size(), learnts_tier2.size(), learnts_local.size(),
2026-10-08T21:22:10.6784884Z       |                          ~~~~~~~~~                
2026-10-08T21:22:10.6787227Z       |                          |
2026-10-08T21:22:10.6790670Z       |                          uint64_t {aka long unsigned int}
2026-10-08T21:22:10.6797726Z src/solver/Solver.cc:3821:64: warning: format ‘%llu’ expects argument of type ‘long long unsigned int’, but argument 4 has type ‘uint64_t’ {aka ‘long unsigned int’} [-Wformat=]
2026-10-08T21:22:10.6805938Z  3821 |               printf("c UB=%llu succs, confls=%llu, hconfls=%llu, core %d, tier2 %d, local %d,  %d soft cls unsat (%d at L0), %d fixed vars at L0, softCnfl %d, nbFlyRd %d, nbFixedLH %llu\n",
2026-10-08T21:22:10.6811235Z       |                                                             ~~~^
2026-10-08T21:22:10.6814685Z       |                                                                |
2026-10-08T21:22:10.6817576Z       |                                                                long long unsigned int
2026-10-08T21:22:10.6820417Z       |                                                             %lu
2026-10-08T21:22:10.6825369Z  3822 |                      UB, conflicts, conflicts-softConflicts, learnts_core.size(), learnts_tier2.size(), learnts_local.size(),
2026-10-08T21:22:10.6829445Z       |                                     ~~~~~~~~~~~~~~~~~~~~~~~     
2026-10-08T21:22:10.6832563Z       |                                              |
2026-10-08T21:22:10.6835184Z       |                                              uint64_t {aka long unsigned int}
2026-10-08T21:22:10.6841686Z src/solver/Solver.cc:3821:186: warning: format ‘%llu’ expects argument of type ‘long long unsigned int’, but argument 13 has type ‘uint64_t’ {aka ‘long unsigned int’} [-Wformat=]
2026-10-08T21:22:10.6850444Z  3821 |               printf("c UB=%llu succs, confls=%llu, hconfls=%llu, core %d, tier2 %d, local %d,  %d soft cls unsat (%d at L0), %d fixed vars at L0, softCnfl %d, nbFlyRd %d, nbFixedLH %llu\n",
2026-10-08T21:22:10.6857204Z       |                                                                                                                                                                                       ~~~^
2026-10-08T21:22:10.6861615Z       |                                                                                                                                                                                          |
2026-10-08T21:22:10.6866851Z       |                                                                                                                                                                                          long long unsigned int
2026-10-08T21:22:10.6871511Z       |                                                                                                                                                                                       %lu
2026-10-08T21:22:10.6878622Z  3822 |                      UB, conflicts, conflicts-softConflicts, learnts_core.size(), learnts_tier2.size(), learnts_local.size(),
2026-10-08T21:22:10.6884446Z  3823 |                      falseLits.size(), nbFalses, nbFixeds, pureSoftConfl, nbFlyReduced, nbFixedByLH);
2026-10-08T21:22:10.6889120Z       |                                                                                         ~~~~~~~~~~~                                                                                       
2026-10-08T21:22:10.6895099Z       |                                                                                         |
2026-10-08T21:22:10.6898371Z       |                                                                                         uint64_t {aka long unsigned int}
2026-10-08T21:22:10.6905649Z src/solver/Solver.cc:3825:48: warning: format ‘%llu’ expects argument of type ‘long long unsigned int’, but argument 3 has type ‘uint64_t’ {aka ‘long unsigned int’} [-Wformat=]
2026-10-08T21:22:10.6913899Z  3825 |               printf("c nbHardens %d (fixed %llu), shorten: %llu, prunedLB %4.2f, dev %4.2f, succRate %4.2f, nbSucc %llu, lk: %llu, shorten: %llu, quasiC: %llu (fixed: %llu)\n\n",
2026-10-08T21:22:10.6918638Z       |                                             ~~~^
2026-10-08T21:22:10.6922862Z       |                                                |
2026-10-08T21:22:10.6925638Z       |                                                long long unsigned int
2026-10-08T21:22:10.6928314Z       |                                             %lu
2026-10-08T21:22:10.6934591Z  3826 |                      nbHardens, fixedByHardens, nbSavedLits, meanLB, dev, succRate, nbLKsuccess-savednbLKsuccess, LOOKAHEAD-savedLOOKAHEAD, nbSavedLits, quasiSoftConflicts, fixedByQuasiConfl);
2026-10-08T21:22:10.6940328Z       |                                 ~~~~~~~~~~~~~~  
2026-10-08T21:22:10.6943376Z       |                                 |
2026-10-08T21:22:10.6946183Z       |                                 uint64_t {aka long unsigned int}
2026-10-08T21:22:10.6953225Z src/solver/Solver.cc:3825:64: warning: format ‘%llu’ expects argument of type ‘long long unsigned int’, but argument 4 has type ‘uint64_t’ {aka ‘long unsigned int’} [-Wformat=]
2026-10-08T21:22:10.6960783Z  3825 |               printf("c nbHardens %d (fixed %llu), shorten: %llu, prunedLB %4.2f, dev %4.2f, succRate %4.2f, nbSucc %llu, lk: %llu, shorten: %llu, quasiC: %llu (fixed: %llu)\n\n",
2026-10-08T21:22:10.6966459Z       |                                                             ~~~^
2026-10-08T21:22:10.6969108Z       |                                                                |
2026-10-08T21:22:10.6972576Z       |                                                                long long unsigned int
2026-10-08T21:22:10.6975407Z       |                                                             %lu
2026-10-08T21:22:10.6983063Z  3826 |                      nbHardens, fixedByHardens, nbSavedLits, meanLB, dev, succRate, nbLKsuccess-savednbLKsuccess, LOOKAHEAD-savedLOOKAHEAD, nbSavedLits, quasiSoftConflicts, fixedByQuasiConfl);
2026-10-08T21:22:10.6991560Z       |                                                 ~~~~~~~~~~~     
2026-10-08T21:22:10.6995645Z       |                                                 |
2026-10-08T21:22:10.6999400Z       |                                                 uint64_t {aka long unsigned int}
2026-10-08T21:22:10.7008839Z src/solver/Solver.cc:3825:120: warning: format ‘%llu’ expects argument of type ‘long long unsigned int’, but argument 8 has type ‘uint64_t’ {aka ‘long unsigned int’} [-Wformat=]
2026-10-08T21:22:10.7019785Z  3825 |               printf("c nbHardens %d (fixed %llu), shorten: %llu, prunedLB %4.2f, dev %4.2f, succRate %4.2f, nbSucc %llu, lk: %llu, shorten: %llu, quasiC: %llu (fixed: %llu)\n\n",
2026-10-08T21:22:10.7025966Z       |                                                                                                                     ~~~^
2026-10-08T21:22:10.7029272Z       |                                                                                                                        |
2026-10-08T21:22:10.7034789Z       |                                                                                                                        long long unsigned int
2026-10-08T21:22:10.7038390Z       |                                                                                                                     %lu
2026-10-08T21:22:10.7044961Z  3826 |                      nbHardens, fixedByHardens, nbSavedLits, meanLB, dev, succRate, nbLKsuccess-savednbLKsuccess, LOOKAHEAD-savedLOOKAHEAD, nbSavedLits, quasiSoftConflicts, fixedByQuasiConfl);
2026-10-08T21:22:10.7051249Z       |                                                                                     ~~~~~~~~~~~~~~~~~~~~~~~~~~~~        
2026-10-08T21:22:10.7055141Z       |                                                                                                |
2026-10-08T21:22:10.7058441Z       |                                                                                                uint64_t {aka long unsigned int}
2026-10-08T21:22:10.7065601Z src/solver/Solver.cc:3825:130: warning: format ‘%llu’ expects argument of type ‘long long unsigned int’, but argument 9 has type ‘uint64_t’ {aka ‘long unsigned int’} [-Wformat=]
2026-10-08T21:22:10.7074858Z  3825 |               printf("c nbHardens %d (fixed %llu), shorten: %llu, prunedLB %4.2f, dev %4.2f, succRate %4.2f, nbSucc %llu, lk: %llu, shorten: %llu, quasiC: %llu (fixed: %llu)\n\n",
2026-10-08T21:22:10.7080334Z       |                                                                                                                               ~~~^
2026-10-08T21:22:10.7084701Z       |                                                                                                                                  |
2026-10-08T21:22:10.7088823Z       |                                                                                                                                  long long unsigned int
2026-10-08T21:22:10.7093269Z       |                                                                                                                               %lu
2026-10-08T21:22:10.7099403Z  3826 |                      nbHardens, fixedByHardens, nbSavedLits, meanLB, dev, succRate, nbLKsuccess-savednbLKsuccess, LOOKAHEAD-savedLOOKAHEAD, nbSavedLits, quasiSoftConflicts, fixedByQuasiConfl);
2026-10-08T21:22:10.7106215Z       |                                                                                                                   ~~~~~~~~~~~~~~~~~~~~~~~~
2026-10-08T21:22:10.7109740Z       |                                                                                                                            |
2026-10-08T21:22:10.7113964Z       |                                                                                                                            uint64_t {aka long unsigned int}
2026-10-08T21:22:10.7120668Z src/solver/Solver.cc:3825:145: warning: format ‘%llu’ expects argument of type ‘long long unsigned int’, but argument 10 has type ‘uint64_t’ {aka ‘long unsigned int’} [-Wformat=]
2026-10-08T21:22:10.7128760Z  3825 |               printf("c nbHardens %d (fixed %llu), shorten: %llu, prunedLB %4.2f, dev %4.2f, succRate %4.2f, nbSucc %llu, lk: %llu, shorten: %llu, quasiC: %llu (fixed: %llu)\n\n",
2026-10-08T21:22:10.7135004Z       |                                                                                                                                              ~~~^
2026-10-08T21:22:10.7138824Z       |                                                                                                                                                 |
2026-10-08T21:22:10.7143559Z       |                                                                                                                                                 long long unsigned int
2026-10-08T21:22:10.7147908Z       |                                                                                                                                              %lu
2026-10-08T21:22:10.7156224Z  3826 |                      nbHardens, fixedByHardens, nbSavedLits, meanLB, dev, succRate, nbLKsuccess-savednbLKsuccess, LOOKAHEAD-savedLOOKAHEAD, nbSavedLits, quasiSoftConflicts, fixedByQuasiConfl);
2026-10-08T21:22:10.7163386Z       |                                                                                                                                             ~~~~~~~~~~~
2026-10-08T21:22:10.7167251Z       |                                                                                                                                             |
2026-10-08T21:22:10.7171347Z       |                                                                                                                                             uint64_t {aka long unsigned int}
2026-10-08T21:22:10.7179112Z src/solver/Solver.cc:3825:159: warning: format ‘%llu’ expects argument of type ‘long long unsigned int’, but argument 11 has type ‘uint64_t’ {aka ‘long unsigned int’} [-Wformat=]
2026-10-08T21:22:10.7186981Z  3825 |               printf("c nbHardens %d (fixed %llu), shorten: %llu, prunedLB %4.2f, dev %4.2f, succRate %4.2f, nbSucc %llu, lk: %llu, shorten: %llu, quasiC: %llu (fixed: %llu)\n\n",
2026-10-08T21:22:10.7194276Z       |                                                                                                                                                            ~~~^
2026-10-08T21:22:10.7198376Z       |                                                                                                                                                               |
2026-10-08T21:22:10.7203266Z       |                                                                                                                                                               long long unsigned int
2026-10-08T21:22:10.7207532Z       |                                                                                                                                                            %lu
2026-10-08T21:22:10.7214577Z  3826 |                      nbHardens, fixedByHardens, nbSavedLits, meanLB, dev, succRate, nbLKsuccess-savednbLKsuccess, LOOKAHEAD-savedLOOKAHEAD, nbSavedLits, quasiSoftConflicts, fixedByQuasiConfl);
2026-10-08T21:22:10.7221203Z       |                                                                                                                                                          ~~~~~~~~~~~~~~~~~~
2026-10-08T21:22:10.7226409Z       |                                                                                                                                                          |
2026-10-08T21:22:10.7230685Z       |                                                                                                                                                          uint64_t {aka long unsigned int}
2026-10-08T21:22:10.7238660Z src/solver/Solver.cc:3825:172: warning: format ‘%llu’ expects argument of type ‘long long unsigned int’, but argument 12 has type ‘uint64_t’ {aka ‘long unsigned int’} [-Wformat=]
2026-10-08T21:22:10.7247417Z  3825 |               printf("c nbHardens %d (fixed %llu), shorten: %llu, prunedLB %4.2f, dev %4.2f, succRate %4.2f, nbSucc %llu, lk: %llu, shorten: %llu, quasiC: %llu (fixed: %llu)\n\n",
2026-10-08T21:22:10.7253600Z       |                                                                                                                                                                         ~~~^
2026-10-08T21:22:10.7257704Z       |                                                                                                                                                                            |
2026-10-08T21:22:10.7262510Z       |                                                                                                                                                                            long long unsigned int
2026-10-08T21:22:10.7266986Z       |                                                                                                                                                                         %lu
2026-10-08T21:22:10.7275459Z  3826 |                      nbHardens, fixedByHardens, nbSavedLits, meanLB, dev, succRate, nbLKsuccess-savednbLKsuccess, LOOKAHEAD-savedLOOKAHEAD, nbSavedLits, quasiSoftConflicts, fixedByQuasiConfl);
2026-10-08T21:22:10.7282732Z       |                                                                                                                                                                              ~~~~~~~~~~~~~~~~~
2026-10-08T21:22:10.7287111Z       |                                                                                                                                                                              |
2026-10-08T21:22:10.7291644Z       |                                                                                                                                                                              uint64_t {aka long unsigned int}
2026-10-08T21:22:10.7298365Z src/solver/Solver.cc: In member function ‘Minisat::CRef Minisat::Solver::propagateForLK()’:
2026-10-08T21:22:10.7306188Z src/solver/Solver.cc:3984:27: warning: comparison of integer expressions of different signedness: ‘unsigned int’ and ‘int’ [-Wsign-compare]
2026-10-08T21:22:10.7310629Z  3984 |         if (c.lastPoint() > c.size())
2026-10-08T21:22:10.7313593Z       |             ~~~~~~~~~~~~~~^~~~~~~~~~
2026-10-08T21:22:10.7318528Z src/solver/Solver.cc:4003:27: warning: comparison of integer expressions of different signedness: ‘int’ and ‘unsigned int’ [-Wsign-compare]
2026-10-08T21:22:10.7323863Z  4003 |         for (int k = 2; k < c.lastPoint(); k++) {
2026-10-08T21:22:10.7326442Z       |                         ~~^~~~~~~~~~~~~~~
2026-10-08T21:22:10.7332593Z src/solver/Solver.cc: In member function ‘void Minisat::Solver::analyzeQuasiSoftConflict(Minisat::vec<Minisat::Lit>&, int&, int&)’:
2026-10-08T21:22:10.7340379Z src/solver/Solver.cc:4502:26: warning: comparison of integer expressions of different signedness: ‘int’ and ‘uint64_t’ {aka ‘long unsigned int’} [-Wsign-compare]
2026-10-08T21:22:10.7346253Z  4502 |     if (falseLits.size() > UB) {
2026-10-08T21:22:10.7348544Z       |         ~~~~~~~~~~~~~~~~~^~~~
2026-10-08T21:22:10.7516260Z src/solver/Solver.cc: In member function ‘bool Minisat::Solver::lookahead()’:
2026-10-08T21:22:10.7548278Z src/solver/Solver.cc:4843:17: warning: comparison of integer expressions of different signedness: ‘uint64_t’ {aka ‘long unsigned int’} and ‘int’ [-Wsign-compare]
2026-10-08T21:22:10.7553733Z  4843 |   if (conflicts > prevConflicts) {
2026-10-08T21:22:10.7594089Z       |       ~~~~~~~~~~^~~~~~~~~~~~~~~
2026-10-08T21:22:10.7676580Z src/solver/Solver.cc: In member function ‘void Minisat::Solver::addHardClausesForSoftClauses()’:
2026-10-08T21:22:10.7708689Z src/solver/Solver.cc:5088:70: warning: format ‘%llu’ expects argument of type ‘long long unsigned int’, but argument 5 has type ‘uint64_t’ {aka ‘long unsigned int’} [-Wformat=]
2026-10-08T21:22:10.7745889Z  5088 |   printf("c nb soft clauses: %d, of which %d unit, %d nonUnit and %llu empty\n",
2026-10-08T21:22:10.7777330Z       |                                                                   ~~~^
2026-10-08T21:22:10.7805424Z       |                                                                      |
2026-10-08T21:22:10.7834654Z       |                                                                      long long unsigned int
2026-10-08T21:22:10.7856362Z       |                                                                   %lu
2026-10-08T21:22:10.7884916Z  5089 |          softClauses.size(), nbUnitSoft, nbNonUnitSoft, solutionCost);
2026-10-08T21:22:10.7887645Z       |                                                         ~~~~~~~~~~~~  
2026-10-08T21:22:10.7974808Z       |                                                         |
2026-10-08T21:22:10.8004677Z       |                                                         uint64_t {aka long unsigned int}
2026-10-08T21:22:10.8036945Z src/solver/Solver.cc: In member function ‘void Minisat::Solver::printBestSolution() const’:
2026-10-08T21:22:10.8067987Z src/solver/Solver.cc:5239:49: warning: format ‘%llu’ expects argument of type ‘long long unsigned int’, but argument 2 has type ‘long unsigned int’ [-Wformat=]
2026-10-08T21:22:10.8094800Z  5239 |     printf("c   unsat soft clauses (search): %llu\n", bestSup);
2026-10-08T21:22:10.8124656Z       |                                              ~~~^     ~~~~~~~
2026-10-08T21:22:10.8154323Z       |                                                 |     |
2026-10-08T21:22:10.8156550Z       |                                                 |     long unsigned int
2026-10-08T21:22:10.8158855Z       |                                                 long long unsigned int
2026-10-08T21:22:10.8161304Z       |                                              %lu
2026-10-08T21:22:10.8167848Z src/solver/Solver.cc:5240:53: warning: format ‘%llu’ expects argument of type ‘long long unsigned int’, but argument 2 has type ‘uint64_t’ {aka ‘long unsigned int’} [-Wformat=]
2026-10-08T21:22:10.8173758Z  5240 |     printf("c   satisfied soft clauses (maxsat): %llu\n", maxsat);
2026-10-08T21:22:10.8177718Z       |                                                  ~~~^     ~~~~~~
2026-10-08T21:22:10.8179742Z       |                                                     |     |
2026-10-08T21:22:10.8210669Z       |                                                     |     uint64_t {aka long unsigned int}
2026-10-08T21:22:10.8214210Z       |                                                     long long unsigned int
2026-10-08T21:22:10.8216376Z       |                                                  %lu
2026-10-08T21:22:10.8222850Z src/solver/Solver.cc:5241:39: warning: format ‘%llu’ expects argument of type ‘long long unsigned int’, but argument 2 has type ‘uint64_t’ {aka ‘long unsigned int’} [-Wformat=]
2026-10-08T21:22:10.8227603Z  5241 |     printf("c   total weight cost: %llu\n", optimal);
2026-10-08T21:22:10.8229903Z       |                                    ~~~^     ~~~~~~~
2026-10-08T21:22:10.8232636Z       |                                       |     |
2026-10-08T21:22:10.8234691Z       |                                       |     uint64_t {aka long unsigned int}
2026-10-08T21:22:10.8237058Z       |                                       long long unsigned int
2026-10-08T21:22:10.8239019Z       |                                    %lu
2026-10-08T21:22:10.8243237Z src/solver/Solver.cc: In member function ‘void Minisat::Solver::checkSolution()’:
2026-10-08T21:22:10.8249677Z src/solver/Solver.cc:5257:15: warning: comparison of integer expressions of different signedness: ‘int’ and ‘uint64_t’ {aka ‘long unsigned int’} [-Wsign-compare]
2026-10-08T21:22:10.8255151Z  5257 |   if (nbFalse != falseLits.size()+fixedCostBySearch + relaxedCost)
2026-10-08T21:22:10.8257765Z       |       ~~~~~~~~^~~~~~~~~~~~~~~~~~~~~~~~~~~~~~~~~~~~~~~~~~~~~~~~~~~
2026-10-08T21:22:10.8264020Z src/solver/Solver.cc:5258:92: warning: format ‘%llu’ expects argument of type ‘long long unsigned int’, but argument 3 has type ‘uint64_t’ {aka ‘long unsigned int’} [-Wformat=]
2026-10-08T21:22:10.8269607Z  5258 |     printf("c **** error nb of false soft clauses real nbfalse: %d, recorded falseLits: %llu****\n",
2026-10-08T21:22:10.8273443Z       |                                                                                         ~~~^
2026-10-08T21:22:10.8275783Z       |                                                                                            |
2026-10-08T21:22:10.8278464Z       |                                                                                            long long unsigned int
2026-10-08T21:22:10.8281112Z       |                                                                                         %lu
2026-10-08T21:22:10.8284529Z  5259 |            nbFalse, falseLits.size()+fixedCostBySearch+relaxedCost);
2026-10-08T21:22:10.8287332Z       |                     ~~~~~~~~~~~~~~~~~~~~~~~~~~~~~~~~~~~~~~~~~~~~~~                          
2026-10-08T21:22:10.8291204Z       |                                                       |
2026-10-08T21:22:10.8294122Z       |                                                       uint64_t {aka long unsigned int}
2026-10-08T21:22:10.8297934Z src/solver/Solver.cc: In member function ‘void Minisat::Solver::partition()’:
2026-10-08T21:22:10.8303918Z src/solver/Solver.cc:5379:31: warning: comparison of integer expressions of different signedness: ‘unsigned int’ and ‘int’ [-Wsign-compare]
2026-10-08T21:22:10.8307989Z  5379 |         if (conflicted[var(q)]==iset.size()) {
2026-10-08T21:22:10.8313337Z src/solver/Solver.cc:5389:32: warning: comparison of integer expressions of different signedness: ‘unsigned int’ and ‘int’ [-Wsign-compare]
2026-10-08T21:22:10.8317376Z  5389 |         if (conflicted[var(q)] < iset.size())
2026-10-08T21:22:10.8322558Z src/solver/Solver.cc:5448:50: warning: comparison of integer expressions of different signedness: ‘unsigned int’ and ‘int’ [-Wsign-compare]
2026-10-08T21:22:10.8326715Z  5448 |         if (q != lit_Undef && conflicted[var(q)] == iset.size()) {
2026-10-08T21:22:10.8333988Z src/solver/Solver.cc:5513:38: warning: format ‘%llu’ expects argument of type ‘long long unsigned int’, but argument 3 has type ‘uint64_t’ {aka ‘long unsigned int’} [-Wformat=]
2026-10-08T21:22:10.8338923Z  5513 |   printf("c isets %d, derivedCost %llu\n", nbIsets, derivedCost);
2026-10-08T21:22:10.8341372Z       |                                   ~~~^              ~~~~~~~~~~~
2026-10-08T21:22:10.8344041Z       |                                      |              |
2026-10-08T21:22:10.8346204Z       |                                      |              uint64_t {aka long unsigned int}
2026-10-08T21:22:10.8348866Z       |                                      long long unsigned int
2026-10-08T21:22:10.8350795Z       |                                   %lu
2026-10-08T21:22:10.8355293Z src/solver/Solver.cc: In member function ‘Minisat::CRef Minisat::Solver::simplepropagateForLK()’:
2026-10-08T21:22:10.8361082Z src/solver/Solver.cc:5660:27: warning: comparison of integer expressions of different signedness: ‘unsigned int’ and ‘int’ [-Wsign-compare]
2026-10-08T21:22:10.8365639Z  5660 |         if (c.lastPoint() > c.size())
2026-10-08T21:22:10.8367498Z       |             ~~~~~~~~~~~~~~^~~~~~~~~~
2026-10-08T21:22:10.8372606Z src/solver/Solver.cc:5674:27: warning: comparison of integer expressions of different signedness: ‘int’ and ‘unsigned int’ [-Wsign-compare]
2026-10-08T21:22:10.8376514Z  5674 |         for (int k = 2; k < c.lastPoint(); k++) {
2026-10-08T21:22:10.8378435Z       |                         ~~^~~~~~~~~~~~~~~
2026-10-08T21:22:10.8490560Z src/solver/Solver.cc: In member function ‘void Minisat::Solver::addCardinalityConstraints()’:
2026-10-08T21:22:10.8517408Z src/solver/Solver.cc:6204:64: warning: format ‘%llu’ expects argument of type ‘long long unsigned int’, but argument 2 has type ‘uint64_t’ {aka ‘long unsigned int’} [-Wformat=]
2026-10-08T21:22:10.8567339Z  6204 |       printf("\nc Cardinality: off (soft-conflict only), UB %llu\n", UB);
2026-10-08T21:22:10.8570917Z       |                                                             ~~~^     ~~
2026-10-08T21:22:10.8574987Z       |                                                                |     |
2026-10-08T21:22:10.8578821Z       |                                                                |     uint64_t {aka long unsigned int}
2026-10-08T21:22:10.8583143Z       |                                                                long long unsigned int
2026-10-08T21:22:10.8586280Z       |                                                             %lu
2026-10-08T21:22:10.8593745Z src/solver/Solver.cc:6234:82: warning: comparison of integer expressions of different signedness: ‘int’ and ‘uint64_t’ {aka ‘long unsigned int’} [-Wsign-compare]
2026-10-08T21:22:10.8600287Z  6234 |   if (activeSoftLits.size() < 2 || UB - 1 - nbFalse < 1 || activeSoftLits.size() <= UB - 1 - nbFalse
2026-10-08T21:22:10.8606608Z       |                                                            ~~~~~~~~~~~~~~~~~~~~~~^~~~~~~~~~~~~~~~~~~
2026-10-08T21:22:10.8614039Z src/solver/Solver.cc:6253:46: warning: format ‘%llu’ expects argument of type ‘long long unsigned int’, but argument 4 has type ‘uint64_t’ {aka ‘long unsigned int’} [-Wformat=]
2026-10-08T21:22:10.8620325Z  6253 |   printf("\nc Cardinality: %d (%s) for UB %llu\n", cardinalityC.size(), enc, UB);
2026-10-08T21:22:10.8624616Z       |                                           ~~~^                               ~~
2026-10-08T21:22:10.8627668Z       |                                              |                               |
2026-10-08T21:22:10.8631286Z       |                                              long long unsigned int          uint64_t {aka long unsigned int}
2026-10-08T21:22:10.8635344Z       |                                           %lu
2026-10-08T21:22:10.8706599Z src/solver/Solver.cc: In member function ‘Minisat::lbool Minisat::Solver::solve_()’:
2026-10-08T21:22:10.8714923Z src/solver/Solver.cc:6602:79: warning: format ‘%llu’ expects argument of type ‘long long unsigned int’, but argument 5 has type ‘uint64_t’ {aka ‘long unsigned int’} [-Wformat=]
2026-10-08T21:22:10.8723560Z  6602 |     printf("c fixedCost %d, nbSatLits %d, totalFixedVars %d, objForSearch: %llu\n\n",
2026-10-08T21:22:10.8727750Z       |                                                                            ~~~^
2026-10-08T21:22:10.8730718Z       |                                                                               |
2026-10-08T21:22:10.8734613Z       |                                                                               long long unsigned int
2026-10-08T21:22:10.8737787Z       |                                                                            %lu
2026-10-08T21:22:10.8740932Z  6603 |                 fixedCost, nbSatLits, trail.size(), objForSearch);
2026-10-08T21:22:10.8744565Z       |                                                     ~~~~~~~~~~~~               
2026-10-08T21:22:10.8747753Z       |                                                     |
2026-10-08T21:22:10.8750712Z       |                                                     uint64_t {aka long unsigned int}
2026-10-08T21:22:10.8758283Z src/solver/Solver.cc:6631:35: warning: format ‘%llu’ expects argument of type ‘long long unsigned int’, but argument 2 has type ‘uint64_t’ {aka ‘long unsigned int’} [-Wformat=]
2026-10-08T21:22:10.8764710Z  6631 |         printf("c provided UB: %llu\n", providedUB);
2026-10-08T21:22:10.8767599Z       |                                ~~~^     ~~~~~~~~~~
2026-10-08T21:22:10.8770179Z       |                                   |     |
2026-10-08T21:22:10.8773515Z       |                                   |     uint64_t {aka long unsigned int}
2026-10-08T21:22:10.8776379Z       |                                   long long unsigned int
2026-10-08T21:22:10.8778939Z       |                                %lu
2026-10-08T21:22:10.8785415Z src/solver/Solver.cc:6634:54: warning: format ‘%llu’ expects argument of type ‘long long unsigned int’, but argument 2 has type ‘uint64_t’ {aka ‘long unsigned int’} [-Wformat=]
2026-10-08T21:22:10.8794376Z  6634 |         printf("c provided UB is invalide: initUB %llu, solCost %llu, costbySearch %llu, derivedCost %llu, relaxedCost: %llu\n", initUB, solutionCost, fixedCostBySearch, derivedCost, relaxedCost);
2026-10-08T21:22:10.8800650Z       |                                                   ~~~^                                                                           ~~~~~~
2026-10-08T21:22:10.8805172Z       |                                                      |                                                                           |
2026-10-08T21:22:10.8809422Z       |                                                      long long unsigned int                                                      uint64_t {aka long unsigned int}
2026-10-08T21:22:10.8813802Z       |                                                   %lu
2026-10-08T21:22:10.8821452Z src/solver/Solver.cc:6634:68: warning: format ‘%llu’ expects argument of type ‘long long unsigned int’, but argument 3 has type ‘uint64_t’ {aka ‘long unsigned int’} [-Wformat=]
2026-10-08T21:22:10.8830287Z  6634 |         printf("c provided UB is invalide: initUB %llu, solCost %llu, costbySearch %llu, derivedCost %llu, relaxedCost: %llu\n", initUB, solutionCost, fixedCostBySearch, derivedCost, relaxedCost);
2026-10-08T21:22:10.8837530Z       |                                                                 ~~~^                                                                     ~~~~~~~~~~~~
2026-10-08T21:22:10.8841149Z       |                                                                    |                                                                     |
2026-10-08T21:22:10.8845798Z       |                                                                    long long unsigned int                                                uint64_t {aka long unsigned int}
2026-10-08T21:22:10.8849783Z       |                                                                 %lu
2026-10-08T21:22:10.8856202Z src/solver/Solver.cc:6634:87: warning: format ‘%llu’ expects argument of type ‘long long unsigned int’, but argument 4 has type ‘uint64_t’ {aka ‘long unsigned int’} [-Wformat=]
2026-10-08T21:22:10.8866043Z  6634 |         printf("c provided UB is invalide: initUB %llu, solCost %llu, costbySearch %llu, derivedCost %llu, relaxedCost: %llu\n", initUB, solutionCost, fixedCostBySearch, derivedCost, relaxedCost);
2026-10-08T21:22:10.8873232Z       |                                                                                    ~~~^                                                                ~~~~~~~~~~~~~~~~~
2026-10-08T21:22:10.8877107Z       |                                                                                       |                                                                |
2026-10-08T21:22:10.8881421Z       |                                                                                       long long unsigned int                                           uint64_t {aka long unsigned int}
2026-10-08T21:22:10.8886297Z       |                                                                                    %lu
2026-10-08T21:22:10.8893635Z src/solver/Solver.cc:6634:105: warning: format ‘%llu’ expects argument of type ‘long long unsigned int’, but argument 5 has type ‘uint64_t’ {aka ‘long unsigned int’} [-Wformat=]
2026-10-08T21:22:10.8902377Z  6634 |         printf("c provided UB is invalide: initUB %llu, solCost %llu, costbySearch %llu, derivedCost %llu, relaxedCost: %llu\n", initUB, solutionCost, fixedCostBySearch, derivedCost, relaxedCost);
2026-10-08T21:22:10.8908768Z       |                                                                                                      ~~~^                                                                 ~~~~~~~~~~~
2026-10-08T21:22:10.8913957Z       |                                                                                                         |                                                                 |
2026-10-08T21:22:10.8918908Z       |                                                                                                         long long unsigned int                                            uint64_t {aka long unsigned int}
2026-10-08T21:22:10.8924668Z       |                                                                                                      %lu
2026-10-08T21:22:10.8933097Z src/solver/Solver.cc:6634:124: warning: format ‘%llu’ expects argument of type ‘long long unsigned int’, but argument 6 has type ‘uint64_t’ {aka ‘long unsigned int’} [-Wformat=]
2026-10-08T21:22:10.8940806Z  6634 |         printf("c provided UB is invalide: initUB %llu, solCost %llu, costbySearch %llu, derivedCost %llu, relaxedCost: %llu\n", initUB, solutionCost, fixedCostBySearch, derivedCost, relaxedCost);
2026-10-08T21:22:10.8947373Z       |                                                                                                                         ~~~^                                                           ~~~~~~~~~~~
2026-10-08T21:22:10.8984745Z       |                                                                                                                            |                                                           |
2026-10-08T21:22:10.8989327Z       |                                                                                                                            long long unsigned int                                      uint64_t {aka long unsigned int}
2026-10-08T21:22:10.8993787Z       |                                                                                                                         %lu
2026-10-08T21:22:10.9000189Z src/solver/Solver.cc:6656:58: warning: format ‘%llu’ expects argument of type ‘long long unsigned int’, but argument 2 has type ‘uint64_t’ {aka ‘long unsigned int’} [-Wformat=]
2026-10-08T21:22:10.9006738Z  6656 |       printf("c ends of initiationization by VSIDS at %llu conflicts with init %d\n\n",
2026-10-08T21:22:10.9009676Z       |                                                       ~~~^
2026-10-08T21:22:10.9011639Z       |                                                          |
2026-10-08T21:22:10.9015553Z       |                                                          long long unsigned int
2026-10-08T21:22:10.9017705Z       |                                                       %lu
2026-10-08T21:22:10.9019540Z  6657 |              conflicts, init);
2026-10-08T21:22:10.9021293Z       |              ~~~~~~~~~                                    
2026-10-08T21:22:10.9023849Z       |              |
2026-10-08T21:22:10.9025355Z       |              uint64_t {aka long unsigned int}
2026-10-08T21:22:10.9030881Z src/solver/Solver.cc:6686:50: warning: format ‘%llu’ expects argument of type ‘long long unsigned int’, but argument 3 has type ‘uint64_t’ {aka ‘long unsigned int’} [-Wformat=]
2026-10-08T21:22:10.9036762Z  6686 |           printf("c VSIDS phase %d: conflicts %llu, phase %llu, starts %llu, UP %llu\n",
2026-10-08T21:22:10.9039535Z       |                                               ~~~^
2026-10-08T21:22:10.9041380Z       |                                                  |
2026-10-08T21:22:10.9044219Z       |                                                  long long unsigned int
2026-10-08T21:22:10.9046312Z       |                                               %lu
2026-10-08T21:22:10.9048985Z  6687 |                  nbVSIDSphase, conflicts-savedConfl, phase_allotment,
2026-10-08T21:22:10.9051318Z       |                                ~~~~~~~~~~~~~~~~~~~~
2026-10-08T21:22:10.9053811Z       |                                         |
2026-10-08T21:22:10.9055781Z       |                                         uint64_t {aka long unsigned int}
2026-10-08T21:22:10.9061537Z src/solver/Solver.cc:6686:62: warning: format ‘%llu’ expects argument of type ‘long long unsigned int’, but argument 4 has type ‘uint64_t’ {aka ‘long unsigned int’} [-Wformat=]
2026-10-08T21:22:10.9067617Z  6686 |           printf("c VSIDS phase %d: conflicts %llu, phase %llu, starts %llu, UP %llu\n",
2026-10-08T21:22:10.9070370Z       |                                                           ~~~^
2026-10-08T21:22:10.9073106Z       |                                                              |
2026-10-08T21:22:10.9075337Z       |                                                              long long unsigned int
2026-10-08T21:22:10.9077600Z       |                                                           %lu
2026-10-08T21:22:10.9080035Z  6687 |                  nbVSIDSphase, conflicts-savedConfl, phase_allotment,
2026-10-08T21:22:10.9083107Z       |                                                      ~~~~~~~~~~~~~~~
2026-10-08T21:22:10.9085108Z       |                                                      |
2026-10-08T21:22:10.9087242Z       |                                                      uint64_t {aka long unsigned int}
2026-10-08T21:22:10.9093358Z src/solver/Solver.cc:6686:75: warning: format ‘%llu’ expects argument of type ‘long long unsigned int’, but argument 5 has type ‘uint64_t’ {aka ‘long unsigned int’} [-Wformat=]
2026-10-08T21:22:10.9099891Z  6686 |           printf("c VSIDS phase %d: conflicts %llu, phase %llu, starts %llu, UP %llu\n",
2026-10-08T21:22:10.9103539Z       |                                                                        ~~~^
2026-10-08T21:22:10.9105730Z       |                                                                           |
2026-10-08T21:22:10.9108123Z       |                                                                           long long unsigned int
2026-10-08T21:22:10.9110912Z       |                                                                        %lu
2026-10-08T21:22:10.9114064Z  6687 |                  nbVSIDSphase, conflicts-savedConfl, phase_allotment,
2026-10-08T21:22:10.9116721Z  6688 |                  starts-savedRestarts, propagations-savedUP);
2026-10-08T21:22:10.9119145Z       |                  ~~~~~~~~~~~~~~~~~~~~                                      
2026-10-08T21:22:10.9121276Z       |                        |
2026-10-08T21:22:10.9123685Z       |                        uint64_t {aka long unsigned int}
2026-10-08T21:22:10.9130346Z src/solver/Solver.cc:6686:84: warning: format ‘%llu’ expects argument of type ‘long long unsigned int’, but argument 6 has type ‘uint64_t’ {aka ‘long unsigned int’} [-Wformat=]
2026-10-08T21:22:10.9136254Z  6686 |           printf("c VSIDS phase %d: conflicts %llu, phase %llu, starts %llu, UP %llu\n",
2026-10-08T21:22:10.9139091Z       |                                                                                 ~~~^
2026-10-08T21:22:10.9141367Z       |                                                                                    |
2026-10-08T21:22:10.9144403Z       |                                                                                    long long unsigned int
2026-10-08T21:22:10.9146854Z       |                                                                                 %lu
2026-10-08T21:22:10.9149772Z  6687 |                  nbVSIDSphase, conflicts-savedConfl, phase_allotment,
2026-10-08T21:22:10.9153133Z  6688 |                  starts-savedRestarts, propagations-savedUP);
2026-10-08T21:22:10.9155666Z       |                                        ~~~~~~~~~~~~~~~~~~~~                         
2026-10-08T21:22:10.9157832Z       |                                                    |
2026-10-08T21:22:10.9159954Z       |                                                    uint64_t {aka long unsigned int}
2026-10-08T21:22:10.9166389Z src/solver/Solver.cc:6692:48: warning: format ‘%llu’ expects argument of type ‘long long unsigned int’, but argument 3 has type ‘uint64_t’ {aka ‘long unsigned int’} [-Wformat=]
2026-10-08T21:22:10.9171563Z  6692 |           printf("c LRB phase %d: conflicts %llu, phase %llu, starts %llu, UP %llu\n",
2026-10-08T21:22:10.9174835Z       |                                             ~~~^
2026-10-08T21:22:10.9176641Z       |                                                |
2026-10-08T21:22:10.9178658Z       |                                                long long unsigned int
2026-10-08T21:22:10.9180684Z       |                                             %lu
2026-10-08T21:22:10.9183580Z  6693 |                  nbLRBphase, conflicts-savedConfl, phase_allotment,
2026-10-08T21:22:10.9185856Z       |                              ~~~~~~~~~~~~~~~~~~~~
2026-10-08T21:22:10.9187642Z       |                                       |
2026-10-08T21:22:10.9189655Z       |                                       uint64_t {aka long unsigned int}
2026-10-08T21:22:10.9195940Z src/solver/Solver.cc:6692:60: warning: format ‘%llu’ expects argument of type ‘long long unsigned int’, but argument 4 has type ‘uint64_t’ {aka ‘long unsigned int’} [-Wformat=]
2026-10-08T21:22:10.9201218Z  6692 |           printf("c LRB phase %d: conflicts %llu, phase %llu, starts %llu, UP %llu\n",
2026-10-08T21:22:10.9205551Z       |                                                         ~~~^
2026-10-08T21:22:10.9208762Z       |                                                            |
2026-10-08T21:22:10.9210985Z       |                                                            long long unsigned int
2026-10-08T21:22:10.9213931Z       |                                                         %lu
2026-10-08T21:22:10.9216286Z  6693 |                  nbLRBphase, conflicts-savedConfl, phase_allotment,
2026-10-08T21:22:10.9218685Z       |                                                    ~~~~~~~~~~~~~~~
2026-10-08T21:22:10.9220737Z       |                                                    |
2026-10-08T21:22:10.9223559Z       |                                                    uint64_t {aka long unsigned int}
2026-10-08T21:22:10.9229602Z src/solver/Solver.cc:6692:73: warning: format ‘%llu’ expects argument of type ‘long long unsigned int’, but argument 5 has type ‘uint64_t’ {aka ‘long unsigned int’} [-Wformat=]
2026-10-08T21:22:10.9235591Z  6692 |           printf("c LRB phase %d: conflicts %llu, phase %llu, starts %llu, UP %llu\n",
2026-10-08T21:22:10.9238367Z       |                                                                      ~~~^
2026-10-08T21:22:10.9240454Z       |                                                                         |
2026-10-08T21:22:10.9244276Z       |                                                                         long long unsigned int
2026-10-08T21:22:10.9246629Z       |                                                                      %lu
2026-10-08T21:22:10.9249343Z  6693 |                  nbLRBphase, conflicts-savedConfl, phase_allotment,
2026-10-08T21:22:10.9252527Z  6694 |                  starts-savedRestarts, propagations-savedUP);
2026-10-08T21:22:10.9254896Z       |                  ~~~~~~~~~~~~~~~~~~~~                                    
2026-10-08T21:22:10.9256832Z       |                        |
2026-10-08T21:22:10.9258517Z       |                        uint64_t {aka long unsigned int}
2026-10-08T21:22:10.9264468Z src/solver/Solver.cc:6692:82: warning: format ‘%llu’ expects argument of type ‘long long unsigned int’, but argument 6 has type ‘uint64_t’ {aka ‘long unsigned int’} [-Wformat=]
2026-10-08T21:22:10.9269329Z  6692 |           printf("c LRB phase %d: conflicts %llu, phase %llu, starts %llu, UP %llu\n",
2026-10-08T21:22:10.9272835Z       |                                                                               ~~~^
2026-10-08T21:22:10.9275072Z       |                                                                                  |
2026-10-08T21:22:10.9277497Z       |                                                                                  long long unsigned int
2026-10-08T21:22:10.9279990Z       |                                                                               %lu
2026-10-08T21:22:10.9283060Z  6693 |                  nbLRBphase, conflicts-savedConfl, phase_allotment,
2026-10-08T21:22:10.9285708Z  6694 |                  starts-savedRestarts, propagations-savedUP);
2026-10-08T21:22:10.9289210Z       |                                        ~~~~~~~~~~~~~~~~~~~~                       
2026-10-08T21:22:10.9291300Z       |                                                    |
2026-10-08T21:22:10.9294108Z       |                                                    uint64_t {aka long unsigned int}
2026-10-08T21:22:10.9299938Z src/solver/Solver.cc:6739:25: warning: format ‘%llu’ expects argument of type ‘long long unsigned int’, but argument 2 has type ‘uint64_t’ {aka ‘long unsigned int’} [-Wformat=]
2026-10-08T21:22:10.9306257Z  6739 |         printf("c UB=%llu fails, cnfls=%llu, hcnfls=%llu, core %d, tier2 %d, local %d, quasiC: %llu (fixed: %llu)\n",
2026-10-08T21:22:10.9309299Z       |                      ~~~^
2026-10-08T21:22:10.9310837Z       |                         |
2026-10-08T21:22:10.9313203Z       |                         long long unsigned int
2026-10-08T21:22:10.9315023Z       |                      %lu
2026-10-08T21:22:10.9318907Z  6740 |                UB, conflicts, conflicts-softConflicts, learnts_core.size(), learnts_tier2.size(), learnts_local.size(), quasiSoftConflicts, fixedByQuasiConfl);
2026-10-08T21:22:10.9323681Z       |                ~~        
2026-10-08T21:22:10.9325167Z       |                |
2026-10-08T21:22:10.9327755Z       |                uint64_t {aka long unsigned int}
2026-10-08T21:22:10.9333933Z src/solver/Solver.cc:6739:43: warning: format ‘%llu’ expects argument of type ‘long long unsigned int’, but argument 3 has type ‘uint64_t’ {aka ‘long unsigned int’} [-Wformat=]
2026-10-08T21:22:10.9339659Z  6739 |         printf("c UB=%llu fails, cnfls=%llu, hcnfls=%llu, core %d, tier2 %d, local %d, quasiC: %llu (fixed: %llu)\n",
2026-10-08T21:22:10.9343392Z       |                                        ~~~^
2026-10-08T21:22:10.9345182Z       |                                           |
2026-10-08T21:22:10.9347137Z       |                                           long long unsigned int
2026-10-08T21:22:10.9349506Z       |                                        %lu
2026-10-08T21:22:10.9354414Z  6740 |                UB, conflicts, conflicts-softConflicts, learnts_core.size(), learnts_tier2.size(), learnts_local.size(), quasiSoftConflicts, fixedByQuasiConfl);
2026-10-08T21:22:10.9358543Z       |                    ~~~~~~~~~               
2026-10-08T21:22:10.9360275Z       |                    |
2026-10-08T21:22:10.9362532Z       |                    uint64_t {aka long unsigned int}
2026-10-08T21:22:10.9367971Z src/solver/Solver.cc:6739:56: warning: format ‘%llu’ expects argument of type ‘long long unsigned int’, but argument 4 has type ‘uint64_t’ {aka ‘long unsigned int’} [-Wformat=]
2026-10-08T21:22:10.9374369Z  6739 |         printf("c UB=%llu fails, cnfls=%llu, hcnfls=%llu, core %d, tier2 %d, local %d, quasiC: %llu (fixed: %llu)\n",
2026-10-08T21:22:10.9377540Z       |                                                     ~~~^
2026-10-08T21:22:10.9379507Z       |                                                        |
2026-10-08T21:22:10.9381614Z       |                                                        long long unsigned int
2026-10-08T21:22:10.9384443Z       |                                                     %lu
2026-10-08T21:22:10.9388794Z  6740 |                UB, conflicts, conflicts-softConflicts, learnts_core.size(), learnts_tier2.size(), learnts_local.size(), quasiSoftConflicts, fixedByQuasiConfl);
2026-10-08T21:22:10.9393682Z       |                               ~~~~~~~~~~~~~~~~~~~~~~~   
2026-10-08T21:22:10.9395527Z       |                                        |
2026-10-08T21:22:10.9397543Z       |                                        uint64_t {aka long unsigned int}
2026-10-08T21:22:10.9403658Z src/solver/Solver.cc:6739:99: warning: format ‘%llu’ expects argument of type ‘long long unsigned int’, but argument 8 has type ‘uint64_t’ {aka ‘long unsigned int’} [-Wformat=]
2026-10-08T21:22:10.9409319Z  6739 |         printf("c UB=%llu fails, cnfls=%llu, hcnfls=%llu, core %d, tier2 %d, local %d, quasiC: %llu (fixed: %llu)\n",
2026-10-08T21:22:10.9414501Z       |                                                                                                ~~~^
2026-10-08T21:22:10.9417052Z       |                                                                                                   |
2026-10-08T21:22:10.9419791Z       |                                                                                                   long long unsigned int
2026-10-08T21:22:10.9423186Z       |                                                                                                %lu
2026-10-08T21:22:10.9427658Z  6740 |                UB, conflicts, conflicts-softConflicts, learnts_core.size(), learnts_tier2.size(), learnts_local.size(), quasiSoftConflicts, fixedByQuasiConfl);
2026-10-08T21:22:10.9433145Z       |                                                                                                                         ~~~~~~~~~~~~~~~~~~
2026-10-08T21:22:10.9436114Z       |                                                                                                                         |
2026-10-08T21:22:10.9439228Z       |                                                                                                                         uint64_t {aka long unsigned int}
2026-10-08T21:22:10.9447255Z src/solver/Solver.cc:6739:112: warning: format ‘%llu’ expects argument of type ‘long long unsigned int’, but argument 9 has type ‘uint64_t’ {aka ‘long unsigned int’} [-Wformat=]
2026-10-08T21:22:10.9454027Z  6739 |         printf("c UB=%llu fails, cnfls=%llu, hcnfls=%llu, core %d, tier2 %d, local %d, quasiC: %llu (fixed: %llu)\n",
2026-10-08T21:22:10.9457647Z       |                                                                                                             ~~~^
2026-10-08T21:22:10.9460389Z       |                                                                                                                |
2026-10-08T21:22:10.9463836Z       |                                                                                                                long long unsigned int
2026-10-08T21:22:10.9466840Z       |                                                                                                             %lu
2026-10-08T21:22:10.9471583Z  6740 |                UB, conflicts, conflicts-softConflicts, learnts_core.size(), learnts_tier2.size(), learnts_local.size(), quasiSoftConflicts, fixedByQuasiConfl);
2026-10-08T21:22:10.9477081Z       |                                                                                                                                             ~~~~~~~~~~~~~~~~~
2026-10-08T21:22:10.9480317Z       |                                                                                                                                             |
2026-10-08T21:22:10.9484313Z       |                                                                                                                                             uint64_t {aka long unsigned int}
2026-10-08T21:22:10.9490586Z src/solver/Solver.cc:6741:72: warning: format ‘%llu’ expects argument of type ‘long long unsigned int’, but argument 5 has type ‘uint64_t’ {aka ‘long unsigned int’} [-Wformat=]
2026-10-08T21:22:10.9497991Z  6741 |         printf("c prunedLB %4.2f, dev %4.2f, succRate %4.2f, nbSucc %llu, nbHardens %d (fixed %llu), lk: %llu, shorten: %llu, pureSo %d, nbFlyRd %d, nbFixedLH %llu\n",
2026-10-08T21:22:10.9502752Z       |                                                                     ~~~^
2026-10-08T21:22:10.9504946Z       |                                                                        |
2026-10-08T21:22:10.9507284Z       |                                                                        long long unsigned int
2026-10-08T21:22:10.9509649Z       |                                                                     %lu
2026-10-08T21:22:10.9511713Z  6742 |                meanLB, dev, succRate,
2026-10-08T21:22:10.9516763Z  6743 |                nbLKsuccess-savednbLKsuccess, nbHardens, fixedByHardens, LOOKAHEAD-savedLOOKAHEAD, nbSavedLits, pureSoftConfl, nbFlyReduced, nbFixedByLH);
2026-10-08T21:22:10.9523034Z       |                ~~~~~~~~~~~~~~~~~~~~~~~~~~~~                             
2026-10-08T21:22:10.9525067Z       |                           |
2026-10-08T21:22:10.9526880Z       |                           uint64_t {aka long unsigned int}
2026-10-08T21:22:10.9533480Z src/solver/Solver.cc:6741:98: warning: format ‘%llu’ expects argument of type ‘long long unsigned int’, but argument 7 has type ‘uint64_t’ {aka ‘long unsigned int’} [-Wformat=]
2026-10-08T21:22:10.9540108Z  6741 |         printf("c prunedLB %4.2f, dev %4.2f, succRate %4.2f, nbSucc %llu, nbHardens %d (fixed %llu), lk: %llu, shorten: %llu, pureSo %d, nbFlyRd %d, nbFixedLH %llu\n",
2026-10-08T21:22:10.9545151Z       |                                                                                               ~~~^
2026-10-08T21:22:10.9547653Z       |                                                                                                  |
2026-10-08T21:22:10.9550779Z       |                                                                                                  long long unsigned int
2026-10-08T21:22:10.9554015Z       |                                                                                               %lu
2026-10-08T21:22:10.9557250Z  6742 |                meanLB, dev, succRate,
2026-10-08T21:22:10.9561578Z  6743 |                nbLKsuccess-savednbLKsuccess, nbHardens, fixedByHardens, LOOKAHEAD-savedLOOKAHEAD, nbSavedLits, pureSoftConfl, nbFlyReduced, nbFixedByLH);
2026-10-08T21:22:10.9567055Z       |                                                         ~~~~~~~~~~~~~~                            
2026-10-08T21:22:10.9569363Z       |                                                         |
2026-10-08T21:22:10.9571597Z       |                                                         uint64_t {aka long unsigned int}
2026-10-08T21:22:10.9577877Z src/solver/Solver.cc:6741:109: warning: format ‘%llu’ expects argument of type ‘long long unsigned int’, but argument 8 has type ‘uint64_t’ {aka ‘long unsigned int’} [-Wformat=]
2026-10-08T21:22:10.9585160Z  6741 |         printf("c prunedLB %4.2f, dev %4.2f, succRate %4.2f, nbSucc %llu, nbHardens %d (fixed %llu), lk: %llu, shorten: %llu, pureSo %d, nbFlyRd %d, nbFixedLH %llu\n",
2026-10-08T21:22:10.9589661Z       |                                                                                                          ~~~^
2026-10-08T21:22:10.9593032Z       |                                                                                                             |
2026-10-08T21:22:10.9595960Z       |                                                                                                             long long unsigned int
2026-10-08T21:22:10.9598805Z       |                                                                                                          %lu
2026-10-08T21:22:10.9601103Z  6742 |                meanLB, dev, succRate,
2026-10-08T21:22:10.9605918Z  6743 |                nbLKsuccess-savednbLKsuccess, nbHardens, fixedByHardens, LOOKAHEAD-savedLOOKAHEAD, nbSavedLits, pureSoftConfl, nbFlyReduced, nbFixedByLH);
2026-10-08T21:22:10.9610774Z       |                                                                         ~~~~~~~~~~~~~~~~~~~~~~~~             
2026-10-08T21:22:10.9614251Z       |                                                                                  |
2026-10-08T21:22:10.9616893Z       |                                                                                  uint64_t {aka long unsigned int}
2026-10-08T21:22:10.9623226Z src/solver/Solver.cc:6741:124: warning: format ‘%llu’ expects argument of type ‘long long unsigned int’, but argument 9 has type ‘uint64_t’ {aka ‘long unsigned int’} [-Wformat=]
2026-10-08T21:22:10.9629800Z  6741 |         printf("c prunedLB %4.2f, dev %4.2f, succRate %4.2f, nbSucc %llu, nbHardens %d (fixed %llu), lk: %llu, shorten: %llu, pureSo %d, nbFlyRd %d, nbFixedLH %llu\n",
2026-10-08T21:22:10.9634955Z       |                                                                                                                         ~~~^
2026-10-08T21:22:10.9638932Z       |                                                                                                                            |
2026-10-08T21:22:10.9642743Z       |                                                                                                                            long long unsigned int
2026-10-08T21:22:10.9645895Z       |                                                                                                                         %lu
2026-10-08T21:22:10.9648623Z  6742 |                meanLB, dev, succRate,
2026-10-08T21:22:10.9653482Z  6743 |                nbLKsuccess-savednbLKsuccess, nbHardens, fixedByHardens, LOOKAHEAD-savedLOOKAHEAD, nbSavedLits, pureSoftConfl, nbFlyReduced, nbFixedByLH);
2026-10-08T21:22:10.9658349Z       |                                                                                                   ~~~~~~~~~~~               
2026-10-08T21:22:10.9661142Z       |                                                                                                   |
2026-10-08T21:22:10.9665537Z       |                                                                                                   uint64_t {aka long unsigned int}
2026-10-08T21:22:10.9671682Z src/solver/Solver.cc:6741:163: warning: format ‘%llu’ expects argument of type ‘long long unsigned int’, but argument 12 has type ‘uint64_t’ {aka ‘long unsigned int’} [-Wformat=]
2026-10-08T21:22:10.9678593Z  6741 |         printf("c prunedLB %4.2f, dev %4.2f, succRate %4.2f, nbSucc %llu, nbHardens %d (fixed %llu), lk: %llu, shorten: %llu, pureSo %d, nbFlyRd %d, nbFixedLH %llu\n",
2026-10-08T21:22:10.9683933Z       |                                                                                                                                                                ~~~^
2026-10-08T21:22:10.9687313Z       |                                                                                                                                                                   |
2026-10-08T21:22:10.9691026Z       |                                                                                                                                                                   long long unsigned int
2026-10-08T21:22:10.9695316Z       |                                                                                                                                                                %lu
2026-10-08T21:22:10.9697962Z  6742 |                meanLB, dev, succRate,
2026-10-08T21:22:10.9702781Z  6743 |                nbLKsuccess-savednbLKsuccess, nbHardens, fixedByHardens, LOOKAHEAD-savedLOOKAHEAD, nbSavedLits, pureSoftConfl, nbFlyReduced, nbFixedByLH);
2026-10-08T21:22:10.9707630Z       |                                                                                                                                             ~~~~~~~~~~~            
2026-10-08T21:22:10.9710881Z       |                                                                                                                                             |
2026-10-08T21:22:10.9714980Z       |                                                                                                                                             uint64_t {aka long unsigned int}
2026-10-08T21:22:10.9721360Z src/solver/Solver.cc:6769:25: warning: format ‘%llu’ expects argument of type ‘long long unsigned int’, but argument 2 has type ‘uint64_t’ {aka ‘long unsigned int’} [-Wformat=]
2026-10-08T21:22:10.9729493Z  6769 |         printf("c UB=%llu succ, confls=%llu and hconfls=%llu with %d soft clauses unsat (%d at level 0) and %d fixed vars at level 0,  prunedLB %4.2f, dev %4.2f, succRate %4.2f, nbSucc %llu, shortened : %llu\n",
2026-10-08T21:22:10.9734800Z       |                      ~~~^
2026-10-08T21:22:10.9736336Z       |                         |
2026-10-08T21:22:10.9737984Z       |                         long long unsigned int
2026-10-08T21:22:10.9741082Z       |                      %lu
2026-10-08T21:22:10.9744378Z  6770 |                UB, conflicts, conflicts-softConflicts, falseLits.size(), nbFalses, nbFixeds,
2026-10-08T21:22:10.9747087Z       |                ~~        
2026-10-08T21:22:10.9748896Z       |                |
2026-10-08T21:22:10.9750494Z       |                uint64_t {aka long unsigned int}
2026-10-08T21:22:10.9756463Z src/solver/Solver.cc:6769:43: warning: format ‘%llu’ expects argument of type ‘long long unsigned int’, but argument 3 has type ‘uint64_t’ {aka ‘long unsigned int’} [-Wformat=]
2026-10-08T21:22:10.9764507Z  6769 |         printf("c UB=%llu succ, confls=%llu and hconfls=%llu with %d soft clauses unsat (%d at level 0) and %d fixed vars at level 0,  prunedLB %4.2f, dev %4.2f, succRate %4.2f, nbSucc %llu, shortened : %llu\n",
2026-10-08T21:22:10.9769264Z       |                                        ~~~^
2026-10-08T21:22:10.9771021Z       |                                           |
2026-10-08T21:22:10.9773695Z       |                                           long long unsigned int
2026-10-08T21:22:10.9775692Z       |                                        %lu
2026-10-08T21:22:10.9779474Z  6770 |                UB, conflicts, conflicts-softConflicts, falseLits.size(), nbFalses, nbFixeds,
2026-10-08T21:22:10.9782858Z       |                    ~~~~~~~~~               
2026-10-08T21:22:10.9784541Z       |                    |
2026-10-08T21:22:10.9786180Z       |                    uint64_t {aka long unsigned int}
2026-10-08T21:22:10.9791584Z src/solver/Solver.cc:6769:60: warning: format ‘%llu’ expects argument of type ‘long long unsigned int’, but argument 4 has type ‘uint64_t’ {aka ‘long unsigned int’} [-Wformat=]
2026-10-08T21:22:10.9799715Z  6769 |         printf("c UB=%llu succ, confls=%llu and hconfls=%llu with %d soft clauses unsat (%d at level 0) and %d fixed vars at level 0,  prunedLB %4.2f, dev %4.2f, succRate %4.2f, nbSucc %llu, shortened : %llu\n",
2026-10-08T21:22:10.9805229Z       |                                                         ~~~^
2026-10-08T21:22:10.9807187Z       |                                                            |
2026-10-08T21:22:10.9809324Z       |                                                            long long unsigned int
2026-10-08T21:22:10.9811578Z       |                                                         %lu
2026-10-08T21:22:10.9815110Z  6770 |                UB, conflicts, conflicts-softConflicts, falseLits.size(), nbFalses, nbFixeds,
2026-10-08T21:22:10.9817931Z       |                               ~~~~~~~~~~~~~~~~~~~~~~~       
2026-10-08T21:22:10.9819804Z       |                                        |
2026-10-08T21:22:10.9821712Z       |                                        uint64_t {aka long unsigned int}
2026-10-08T21:22:10.9828032Z src/solver/Solver.cc:6769:189: warning: format ‘%llu’ expects argument of type ‘long long unsigned int’, but argument 11 has type ‘uint64_t’ {aka ‘long unsigned int’} [-Wformat=]
2026-10-08T21:22:10.9836104Z  6769 |         printf("c UB=%llu succ, confls=%llu and hconfls=%llu with %d soft clauses unsat (%d at level 0) and %d fixed vars at level 0,  prunedLB %4.2f, dev %4.2f, succRate %4.2f, nbSucc %llu, shortened : %llu\n",
2026-10-08T21:22:10.9842576Z       |                                                                                                                                                                                          ~~~^
2026-10-08T21:22:10.9846290Z       |                                                                                                                                                                                             |
2026-10-08T21:22:10.9850626Z       |                                                                                                                                                                                             long long unsigned int
2026-10-08T21:22:10.9855221Z       |                                                                                                                                                                                          %lu
2026-10-08T21:22:10.9860498Z  6770 |                UB, conflicts, conflicts-softConflicts, falseLits.size(), nbFalses, nbFixeds,
2026-10-08T21:22:10.9864382Z  6771 |                meanLB, dev, succRate, nbLKsuccess, nbSavedLits);
2026-10-08T21:22:10.9867487Z       |                                       ~~~~~~~~~~~                                                                                                                                            
2026-10-08T21:22:10.9870256Z       |                                       |
2026-10-08T21:22:10.9872880Z       |                                       uint64_t {aka long unsigned int}
2026-10-08T21:22:10.9878411Z src/solver/Solver.cc:6769:207: warning: format ‘%llu’ expects argument of type ‘long long unsigned int’, but argument 12 has type ‘uint64_t’ {aka ‘long unsigned int’} [-Wformat=]
2026-10-08T21:22:10.9886410Z  6769 |         printf("c UB=%llu succ, confls=%llu and hconfls=%llu with %d soft clauses unsat (%d at level 0) and %d fixed vars at level 0,  prunedLB %4.2f, dev %4.2f, succRate %4.2f, nbSucc %llu, shortened : %llu\n",
2026-10-08T21:22:10.9894097Z       |                                                                                                                                                                                                            ~~~^
2026-10-08T21:22:10.9898153Z       |                                                                                                                                                                                                               |
2026-10-08T21:22:10.9903216Z       |                                                                                                                                                                                                               long long unsigned int
2026-10-08T21:22:10.9907501Z       |                                                                                                                                                                                                            %lu
2026-10-08T21:22:10.9911428Z  6770 |                UB, conflicts, conflicts-softConflicts, falseLits.size(), nbFalses, nbFixeds,
2026-10-08T21:22:10.9915186Z  6771 |                meanLB, dev, succRate, nbLKsuccess, nbSavedLits);
2026-10-08T21:22:10.9918441Z       |                                                    ~~~~~~~~~~~                                                                                                                                                 
2026-10-08T21:22:10.9921502Z       |                                                    |
2026-10-08T21:22:10.9924324Z       |                                                    uint64_t {aka long unsigned int}
2026-10-08T21:22:10.9929944Z src/solver/Solver.cc:6798:17: warning: comparison of integer expressions of different signedness: ‘uint64_t’ {aka ‘long unsigned int’} and ‘int’ [-Wsign-compare]
2026-10-08T21:22:10.9934961Z  6798 |         if (inf > falseLits.size())
2026-10-08T21:22:10.9936691Z       |             ~~~~^~~~~~~~~~~~~~~~~~
2026-10-08T21:22:10.9942639Z src/solver/Solver.cc:6806:34: warning: format ‘%llu’ expects argument of type ‘long long unsigned int’, but argument 2 has type ‘uint64_t’ {aka ‘long unsigned int’} [-Wformat=]
2026-10-08T21:22:10.9947616Z  6806 |       else printf("c error UB %llu, inf %llu, sup %llu\n", UB, inf, sup);
2026-10-08T21:22:10.9950549Z       |                               ~~~^                         ~~
2026-10-08T21:22:10.9953125Z       |                                  |                         |
2026-10-08T21:22:10.9955540Z       |                                  long long unsigned int    uint64_t {aka long unsigned int}
2026-10-08T21:22:10.9957865Z       |                               %lu
2026-10-08T21:22:10.9963842Z src/solver/Solver.cc:6806:44: warning: format ‘%llu’ expects argument of type ‘long long unsigned int’, but argument 3 has type ‘uint64_t’ {aka ‘long unsigned int’} [-Wformat=]
2026-10-08T21:22:10.9970043Z  6806 |       else printf("c error UB %llu, inf %llu, sup %llu\n", UB, inf, sup);
2026-10-08T21:22:10.9973208Z       |                                         ~~~^                   ~~~
2026-10-08T21:22:10.9975265Z       |                                            |                   |
2026-10-08T21:22:10.9977578Z       |                                            |                   uint64_t {aka long unsigned int}
2026-10-08T21:22:10.9980011Z       |                                            long long unsigned int
2026-10-08T21:22:10.9982609Z       |                                         %lu
2026-10-08T21:22:10.9987889Z src/solver/Solver.cc:6806:54: warning: format ‘%llu’ expects argument of type ‘long long unsigned int’, but argument 4 has type ‘uint64_t’ {aka ‘long unsigned int’} [-Wformat=]
2026-10-08T21:22:10.9993466Z  6806 |       else printf("c error UB %llu, inf %llu, sup %llu\n", UB, inf, sup);
2026-10-08T21:22:10.9996054Z       |                                                   ~~~^              ~~~
2026-10-08T21:22:10.9998173Z       |                                                      |              |
2026-10-08T21:22:11.0001668Z       |                                                      |              uint64_t {aka long unsigned int}
2026-10-08T21:22:11.0004947Z       |                                                      long long unsigned int
2026-10-08T21:22:11.0007037Z       |                                                   %lu
2026-10-08T21:22:11.0013112Z src/solver/Solver.cc:6828:57: warning: format ‘%llu’ expects argument of type ‘long long unsigned int’, but argument 2 has type ‘uint64_t’ {aka ‘long unsigned int’} [-Wformat=]
2026-10-08T21:22:11.0018442Z  6828 |       printf("c no feasible solution, hardConflicts: %llu\n", conflicts - softConflicts);
2026-10-08T21:22:11.0021550Z       |                                                      ~~~^     ~~~~~~~~~~~~~~~~~~~~~~~~~
2026-10-08T21:22:11.0024521Z       |                                                         |               |
2026-10-08T21:22:11.0026957Z       |                                                         |               uint64_t {aka long unsigned int}
2026-10-08T21:22:11.0029523Z       |                                                         long long unsigned int
2026-10-08T21:22:11.0031695Z       |                                                      %lu
2026-10-08T21:22:11.0037955Z src/solver/Solver.cc:6831:30: warning: format ‘%llu’ expects argument of type ‘long long unsigned int’, but argument 2 has type ‘uint64_t’ {aka ‘long unsigned int’} [-Wformat=]
2026-10-08T21:22:11.0044883Z  6831 |       printf("c initCost: %llu, fixedBySearch: %llu, optimal: %llu, maxsat: %llu, hardConflicts: %llu\n",
2026-10-08T21:22:11.0049799Z       |                           ~~~^
2026-10-08T21:22:11.0128254Z       |                              |
2026-10-08T21:22:11.0130524Z       |                              long long unsigned int
2026-10-08T21:22:11.0133250Z       |                           %lu
2026-10-08T21:22:11.0135137Z  6832 |              solutionCost, fixedCostBySearch,
2026-10-08T21:22:11.0136924Z       |              ~~~~~~~~~~~~     
2026-10-08T21:22:11.0138454Z       |              |
2026-10-08T21:22:11.0140026Z       |              uint64_t {aka long unsigned int}
2026-10-08T21:22:11.0147219Z src/solver/Solver.cc:6831:51: warning: format ‘%llu’ expects argument of type ‘long long unsigned int’, but argument 3 has type ‘uint64_t’ {aka ‘long unsigned int’} [-Wformat=]
2026-10-08T21:22:11.0153790Z  6831 |       printf("c initCost: %llu, fixedBySearch: %llu, optimal: %llu, maxsat: %llu, hardConflicts: %llu\n",
2026-10-08T21:22:11.0156622Z       |                                                ~~~^
2026-10-08T21:22:11.0158417Z       |                                                   |
2026-10-08T21:22:11.0160318Z       |                                                   long long unsigned int
2026-10-08T21:22:11.0164533Z       |                                                %lu
2026-10-08T21:22:11.0166368Z  6832 |              solutionCost, fixedCostBySearch,
2026-10-08T21:22:11.0168178Z       |                            ~~~~~~~~~~~~~~~~~       
2026-10-08T21:22:11.0169874Z       |                            |
2026-10-08T21:22:11.0171579Z       |                            uint64_t {aka long unsigned int}
2026-10-08T21:22:11.0178397Z src/solver/Solver.cc:6831:66: warning: format ‘%llu’ expects argument of type ‘long long unsigned int’, but argument 4 has type ‘uint64_t’ {aka ‘long unsigned int’} [-Wformat=]
2026-10-08T21:22:11.0184646Z  6831 |       printf("c initCost: %llu, fixedBySearch: %llu, optimal: %llu, maxsat: %llu, hardConflicts: %llu\n",
2026-10-08T21:22:11.0187785Z       |                                                               ~~~^
2026-10-08T21:22:11.0189887Z       |                                                                  |
2026-10-08T21:22:11.0192750Z       |                                                                  long long unsigned int
2026-10-08T21:22:11.0195087Z       |                                                               %lu
2026-10-08T21:22:11.0197171Z  6832 |              solutionCost, fixedCostBySearch,
2026-10-08T21:22:11.0200380Z  6833 |              lastOptimalCost,
2026-10-08T21:22:11.0203337Z       |              ~~~~~~~~~~~~~~~                                      
2026-10-08T21:22:11.0205236Z       |              |
2026-10-08T21:22:11.0206744Z       |              uint64_t {aka long unsigned int}
2026-10-08T21:22:11.0213030Z src/solver/Solver.cc:6831:80: warning: format ‘%llu’ expects argument of type ‘long long unsigned int’, but argument 5 has type ‘uint64_t’ {aka ‘long unsigned int’} [-Wformat=]
2026-10-08T21:22:11.0218365Z  6831 |       printf("c initCost: %llu, fixedBySearch: %llu, optimal: %llu, maxsat: %llu, hardConflicts: %llu\n",
2026-10-08T21:22:11.0221634Z       |                                                                             ~~~^
2026-10-08T21:22:11.0224770Z       |                                                                                |
2026-10-08T21:22:11.0227235Z       |                                                                                long long unsigned int
2026-10-08T21:22:11.0229700Z       |                                                                             %lu
2026-10-08T21:22:11.0231657Z ......
2026-10-08T21:22:11.0234597Z  6834 |              objForSearch-sup + nbSatLits, conflicts - softConflicts);
2026-10-08T21:22:11.0237343Z       |              ~~~~~~~~~~~~~~~~~~~~~~~~~~~~                                       
2026-10-08T21:22:11.0239409Z       |                               |
2026-10-08T21:22:11.0241241Z       |                               uint64_t {aka long unsigned int}
2026-10-08T21:22:11.0247537Z src/solver/Solver.cc:6831:101: warning: format ‘%llu’ expects argument of type ‘long long unsigned int’, but argument 6 has type ‘uint64_t’ {aka ‘long unsigned int’} [-Wformat=]
2026-10-08T21:22:11.0254308Z  6831 |       printf("c initCost: %llu, fixedBySearch: %llu, optimal: %llu, maxsat: %llu, hardConflicts: %llu\n",
2026-10-08T21:22:11.0257604Z       |                                                                                                  ~~~^
2026-10-08T21:22:11.0260146Z       |                                                                                                     |
2026-10-08T21:22:11.0264052Z       |                                                                                                     long long unsigned int
2026-10-08T21:22:11.0266741Z       |                                                                                                  %lu
2026-10-08T21:22:11.0268728Z ......
2026-10-08T21:22:11.0270512Z  6834 |              objForSearch-sup + nbSatLits, conflicts - softConflicts);
2026-10-08T21:22:11.0273849Z       |                                            ~~~~~~~~~~~~~~~~~~~~~~~~~                                 
2026-10-08T21:22:11.0277546Z       |                                                      |
2026-10-08T21:22:11.0279664Z       |                                                      uint64_t {aka long unsigned int}
2026-10-08T21:22:11.0286047Z src/solver/Solver.cc:6836:24: warning: format ‘%llu’ expects argument of type ‘long long unsigned int’, but argument 2 has type ‘uint64_t’ {aka ‘long unsigned int’} [-Wformat=]
2026-10-08T21:22:11.0293057Z  6836 |     printf("c nbLK: %llu, nbSuccLK: %llu(%4.2f%%), nbLKup: %llu(%4.2f%%), hardens %u (fixed %llu), dynVars %d, shorten: %llu\n",
2026-10-08T21:22:11.0296285Z       |                     ~~~^
2026-10-08T21:22:11.0297729Z       |                        |
2026-10-08T21:22:11.0299362Z       |                        long long unsigned int
2026-10-08T21:22:11.0301152Z       |                     %lu
2026-10-08T21:22:11.0303996Z  6837 |            LOOKAHEAD, nbLKsuccess, 100.0*nbLKsuccess/LOOKAHEAD, lk_propagations,
2026-10-08T21:22:11.0306311Z       |            ~~~~~~~~~    
2026-10-08T21:22:11.0307757Z       |            |
2026-10-08T21:22:11.0309161Z       |            uint64_t {aka long unsigned int}
2026-10-08T21:22:11.0317014Z src/solver/Solver.cc:6836:40: warning: format ‘%llu’ expects argument of type ‘long long unsigned int’, but argument 3 has type ‘uint64_t’ {aka ‘long unsigned int’} [-Wformat=]
2026-10-08T21:22:11.0324089Z  6836 |     printf("c nbLK: %llu, nbSuccLK: %llu(%4.2f%%), nbLKup: %llu(%4.2f%%), hardens %u (fixed %llu), dynVars %d, shorten: %llu\n",
2026-10-08T21:22:11.0327261Z       |                                     ~~~^
2026-10-08T21:22:11.0329025Z       |                                        |
2026-10-08T21:22:11.0330945Z       |                                        long long unsigned int
2026-10-08T21:22:11.0333593Z       |                                     %lu
2026-10-08T21:22:11.0336152Z  6837 |            LOOKAHEAD, nbLKsuccess, 100.0*nbLKsuccess/LOOKAHEAD, lk_propagations,
2026-10-08T21:22:11.0338654Z       |                       ~~~~~~~~~~~       
2026-10-08T21:22:11.0340375Z       |                       |
2026-10-08T21:22:11.0342703Z       |                       uint64_t {aka long unsigned int}
2026-10-08T21:22:11.0348209Z src/solver/Solver.cc:6836:63: warning: format ‘%llu’ expects argument of type ‘long long unsigned int’, but argument 5 has type ‘uint64_t’ {aka ‘long unsigned int’} [-Wformat=]
2026-10-08T21:22:11.0355846Z  6836 |     printf("c nbLK: %llu, nbSuccLK: %llu(%4.2f%%), nbLKup: %llu(%4.2f%%), hardens %u (fixed %llu), dynVars %d, shorten: %llu\n",
2026-10-08T21:22:11.0359209Z       |                                                            ~~~^
2026-10-08T21:22:11.0361236Z       |                                                               |
2026-10-08T21:22:11.0364130Z       |                                                               long long unsigned int
2026-10-08T21:22:11.0366376Z       |                                                            %lu
2026-10-08T21:22:11.0369123Z  6837 |            LOOKAHEAD, nbLKsuccess, 100.0*nbLKsuccess/LOOKAHEAD, lk_propagations,
2026-10-08T21:22:11.0372540Z       |                                                                 ~~~~~~~~~~~~~~~
2026-10-08T21:22:11.0374713Z       |                                                                 |
2026-10-08T21:22:11.0377051Z       |                                                                 uint64_t {aka long unsigned int}
2026-10-08T21:22:11.0383934Z src/solver/Solver.cc:6836:96: warning: format ‘%llu’ expects argument of type ‘long long unsigned int’, but argument 8 has type ‘uint64_t’ {aka ‘long unsigned int’} [-Wformat=]
2026-10-08T21:22:11.0389677Z  6836 |     printf("c nbLK: %llu, nbSuccLK: %llu(%4.2f%%), nbLKup: %llu(%4.2f%%), hardens %u (fixed %llu), dynVars %d, shorten: %llu\n",
2026-10-08T21:22:11.0393901Z       |                                                                                             ~~~^
2026-10-08T21:22:11.0396423Z       |                                                                                                |
2026-10-08T21:22:11.0400499Z       |                                                                                                long long unsigned int
2026-10-08T21:22:11.0403891Z       |                                                                                             %lu
2026-10-08T21:22:11.0406837Z  6837 |            LOOKAHEAD, nbLKsuccess, 100.0*nbLKsuccess/LOOKAHEAD, lk_propagations,
2026-10-08T21:22:11.0410926Z  6838 |            100.0*lk_propagations/propagations, nbHardens, fixedByHardens, nVars()-staticNbVars, nbSavedLits);
2026-10-08T21:22:11.0415445Z       |                                                           ~~~~~~~~~~~~~~                        
2026-10-08T21:22:11.0417627Z       |                                                           |
2026-10-08T21:22:11.0419917Z       |                                                           uint64_t {aka long unsigned int}
2026-10-08T21:22:11.0426564Z src/solver/Solver.cc:6836:124: warning: format ‘%llu’ expects argument of type ‘long long unsigned int’, but argument 10 has type ‘uint64_t’ {aka ‘long unsigned int’} [-Wformat=]
2026-10-08T21:22:11.0433180Z  6836 |     printf("c nbLK: %llu, nbSuccLK: %llu(%4.2f%%), nbLKup: %llu(%4.2f%%), hardens %u (fixed %llu), dynVars %d, shorten: %llu\n",
2026-10-08T21:22:11.0438193Z       |                                                                                                                         ~~~^
2026-10-08T21:22:11.0441114Z       |                                                                                                                            |
2026-10-08T21:22:11.0445128Z       |                                                                                                                            long long unsigned int
2026-10-08T21:22:11.0448244Z       |                                                                                                                         %lu
2026-10-08T21:22:11.0452378Z  6837 |            LOOKAHEAD, nbLKsuccess, 100.0*nbLKsuccess/LOOKAHEAD, lk_propagations,
2026-10-08T21:22:11.0456455Z  6838 |            100.0*lk_propagations/propagations, nbHardens, fixedByHardens, nVars()-staticNbVars, nbSavedLits);
2026-10-08T21:22:11.0460205Z       |                                                                                                 ~~~~~~~~~~~                 
2026-10-08T21:22:11.0463460Z       |                                                                                                 |
2026-10-08T21:22:11.0465986Z       |                                                                                                 uint64_t {aka long unsigned int}
2026-10-08T21:22:11.1745022Z In file included from src/solver/mtl/Sort.h:24,
2026-10-08T21:22:11.1763709Z                  from src/solver/Solver.cc:106:
2026-10-08T21:22:11.1769396Z src/solver/mtl/Vec.h: In instantiation of ‘void Minisat::vec<T>::capacity(int) [with T = Minisat::vec<Minisat::Solver::Watcher>]’:
2026-10-08T21:22:11.1776159Z src/solver/mtl/Vec.h:115:13:   required from ‘void Minisat::vec<T>::growTo(int) [with T = Minisat::vec<Minisat::Solver::Watcher>]’
2026-10-08T21:22:11.1787004Z src/solver/SolverTypes.h:339:50:   required from ‘void Minisat::OccLists<Idx, Vec, Deleted>::init(const Idx&) [with Idx = Minisat::Lit; Vec = Minisat::vec<Minisat::Solver::Watcher>; Deleted = Minisat::Solver::WatcherDeleted]’
2026-10-08T21:22:11.1794479Z src/solver/Solver.cc:1272:21:   required from here
2026-10-08T21:22:11.1801445Z src/solver/mtl/Vec.h:99:54: warning: ‘void* realloc(void*, size_t)’ moving an object of non-trivially copyable type ‘class Minisat::vec<Minisat::Solver::Watcher>’; use ‘new’ and ‘delete’ instead [-Wclass-memaccess]
2026-10-08T21:22:11.1808805Z    99 |     if (add > INT_MAX - cap || ((data = (T*)::realloc(data, (cap += add) * sizeof(T))) == NULL) && errno == ENOMEM)
2026-10-08T21:22:11.1812765Z       |                                             ~~~~~~~~~^~~~~~~~~~~~~~~~~~~~~~~~~~~~~~~~
2026-10-08T21:22:11.1816710Z src/solver/mtl/Vec.h:38:7: note: ‘class Minisat::vec<Minisat::Solver::Watcher>’ declared here
2026-10-08T21:22:11.1820977Z    38 | class vec {
2026-10-08T21:22:11.1823779Z       |       ^~~
2026-10-08T21:22:11.1827486Z src/solver/mtl/Vec.h: In instantiation of ‘void Minisat::vec<T>::capacity(int) [with T = Minisat::vec<Minisat::Lit>]’:
2026-10-08T21:22:11.1833604Z src/solver/mtl/Vec.h:115:13:   required from ‘void Minisat::vec<T>::growTo(int) [with T = Minisat::vec<Minisat::Lit>]’
2026-10-08T21:22:11.1839655Z src/solver/Solver.h:72:50:   required from ‘void Minisat::vec2<Idx, Vec>::init(const Idx&) [with Idx = Minisat::Lit; Vec = Minisat::vec<Minisat::Lit>]’
2026-10-08T21:22:11.1844257Z src/solver/Solver.cc:1312:22:   required from here
2026-10-08T21:22:11.1850619Z src/solver/mtl/Vec.h:99:54: warning: ‘void* realloc(void*, size_t)’ moving an object of non-trivially copyable type ‘class Minisat::vec<Minisat::Lit>’; use ‘new’ and ‘delete’ instead [-Wclass-memaccess]
2026-10-08T21:22:11.1858202Z    99 |     if (add > INT_MAX - cap || ((data = (T*)::realloc(data, (cap += add) * sizeof(T))) == NULL) && errno == ENOMEM)
2026-10-08T21:22:11.1861505Z       |                                             ~~~~~~~~~^~~~~~~~~~~~~~~~~~~~~~~~~~~~~~~~
2026-10-08T21:22:11.1866082Z src/solver/mtl/Vec.h:38:7: note: ‘class Minisat::vec<Minisat::Lit>’ declared here
2026-10-08T21:22:11.1869633Z    38 | class vec {
2026-10-08T21:22:11.1870902Z       |       ^~~
2026-10-08T21:22:11.1874874Z src/solver/mtl/Vec.h: In instantiation of ‘void Minisat::vec<T>::capacity(int) [with T = Minisat::vec<int>]’:
2026-10-08T21:22:11.1879722Z src/solver/mtl/Vec.h:115:13:   required from ‘void Minisat::vec<T>::growTo(int) [with T = Minisat::vec<int>]’
2026-10-08T21:22:11.1886239Z src/solver/Solver.h:72:50:   required from ‘void Minisat::vec2<Idx, Vec>::init(const Idx&) [with Idx = int; Vec = Minisat::vec<int>]’
2026-10-08T21:22:11.1889842Z src/solver/Solver.cc:4250:13:   required from here
2026-10-08T21:22:11.1896706Z src/solver/mtl/Vec.h:99:54: warning: ‘void* realloc(void*, size_t)’ moving an object of non-trivially copyable type ‘class Minisat::vec<int>’; use ‘new’ and ‘delete’ instead [-Wclass-memaccess]
2026-10-08T21:22:11.1903147Z    99 |     if (add > INT_MAX - cap || ((data = (T*)::realloc(data, (cap += add) * sizeof(T))) == NULL) && errno == ENOMEM)
2026-10-08T21:22:11.1906409Z       |                                             ~~~~~~~~~^~~~~~~~~~~~~~~~~~~~~~~~~~~~~~~~
2026-10-08T21:22:11.1909680Z src/solver/mtl/Vec.h:38:7: note: ‘class Minisat::vec<int>’ declared here
2026-10-08T21:22:11.1914434Z    38 | class vec {
2026-10-08T21:22:11.1915705Z       |       ^~~
2026-10-08T21:22:11.4135459Z src/solver/Solver.cc: In member function ‘void Minisat::Solver::emitBoundsUpdate()’:
2026-10-08T21:22:11.4142721Z src/solver/Solver.cc:5204:24: warning: ignoring return value of ‘ssize_t write(int, const void*, size_t)’ declared with attribute ‘warn_unused_result’ [-Wunused-result]
2026-10-08T21:22:11.4147308Z  5204 |             (void)write(bounds_pipe_w, buf, (size_t)n);
2026-10-08T21:22:11.4149492Z       |                   ~~~~~^~~~~~~~~~~~~~~~~~~~~~~~~~~~~~~
2026-10-08T21:22:11.4155648Z src/solver/Solver.cc:5210:24: warning: ignoring return value of ‘ssize_t write(int, const void*, size_t)’ declared with attribute ‘warn_unused_result’ [-Wunused-result]
2026-10-08T21:22:11.4160196Z  5210 |             (void)write(bounds_pipe_w, buf, (size_t)n);
2026-10-08T21:22:11.4163148Z       |                   ~~~~~^~~~~~~~~~~~~~~~~~~~~~~~~~~~~~~
2026-10-08T21:22:11.4167277Z src/solver/Solver.cc: In member function ‘void Minisat::Solver::emitTryUpdate(uint64_t)’:
2026-10-08T21:22:11.4173687Z src/solver/Solver.cc:5220:20: warning: ignoring return value of ‘ssize_t write(int, const void*, size_t)’ declared with attribute ‘warn_unused_result’ [-Wunused-result]
2026-10-08T21:22:11.4178249Z  5220 |         (void)write(bounds_pipe_w, buf, (size_t)n);
2026-10-08T21:22:11.4180382Z       |               ~~~~~^~~~~~~~~~~~~~~~~~~~~~~~~~~~~~~
2026-10-08T21:22:24.5088594Z In file included from src/solver/Solver.h:54:
2026-10-08T21:22:24.5095033Z In function ‘Minisat::Lit Minisat::operator~(Lit)’,
2026-10-08T21:22:24.5099843Z     inlined from ‘void Minisat::Solver::analyze(Minisat::CRef, Minisat::vec<Minisat::Lit>&, int&, int&)’ at src/solver/Solver.cc:1757:22:
2026-10-08T21:22:24.5106710Z src/solver/SolverTypes.h:73:64: warning: ‘p.Minisat::Lit::x’ may be used uninitialized [-Wmaybe-uninitialized]
2026-10-08T21:22:24.5110532Z    73 | inline  Lit  operator ~(Lit p)              { Lit q; q.x = p.x ^ 1; return q; }
2026-10-08T21:22:24.5114075Z       |                                                            ~~~~^~~
2026-10-08T21:22:24.5118629Z src/solver/Solver.cc: In member function ‘void Minisat::Solver::analyze(Minisat::CRef, Minisat::vec<Minisat::Lit>&, int&, int&)’:
2026-10-08T21:22:24.5123985Z src/solver/Solver.cc:1671:9: note: ‘p.Minisat::Lit::x’ was declared here
2026-10-08T21:22:24.5126290Z  1671 |     Lit p; //     = lit_Undef;
2026-10-08T21:22:24.5127833Z       |         ^
2026-10-08T21:22:24.9076491Z In function ‘Minisat::Lit Minisat::operator~(Lit)’,
2026-10-08T21:22:24.9081663Z     inlined from ‘void Minisat::Solver::analyzeSoftConflict(Minisat::vec<Minisat::Lit>&, int&, int&)’ at src/solver/Solver.cc:2396:22:
2026-10-08T21:22:24.9090251Z src/solver/SolverTypes.h:73:64: warning: ‘p.Minisat::Lit::x’ may be used uninitialized [-Wmaybe-uninitialized]
2026-10-08T21:22:24.9096428Z    73 | inline  Lit  operator ~(Lit p)              { Lit q; q.x = p.x ^ 1; return q; }
2026-10-08T21:22:24.9099188Z       |                                                            ~~~~^~~
2026-10-08T21:22:24.9104682Z src/solver/Solver.cc: In member function ‘void Minisat::Solver::analyzeSoftConflict(Minisat::vec<Minisat::Lit>&, int&, int&)’:
2026-10-08T21:22:24.9109435Z src/solver/Solver.cc:2193:9: note: ‘p.Minisat::Lit::x’ was declared here
2026-10-08T21:22:24.9111710Z  2193 |     Lit p;
2026-10-08T21:22:24.9113680Z       |         ^
2026-10-08T21:22:25.5431040Z In function ‘Minisat::Lit Minisat::operator~(Lit)’,
2026-10-08T21:22:25.5437100Z     inlined from ‘void Minisat::Solver::analyzeQuasiSoftConflict(Minisat::vec<Minisat::Lit>&, int&, int&)’ at src/solver/Solver.cc:4664:22:
2026-10-08T21:22:25.5444006Z src/solver/SolverTypes.h:73:64: warning: ‘p.Minisat::Lit::x’ may be used uninitialized [-Wmaybe-uninitialized]
2026-10-08T21:22:25.5447936Z    73 | inline  Lit  operator ~(Lit p)              { Lit q; q.x = p.x ^ 1; return q; }
2026-10-08T21:22:25.5450562Z       |                                                            ~~~~^~~
2026-10-08T21:22:25.5457259Z src/solver/Solver.cc: In member function ‘void Minisat::Solver::analyzeQuasiSoftConflict(Minisat::vec<Minisat::Lit>&, int&, int&)’:
2026-10-08T21:22:25.5462944Z src/solver/Solver.cc:4492:9: note: ‘p.Minisat::Lit::x’ was declared here
2026-10-08T21:22:25.5465224Z  4492 |     Lit p;
2026-10-08T21:22:25.5466443Z       |         ^
2026-10-08T21:22:38.3837357Z g++ -Isrc/solver -Wall -Wno-parentheses -O3 -g -D __STDC_LIMIT_MACROS -D __STDC_FORMAT_MACROS -DNDEBUG -o bin/distqldpc src/core/distqldpc.cc build/SimpSolver.o build/Solver.o build/Options.o build/System.o -lz
2026-10-08T21:22:38.3853840Z g++ -Isrc/solver -Wall -Wno-parentheses -O3 -g -D __STDC_LIMIT_MACROS -D __STDC_FORMAT_MACROS -DNDEBUG -o bin/maxcdcl src/solver/Main.cc build/SimpSolver.o build/Solver.o build/Options.o build/System.o -lz
2026-10-08T21:22:38.6088651Z In file included from src/solver/Main.cc:51:
2026-10-08T21:22:38.6093612Z src/solver/utils/Options.h:285:29: warning: invalid suffix on literal; C++11 requires a space between literal and string macro [-Wliteral-suffix]
2026-10-08T21:22:38.6097753Z   285 |             fprintf(stderr, "%4"PRIi64, range.begin);
2026-10-08T21:22:38.6099726Z       |                             ^
2026-10-08T21:22:38.6103944Z src/solver/utils/Options.h:291:29: warning: invalid suffix on literal; C++11 requires a space between literal and string macro [-Wliteral-suffix]
2026-10-08T21:22:38.6108235Z   291 |             fprintf(stderr, "%4"PRIi64, range.end);
2026-10-08T21:22:38.6110156Z       |                             ^
2026-10-08T21:22:38.6115761Z src/solver/utils/Options.h:293:25: warning: invalid suffix on literal; C++11 requires a space between literal and string macro [-Wliteral-suffix]
2026-10-08T21:22:38.6119943Z   293 |         fprintf(stderr, "] (default: %"PRIi64")\n", value);
2026-10-08T21:22:38.6122543Z       |                         ^
2026-10-08T21:22:38.6178622Z src/solver/Main.cc:84:16: warning: invalid suffix on literal; C++11 requires a space between literal and string macro [-Wliteral-suffix]
2026-10-08T21:22:38.6183517Z    84 |         printf("c restarts              : %"PRIu64"\n", solver.starts);
2026-10-08T21:22:38.6185549Z       |                ^
2026-10-08T21:22:38.6188545Z src/solver/Main.cc:85:16: warning: invalid suffix on literal; C++11 requires a space between literal and string macro [-Wliteral-suffix]
2026-10-08T21:22:38.6193939Z    85 |         printf("c conflicts             : %-12"PRIu64"   (%.0f /sec)\n", solver.conflicts, solver.conflicts / cpu_time);
2026-10-08T21:22:38.6196695Z       |                ^
2026-10-08T21:22:38.6199901Z src/solver/Main.cc:86:16: warning: invalid suffix on literal; C++11 requires a space between literal and string macro [-Wliteral-suffix]
2026-10-08T21:22:38.6208469Z    86 |         printf("c decisions             : %-12"PRIu64"   (%4.2f %% random) (%.0f /sec)\n", solver.decisions, (float)solver.rnd_decisions * 100 / (float)solver.decisions, solver.decisions / cpu_time);
2026-10-08T21:22:38.6213517Z       |                ^
2026-10-08T21:22:38.6216657Z src/solver/Main.cc:87:16: warning: invalid suffix on literal; C++11 requires a space between literal and string macro [-Wliteral-suffix]
2026-10-08T21:22:38.6221642Z    87 |         printf("c propagations          : %-12"PRIu64"   (%.0f /sec)\n", solver.propagations, solver.propagations / cpu_time);
2026-10-08T21:22:38.6225299Z       |                ^
2026-10-08T21:22:38.6228513Z src/solver/Main.cc:88:16: warning: invalid suffix on literal; C++11 requires a space between literal and string macro [-Wliteral-suffix]
2026-10-08T21:22:38.6235341Z    88 |         printf("c conflict literals     : %-12"PRIu64"   (%4.2f %% deleted)\n", solver.tot_literals, (solver.max_literals - solver.tot_literals) * 100 / (double)solver.max_literals);
2026-10-08T21:22:38.6239613Z       |                ^
2026-10-08T21:22:38.6243634Z src/solver/Main.cc:93:16: warning: invalid suffix on literal; C++11 requires a space between literal and string macro [-Wliteral-suffix]
2026-10-08T21:22:38.6247969Z    93 |         printf("c s_propagations        : %-12"PRIu64"\n", solver.s_propagations);
2026-10-08T21:22:38.6250403Z       |                ^
2026-10-08T21:22:38.7134876Z In file included from src/solver/Solver.h:53,
2026-10-08T21:22:38.7137262Z                  from src/solver/SimpSolver.h:37,
2026-10-08T21:22:38.7139315Z                  from src/core/distqldpc.cc:40:
2026-10-08T21:22:38.7144035Z src/solver/utils/Options.h:285:29: warning: invalid suffix on literal; C++11 requires a space between literal and string macro [-Wliteral-suffix]
2026-10-08T21:22:38.7148393Z   285 |             fprintf(stderr, "%4"PRIi64, range.begin);
2026-10-08T21:22:38.7150418Z       |                             ^
2026-10-08T21:22:38.7154780Z src/solver/utils/Options.h:291:29: warning: invalid suffix on literal; C++11 requires a space between literal and string macro [-Wliteral-suffix]
2026-10-08T21:22:38.7158954Z   291 |             fprintf(stderr, "%4"PRIi64, range.end);
2026-10-08T21:22:38.7160912Z       |                             ^
2026-10-08T21:22:38.7165183Z src/solver/utils/Options.h:293:25: warning: invalid suffix on literal; C++11 requires a space between literal and string macro [-Wliteral-suffix]
2026-10-08T21:22:38.7169399Z   293 |         fprintf(stderr, "] (default: %"PRIi64")\n", value);
2026-10-08T21:22:38.7171482Z       |                         ^
2026-10-08T21:22:39.0197009Z src/solver/Main.cc: In function ‘void printStats(Minisat::Solver&)’:
2026-10-08T21:22:39.0205218Z src/solver/Main.cc:92:46: warning: format ‘%llu’ expects argument of type ‘long long unsigned int’, but argument 2 has type ‘uint64_t’ {aka ‘long unsigned int’} [-Wformat=]
2026-10-08T21:22:39.0213912Z    92 |         printf("c nbSimplifyAll         : %llu\n", solver.nbSimplifyAll);
2026-10-08T21:22:39.0217959Z       |                                           ~~~^     ~~~~~~~~~~~~~~~~~~~~
2026-10-08T21:22:39.0220406Z       |                                              |            |
2026-10-08T21:22:39.0223542Z       |                                              |            uint64_t {aka long unsigned int}
2026-10-08T21:22:39.0226044Z       |                                              long long unsigned int
2026-10-08T21:22:39.0228207Z       |                                           %lu
2026-10-08T21:22:39.0264304Z src/solver/Main.cc: In function ‘int main(int, char**)’:
2026-10-08T21:22:39.0270839Z src/solver/Main.cc:187:34: warning: format ‘%llu’ expects argument of type ‘long long unsigned int’, but argument 2 has type ‘uint64_t’ {aka ‘long unsigned int’} [-Wformat=]
2026-10-08T21:22:39.0277384Z   187 |         printf("c initial UB: %llu\n", S.initUB);
2026-10-08T21:22:39.0280487Z       |                               ~~~^     ~~~~~~~~
2026-10-08T21:22:39.0283725Z       |                                  |       |
2026-10-08T21:22:39.0287874Z       |                                  |       uint64_t {aka long unsigned int}
2026-10-08T21:22:39.0290924Z       |                                  long long unsigned int
2026-10-08T21:22:39.0294382Z       |                               %lu
2026-10-08T21:22:39.1795226Z src/solver/Main.cc: At global scope:
2026-10-08T21:22:39.1799733Z src/solver/Main.cc:108:13: warning: ‘void SIGINT_exit(int)’ defined but not used [-Wunused-function]
2026-10-08T21:22:39.1803483Z   108 | static void SIGINT_exit(int signum) {
2026-10-08T21:22:39.1805255Z       |             ^~~~~~~~~~~
2026-10-08T21:22:40.0247053Z src/core/distqldpc.cc: In function ‘void pipe_write_result(int, int, bool)’:
2026-10-08T21:22:40.0254050Z src/core/distqldpc.cc:162:20: warning: ignoring return value of ‘ssize_t write(int, const void*, size_t)’ declared with attribute ‘warn_unused_result’ [-Wunused-result]
2026-10-08T21:22:40.0258744Z   162 |         (void)write(pipe_w, buf, (size_t)n);
2026-10-08T21:22:40.0260719Z       |               ~~~~~^~~~~~~~~~~~~~~~~~~~~~~~
2026-10-08T21:22:44.8183019Z make: Leaving directory '/home/runner/work/DistQLDPC/DistQLDPC/baseline'
2026-10-08T21:22:44.8345934Z make: Entering directory '/home/runner/work/DistQLDPC/DistQLDPC/candidate'
2026-10-08T21:22:44.8416380Z g++ -Isrc/solver -Wall -Wno-parentheses -O3 -g -march=x86-64-v2 -D __STDC_LIMIT_MACROS -D __STDC_FORMAT_MACROS -DNDEBUG -c -o build/SimpSolver.o src/solver/SimpSolver.cc
2026-10-08T21:22:44.8426985Z g++ -Isrc/solver -Wall -Wno-parentheses -O3 -g -march=x86-64-v2 -D __STDC_LIMIT_MACROS -D __STDC_FORMAT_MACROS -DNDEBUG -c -o build/Solver.o src/solver/Solver.cc
2026-10-08T21:22:44.8486738Z g++ -Isrc/solver -Wall -Wno-parentheses -O3 -g -march=x86-64-v2 -D __STDC_LIMIT_MACROS -D __STDC_FORMAT_MACROS -DNDEBUG -c -o build/Options.o src/solver/utils/Options.cc
2026-10-08T21:22:44.8516050Z g++ -Isrc/solver -Wall -Wno-parentheses -O3 -g -march=x86-64-v2 -D __STDC_LIMIT_MACROS -D __STDC_FORMAT_MACROS -DNDEBUG -c -o build/System.o src/solver/utils/System.cc
2026-10-08T21:22:45.1375801Z In file included from src/solver/utils/Options.cc:21:
2026-10-08T21:22:45.1416604Z src/solver/utils/Options.h:285:29: warning: invalid suffix on literal; C++11 requires a space between literal and string macro [-Wliteral-suffix]
2026-10-08T21:22:45.1434267Z   285 |             fprintf(stderr, "%4"PRIi64, range.begin);
2026-10-08T21:22:45.1463492Z       |                             ^
2026-10-08T21:22:45.1467932Z src/solver/utils/Options.h:291:29: warning: invalid suffix on literal; C++11 requires a space between literal and string macro [-Wliteral-suffix]
2026-10-08T21:22:45.1504386Z   291 |             fprintf(stderr, "%4"PRIi64, range.end);
2026-10-08T21:22:45.1523555Z       |                             ^
2026-10-08T21:22:45.1555945Z src/solver/utils/Options.h:293:25: warning: invalid suffix on literal; C++11 requires a space between literal and string macro [-Wliteral-suffix]
2026-10-08T21:22:45.1594516Z   293 |         fprintf(stderr, "] (default: %"PRIi64")\n", value);
2026-10-08T21:22:45.1614074Z       |                         ^
2026-10-08T21:22:45.1615955Z In file included from src/solver/Solver.h:53,
2026-10-08T21:22:45.1617890Z                  from src/solver/SimpSolver.h:37,
2026-10-08T21:22:45.1619827Z                  from src/solver/SimpSolver.cc:34:
2026-10-08T21:22:45.1624441Z src/solver/utils/Options.h:285:29: warning: invalid suffix on literal; C++11 requires a space between literal and string macro [-Wliteral-suffix]
2026-10-08T21:22:45.1628587Z   285 |             fprintf(stderr, "%4"PRIi64, range.begin);
2026-10-08T21:22:45.1653577Z       |                             ^
2026-10-08T21:22:45.1685780Z src/solver/utils/Options.h:291:29: warning: invalid suffix on literal; C++11 requires a space between literal and string macro [-Wliteral-suffix]
2026-10-08T21:22:45.1714604Z   291 |             fprintf(stderr, "%4"PRIi64, range.end);
2026-10-08T21:22:45.1743698Z       |                             ^
2026-10-08T21:22:45.1777509Z src/solver/utils/Options.h:293:25: warning: invalid suffix on literal; C++11 requires a space between literal and string macro [-Wliteral-suffix]
2026-10-08T21:22:45.1803964Z   293 |         fprintf(stderr, "] (default: %"PRIi64")\n", value);
2026-10-08T21:22:45.1833609Z       |                         ^
2026-10-08T21:22:45.1863676Z In file included from src/solver/Solver.h:53,
2026-10-08T21:22:45.1893984Z                  from src/solver/Solver.cc:107:
2026-10-08T21:22:45.1926789Z src/solver/utils/Options.h:285:29: warning: invalid suffix on literal; C++11 requires a space between literal and string macro [-Wliteral-suffix]
2026-10-08T21:22:45.1954422Z   285 |             fprintf(stderr, "%4"PRIi64, range.begin);
2026-10-08T21:22:45.1983918Z       |                             ^
2026-10-08T21:22:45.2016611Z src/solver/utils/Options.h:291:29: warning: invalid suffix on literal; C++11 requires a space between literal and string macro [-Wliteral-suffix]
2026-10-08T21:22:45.2044326Z   291 |             fprintf(stderr, "%4"PRIi64, range.end);
2026-10-08T21:22:45.2073830Z       |                             ^
2026-10-08T21:22:45.2105975Z src/solver/utils/Options.h:293:25: warning: invalid suffix on literal; C++11 requires a space between literal and string macro [-Wliteral-suffix]
2026-10-08T21:22:45.2133851Z   293 |         fprintf(stderr, "] (default: %"PRIi64")\n", value);
2026-10-08T21:22:45.2163874Z       |                         ^
2026-10-08T21:22:45.6218767Z src/solver/Solver.h: In constructor ‘Minisat::Solver::Solver()’:
2026-10-08T21:22:45.6235947Z src/solver/Solver.h:480:15: warning: ‘Minisat::Solver::my_var_decay’ will be initialized after [-Wreorder]
2026-10-08T21:22:45.6266314Z   480 |     double    my_var_decay;
2026-10-08T21:22:45.6295949Z       |               ^~~~~~~~~~~~
2026-10-08T21:22:45.6329059Z src/solver/Solver.h:293:42: warning:   ‘Minisat::Heap<Minisat::Solver::VarOrderLt> Minisat::Solver::order_heap_distance’ [-Wreorder]
2026-10-08T21:22:45.6355624Z   293 |                         order_heap_VSIDS,order_heap_distance;
2026-10-08T21:22:45.6407577Z       |                                          ^~~~~~~~~~~~~~~~~~~
2026-10-08T21:22:45.6411577Z src/solver/Solver.cc:143:1: warning:   when initialized here [-Wreorder]
2026-10-08T21:22:45.6415741Z   143 | Solver::Solver() :
2026-10-08T21:22:45.6417925Z       | ^~~~~~
2026-10-08T21:22:45.6423679Z src/solver/Solver.h:514:14: warning: ‘Minisat::Solver::lastOptimalCost’ will be initialized after [-Wreorder]
2026-10-08T21:22:45.6427966Z   514 |     uint64_t lastOptimalCost;
2026-10-08T21:22:45.6430323Z       |              ^~~~~~~~~~~~~~~
2026-10-08T21:22:45.6435236Z src/solver/Solver.h:513:40: warning:   ‘uint64_t Minisat::Solver::totalWeight’ [-Wreorder]
2026-10-08T21:22:45.6439260Z   513 |     uint64_t hardWeight, solutionCost, totalWeight, UB;
2026-10-08T21:22:45.6444931Z       |                                        ^~~~~~~~~~~
2026-10-08T21:22:45.6448102Z src/solver/Solver.cc:143:1: warning:   when initialized here [-Wreorder]
2026-10-08T21:22:45.6451239Z   143 | Solver::Solver() :
2026-10-08T21:22:45.6454101Z       | ^~~~~~
2026-10-08T21:22:45.6458427Z src/solver/Solver.h:707:25: warning: ‘Minisat::Solver::orderHeapAuxi’ will be initialized after [-Wreorder]
2026-10-08T21:22:45.6463120Z   707 |     Heap<VarOrderGt>    orderHeapAuxi;
2026-10-08T21:22:45.6465756Z       |                         ^~~~~~~~~~~~~
2026-10-08T21:22:45.6469801Z src/solver/Solver.h:619:25: warning:   ‘int Minisat::Solver::tier2_lbd_cut’ [-Wreorder]
2026-10-08T21:22:45.6474361Z   619 |     int                 tier2_lbd_cut;
2026-10-08T21:22:45.6476846Z       |                         ^~~~~~~~~~~~~
2026-10-08T21:22:45.6479905Z src/solver/Solver.cc:143:1: warning:   when initialized here [-Wreorder]
2026-10-08T21:22:45.6483614Z   143 | Solver::Solver() :
2026-10-08T21:22:45.6485816Z       | ^~~~~~
2026-10-08T21:22:45.6490160Z src/solver/Solver.h:663:9: warning: ‘Minisat::Solver::cardinalityEncMode’ will be initialized after [-Wreorder]
2026-10-08T21:22:45.6494900Z   663 |     int cardinalityEncMode;
2026-10-08T21:22:45.6498524Z       |         ^~~~~~~~~~~~~~~~~~
2026-10-08T21:22:45.6503511Z src/solver/Solver.h:644:14: warning:   ‘uint64_t Minisat::Solver::quasiSoftConflicts’ [-Wreorder]
2026-10-08T21:22:45.6507271Z   644 |     uint64_t quasiSoftConflicts;
2026-10-08T21:22:45.6509698Z       |              ^~~~~~~~~~~~~~~~~~
2026-10-08T21:22:45.6513246Z src/solver/Solver.cc:143:1: warning:   when initialized here [-Wreorder]
2026-10-08T21:22:45.6516403Z   143 | Solver::Solver() :
2026-10-08T21:22:45.6518482Z       | ^~~~~~
2026-10-08T21:22:45.6524387Z src/solver/Solver.h:696:14: warning: ‘Minisat::Solver::nbFixedByLH’ will be initialized after [-Wreorder]
2026-10-08T21:22:45.6528332Z   696 |     uint64_t nbFixedByLH;
2026-10-08T21:22:45.6530611Z       |              ^~~~~~~~~~~
2026-10-08T21:22:45.6535457Z src/solver/Solver.h:562:10: warning:   ‘bool Minisat::Solver::bestSolutionFound’ [-Wreorder]
2026-10-08T21:22:45.6538998Z   562 |     bool bestSolutionFound;
2026-10-08T21:22:45.6541316Z       |          ^~~~~~~~~~~~~~~~~
2026-10-08T21:22:45.6544988Z src/solver/Solver.cc:143:1: warning:   when initialized here [-Wreorder]
2026-10-08T21:22:45.6548030Z   143 | Solver::Solver() :
2026-10-08T21:22:45.6550103Z       | ^~~~~~
2026-10-08T21:22:45.6554973Z src/solver/Solver.h:564:9: warning: ‘Minisat::Solver::nbSatLitsAtStart’ will be initialized after [-Wreorder]
2026-10-08T21:22:45.6558986Z   564 |     int nbSatLitsAtStart;
2026-10-08T21:22:45.6561243Z       |         ^~~~~~~~~~~~~~~~
2026-10-08T21:22:45.6565832Z src/solver/Solver.h:560:9: warning:   ‘int Minisat::Solver::bounds_pipe_w’ [-Wreorder]
2026-10-08T21:22:45.6569219Z   560 |     int bounds_pipe_w;
2026-10-08T21:22:45.6571425Z       |         ^~~~~~~~~~~~~
2026-10-08T21:22:45.6575384Z src/solver/Solver.cc:143:1: warning:   when initialized here [-Wreorder]
2026-10-08T21:22:45.6578510Z   143 | Solver::Solver() :
2026-10-08T21:22:45.6580598Z       | ^~~~~~
2026-10-08T21:22:45.6585401Z src/solver/Solver.cc: In member function ‘Minisat::CRef Minisat::Solver::simplePropagate()’:
2026-10-08T21:22:45.6592511Z src/solver/Solver.cc:316:27: warning: comparison of integer expressions of different signedness: ‘unsigned int’ and ‘int’ [-Wsign-compare]
2026-10-08T21:22:45.6597187Z   316 |         if (c.lastPoint() > c.size())
2026-10-08T21:22:45.6599683Z       |             ~~~~~~~~~~~~~~^~~~~~~~~~
2026-10-08T21:22:45.6605344Z src/solver/Solver.cc:335:27: warning: comparison of integer expressions of different signedness: ‘int’ and ‘unsigned int’ [-Wsign-compare]
2026-10-08T21:22:45.6610045Z   335 |         for (int k = 2; k < c.lastPoint(); k++) {
2026-10-08T21:22:45.6613336Z       |                         ~~^~~~~~~~~~~~~~~
2026-10-08T21:22:45.6619139Z src/solver/Solver.cc:381:63: warning: comparison of integer expressions of different signedness: ‘int’ and ‘uint64_t’ {aka ‘long unsigned int’} [-Wsign-compare]
2026-10-08T21:22:45.6626982Z   381 |     if (confl == CRef_Undef && falseLits.size() + rootNbIsets >= UB)
2026-10-08T21:22:45.6630246Z       |                                ~~~~~~~~~~~~~~~~~~~~~~~~~~~~~~~^~~~~
2026-10-08T21:22:45.6767258Z src/solver/Solver.cc: In member function ‘bool Minisat::Solver::simplifyLearnt_core()’:
2026-10-08T21:22:45.6775184Z src/solver/Solver.cc:787:34: warning: comparison of integer expressions of different signedness: ‘unsigned int’ and ‘int’ [-Wsign-compare]
2026-10-08T21:22:45.6780473Z   787 |                     if (nblevels < c.lbd()){
2026-10-08T21:22:45.6783653Z       |                         ~~~~~~~~~^~~~~~~~~
2026-10-08T21:22:45.6788174Z src/solver/Solver.cc:721:9: warning: unused variable ‘learnts_core_size_before’ [-Wunused-variable]
2026-10-08T21:22:45.6792737Z   721 |     int learnts_core_size_before = learnts_core.size();
2026-10-08T21:22:45.6795413Z       |         ^~~~~~~~~~~~~~~~~~~~~~~~
2026-10-08T21:22:45.6834873Z src/solver/Solver.cc: In member function ‘bool Minisat::Solver::simplifyLearnt_tier2()’:
2026-10-08T21:22:45.6841356Z src/solver/Solver.cc:895:34: warning: comparison of integer expressions of different signedness: ‘unsigned int’ and ‘int’ [-Wsign-compare]
2026-10-08T21:22:45.6848416Z   895 |                     if (nblevels < c.lbd()){
2026-10-08T21:22:45.6850909Z       |                         ~~~~~~~~~^~~~~~~~~
2026-10-08T21:22:45.6855764Z src/solver/Solver.cc:823:9: warning: unused variable ‘learnts_tier2_size_before’ [-Wunused-variable]
2026-10-08T21:22:45.6859664Z   823 |     int learnts_tier2_size_before = learnts_tier2.size();
2026-10-08T21:22:45.6862837Z       |         ^~~~~~~~~~~~~~~~~~~~~~~~~
2026-10-08T21:22:45.6866721Z src/solver/Solver.cc:828:9: warning: variable ‘limit’ set but not used [-Wunused-but-set-variable]
2026-10-08T21:22:45.6870219Z   828 |     int limit;
2026-10-08T21:22:45.6872661Z       |         ^~~~~
2026-10-08T21:22:45.6938804Z src/solver/Solver.cc: In member function ‘bool Minisat::Solver::failedLiteralDetection()’:
2026-10-08T21:22:45.6946755Z src/solver/Solver.cc:1038:100: warning: format ‘%llu’ expects argument of type ‘long long unsigned int’, but argument 7 has type ‘uint64_t’ {aka ‘long unsigned int’} [-Wformat=]
2026-10-08T21:22:45.6954962Z  1038 |   printf("c nbFailedLits %d, nbI %d, fixedVarsByFL %d, totalFixedVars %d, nbTested: %d, counter %llu\n",
2026-10-08T21:22:45.6959407Z       |                                                                                                 ~~~^
2026-10-08T21:22:45.6963500Z       |                                                                                                    |
2026-10-08T21:22:45.6966965Z       |                                                                                                    long long unsigned int
2026-10-08T21:22:45.6970414Z       |                                                                                                 %lu
2026-10-08T21:22:45.6975142Z  1039 |          nbFailedLits, nbI, trail.size()-initTrail, trail.size(), nbTested, counter);
2026-10-08T21:22:45.6978871Z       |                                                                             ~~~~~~~                 
2026-10-08T21:22:45.6982446Z       |                                                                             |
2026-10-08T21:22:45.6985636Z       |                                                                             uint64_t {aka long unsigned int}
2026-10-08T21:22:45.6990610Z src/solver/Solver.cc: In member function ‘bool Minisat::Solver::simplifyOriginalClauses()’:
2026-10-08T21:22:45.6998157Z src/solver/Solver.cc:1179:40: warning: format ‘%llu’ expects argument of type ‘long long unsigned int’, but argument 2 has type ‘uint64_t’ {aka ‘long unsigned int’} [-Wformat=]
2026-10-08T21:22:45.7004231Z  1179 |     printf("c total nb of literals: %llu\n", clauses_literals);
2026-10-08T21:22:45.7007411Z       |                                     ~~~^     ~~~~~~~~~~~~~~~~
2026-10-08T21:22:45.7011332Z       |                                        |     |
2026-10-08T21:22:45.7014747Z       |                                        |     uint64_t {aka long unsigned int}
2026-10-08T21:22:45.7017678Z       |                                        long long unsigned int
2026-10-08T21:22:45.7020284Z       |                                     %lu
2026-10-08T21:22:45.7025291Z src/solver/Solver.cc:1173:25: warning: unused variable ‘nbOriginalClauses_before’ [-Wunused-variable]
2026-10-08T21:22:45.7029555Z  1173 |     int last_shorten=0, nbOriginalClauses_before = clauses.size();
2026-10-08T21:22:45.7033132Z       |                         ^~~~~~~~~~~~~~~~~~~~~~~~
2026-10-08T21:22:45.7037005Z src/solver/Solver.cc:1185:17: warning: unused variable ‘begin_simp_time’ [-Wunused-variable]
2026-10-08T21:22:45.7040634Z  1185 |     double      begin_simp_time = cpuTime();
2026-10-08T21:22:45.7043869Z       |                 ^~~~~~~~~~~~~~~
2026-10-08T21:22:45.7047719Z src/solver/Solver.cc:1250:12: warning: variable ‘avg’ set but not used [-Wunused-but-set-variable]
2026-10-08T21:22:45.7051390Z  1250 |     double avg;
2026-10-08T21:22:45.7054125Z       |            ^~~
2026-10-08T21:22:45.7460405Z src/solver/Solver.cc: In member function ‘Minisat::CRef Minisat::Solver::propagate()’:
2026-10-08T21:22:45.7469549Z src/solver/Solver.cc:2005:31: warning: comparison of integer expressions of different signedness: ‘unsigned int’ and ‘int’ [-Wsign-compare]
2026-10-08T21:22:45.7476025Z  2005 |             if (c.lastPoint() > c.size())
2026-10-08T21:22:45.7479351Z       |                 ~~~~~~~~~~~~~~^~~~~~~~~~
2026-10-08T21:22:45.7485791Z src/solver/Solver.cc:2024:31: warning: comparison of integer expressions of different signedness: ‘int’ and ‘unsigned int’ [-Wsign-compare]
2026-10-08T21:22:45.7490738Z  2024 |             for (int k = 2; k < c.lastPoint(); k++) {
2026-10-08T21:22:45.7494267Z       |                             ~~^~~~~~~~~~~~~~~
2026-10-08T21:22:45.7500382Z src/solver/Solver.cc:2076:49: warning: comparison of integer expressions of different signedness: ‘int’ and ‘uint64_t’ {aka ‘long unsigned int’} [-Wsign-compare]
2026-10-08T21:22:45.7506775Z  2076 |     if (confl == CRef_Undef && falseLits.size() >= UB)
2026-10-08T21:22:45.7509762Z       |                                ~~~~~~~~~~~~~~~~~^~~~~
2026-10-08T21:22:45.7514685Z src/solver/Solver.cc:2072:1: warning: label ‘ExitProp’ defined but not used [-Wunused-label]
2026-10-08T21:22:45.7518351Z  2072 | ExitProp:;
2026-10-08T21:22:45.7520334Z       | ^~~~~~~~
2026-10-08T21:22:45.7583691Z src/solver/Solver.cc: In member function ‘void Minisat::Solver::getAllUIP(Minisat::vec<Minisat::Lit>&, int&, int&)’:
2026-10-08T21:22:45.7590749Z src/solver/Solver.cc:2177:9: warning: variable ‘myLevel’ set but not used [-Wunused-but-set-variable]
2026-10-08T21:22:45.7611715Z  2177 |     int myLevel = decisionLevel() +1;
2026-10-08T21:22:45.7615461Z       |         ^~~~~~~
2026-10-08T21:22:45.7620999Z src/solver/Solver.cc: In member function ‘void Minisat::Solver::analyzeSoftConflict(Minisat::vec<Minisat::Lit>&, int&, int&)’:
2026-10-08T21:22:45.7629743Z src/solver/Solver.cc:2196:26: warning: comparison of integer expressions of different signedness: ‘int’ and ‘uint64_t’ {aka ‘long unsigned int’} [-Wsign-compare]
2026-10-08T21:22:45.7635712Z  2196 |     if (falseLits.size() >= UB)
2026-10-08T21:22:45.7638125Z       |         ~~~~~~~~~~~~~~~~~^~~~~
2026-10-08T21:22:45.7644568Z src/solver/Solver.cc:2206:26: warning: comparison of integer expressions of different signedness: ‘int’ and ‘uint64_t’ {aka ‘long unsigned int’} [-Wsign-compare]
2026-10-08T21:22:45.7649775Z  2206 |     if (falseLits.size() > UB) {
2026-10-08T21:22:45.7652807Z       |         ~~~~~~~~~~~~~~~~~^~~~
2026-10-08T21:22:45.7832772Z src/solver/Solver.cc: In member function ‘bool Minisat::Solver::simplifyLearnt_local()’:
2026-10-08T21:22:45.7839282Z src/solver/Solver.cc:2631:34: warning: comparison of integer expressions of different signedness: ‘unsigned int’ and ‘int’ [-Wsign-compare]
2026-10-08T21:22:45.7846478Z  2631 |                     if (nblevels < c.lbd()){
2026-10-08T21:22:45.7849401Z       |                         ~~~~~~~~~^~~~~~~~~
2026-10-08T21:22:45.7854839Z src/solver/Solver.cc:2559:7: warning: unused variable ‘learnts_local_size_before’ [-Wunused-variable]
2026-10-08T21:22:45.7859190Z  2559 |   int learnts_local_size_before = learnts_local.size();
2026-10-08T21:22:45.7862669Z       |       ^~~~~~~~~~~~~~~~~~~~~~~~~
2026-10-08T21:22:45.7866437Z src/solver/Solver.cc:2560:7: warning: unused variable ‘savedTrail’ [-Wunused-variable]
2026-10-08T21:22:45.7869881Z  2560 |   int savedTrail = trail.size();
2026-10-08T21:22:45.7872887Z       |       ^~~~~~~~~~
2026-10-08T21:22:45.7911702Z src/solver/Solver.cc: In member function ‘void Minisat::Solver::reduceDB_core()’:
2026-10-08T21:22:45.7917447Z src/solver/Solver.cc:2772:9: warning: unused variable ‘totalLocalSize’ [-Wunused-variable]
2026-10-08T21:22:45.7921349Z  2772 |     int totalLocalSize=0, removedSize=0;
2026-10-08T21:22:45.7924725Z       |         ^~~~~~~~~~~~~~
2026-10-08T21:22:45.7928558Z src/solver/Solver.cc:2772:27: warning: unused variable ‘removedSize’ [-Wunused-variable]
2026-10-08T21:22:45.7932782Z  2772 |     int totalLocalSize=0, removedSize=0;
2026-10-08T21:22:45.7935450Z       |                           ^~~~~~~~~~~
2026-10-08T21:22:45.8043401Z src/solver/Solver.cc: In member function ‘Minisat::CRef Minisat::Solver::lPropagate()’:
2026-10-08T21:22:45.8050787Z src/solver/Solver.cc:3022:20: warning: comparison of integer expressions of different signedness: ‘uint64_t’ {aka ‘long unsigned int’} and ‘int’ [-Wsign-compare]
2026-10-08T21:22:45.8057552Z  3022 |   if (UB > 1 && UB == falseLits.size() + 1 && decisionLevel() < hardenLevel) {
2026-10-08T21:22:45.8060826Z       |                 ~~~^~~~~~~~~~~~~~~~~~~~~~~
2026-10-08T21:22:45.8147428Z src/solver/Solver.cc: In member function ‘void Minisat::Solver::identifyClausesToSplit(Minisat::vec<unsigned int>&)’:
2026-10-08T21:22:45.8155879Z src/solver/Solver.cc:3170:46: warning: comparison of integer expressions of different signedness: ‘int’ and ‘uint64_t’ {aka ‘long unsigned int’} [-Wsign-compare]
2026-10-08T21:22:45.8162384Z  3170 |     for(j=i+1; j<cs.size() && 2*nbCommunLits >= UB; j++) {
2026-10-08T21:22:45.8165542Z       |                               ~~~~~~~~~~~~~~~^~~~~
2026-10-08T21:22:45.8507820Z src/solver/Solver.cc: In member function ‘Minisat::lbool Minisat::Solver::search(int&)’:
2026-10-08T21:22:45.8539055Z src/solver/Solver.cc:3821:31: warning: format ‘%llu’ expects argument of type ‘long long unsigned int’, but argument 2 has type ‘uint64_t’ {aka ‘long unsigned int’} [-Wformat=]
2026-10-08T21:22:45.8560158Z  3821 |               printf("c UB=%llu succs, confls=%llu, hconfls=%llu, core %d, tier2 %d, local %d,  %d soft cls unsat (%d at L0), %d fixed vars at L0, softCnfl %d, nbFlyRd %d, nbFixedLH %llu\n",
2026-10-08T21:22:45.8565289Z       |                            ~~~^
2026-10-08T21:22:45.8567048Z       |                               |
2026-10-08T21:22:45.8583820Z       |                               long long unsigned int
2026-10-08T21:22:45.8613190Z       |                            %lu
2026-10-08T21:22:45.8617115Z  3822 |                      UB, conflicts, conflicts-softConflicts, learnts_core.size(), learnts_tier2.size(), learnts_local.size(),
2026-10-08T21:22:45.8621496Z       |                      ~~        
2026-10-08T21:22:45.8624589Z       |                      |
2026-10-08T21:22:45.8627031Z       |                      uint64_t {aka long unsigned int}
2026-10-08T21:22:45.8634649Z src/solver/Solver.cc:3821:50: warning: format ‘%llu’ expects argument of type ‘long long unsigned int’, but argument 3 has type ‘uint64_t’ {aka ‘long unsigned int’} [-Wformat=]
2026-10-08T21:22:45.8643066Z  3821 |               printf("c UB=%llu succs, confls=%llu, hconfls=%llu, core %d, tier2 %d, local %d,  %d soft cls unsat (%d at L0), %d fixed vars at L0, softCnfl %d, nbFlyRd %d, nbFixedLH %llu\n",
2026-10-08T21:22:45.8648349Z       |                                               ~~~^
2026-10-08T21:22:45.8651046Z       |                                                  |
2026-10-08T21:22:45.8654419Z       |                                                  long long unsigned int
2026-10-08T21:22:45.8657244Z       |                                               %lu
2026-10-08T21:22:45.8663230Z  3822 |                      UB, conflicts, conflicts-softConflicts, learnts_core.size(), learnts_tier2.size(), learnts_local.size(),
2026-10-08T21:22:45.8667390Z       |                          ~~~~~~~~~                
2026-10-08T21:22:45.8669834Z       |                          |
2026-10-08T21:22:45.8672851Z       |                          uint64_t {aka long unsigned int}
2026-10-08T21:22:45.8679143Z src/solver/Solver.cc:3821:64: warning: format ‘%llu’ expects argument of type ‘long long unsigned int’, but argument 4 has type ‘uint64_t’ {aka ‘long unsigned int’} [-Wformat=]
2026-10-08T21:22:45.8695844Z  3821 |               printf("c UB=%llu succs, confls=%llu, hconfls=%llu, core %d, tier2 %d, local %d,  %d soft cls unsat (%d at L0), %d fixed vars at L0, softCnfl %d, nbFlyRd %d, nbFixedLH %llu\n",
2026-10-08T21:22:45.8702662Z       |                                                             ~~~^
2026-10-08T21:22:45.8705685Z       |                                                                |
2026-10-08T21:22:45.8708690Z       |                                                                long long unsigned int
2026-10-08T21:22:45.8711643Z       |                                                             %lu
2026-10-08T21:22:45.8716517Z  3822 |                      UB, conflicts, conflicts-softConflicts, learnts_core.size(), learnts_tier2.size(), learnts_local.size(),
2026-10-08T21:22:45.8720644Z       |                                     ~~~~~~~~~~~~~~~~~~~~~~~     
2026-10-08T21:22:45.8724843Z       |                                              |
2026-10-08T21:22:45.8727732Z       |                                              uint64_t {aka long unsigned int}
2026-10-08T21:22:45.8735719Z src/solver/Solver.cc:3821:186: warning: format ‘%llu’ expects argument of type ‘long long unsigned int’, but argument 13 has type ‘uint64_t’ {aka ‘long unsigned int’} [-Wformat=]
2026-10-08T21:22:45.8744434Z  3821 |               printf("c UB=%llu succs, confls=%llu, hconfls=%llu, core %d, tier2 %d, local %d,  %d soft cls unsat (%d at L0), %d fixed vars at L0, softCnfl %d, nbFlyRd %d, nbFixedLH %llu\n",
2026-10-08T21:22:45.8750472Z       |                                                                                                                                                                                       ~~~^
2026-10-08T21:22:45.8755668Z       |                                                                                                                                                                                          |
2026-10-08T21:22:45.8760624Z       |                                                                                                                                                                                          long long unsigned int
2026-10-08T21:22:45.8768452Z       |                                                                                                                                                                                       %lu
2026-10-08T21:22:45.8774455Z  3822 |                      UB, conflicts, conflicts-softConflicts, learnts_core.size(), learnts_tier2.size(), learnts_local.size(),
2026-10-08T21:22:45.8780194Z  3823 |                      falseLits.size(), nbFalses, nbFixeds, pureSoftConfl, nbFlyReduced, nbFixedByLH);
2026-10-08T21:22:45.8785540Z       |                                                                                         ~~~~~~~~~~~                                                                                       
2026-10-08T21:22:45.8789476Z       |                                                                                         |
2026-10-08T21:22:45.8793457Z       |                                                                                         uint64_t {aka long unsigned int}
2026-10-08T21:22:45.8800521Z src/solver/Solver.cc:3825:48: warning: format ‘%llu’ expects argument of type ‘long long unsigned int’, but argument 3 has type ‘uint64_t’ {aka ‘long unsigned int’} [-Wformat=]
2026-10-08T21:22:45.8810193Z  3825 |               printf("c nbHardens %d (fixed %llu), shorten: %llu, prunedLB %4.2f, dev %4.2f, succRate %4.2f, nbSucc %llu, lk: %llu, shorten: %llu, quasiC: %llu (fixed: %llu)\n\n",
2026-10-08T21:22:45.8816060Z       |                                             ~~~^
2026-10-08T21:22:45.8818722Z       |                                                |
2026-10-08T21:22:45.8821486Z       |                                                long long unsigned int
2026-10-08T21:22:45.8825310Z       |                                             %lu
2026-10-08T21:22:45.8830862Z  3826 |                      nbHardens, fixedByHardens, nbSavedLits, meanLB, dev, succRate, nbLKsuccess-savednbLKsuccess, LOOKAHEAD-savedLOOKAHEAD, nbSavedLits, quasiSoftConflicts, fixedByQuasiConfl);
2026-10-08T21:22:45.8837741Z       |                                 ~~~~~~~~~~~~~~  
2026-10-08T21:22:45.8840336Z       |                                 |
2026-10-08T21:22:45.8843741Z       |                                 uint64_t {aka long unsigned int}
2026-10-08T21:22:45.8850495Z src/solver/Solver.cc:3825:64: warning: format ‘%llu’ expects argument of type ‘long long unsigned int’, but argument 4 has type ‘uint64_t’ {aka ‘long unsigned int’} [-Wformat=]
2026-10-08T21:22:45.8859007Z  3825 |               printf("c nbHardens %d (fixed %llu), shorten: %llu, prunedLB %4.2f, dev %4.2f, succRate %4.2f, nbSucc %llu, lk: %llu, shorten: %llu, quasiC: %llu (fixed: %llu)\n\n",
2026-10-08T21:22:45.8864840Z       |                                                             ~~~^
2026-10-08T21:22:45.8867819Z       |                                                                |
2026-10-08T21:22:45.8870925Z       |                                                                long long unsigned int
2026-10-08T21:22:45.8874809Z       |                                                             %lu
2026-10-08T21:22:45.8881341Z  3826 |                      nbHardens, fixedByHardens, nbSavedLits, meanLB, dev, succRate, nbLKsuccess-savednbLKsuccess, LOOKAHEAD-savedLOOKAHEAD, nbSavedLits, quasiSoftConflicts, fixedByQuasiConfl);
2026-10-08T21:22:45.8888110Z       |                                                 ~~~~~~~~~~~     
2026-10-08T21:22:45.8890976Z       |                                                 |
2026-10-08T21:22:45.8894497Z       |                                                 uint64_t {aka long unsigned int}
2026-10-08T21:22:45.8901002Z src/solver/Solver.cc:3825:120: warning: format ‘%llu’ expects argument of type ‘long long unsigned int’, but argument 8 has type ‘uint64_t’ {aka ‘long unsigned int’} [-Wformat=]
2026-10-08T21:22:45.8909075Z  3825 |               printf("c nbHardens %d (fixed %llu), shorten: %llu, prunedLB %4.2f, dev %4.2f, succRate %4.2f, nbSucc %llu, lk: %llu, shorten: %llu, quasiC: %llu (fixed: %llu)\n\n",
2026-10-08T21:22:45.8916258Z       |                                                                                                                     ~~~^
2026-10-08T21:22:45.8920056Z       |                                                                                                                        |
2026-10-08T21:22:45.8924507Z       |                                                                                                                        long long unsigned int
2026-10-08T21:22:45.8928205Z       |                                                                                                                     %lu
2026-10-08T21:22:45.8935104Z  3826 |                      nbHardens, fixedByHardens, nbSavedLits, meanLB, dev, succRate, nbLKsuccess-savednbLKsuccess, LOOKAHEAD-savedLOOKAHEAD, nbSavedLits, quasiSoftConflicts, fixedByQuasiConfl);
2026-10-08T21:22:45.8941585Z       |                                                                                     ~~~~~~~~~~~~~~~~~~~~~~~~~~~~        
2026-10-08T21:22:45.8945835Z       |                                                                                                |
2026-10-08T21:22:45.8950670Z       |                                                                                                uint64_t {aka long unsigned int}
2026-10-08T21:22:45.8958669Z src/solver/Solver.cc:3825:130: warning: format ‘%llu’ expects argument of type ‘long long unsigned int’, but argument 9 has type ‘uint64_t’ {aka ‘long unsigned int’} [-Wformat=]
2026-10-08T21:22:45.8968105Z  3825 |               printf("c nbHardens %d (fixed %llu), shorten: %llu, prunedLB %4.2f, dev %4.2f, succRate %4.2f, nbSucc %llu, lk: %llu, shorten: %llu, quasiC: %llu (fixed: %llu)\n\n",
2026-10-08T21:22:45.8974681Z       |                                                                                                                               ~~~^
2026-10-08T21:22:45.8979058Z       |                                                                                                                                  |
2026-10-08T21:22:45.8984113Z       |                                                                                                                                  long long unsigned int
2026-10-08T21:22:45.8988190Z       |                                                                                                                               %lu
2026-10-08T21:22:45.8995194Z  3826 |                      nbHardens, fixedByHardens, nbSavedLits, meanLB, dev, succRate, nbLKsuccess-savednbLKsuccess, LOOKAHEAD-savedLOOKAHEAD, nbSavedLits, quasiSoftConflicts, fixedByQuasiConfl);
2026-10-08T21:22:45.9001696Z       |                                                                                                                   ~~~~~~~~~~~~~~~~~~~~~~~~
2026-10-08T21:22:45.9006073Z       |                                                                                                                            |
2026-10-08T21:22:45.9010063Z       |                                                                                                                            uint64_t {aka long unsigned int}
2026-10-08T21:22:45.9018099Z src/solver/Solver.cc:3825:145: warning: format ‘%llu’ expects argument of type ‘long long unsigned int’, but argument 10 has type ‘uint64_t’ {aka ‘long unsigned int’} [-Wformat=]
2026-10-08T21:22:45.9026407Z  3825 |               printf("c nbHardens %d (fixed %llu), shorten: %llu, prunedLB %4.2f, dev %4.2f, succRate %4.2f, nbSucc %llu, lk: %llu, shorten: %llu, quasiC: %llu (fixed: %llu)\n\n",
2026-10-08T21:22:45.9033010Z       |                                                                                                                                              ~~~^
2026-10-08T21:22:45.9038327Z       |                                                                                                                                                 |
2026-10-08T21:22:45.9046837Z       |                                                                                                                                                 long long unsigned int
2026-10-08T21:22:45.9052485Z       |                                                                                                                                              %lu
2026-10-08T21:22:45.9060618Z  3826 |                      nbHardens, fixedByHardens, nbSavedLits, meanLB, dev, succRate, nbLKsuccess-savednbLKsuccess, LOOKAHEAD-savedLOOKAHEAD, nbSavedLits, quasiSoftConflicts, fixedByQuasiConfl);
2026-10-08T21:22:45.9067663Z       |                                                                                                                                             ~~~~~~~~~~~
2026-10-08T21:22:45.9071591Z       |                                                                                                                                             |
2026-10-08T21:22:45.9077047Z       |                                                                                                                                             uint64_t {aka long unsigned int}
2026-10-08T21:22:45.9087839Z src/solver/Solver.cc:3825:159: warning: format ‘%llu’ expects argument of type ‘long long unsigned int’, but argument 11 has type ‘uint64_t’ {aka ‘long unsigned int’} [-Wformat=]
2026-10-08T21:22:45.9099157Z  3825 |               printf("c nbHardens %d (fixed %llu), shorten: %llu, prunedLB %4.2f, dev %4.2f, succRate %4.2f, nbSucc %llu, lk: %llu, shorten: %llu, quasiC: %llu (fixed: %llu)\n\n",
2026-10-08T21:22:45.9107293Z       |                                                                                                                                                            ~~~^
2026-10-08T21:22:45.9112373Z       |                                                                                                                                                               |
2026-10-08T21:22:45.9116734Z       |                                                                                                                                                               long long unsigned int
2026-10-08T21:22:45.9121137Z       |                                                                                                                                                            %lu
2026-10-08T21:22:45.9128234Z  3826 |                      nbHardens, fixedByHardens, nbSavedLits, meanLB, dev, succRate, nbLKsuccess-savednbLKsuccess, LOOKAHEAD-savedLOOKAHEAD, nbSavedLits, quasiSoftConflicts, fixedByQuasiConfl);
2026-10-08T21:22:45.9135704Z       |                                                                                                                                                          ~~~~~~~~~~~~~~~~~~
2026-10-08T21:22:45.9140585Z       |                                                                                                                                                          |
2026-10-08T21:22:45.9146570Z       |                                                                                                                                                          uint64_t {aka long unsigned int}
2026-10-08T21:22:45.9157423Z src/solver/Solver.cc:3825:172: warning: format ‘%llu’ expects argument of type ‘long long unsigned int’, but argument 12 has type ‘uint64_t’ {aka ‘long unsigned int’} [-Wformat=]
2026-10-08T21:22:45.9169891Z  3825 |               printf("c nbHardens %d (fixed %llu), shorten: %llu, prunedLB %4.2f, dev %4.2f, succRate %4.2f, nbSucc %llu, lk: %llu, shorten: %llu, quasiC: %llu (fixed: %llu)\n\n",
2026-10-08T21:22:45.9190531Z       |                                                                                                                                                                         ~~~^
2026-10-08T21:22:45.9195830Z       |                                                                                                                                                                            |
2026-10-08T21:22:45.9202850Z       |                                                                                                                                                                            long long unsigned int
2026-10-08T21:22:45.9208180Z       |                                                                                                                                                                         %lu
2026-10-08T21:22:45.9217408Z  3826 |                      nbHardens, fixedByHardens, nbSavedLits, meanLB, dev, succRate, nbLKsuccess-savednbLKsuccess, LOOKAHEAD-savedLOOKAHEAD, nbSavedLits, quasiSoftConflicts, fixedByQuasiConfl);
2026-10-08T21:22:45.9225025Z       |                                                                                                                                                                              ~~~~~~~~~~~~~~~~~
2026-10-08T21:22:45.9229611Z       |                                                                                                                                                                              |
2026-10-08T21:22:45.9235990Z       |                                                                                                                                                                              uint64_t {aka long unsigned int}
2026-10-08T21:22:45.9242767Z src/solver/Solver.cc: In member function ‘Minisat::CRef Minisat::Solver::propagateForLK()’:
2026-10-08T21:22:45.9249287Z src/solver/Solver.cc:3984:27: warning: comparison of integer expressions of different signedness: ‘unsigned int’ and ‘int’ [-Wsign-compare]
2026-10-08T21:22:45.9254566Z  3984 |         if (c.lastPoint() > c.size())
2026-10-08T21:22:45.9256990Z       |             ~~~~~~~~~~~~~~^~~~~~~~~~
2026-10-08T21:22:45.9262693Z src/solver/Solver.cc:4003:27: warning: comparison of integer expressions of different signedness: ‘int’ and ‘unsigned int’ [-Wsign-compare]
2026-10-08T21:22:45.9267687Z  4003 |         for (int k = 2; k < c.lastPoint(); k++) {
2026-10-08T21:22:45.9270808Z       |                         ~~^~~~~~~~~~~~~~~
2026-10-08T21:22:45.9344273Z src/solver/Solver.cc: In member function ‘void Minisat::Solver::analyzeQuasiSoftConflict(Minisat::vec<Minisat::Lit>&, int&, int&)’:
2026-10-08T21:22:45.9355298Z src/solver/Solver.cc:4502:26: warning: comparison of integer expressions of different signedness: ‘int’ and ‘uint64_t’ {aka ‘long unsigned int’} [-Wsign-compare]
2026-10-08T21:22:45.9362321Z  4502 |     if (falseLits.size() > UB) {
2026-10-08T21:22:45.9365321Z       |         ~~~~~~~~~~~~~~~~~^~~~
2026-10-08T21:22:45.9536228Z src/solver/Solver.cc: In member function ‘bool Minisat::Solver::lookahead()’:
2026-10-08T21:22:45.9543831Z src/solver/Solver.cc:4843:17: warning: comparison of integer expressions of different signedness: ‘uint64_t’ {aka ‘long unsigned int’} and ‘int’ [-Wsign-compare]
2026-10-08T21:22:45.9548970Z  4843 |   if (conflicts > prevConflicts) {
2026-10-08T21:22:45.9551418Z       |       ~~~~~~~~~~^~~~~~~~~~~~~~~
2026-10-08T21:22:45.9685647Z src/solver/Solver.cc: In member function ‘void Minisat::Solver::addHardClausesForSoftClauses()’:
2026-10-08T21:22:45.9693914Z src/solver/Solver.cc:5088:70: warning: format ‘%llu’ expects argument of type ‘long long unsigned int’, but argument 5 has type ‘uint64_t’ {aka ‘long unsigned int’} [-Wformat=]
2026-10-08T21:22:45.9699986Z  5088 |   printf("c nb soft clauses: %d, of which %d unit, %d nonUnit and %llu empty\n",
2026-10-08T21:22:45.9704271Z       |                                                                   ~~~^
2026-10-08T21:22:45.9707005Z       |                                                                      |
2026-10-08T21:22:45.9709934Z       |                                                                      long long unsigned int
2026-10-08T21:22:45.9713455Z       |                                                                   %lu
2026-10-08T21:22:45.9716597Z  5089 |          softClauses.size(), nbUnitSoft, nbNonUnitSoft, solutionCost);
2026-10-08T21:22:45.9721307Z       |                                                         ~~~~~~~~~~~~  
2026-10-08T21:22:45.9724666Z       |                                                         |
2026-10-08T21:22:45.9727531Z       |                                                         uint64_t {aka long unsigned int}
2026-10-08T21:22:45.9765168Z In file included from src/solver/mtl/Sort.h:24,
2026-10-08T21:22:45.9767893Z                  from src/solver/SimpSolver.cc:33:
2026-10-08T21:22:45.9773847Z src/solver/mtl/Vec.h: In instantiation of ‘void Minisat::vec<T>::capacity(int) [with T = Minisat::vec<unsigned int>]’:
2026-10-08T21:22:45.9780681Z src/solver/mtl/Vec.h:115:13:   required from ‘void Minisat::vec<T>::growTo(int) [with T = Minisat::vec<unsigned int>]’
2026-10-08T21:22:45.9789685Z src/solver/SolverTypes.h:339:50:   required from ‘void Minisat::OccLists<Idx, Vec, Deleted>::init(const Idx&) [with Idx = int; Vec = Minisat::vec<unsigned int>; Deleted = Minisat::SimpSolver::ClauseDeleted]’
2026-10-08T21:22:45.9796556Z src/solver/SimpSolver.cc:98:24:   required from here
2026-10-08T21:22:45.9806742Z src/solver/mtl/Vec.h:99:54: warning: ‘void* realloc(void*, size_t)’ moving an object of non-trivially copyable type ‘class Minisat::vec<unsigned int>’; use ‘new’ and ‘delete’ instead [-Wclass-memaccess]
2026-10-08T21:22:45.9816865Z    99 |     if (add > INT_MAX - cap || ((data = (T*)::realloc(data, (cap += add) * sizeof(T))) == NULL) && errno == ENOMEM)
2026-10-08T21:22:45.9821461Z       |                                             ~~~~~~~~~^~~~~~~~~~~~~~~~~~~~~~~~~~~~~~~~
2026-10-08T21:22:45.9827911Z src/solver/mtl/Vec.h:38:7: note: ‘class Minisat::vec<unsigned int>’ declared here
2026-10-08T21:22:45.9832870Z    38 | class vec {
2026-10-08T21:22:45.9835484Z       |       ^~~
2026-10-08T21:22:45.9840884Z src/solver/Solver.cc: In member function ‘void Minisat::Solver::printBestSolution() const’:
2026-10-08T21:22:45.9849429Z src/solver/Solver.cc:5239:49: warning: format ‘%llu’ expects argument of type ‘long long unsigned int’, but argument 2 has type ‘long unsigned int’ [-Wformat=]
2026-10-08T21:22:45.9857028Z  5239 |     printf("c   unsat soft clauses (search): %llu\n", bestSup);
2026-10-08T21:22:45.9929739Z       |                                              ~~~^     ~~~~~~~
2026-10-08T21:22:45.9934319Z       |                                                 |     |
2026-10-08T21:22:45.9937189Z       |                                                 |     long unsigned int
2026-10-08T21:22:45.9940006Z       |                                                 long long unsigned int
2026-10-08T21:22:45.9943403Z       |                                              %lu
2026-10-08T21:22:45.9949769Z src/solver/Solver.cc:5240:53: warning: format ‘%llu’ expects argument of type ‘long long unsigned int’, but argument 2 has type ‘uint64_t’ {aka ‘long unsigned int’} [-Wformat=]
2026-10-08T21:22:45.9955880Z  5240 |     printf("c   satisfied soft clauses (maxsat): %llu\n", maxsat);
2026-10-08T21:22:45.9958928Z       |                                                  ~~~^     ~~~~~~
2026-10-08T21:22:45.9961415Z       |                                                     |     |
2026-10-08T21:22:45.9964797Z       |                                                     |     uint64_t {aka long unsigned int}
2026-10-08T21:22:45.9967742Z       |                                                     long long unsigned int
2026-10-08T21:22:45.9970372Z       |                                                  %lu
2026-10-08T21:22:45.9977042Z src/solver/Solver.cc:5241:39: warning: format ‘%llu’ expects argument of type ‘long long unsigned int’, but argument 2 has type ‘uint64_t’ {aka ‘long unsigned int’} [-Wformat=]
2026-10-08T21:22:45.9982972Z  5241 |     printf("c   total weight cost: %llu\n", optimal);
2026-10-08T21:22:45.9985563Z       |                                    ~~~^     ~~~~~~~
2026-10-08T21:22:45.9987796Z       |                                       |     |
2026-10-08T21:22:45.9990207Z       |                                       |     uint64_t {aka long unsigned int}
2026-10-08T21:22:45.9994933Z       |                                       long long unsigned int
2026-10-08T21:22:45.9997284Z       |                                    %lu
2026-10-08T21:22:46.0001106Z src/solver/Solver.cc: In member function ‘void Minisat::Solver::checkSolution()’:
2026-10-08T21:22:46.0007780Z src/solver/Solver.cc:5257:15: warning: comparison of integer expressions of different signedness: ‘int’ and ‘uint64_t’ {aka ‘long unsigned int’} [-Wsign-compare]
2026-10-08T21:22:46.0013315Z  5257 |   if (nbFalse != falseLits.size()+fixedCostBySearch + relaxedCost)
2026-10-08T21:22:46.0016398Z       |       ~~~~~~~~^~~~~~~~~~~~~~~~~~~~~~~~~~~~~~~~~~~~~~~~~~~~~~~~~~~
2026-10-08T21:22:46.0023295Z src/solver/Solver.cc:5258:92: warning: format ‘%llu’ expects argument of type ‘long long unsigned int’, but argument 3 has type ‘uint64_t’ {aka ‘long unsigned int’} [-Wformat=]
2026-10-08T21:22:46.0029438Z  5258 |     printf("c **** error nb of false soft clauses real nbfalse: %d, recorded falseLits: %llu****\n",
2026-10-08T21:22:46.0033815Z       |                                                                                         ~~~^
2026-10-08T21:22:46.0037709Z       |                                                                                            |
2026-10-08T21:22:46.0040894Z       |                                                                                            long long unsigned int
2026-10-08T21:22:46.0044524Z       |                                                                                         %lu
2026-10-08T21:22:46.0047579Z  5259 |            nbFalse, falseLits.size()+fixedCostBySearch+relaxedCost);
2026-10-08T21:22:46.0050757Z       |                     ~~~~~~~~~~~~~~~~~~~~~~~~~~~~~~~~~~~~~~~~~~~~~~                          
2026-10-08T21:22:46.0054025Z       |                                                       |
2026-10-08T21:22:46.0056628Z       |                                                       uint64_t {aka long unsigned int}
2026-10-08T21:22:46.0060754Z src/solver/Solver.cc: In member function ‘void Minisat::Solver::partition()’:
2026-10-08T21:22:46.0067135Z src/solver/Solver.cc:5379:31: warning: comparison of integer expressions of different signedness: ‘unsigned int’ and ‘int’ [-Wsign-compare]
2026-10-08T21:22:46.0071546Z  5379 |         if (conflicted[var(q)]==iset.size()) {
2026-10-08T21:22:46.0077762Z src/solver/Solver.cc:5389:32: warning: comparison of integer expressions of different signedness: ‘unsigned int’ and ‘int’ [-Wsign-compare]
2026-10-08T21:22:46.0082869Z  5389 |         if (conflicted[var(q)] < iset.size())
2026-10-08T21:22:46.0087819Z src/solver/Solver.cc:5448:50: warning: comparison of integer expressions of different signedness: ‘unsigned int’ and ‘int’ [-Wsign-compare]
2026-10-08T21:22:46.0093154Z  5448 |         if (q != lit_Undef && conflicted[var(q)] == iset.size()) {
2026-10-08T21:22:46.0099395Z src/solver/Solver.cc:5513:38: warning: format ‘%llu’ expects argument of type ‘long long unsigned int’, but argument 3 has type ‘uint64_t’ {aka ‘long unsigned int’} [-Wformat=]
2026-10-08T21:22:46.0105650Z  5513 |   printf("c isets %d, derivedCost %llu\n", nbIsets, derivedCost);
2026-10-08T21:22:46.0108874Z       |                                   ~~~^              ~~~~~~~~~~~
2026-10-08T21:22:46.0111422Z       |                                      |              |
2026-10-08T21:22:46.0114822Z       |                                      |              uint64_t {aka long unsigned int}
2026-10-08T21:22:46.0117687Z       |                                      long long unsigned int
2026-10-08T21:22:46.0120113Z       |                                   %lu
2026-10-08T21:22:46.0155456Z src/solver/Solver.cc: In member function ‘Minisat::CRef Minisat::Solver::simplepropagateForLK()’:
2026-10-08T21:22:46.0162513Z src/solver/Solver.cc:5660:27: warning: comparison of integer expressions of different signedness: ‘unsigned int’ and ‘int’ [-Wsign-compare]
2026-10-08T21:22:46.0168707Z  5660 |         if (c.lastPoint() > c.size())
2026-10-08T21:22:46.0171027Z       |             ~~~~~~~~~~~~~~^~~~~~~~~~
2026-10-08T21:22:46.0177245Z src/solver/Solver.cc:5674:27: warning: comparison of integer expressions of different signedness: ‘int’ and ‘unsigned int’ [-Wsign-compare]
2026-10-08T21:22:46.0182735Z  5674 |         for (int k = 2; k < c.lastPoint(); k++) {
2026-10-08T21:22:46.0185295Z       |                         ~~^~~~~~~~~~~~~~~
2026-10-08T21:22:46.0568674Z src/solver/Solver.cc: In member function ‘void Minisat::Solver::addCardinalityConstraints()’:
2026-10-08T21:22:46.0577443Z src/solver/Solver.cc:6204:64: warning: format ‘%llu’ expects argument of type ‘long long unsigned int’, but argument 2 has type ‘uint64_t’ {aka ‘long unsigned int’} [-Wformat=]
2026-10-08T21:22:46.0583958Z  6204 |       printf("\nc Cardinality: off (soft-conflict only), UB %llu\n", UB);
2026-10-08T21:22:46.0587208Z       |                                                             ~~~^     ~~
2026-10-08T21:22:46.0590035Z       |                                                                |     |
2026-10-08T21:22:46.0593687Z       |                                                                |     uint64_t {aka long unsigned int}
2026-10-08T21:22:46.0598302Z       |                                                                long long unsigned int
2026-10-08T21:22:46.0601196Z       |                                                             %lu
2026-10-08T21:22:46.0608026Z src/solver/Solver.cc:6234:82: warning: comparison of integer expressions of different signedness: ‘int’ and ‘uint64_t’ {aka ‘long unsigned int’} [-Wsign-compare]
2026-10-08T21:22:46.0614651Z  6234 |   if (activeSoftLits.size() < 2 || UB - 1 - nbFalse < 1 || activeSoftLits.size() <= UB - 1 - nbFalse
2026-10-08T21:22:46.0618541Z       |                                                            ~~~~~~~~~~~~~~~~~~~~~~^~~~~~~~~~~~~~~~~~~
2026-10-08T21:22:46.0625635Z src/solver/Solver.cc:6253:46: warning: format ‘%llu’ expects argument of type ‘long long unsigned int’, but argument 4 has type ‘uint64_t’ {aka ‘long unsigned int’} [-Wformat=]
2026-10-08T21:22:46.0631582Z  6253 |   printf("\nc Cardinality: %d (%s) for UB %llu\n", cardinalityC.size(), enc, UB);
2026-10-08T21:22:46.0635666Z       |                                           ~~~^                               ~~
2026-10-08T21:22:46.0638473Z       |                                              |                               |
2026-10-08T21:22:46.0642424Z       |                                              long long unsigned int          uint64_t {aka long unsigned int}
2026-10-08T21:22:46.0645643Z       |                                           %lu
2026-10-08T21:22:46.0833350Z src/solver/Solver.cc: In member function ‘Minisat::lbool Minisat::Solver::solve_()’:
2026-10-08T21:22:46.0867764Z src/solver/Solver.cc:6602:79: warning: format ‘%llu’ expects argument of type ‘long long unsigned int’, but argument 5 has type ‘uint64_t’ {aka ‘long unsigned int’} [-Wformat=]
2026-10-08T21:22:46.0887711Z  6602 |     printf("c fixedCost %d, nbSatLits %d, totalFixedVars %d, objForSearch: %llu\n\n",
2026-10-08T21:22:46.0916306Z       |                                                                            ~~~^
2026-10-08T21:22:46.0946292Z       |                                                                               |
2026-10-08T21:22:46.0976434Z       |                                                                               long long unsigned int
2026-10-08T21:22:46.1001406Z       |                                                                            %lu
2026-10-08T21:22:46.1005490Z  6603 |                 fixedCost, nbSatLits, trail.size(), objForSearch);
2026-10-08T21:22:46.1008497Z       |                                                     ~~~~~~~~~~~~               
2026-10-08T21:22:46.1011219Z       |                                                     |
2026-10-08T21:22:46.1014748Z       |                                                     uint64_t {aka long unsigned int}
2026-10-08T21:22:46.1023855Z src/solver/Solver.cc:6631:35: warning: format ‘%llu’ expects argument of type ‘long long unsigned int’, but argument 2 has type ‘uint64_t’ {aka ‘long unsigned int’} [-Wformat=]
2026-10-08T21:22:46.1029365Z  6631 |         printf("c provided UB: %llu\n", providedUB);
2026-10-08T21:22:46.1032746Z       |                                ~~~^     ~~~~~~~~~~
2026-10-08T21:22:46.1035145Z       |                                   |     |
2026-10-08T21:22:46.1037698Z       |                                   |     uint64_t {aka long unsigned int}
2026-10-08T21:22:46.1040415Z       |                                   long long unsigned int
2026-10-08T21:22:46.1043373Z       |                                %lu
2026-10-08T21:22:46.1049209Z src/solver/Solver.cc:6634:54: warning: format ‘%llu’ expects argument of type ‘long long unsigned int’, but argument 2 has type ‘uint64_t’ {aka ‘long unsigned int’} [-Wformat=]
2026-10-08T21:22:46.1058082Z  6634 |         printf("c provided UB is invalide: initUB %llu, solCost %llu, costbySearch %llu, derivedCost %llu, relaxedCost: %llu\n", initUB, solutionCost, fixedCostBySearch, derivedCost, relaxedCost);
2026-10-08T21:22:46.1066179Z       |                                                   ~~~^                                                                           ~~~~~~
2026-10-08T21:22:46.1069905Z       |                                                      |                                                                           |
2026-10-08T21:22:46.1074676Z       |                                                      long long unsigned int                                                      uint64_t {aka long unsigned int}
2026-10-08T21:22:46.1078726Z       |                                                   %lu
2026-10-08T21:22:46.1085343Z src/solver/Solver.cc:6634:68: warning: format ‘%llu’ expects argument of type ‘long long unsigned int’, but argument 3 has type ‘uint64_t’ {aka ‘long unsigned int’} [-Wformat=]
2026-10-08T21:22:46.1094129Z  6634 |         printf("c provided UB is invalide: initUB %llu, solCost %llu, costbySearch %llu, derivedCost %llu, relaxedCost: %llu\n", initUB, solutionCost, fixedCostBySearch, derivedCost, relaxedCost);
2026-10-08T21:22:46.1100399Z       |                                                                 ~~~^                                                                     ~~~~~~~~~~~~
2026-10-08T21:22:46.1104827Z       |                                                                    |                                                                     |
2026-10-08T21:22:46.1109189Z       |                                                                    long long unsigned int                                                uint64_t {aka long unsigned int}
2026-10-08T21:22:46.1113546Z       |                                                                 %lu
2026-10-08T21:22:46.1119619Z src/solver/Solver.cc:6634:87: warning: format ‘%llu’ expects argument of type ‘long long unsigned int’, but argument 4 has type ‘uint64_t’ {aka ‘long unsigned int’} [-Wformat=]
2026-10-08T21:22:46.1128292Z  6634 |         printf("c provided UB is invalide: initUB %llu, solCost %llu, costbySearch %llu, derivedCost %llu, relaxedCost: %llu\n", initUB, solutionCost, fixedCostBySearch, derivedCost, relaxedCost);
2026-10-08T21:22:46.1135297Z       |                                                                                    ~~~^                                                                ~~~~~~~~~~~~~~~~~
2026-10-08T21:22:46.1139225Z       |                                                                                       |                                                                |
2026-10-08T21:22:46.1144302Z       |                                                                                       long long unsigned int                                           uint64_t {aka long unsigned int}
2026-10-08T21:22:46.1148313Z       |                                                                                    %lu
2026-10-08T21:22:46.1156466Z src/solver/Solver.cc:6634:105: warning: format ‘%llu’ expects argument of type ‘long long unsigned int’, but argument 5 has type ‘uint64_t’ {aka ‘long unsigned int’} [-Wformat=]
2026-10-08T21:22:46.1165269Z  6634 |         printf("c provided UB is invalide: initUB %llu, solCost %llu, costbySearch %llu, derivedCost %llu, relaxedCost: %llu\n", initUB, solutionCost, fixedCostBySearch, derivedCost, relaxedCost);
2026-10-08T21:22:46.1171311Z       |                                                                                                      ~~~^                                                                 ~~~~~~~~~~~
2026-10-08T21:22:46.1176368Z       |                                                                                                         |                                                                 |
2026-10-08T21:22:46.1181387Z       |                                                                                                         long long unsigned int                                            uint64_t {aka long unsigned int}
2026-10-08T21:22:46.1186358Z       |                                                                                                      %lu
2026-10-08T21:22:46.1194506Z src/solver/Solver.cc:6634:124: warning: format ‘%llu’ expects argument of type ‘long long unsigned int’, but argument 6 has type ‘uint64_t’ {aka ‘long unsigned int’} [-Wformat=]
2026-10-08T21:22:46.1203279Z  6634 |         printf("c provided UB is invalide: initUB %llu, solCost %llu, costbySearch %llu, derivedCost %llu, relaxedCost: %llu\n", initUB, solutionCost, fixedCostBySearch, derivedCost, relaxedCost);
2026-10-08T21:22:46.1209716Z       |                                                                                                                         ~~~^                                                           ~~~~~~~~~~~
2026-10-08T21:22:46.1214658Z       |                                                                                                                            |                                                           |
2026-10-08T21:22:46.1219577Z       |                                                                                                                            long long unsigned int                                      uint64_t {aka long unsigned int}
2026-10-08T21:22:46.1224707Z       |                                                                                                                         %lu
2026-10-08T21:22:46.1231067Z src/solver/Solver.cc:6656:58: warning: format ‘%llu’ expects argument of type ‘long long unsigned int’, but argument 2 has type ‘uint64_t’ {aka ‘long unsigned int’} [-Wformat=]
2026-10-08T21:22:46.1237676Z  6656 |       printf("c ends of initiationization by VSIDS at %llu conflicts with init %d\n\n",
2026-10-08T21:22:46.1241066Z       |                                                       ~~~^
2026-10-08T21:22:46.1244192Z       |                                                          |
2026-10-08T21:22:46.1246911Z       |                                                          long long unsigned int
2026-10-08T21:22:46.1249627Z       |                                                       %lu
2026-10-08T21:22:46.1252641Z  6657 |              conflicts, init);
2026-10-08T21:22:46.1255018Z       |              ~~~~~~~~~                                    
2026-10-08T21:22:46.1257310Z       |              |
2026-10-08T21:22:46.1259330Z       |              uint64_t {aka long unsigned int}
2026-10-08T21:22:46.1265837Z src/solver/Solver.cc:6686:50: warning: format ‘%llu’ expects argument of type ‘long long unsigned int’, but argument 3 has type ‘uint64_t’ {aka ‘long unsigned int’} [-Wformat=]
2026-10-08T21:22:46.1271694Z  6686 |           printf("c VSIDS phase %d: conflicts %llu, phase %llu, starts %llu, UP %llu\n",
2026-10-08T21:22:46.1275532Z       |                                               ~~~^
2026-10-08T21:22:46.1278243Z       |                                                  |
2026-10-08T21:22:46.1282560Z       |                                                  long long unsigned int
2026-10-08T21:22:46.1285168Z       |                                               %lu
2026-10-08T21:22:46.1288023Z  6687 |                  nbVSIDSphase, conflicts-savedConfl, phase_allotment,
2026-10-08T21:22:46.1290914Z       |                                ~~~~~~~~~~~~~~~~~~~~
2026-10-08T21:22:46.1293882Z       |                                         |
2026-10-08T21:22:46.1296363Z       |                                         uint64_t {aka long unsigned int}
2026-10-08T21:22:46.1303142Z src/solver/Solver.cc:6686:62: warning: format ‘%llu’ expects argument of type ‘long long unsigned int’, but argument 4 has type ‘uint64_t’ {aka ‘long unsigned int’} [-Wformat=]
2026-10-08T21:22:46.1308946Z  6686 |           printf("c VSIDS phase %d: conflicts %llu, phase %llu, starts %llu, UP %llu\n",
2026-10-08T21:22:46.1312850Z       |                                                           ~~~^
2026-10-08T21:22:46.1315343Z       |                                                              |
2026-10-08T21:22:46.1317870Z       |                                                              long long unsigned int
2026-10-08T21:22:46.1321415Z       |                                                           %lu
2026-10-08T21:22:46.1324850Z  6687 |                  nbVSIDSphase, conflicts-savedConfl, phase_allotment,
2026-10-08T21:22:46.1327476Z       |                                                      ~~~~~~~~~~~~~~~
2026-10-08T21:22:46.1329743Z       |                                                      |
2026-10-08T21:22:46.1332855Z       |                                                      uint64_t {aka long unsigned int}
2026-10-08T21:22:46.1339216Z src/solver/Solver.cc:6686:75: warning: format ‘%llu’ expects argument of type ‘long long unsigned int’, but argument 5 has type ‘uint64_t’ {aka ‘long unsigned int’} [-Wformat=]
2026-10-08T21:22:46.1345609Z  6686 |           printf("c VSIDS phase %d: conflicts %llu, phase %llu, starts %llu, UP %llu\n",
2026-10-08T21:22:46.1348830Z       |                                                                        ~~~^
2026-10-08T21:22:46.1351360Z       |                                                                           |
2026-10-08T21:22:46.1354906Z       |                                                                           long long unsigned int
2026-10-08T21:22:46.1357597Z       |                                                                        %lu
2026-10-08T21:22:46.1360326Z  6687 |                  nbVSIDSphase, conflicts-savedConfl, phase_allotment,
2026-10-08T21:22:46.1364204Z  6688 |                  starts-savedRestarts, propagations-savedUP);
2026-10-08T21:22:46.1366894Z       |                  ~~~~~~~~~~~~~~~~~~~~                                      
2026-10-08T21:22:46.1369221Z       |                        |
2026-10-08T21:22:46.1371234Z       |                        uint64_t {aka long unsigned int}
2026-10-08T21:22:46.1378297Z src/solver/Solver.cc:6686:84: warning: format ‘%llu’ expects argument of type ‘long long unsigned int’, but argument 6 has type ‘uint64_t’ {aka ‘long unsigned int’} [-Wformat=]
2026-10-08T21:22:46.1384781Z  6686 |           printf("c VSIDS phase %d: conflicts %llu, phase %llu, starts %llu, UP %llu\n",
2026-10-08T21:22:46.1388108Z       |                                                                                 ~~~^
2026-10-08T21:22:46.1390715Z       |                                                                                    |
2026-10-08T21:22:46.1394246Z       |                                                                                    long long unsigned int
2026-10-08T21:22:46.1397034Z       |                                                                                 %lu
2026-10-08T21:22:46.1399888Z  6687 |                  nbVSIDSphase, conflicts-savedConfl, phase_allotment,
2026-10-08T21:22:46.1403461Z  6688 |                  starts-savedRestarts, propagations-savedUP);
2026-10-08T21:22:46.1407670Z       |                                        ~~~~~~~~~~~~~~~~~~~~                         
2026-10-08T21:22:46.1410155Z       |                                                    |
2026-10-08T21:22:46.1413378Z       |                                                    uint64_t {aka long unsigned int}
2026-10-08T21:22:46.1419450Z src/solver/Solver.cc:6692:48: warning: format ‘%llu’ expects argument of type ‘long long unsigned int’, but argument 3 has type ‘uint64_t’ {aka ‘long unsigned int’} [-Wformat=]
2026-10-08T21:22:46.1425829Z  6692 |           printf("c LRB phase %d: conflicts %llu, phase %llu, starts %llu, UP %llu\n",
2026-10-08T21:22:46.1428790Z       |                                             ~~~^
2026-10-08T21:22:46.1430946Z       |                                                |
2026-10-08T21:22:46.1433921Z       |                                                long long unsigned int
2026-10-08T21:22:46.1436273Z       |                                             %lu
2026-10-08T21:22:46.1438840Z  6693 |                  nbLRBphase, conflicts-savedConfl, phase_allotment,
2026-10-08T21:22:46.1441397Z       |                              ~~~~~~~~~~~~~~~~~~~~
2026-10-08T21:22:46.1444262Z       |                                       |
2026-10-08T21:22:46.1447877Z       |                                       uint64_t {aka long unsigned int}
2026-10-08T21:22:46.1454776Z src/solver/Solver.cc:6692:60: warning: format ‘%llu’ expects argument of type ‘long long unsigned int’, but argument 4 has type ‘uint64_t’ {aka ‘long unsigned int’} [-Wformat=]
2026-10-08T21:22:46.1460382Z  6692 |           printf("c LRB phase %d: conflicts %llu, phase %llu, starts %llu, UP %llu\n",
2026-10-08T21:22:46.1464155Z       |                                                         ~~~^
2026-10-08T21:22:46.1466491Z       |                                                            |
2026-10-08T21:22:46.1468896Z       |                                                            long long unsigned int
2026-10-08T21:22:46.1471521Z       |                                                         %lu
2026-10-08T21:22:46.1474838Z  6693 |                  nbLRBphase, conflicts-savedConfl, phase_allotment,
2026-10-08T21:22:46.1477964Z       |                                                    ~~~~~~~~~~~~~~~
2026-10-08T21:22:46.1480296Z       |                                                    |
2026-10-08T21:22:46.1483354Z       |                                                    uint64_t {aka long unsigned int}
2026-10-08T21:22:46.1489276Z src/solver/Solver.cc:6692:73: warning: format ‘%llu’ expects argument of type ‘long long unsigned int’, but argument 5 has type ‘uint64_t’ {aka ‘long unsigned int’} [-Wformat=]
2026-10-08T21:22:46.1495371Z  6692 |           printf("c LRB phase %d: conflicts %llu, phase %llu, starts %llu, UP %llu\n",
2026-10-08T21:22:46.1498584Z       |                                                                      ~~~^
2026-10-08T21:22:46.1501388Z       |                                                                         |
2026-10-08T21:22:46.1504736Z       |                                                                         long long unsigned int
2026-10-08T21:22:46.1507447Z       |                                                                      %lu
2026-10-08T21:22:46.1510144Z  6693 |                  nbLRBphase, conflicts-savedConfl, phase_allotment,
2026-10-08T21:22:46.1513671Z  6694 |                  starts-savedRestarts, propagations-savedUP);
2026-10-08T21:22:46.1516350Z       |                  ~~~~~~~~~~~~~~~~~~~~                                    
2026-10-08T21:22:46.1518670Z       |                        |
2026-10-08T21:22:46.1520692Z       |                        uint64_t {aka long unsigned int}
2026-10-08T21:22:46.1527240Z src/solver/Solver.cc:6692:82: warning: format ‘%llu’ expects argument of type ‘long long unsigned int’, but argument 6 has type ‘uint64_t’ {aka ‘long unsigned int’} [-Wformat=]
2026-10-08T21:22:46.1533413Z  6692 |           printf("c LRB phase %d: conflicts %llu, phase %llu, starts %llu, UP %llu\n",
2026-10-08T21:22:46.1538067Z       |                                                                               ~~~^
2026-10-08T21:22:46.1540739Z       |                                                                                  |
2026-10-08T21:22:46.1544378Z       |                                                                                  long long unsigned int
2026-10-08T21:22:46.1547262Z       |                                                                               %lu
2026-10-08T21:22:46.1550122Z  6693 |                  nbLRBphase, conflicts-savedConfl, phase_allotment,
2026-10-08T21:22:46.1553729Z  6694 |                  starts-savedRestarts, propagations-savedUP);
2026-10-08T21:22:46.1556343Z       |                                        ~~~~~~~~~~~~~~~~~~~~                       
2026-10-08T21:22:46.1558408Z       |                                                    |
2026-10-08T21:22:46.1560410Z       |                                                    uint64_t {aka long unsigned int}
2026-10-08T21:22:46.1565751Z src/solver/Solver.cc:6739:25: warning: format ‘%llu’ expects argument of type ‘long long unsigned int’, but argument 2 has type ‘uint64_t’ {aka ‘long unsigned int’} [-Wformat=]
2026-10-08T21:22:46.1570080Z  6739 |         printf("c UB=%llu fails, cnfls=%llu, hcnfls=%llu, core %d, tier2 %d, local %d, quasiC: %llu (fixed: %llu)\n",
2026-10-08T21:22:46.1572974Z       |                      ~~~^
2026-10-08T21:22:46.1574424Z       |                         |
2026-10-08T21:22:46.1575998Z       |                         long long unsigned int
2026-10-08T21:22:46.1577999Z       |                      %lu
2026-10-08T21:22:46.1582472Z  6740 |                UB, conflicts, conflicts-softConflicts, learnts_core.size(), learnts_tier2.size(), learnts_local.size(), quasiSoftConflicts, fixedByQuasiConfl);
2026-10-08T21:22:46.1586418Z       |                ~~        
2026-10-08T21:22:46.1587860Z       |                |
2026-10-08T21:22:46.1589453Z       |                uint64_t {aka long unsigned int}
2026-10-08T21:22:46.1595537Z src/solver/Solver.cc:6739:43: warning: format ‘%llu’ expects argument of type ‘long long unsigned int’, but argument 3 has type ‘uint64_t’ {aka ‘long unsigned int’} [-Wformat=]
2026-10-08T21:22:46.1601120Z  6739 |         printf("c UB=%llu fails, cnfls=%llu, hcnfls=%llu, core %d, tier2 %d, local %d, quasiC: %llu (fixed: %llu)\n",
2026-10-08T21:22:46.1604779Z       |                                        ~~~^
2026-10-08T21:22:46.1606524Z       |                                           |
2026-10-08T21:22:46.1608401Z       |                                           long long unsigned int
2026-10-08T21:22:46.1610343Z       |                                        %lu
2026-10-08T21:22:46.1615081Z  6740 |                UB, conflicts, conflicts-softConflicts, learnts_core.size(), learnts_tier2.size(), learnts_local.size(), quasiSoftConflicts, fixedByQuasiConfl);
2026-10-08T21:22:46.1619395Z       |                    ~~~~~~~~~               
2026-10-08T21:22:46.1621059Z       |                    |
2026-10-08T21:22:46.1623437Z       |                    uint64_t {aka long unsigned int}
2026-10-08T21:22:46.1628866Z src/solver/Solver.cc:6739:56: warning: format ‘%llu’ expects argument of type ‘long long unsigned int’, but argument 4 has type ‘uint64_t’ {aka ‘long unsigned int’} [-Wformat=]
2026-10-08T21:22:46.1635204Z  6739 |         printf("c UB=%llu fails, cnfls=%llu, hcnfls=%llu, core %d, tier2 %d, local %d, quasiC: %llu (fixed: %llu)\n",
2026-10-08T21:22:46.1638320Z       |                                                     ~~~^
2026-10-08T21:22:46.1640214Z       |                                                        |
2026-10-08T21:22:46.1642844Z       |                                                        long long unsigned int
2026-10-08T21:22:46.1644998Z       |                                                     %lu
2026-10-08T21:22:46.1649084Z  6740 |                UB, conflicts, conflicts-softConflicts, learnts_core.size(), learnts_tier2.size(), learnts_local.size(), quasiSoftConflicts, fixedByQuasiConfl);
2026-10-08T21:22:46.1655411Z       |                               ~~~~~~~~~~~~~~~~~~~~~~~   
2026-10-08T21:22:46.1657241Z       |                                        |
2026-10-08T21:22:46.1659336Z       |                                        uint64_t {aka long unsigned int}
2026-10-08T21:22:46.1665692Z src/solver/Solver.cc:6739:99: warning: format ‘%llu’ expects argument of type ‘long long unsigned int’, but argument 8 has type ‘uint64_t’ {aka ‘long unsigned int’} [-Wformat=]
2026-10-08T21:22:46.1671218Z  6739 |         printf("c UB=%llu fails, cnfls=%llu, hcnfls=%llu, core %d, tier2 %d, local %d, quasiC: %llu (fixed: %llu)\n",
2026-10-08T21:22:46.1675297Z       |                                                                                                ~~~^
2026-10-08T21:22:46.1677731Z       |                                                                                                   |
2026-10-08T21:22:46.1680863Z       |                                                                                                   long long unsigned int
2026-10-08T21:22:46.1685404Z       |                                                                                                %lu
2026-10-08T21:22:46.1689846Z  6740 |                UB, conflicts, conflicts-softConflicts, learnts_core.size(), learnts_tier2.size(), learnts_local.size(), quasiSoftConflicts, fixedByQuasiConfl);
2026-10-08T21:22:46.1695157Z       |                                                                                                                         ~~~~~~~~~~~~~~~~~~
2026-10-08T21:22:46.1698106Z       |                                                                                                                         |
2026-10-08T21:22:46.1701101Z       |                                                                                                                         uint64_t {aka long unsigned int}
2026-10-08T21:22:46.1708027Z src/solver/Solver.cc:6739:112: warning: format ‘%llu’ expects argument of type ‘long long unsigned int’, but argument 9 has type ‘uint64_t’ {aka ‘long unsigned int’} [-Wformat=]
2026-10-08T21:22:46.1714270Z  6739 |         printf("c UB=%llu fails, cnfls=%llu, hcnfls=%llu, core %d, tier2 %d, local %d, quasiC: %llu (fixed: %llu)\n",
2026-10-08T21:22:46.1717719Z       |                                                                                                             ~~~^
2026-10-08T21:22:46.1720387Z       |                                                                                                                |
2026-10-08T21:22:46.1723887Z       |                                                                                                                long long unsigned int
2026-10-08T21:22:46.1726692Z       |                                                                                                             %lu
2026-10-08T21:22:46.1731145Z  6740 |                UB, conflicts, conflicts-softConflicts, learnts_core.size(), learnts_tier2.size(), learnts_local.size(), quasiSoftConflicts, fixedByQuasiConfl);
2026-10-08T21:22:46.1736624Z       |                                                                                                                                             ~~~~~~~~~~~~~~~~~
2026-10-08T21:22:46.1739775Z       |                                                                                                                                             |
2026-10-08T21:22:46.1743797Z       |                                                                                                                                             uint64_t {aka long unsigned int}
2026-10-08T21:22:46.1750260Z src/solver/Solver.cc:6741:72: warning: format ‘%llu’ expects argument of type ‘long long unsigned int’, but argument 5 has type ‘uint64_t’ {aka ‘long unsigned int’} [-Wformat=]
2026-10-08T21:22:46.1757420Z  6741 |         printf("c prunedLB %4.2f, dev %4.2f, succRate %4.2f, nbSucc %llu, nbHardens %d (fixed %llu), lk: %llu, shorten: %llu, pureSo %d, nbFlyRd %d, nbFixedLH %llu\n",
2026-10-08T21:22:46.1763770Z       |                                                                     ~~~^
2026-10-08T21:22:46.1765917Z       |                                                                        |
2026-10-08T21:22:46.1768131Z       |                                                                        long long unsigned int
2026-10-08T21:22:46.1770392Z       |                                                                     %lu
2026-10-08T21:22:46.1773129Z  6742 |                meanLB, dev, succRate,
2026-10-08T21:22:46.1777362Z  6743 |                nbLKsuccess-savednbLKsuccess, nbHardens, fixedByHardens, LOOKAHEAD-savedLOOKAHEAD, nbSavedLits, pureSoftConfl, nbFlyReduced, nbFixedByLH);
2026-10-08T21:22:46.1782849Z       |                ~~~~~~~~~~~~~~~~~~~~~~~~~~~~                             
2026-10-08T21:22:46.1784795Z       |                           |
2026-10-08T21:22:46.1786575Z       |                           uint64_t {aka long unsigned int}
2026-10-08T21:22:46.1794356Z src/solver/Solver.cc:6741:98: warning: format ‘%llu’ expects argument of type ‘long long unsigned int’, but argument 7 has type ‘uint64_t’ {aka ‘long unsigned int’} [-Wformat=]
2026-10-08T21:22:46.1800799Z  6741 |         printf("c prunedLB %4.2f, dev %4.2f, succRate %4.2f, nbSucc %llu, nbHardens %d (fixed %llu), lk: %llu, shorten: %llu, pureSo %d, nbFlyRd %d, nbFixedLH %llu\n",
2026-10-08T21:22:46.1805923Z       |                                                                                               ~~~^
2026-10-08T21:22:46.1809928Z       |                                                                                                  |
2026-10-08T21:22:46.1813482Z       |                                                                                                  long long unsigned int
2026-10-08T21:22:46.1816167Z       |                                                                                               %lu
2026-10-08T21:22:46.1818455Z  6742 |                meanLB, dev, succRate,
2026-10-08T21:22:46.1823558Z  6743 |                nbLKsuccess-savednbLKsuccess, nbHardens, fixedByHardens, LOOKAHEAD-savedLOOKAHEAD, nbSavedLits, pureSoftConfl, nbFlyReduced, nbFixedByLH);
2026-10-08T21:22:46.1828257Z       |                                                         ~~~~~~~~~~~~~~                            
2026-10-08T21:22:46.1830489Z       |                                                         |
2026-10-08T21:22:46.1833449Z       |                                                         uint64_t {aka long unsigned int}
2026-10-08T21:22:46.1839351Z src/solver/Solver.cc:6741:109: warning: format ‘%llu’ expects argument of type ‘long long unsigned int’, but argument 8 has type ‘uint64_t’ {aka ‘long unsigned int’} [-Wformat=]
2026-10-08T21:22:46.1846696Z  6741 |         printf("c prunedLB %4.2f, dev %4.2f, succRate %4.2f, nbSucc %llu, nbHardens %d (fixed %llu), lk: %llu, shorten: %llu, pureSo %d, nbFlyRd %d, nbFixedLH %llu\n",
2026-10-08T21:22:46.1851144Z       |                                                                                                          ~~~^
2026-10-08T21:22:46.1854769Z       |                                                                                                             |
2026-10-08T21:22:46.1857515Z       |                                                                                                             long long unsigned int
2026-10-08T21:22:46.1860296Z       |                                                                                                          %lu
2026-10-08T21:22:46.1863340Z  6742 |                meanLB, dev, succRate,
2026-10-08T21:22:46.1867543Z  6743 |                nbLKsuccess-savednbLKsuccess, nbHardens, fixedByHardens, LOOKAHEAD-savedLOOKAHEAD, nbSavedLits, pureSoftConfl, nbFlyReduced, nbFixedByLH);
2026-10-08T21:22:46.1872972Z       |                                                                         ~~~~~~~~~~~~~~~~~~~~~~~~             
2026-10-08T21:22:46.1876866Z       |                                                                                  |
2026-10-08T21:22:46.1879886Z       |                                                                                  uint64_t {aka long unsigned int}
2026-10-08T21:22:46.1886736Z src/solver/Solver.cc:6741:124: warning: format ‘%llu’ expects argument of type ‘long long unsigned int’, but argument 9 has type ‘uint64_t’ {aka ‘long unsigned int’} [-Wformat=]
2026-10-08T21:22:46.1894200Z  6741 |         printf("c prunedLB %4.2f, dev %4.2f, succRate %4.2f, nbSucc %llu, nbHardens %d (fixed %llu), lk: %llu, shorten: %llu, pureSo %d, nbFlyRd %d, nbFixedLH %llu\n",
2026-10-08T21:22:46.1898589Z       |                                                                                                                         ~~~^
2026-10-08T21:22:46.1901357Z       |                                                                                                                            |
2026-10-08T21:22:46.1905252Z       |                                                                                                                            long long unsigned int
2026-10-08T21:22:46.1909493Z       |                                                                                                                         %lu
2026-10-08T21:22:46.1912790Z  6742 |                meanLB, dev, succRate,
2026-10-08T21:22:46.1916904Z  6743 |                nbLKsuccess-savednbLKsuccess, nbHardens, fixedByHardens, LOOKAHEAD-savedLOOKAHEAD, nbSavedLits, pureSoftConfl, nbFlyReduced, nbFixedByLH);
2026-10-08T21:22:46.1921502Z       |                                                                                                   ~~~~~~~~~~~               
2026-10-08T21:22:46.1924899Z       |                                                                                                   |
2026-10-08T21:22:46.1927634Z       |                                                                                                   uint64_t {aka long unsigned int}
2026-10-08T21:22:46.1934618Z src/solver/Solver.cc:6741:163: warning: format ‘%llu’ expects argument of type ‘long long unsigned int’, but argument 12 has type ‘uint64_t’ {aka ‘long unsigned int’} [-Wformat=]
2026-10-08T21:22:46.1941011Z  6741 |         printf("c prunedLB %4.2f, dev %4.2f, succRate %4.2f, nbSucc %llu, nbHardens %d (fixed %llu), lk: %llu, shorten: %llu, pureSo %d, nbFlyRd %d, nbFixedLH %llu\n",
2026-10-08T21:22:46.1946506Z       |                                                                                                                                                                ~~~^
2026-10-08T21:22:46.1949813Z       |                                                                                                                                                                   |
2026-10-08T21:22:46.1954128Z       |                                                                                                                                                                   long long unsigned int
2026-10-08T21:22:46.1957742Z       |                                                                                                                                                                %lu
2026-10-08T21:22:46.1960357Z  6742 |                meanLB, dev, succRate,
2026-10-08T21:22:46.1965024Z  6743 |                nbLKsuccess-savednbLKsuccess, nbHardens, fixedByHardens, LOOKAHEAD-savedLOOKAHEAD, nbSavedLits, pureSoftConfl, nbFlyReduced, nbFixedByLH);
2026-10-08T21:22:46.1969754Z       |                                                                                                                                             ~~~~~~~~~~~            
2026-10-08T21:22:46.1973575Z       |                                                                                                                                             |
2026-10-08T21:22:46.1976950Z       |                                                                                                                                             uint64_t {aka long unsigned int}
2026-10-08T21:22:46.1985676Z src/solver/Solver.cc:6769:25: warning: format ‘%llu’ expects argument of type ‘long long unsigned int’, but argument 2 has type ‘uint64_t’ {aka ‘long unsigned int’} [-Wformat=]
2026-10-08T21:22:46.1993230Z  6769 |         printf("c UB=%llu succ, confls=%llu and hconfls=%llu with %d soft clauses unsat (%d at level 0) and %d fixed vars at level 0,  prunedLB %4.2f, dev %4.2f, succRate %4.2f, nbSucc %llu, shortened : %llu\n",
2026-10-08T21:22:46.1997771Z       |                      ~~~^
2026-10-08T21:22:46.1999255Z       |                         |
2026-10-08T21:22:46.2001062Z       |                         long long unsigned int
2026-10-08T21:22:46.2003483Z       |                      %lu
2026-10-08T21:22:46.2005943Z  6770 |                UB, conflicts, conflicts-softConflicts, falseLits.size(), nbFalses, nbFixeds,
2026-10-08T21:22:46.2008638Z       |                ~~        
2026-10-08T21:22:46.2010045Z       |                |
2026-10-08T21:22:46.2011538Z       |                uint64_t {aka long unsigned int}
2026-10-08T21:22:46.2019451Z src/solver/Solver.cc:6769:43: warning: format ‘%llu’ expects argument of type ‘long long unsigned int’, but argument 3 has type ‘uint64_t’ {aka ‘long unsigned int’} [-Wformat=]
2026-10-08T21:22:46.2027370Z  6769 |         printf("c UB=%llu succ, confls=%llu and hconfls=%llu with %d soft clauses unsat (%d at level 0) and %d fixed vars at level 0,  prunedLB %4.2f, dev %4.2f, succRate %4.2f, nbSucc %llu, shortened : %llu\n",
2026-10-08T21:22:46.2032712Z       |                                        ~~~^
2026-10-08T21:22:46.2034454Z       |                                           |
2026-10-08T21:22:46.2036327Z       |                                           long long unsigned int
2026-10-08T21:22:46.2038273Z       |                                        %lu
2026-10-08T21:22:46.2040950Z  6770 |                UB, conflicts, conflicts-softConflicts, falseLits.size(), nbFalses, nbFixeds,
2026-10-08T21:22:46.2044499Z       |                    ~~~~~~~~~               
2026-10-08T21:22:46.2046171Z       |                    |
2026-10-08T21:22:46.2047841Z       |                    uint64_t {aka long unsigned int}
2026-10-08T21:22:46.2054187Z src/solver/Solver.cc:6769:60: warning: format ‘%llu’ expects argument of type ‘long long unsigned int’, but argument 4 has type ‘uint64_t’ {aka ‘long unsigned int’} [-Wformat=]
2026-10-08T21:22:46.2061691Z  6769 |         printf("c UB=%llu succ, confls=%llu and hconfls=%llu with %d soft clauses unsat (%d at level 0) and %d fixed vars at level 0,  prunedLB %4.2f, dev %4.2f, succRate %4.2f, nbSucc %llu, shortened : %llu\n",
2026-10-08T21:22:46.2067445Z       |                                                         ~~~^
2026-10-08T21:22:46.2069440Z       |                                                            |
2026-10-08T21:22:46.2071613Z       |                                                            long long unsigned int
2026-10-08T21:22:46.2074600Z       |                                                         %lu
2026-10-08T21:22:46.2077486Z  6770 |                UB, conflicts, conflicts-softConflicts, falseLits.size(), nbFalses, nbFixeds,
2026-10-08T21:22:46.2080846Z       |                               ~~~~~~~~~~~~~~~~~~~~~~~       
2026-10-08T21:22:46.2083392Z       |                                        |
2026-10-08T21:22:46.2085325Z       |                                        uint64_t {aka long unsigned int}
2026-10-08T21:22:46.2091047Z src/solver/Solver.cc:6769:189: warning: format ‘%llu’ expects argument of type ‘long long unsigned int’, but argument 11 has type ‘uint64_t’ {aka ‘long unsigned int’} [-Wformat=]
2026-10-08T21:22:46.2098976Z  6769 |         printf("c UB=%llu succ, confls=%llu and hconfls=%llu with %d soft clauses unsat (%d at level 0) and %d fixed vars at level 0,  prunedLB %4.2f, dev %4.2f, succRate %4.2f, nbSucc %llu, shortened : %llu\n",
2026-10-08T21:22:46.2106871Z       |                                                                                                                                                                                          ~~~^
2026-10-08T21:22:46.2110553Z       |                                                                                                                                                                                             |
2026-10-08T21:22:46.2115236Z       |                                                                                                                                                                                             long long unsigned int
2026-10-08T21:22:46.2119118Z       |                                                                                                                                                                                          %lu
2026-10-08T21:22:46.2123476Z  6770 |                UB, conflicts, conflicts-softConflicts, falseLits.size(), nbFalses, nbFixeds,
2026-10-08T21:22:46.2126517Z  6771 |                meanLB, dev, succRate, nbLKsuccess, nbSavedLits);
2026-10-08T21:22:46.2130911Z       |                                       ~~~~~~~~~~~                                                                                                                                            
2026-10-08T21:22:46.2134432Z       |                                       |
2026-10-08T21:22:46.2136379Z       |                                       uint64_t {aka long unsigned int}
2026-10-08T21:22:46.2142945Z src/solver/Solver.cc:6769:207: warning: format ‘%llu’ expects argument of type ‘long long unsigned int’, but argument 12 has type ‘uint64_t’ {aka ‘long unsigned int’} [-Wformat=]
2026-10-08T21:22:46.2150067Z  6769 |         printf("c UB=%llu succ, confls=%llu and hconfls=%llu with %d soft clauses unsat (%d at level 0) and %d fixed vars at level 0,  prunedLB %4.2f, dev %4.2f, succRate %4.2f, nbSucc %llu, shortened : %llu\n",
2026-10-08T21:22:46.2156666Z       |                                                                                                                                                                                                            ~~~^
2026-10-08T21:22:46.2160707Z       |                                                                                                                                                                                                               |
2026-10-08T21:22:46.2165535Z       |                                                                                                                                                                                                               long long unsigned int
2026-10-08T21:22:46.2169767Z       |                                                                                                                                                                                                            %lu
2026-10-08T21:22:46.2174342Z  6770 |                UB, conflicts, conflicts-softConflicts, falseLits.size(), nbFalses, nbFixeds,
2026-10-08T21:22:46.2177405Z  6771 |                meanLB, dev, succRate, nbLKsuccess, nbSavedLits);
2026-10-08T21:22:46.2181067Z       |                                                    ~~~~~~~~~~~                                                                                                                                                 
2026-10-08T21:22:46.2184770Z       |                                                    |
2026-10-08T21:22:46.2186851Z       |                                                    uint64_t {aka long unsigned int}
2026-10-08T21:22:46.2193298Z src/solver/Solver.cc:6798:17: warning: comparison of integer expressions of different signedness: ‘uint64_t’ {aka ‘long unsigned int’} and ‘int’ [-Wsign-compare]
2026-10-08T21:22:46.2197662Z  6798 |         if (inf > falseLits.size())
2026-10-08T21:22:46.2199431Z       |             ~~~~^~~~~~~~~~~~~~~~~~
2026-10-08T21:22:46.2207064Z src/solver/Solver.cc:6806:34: warning: format ‘%llu’ expects argument of type ‘long long unsigned int’, but argument 2 has type ‘uint64_t’ {aka ‘long unsigned int’} [-Wformat=]
2026-10-08T21:22:46.2212805Z  6806 |       else printf("c error UB %llu, inf %llu, sup %llu\n", UB, inf, sup);
2026-10-08T21:22:46.2216353Z       |                               ~~~^                         ~~
2026-10-08T21:22:46.2218311Z       |                                  |                         |
2026-10-08T21:22:46.2220720Z       |                                  long long unsigned int    uint64_t {aka long unsigned int}
2026-10-08T21:22:46.2223743Z       |                               %lu
2026-10-08T21:22:46.2228949Z src/solver/Solver.cc:6806:44: warning: format ‘%llu’ expects argument of type ‘long long unsigned int’, but argument 3 has type ‘uint64_t’ {aka ‘long unsigned int’} [-Wformat=]
2026-10-08T21:22:46.2234293Z  6806 |       else printf("c error UB %llu, inf %llu, sup %llu\n", UB, inf, sup);
2026-10-08T21:22:46.2236963Z       |                                         ~~~^                   ~~~
2026-10-08T21:22:46.2239096Z       |                                            |                   |
2026-10-08T21:22:46.2241481Z       |                                            |                   uint64_t {aka long unsigned int}
2026-10-08T21:22:46.2244481Z       |                                            long long unsigned int
2026-10-08T21:22:46.2246393Z       |                                         %lu
2026-10-08T21:22:46.2251504Z src/solver/Solver.cc:6806:54: warning: format ‘%llu’ expects argument of type ‘long long unsigned int’, but argument 4 has type ‘uint64_t’ {aka ‘long unsigned int’} [-Wformat=]
2026-10-08T21:22:46.2257317Z  6806 |       else printf("c error UB %llu, inf %llu, sup %llu\n", UB, inf, sup);
2026-10-08T21:22:46.2259760Z       |                                                   ~~~^              ~~~
2026-10-08T21:22:46.2262490Z       |                                                      |              |
2026-10-08T21:22:46.2264966Z       |                                                      |              uint64_t {aka long unsigned int}
2026-10-08T21:22:46.2267466Z       |                                                      long long unsigned int
2026-10-08T21:22:46.2269572Z       |                                                   %lu
2026-10-08T21:22:46.2275466Z src/solver/Solver.cc:6828:57: warning: format ‘%llu’ expects argument of type ‘long long unsigned int’, but argument 2 has type ‘uint64_t’ {aka ‘long unsigned int’} [-Wformat=]
2026-10-08T21:22:46.2281049Z  6828 |       printf("c no feasible solution, hardConflicts: %llu\n", conflicts - softConflicts);
2026-10-08T21:22:46.2284791Z       |                                                      ~~~^     ~~~~~~~~~~~~~~~~~~~~~~~~~
2026-10-08T21:22:46.2286972Z       |                                                         |               |
2026-10-08T21:22:46.2289326Z       |                                                         |               uint64_t {aka long unsigned int}
2026-10-08T21:22:46.2294156Z       |                                                         long long unsigned int
2026-10-08T21:22:46.2296248Z       |                                                      %lu
2026-10-08T21:22:46.2301653Z src/solver/Solver.cc:6831:30: warning: format ‘%llu’ expects argument of type ‘long long unsigned int’, but argument 2 has type ‘uint64_t’ {aka ‘long unsigned int’} [-Wformat=]
2026-10-08T21:22:46.2307872Z  6831 |       printf("c initCost: %llu, fixedBySearch: %llu, optimal: %llu, maxsat: %llu, hardConflicts: %llu\n",
2026-10-08T21:22:46.2310720Z       |                           ~~~^
2026-10-08T21:22:46.2313002Z       |                              |
2026-10-08T21:22:46.2314672Z       |                              long long unsigned int
2026-10-08T21:22:46.2316468Z       |                           %lu
2026-10-08T21:22:46.2318213Z  6832 |              solutionCost, fixedCostBySearch,
2026-10-08T21:22:46.2319994Z       |              ~~~~~~~~~~~~     
2026-10-08T21:22:46.2321561Z       |              |
2026-10-08T21:22:46.2323792Z       |              uint64_t {aka long unsigned int}
2026-10-08T21:22:46.2330539Z src/solver/Solver.cc:6831:51: warning: format ‘%llu’ expects argument of type ‘long long unsigned int’, but argument 3 has type ‘uint64_t’ {aka ‘long unsigned int’} [-Wformat=]
2026-10-08T21:22:46.2336581Z  6831 |       printf("c initCost: %llu, fixedBySearch: %llu, optimal: %llu, maxsat: %llu, hardConflicts: %llu\n",
2026-10-08T21:22:46.2339494Z       |                                                ~~~^
2026-10-08T21:22:46.2341316Z       |                                                   |
2026-10-08T21:22:46.2344084Z       |                                                   long long unsigned int
2026-10-08T21:22:46.2346105Z       |                                                %lu
2026-10-08T21:22:46.2347989Z  6832 |              solutionCost, fixedCostBySearch,
2026-10-08T21:22:46.2349909Z       |                            ~~~~~~~~~~~~~~~~~       
2026-10-08T21:22:46.2351646Z       |                            |
2026-10-08T21:22:46.2354167Z       |                            uint64_t {aka long unsigned int}
2026-10-08T21:22:46.2359527Z src/solver/Solver.cc:6831:66: warning: format ‘%llu’ expects argument of type ‘long long unsigned int’, but argument 4 has type ‘uint64_t’ {aka ‘long unsigned int’} [-Wformat=]
2026-10-08T21:22:46.2365547Z  6831 |       printf("c initCost: %llu, fixedBySearch: %llu, optimal: %llu, maxsat: %llu, hardConflicts: %llu\n",
2026-10-08T21:22:46.2368576Z       |                                                               ~~~^
2026-10-08T21:22:46.2370566Z       |                                                                  |
2026-10-08T21:22:46.2373480Z       |                                                                  long long unsigned int
2026-10-08T21:22:46.2375665Z       |                                                               %lu
2026-10-08T21:22:46.2377693Z  6832 |              solutionCost, fixedCostBySearch,
2026-10-08T21:22:46.2380014Z  6833 |              lastOptimalCost,
2026-10-08T21:22:46.2382513Z       |              ~~~~~~~~~~~~~~~                                      
2026-10-08T21:22:46.2384325Z       |              |
2026-10-08T21:22:46.2385834Z       |              uint64_t {aka long unsigned int}
2026-10-08T21:22:46.2391243Z src/solver/Solver.cc:6831:80: warning: format ‘%llu’ expects argument of type ‘long long unsigned int’, but argument 5 has type ‘uint64_t’ {aka ‘long unsigned int’} [-Wformat=]
2026-10-08T21:22:46.2397370Z  6831 |       printf("c initCost: %llu, fixedBySearch: %llu, optimal: %llu, maxsat: %llu, hardConflicts: %llu\n",
2026-10-08T21:22:46.2400503Z       |                                                                             ~~~^
2026-10-08T21:22:46.2403369Z       |                                                                                |
2026-10-08T21:22:46.2405795Z       |                                                                                long long unsigned int
2026-10-08T21:22:46.2409588Z       |                                                                             %lu
2026-10-08T21:22:46.2411402Z ......
2026-10-08T21:22:46.2414002Z  6834 |              objForSearch-sup + nbSatLits, conflicts - softConflicts);
2026-10-08T21:22:46.2416642Z       |              ~~~~~~~~~~~~~~~~~~~~~~~~~~~~                                       
2026-10-08T21:22:46.2418625Z       |                               |
2026-10-08T21:22:46.2420383Z       |                               uint64_t {aka long unsigned int}
2026-10-08T21:22:46.2426745Z src/solver/Solver.cc:6831:101: warning: format ‘%llu’ expects argument of type ‘long long unsigned int’, but argument 6 has type ‘uint64_t’ {aka ‘long unsigned int’} [-Wformat=]
2026-10-08T21:22:46.2432940Z  6831 |       printf("c initCost: %llu, fixedBySearch: %llu, optimal: %llu, maxsat: %llu, hardConflicts: %llu\n",
2026-10-08T21:22:46.2436314Z       |                                                                                                  ~~~^
2026-10-08T21:22:46.2438905Z       |                                                                                                     |
2026-10-08T21:22:46.2443706Z       |                                                                                                     long long unsigned int
2026-10-08T21:22:46.2446426Z       |                                                                                                  %lu
2026-10-08T21:22:46.2448433Z ......
2026-10-08T21:22:46.2450228Z  6834 |              objForSearch-sup + nbSatLits, conflicts - softConflicts);
2026-10-08T21:22:46.2453721Z       |                                            ~~~~~~~~~~~~~~~~~~~~~~~~~                                 
2026-10-08T21:22:46.2455960Z       |                                                      |
2026-10-08T21:22:46.2458069Z       |                                                      uint64_t {aka long unsigned int}
2026-10-08T21:22:46.2464672Z src/solver/Solver.cc:6836:24: warning: format ‘%llu’ expects argument of type ‘long long unsigned int’, but argument 2 has type ‘uint64_t’ {aka ‘long unsigned int’} [-Wformat=]
2026-10-08T21:22:46.2470469Z  6836 |     printf("c nbLK: %llu, nbSuccLK: %llu(%4.2f%%), nbLKup: %llu(%4.2f%%), hardens %u (fixed %llu), dynVars %d, shorten: %llu\n",
2026-10-08T21:22:46.2474162Z       |                     ~~~^
2026-10-08T21:22:46.2475591Z       |                        |
2026-10-08T21:22:46.2477176Z       |                        long long unsigned int
2026-10-08T21:22:46.2479256Z       |                     %lu
2026-10-08T21:22:46.2481508Z  6837 |            LOOKAHEAD, nbLKsuccess, 100.0*nbLKsuccess/LOOKAHEAD, lk_propagations,
2026-10-08T21:22:46.2484548Z       |            ~~~~~~~~~    
2026-10-08T21:22:46.2485952Z       |            |
2026-10-08T21:22:46.2487401Z       |            uint64_t {aka long unsigned int}
2026-10-08T21:22:46.2493463Z src/solver/Solver.cc:6836:40: warning: format ‘%llu’ expects argument of type ‘long long unsigned int’, but argument 3 has type ‘uint64_t’ {aka ‘long unsigned int’} [-Wformat=]
2026-10-08T21:22:46.2499151Z  6836 |     printf("c nbLK: %llu, nbSuccLK: %llu(%4.2f%%), nbLKup: %llu(%4.2f%%), hardens %u (fixed %llu), dynVars %d, shorten: %llu\n",
2026-10-08T21:22:46.2503012Z       |                                     ~~~^
2026-10-08T21:22:46.2504708Z       |                                        |
2026-10-08T21:22:46.2506509Z       |                                        long long unsigned int
2026-10-08T21:22:46.2508448Z       |                                     %lu
2026-10-08T21:22:46.2510971Z  6837 |            LOOKAHEAD, nbLKsuccess, 100.0*nbLKsuccess/LOOKAHEAD, lk_propagations,
2026-10-08T21:22:46.2514148Z       |                       ~~~~~~~~~~~       
2026-10-08T21:22:46.2515740Z       |                       |
2026-10-08T21:22:46.2517360Z       |                       uint64_t {aka long unsigned int}
2026-10-08T21:22:46.2523604Z src/solver/Solver.cc:6836:63: warning: format ‘%llu’ expects argument of type ‘long long unsigned int’, but argument 5 has type ‘uint64_t’ {aka ‘long unsigned int’} [-Wformat=]
2026-10-08T21:22:46.2530680Z  6836 |     printf("c nbLK: %llu, nbSuccLK: %llu(%4.2f%%), nbLKup: %llu(%4.2f%%), hardens %u (fixed %llu), dynVars %d, shorten: %llu\n",
2026-10-08T21:22:46.2534638Z       |                                                            ~~~^
2026-10-08T21:22:46.2536611Z       |                                                               |
2026-10-08T21:22:46.2538754Z       |                                                               long long unsigned int
2026-10-08T21:22:46.2540890Z       |                                                            %lu
2026-10-08T21:22:46.2544278Z  6837 |            LOOKAHEAD, nbLKsuccess, 100.0*nbLKsuccess/LOOKAHEAD, lk_propagations,
2026-10-08T21:22:46.2547223Z       |                                                                 ~~~~~~~~~~~~~~~
2026-10-08T21:22:46.2549445Z       |                                                                 |
2026-10-08T21:22:46.2552824Z       |                                                                 uint64_t {aka long unsigned int}
2026-10-08T21:22:46.2560492Z src/solver/Solver.cc:6836:96: warning: format ‘%llu’ expects argument of type ‘long long unsigned int’, but argument 8 has type ‘uint64_t’ {aka ‘long unsigned int’} [-Wformat=]
2026-10-08T21:22:46.2567706Z  6836 |     printf("c nbLK: %llu, nbSuccLK: %llu(%4.2f%%), nbLKup: %llu(%4.2f%%), hardens %u (fixed %llu), dynVars %d, shorten: %llu\n",
2026-10-08T21:22:46.2571137Z       |                                                                                             ~~~^
2026-10-08T21:22:46.2574393Z       |                                                                                                |
2026-10-08T21:22:46.2576985Z       |                                                                                                long long unsigned int
2026-10-08T21:22:46.2580215Z       |                                                                                             %lu
2026-10-08T21:22:46.2583882Z  6837 |            LOOKAHEAD, nbLKsuccess, 100.0*nbLKsuccess/LOOKAHEAD, lk_propagations,
2026-10-08T21:22:46.2588075Z  6838 |            100.0*lk_propagations/propagations, nbHardens, fixedByHardens, nVars()-staticNbVars, nbSavedLits);
2026-10-08T21:22:46.2591602Z       |                                                           ~~~~~~~~~~~~~~                        
2026-10-08T21:22:46.2594700Z       |                                                           |
2026-10-08T21:22:46.2596901Z       |                                                           uint64_t {aka long unsigned int}
2026-10-08T21:22:46.2604134Z src/solver/Solver.cc:6836:124: warning: format ‘%llu’ expects argument of type ‘long long unsigned int’, but argument 10 has type ‘uint64_t’ {aka ‘long unsigned int’} [-Wformat=]
2026-10-08T21:22:46.2610299Z  6836 |     printf("c nbLK: %llu, nbSuccLK: %llu(%4.2f%%), nbLKup: %llu(%4.2f%%), hardens %u (fixed %llu), dynVars %d, shorten: %llu\n",
2026-10-08T21:22:46.2615095Z       |                                                                                                                         ~~~^
2026-10-08T21:22:46.2618020Z       |                                                                                                                            |
2026-10-08T21:22:46.2621105Z       |                                                                                                                            long long unsigned int
2026-10-08T21:22:46.2625665Z       |                                                                                                                         %lu
2026-10-08T21:22:46.2628871Z  6837 |            LOOKAHEAD, nbLKsuccess, 100.0*nbLKsuccess/LOOKAHEAD, lk_propagations,
2026-10-08T21:22:46.2633534Z  6838 |            100.0*lk_propagations/propagations, nbHardens, fixedByHardens, nVars()-staticNbVars, nbSavedLits);
2026-10-08T21:22:46.2637236Z       |                                                                                                 ~~~~~~~~~~~                 
2026-10-08T21:22:46.2641374Z       |                                                                                                 |
2026-10-08T21:22:46.2644885Z       |                                                                                                 uint64_t {aka long unsigned int}
2026-10-08T21:22:46.3862840Z In file included from src/solver/mtl/Sort.h:24,
2026-10-08T21:22:46.3867988Z                  from src/solver/Solver.cc:106:
2026-10-08T21:22:46.3898171Z src/solver/mtl/Vec.h: In instantiation of ‘void Minisat::vec<T>::capacity(int) [with T = Minisat::vec<Minisat::Solver::Watcher>]’:
2026-10-08T21:22:46.3916721Z src/solver/mtl/Vec.h:115:13:   required from ‘void Minisat::vec<T>::growTo(int) [with T = Minisat::vec<Minisat::Solver::Watcher>]’
2026-10-08T21:22:46.3939473Z src/solver/SolverTypes.h:339:50:   required from ‘void Minisat::OccLists<Idx, Vec, Deleted>::init(const Idx&) [with Idx = Minisat::Lit; Vec = Minisat::vec<Minisat::Solver::Watcher>; Deleted = Minisat::Solver::WatcherDeleted]’
2026-10-08T21:22:46.3947889Z src/solver/Solver.cc:1272:21:   required from here
2026-10-08T21:22:46.3982494Z src/solver/mtl/Vec.h:99:54: warning: ‘void* realloc(void*, size_t)’ moving an object of non-trivially copyable type ‘class Minisat::vec<Minisat::Solver::Watcher>’; use ‘new’ and ‘delete’ instead [-Wclass-memaccess]
2026-10-08T21:22:46.4010331Z    99 |     if (add > INT_MAX - cap || ((data = (T*)::realloc(data, (cap += add) * sizeof(T))) == NULL) && errno == ENOMEM)
2026-10-08T21:22:46.4015931Z       |                                             ~~~~~~~~~^~~~~~~~~~~~~~~~~~~~~~~~~~~~~~~~
2026-10-08T21:22:46.4020801Z src/solver/mtl/Vec.h:38:7: note: ‘class Minisat::vec<Minisat::Solver::Watcher>’ declared here
2026-10-08T21:22:46.4024708Z    38 | class vec {
2026-10-08T21:22:46.4026495Z       |       ^~~
2026-10-08T21:22:46.4031024Z src/solver/mtl/Vec.h: In instantiation of ‘void Minisat::vec<T>::capacity(int) [with T = Minisat::vec<Minisat::Lit>]’:
2026-10-08T21:22:46.4037933Z src/solver/mtl/Vec.h:115:13:   required from ‘void Minisat::vec<T>::growTo(int) [with T = Minisat::vec<Minisat::Lit>]’
2026-10-08T21:22:46.4045413Z src/solver/Solver.h:72:50:   required from ‘void Minisat::vec2<Idx, Vec>::init(const Idx&) [with Idx = Minisat::Lit; Vec = Minisat::vec<Minisat::Lit>]’
2026-10-08T21:22:46.4050029Z src/solver/Solver.cc:1312:22:   required from here
2026-10-08T21:22:46.4057860Z src/solver/mtl/Vec.h:99:54: warning: ‘void* realloc(void*, size_t)’ moving an object of non-trivially copyable type ‘class Minisat::vec<Minisat::Lit>’; use ‘new’ and ‘delete’ instead [-Wclass-memaccess]
2026-10-08T21:22:46.4065698Z    99 |     if (add > INT_MAX - cap || ((data = (T*)::realloc(data, (cap += add) * sizeof(T))) == NULL) && errno == ENOMEM)
2026-10-08T21:22:46.4069489Z       |                                             ~~~~~~~~~^~~~~~~~~~~~~~~~~~~~~~~~~~~~~~~~
2026-10-08T21:22:46.4074415Z src/solver/mtl/Vec.h:38:7: note: ‘class Minisat::vec<Minisat::Lit>’ declared here
2026-10-08T21:22:46.4077571Z    38 | class vec {
2026-10-08T21:22:46.4079320Z       |       ^~~
2026-10-08T21:22:46.4084268Z src/solver/mtl/Vec.h: In instantiation of ‘void Minisat::vec<T>::capacity(int) [with T = Minisat::vec<int>]’:
2026-10-08T21:22:46.4089994Z src/solver/mtl/Vec.h:115:13:   required from ‘void Minisat::vec<T>::growTo(int) [with T = Minisat::vec<int>]’
2026-10-08T21:22:46.4096771Z src/solver/Solver.h:72:50:   required from ‘void Minisat::vec2<Idx, Vec>::init(const Idx&) [with Idx = int; Vec = Minisat::vec<int>]’
2026-10-08T21:22:46.4100825Z src/solver/Solver.cc:4250:13:   required from here
2026-10-08T21:22:46.4108334Z src/solver/mtl/Vec.h:99:54: warning: ‘void* realloc(void*, size_t)’ moving an object of non-trivially copyable type ‘class Minisat::vec<int>’; use ‘new’ and ‘delete’ instead [-Wclass-memaccess]
2026-10-08T21:22:46.4115531Z    99 |     if (add > INT_MAX - cap || ((data = (T*)::realloc(data, (cap += add) * sizeof(T))) == NULL) && errno == ENOMEM)
2026-10-08T21:22:46.4120954Z       |                                             ~~~~~~~~~^~~~~~~~~~~~~~~~~~~~~~~~~~~~~~~~
2026-10-08T21:22:46.4125717Z src/solver/mtl/Vec.h:38:7: note: ‘class Minisat::vec<int>’ declared here
2026-10-08T21:22:46.4128490Z    38 | class vec {
2026-10-08T21:22:46.4130364Z       |       ^~~
2026-10-08T21:22:46.6036899Z src/solver/Solver.cc: In member function ‘void Minisat::Solver::emitBoundsUpdate()’:
2026-10-08T21:22:46.6044687Z src/solver/Solver.cc:5204:24: warning: ignoring return value of ‘ssize_t write(int, const void*, size_t)’ declared with attribute ‘warn_unused_result’ [-Wunused-result]
2026-10-08T21:22:46.6050444Z  5204 |             (void)write(bounds_pipe_w, buf, (size_t)n);
2026-10-08T21:22:46.6054175Z       |                   ~~~~~^~~~~~~~~~~~~~~~~~~~~~~~~~~~~~~
2026-10-08T21:22:46.6060346Z src/solver/Solver.cc:5210:24: warning: ignoring return value of ‘ssize_t write(int, const void*, size_t)’ declared with attribute ‘warn_unused_result’ [-Wunused-result]
2026-10-08T21:22:46.6066676Z  5210 |             (void)write(bounds_pipe_w, buf, (size_t)n);
2026-10-08T21:22:46.6069494Z       |                   ~~~~~^~~~~~~~~~~~~~~~~~~~~~~~~~~~~~~
2026-10-08T21:22:46.6075882Z src/solver/Solver.cc: In member function ‘void Minisat::Solver::emitTryUpdate(uint64_t)’:
2026-10-08T21:22:46.6083468Z src/solver/Solver.cc:5220:20: warning: ignoring return value of ‘ssize_t write(int, const void*, size_t)’ declared with attribute ‘warn_unused_result’ [-Wunused-result]
2026-10-08T21:22:46.6089248Z  5220 |         (void)write(bounds_pipe_w, buf, (size_t)n);
2026-10-08T21:22:46.6092648Z       |               ~~~~~^~~~~~~~~~~~~~~~~~~~~~~~~~~~~~~
2026-10-08T21:22:59.1435809Z In file included from src/solver/Solver.h:54:
2026-10-08T21:22:59.1439587Z In function ‘Minisat::Lit Minisat::operator~(Lit)’,
2026-10-08T21:22:59.1445075Z     inlined from ‘void Minisat::Solver::analyze(Minisat::CRef, Minisat::vec<Minisat::Lit>&, int&, int&)’ at src/solver/Solver.cc:1757:22:
2026-10-08T21:22:59.1451161Z src/solver/SolverTypes.h:73:64: warning: ‘p.Minisat::Lit::x’ may be used uninitialized [-Wmaybe-uninitialized]
2026-10-08T21:22:59.1455702Z    73 | inline  Lit  operator ~(Lit p)              { Lit q; q.x = p.x ^ 1; return q; }
2026-10-08T21:22:59.1458379Z       |                                                            ~~~~^~~
2026-10-08T21:22:59.1463509Z src/solver/Solver.cc: In member function ‘void Minisat::Solver::analyze(Minisat::CRef, Minisat::vec<Minisat::Lit>&, int&, int&)’:
2026-10-08T21:22:59.1468177Z src/solver/Solver.cc:1671:9: note: ‘p.Minisat::Lit::x’ was declared here
2026-10-08T21:22:59.1470491Z  1671 |     Lit p; //     = lit_Undef;
2026-10-08T21:22:59.1472680Z       |         ^
2026-10-08T21:22:59.5285470Z In function ‘Minisat::Lit Minisat::operator~(Lit)’,
2026-10-08T21:22:59.5288641Z     inlined from ‘void Minisat::Solver::analyzeSoftConflict(Minisat::vec<Minisat::Lit>&, int&, int&)’ at src/solver/Solver.cc:2396:22:
2026-10-08T21:22:59.5292730Z src/solver/SolverTypes.h:73:64: warning: ‘p.Minisat::Lit::x’ may be used uninitialized [-Wmaybe-uninitialized]
2026-10-08T21:22:59.5295229Z    73 | inline  Lit  operator ~(Lit p)              { Lit q; q.x = p.x ^ 1; return q; }
2026-10-08T21:22:59.5296891Z       |                                                            ~~~~^~~
2026-10-08T21:22:59.5299572Z src/solver/Solver.cc: In member function ‘void Minisat::Solver::analyzeSoftConflict(Minisat::vec<Minisat::Lit>&, int&, int&)’:
2026-10-08T21:22:59.5302702Z src/solver/Solver.cc:2193:9: note: ‘p.Minisat::Lit::x’ was declared here
2026-10-08T21:22:59.5304056Z  2193 |     Lit p;
2026-10-08T21:23:00.1748405Z       |         ^
2026-10-08T21:23:00.1751197Z In function ‘Minisat::Lit Minisat::operator~(Lit)’,
2026-10-08T21:23:00.1755380Z     inlined from ‘void Minisat::Solver::analyzeQuasiSoftConflict(Minisat::vec<Minisat::Lit>&, int&, int&)’ at src/solver/Solver.cc:4664:22:
2026-10-08T21:23:00.1759101Z src/solver/SolverTypes.h:73:64: warning: ‘p.Minisat::Lit::x’ may be used uninitialized [-Wmaybe-uninitialized]
2026-10-08T21:23:00.1763679Z    73 | inline  Lit  operator ~(Lit p)              { Lit q; q.x = p.x ^ 1; return q; }
2026-10-08T21:23:00.1765305Z       |                                                            ~~~~^~~
2026-10-08T21:23:00.1768165Z src/solver/Solver.cc: In member function ‘void Minisat::Solver::analyzeQuasiSoftConflict(Minisat::vec<Minisat::Lit>&, int&, int&)’:
2026-10-08T21:23:00.1771011Z src/solver/Solver.cc:4492:9: note: ‘p.Minisat::Lit::x’ was declared here
2026-10-08T21:23:00.1772784Z  4492 |     Lit p;
2026-10-08T21:23:00.1773554Z       |         ^
2026-10-08T21:23:12.9697707Z g++ -Isrc/solver -Wall -Wno-parentheses -O3 -g -march=x86-64-v2 -D __STDC_LIMIT_MACROS -D __STDC_FORMAT_MACROS -DNDEBUG -o bin/distqldpc src/core/distqldpc.cc build/SimpSolver.o build/Solver.o build/Options.o build/System.o -lz
2026-10-08T21:23:12.9710907Z g++ -Isrc/solver -Wall -Wno-parentheses -O3 -g -march=x86-64-v2 -D __STDC_LIMIT_MACROS -D __STDC_FORMAT_MACROS -DNDEBUG -o bin/maxcdcl src/solver/Main.cc build/SimpSolver.o build/Solver.o build/Options.o build/System.o -lz
2026-10-08T21:23:13.1910431Z In file included from src/solver/Main.cc:51:
2026-10-08T21:23:13.1918199Z src/solver/utils/Options.h:285:29: warning: invalid suffix on literal; C++11 requires a space between literal and string macro [-Wliteral-suffix]
2026-10-08T21:23:13.1923250Z   285 |             fprintf(stderr, "%4"PRIi64, range.begin);
2026-10-08T21:23:13.1925242Z       |                             ^
2026-10-08T21:23:13.1928990Z src/solver/utils/Options.h:291:29: warning: invalid suffix on literal; C++11 requires a space between literal and string macro [-Wliteral-suffix]
2026-10-08T21:23:13.1935495Z   291 |             fprintf(stderr, "%4"PRIi64, range.end);
2026-10-08T21:23:13.1937397Z       |                             ^
2026-10-08T21:23:13.1941056Z src/solver/utils/Options.h:293:25: warning: invalid suffix on literal; C++11 requires a space between literal and string macro [-Wliteral-suffix]
2026-10-08T21:23:13.1945903Z   293 |         fprintf(stderr, "] (default: %"PRIi64")\n", value);
2026-10-08T21:23:13.1947936Z       |                         ^
2026-10-08T21:23:13.2007302Z src/solver/Main.cc:84:16: warning: invalid suffix on literal; C++11 requires a space between literal and string macro [-Wliteral-suffix]
2026-10-08T21:23:13.2012827Z    84 |         printf("c restarts              : %"PRIu64"\n", solver.starts);
2026-10-08T21:23:13.2015926Z       |                ^
2026-10-08T21:23:13.2020433Z src/solver/Main.cc:85:16: warning: invalid suffix on literal; C++11 requires a space between literal and string macro [-Wliteral-suffix]
2026-10-08T21:23:13.2026711Z    85 |         printf("c conflicts             : %-12"PRIu64"   (%.0f /sec)\n", solver.conflicts, solver.conflicts / cpu_time);
2026-10-08T21:23:13.2030499Z       |                ^
2026-10-08T21:23:13.2035221Z src/solver/Main.cc:86:16: warning: invalid suffix on literal; C++11 requires a space between literal and string macro [-Wliteral-suffix]
2026-10-08T21:23:13.2043119Z    86 |         printf("c decisions             : %-12"PRIu64"   (%4.2f %% random) (%.0f /sec)\n", solver.decisions, (float)solver.rnd_decisions * 100 / (float)solver.decisions, solver.decisions / cpu_time);
2026-10-08T21:23:13.2048348Z       |                ^
2026-10-08T21:23:13.2052838Z src/solver/Main.cc:87:16: warning: invalid suffix on literal; C++11 requires a space between literal and string macro [-Wliteral-suffix]
2026-10-08T21:23:13.2059077Z    87 |         printf("c propagations          : %-12"PRIu64"   (%.0f /sec)\n", solver.propagations, solver.propagations / cpu_time);
2026-10-08T21:23:13.2062998Z       |                ^
2026-10-08T21:23:13.2066676Z src/solver/Main.cc:88:16: warning: invalid suffix on literal; C++11 requires a space between literal and string macro [-Wliteral-suffix]
2026-10-08T21:23:13.2128576Z    88 |         printf("c conflict literals     : %-12"PRIu64"   (%4.2f %% deleted)\n", solver.tot_literals, (solver.max_literals - solver.tot_literals) * 100 / (double)solver.max_literals);
2026-10-08T21:23:13.2136950Z       |                ^
2026-10-08T21:23:13.2140385Z src/solver/Main.cc:93:16: warning: invalid suffix on literal; C++11 requires a space between literal and string macro [-Wliteral-suffix]
2026-10-08T21:23:13.2145411Z    93 |         printf("c s_propagations        : %-12"PRIu64"\n", solver.s_propagations);
2026-10-08T21:23:13.2147960Z       |                ^
2026-10-08T21:23:13.2574424Z In file included from src/solver/Solver.h:53,
2026-10-08T21:23:13.2577001Z                  from src/solver/SimpSolver.h:37,
2026-10-08T21:23:13.2579242Z                  from src/core/distqldpc.cc:40:
2026-10-08T21:23:13.2584179Z src/solver/utils/Options.h:285:29: warning: invalid suffix on literal; C++11 requires a space between literal and string macro [-Wliteral-suffix]
2026-10-08T21:23:13.2588696Z   285 |             fprintf(stderr, "%4"PRIi64, range.begin);
2026-10-08T21:23:13.2590974Z       |                             ^
2026-10-08T21:23:13.2596819Z src/solver/utils/Options.h:291:29: warning: invalid suffix on literal; C++11 requires a space between literal and string macro [-Wliteral-suffix]
2026-10-08T21:23:13.2600764Z   291 |             fprintf(stderr, "%4"PRIi64, range.end);
2026-10-08T21:23:13.2603339Z       |                             ^
2026-10-08T21:23:13.2608344Z src/solver/utils/Options.h:293:25: warning: invalid suffix on literal; C++11 requires a space between literal and string macro [-Wliteral-suffix]
2026-10-08T21:23:13.2613148Z   293 |         fprintf(stderr, "] (default: %"PRIi64")\n", value);
2026-10-08T21:23:13.2615108Z       |                         ^
2026-10-08T21:23:13.6138284Z src/solver/Main.cc: In function ‘void printStats(Minisat::Solver&)’:
2026-10-08T21:23:13.6146578Z src/solver/Main.cc:92:46: warning: format ‘%llu’ expects argument of type ‘long long unsigned int’, but argument 2 has type ‘uint64_t’ {aka ‘long unsigned int’} [-Wformat=]
2026-10-08T21:23:13.6153235Z    92 |         printf("c nbSimplifyAll         : %llu\n", solver.nbSimplifyAll);
2026-10-08T21:23:13.6157370Z       |                                           ~~~^     ~~~~~~~~~~~~~~~~~~~~
2026-10-08T21:23:13.6159733Z       |                                              |            |
2026-10-08T21:23:13.6163006Z       |                                              |            uint64_t {aka long unsigned int}
2026-10-08T21:23:13.6165484Z       |                                              long long unsigned int
2026-10-08T21:23:13.6167616Z       |                                           %lu
2026-10-08T21:23:13.6205979Z src/solver/Main.cc: In function ‘int main(int, char**)’:
2026-10-08T21:23:13.6213561Z src/solver/Main.cc:187:34: warning: format ‘%llu’ expects argument of type ‘long long unsigned int’, but argument 2 has type ‘uint64_t’ {aka ‘long unsigned int’} [-Wformat=]
2026-10-08T21:23:13.6219748Z   187 |         printf("c initial UB: %llu\n", S.initUB);
2026-10-08T21:23:13.6223693Z       |                               ~~~^     ~~~~~~~~
2026-10-08T21:23:13.6226603Z       |                                  |       |
2026-10-08T21:23:13.6228855Z       |                                  |       uint64_t {aka long unsigned int}
2026-10-08T21:23:13.6231059Z       |                                  long long unsigned int
2026-10-08T21:23:13.6233854Z       |                               %lu
2026-10-08T21:23:13.7754454Z src/solver/Main.cc: At global scope:
2026-10-08T21:23:13.7759774Z src/solver/Main.cc:108:13: warning: ‘void SIGINT_exit(int)’ defined but not used [-Wunused-function]
2026-10-08T21:23:13.7764868Z   108 | static void SIGINT_exit(int signum) {
2026-10-08T21:23:13.7767416Z       |             ^~~~~~~~~~~
2026-10-08T21:23:14.5816653Z src/core/distqldpc.cc: In function ‘void pipe_write_result(int, int, bool)’:
2026-10-08T21:23:14.5823929Z src/core/distqldpc.cc:162:20: warning: ignoring return value of ‘ssize_t write(int, const void*, size_t)’ declared with attribute ‘warn_unused_result’ [-Wunused-result]
2026-10-08T21:23:14.5828824Z   162 |         (void)write(pipe_w, buf, (size_t)n);
2026-10-08T21:23:14.5835423Z       |               ~~~~~^~~~~~~~~~~~~~~~~~~~~~~~
2026-10-08T21:23:19.3758070Z make: Leaving directory '/home/runner/work/DistQLDPC/DistQLDPC/candidate'
2026-10-08T21:23:19.3998381Z ##[group]Run set +e
2026-10-08T21:23:19.4000088Z [36;1mset +e[0m
2026-10-08T21:23:19.4010370Z [36;1mpython3 qdistsat/benchmarks/compare_distqldpc_binaries.py             --baseline-bin "$GITHUB_WORKSPACE/baseline/bin/distqldpc"             --candidate-bin "$GITHUB_WORKSPACE/candidate/bin/distqldpc"             --data-root "$GITHUB_WORKSPACE/qdistsat/data"             --stems LP_136_32_4 BB_108_8_10             --timeout 45             --json-out "$GITHUB_WORKSPACE/benchmark-results/result.json"             --markdown-out "$GITHUB_WORKSPACE/benchmark-results/summary.md"[0m
2026-10-08T21:23:19.4021540Z [36;1mcode=$?[0m
2026-10-08T21:23:19.4024450Z [36;1mcat "$GITHUB_WORKSPACE/benchmark-results/summary.md" >> "$GITHUB_STEP_SUMMARY"[0m
2026-10-08T21:23:19.4027432Z [36;1mecho "exit_code=$code" >> "$GITHUB_OUTPUT"[0m
2026-10-08T21:23:19.4029205Z [36;1mexit 0[0m
2026-10-08T21:23:19.4387793Z shell: /usr/bin/bash --noprofile --norc -e -o pipefail {0}
2026-10-08T21:23:19.4389292Z ##[endgroup]
2026-10-08T21:25:05.6696536Z # DistQLDPC cross-repo benchmark
2026-10-08T21:25:05.6697451Z 
2026-10-08T21:25:05.6697886Z Scientific results match: **YES**
2026-10-08T21:25:05.6698871Z 
2026-10-08T21:25:05.6699801Z Timing is informational only; shared CI runners are noisy.
2026-10-08T21:25:05.6701271Z 
2026-10-08T21:25:05.6702865Z | Stem | Config | Baseline | Candidate | Cand/Base time | Semantic match |
2026-10-08T21:25:05.6705151Z |---|---|---:|---:|---:|---|
2026-10-08T21:25:05.6706950Z | LP_136_32_4 | no-card | d=4 (0.96s) | d=4 (0.96s) | 1.00x | YES |
2026-10-08T21:25:05.6709213Z | LP_136_32_4 | card-mto | d=4 (1.46s) | d=4 (1.45s) | 0.99x | YES |
2026-10-08T21:25:05.6710728Z | BB_108_8_10 | no-card | d=10 (22.00s) | d=10 (22.32s) | 1.01x | YES |
2026-10-08T21:25:05.6713030Z | BB_108_8_10 | card-mto | d=10 (28.35s) | d=10 (28.47s) | 1.00x | YES |
2026-10-08T21:25:05.7393984Z ##[group]Run actions/upload-artifact@v4
2026-10-08T21:25:05.7395435Z with:
2026-10-08T21:25:05.7396307Z   name: qdistsat-cross-repo-benchmark
2026-10-08T21:25:05.7397434Z   path: benchmark-results/
2026-10-08T21:25:05.7398777Z   retention-days: 14
2026-10-08T21:25:05.7399630Z   if-no-files-found: warn
2026-10-08T21:25:05.7400525Z   compression-level: 6
2026-10-08T21:25:05.7401343Z   overwrite: false
2026-10-08T21:25:05.7403038Z   include-hidden-files: false
2026-10-08T21:25:05.7403976Z ##[endgroup]
2026-10-08T21:25:06.4930554Z (node:2904) [DEP0040] DeprecationWarning: The `punycode` module is deprecated. Please use a userland alternative instead.
2026-10-08T21:25:06.4934071Z (Use `node --trace-deprecation ...` to show where the warning was created)
2026-10-08T21:25:06.5241501Z With the provided path, there will be 3 files uploaded
2026-10-08T21:25:06.5268010Z Artifact name is valid!
2026-10-08T21:25:06.5273208Z Root directory input is valid!
2026-10-08T21:25:06.9688403Z Beginning upload of artifact content to blob storage
2026-10-08T21:25:07.0651374Z (node:2904) [DEP0169] DeprecationWarning: `url.parse()` behavior is not standardized and prone to errors that have security implications. Use the WHATWG URL API instead. CVEs are not issued for `url.parse()` vulnerabilities.
2026-10-08T21:25:07.2579069Z Uploaded bytes 1254
2026-10-08T21:25:07.3239823Z Finished uploading artifact content to blob storage!
2026-10-08T21:25:07.3243356Z SHA256 digest of uploaded artifact zip is 451d63d84f4d55472d6eba77500175eec12035c63f2b1637381b5739afe20c38
2026-10-08T21:25:07.3254346Z Finalizing artifact upload
2026-10-08T21:25:07.5761622Z Artifact qdistsat-cross-repo-benchmark.zip successfully finalized. Artifact ID 11580311686
2026-10-08T21:25:07.5765648Z Artifact qdistsat-cross-repo-benchmark has been successfully uploaded! Final size is 1254 bytes. Artifact ID is 11580311686
2026-10-08T21:25:07.5795697Z Artifact download URL: https://github.com/guluchen/DistQLDPC/actions/runs/37846104190/artifacts/11580311686
2026-10-08T21:25:07.6571601Z ##[group]Run if [ "0" != "0" ]; then
2026-10-08T21:25:07.6573571Z [36;1mif [ "0" != "0" ]; then[0m
2026-10-08T21:25:07.6575428Z [36;1m  echo "QDistSAT detected a scientific-result mismatch between baseline and candidate DistQLDPC."[0m
2026-10-08T21:25:07.6577222Z [36;1m  exit 1[0m
2026-10-08T21:25:07.6577981Z [36;1mfi[0m
2026-10-08T21:25:07.6908029Z shell: /usr/bin/bash --noprofile --norc -e -o pipefail {0}
2026-10-08T21:25:07.6909341Z ##[endgroup]
2026-10-08T21:25:07.7749366Z Post job cleanup.
2026-10-08T21:25:08.1649604Z [command]/usr/bin/git version
2026-10-08T21:25:08.1909803Z git version 2.55.0
2026-10-08T21:25:08.2086306Z Temporarily overriding HOME='/home/runner/work/_temp/54f7e0b1-1ee9-4ab6-9807-b6fef1657eff' before making global git config changes
2026-10-08T21:25:08.2089288Z Adding repository directory to the temporary git global config as a safe directory
2026-10-08T21:25:08.2125855Z [command]/usr/bin/git config --global --add safe.directory /home/runner/work/DistQLDPC/DistQLDPC/qdistsat
2026-10-08T21:25:08.2321351Z Removing SSH command configuration
2026-10-08T21:25:08.2363651Z [command]/usr/bin/git config --local --name-only --get-regexp core\.sshCommand
2026-10-08T21:25:08.2598414Z [command]/usr/bin/git submodule foreach --recursive sh -c "git config --local --name-only --get-regexp 'core\.sshCommand' && git config --local --unset-all 'core.sshCommand' || :"
2026-10-08T21:25:08.4016289Z Removing HTTP extra header
2026-10-08T21:25:08.4047109Z [command]/usr/bin/git config --local --name-only --get-regexp http\.https\:\/\/github\.com\/\.extraheader
2026-10-08T21:25:08.4260263Z [command]/usr/bin/git submodule foreach --recursive sh -c "git config --local --name-only --get-regexp 'http\.https\:\/\/github\.com\/\.extraheader' && git config --local --unset-all 'http.https://github.com/.extraheader' || :"
2026-10-08T21:25:08.5738046Z Removing includeIf entries pointing to credentials config files
2026-10-08T21:25:08.5770679Z [command]/usr/bin/git config --local --name-only --get-regexp ^includeIf\.gitdir:
2026-10-08T21:25:08.5952626Z includeif.gitdir:/home/runner/work/DistQLDPC/DistQLDPC/qdistsat/.git.path
2026-10-08T21:25:08.5966396Z includeif.gitdir:/home/runner/work/DistQLDPC/DistQLDPC/qdistsat/.git/worktrees/*.path
2026-10-08T21:25:08.5970091Z includeif.gitdir:/github/workspace/qdistsat/.git.path
2026-10-08T21:25:08.5973918Z includeif.gitdir:/github/workspace/qdistsat/.git/worktrees/*.path
2026-10-08T21:25:08.6015407Z [command]/usr/bin/git config --local --get-all includeif.gitdir:/home/runner/work/DistQLDPC/DistQLDPC/qdistsat/.git.path
2026-10-08T21:25:08.6192977Z /home/runner/work/_temp/git-credentials-d703f353-3378-4965-bb74-3c23c3f0566d.config
2026-10-08T21:25:08.6241740Z [command]/usr/bin/git config --local --unset includeif.gitdir:/home/runner/work/DistQLDPC/DistQLDPC/qdistsat/.git.path \/home\/runner\/work\/_temp\/git\-credentials\-d703f353\-3378\-4965\-bb74\-3c23c3f0566d\.config
2026-10-08T21:25:08.6556053Z [command]/usr/bin/git config --local --get-all includeif.gitdir:/home/runner/work/DistQLDPC/DistQLDPC/qdistsat/.git/worktrees/*.path
2026-10-08T21:25:08.6765927Z /home/runner/work/_temp/git-credentials-d703f353-3378-4965-bb74-3c23c3f0566d.config
2026-10-08T21:25:08.6890434Z [command]/usr/bin/git config --local --unset includeif.gitdir:/home/runner/work/DistQLDPC/DistQLDPC/qdistsat/.git/worktrees/*.path \/home\/runner\/work\/_temp\/git\-credentials\-d703f353\-3378\-4965\-bb74\-3c23c3f0566d\.config
2026-10-08T21:25:08.7103034Z [command]/usr/bin/git config --local --get-all includeif.gitdir:/github/workspace/qdistsat/.git.path
2026-10-08T21:25:08.7284873Z /github/runner_temp/git-credentials-d703f353-3378-4965-bb74-3c23c3f0566d.config
2026-10-08T21:25:08.7333616Z [command]/usr/bin/git config --local --unset includeif.gitdir:/github/workspace/qdistsat/.git.path \/github\/runner_temp\/git\-credentials\-d703f353\-3378\-4965\-bb74\-3c23c3f0566d\.config
2026-10-08T21:25:08.7593870Z [command]/usr/bin/git config --local --get-all includeif.gitdir:/github/workspace/qdistsat/.git/worktrees/*.path
2026-10-08T21:25:08.7774224Z /github/runner_temp/git-credentials-d703f353-3378-4965-bb74-3c23c3f0566d.config
2026-10-08T21:25:08.7832778Z [command]/usr/bin/git config --local --unset includeif.gitdir:/github/workspace/qdistsat/.git/worktrees/*.path \/github\/runner_temp\/git\-credentials\-d703f353\-3378\-4965\-bb74\-3c23c3f0566d\.config
2026-10-08T21:25:08.8070387Z [command]/usr/bin/git submodule foreach --recursive git config --local --show-origin --name-only --get-regexp remote.origin.url
2026-10-08T21:25:08.9511462Z Removing credentials config '/home/runner/work/_temp/git-credentials-d703f353-3378-4965-bb74-3c23c3f0566d.config'
2026-10-08T21:25:09.0404311Z Post job cleanup.
2026-10-08T21:25:09.4585283Z [command]/usr/bin/git version
2026-10-08T21:25:09.4831570Z git version 2.55.0
2026-10-08T21:25:09.4994315Z Temporarily overriding HOME='/home/runner/work/_temp/903033aa-3659-4546-ac20-7624d077473c' before making global git config changes
2026-10-08T21:25:09.4999338Z Adding repository directory to the temporary git global config as a safe directory
2026-10-08T21:25:09.5017608Z [command]/usr/bin/git config --global --add safe.directory /home/runner/work/DistQLDPC/DistQLDPC/baseline
2026-10-08T21:25:09.5204890Z Removing SSH command configuration
2026-10-08T21:25:09.5238262Z [command]/usr/bin/git config --local --name-only --get-regexp core\.sshCommand
2026-10-08T21:25:09.5440694Z [command]/usr/bin/git submodule foreach --recursive sh -c "git config --local --name-only --get-regexp 'core\.sshCommand' && git config --local --unset-all 'core.sshCommand' || :"
2026-10-08T21:25:09.7034521Z Removing HTTP extra header
2026-10-08T21:25:09.7049097Z [command]/usr/bin/git config --local --name-only --get-regexp http\.https\:\/\/github\.com\/\.extraheader
2026-10-08T21:25:09.7245536Z [command]/usr/bin/git submodule foreach --recursive sh -c "git config --local --name-only --get-regexp 'http\.https\:\/\/github\.com\/\.extraheader' && git config --local --unset-all 'http.https://github.com/.extraheader' || :"
2026-10-08T21:25:09.8696640Z Removing includeIf entries pointing to credentials config files
2026-10-08T21:25:09.8733950Z [command]/usr/bin/git config --local --name-only --get-regexp ^includeIf\.gitdir:
2026-10-08T21:25:09.8909182Z includeif.gitdir:/home/runner/work/DistQLDPC/DistQLDPC/baseline/.git.path
2026-10-08T21:25:09.8911405Z includeif.gitdir:/home/runner/work/DistQLDPC/DistQLDPC/baseline/.git/worktrees/*.path
2026-10-08T21:25:09.8914215Z includeif.gitdir:/github/workspace/baseline/.git.path
2026-10-08T21:25:09.8915785Z includeif.gitdir:/github/workspace/baseline/.git/worktrees/*.path
2026-10-08T21:25:09.8956159Z [command]/usr/bin/git config --local --get-all includeif.gitdir:/home/runner/work/DistQLDPC/DistQLDPC/baseline/.git.path
2026-10-08T21:25:09.9135295Z /home/runner/work/_temp/git-credentials-c032a83b-af0e-4dc7-94c2-9ebb064778cf.config
2026-10-08T21:25:09.9199431Z [command]/usr/bin/git config --local --unset includeif.gitdir:/home/runner/work/DistQLDPC/DistQLDPC/baseline/.git.path \/home\/runner\/work\/_temp\/git\-credentials\-c032a83b\-af0e\-4dc7\-94c2\-9ebb064778cf\.config
2026-10-08T21:25:09.9445971Z [command]/usr/bin/git config --local --get-all includeif.gitdir:/home/runner/work/DistQLDPC/DistQLDPC/baseline/.git/worktrees/*.path
2026-10-08T21:25:09.9613117Z /home/runner/work/_temp/git-credentials-c032a83b-af0e-4dc7-94c2-9ebb064778cf.config
2026-10-08T21:25:09.9663602Z [command]/usr/bin/git config --local --unset includeif.gitdir:/home/runner/work/DistQLDPC/DistQLDPC/baseline/.git/worktrees/*.path \/home\/runner\/work\/_temp\/git\-credentials\-c032a83b\-af0e\-4dc7\-94c2\-9ebb064778cf\.config
2026-10-08T21:25:09.9933306Z [command]/usr/bin/git config --local --get-all includeif.gitdir:/github/workspace/baseline/.git.path
2026-10-08T21:25:10.0095157Z /github/runner_temp/git-credentials-c032a83b-af0e-4dc7-94c2-9ebb064778cf.config
2026-10-08T21:25:10.0133479Z [command]/usr/bin/git config --local --unset includeif.gitdir:/github/workspace/baseline/.git.path \/github\/runner_temp\/git\-credentials\-c032a83b\-af0e\-4dc7\-94c2\-9ebb064778cf\.config
2026-10-08T21:25:10.0344921Z [command]/usr/bin/git config --local --get-all includeif.gitdir:/github/workspace/baseline/.git/worktrees/*.path
2026-10-08T21:25:10.0505379Z /github/runner_temp/git-credentials-c032a83b-af0e-4dc7-94c2-9ebb064778cf.config
2026-10-08T21:25:10.0543289Z [command]/usr/bin/git config --local --unset includeif.gitdir:/github/workspace/baseline/.git/worktrees/*.path \/github\/runner_temp\/git\-credentials\-c032a83b\-af0e\-4dc7\-94c2\-9ebb064778cf\.config
2026-10-08T21:25:10.0773760Z [command]/usr/bin/git submodule foreach --recursive git config --local --show-origin --name-only --get-regexp remote.origin.url
2026-10-08T21:25:10.2085022Z Removing credentials config '/home/runner/work/_temp/git-credentials-c032a83b-af0e-4dc7-94c2-9ebb064778cf.config'
2026-10-08T21:25:10.2861323Z Post job cleanup.
2026-10-08T21:25:10.6751515Z [command]/usr/bin/git version
2026-10-08T21:25:10.7008151Z git version 2.55.0
2026-10-08T21:25:10.7205487Z Temporarily overriding HOME='/home/runner/work/_temp/51282356-acbf-4790-a6a8-f7aa7d1a2eff' before making global git config changes
2026-10-08T21:25:10.7211271Z Adding repository directory to the temporary git global config as a safe directory
2026-10-08T21:25:10.7231280Z [command]/usr/bin/git config --global --add safe.directory /home/runner/work/DistQLDPC/DistQLDPC/candidate
2026-10-08T21:25:10.7418041Z Removing SSH command configuration
2026-10-08T21:25:10.7453392Z [command]/usr/bin/git config --local --name-only --get-regexp core\.sshCommand
2026-10-08T21:25:10.7675118Z [command]/usr/bin/git submodule foreach --recursive sh -c "git config --local --name-only --get-regexp 'core\.sshCommand' && git config --local --unset-all 'core.sshCommand' || :"
2026-10-08T21:25:10.9135445Z Removing HTTP extra header
2026-10-08T21:25:10.9165735Z [command]/usr/bin/git config --local --name-only --get-regexp http\.https\:\/\/github\.com\/\.extraheader
2026-10-08T21:25:10.9375234Z [command]/usr/bin/git submodule foreach --recursive sh -c "git config --local --name-only --get-regexp 'http\.https\:\/\/github\.com\/\.extraheader' && git config --local --unset-all 'http.https://github.com/.extraheader' || :"
2026-10-08T21:25:11.0785778Z Removing includeIf entries pointing to credentials config files
2026-10-08T21:25:11.0812523Z [command]/usr/bin/git config --local --name-only --get-regexp ^includeIf\.gitdir:
2026-10-08T21:25:11.0993613Z includeif.gitdir:/home/runner/work/DistQLDPC/DistQLDPC/candidate/.git.path
2026-10-08T21:25:11.0997125Z includeif.gitdir:/home/runner/work/DistQLDPC/DistQLDPC/candidate/.git/worktrees/*.path
2026-10-08T21:25:11.1000145Z includeif.gitdir:/github/workspace/candidate/.git.path
2026-10-08T21:25:11.1003241Z includeif.gitdir:/github/workspace/candidate/.git/worktrees/*.path
2026-10-08T21:25:11.1039803Z [command]/usr/bin/git config --local --get-all includeif.gitdir:/home/runner/work/DistQLDPC/DistQLDPC/candidate/.git.path
2026-10-08T21:25:11.1211306Z /home/runner/work/_temp/git-credentials-737508d2-f01f-402d-88eb-5250ce5a5e45.config
2026-10-08T21:25:11.1264333Z [command]/usr/bin/git config --local --unset includeif.gitdir:/home/runner/work/DistQLDPC/DistQLDPC/candidate/.git.path \/home\/runner\/work\/_temp\/git\-credentials\-737508d2\-f01f\-402d\-88eb\-5250ce5a5e45\.config
2026-10-08T21:25:11.1496361Z [command]/usr/bin/git config --local --get-all includeif.gitdir:/home/runner/work/DistQLDPC/DistQLDPC/candidate/.git/worktrees/*.path
2026-10-08T21:25:11.1658179Z /home/runner/work/_temp/git-credentials-737508d2-f01f-402d-88eb-5250ce5a5e45.config
2026-10-08T21:25:11.1711580Z [command]/usr/bin/git config --local --unset includeif.gitdir:/home/runner/work/DistQLDPC/DistQLDPC/candidate/.git/worktrees/*.path \/home\/runner\/work\/_temp\/git\-credentials\-737508d2\-f01f\-402d\-88eb\-5250ce5a5e45\.config
2026-10-08T21:25:11.1924789Z [command]/usr/bin/git config --local --get-all includeif.gitdir:/github/workspace/candidate/.git.path
2026-10-08T21:25:11.2092684Z /github/runner_temp/git-credentials-737508d2-f01f-402d-88eb-5250ce5a5e45.config
2026-10-08T21:25:11.2129109Z [command]/usr/bin/git config --local --unset includeif.gitdir:/github/workspace/candidate/.git.path \/github\/runner_temp\/git\-credentials\-737508d2\-f01f\-402d\-88eb\-5250ce5a5e45\.config
2026-10-08T21:25:11.2346959Z [command]/usr/bin/git config --local --get-all includeif.gitdir:/github/workspace/candidate/.git/worktrees/*.path
2026-10-08T21:25:11.2504485Z /github/runner_temp/git-credentials-737508d2-f01f-402d-88eb-5250ce5a5e45.config
2026-10-08T21:25:11.2541538Z [command]/usr/bin/git config --local --unset includeif.gitdir:/github/workspace/candidate/.git/worktrees/*.path \/github\/runner_temp\/git\-credentials\-737508d2\-f01f\-402d\-88eb\-5250ce5a5e45\.config
2026-10-08T21:25:11.2761560Z [command]/usr/bin/git submodule foreach --recursive git config --local --show-origin --name-only --get-regexp remote.origin.url
2026-10-08T21:25:11.4062900Z Removing credentials config '/home/runner/work/_temp/git-credentials-737508d2-f01f-402d-88eb-5250ce5a5e45.config'
2026-10-08T21:25:11.4783666Z Cleaning up orphan processes
2026-10-08T21:25:11.6187879Z ##[warning]Node.js 20 is deprecated. The following actions target Node.js 20 but are being forced to run on Node.js 24: actions/upload-artifact@v4. For more information see: https://github.blog/changelog/2025-09-19-deprecation-of-node-20-on-github-actions-runners/

