2026-10-08T20:32:11.7404705Z Current runner version: '2.337.0'
2026-10-08T20:32:11.7433528Z ##[group]Runner Image Provisioner
2026-10-08T20:32:11.7434402Z Hosted Compute Agent
2026-10-08T20:32:11.7435009Z Version: 20261002.596
2026-10-08T20:32:11.7435743Z Commit: c3d12f3313a95f25162a1503be624f3b0617f8c0
2026-10-08T20:32:11.7436732Z Build Date: 2026-10-02T22:28:27Z
2026-10-08T20:32:11.7437509Z Worker ID: {22e72c3d-958f-4a00-817b-181a46bb4354}
2026-10-08T20:32:11.7438252Z Region: eastus
2026-10-08T20:32:11.7438822Z Cloud: Azure
2026-10-08T20:32:11.7439450Z ##[endgroup]
2026-10-08T20:32:11.7441589Z ##[group]Operating System
2026-10-08T20:32:11.7442237Z Ubuntu
2026-10-08T20:32:11.7442871Z 24.04.5
2026-10-08T20:32:11.7443388Z LTS
2026-10-08T20:32:11.7444138Z ##[endgroup]
2026-10-08T20:32:11.7444724Z ##[group]Runner Image
2026-10-08T20:32:11.7445367Z Image: ubuntu-24.04
2026-10-08T20:32:11.7446225Z Version: 20261004.327.1
2026-10-08T20:32:11.7447646Z Included Software: https://github.com/actions/runner-images/blob/ubuntu24/20261004.327/images/ubuntu/Ubuntu2404-Readme.md
2026-10-08T20:32:11.7449268Z Image Release: https://github.com/actions/runner-images/releases/tag/ubuntu24%2F20261004.327
2026-10-08T20:32:11.7450280Z ##[endgroup]
2026-10-08T20:32:11.7451489Z ##[group]GITHUB_TOKEN Permissions
2026-10-08T20:32:11.7453788Z Contents: write
2026-10-08T20:32:11.7454522Z Metadata: read
2026-10-08T20:32:11.7455098Z ##[endgroup]
2026-10-08T20:32:11.7457928Z Secret source: Actions
2026-10-08T20:32:11.7459006Z Cache mode: write
2026-10-08T20:32:11.7459838Z Prepare workflow directory
2026-10-08T20:32:11.7812743Z Prepare all required actions
2026-10-08T20:32:11.7863321Z Getting action download info
2026-10-08T20:32:12.0071491Z Download action repository 'actions/checkout@v7' (SHA:3d3c42e5aac5ba805825da76410c181273ba90b1)
2026-10-08T20:32:12.1152924Z Download action repository 'actions/upload-artifact@v4' (SHA:ea165f8d65b6e75b540449e92b4886f43607fa02)
2026-10-08T20:32:12.3471109Z Complete job name: compare
2026-10-08T20:32:12.4322452Z ##[group]Run actions/checkout@v7
2026-10-08T20:32:12.4323752Z with:
2026-10-08T20:32:12.4324206Z   path: candidate
2026-10-08T20:32:12.4324663Z   fetch-depth: 0
2026-10-08T20:32:12.4325144Z   repository: guluchen/DistQLDPC
2026-10-08T20:32:12.4329075Z   token: ***
2026-10-08T20:32:12.4329534Z   ssh-strict: true
2026-10-08T20:32:12.4329987Z   ssh-user: git
2026-10-08T20:32:12.4330447Z   persist-credentials: true
2026-10-08T20:32:12.4330954Z   clean: true
2026-10-08T20:32:12.4331414Z   sparse-checkout-cone-mode: true
2026-10-08T20:32:12.4331959Z   fetch-tags: false
2026-10-08T20:32:12.4332422Z   show-progress: true
2026-10-08T20:32:12.4332884Z   lfs: false
2026-10-08T20:32:12.4333321Z   submodules: false
2026-10-08T20:32:12.4333799Z   set-safe-directory: true
2026-10-08T20:32:12.4334352Z   allow-unsafe-pr-checkout: false
2026-10-08T20:32:12.4335222Z ##[endgroup]
2026-10-08T20:32:12.5353014Z Syncing repository: guluchen/DistQLDPC
2026-10-08T20:32:12.5355746Z ##[group]Getting Git version info
2026-10-08T20:32:12.5357308Z Working directory is '/home/runner/work/DistQLDPC/DistQLDPC/candidate'
2026-10-08T20:32:12.5358495Z [command]/usr/bin/git version
2026-10-08T20:32:12.5507454Z git version 2.55.0
2026-10-08T20:32:12.5532377Z ##[endgroup]
2026-10-08T20:32:12.5544210Z Temporarily overriding HOME='/home/runner/work/_temp/d54c9450-bf39-46f9-8d22-eee7fa0fd6da' before making global git config changes
2026-10-08T20:32:12.5551055Z Adding repository directory to the temporary git global config as a safe directory
2026-10-08T20:32:12.5553264Z [command]/usr/bin/git config --global --add safe.directory /home/runner/work/DistQLDPC/DistQLDPC/candidate
2026-10-08T20:32:12.5602745Z ##[group]Determining repository object format
2026-10-08T20:32:12.5604773Z ##[endgroup]
2026-10-08T20:32:12.5605580Z ##[group]Initializing the repository
2026-10-08T20:32:12.5610892Z [command]/usr/bin/git init /home/runner/work/DistQLDPC/DistQLDPC/candidate
2026-10-08T20:32:12.5730381Z hint: Using 'master' as the name for the initial branch. This default branch name
2026-10-08T20:32:12.5733088Z hint: will change to "main" in Git 3.0. To configure the initial branch name
2026-10-08T20:32:12.5734830Z hint: to use in all of your new repositories, which will suppress this warning,
2026-10-08T20:32:12.5736633Z hint: call:
2026-10-08T20:32:12.5737655Z hint:
2026-10-08T20:32:12.5738911Z hint: 	git config --global init.defaultBranch <name>
2026-10-08T20:32:12.5740301Z hint:
2026-10-08T20:32:12.5741400Z hint: Names commonly chosen instead of 'master' are 'main', 'trunk' and
2026-10-08T20:32:12.5743279Z hint: 'development'. The just-created branch can be renamed via this command:
2026-10-08T20:32:12.5744856Z hint:
2026-10-08T20:32:12.5745706Z hint: 	git branch -m <name>
2026-10-08T20:32:12.5746816Z hint:
2026-10-08T20:32:12.5747890Z hint: Disable this message with "git config set advice.defaultBranchName false"
2026-10-08T20:32:12.5750203Z Initialized empty Git repository in /home/runner/work/DistQLDPC/DistQLDPC/candidate/.git/
2026-10-08T20:32:12.5762451Z [command]/usr/bin/git remote add origin https://github.com/guluchen/DistQLDPC
2026-10-08T20:32:12.5812373Z ##[endgroup]
2026-10-08T20:32:12.5813703Z ##[group]Disabling automatic garbage collection
2026-10-08T20:32:12.5817343Z [command]/usr/bin/git config --local gc.auto 0
2026-10-08T20:32:12.5855119Z ##[endgroup]
2026-10-08T20:32:12.5856718Z ##[group]Setting up auth
2026-10-08T20:32:12.5858009Z Removing SSH command configuration
2026-10-08T20:32:12.5863496Z [command]/usr/bin/git config --local --name-only --get-regexp core\.sshCommand
2026-10-08T20:32:12.5902685Z [command]/usr/bin/git submodule foreach --recursive sh -c "git config --local --name-only --get-regexp 'core\.sshCommand' && git config --local --unset-all 'core.sshCommand' || :"
2026-10-08T20:32:12.6282024Z Removing HTTP extra header
2026-10-08T20:32:12.6288556Z [command]/usr/bin/git config --local --name-only --get-regexp http\.https\:\/\/github\.com\/\.extraheader
2026-10-08T20:32:12.6327091Z [command]/usr/bin/git submodule foreach --recursive sh -c "git config --local --name-only --get-regexp 'http\.https\:\/\/github\.com\/\.extraheader' && git config --local --unset-all 'http.https://github.com/.extraheader' || :"
2026-10-08T20:32:12.6551056Z Removing includeIf entries pointing to credentials config files
2026-10-08T20:32:12.6557233Z [command]/usr/bin/git config --local --name-only --get-regexp ^includeIf\.gitdir:
2026-10-08T20:32:12.6600723Z [command]/usr/bin/git submodule foreach --recursive git config --local --show-origin --name-only --get-regexp remote.origin.url
2026-10-08T20:32:12.6842044Z [command]/usr/bin/git config --file /home/runner/work/_temp/git-credentials-d1d0c446-c6c8-43e8-9cdd-f084fe0bea10.config http.https://github.com/.extraheader AUTHORIZATION: basic ***
2026-10-08T20:32:12.6885031Z [command]/usr/bin/git config --local includeIf.gitdir:/home/runner/work/DistQLDPC/DistQLDPC/candidate/.git.path /home/runner/work/_temp/git-credentials-d1d0c446-c6c8-43e8-9cdd-f084fe0bea10.config
2026-10-08T20:32:12.6922897Z [command]/usr/bin/git config --local includeIf.gitdir:/home/runner/work/DistQLDPC/DistQLDPC/candidate/.git/worktrees/*.path /home/runner/work/_temp/git-credentials-d1d0c446-c6c8-43e8-9cdd-f084fe0bea10.config
2026-10-08T20:32:12.6963565Z [command]/usr/bin/git config --local includeIf.gitdir:/github/workspace/candidate/.git.path /github/runner_temp/git-credentials-d1d0c446-c6c8-43e8-9cdd-f084fe0bea10.config
2026-10-08T20:32:12.7001852Z [command]/usr/bin/git config --local includeIf.gitdir:/github/workspace/candidate/.git/worktrees/*.path /github/runner_temp/git-credentials-d1d0c446-c6c8-43e8-9cdd-f084fe0bea10.config
2026-10-08T20:32:12.7039504Z ##[endgroup]
2026-10-08T20:32:12.7040438Z ##[group]Fetching the repository
2026-10-08T20:32:12.7049462Z [command]/usr/bin/git -c protocol.version=2 fetch --no-tags --prune --no-recurse-submodules origin +refs/heads/*:refs/remotes/origin/* +refs/tags/*:refs/tags/* +10d4f85d9a9cdf1d70189a66cd3e297240e872f1:refs/remotes/pull/45/merge
2026-10-08T20:32:15.9663085Z From https://github.com/guluchen/DistQLDPC
2026-10-08T20:32:15.9665428Z  * [new branch]      chore/autonomous-workflow-pilot          -> origin/chore/autonomous-workflow-pilot
2026-10-08T20:32:15.9668776Z  * [new branch]      chore/codex-integration-probe            -> origin/chore/codex-integration-probe
2026-10-08T20:32:15.9671721Z  * [new branch]      ci/cleanup-pi-escalation-test            -> origin/ci/cleanup-pi-escalation-test
2026-10-08T20:32:15.9674547Z  * [new branch]      ci/fire-pi-escalation-test               -> origin/ci/fire-pi-escalation-test
2026-10-08T20:32:15.9677871Z  * [new branch]      ci/pi-escalation-dispatch                -> origin/ci/pi-escalation-dispatch
2026-10-08T20:32:15.9680653Z  * [new branch]      ci/qdist-cross-repo-benchmark            -> origin/ci/qdist-cross-repo-benchmark
2026-10-08T20:32:15.9683653Z  * [new branch]      ci/test-pi-escalation-slack              -> origin/ci/test-pi-escalation-slack
2026-10-08T20:32:15.9687579Z  * [new branch]      docs/optimization-loop-policy            -> origin/docs/optimization-loop-policy
2026-10-08T20:32:15.9691175Z  * [new branch]      docs/require-cross-repo-benchmark        -> origin/docs/require-cross-repo-benchmark
2026-10-08T20:32:15.9694702Z  * [new branch]      experiment/fable-triwatch-20261008       -> origin/experiment/fable-triwatch-20261008
2026-10-08T20:32:15.9698418Z  * [new branch]      experiment/gh-34-mac-litvals             -> origin/experiment/gh-34-mac-litvals
2026-10-08T20:32:15.9701332Z  * [new branch]      experiment/gh16-pgo                      -> origin/experiment/gh16-pgo
2026-10-08T20:32:15.9704265Z  * [new branch]      experiment/gh17-scratch                  -> origin/experiment/gh17-scratch
2026-10-08T20:32:15.9707576Z  * [new branch]      experiment/gh20-watch-tail               -> origin/experiment/gh20-watch-tail
2026-10-08T20:32:15.9710715Z  * [new branch]      experiment/gh21-o2                       -> origin/experiment/gh21-o2
2026-10-08T20:32:15.9713913Z  * [new branch]      experiment/gh22-vsids                    -> origin/experiment/gh22-vsids
2026-10-08T20:32:15.9718260Z  * [new branch]      experiment/gh26-fla2                     -> origin/experiment/gh26-fla2
2026-10-08T20:32:15.9721165Z  * [new branch]      experiment/gh27-lk-enqueue               -> origin/experiment/gh27-lk-enqueue
2026-10-08T20:32:15.9723802Z  * [new branch]      experiment/gh30-mto-vsids                -> origin/experiment/gh30-mto-vsids
2026-10-08T20:32:15.9726496Z  * [new branch]      experiment/gh32-mtune                    -> origin/experiment/gh32-mtune
2026-10-08T20:32:15.9729151Z  * [new branch]      experiment/gh36-witness                  -> origin/experiment/gh36-witness
2026-10-08T20:32:15.9731427Z  * [new branch]      experiment/gh38-clang                    -> origin/experiment/gh38-clang
2026-10-08T20:32:15.9733690Z  * [new branch]      experiment/gh40-ternary                  -> origin/experiment/gh40-ternary
2026-10-08T20:32:15.9736371Z  * [new branch]      experiment/gh41-mto-witness              -> origin/experiment/gh41-mto-witness
2026-10-08T20:32:15.9738904Z  * [new branch]      experiment/gh44-isa                      -> origin/experiment/gh44-isa
2026-10-08T20:32:15.9750911Z  * [new branch]      experiment/gh46-lookahead-scratch        -> origin/experiment/gh46-lookahead-scratch
2026-10-08T20:32:15.9753686Z  * [new branch]      experiment/h001-logical-row-xor          -> origin/experiment/h001-logical-row-xor
2026-10-08T20:32:15.9756629Z  * [new branch]      experiment/h007-lto                      -> origin/experiment/h007-lto
2026-10-08T20:32:15.9759142Z  * [new branch]      experiment/h008-sls-warm-start           -> origin/experiment/h008-sls-warm-start
2026-10-08T20:32:15.9761709Z  * [new branch]      experiment/h009-bdd-bound                -> origin/experiment/h009-bdd-bound
2026-10-08T20:32:15.9763710Z  * [new branch]      main                                     -> origin/main
2026-10-08T20:32:15.9765820Z  * [new branch]      policy/compute-cost-guardrails           -> origin/policy/compute-cost-guardrails
2026-10-08T20:32:15.9768401Z  * [new ref]         10d4f85d9a9cdf1d70189a66cd3e297240e872f1 -> pull/45/merge
2026-10-08T20:32:15.9772226Z ##[endgroup]
2026-10-08T20:32:15.9773647Z ##[group]Determining the checkout info
2026-10-08T20:32:15.9775257Z ##[endgroup]
2026-10-08T20:32:15.9776419Z [command]/usr/bin/git sparse-checkout disable
2026-10-08T20:32:15.9779559Z [command]/usr/bin/git config --local --unset-all extensions.worktreeConfig
2026-10-08T20:32:15.9838822Z ##[group]Checking out the ref
2026-10-08T20:32:15.9840561Z [command]/usr/bin/git checkout --progress --force refs/remotes/pull/45/merge
2026-10-08T20:32:16.0498935Z Note: switching to 'refs/remotes/pull/45/merge'.
2026-10-08T20:32:16.0500292Z 
2026-10-08T20:32:16.0501541Z You are in 'detached HEAD' state. You can look around, make experimental
2026-10-08T20:32:16.0503955Z changes and commit them, and you can discard any commits you make in this
2026-10-08T20:32:16.0505799Z state without impacting any branches by switching back to a branch.
2026-10-08T20:32:16.0506852Z 
2026-10-08T20:32:16.0507438Z If you want to create a new branch to retain commits you create, you may
2026-10-08T20:32:16.0508828Z do so (now or later) by using -c with the switch command. Example:
2026-10-08T20:32:16.0509640Z 
2026-10-08T20:32:16.0510017Z   git switch -c <new-branch-name>
2026-10-08T20:32:16.0510759Z 
2026-10-08T20:32:16.0511138Z Or undo this operation with:
2026-10-08T20:32:16.0511683Z 
2026-10-08T20:32:16.0511999Z   git switch -
2026-10-08T20:32:16.0512449Z 
2026-10-08T20:32:16.0513209Z Turn off this advice by setting config variable advice.detachedHead to false
2026-10-08T20:32:16.0514242Z 
2026-10-08T20:32:16.0515461Z HEAD is now at 10d4f85 Merge 09f32016f6da1d6218f534b0c3f8ae16d1b52614 into 24572d6d09cce9a4a5faa58300a89e0feba9da6a
2026-10-08T20:32:16.0544657Z ##[endgroup]
2026-10-08T20:32:16.0595419Z [command]/usr/bin/git log -1 --format=%H
2026-10-08T20:32:16.0628408Z 10d4f85d9a9cdf1d70189a66cd3e297240e872f1
2026-10-08T20:32:16.0931586Z ##[group]Run set -euo pipefail
2026-10-08T20:32:16.0933008Z [36;1mset -euo pipefail[0m
2026-10-08T20:32:16.0934399Z [36;1mif [ "pull_request" = "pull_request" ]; then[0m
2026-10-08T20:32:16.0936347Z [36;1m  base="24572d6d09cce9a4a5faa58300a89e0feba9da6a"[0m
2026-10-08T20:32:16.0939843Z [36;1melif [ -n "9cd1f61f3b9b879d65828f3feea24096b46946da" ] && [ "9cd1f61f3b9b879d65828f3feea24096b46946da" != "0000000000000000000000000000000000000000" ]; then[0m
2026-10-08T20:32:16.0943363Z [36;1m  base="9cd1f61f3b9b879d65828f3feea24096b46946da"[0m
2026-10-08T20:32:16.0944925Z [36;1melse[0m
2026-10-08T20:32:16.0946099Z [36;1m  base="$(git rev-parse HEAD^)"[0m
2026-10-08T20:32:16.0947419Z [36;1mfi[0m
2026-10-08T20:32:16.0948498Z [36;1mecho "base=$base" >> "$GITHUB_OUTPUT"[0m
2026-10-08T20:32:16.0950298Z [36;1mecho "candidate=$(git rev-parse HEAD)" >> "$GITHUB_OUTPUT"[0m
2026-10-08T20:32:16.1199784Z shell: /usr/bin/bash --noprofile --norc -e -o pipefail {0}
2026-10-08T20:32:16.1201560Z ##[endgroup]
2026-10-08T20:32:16.1624708Z ##[group]Run actions/checkout@v7
2026-10-08T20:32:16.1625939Z with:
2026-10-08T20:32:16.1627422Z   ref: 24572d6d09cce9a4a5faa58300a89e0feba9da6a
2026-10-08T20:32:16.1628755Z   path: baseline
2026-10-08T20:32:16.1629731Z   fetch-depth: 1
2026-10-08T20:32:16.1630744Z   repository: guluchen/DistQLDPC
2026-10-08T20:32:16.1640452Z   token: ***
2026-10-08T20:32:16.1641411Z   ssh-strict: true
2026-10-08T20:32:16.1642380Z   ssh-user: git
2026-10-08T20:32:16.1643370Z   persist-credentials: true
2026-10-08T20:32:16.1644471Z   clean: true
2026-10-08T20:32:16.1645476Z   sparse-checkout-cone-mode: true
2026-10-08T20:32:16.1646809Z   fetch-tags: false
2026-10-08T20:32:16.1647803Z   show-progress: true
2026-10-08T20:32:16.1648808Z   lfs: false
2026-10-08T20:32:16.1649786Z   submodules: false
2026-10-08T20:32:16.1650819Z   set-safe-directory: true
2026-10-08T20:32:16.1652000Z   allow-unsafe-pr-checkout: false
2026-10-08T20:32:16.1653212Z ##[endgroup]
2026-10-08T20:32:16.2578707Z Syncing repository: guluchen/DistQLDPC
2026-10-08T20:32:16.2584752Z ##[group]Getting Git version info
2026-10-08T20:32:16.2587160Z Working directory is '/home/runner/work/DistQLDPC/DistQLDPC/baseline'
2026-10-08T20:32:16.2635320Z [command]/usr/bin/git version
2026-10-08T20:32:16.2681546Z git version 2.55.0
2026-10-08T20:32:16.2708172Z ##[endgroup]
2026-10-08T20:32:16.2719567Z Temporarily overriding HOME='/home/runner/work/_temp/0af0f567-e1be-4600-93e3-f801a9b69afe' before making global git config changes
2026-10-08T20:32:16.2723699Z Adding repository directory to the temporary git global config as a safe directory
2026-10-08T20:32:16.2728015Z [command]/usr/bin/git config --global --add safe.directory /home/runner/work/DistQLDPC/DistQLDPC/baseline
2026-10-08T20:32:16.2759990Z ##[group]Determining repository object format
2026-10-08T20:32:16.2762454Z ##[endgroup]
2026-10-08T20:32:16.2763974Z ##[group]Initializing the repository
2026-10-08T20:32:16.2767014Z [command]/usr/bin/git init /home/runner/work/DistQLDPC/DistQLDPC/baseline
2026-10-08T20:32:16.2815663Z hint: Using 'master' as the name for the initial branch. This default branch name
2026-10-08T20:32:16.2819929Z hint: will change to "main" in Git 3.0. To configure the initial branch name
2026-10-08T20:32:16.2839769Z hint: to use in all of your new repositories, which will suppress this warning,
2026-10-08T20:32:16.2842491Z hint: call:
2026-10-08T20:32:16.2844387Z hint:
2026-10-08T20:32:16.2846425Z hint: 	git config --global init.defaultBranch <name>
2026-10-08T20:32:16.2848735Z hint:
2026-10-08T20:32:16.2850817Z hint: Names commonly chosen instead of 'master' are 'main', 'trunk' and
2026-10-08T20:32:16.2854118Z hint: 'development'. The just-created branch can be renamed via this command:
2026-10-08T20:32:16.2857080Z hint:
2026-10-08T20:32:16.2858538Z hint: 	git branch -m <name>
2026-10-08T20:32:16.2860202Z hint:
2026-10-08T20:32:16.2862458Z hint: Disable this message with "git config set advice.defaultBranchName false"
2026-10-08T20:32:16.2865336Z Initialized empty Git repository in /home/runner/work/DistQLDPC/DistQLDPC/baseline/.git/
2026-10-08T20:32:16.2870220Z [command]/usr/bin/git remote add origin https://github.com/guluchen/DistQLDPC
2026-10-08T20:32:16.2893240Z ##[endgroup]
2026-10-08T20:32:16.2894944Z ##[group]Disabling automatic garbage collection
2026-10-08T20:32:16.2897402Z [command]/usr/bin/git config --local gc.auto 0
2026-10-08T20:32:16.2932597Z ##[endgroup]
2026-10-08T20:32:16.2934209Z ##[group]Setting up auth
2026-10-08T20:32:16.2935361Z Removing SSH command configuration
2026-10-08T20:32:16.2938077Z [command]/usr/bin/git config --local --name-only --get-regexp core\.sshCommand
2026-10-08T20:32:16.2981119Z [command]/usr/bin/git submodule foreach --recursive sh -c "git config --local --name-only --get-regexp 'core\.sshCommand' && git config --local --unset-all 'core.sshCommand' || :"
2026-10-08T20:32:16.3241369Z Removing HTTP extra header
2026-10-08T20:32:16.3249001Z [command]/usr/bin/git config --local --name-only --get-regexp http\.https\:\/\/github\.com\/\.extraheader
2026-10-08T20:32:16.3292998Z [command]/usr/bin/git submodule foreach --recursive sh -c "git config --local --name-only --get-regexp 'http\.https\:\/\/github\.com\/\.extraheader' && git config --local --unset-all 'http.https://github.com/.extraheader' || :"
2026-10-08T20:32:16.3547452Z Removing includeIf entries pointing to credentials config files
2026-10-08T20:32:16.3560241Z [command]/usr/bin/git config --local --name-only --get-regexp ^includeIf\.gitdir:
2026-10-08T20:32:16.3633873Z [command]/usr/bin/git submodule foreach --recursive git config --local --show-origin --name-only --get-regexp remote.origin.url
2026-10-08T20:32:16.3885113Z [command]/usr/bin/git config --file /home/runner/work/_temp/git-credentials-f83bd1d6-93be-484c-9872-cb93c8fed57e.config http.https://github.com/.extraheader AUTHORIZATION: basic ***
2026-10-08T20:32:16.3926953Z [command]/usr/bin/git config --local includeIf.gitdir:/home/runner/work/DistQLDPC/DistQLDPC/baseline/.git.path /home/runner/work/_temp/git-credentials-f83bd1d6-93be-484c-9872-cb93c8fed57e.config
2026-10-08T20:32:16.4014360Z [command]/usr/bin/git config --local includeIf.gitdir:/home/runner/work/DistQLDPC/DistQLDPC/baseline/.git/worktrees/*.path /home/runner/work/_temp/git-credentials-f83bd1d6-93be-484c-9872-cb93c8fed57e.config
2026-10-08T20:32:16.4052351Z [command]/usr/bin/git config --local includeIf.gitdir:/github/workspace/baseline/.git.path /github/runner_temp/git-credentials-f83bd1d6-93be-484c-9872-cb93c8fed57e.config
2026-10-08T20:32:16.4092208Z [command]/usr/bin/git config --local includeIf.gitdir:/github/workspace/baseline/.git/worktrees/*.path /github/runner_temp/git-credentials-f83bd1d6-93be-484c-9872-cb93c8fed57e.config
2026-10-08T20:32:16.4127112Z ##[endgroup]
2026-10-08T20:32:16.4128828Z ##[group]Fetching the repository
2026-10-08T20:32:16.4133925Z [command]/usr/bin/git -c protocol.version=2 fetch --no-tags --prune --no-recurse-submodules --depth=1 origin 24572d6d09cce9a4a5faa58300a89e0feba9da6a
2026-10-08T20:32:16.6796748Z From https://github.com/guluchen/DistQLDPC
2026-10-08T20:32:16.6798234Z  * branch            24572d6d09cce9a4a5faa58300a89e0feba9da6a -> FETCH_HEAD
2026-10-08T20:32:16.6810564Z [command]/usr/bin/git rev-parse --verify --quiet 24572d6d09cce9a4a5faa58300a89e0feba9da6a^{object}
2026-10-08T20:32:16.6845054Z 24572d6d09cce9a4a5faa58300a89e0feba9da6a
2026-10-08T20:32:16.6850370Z ##[endgroup]
2026-10-08T20:32:16.6851079Z ##[group]Determining the checkout info
2026-10-08T20:32:16.6853206Z ##[endgroup]
2026-10-08T20:32:16.6858308Z [command]/usr/bin/git sparse-checkout disable
2026-10-08T20:32:16.6906401Z [command]/usr/bin/git config --local --unset-all extensions.worktreeConfig
2026-10-08T20:32:16.6943553Z ##[group]Checking out the ref
2026-10-08T20:32:16.6948261Z [command]/usr/bin/git checkout --progress --force 24572d6d09cce9a4a5faa58300a89e0feba9da6a
2026-10-08T20:32:16.7476317Z Note: switching to '24572d6d09cce9a4a5faa58300a89e0feba9da6a'.
2026-10-08T20:32:16.7476879Z 
2026-10-08T20:32:16.7477285Z You are in 'detached HEAD' state. You can look around, make experimental
2026-10-08T20:32:16.7478074Z changes and commit them, and you can discard any commits you make in this
2026-10-08T20:32:16.7478850Z state without impacting any branches by switching back to a branch.
2026-10-08T20:32:16.7479370Z 
2026-10-08T20:32:16.7479685Z If you want to create a new branch to retain commits you create, you may
2026-10-08T20:32:16.7480432Z do so (now or later) by using -c with the switch command. Example:
2026-10-08T20:32:16.7480845Z 
2026-10-08T20:32:16.7481017Z   git switch -c <new-branch-name>
2026-10-08T20:32:16.7481339Z 
2026-10-08T20:32:16.7481505Z Or undo this operation with:
2026-10-08T20:32:16.7481788Z 
2026-10-08T20:32:16.7481936Z   git switch -
2026-10-08T20:32:16.7482147Z 
2026-10-08T20:32:16.7482528Z Turn off this advice by setting config variable advice.detachedHead to false
2026-10-08T20:32:16.7483072Z 
2026-10-08T20:32:16.7483426Z HEAD is now at 24572d6 Point CI smoke at LP_34_20_2 after the QDistSAT rename.
2026-10-08T20:32:16.7500934Z ##[endgroup]
2026-10-08T20:32:16.7550580Z [command]/usr/bin/git log -1 --format=%H
2026-10-08T20:32:16.7580522Z 24572d6d09cce9a4a5faa58300a89e0feba9da6a
2026-10-08T20:32:16.7801519Z ##[group]Run actions/checkout@v7
2026-10-08T20:32:16.7801842Z with:
2026-10-08T20:32:16.7802080Z   repository: guluchen/QDistSAT
2026-10-08T20:32:16.7802340Z   ref: main
2026-10-08T20:32:16.7802542Z   path: qdistsat
2026-10-08T20:32:16.7802798Z   fetch-depth: 1
2026-10-08T20:32:16.7805217Z   token: ***
2026-10-08T20:32:16.7805437Z   ssh-strict: true
2026-10-08T20:32:16.7805659Z   ssh-user: git
2026-10-08T20:32:16.7805889Z   persist-credentials: true
2026-10-08T20:32:16.7806345Z   clean: true
2026-10-08T20:32:16.7806588Z   sparse-checkout-cone-mode: true
2026-10-08T20:32:16.7806872Z   fetch-tags: false
2026-10-08T20:32:16.7807103Z   show-progress: true
2026-10-08T20:32:16.7807330Z   lfs: false
2026-10-08T20:32:16.7807548Z   submodules: false
2026-10-08T20:32:16.7807778Z   set-safe-directory: true
2026-10-08T20:32:16.7808057Z   allow-unsafe-pr-checkout: false
2026-10-08T20:32:16.7808327Z ##[endgroup]
2026-10-08T20:32:16.8700671Z Syncing repository: guluchen/QDistSAT
2026-10-08T20:32:16.8701935Z ##[group]Getting Git version info
2026-10-08T20:32:16.8702605Z Working directory is '/home/runner/work/DistQLDPC/DistQLDPC/qdistsat'
2026-10-08T20:32:16.8738156Z [command]/usr/bin/git version
2026-10-08T20:32:16.8781813Z git version 2.55.0
2026-10-08T20:32:16.8803654Z ##[endgroup]
2026-10-08T20:32:16.8815543Z Temporarily overriding HOME='/home/runner/work/_temp/d7795328-c295-4793-bf90-16e0856e0eaf' before making global git config changes
2026-10-08T20:32:16.8817247Z Adding repository directory to the temporary git global config as a safe directory
2026-10-08T20:32:16.8822572Z [command]/usr/bin/git config --global --add safe.directory /home/runner/work/DistQLDPC/DistQLDPC/qdistsat
2026-10-08T20:32:16.8859798Z ##[group]Determining repository object format
2026-10-08T20:32:17.2018307Z ##[endgroup]
2026-10-08T20:32:17.2019048Z ##[group]Initializing the repository
2026-10-08T20:32:17.2026634Z [command]/usr/bin/git init /home/runner/work/DistQLDPC/DistQLDPC/qdistsat
2026-10-08T20:32:17.2083870Z hint: Using 'master' as the name for the initial branch. This default branch name
2026-10-08T20:32:17.2085006Z hint: will change to "main" in Git 3.0. To configure the initial branch name
2026-10-08T20:32:17.2086627Z hint: to use in all of your new repositories, which will suppress this warning,
2026-10-08T20:32:17.2087597Z hint: call:
2026-10-08T20:32:17.2088112Z hint:
2026-10-08T20:32:17.2088800Z hint: 	git config --global init.defaultBranch <name>
2026-10-08T20:32:17.2089516Z hint:
2026-10-08T20:32:17.2090212Z hint: Names commonly chosen instead of 'master' are 'main', 'trunk' and
2026-10-08T20:32:17.2091301Z hint: 'development'. The just-created branch can be renamed via this command:
2026-10-08T20:32:17.2092181Z hint:
2026-10-08T20:32:17.2092716Z hint: 	git branch -m <name>
2026-10-08T20:32:17.2093347Z hint:
2026-10-08T20:32:17.2094107Z hint: Disable this message with "git config set advice.defaultBranchName false"
2026-10-08T20:32:17.2095407Z Initialized empty Git repository in /home/runner/work/DistQLDPC/DistQLDPC/qdistsat/.git/
2026-10-08T20:32:17.2098187Z [command]/usr/bin/git remote add origin https://github.com/guluchen/QDistSAT
2026-10-08T20:32:17.2144736Z ##[endgroup]
2026-10-08T20:32:17.2145483Z ##[group]Disabling automatic garbage collection
2026-10-08T20:32:17.2150150Z [command]/usr/bin/git config --local gc.auto 0
2026-10-08T20:32:17.2192850Z ##[endgroup]
2026-10-08T20:32:17.2193584Z ##[group]Setting up auth
2026-10-08T20:32:17.2194120Z Removing SSH command configuration
2026-10-08T20:32:17.2200631Z [command]/usr/bin/git config --local --name-only --get-regexp core\.sshCommand
2026-10-08T20:32:17.2246320Z [command]/usr/bin/git submodule foreach --recursive sh -c "git config --local --name-only --get-regexp 'core\.sshCommand' && git config --local --unset-all 'core.sshCommand' || :"
2026-10-08T20:32:17.2507293Z Removing HTTP extra header
2026-10-08T20:32:17.2513990Z [command]/usr/bin/git config --local --name-only --get-regexp http\.https\:\/\/github\.com\/\.extraheader
2026-10-08T20:32:17.2555200Z [command]/usr/bin/git submodule foreach --recursive sh -c "git config --local --name-only --get-regexp 'http\.https\:\/\/github\.com\/\.extraheader' && git config --local --unset-all 'http.https://github.com/.extraheader' || :"
2026-10-08T20:32:17.2788309Z Removing includeIf entries pointing to credentials config files
2026-10-08T20:32:17.2797822Z [command]/usr/bin/git config --local --name-only --get-regexp ^includeIf\.gitdir:
2026-10-08T20:32:17.2848026Z [command]/usr/bin/git submodule foreach --recursive git config --local --show-origin --name-only --get-regexp remote.origin.url
2026-10-08T20:32:17.3117469Z [command]/usr/bin/git config --file /home/runner/work/_temp/git-credentials-4838127b-63e8-4b70-ac0a-e3138d59f842.config http.https://github.com/.extraheader AUTHORIZATION: basic ***
2026-10-08T20:32:17.3174575Z [command]/usr/bin/git config --local includeIf.gitdir:/home/runner/work/DistQLDPC/DistQLDPC/qdistsat/.git.path /home/runner/work/_temp/git-credentials-4838127b-63e8-4b70-ac0a-e3138d59f842.config
2026-10-08T20:32:17.3219880Z [command]/usr/bin/git config --local includeIf.gitdir:/home/runner/work/DistQLDPC/DistQLDPC/qdistsat/.git/worktrees/*.path /home/runner/work/_temp/git-credentials-4838127b-63e8-4b70-ac0a-e3138d59f842.config
2026-10-08T20:32:17.3264417Z [command]/usr/bin/git config --local includeIf.gitdir:/github/workspace/qdistsat/.git.path /github/runner_temp/git-credentials-4838127b-63e8-4b70-ac0a-e3138d59f842.config
2026-10-08T20:32:17.3311020Z [command]/usr/bin/git config --local includeIf.gitdir:/github/workspace/qdistsat/.git/worktrees/*.path /github/runner_temp/git-credentials-4838127b-63e8-4b70-ac0a-e3138d59f842.config
2026-10-08T20:32:17.3351202Z ##[endgroup]
2026-10-08T20:32:17.3351870Z ##[group]Fetching the repository
2026-10-08T20:32:17.3364061Z [command]/usr/bin/git -c protocol.version=2 fetch --no-tags --prune --no-recurse-submodules --depth=1 origin +refs/heads/main*:refs/remotes/origin/main* +refs/tags/main*:refs/tags/main*
2026-10-08T20:32:17.9432087Z From https://github.com/guluchen/QDistSAT
2026-10-08T20:32:17.9432706Z  * [new branch]      main       -> origin/main
2026-10-08T20:32:17.9438256Z ##[endgroup]
2026-10-08T20:32:17.9438676Z ##[group]Determining the checkout info
2026-10-08T20:32:17.9444824Z [command]/usr/bin/git branch --list --remote origin/main
2026-10-08T20:32:17.9479656Z   origin/main
2026-10-08T20:32:17.9525539Z ##[endgroup]
2026-10-08T20:32:17.9544493Z [command]/usr/bin/git sparse-checkout disable
2026-10-08T20:32:17.9595911Z [command]/usr/bin/git config --local --unset-all extensions.worktreeConfig
2026-10-08T20:32:17.9634097Z ##[group]Checking out the ref
2026-10-08T20:32:17.9638076Z [command]/usr/bin/git checkout --progress --force -B main refs/remotes/origin/main
2026-10-08T20:32:17.9966801Z Switched to a new branch 'main'
2026-10-08T20:32:17.9969428Z branch 'main' set up to track 'origin/main'.
2026-10-08T20:32:17.9979935Z ##[endgroup]
2026-10-08T20:32:18.0030115Z [command]/usr/bin/git log -1 --format=%H
2026-10-08T20:32:18.0061570Z 7c4774fffc49856f48a22ae5f9063d00b2661aaa
2026-10-08T20:32:18.0197333Z ##[group]Run sudo apt-get update
2026-10-08T20:32:18.0197663Z [36;1msudo apt-get update[0m
2026-10-08T20:32:18.0198013Z [36;1msudo apt-get install --yes build-essential zlib1g-dev[0m
2026-10-08T20:32:18.0264782Z shell: /usr/bin/bash -e {0}
2026-10-08T20:32:18.0265047Z ##[endgroup]
2026-10-08T20:32:18.2027983Z Get:1 file:/etc/apt/apt-mirrors.txt Mirrorlist [144 B]
2026-10-08T20:32:18.2207638Z Get:6 https://packages.microsoft.com/ubuntu/24.04/prod noble InRelease [3600 B]
2026-10-08T20:32:18.2483875Z Hit:2 http://azure.archive.ubuntu.com/ubuntu noble InRelease
2026-10-08T20:32:18.2526594Z Get:3 http://azure.archive.ubuntu.com/ubuntu noble-updates InRelease [126 kB]
2026-10-08T20:32:18.2590527Z Get:4 http://azure.archive.ubuntu.com/ubuntu noble-backports InRelease [126 kB]
2026-10-08T20:32:18.2650776Z Get:5 http://azure.archive.ubuntu.com/ubuntu noble-security InRelease [126 kB]
2026-10-08T20:32:18.4255123Z Get:7 https://packages.microsoft.com/ubuntu/24.04/prod noble/main all Packages [640 B]
2026-10-08T20:32:18.4448705Z Get:8 https://packages.microsoft.com/ubuntu/24.04/prod noble/main arm64 Packages [474 kB]
2026-10-08T20:32:18.4595187Z Get:9 https://packages.microsoft.com/ubuntu/24.04/prod noble/main armhf Packages [12.3 kB]
2026-10-08T20:32:18.5038785Z Get:10 https://packages.microsoft.com/ubuntu/24.04/prod noble/main amd64 Packages [531 kB]
2026-10-08T20:32:18.5740690Z Get:11 http://azure.archive.ubuntu.com/ubuntu noble-updates/main amd64 Packages [1375 kB]
2026-10-08T20:32:18.5804620Z Get:12 http://azure.archive.ubuntu.com/ubuntu noble-updates/main Translation-en [306 kB]
2026-10-08T20:32:18.5823603Z Get:13 http://azure.archive.ubuntu.com/ubuntu noble-updates/universe amd64 Packages [1702 kB]
2026-10-08T20:32:18.5902037Z Get:14 http://azure.archive.ubuntu.com/ubuntu noble-updates/universe Translation-en [342 kB]
2026-10-08T20:32:18.5947143Z Get:15 http://azure.archive.ubuntu.com/ubuntu noble-updates/restricted amd64 Packages [1761 kB]
2026-10-08T20:32:18.6060175Z Get:16 http://azure.archive.ubuntu.com/ubuntu noble-updates/restricted Translation-en [401 kB]
2026-10-08T20:32:18.6091652Z Get:17 http://azure.archive.ubuntu.com/ubuntu noble-updates/multiverse amd64 Packages [55.0 kB]
2026-10-08T20:32:18.6101148Z Get:18 http://azure.archive.ubuntu.com/ubuntu noble-updates/multiverse Translation-en [14.3 kB]
2026-10-08T20:32:18.6962754Z Get:19 http://azure.archive.ubuntu.com/ubuntu noble-security/main amd64 Packages [1115 kB]
2026-10-08T20:32:18.7017418Z Get:20 http://azure.archive.ubuntu.com/ubuntu noble-security/main Translation-en [227 kB]
2026-10-08T20:32:18.7446293Z Get:21 http://azure.archive.ubuntu.com/ubuntu noble-security/universe amd64 Packages [1218 kB]
2026-10-08T20:32:18.7500359Z Get:22 http://azure.archive.ubuntu.com/ubuntu noble-security/universe Translation-en [245 kB]
2026-10-08T20:32:18.7516253Z Get:23 http://azure.archive.ubuntu.com/ubuntu noble-security/restricted amd64 Packages [1632 kB]
2026-10-08T20:32:18.7586608Z Get:24 http://azure.archive.ubuntu.com/ubuntu noble-security/restricted Translation-en [376 kB]
2026-10-08T20:32:18.7607627Z Get:25 http://azure.archive.ubuntu.com/ubuntu noble-security/multiverse Translation-en [11.6 kB]
2026-10-08T20:32:25.8592960Z Fetched 12.2 MB in 1s (8503 kB/s)
2026-10-08T20:32:26.8140886Z Reading package lists...
2026-10-08T20:32:26.8722920Z Reading package lists...
2026-10-08T20:32:27.0934315Z Building dependency tree...
2026-10-08T20:32:27.0942082Z Reading state information...
2026-10-08T20:32:27.3189126Z zlib1g-dev is already the newest version (1:1.3.dfsg-3.1ubuntu2.2).
2026-10-08T20:32:27.3189846Z The following NEW packages will be installed:
2026-10-08T20:32:27.3198801Z   build-essential
2026-10-08T20:32:27.3381931Z 0 upgraded, 1 newly installed, 0 to remove and 23 not upgraded.
2026-10-08T20:32:27.3382591Z Need to get 4928 B of archives.
2026-10-08T20:32:27.3383024Z After this operation, 17.4 kB of additional disk space will be used.
2026-10-08T20:32:27.3383459Z Get:1 file:/etc/apt/apt-mirrors.txt Mirrorlist [144 B]
2026-10-08T20:32:27.5879320Z Get:2 http://azure.archive.ubuntu.com/ubuntu noble/main amd64 build-essential amd64 12.10ubuntu1 [4928 B]
2026-10-08T20:32:27.8696027Z Fetched 4928 B in 0s (18.9 kB/s)
2026-10-08T20:32:27.9136837Z Selecting previously unselected package build-essential.
2026-10-08T20:32:27.9825731Z (Reading database ... 
2026-10-08T20:32:27.9826892Z (Reading database ... 5%
2026-10-08T20:32:27.9827452Z (Reading database ... 10%
2026-10-08T20:32:27.9827867Z (Reading database ... 15%
2026-10-08T20:32:27.9828258Z (Reading database ... 20%
2026-10-08T20:32:27.9828657Z (Reading database ... 25%
2026-10-08T20:32:27.9829062Z (Reading database ... 30%
2026-10-08T20:32:27.9829467Z (Reading database ... 35%
2026-10-08T20:32:27.9829849Z (Reading database ... 40%
2026-10-08T20:32:27.9830225Z (Reading database ... 45%
2026-10-08T20:32:27.9830602Z (Reading database ... 50%
2026-10-08T20:32:28.0429686Z (Reading database ... 55%
2026-10-08T20:32:28.4619637Z (Reading database ... 60%
2026-10-08T20:32:28.8070252Z (Reading database ... 65%
2026-10-08T20:32:29.1739312Z (Reading database ... 70%
2026-10-08T20:32:29.6019813Z (Reading database ... 75%
2026-10-08T20:32:30.0453959Z (Reading database ... 80%
2026-10-08T20:32:30.8660634Z (Reading database ... 85%
2026-10-08T20:32:31.7050775Z (Reading database ... 90%
2026-10-08T20:32:32.5053480Z (Reading database ... 95%
2026-10-08T20:32:32.5054094Z (Reading database ... 100%
2026-10-08T20:32:32.5054859Z (Reading database ... 203191 files and directories currently installed.)
2026-10-08T20:32:32.5100618Z Preparing to unpack .../build-essential_12.10ubuntu1_amd64.deb ...
2026-10-08T20:32:32.5134182Z Unpacking build-essential (12.10ubuntu1) ...
2026-10-08T20:32:32.5559333Z Setting up build-essential (12.10ubuntu1) ...
2026-10-08T20:32:33.9009373Z 
2026-10-08T20:32:33.9009958Z Running kernel seems to be up-to-date.
2026-10-08T20:32:33.9010360Z 
2026-10-08T20:32:33.9010528Z No services need to be restarted.
2026-10-08T20:32:33.9010809Z 
2026-10-08T20:32:33.9011418Z No containers need to be restarted.
2026-10-08T20:32:33.9011728Z 
2026-10-08T20:32:33.9011950Z No user sessions are running outdated binaries.
2026-10-08T20:32:33.9012319Z 
2026-10-08T20:32:33.9012633Z No VM guests are running outdated hypervisor (qemu) binaries on this host.
2026-10-08T20:32:34.9513551Z ##[group]Run set -euo pipefail
2026-10-08T20:32:34.9513878Z [36;1mset -euo pipefail[0m
2026-10-08T20:32:34.9514483Z [36;1mg++ -O2 -march=x86-64 -mtune=generic candidate/optimization/experiments/GH-44/cpu_isa_gate.cc -o "$RUNNER_TEMP/gh44-portable-isa-gate"[0m
2026-10-08T20:32:34.9515233Z [36;1m"$RUNNER_TEMP/gh44-portable-isa-gate" > "$RUNNER_TEMP/gh44-isa-gate.json"[0m
2026-10-08T20:32:34.9515680Z [36;1mcat "$RUNNER_TEMP/gh44-isa-gate.json"[0m
2026-10-08T20:32:34.9516240Z [36;1mmkdir -p benchmark-results[0m
2026-10-08T20:32:34.9516723Z [36;1mcp "$RUNNER_TEMP/gh44-isa-gate.json" benchmark-results/isa-gate.json[0m
2026-10-08T20:32:34.9580379Z shell: /usr/bin/bash --noprofile --norc -e -o pipefail {0}
2026-10-08T20:32:34.9580747Z ##[endgroup]
2026-10-08T20:32:35.1337599Z {"compatible":true,"leaf1_ecx":4275712515,"leaf7_ebx":563873705,"ext_ecx":4195319,"xcr0":7}
2026-10-08T20:32:35.1399383Z ##[group]Run set -euo pipefail
2026-10-08T20:32:35.1399710Z [36;1mset -euo pipefail[0m
2026-10-08T20:32:35.1399983Z [36;1mmake -C baseline --jobs="$(nproc)"[0m
2026-10-08T20:32:35.1400298Z [36;1mmake -C candidate --jobs="$(nproc)"[0m
2026-10-08T20:32:35.1462548Z shell: /usr/bin/bash --noprofile --norc -e -o pipefail {0}
2026-10-08T20:32:35.1462889Z ##[endgroup]
2026-10-08T20:32:35.1705127Z make: Entering directory '/home/runner/work/DistQLDPC/DistQLDPC/baseline'
2026-10-08T20:32:35.1718201Z g++ -Isrc/solver -Wall -Wno-parentheses -O3 -g -D __STDC_LIMIT_MACROS -D __STDC_FORMAT_MACROS -DNDEBUG -c -o build/SimpSolver.o src/solver/SimpSolver.cc
2026-10-08T20:32:35.1720096Z g++ -Isrc/solver -Wall -Wno-parentheses -O3 -g -D __STDC_LIMIT_MACROS -D __STDC_FORMAT_MACROS -DNDEBUG -c -o build/Solver.o src/solver/Solver.cc
2026-10-08T20:32:35.1729609Z g++ -Isrc/solver -Wall -Wno-parentheses -O3 -g -D __STDC_LIMIT_MACROS -D __STDC_FORMAT_MACROS -DNDEBUG -c -o build/Options.o src/solver/utils/Options.cc
2026-10-08T20:32:35.1752988Z g++ -Isrc/solver -Wall -Wno-parentheses -O3 -g -D __STDC_LIMIT_MACROS -D __STDC_FORMAT_MACROS -DNDEBUG -c -o build/System.o src/solver/utils/System.cc
2026-10-08T20:32:35.2717182Z In file included from src/solver/Solver.h:53,
2026-10-08T20:32:35.2746631Z                  from src/solver/Solver.cc:107:
2026-10-08T20:32:35.2770937Z src/solver/utils/Options.h:285:29: warning: invalid suffix on literal; C++11 requires a space between literal and string macro [-Wliteral-suffix]
2026-10-08T20:32:35.2776825Z   285 |             fprintf(stderr, "%4"PRIi64, range.begin);
2026-10-08T20:32:35.2786716Z       |                             ^
2026-10-08T20:32:35.2827530Z src/solver/utils/Options.h:291:29: warning: invalid suffix on literal; C++11 requires a space between literal and string macro [-Wliteral-suffix]
2026-10-08T20:32:35.2836995Z   291 |             fprintf(stderr, "%4"PRIi64, range.end);
2026-10-08T20:32:35.2866764Z       |                             ^
2026-10-08T20:32:35.2887449Z src/solver/utils/Options.h:293:25: warning: invalid suffix on literal; C++11 requires a space between literal and string macro [-Wliteral-suffix]
2026-10-08T20:32:35.2896853Z   293 |         fprintf(stderr, "] (default: %"PRIi64")\n", value);
2026-10-08T20:32:35.2920732Z       |                         ^
2026-10-08T20:32:35.2921745Z In file included from src/solver/utils/Options.cc:21:
2026-10-08T20:32:35.2923140Z src/solver/utils/Options.h:285:29: warning: invalid suffix on literal; C++11 requires a space between literal and string macro [-Wliteral-suffix]
2026-10-08T20:32:35.2931542Z   285 |             fprintf(stderr, "%4"PRIi64, range.begin);
2026-10-08T20:32:35.2932320Z       |                             ^
2026-10-08T20:32:35.2933567Z src/solver/utils/Options.h:291:29: warning: invalid suffix on literal; C++11 requires a space between literal and string macro [-Wliteral-suffix]
2026-10-08T20:32:35.2935856Z   291 |             fprintf(stderr, "%4"PRIi64, range.end);
2026-10-08T20:32:35.2936908Z       |                             ^
2026-10-08T20:32:35.2938151Z src/solver/utils/Options.h:293:25: warning: invalid suffix on literal; C++11 requires a space between literal and string macro [-Wliteral-suffix]
2026-10-08T20:32:35.2945099Z   293 |         fprintf(stderr, "] (default: %"PRIi64")\n", value);
2026-10-08T20:32:35.2945921Z       |                         ^
2026-10-08T20:32:35.2946947Z In file included from src/solver/Solver.h:53,
2026-10-08T20:32:35.2948626Z                  from src/solver/SimpSolver.h:37,
2026-10-08T20:32:35.2949337Z                  from src/solver/SimpSolver.cc:34:
2026-10-08T20:32:35.2951632Z src/solver/utils/Options.h:285:29: warning: invalid suffix on literal; C++11 requires a space between literal and string macro [-Wliteral-suffix]
2026-10-08T20:32:35.2952987Z   285 |             fprintf(stderr, "%4"PRIi64, range.begin);
2026-10-08T20:32:35.3006643Z       |                             ^
2026-10-08T20:32:35.3023732Z src/solver/utils/Options.h:291:29: warning: invalid suffix on literal; C++11 requires a space between literal and string macro [-Wliteral-suffix]
2026-10-08T20:32:35.3027701Z   291 |             fprintf(stderr, "%4"PRIi64, range.end);
2026-10-08T20:32:35.3042339Z       |                             ^
2026-10-08T20:32:35.3043731Z src/solver/utils/Options.h:293:25: warning: invalid suffix on literal; C++11 requires a space between literal and string macro [-Wliteral-suffix]
2026-10-08T20:32:35.3045276Z   293 |         fprintf(stderr, "] (default: %"PRIi64")\n", value);
2026-10-08T20:32:35.3076761Z       |                         ^
2026-10-08T20:32:35.4420294Z src/solver/Solver.h: In constructor ‘Minisat::Solver::Solver()’:
2026-10-08T20:32:35.4435426Z src/solver/Solver.h:480:15: warning: ‘Minisat::Solver::my_var_decay’ will be initialized after [-Wreorder]
2026-10-08T20:32:35.4437175Z   480 |     double    my_var_decay;
2026-10-08T20:32:35.4437892Z       |               ^~~~~~~~~~~~
2026-10-08T20:32:35.4439525Z src/solver/Solver.h:293:42: warning:   ‘Minisat::Heap<Minisat::Solver::VarOrderLt> Minisat::Solver::order_heap_distance’ [-Wreorder]
2026-10-08T20:32:35.4440960Z   293 |                         order_heap_VSIDS,order_heap_distance;
2026-10-08T20:32:35.4441812Z       |                                          ^~~~~~~~~~~~~~~~~~~
2026-10-08T20:32:35.4442787Z src/solver/Solver.cc:143:1: warning:   when initialized here [-Wreorder]
2026-10-08T20:32:35.4443670Z   143 | Solver::Solver() :
2026-10-08T20:32:35.4444304Z       | ^~~~~~
2026-10-08T20:32:35.4445598Z src/solver/Solver.h:514:14: warning: ‘Minisat::Solver::lastOptimalCost’ will be initialized after [-Wreorder]
2026-10-08T20:32:35.4447614Z   514 |     uint64_t lastOptimalCost;
2026-10-08T20:32:35.4448311Z       |              ^~~~~~~~~~~~~~~
2026-10-08T20:32:35.4449520Z src/solver/Solver.h:513:40: warning:   ‘uint64_t Minisat::Solver::totalWeight’ [-Wreorder]
2026-10-08T20:32:35.4450724Z   513 |     uint64_t hardWeight, solutionCost, totalWeight, UB;
2026-10-08T20:32:35.4451654Z       |                                        ^~~~~~~~~~~
2026-10-08T20:32:35.4452624Z src/solver/Solver.cc:143:1: warning:   when initialized here [-Wreorder]
2026-10-08T20:32:35.4453589Z   143 | Solver::Solver() :
2026-10-08T20:32:35.4454249Z       | ^~~~~~
2026-10-08T20:32:35.4455577Z src/solver/Solver.h:707:25: warning: ‘Minisat::Solver::orderHeapAuxi’ will be initialized after [-Wreorder]
2026-10-08T20:32:35.4457239Z   707 |     Heap<VarOrderGt>    orderHeapAuxi;
2026-10-08T20:32:35.4458017Z       |                         ^~~~~~~~~~~~~
2026-10-08T20:32:35.4459245Z src/solver/Solver.h:619:25: warning:   ‘int Minisat::Solver::tier2_lbd_cut’ [-Wreorder]
2026-10-08T20:32:35.4460281Z   619 |     int                 tier2_lbd_cut;
2026-10-08T20:32:35.4460958Z       |                         ^~~~~~~~~~~~~
2026-10-08T20:32:35.4461804Z src/solver/Solver.cc:143:1: warning:   when initialized here [-Wreorder]
2026-10-08T20:32:35.4463103Z   143 | Solver::Solver() :
2026-10-08T20:32:35.4463679Z       | ^~~~~~
2026-10-08T20:32:35.4464916Z src/solver/Solver.h:663:9: warning: ‘Minisat::Solver::cardinalityEncMode’ will be initialized after [-Wreorder]
2026-10-08T20:32:35.4466294Z   663 |     int cardinalityEncMode;
2026-10-08T20:32:35.4467017Z       |         ^~~~~~~~~~~~~~~~~~
2026-10-08T20:32:35.4468258Z src/solver/Solver.h:644:14: warning:   ‘uint64_t Minisat::Solver::quasiSoftConflicts’ [-Wreorder]
2026-10-08T20:32:35.4469357Z   644 |     uint64_t quasiSoftConflicts;
2026-10-08T20:32:35.4470151Z       |              ^~~~~~~~~~~~~~~~~~
2026-10-08T20:32:35.4471002Z src/solver/Solver.cc:143:1: warning:   when initialized here [-Wreorder]
2026-10-08T20:32:35.4471908Z   143 | Solver::Solver() :
2026-10-08T20:32:35.4472537Z       | ^~~~~~
2026-10-08T20:32:35.4473782Z src/solver/Solver.h:696:14: warning: ‘Minisat::Solver::nbFixedByLH’ will be initialized after [-Wreorder]
2026-10-08T20:32:35.4474948Z   696 |     uint64_t nbFixedByLH;
2026-10-08T20:32:35.4475600Z       |              ^~~~~~~~~~~
2026-10-08T20:32:35.4477354Z src/solver/Solver.h:562:10: warning:   ‘bool Minisat::Solver::bestSolutionFound’ [-Wreorder]
2026-10-08T20:32:35.4478460Z   562 |     bool bestSolutionFound;
2026-10-08T20:32:35.4479129Z       |          ^~~~~~~~~~~~~~~~~
2026-10-08T20:32:35.4479962Z src/solver/Solver.cc:143:1: warning:   when initialized here [-Wreorder]
2026-10-08T20:32:35.4480891Z   143 | Solver::Solver() :
2026-10-08T20:32:35.4481538Z       | ^~~~~~
2026-10-08T20:32:35.4482792Z src/solver/Solver.h:564:9: warning: ‘Minisat::Solver::nbSatLitsAtStart’ will be initialized after [-Wreorder]
2026-10-08T20:32:35.4484040Z   564 |     int nbSatLitsAtStart;
2026-10-08T20:32:35.4484717Z       |         ^~~~~~~~~~~~~~~~
2026-10-08T20:32:35.4486243Z src/solver/Solver.h:560:9: warning:   ‘int Minisat::Solver::bounds_pipe_w’ [-Wreorder]
2026-10-08T20:32:35.4487246Z   560 |     int bounds_pipe_w;
2026-10-08T20:32:35.4487877Z       |         ^~~~~~~~~~~~~
2026-10-08T20:32:35.4488674Z src/solver/Solver.cc:143:1: warning:   when initialized here [-Wreorder]
2026-10-08T20:32:35.4489589Z   143 | Solver::Solver() :
2026-10-08T20:32:35.4490203Z       | ^~~~~~
2026-10-08T20:32:35.4491446Z src/solver/Solver.cc: In member function ‘Minisat::CRef Minisat::Solver::simplePropagate()’:
2026-10-08T20:32:35.4493246Z src/solver/Solver.cc:316:27: warning: comparison of integer expressions of different signedness: ‘unsigned int’ and ‘int’ [-Wsign-compare]
2026-10-08T20:32:35.4494557Z   316 |         if (c.lastPoint() > c.size())
2026-10-08T20:32:35.4495220Z       |             ~~~~~~~~~~~~~~^~~~~~~~~~
2026-10-08T20:32:35.4496862Z src/solver/Solver.cc:335:27: warning: comparison of integer expressions of different signedness: ‘int’ and ‘unsigned int’ [-Wsign-compare]
2026-10-08T20:32:35.4498164Z   335 |         for (int k = 2; k < c.lastPoint(); k++) {
2026-10-08T20:32:35.4498861Z       |                         ~~^~~~~~~~~~~~~~~
2026-10-08T20:32:35.4500474Z src/solver/Solver.cc:381:63: warning: comparison of integer expressions of different signedness: ‘int’ and ‘uint64_t’ {aka ‘long unsigned int’} [-Wsign-compare]
2026-10-08T20:32:35.4501983Z   381 |     if (confl == CRef_Undef && falseLits.size() + rootNbIsets >= UB)
2026-10-08T20:32:35.4502818Z       |                                ~~~~~~~~~~~~~~~~~~~~~~~~~~~~~~~^~~~~
2026-10-08T20:32:35.4564764Z src/solver/Solver.cc: In member function ‘bool Minisat::Solver::simplifyLearnt_core()’:
2026-10-08T20:32:35.4567542Z src/solver/Solver.cc:787:34: warning: comparison of integer expressions of different signedness: ‘unsigned int’ and ‘int’ [-Wsign-compare]
2026-10-08T20:32:35.4588050Z   787 |                     if (nblevels < c.lbd()){
2026-10-08T20:32:35.4588852Z       |                         ~~~~~~~~~^~~~~~~~~
2026-10-08T20:32:35.4590183Z src/solver/Solver.cc:721:9: warning: unused variable ‘learnts_core_size_before’ [-Wunused-variable]
2026-10-08T20:32:35.4591443Z   721 |     int learnts_core_size_before = learnts_core.size();
2026-10-08T20:32:35.4592484Z       |         ^~~~~~~~~~~~~~~~~~~~~~~~
2026-10-08T20:32:35.4593250Z src/solver/Solver.cc: In member function ‘bool Minisat::Solver::simplifyLearnt_tier2()’:
2026-10-08T20:32:35.4594309Z src/solver/Solver.cc:895:34: warning: comparison of integer expressions of different signedness: ‘unsigned int’ and ‘int’ [-Wsign-compare]
2026-10-08T20:32:35.4595472Z   895 |                     if (nblevels < c.lbd()){
2026-10-08T20:32:35.4596533Z       |                         ~~~~~~~~~^~~~~~~~~
2026-10-08T20:32:35.4597512Z src/solver/Solver.cc:823:9: warning: unused variable ‘learnts_tier2_size_before’ [-Wunused-variable]
2026-10-08T20:32:35.4598232Z   823 |     int learnts_tier2_size_before = learnts_tier2.size();
2026-10-08T20:32:35.4598709Z       |         ^~~~~~~~~~~~~~~~~~~~~~~~~
2026-10-08T20:32:35.4599398Z src/solver/Solver.cc:828:9: warning: variable ‘limit’ set but not used [-Wunused-but-set-variable]
2026-10-08T20:32:35.4600285Z   828 |     int limit;
2026-10-08T20:32:35.4600873Z       |         ^~~~~
2026-10-08T20:32:35.4625289Z src/solver/Solver.cc: In member function ‘bool Minisat::Solver::failedLiteralDetection()’:
2026-10-08T20:32:35.4627783Z src/solver/Solver.cc:1038:100: warning: format ‘%llu’ expects argument of type ‘long long unsigned int’, but argument 7 has type ‘uint64_t’ {aka ‘long unsigned int’} [-Wformat=]
2026-10-08T20:32:35.4629867Z  1038 |   printf("c nbFailedLits %d, nbI %d, fixedVarsByFL %d, totalFixedVars %d, nbTested: %d, counter %llu\n",
2026-10-08T20:32:35.4631129Z       |                                                                                                 ~~~^
2026-10-08T20:32:35.4632064Z       |                                                                                                    |
2026-10-08T20:32:35.4633135Z       |                                                                                                    long long unsigned int
2026-10-08T20:32:35.4634178Z       |                                                                                                 %lu
2026-10-08T20:32:35.4635360Z  1039 |          nbFailedLits, nbI, trail.size()-initTrail, trail.size(), nbTested, counter);
2026-10-08T20:32:35.4636694Z       |                                                                             ~~~~~~~                 
2026-10-08T20:32:35.4637557Z       |                                                                             |
2026-10-08T20:32:35.4638518Z       |                                                                             uint64_t {aka long unsigned int}
2026-10-08T20:32:35.4640034Z src/solver/Solver.cc: In member function ‘bool Minisat::Solver::simplifyOriginalClauses()’:
2026-10-08T20:32:35.4642142Z src/solver/Solver.cc:1179:40: warning: format ‘%llu’ expects argument of type ‘long long unsigned int’, but argument 2 has type ‘uint64_t’ {aka ‘long unsigned int’} [-Wformat=]
2026-10-08T20:32:35.4643815Z  1179 |     printf("c total nb of literals: %llu\n", clauses_literals);
2026-10-08T20:32:35.4644726Z       |                                     ~~~^     ~~~~~~~~~~~~~~~~
2026-10-08T20:32:35.4645486Z       |                                        |     |
2026-10-08T20:32:35.4646549Z       |                                        |     uint64_t {aka long unsigned int}
2026-10-08T20:32:35.4647414Z       |                                        long long unsigned int
2026-10-08T20:32:35.4648151Z       |                                     %lu
2026-10-08T20:32:35.4649459Z src/solver/Solver.cc:1173:25: warning: unused variable ‘nbOriginalClauses_before’ [-Wunused-variable]
2026-10-08T20:32:35.4650729Z  1173 |     int last_shorten=0, nbOriginalClauses_before = clauses.size();
2026-10-08T20:32:35.4651649Z       |                         ^~~~~~~~~~~~~~~~~~~~~~~~
2026-10-08T20:32:35.4652860Z src/solver/Solver.cc:1185:17: warning: unused variable ‘begin_simp_time’ [-Wunused-variable]
2026-10-08T20:32:35.4653936Z  1185 |     double      begin_simp_time = cpuTime();
2026-10-08T20:32:35.4654977Z       |                 ^~~~~~~~~~~~~~~
2026-10-08T20:32:35.4656459Z src/solver/Solver.cc:1250:12: warning: variable ‘avg’ set but not used [-Wunused-but-set-variable]
2026-10-08T20:32:35.4657566Z  1250 |     double avg;
2026-10-08T20:32:35.4658340Z       |            ^~~
2026-10-08T20:32:35.4770161Z src/solver/Solver.cc: In member function ‘Minisat::CRef Minisat::Solver::propagate()’:
2026-10-08T20:32:35.4772232Z src/solver/Solver.cc:2005:31: warning: comparison of integer expressions of different signedness: ‘unsigned int’ and ‘int’ [-Wsign-compare]
2026-10-08T20:32:35.4774020Z  2005 |             if (c.lastPoint() > c.size())
2026-10-08T20:32:35.4775011Z       |                 ~~~~~~~~~~~~~~^~~~~~~~~~
2026-10-08T20:32:35.4777199Z src/solver/Solver.cc:2024:31: warning: comparison of integer expressions of different signedness: ‘int’ and ‘unsigned int’ [-Wsign-compare]
2026-10-08T20:32:35.4779019Z  2024 |             for (int k = 2; k < c.lastPoint(); k++) {
2026-10-08T20:32:35.4779996Z       |                             ~~^~~~~~~~~~~~~~~
2026-10-08T20:32:35.4782287Z src/solver/Solver.cc:2076:49: warning: comparison of integer expressions of different signedness: ‘int’ and ‘uint64_t’ {aka ‘long unsigned int’} [-Wsign-compare]
2026-10-08T20:32:35.4800944Z  2076 |     if (confl == CRef_Undef && falseLits.size() >= UB)
2026-10-08T20:32:35.4803468Z       |                                ~~~~~~~~~~~~~~~~~^~~~~
2026-10-08T20:32:35.4804737Z src/solver/Solver.cc:2072:1: warning: label ‘ExitProp’ defined but not used [-Wunused-label]
2026-10-08T20:32:35.4805815Z  2072 | ExitProp:;
2026-10-08T20:32:35.4806798Z       | ^~~~~~~~
2026-10-08T20:32:35.4808194Z src/solver/Solver.cc: In member function ‘void Minisat::Solver::getAllUIP(Minisat::vec<Minisat::Lit>&, int&, int&)’:
2026-10-08T20:32:35.4809938Z src/solver/Solver.cc:2177:9: warning: variable ‘myLevel’ set but not used [-Wunused-but-set-variable]
2026-10-08T20:32:35.4811121Z  2177 |     int myLevel = decisionLevel() +1;
2026-10-08T20:32:35.4811871Z       |         ^~~~~~~
2026-10-08T20:32:35.4813329Z src/solver/Solver.cc: In member function ‘void Minisat::Solver::analyzeSoftConflict(Minisat::vec<Minisat::Lit>&, int&, int&)’:
2026-10-08T20:32:35.4815598Z src/solver/Solver.cc:2196:26: warning: comparison of integer expressions of different signedness: ‘int’ and ‘uint64_t’ {aka ‘long unsigned int’} [-Wsign-compare]
2026-10-08T20:32:35.4817369Z  2196 |     if (falseLits.size() >= UB)
2026-10-08T20:32:35.4818057Z       |         ~~~~~~~~~~~~~~~~~^~~~~
2026-10-08T20:32:35.4819688Z src/solver/Solver.cc:2206:26: warning: comparison of integer expressions of different signedness: ‘int’ and ‘uint64_t’ {aka ‘long unsigned int’} [-Wsign-compare]
2026-10-08T20:32:35.4821155Z  2206 |     if (falseLits.size() > UB) {
2026-10-08T20:32:35.4821845Z       |         ~~~~~~~~~~~~~~~~~^~~~
2026-10-08T20:32:35.4875443Z src/solver/Solver.cc: In member function ‘bool Minisat::Solver::simplifyLearnt_local()’:
2026-10-08T20:32:35.4877643Z src/solver/Solver.cc:2631:34: warning: comparison of integer expressions of different signedness: ‘unsigned int’ and ‘int’ [-Wsign-compare]
2026-10-08T20:32:35.4879178Z  2631 |                     if (nblevels < c.lbd()){
2026-10-08T20:32:35.4880010Z       |                         ~~~~~~~~~^~~~~~~~~
2026-10-08T20:32:35.4881409Z src/solver/Solver.cc:2559:7: warning: unused variable ‘learnts_local_size_before’ [-Wunused-variable]
2026-10-08T20:32:35.4882750Z  2559 |   int learnts_local_size_before = learnts_local.size();
2026-10-08T20:32:35.4883622Z       |       ^~~~~~~~~~~~~~~~~~~~~~~~~
2026-10-08T20:32:35.4884803Z src/solver/Solver.cc:2560:7: warning: unused variable ‘savedTrail’ [-Wunused-variable]
2026-10-08T20:32:35.4885866Z  2560 |   int savedTrail = trail.size();
2026-10-08T20:32:35.4886830Z       |       ^~~~~~~~~~
2026-10-08T20:32:35.4896787Z src/solver/Solver.cc: In member function ‘void Minisat::Solver::reduceDB_core()’:
2026-10-08T20:32:35.4898195Z src/solver/Solver.cc:2772:9: warning: unused variable ‘totalLocalSize’ [-Wunused-variable]
2026-10-08T20:32:35.4899754Z  2772 |     int totalLocalSize=0, removedSize=0;
2026-10-08T20:32:35.4900534Z       |         ^~~~~~~~~~~~~~
2026-10-08T20:32:35.4901637Z src/solver/Solver.cc:2772:27: warning: unused variable ‘removedSize’ [-Wunused-variable]
2026-10-08T20:32:35.4902733Z  2772 |     int totalLocalSize=0, removedSize=0;
2026-10-08T20:32:35.4903512Z       |                           ^~~~~~~~~~~
2026-10-08T20:32:35.4931351Z src/solver/Solver.cc: In member function ‘Minisat::CRef Minisat::Solver::lPropagate()’:
2026-10-08T20:32:35.4933412Z src/solver/Solver.cc:3022:20: warning: comparison of integer expressions of different signedness: ‘uint64_t’ {aka ‘long unsigned int’} and ‘int’ [-Wsign-compare]
2026-10-08T20:32:35.4935135Z  3022 |   if (UB > 1 && UB == falseLits.size() + 1 && decisionLevel() < hardenLevel) {
2026-10-08T20:32:35.4936303Z       |                 ~~~^~~~~~~~~~~~~~~~~~~~~~~
2026-10-08T20:32:35.4960404Z src/solver/Solver.cc: In member function ‘void Minisat::Solver::identifyClausesToSplit(Minisat::vec<unsigned int>&)’:
2026-10-08T20:32:35.4962908Z src/solver/Solver.cc:3170:46: warning: comparison of integer expressions of different signedness: ‘int’ and ‘uint64_t’ {aka ‘long unsigned int’} [-Wsign-compare]
2026-10-08T20:32:35.4964524Z  3170 |     for(j=i+1; j<cs.size() && 2*nbCommunLits >= UB; j++) {
2026-10-08T20:32:35.4965397Z       |                               ~~~~~~~~~~~~~~~^~~~~
2026-10-08T20:32:35.5054227Z src/solver/Solver.cc: In member function ‘Minisat::lbool Minisat::Solver::search(int&)’:
2026-10-08T20:32:35.5056923Z src/solver/Solver.cc:3821:31: warning: format ‘%llu’ expects argument of type ‘long long unsigned int’, but argument 2 has type ‘uint64_t’ {aka ‘long unsigned int’} [-Wformat=]
2026-10-08T20:32:35.5059546Z  3821 |               printf("c UB=%llu succs, confls=%llu, hconfls=%llu, core %d, tier2 %d, local %d,  %d soft cls unsat (%d at L0), %d fixed vars at L0, softCnfl %d, nbFlyRd %d, nbFixedLH %llu\n",
2026-10-08T20:32:35.5061265Z       |                            ~~~^
2026-10-08T20:32:35.5062066Z       |                               |
2026-10-08T20:32:35.5062837Z       |                               long long unsigned int
2026-10-08T20:32:35.5063690Z       |                            %lu
2026-10-08T20:32:35.5064942Z  3822 |                      UB, conflicts, conflicts-softConflicts, learnts_core.size(), learnts_tier2.size(), learnts_local.size(),
2026-10-08T20:32:35.5066681Z       |                      ~~        
2026-10-08T20:32:35.5067461Z       |                      |
2026-10-08T20:32:35.5068230Z       |                      uint64_t {aka long unsigned int}
2026-10-08T20:32:35.5070349Z src/solver/Solver.cc:3821:50: warning: format ‘%llu’ expects argument of type ‘long long unsigned int’, but argument 3 has type ‘uint64_t’ {aka ‘long unsigned int’} [-Wformat=]
2026-10-08T20:32:35.5072690Z  3821 |               printf("c UB=%llu succs, confls=%llu, hconfls=%llu, core %d, tier2 %d, local %d,  %d soft cls unsat (%d at L0), %d fixed vars at L0, softCnfl %d, nbFlyRd %d, nbFixedLH %llu\n",
2026-10-08T20:32:35.5074254Z       |                                               ~~~^
2026-10-08T20:32:35.5075023Z       |                                                  |
2026-10-08T20:32:35.5075798Z       |                                                  long long unsigned int
2026-10-08T20:32:35.5076965Z       |                                               %lu
2026-10-08T20:32:35.5078176Z  3822 |                      UB, conflicts, conflicts-softConflicts, learnts_core.size(), learnts_tier2.size(), learnts_local.size(),
2026-10-08T20:32:35.5079405Z       |                          ~~~~~~~~~                
2026-10-08T20:32:35.5080087Z       |                          |
2026-10-08T20:32:35.5080748Z       |                          uint64_t {aka long unsigned int}
2026-10-08T20:32:35.5082598Z src/solver/Solver.cc:3821:64: warning: format ‘%llu’ expects argument of type ‘long long unsigned int’, but argument 4 has type ‘uint64_t’ {aka ‘long unsigned int’} [-Wformat=]
2026-10-08T20:32:35.5085520Z  3821 |               printf("c UB=%llu succs, confls=%llu, hconfls=%llu, core %d, tier2 %d, local %d,  %d soft cls unsat (%d at L0), %d fixed vars at L0, softCnfl %d, nbFlyRd %d, nbFixedLH %llu\n",
2026-10-08T20:32:35.5087339Z       |                                                             ~~~^
2026-10-08T20:32:35.5088185Z       |                                                                |
2026-10-08T20:32:35.5089060Z       |                                                                long long unsigned int
2026-10-08T20:32:35.5089907Z       |                                                             %lu
2026-10-08T20:32:35.5091239Z  3822 |                      UB, conflicts, conflicts-softConflicts, learnts_core.size(), learnts_tier2.size(), learnts_local.size(),
2026-10-08T20:32:35.5092468Z       |                                     ~~~~~~~~~~~~~~~~~~~~~~~     
2026-10-08T20:32:35.5093259Z       |                                              |
2026-10-08T20:32:35.5094085Z       |                                              uint64_t {aka long unsigned int}
2026-10-08T20:32:35.5096699Z src/solver/Solver.cc:3821:186: warning: format ‘%llu’ expects argument of type ‘long long unsigned int’, but argument 13 has type ‘uint64_t’ {aka ‘long unsigned int’} [-Wformat=]
2026-10-08T20:32:35.5099076Z  3821 |               printf("c UB=%llu succs, confls=%llu, hconfls=%llu, core %d, tier2 %d, local %d,  %d soft cls unsat (%d at L0), %d fixed vars at L0, softCnfl %d, nbFlyRd %d, nbFixedLH %llu\n",
2026-10-08T20:32:35.5100877Z       |                                                                                                                                                                                       ~~~^
2026-10-08T20:32:35.5102232Z       |                                                                                                                                                                                          |
2026-10-08T20:32:35.5103695Z       |                                                                                                                                                                                          long long unsigned int
2026-10-08T20:32:35.5105178Z       |                                                                                                                                                                                       %lu
2026-10-08T20:32:35.5107406Z  3822 |                      UB, conflicts, conflicts-softConflicts, learnts_core.size(), learnts_tier2.size(), learnts_local.size(),
2026-10-08T20:32:35.5108930Z  3823 |                      falseLits.size(), nbFalses, nbFixeds, pureSoftConfl, nbFlyReduced, nbFixedByLH);
2026-10-08T20:32:35.5110254Z       |                                                                                         ~~~~~~~~~~~                                                                                       
2026-10-08T20:32:35.5111454Z       |                                                                                         |
2026-10-08T20:32:35.5112559Z       |                                                                                         uint64_t {aka long unsigned int}
2026-10-08T20:32:35.5114646Z src/solver/Solver.cc:3825:48: warning: format ‘%llu’ expects argument of type ‘long long unsigned int’, but argument 3 has type ‘uint64_t’ {aka ‘long unsigned int’} [-Wformat=]
2026-10-08T20:32:35.5117356Z  3825 |               printf("c nbHardens %d (fixed %llu), shorten: %llu, prunedLB %4.2f, dev %4.2f, succRate %4.2f, nbSucc %llu, lk: %llu, shorten: %llu, quasiC: %llu (fixed: %llu)\n\n",
2026-10-08T20:32:35.5118845Z       |                                             ~~~^
2026-10-08T20:32:35.5119609Z       |                                                |
2026-10-08T20:32:35.5120388Z       |                                                long long unsigned int
2026-10-08T20:32:35.5121256Z       |                                             %lu
2026-10-08T20:32:35.5123698Z  3826 |                      nbHardens, fixedByHardens, nbSavedLits, meanLB, dev, succRate, nbLKsuccess-savednbLKsuccess, LOOKAHEAD-savedLOOKAHEAD, nbSavedLits, quasiSoftConflicts, fixedByQuasiConfl);
2026-10-08T20:32:35.5125487Z       |                                 ~~~~~~~~~~~~~~  
2026-10-08T20:32:35.5126579Z       |                                 |
2026-10-08T20:32:35.5127407Z       |                                 uint64_t {aka long unsigned int}
2026-10-08T20:32:35.5129380Z src/solver/Solver.cc:3825:64: warning: format ‘%llu’ expects argument of type ‘long long unsigned int’, but argument 4 has type ‘uint64_t’ {aka ‘long unsigned int’} [-Wformat=]
2026-10-08T20:32:35.5131683Z  3825 |               printf("c nbHardens %d (fixed %llu), shorten: %llu, prunedLB %4.2f, dev %4.2f, succRate %4.2f, nbSucc %llu, lk: %llu, shorten: %llu, quasiC: %llu (fixed: %llu)\n\n",
2026-10-08T20:32:35.5133206Z       |                                                             ~~~^
2026-10-08T20:32:35.5134021Z       |                                                                |
2026-10-08T20:32:35.5135257Z       |                                                                long long unsigned int
2026-10-08T20:32:35.5136441Z       |                                                             %lu
2026-10-08T20:32:35.5138205Z  3826 |                      nbHardens, fixedByHardens, nbSavedLits, meanLB, dev, succRate, nbLKsuccess-savednbLKsuccess, LOOKAHEAD-savedLOOKAHEAD, nbSavedLits, quasiSoftConflicts, fixedByQuasiConfl);
2026-10-08T20:32:35.5151833Z       |                                                 ~~~~~~~~~~~     
2026-10-08T20:32:35.5152680Z       |                                                 |
2026-10-08T20:32:35.5153499Z       |                                                 uint64_t {aka long unsigned int}
2026-10-08T20:32:35.5155471Z src/solver/Solver.cc:3825:120: warning: format ‘%llu’ expects argument of type ‘long long unsigned int’, but argument 8 has type ‘uint64_t’ {aka ‘long unsigned int’} [-Wformat=]
2026-10-08T20:32:35.5157952Z  3825 |               printf("c nbHardens %d (fixed %llu), shorten: %llu, prunedLB %4.2f, dev %4.2f, succRate %4.2f, nbSucc %llu, lk: %llu, shorten: %llu, quasiC: %llu (fixed: %llu)\n\n",
2026-10-08T20:32:35.5159592Z       |                                                                                                                     ~~~^
2026-10-08T20:32:35.5160673Z       |                                                                                                                        |
2026-10-08T20:32:35.5161778Z       |                                                                                                                        long long unsigned int
2026-10-08T20:32:35.5162974Z       |                                                                                                                     %lu
2026-10-08T20:32:35.5164759Z  3826 |                      nbHardens, fixedByHardens, nbSavedLits, meanLB, dev, succRate, nbLKsuccess-savednbLKsuccess, LOOKAHEAD-savedLOOKAHEAD, nbSavedLits, quasiSoftConflicts, fixedByQuasiConfl);
2026-10-08T20:32:35.5166843Z       |                                                                                     ~~~~~~~~~~~~~~~~~~~~~~~~~~~~        
2026-10-08T20:32:35.5167865Z       |                                                                                                |
2026-10-08T20:32:35.5168907Z       |                                                                                                uint64_t {aka long unsigned int}
2026-10-08T20:32:35.5170930Z src/solver/Solver.cc:3825:130: warning: format ‘%llu’ expects argument of type ‘long long unsigned int’, but argument 9 has type ‘uint64_t’ {aka ‘long unsigned int’} [-Wformat=]
2026-10-08T20:32:35.5173130Z  3825 |               printf("c nbHardens %d (fixed %llu), shorten: %llu, prunedLB %4.2f, dev %4.2f, succRate %4.2f, nbSucc %llu, lk: %llu, shorten: %llu, quasiC: %llu (fixed: %llu)\n\n",
2026-10-08T20:32:35.5174711Z       |                                                                                                                               ~~~^
2026-10-08T20:32:35.5176486Z       |                                                                                                                                  |
2026-10-08T20:32:35.5177776Z       |                                                                                                                                  long long unsigned int
2026-10-08T20:32:35.5178929Z       |                                                                                                                               %lu
2026-10-08T20:32:35.5180766Z  3826 |                      nbHardens, fixedByHardens, nbSavedLits, meanLB, dev, succRate, nbLKsuccess-savednbLKsuccess, LOOKAHEAD-savedLOOKAHEAD, nbSavedLits, quasiSoftConflicts, fixedByQuasiConfl);
2026-10-08T20:32:35.5182672Z       |                                                                                                                   ~~~~~~~~~~~~~~~~~~~~~~~~
2026-10-08T20:32:35.5183842Z       |                                                                                                                            |
2026-10-08T20:32:35.5185290Z       |                                                                                                                            uint64_t {aka long unsigned int}
2026-10-08T20:32:35.5187763Z src/solver/Solver.cc:3825:145: warning: format ‘%llu’ expects argument of type ‘long long unsigned int’, but argument 10 has type ‘uint64_t’ {aka ‘long unsigned int’} [-Wformat=]
2026-10-08T20:32:35.5189988Z  3825 |               printf("c nbHardens %d (fixed %llu), shorten: %llu, prunedLB %4.2f, dev %4.2f, succRate %4.2f, nbSucc %llu, lk: %llu, shorten: %llu, quasiC: %llu (fixed: %llu)\n\n",
2026-10-08T20:32:35.5191732Z       |                                                                                                                                              ~~~^
2026-10-08T20:32:35.5192873Z       |                                                                                                                                                 |
2026-10-08T20:32:35.5194132Z       |                                                                                                                                                 long long unsigned int
2026-10-08T20:32:35.5195337Z       |                                                                                                                                              %lu
2026-10-08T20:32:35.5197460Z  3826 |                      nbHardens, fixedByHardens, nbSavedLits, meanLB, dev, succRate, nbLKsuccess-savednbLKsuccess, LOOKAHEAD-savedLOOKAHEAD, nbSavedLits, quasiSoftConflicts, fixedByQuasiConfl);
2026-10-08T20:32:35.5199380Z       |                                                                                                                                             ~~~~~~~~~~~
2026-10-08T20:32:35.5200527Z       |                                                                                                                                             |
2026-10-08T20:32:35.5201738Z       |                                                                                                                                             uint64_t {aka long unsigned int}
2026-10-08T20:32:35.5203927Z src/solver/Solver.cc:3825:159: warning: format ‘%llu’ expects argument of type ‘long long unsigned int’, but argument 11 has type ‘uint64_t’ {aka ‘long unsigned int’} [-Wformat=]
2026-10-08T20:32:35.5206435Z  3825 |               printf("c nbHardens %d (fixed %llu), shorten: %llu, prunedLB %4.2f, dev %4.2f, succRate %4.2f, nbSucc %llu, lk: %llu, shorten: %llu, quasiC: %llu (fixed: %llu)\n\n",
2026-10-08T20:32:35.5208120Z       |                                                                                                                                                            ~~~^
2026-10-08T20:32:35.5209324Z       |                                                                                                                                                               |
2026-10-08T20:32:35.5210948Z       |                                                                                                                                                               long long unsigned int
2026-10-08T20:32:35.5212214Z       |                                                                                                                                                            %lu
2026-10-08T20:32:35.5214115Z  3826 |                      nbHardens, fixedByHardens, nbSavedLits, meanLB, dev, succRate, nbLKsuccess-savednbLKsuccess, LOOKAHEAD-savedLOOKAHEAD, nbSavedLits, quasiSoftConflicts, fixedByQuasiConfl);
2026-10-08T20:32:35.5216303Z       |                                                                                                                                                          ~~~~~~~~~~~~~~~~~~
2026-10-08T20:32:35.5217728Z       |                                                                                                                                                          |
2026-10-08T20:32:35.5219296Z       |                                                                                                                                                          uint64_t {aka long unsigned int}
2026-10-08T20:32:35.5221473Z src/solver/Solver.cc:3825:172: warning: format ‘%llu’ expects argument of type ‘long long unsigned int’, but argument 12 has type ‘uint64_t’ {aka ‘long unsigned int’} [-Wformat=]
2026-10-08T20:32:35.5223655Z  3825 |               printf("c nbHardens %d (fixed %llu), shorten: %llu, prunedLB %4.2f, dev %4.2f, succRate %4.2f, nbSucc %llu, lk: %llu, shorten: %llu, quasiC: %llu (fixed: %llu)\n\n",
2026-10-08T20:32:35.5225326Z       |                                                                                                                                                                         ~~~^
2026-10-08T20:32:35.5226817Z       |                                                                                                                                                                            |
2026-10-08T20:32:35.5228170Z       |                                                                                                                                                                            long long unsigned int
2026-10-08T20:32:35.5229469Z       |                                                                                                                                                                         %lu
2026-10-08T20:32:35.5231326Z  3826 |                      nbHardens, fixedByHardens, nbSavedLits, meanLB, dev, succRate, nbLKsuccess-savednbLKsuccess, LOOKAHEAD-savedLOOKAHEAD, nbSavedLits, quasiSoftConflicts, fixedByQuasiConfl);
2026-10-08T20:32:35.5233249Z       |                                                                                                                                                                              ~~~~~~~~~~~~~~~~~
2026-10-08T20:32:35.5234546Z       |                                                                                                                                                                              |
2026-10-08T20:32:35.5235868Z       |                                                                                                                                                                              uint64_t {aka long unsigned int}
2026-10-08T20:32:35.5237829Z src/solver/Solver.cc: In member function ‘Minisat::CRef Minisat::Solver::propagateForLK()’:
2026-10-08T20:32:35.5239651Z src/solver/Solver.cc:3984:27: warning: comparison of integer expressions of different signedness: ‘unsigned int’ and ‘int’ [-Wsign-compare]
2026-10-08T20:32:35.5240997Z  3984 |         if (c.lastPoint() > c.size())
2026-10-08T20:32:35.5241687Z       |             ~~~~~~~~~~~~~~^~~~~~~~~~
2026-10-08T20:32:35.5243178Z src/solver/Solver.cc:4003:27: warning: comparison of integer expressions of different signedness: ‘int’ and ‘unsigned int’ [-Wsign-compare]
2026-10-08T20:32:35.5244894Z  4003 |         for (int k = 2; k < c.lastPoint(); k++) {
2026-10-08T20:32:35.5245683Z       |                         ~~^~~~~~~~~~~~~~~
2026-10-08T20:32:35.5246650Z In file included from src/solver/mtl/Sort.h:24,
2026-10-08T20:32:35.5247420Z                  from src/solver/SimpSolver.cc:33:
2026-10-08T20:32:35.5248890Z src/solver/mtl/Vec.h: In instantiation of ‘void Minisat::vec<T>::capacity(int) [with T = Minisat::vec<unsigned int>]’:
2026-10-08T20:32:35.5250700Z src/solver/mtl/Vec.h:115:13:   required from ‘void Minisat::vec<T>::growTo(int) [with T = Minisat::vec<unsigned int>]’
2026-10-08T20:32:35.5253122Z src/solver/SolverTypes.h:339:50:   required from ‘void Minisat::OccLists<Idx, Vec, Deleted>::init(const Idx&) [with Idx = int; Vec = Minisat::vec<unsigned int>; Deleted = Minisat::SimpSolver::ClauseDeleted]’
2026-10-08T20:32:35.5255170Z src/solver/SimpSolver.cc:98:24:   required from here
2026-10-08T20:32:35.5257871Z src/solver/mtl/Vec.h:99:54: warning: ‘void* realloc(void*, size_t)’ moving an object of non-trivially copyable type ‘class Minisat::vec<unsigned int>’; use ‘new’ and ‘delete’ instead [-Wclass-memaccess]
2026-10-08T20:32:35.5259985Z    99 |     if (add > INT_MAX - cap || ((data = (T*)::realloc(data, (cap += add) * sizeof(T))) == NULL) && errno == ENOMEM)
2026-10-08T20:32:35.5261137Z       |                                             ~~~~~~~~~^~~~~~~~~~~~~~~~~~~~~~~~~~~~~~~~
2026-10-08T20:32:35.5262386Z src/solver/mtl/Vec.h:38:7: note: ‘class Minisat::vec<unsigned int>’ declared here
2026-10-08T20:32:35.5263284Z    38 | class vec {
2026-10-08T20:32:35.5263832Z       |       ^~~
2026-10-08T20:32:35.5265269Z src/solver/Solver.cc: In member function ‘void Minisat::Solver::analyzeQuasiSoftConflict(Minisat::vec<Minisat::Lit>&, int&, int&)’:
2026-10-08T20:32:35.5267815Z src/solver/Solver.cc:4502:26: warning: comparison of integer expressions of different signedness: ‘int’ and ‘uint64_t’ {aka ‘long unsigned int’} [-Wsign-compare]
2026-10-08T20:32:35.5279751Z  4502 |     if (falseLits.size() > UB) {
2026-10-08T20:32:35.5280589Z       |         ~~~~~~~~~~~~~~~~~^~~~
2026-10-08T20:32:35.5281849Z src/solver/Solver.cc: In member function ‘bool Minisat::Solver::lookahead()’:
2026-10-08T20:32:35.5283845Z src/solver/Solver.cc:4843:17: warning: comparison of integer expressions of different signedness: ‘uint64_t’ {aka ‘long unsigned int’} and ‘int’ [-Wsign-compare]
2026-10-08T20:32:35.5285420Z  4843 |   if (conflicts > prevConflicts) {
2026-10-08T20:32:35.5286435Z       |       ~~~~~~~~~~^~~~~~~~~~~~~~~
2026-10-08T20:32:35.5323687Z src/solver/Solver.cc: In member function ‘void Minisat::Solver::addHardClausesForSoftClauses()’:
2026-10-08T20:32:35.5325763Z src/solver/Solver.cc:5088:70: warning: format ‘%llu’ expects argument of type ‘long long unsigned int’, but argument 5 has type ‘uint64_t’ {aka ‘long unsigned int’} [-Wformat=]
2026-10-08T20:32:35.5327783Z  5088 |   printf("c nb soft clauses: %d, of which %d unit, %d nonUnit and %llu empty\n",
2026-10-08T20:32:35.5328832Z       |                                                                   ~~~^
2026-10-08T20:32:35.5329627Z       |                                                                      |
2026-10-08T20:32:35.5330456Z       |                                                                      long long unsigned int
2026-10-08T20:32:35.5331258Z       |                                                                   %lu
2026-10-08T20:32:35.5332120Z  5089 |          softClauses.size(), nbUnitSoft, nbNonUnitSoft, solutionCost);
2026-10-08T20:32:35.5332972Z       |                                                         ~~~~~~~~~~~~  
2026-10-08T20:32:35.5333674Z       |                                                         |
2026-10-08T20:32:35.5334438Z       |                                                         uint64_t {aka long unsigned int}
2026-10-08T20:32:35.5353770Z src/solver/Solver.cc: In member function ‘void Minisat::Solver::printBestSolution() const’:
2026-10-08T20:32:35.5355918Z src/solver/Solver.cc:5239:49: warning: format ‘%llu’ expects argument of type ‘long long unsigned int’, but argument 2 has type ‘long unsigned int’ [-Wformat=]
2026-10-08T20:32:35.5357610Z  5239 |     printf("c   unsat soft clauses (search): %llu\n", bestSup);
2026-10-08T20:32:35.5358478Z       |                                              ~~~^     ~~~~~~~
2026-10-08T20:32:35.5359153Z       |                                                 |     |
2026-10-08T20:32:35.5359814Z       |                                                 |     long unsigned int
2026-10-08T20:32:35.5360344Z       |                                                 long long unsigned int
2026-10-08T20:32:35.5360823Z       |                                              %lu
2026-10-08T20:32:35.5362348Z src/solver/Solver.cc:5240:53: warning: format ‘%llu’ expects argument of type ‘long long unsigned int’, but argument 2 has type ‘uint64_t’ {aka ‘long unsigned int’} [-Wformat=]
2026-10-08T20:32:35.5363780Z  5240 |     printf("c   satisfied soft clauses (maxsat): %llu\n", maxsat);
2026-10-08T20:32:35.5364910Z       |                                                  ~~~^     ~~~~~~
2026-10-08T20:32:35.5365807Z       |                                                     |     |
2026-10-08T20:32:35.5367066Z       |                                                     |     uint64_t {aka long unsigned int}
2026-10-08T20:32:35.5367979Z       |                                                     long long unsigned int
2026-10-08T20:32:35.5368804Z       |                                                  %lu
2026-10-08T20:32:35.5370526Z src/solver/Solver.cc:5241:39: warning: format ‘%llu’ expects argument of type ‘long long unsigned int’, but argument 2 has type ‘uint64_t’ {aka ‘long unsigned int’} [-Wformat=]
2026-10-08T20:32:35.5372078Z  5241 |     printf("c   total weight cost: %llu\n", optimal);
2026-10-08T20:32:35.5372872Z       |                                    ~~~^     ~~~~~~~
2026-10-08T20:32:35.5373569Z       |                                       |     |
2026-10-08T20:32:35.5374305Z       |                                       |     uint64_t {aka long unsigned int}
2026-10-08T20:32:35.5375128Z       |                                       long long unsigned int
2026-10-08T20:32:35.5375885Z       |                                    %lu
2026-10-08T20:32:35.5377412Z src/solver/Solver.cc: In member function ‘void Minisat::Solver::checkSolution()’:
2026-10-08T20:32:35.5379236Z src/solver/Solver.cc:5257:15: warning: comparison of integer expressions of different signedness: ‘int’ and ‘uint64_t’ {aka ‘long unsigned int’} [-Wsign-compare]
2026-10-08T20:32:35.5380791Z  5257 |   if (nbFalse != falseLits.size()+fixedCostBySearch + relaxedCost)
2026-10-08T20:32:35.5381665Z       |       ~~~~~~~~^~~~~~~~~~~~~~~~~~~~~~~~~~~~~~~~~~~~~~~~~~~~~~~~~~~
2026-10-08T20:32:35.5383396Z src/solver/Solver.cc:5258:92: warning: format ‘%llu’ expects argument of type ‘long long unsigned int’, but argument 3 has type ‘uint64_t’ {aka ‘long unsigned int’} [-Wformat=]
2026-10-08T20:32:35.5385167Z  5258 |     printf("c **** error nb of false soft clauses real nbfalse: %d, recorded falseLits: %llu****\n",
2026-10-08T20:32:35.5386575Z       |                                                                                         ~~~^
2026-10-08T20:32:35.5387527Z       |                                                                                            |
2026-10-08T20:32:35.5388502Z       |                                                                                            long long unsigned int
2026-10-08T20:32:35.5389484Z       |                                                                                         %lu
2026-10-08T20:32:35.5390542Z  5259 |            nbFalse, falseLits.size()+fixedCostBySearch+relaxedCost);
2026-10-08T20:32:35.5391579Z       |                     ~~~~~~~~~~~~~~~~~~~~~~~~~~~~~~~~~~~~~~~~~~~~~~                          
2026-10-08T20:32:35.5392458Z       |                                                       |
2026-10-08T20:32:35.5393601Z       |                                                       uint64_t {aka long unsigned int}
2026-10-08T20:32:35.5394935Z src/solver/Solver.cc: In member function ‘void Minisat::Solver::partition()’:
2026-10-08T20:32:35.5396891Z src/solver/Solver.cc:5379:31: warning: comparison of integer expressions of different signedness: ‘unsigned int’ and ‘int’ [-Wsign-compare]
2026-10-08T20:32:35.5398282Z  5379 |         if (conflicted[var(q)]==iset.size()) {
2026-10-08T20:32:35.5399824Z src/solver/Solver.cc:5389:32: warning: comparison of integer expressions of different signedness: ‘unsigned int’ and ‘int’ [-Wsign-compare]
2026-10-08T20:32:35.5401186Z  5389 |         if (conflicted[var(q)] < iset.size())
2026-10-08T20:32:35.5405008Z src/solver/Solver.cc:5448:50: warning: comparison of integer expressions of different signedness: ‘unsigned int’ and ‘int’ [-Wsign-compare]
2026-10-08T20:32:35.5406559Z  5448 |         if (q != lit_Undef && conflicted[var(q)] == iset.size()) {
2026-10-08T20:32:35.5419071Z src/solver/Solver.cc:5513:38: warning: format ‘%llu’ expects argument of type ‘long long unsigned int’, but argument 3 has type ‘uint64_t’ {aka ‘long unsigned int’} [-Wformat=]
2026-10-08T20:32:35.5420752Z  5513 |   printf("c isets %d, derivedCost %llu\n", nbIsets, derivedCost);
2026-10-08T20:32:35.5421655Z       |                                   ~~~^              ~~~~~~~~~~~
2026-10-08T20:32:35.5422420Z       |                                      |              |
2026-10-08T20:32:35.5423221Z       |                                      |              uint64_t {aka long unsigned int}
2026-10-08T20:32:35.5424052Z       |                                      long long unsigned int
2026-10-08T20:32:35.5424767Z       |                                   %lu
2026-10-08T20:32:35.5457386Z src/solver/Solver.cc: In member function ‘Minisat::CRef Minisat::Solver::simplepropagateForLK()’:
2026-10-08T20:32:35.5459129Z src/solver/Solver.cc:5660:27: warning: comparison of integer expressions of different signedness: ‘unsigned int’ and ‘int’ [-Wsign-compare]
2026-10-08T20:32:35.5460394Z  5660 |         if (c.lastPoint() > c.size())
2026-10-08T20:32:35.5461109Z       |             ~~~~~~~~~~~~~~^~~~~~~~~~
2026-10-08T20:32:35.5462510Z src/solver/Solver.cc:5674:27: warning: comparison of integer expressions of different signedness: ‘int’ and ‘unsigned int’ [-Wsign-compare]
2026-10-08T20:32:35.5463355Z  5674 |         for (int k = 2; k < c.lastPoint(); k++) {
2026-10-08T20:32:35.5463815Z       |                         ~~^~~~~~~~~~~~~~~
2026-10-08T20:32:35.5561669Z src/solver/Solver.cc: In member function ‘void Minisat::Solver::addCardinalityConstraints()’:
2026-10-08T20:32:35.5563543Z src/solver/Solver.cc:6204:64: warning: format ‘%llu’ expects argument of type ‘long long unsigned int’, but argument 2 has type ‘uint64_t’ {aka ‘long unsigned int’} [-Wformat=]
2026-10-08T20:32:35.5564987Z  6204 |       printf("\nc Cardinality: off (soft-conflict only), UB %llu\n", UB);
2026-10-08T20:32:35.5565745Z       |                                                             ~~~^     ~~
2026-10-08T20:32:35.5566595Z       |                                                                |     |
2026-10-08T20:32:35.5567262Z       |                                                                |     uint64_t {aka long unsigned int}
2026-10-08T20:32:35.5567974Z       |                                                                long long unsigned int
2026-10-08T20:32:35.5568594Z       |                                                             %lu
2026-10-08T20:32:35.5570092Z src/solver/Solver.cc:6234:82: warning: comparison of integer expressions of different signedness: ‘int’ and ‘uint64_t’ {aka ‘long unsigned int’} [-Wsign-compare]
2026-10-08T20:32:35.5571474Z  6234 |   if (activeSoftLits.size() < 2 || UB - 1 - nbFalse < 1 || activeSoftLits.size() <= UB - 1 - nbFalse
2026-10-08T20:32:35.5572059Z       |                                                            ~~~~~~~~~~~~~~~~~~~~~~^~~~~~~~~~~~~~~~~~~
2026-10-08T20:32:35.5574286Z src/solver/Solver.cc:6253:46: warning: format ‘%llu’ expects argument of type ‘long long unsigned int’, but argument 4 has type ‘uint64_t’ {aka ‘long unsigned int’} [-Wformat=]
2026-10-08T20:32:35.5575554Z  6253 |   printf("\nc Cardinality: %d (%s) for UB %llu\n", cardinalityC.size(), enc, UB);
2026-10-08T20:32:35.5576603Z       |                                           ~~~^                               ~~
2026-10-08T20:32:35.5577291Z       |                                              |                               |
2026-10-08T20:32:35.5578134Z       |                                              long long unsigned int          uint64_t {aka long unsigned int}
2026-10-08T20:32:35.5578789Z       |                                           %lu
2026-10-08T20:32:35.5633648Z src/solver/Solver.cc: In member function ‘Minisat::lbool Minisat::Solver::solve_()’:
2026-10-08T20:32:35.5635094Z src/solver/Solver.cc:6602:79: warning: format ‘%llu’ expects argument of type ‘long long unsigned int’, but argument 5 has type ‘uint64_t’ {aka ‘long unsigned int’} [-Wformat=]
2026-10-08T20:32:35.5636774Z  6602 |     printf("c fixedCost %d, nbSatLits %d, totalFixedVars %d, objForSearch: %llu\n\n",
2026-10-08T20:32:35.5637524Z       |                                                                            ~~~^
2026-10-08T20:32:35.5638219Z       |                                                                               |
2026-10-08T20:32:35.5638966Z       |                                                                               long long unsigned int
2026-10-08T20:32:35.5639635Z       |                                                                            %lu
2026-10-08T20:32:35.5640359Z  6603 |                 fixedCost, nbSatLits, trail.size(), objForSearch);
2026-10-08T20:32:35.5641027Z       |                                                     ~~~~~~~~~~~~               
2026-10-08T20:32:35.5641664Z       |                                                     |
2026-10-08T20:32:35.5642356Z       |                                                     uint64_t {aka long unsigned int}
2026-10-08T20:32:35.5643763Z src/solver/Solver.cc:6631:35: warning: format ‘%llu’ expects argument of type ‘long long unsigned int’, but argument 2 has type ‘uint64_t’ {aka ‘long unsigned int’} [-Wformat=]
2026-10-08T20:32:35.5644779Z  6631 |         printf("c provided UB: %llu\n", providedUB);
2026-10-08T20:32:35.5645407Z       |                                ~~~^     ~~~~~~~~~~
2026-10-08T20:32:35.5646046Z       |                                   |     |
2026-10-08T20:32:35.5647156Z       |                                   |     uint64_t {aka long unsigned int}
2026-10-08T20:32:35.5647759Z       |                                   long long unsigned int
2026-10-08T20:32:35.5648227Z       |                                %lu
2026-10-08T20:32:35.5650461Z src/solver/Solver.cc:6634:54: warning: format ‘%llu’ expects argument of type ‘long long unsigned int’, but argument 2 has type ‘uint64_t’ {aka ‘long unsigned int’} [-Wformat=]
2026-10-08T20:32:35.5652289Z  6634 |         printf("c provided UB is invalide: initUB %llu, solCost %llu, costbySearch %llu, derivedCost %llu, relaxedCost: %llu\n", initUB, solutionCost, fixedCostBySearch, derivedCost, relaxedCost);
2026-10-08T20:32:35.5653215Z       |                                                   ~~~^                                                                           ~~~~~~
2026-10-08T20:32:35.5653709Z       |                                                      |                                                                           |
2026-10-08T20:32:35.5654301Z       |                                                      long long unsigned int                                                      uint64_t {aka long unsigned int}
2026-10-08T20:32:35.5654795Z       |                                                   %lu
2026-10-08T20:32:35.5655684Z src/solver/Solver.cc:6634:68: warning: format ‘%llu’ expects argument of type ‘long long unsigned int’, but argument 3 has type ‘uint64_t’ {aka ‘long unsigned int’} [-Wformat=]
2026-10-08T20:32:35.5657699Z  6634 |         printf("c provided UB is invalide: initUB %llu, solCost %llu, costbySearch %llu, derivedCost %llu, relaxedCost: %llu\n", initUB, solutionCost, fixedCostBySearch, derivedCost, relaxedCost);
2026-10-08T20:32:35.5658727Z       |                                                                 ~~~^                                                                     ~~~~~~~~~~~~
2026-10-08T20:32:35.5659246Z       |                                                                    |                                                                     |
2026-10-08T20:32:35.5659950Z       |                                                                    long long unsigned int                                                uint64_t {aka long unsigned int}
2026-10-08T20:32:35.5660468Z       |                                                                 %lu
2026-10-08T20:32:35.5661597Z src/solver/Solver.cc:6634:87: warning: format ‘%llu’ expects argument of type ‘long long unsigned int’, but argument 4 has type ‘uint64_t’ {aka ‘long unsigned int’} [-Wformat=]
2026-10-08T20:32:35.5662985Z  6634 |         printf("c provided UB is invalide: initUB %llu, solCost %llu, costbySearch %llu, derivedCost %llu, relaxedCost: %llu\n", initUB, solutionCost, fixedCostBySearch, derivedCost, relaxedCost);
2026-10-08T20:32:35.5663907Z       |                                                                                    ~~~^                                                                ~~~~~~~~~~~~~~~~~
2026-10-08T20:32:35.5664454Z       |                                                                                       |                                                                |
2026-10-08T20:32:35.5665085Z       |                                                                                       long long unsigned int                                           uint64_t {aka long unsigned int}
2026-10-08T20:32:35.5665643Z       |                                                                                    %lu
2026-10-08T20:32:35.5666841Z src/solver/Solver.cc:6634:105: warning: format ‘%llu’ expects argument of type ‘long long unsigned int’, but argument 5 has type ‘uint64_t’ {aka ‘long unsigned int’} [-Wformat=]
2026-10-08T20:32:35.5668037Z  6634 |         printf("c provided UB is invalide: initUB %llu, solCost %llu, costbySearch %llu, derivedCost %llu, relaxedCost: %llu\n", initUB, solutionCost, fixedCostBySearch, derivedCost, relaxedCost);
2026-10-08T20:32:35.5668973Z       |                                                                                                      ~~~^                                                                 ~~~~~~~~~~~
2026-10-08T20:32:35.5669575Z       |                                                                                                         |                                                                 |
2026-10-08T20:32:35.5670265Z       |                                                                                                         long long unsigned int                                            uint64_t {aka long unsigned int}
2026-10-08T20:32:35.5670859Z       |                                                                                                      %lu
2026-10-08T20:32:35.5671773Z src/solver/Solver.cc:6634:124: warning: format ‘%llu’ expects argument of type ‘long long unsigned int’, but argument 6 has type ‘uint64_t’ {aka ‘long unsigned int’} [-Wformat=]
2026-10-08T20:32:35.5672970Z  6634 |         printf("c provided UB is invalide: initUB %llu, solCost %llu, costbySearch %llu, derivedCost %llu, relaxedCost: %llu\n", initUB, solutionCost, fixedCostBySearch, derivedCost, relaxedCost);
2026-10-08T20:32:35.5673924Z       |                                                                                                                         ~~~^                                                           ~~~~~~~~~~~
2026-10-08T20:32:35.5674706Z       |                                                                                                                            |                                                           |
2026-10-08T20:32:35.5675412Z       |                                                                                                                            long long unsigned int                                      uint64_t {aka long unsigned int}
2026-10-08T20:32:35.5676445Z       |                                                                                                                         %lu
2026-10-08T20:32:35.5679021Z src/solver/Solver.cc:6656:58: warning: format ‘%llu’ expects argument of type ‘long long unsigned int’, but argument 2 has type ‘uint64_t’ {aka ‘long unsigned int’} [-Wformat=]
2026-10-08T20:32:35.5680573Z  6656 |       printf("c ends of initiationization by VSIDS at %llu conflicts with init %d\n\n",
2026-10-08T20:32:35.5681369Z       |                                                       ~~~^
2026-10-08T20:32:35.5681917Z       |                                                          |
2026-10-08T20:32:35.5682711Z       |                                                          long long unsigned int
2026-10-08T20:32:35.5683315Z       |                                                       %lu
2026-10-08T20:32:35.5683816Z  6657 |              conflicts, init);
2026-10-08T20:32:35.5684288Z       |              ~~~~~~~~~                                    
2026-10-08T20:32:35.5684768Z       |              |
2026-10-08T20:32:35.5685164Z       |              uint64_t {aka long unsigned int}
2026-10-08T20:32:35.5687346Z src/solver/Solver.cc:6686:50: warning: format ‘%llu’ expects argument of type ‘long long unsigned int’, but argument 3 has type ‘uint64_t’ {aka ‘long unsigned int’} [-Wformat=]
2026-10-08T20:32:35.5688807Z  6686 |           printf("c VSIDS phase %d: conflicts %llu, phase %llu, starts %llu, UP %llu\n",
2026-10-08T20:32:35.5689539Z       |                                               ~~~^
2026-10-08T20:32:35.5690042Z       |                                                  |
2026-10-08T20:32:35.5690593Z       |                                                  long long unsigned int
2026-10-08T20:32:35.5691149Z       |                                               %lu
2026-10-08T20:32:35.5691760Z  6687 |                  nbVSIDSphase, conflicts-savedConfl, phase_allotment,
2026-10-08T20:32:35.5692385Z       |                                ~~~~~~~~~~~~~~~~~~~~
2026-10-08T20:32:35.5692867Z       |                                         |
2026-10-08T20:32:35.5693397Z       |                                         uint64_t {aka long unsigned int}
2026-10-08T20:32:35.5694904Z src/solver/Solver.cc:6686:62: warning: format ‘%llu’ expects argument of type ‘long long unsigned int’, but argument 4 has type ‘uint64_t’ {aka ‘long unsigned int’} [-Wformat=]
2026-10-08T20:32:35.5696525Z  6686 |           printf("c VSIDS phase %d: conflicts %llu, phase %llu, starts %llu, UP %llu\n",
2026-10-08T20:32:35.5697286Z       |                                                           ~~~^
2026-10-08T20:32:35.5697830Z       |                                                              |
2026-10-08T20:32:35.5698410Z       |                                                              long long unsigned int
2026-10-08T20:32:35.5699011Z       |                                                           %lu
2026-10-08T20:32:35.5699644Z  6687 |                  nbVSIDSphase, conflicts-savedConfl, phase_allotment,
2026-10-08T20:32:35.5700284Z       |                                                      ~~~~~~~~~~~~~~~
2026-10-08T20:32:35.5700821Z       |                                                      |
2026-10-08T20:32:35.5701396Z       |                                                      uint64_t {aka long unsigned int}
2026-10-08T20:32:35.5702924Z src/solver/Solver.cc:6686:75: warning: format ‘%llu’ expects argument of type ‘long long unsigned int’, but argument 5 has type ‘uint64_t’ {aka ‘long unsigned int’} [-Wformat=]
2026-10-08T20:32:35.5704569Z  6686 |           printf("c VSIDS phase %d: conflicts %llu, phase %llu, starts %llu, UP %llu\n",
2026-10-08T20:32:35.5705345Z       |                                                                        ~~~^
2026-10-08T20:32:35.5705922Z       |                                                                           |
2026-10-08T20:32:35.5708358Z       |                                                                           long long unsigned int
2026-10-08T20:32:35.5709020Z       |                                                                        %lu
2026-10-08T20:32:35.5709694Z  6687 |                  nbVSIDSphase, conflicts-savedConfl, phase_allotment,
2026-10-08T20:32:35.5710412Z  6688 |                  starts-savedRestarts, propagations-savedUP);
2026-10-08T20:32:35.5711062Z       |                  ~~~~~~~~~~~~~~~~~~~~                                      
2026-10-08T20:32:35.5711569Z       |                        |
2026-10-08T20:32:35.5711866Z       |                        uint64_t {aka long unsigned int}
2026-10-08T20:32:35.5713013Z src/solver/Solver.cc:6686:84: warning: format ‘%llu’ expects argument of type ‘long long unsigned int’, but argument 6 has type ‘uint64_t’ {aka ‘long unsigned int’} [-Wformat=]
2026-10-08T20:32:35.5713901Z  6686 |           printf("c VSIDS phase %d: conflicts %llu, phase %llu, starts %llu, UP %llu\n",
2026-10-08T20:32:35.5714374Z       |                                                                                 ~~~^
2026-10-08T20:32:35.5714766Z       |                                                                                    |
2026-10-08T20:32:35.5715179Z       |                                                                                    long long unsigned int
2026-10-08T20:32:35.5715590Z       |                                                                                 %lu
2026-10-08T20:32:35.5716351Z  6687 |                  nbVSIDSphase, conflicts-savedConfl, phase_allotment,
2026-10-08T20:32:35.5718082Z  6688 |                  starts-savedRestarts, propagations-savedUP);
2026-10-08T20:32:35.5718534Z       |                                        ~~~~~~~~~~~~~~~~~~~~                         
2026-10-08T20:32:35.5719012Z       |                                                    |
2026-10-08T20:32:35.5719615Z       |                                                    uint64_t {aka long unsigned int}
2026-10-08T20:32:35.5721256Z src/solver/Solver.cc:6692:48: warning: format ‘%llu’ expects argument of type ‘long long unsigned int’, but argument 3 has type ‘uint64_t’ {aka ‘long unsigned int’} [-Wformat=]
2026-10-08T20:32:35.5722709Z  6692 |           printf("c LRB phase %d: conflicts %llu, phase %llu, starts %llu, UP %llu\n",
2026-10-08T20:32:35.5723429Z       |                                             ~~~^
2026-10-08T20:32:35.5723924Z       |                                                |
2026-10-08T20:32:35.5724299Z       |                                                long long unsigned int
2026-10-08T20:32:35.5724644Z       |                                             %lu
2026-10-08T20:32:35.5725027Z  6693 |                  nbLRBphase, conflicts-savedConfl, phase_allotment,
2026-10-08T20:32:35.5725404Z       |                              ~~~~~~~~~~~~~~~~~~~~
2026-10-08T20:32:35.5725698Z       |                                       |
2026-10-08T20:32:35.5726298Z       |                                       uint64_t {aka long unsigned int}
2026-10-08T20:32:35.5727225Z src/solver/Solver.cc:6692:60: warning: format ‘%llu’ expects argument of type ‘long long unsigned int’, but argument 4 has type ‘uint64_t’ {aka ‘long unsigned int’} [-Wformat=]
2026-10-08T20:32:35.5728080Z  6692 |           printf("c LRB phase %d: conflicts %llu, phase %llu, starts %llu, UP %llu\n",
2026-10-08T20:32:35.5728519Z       |                                                         ~~~^
2026-10-08T20:32:35.5728846Z       |                                                            |
2026-10-08T20:32:35.5729434Z       |                                                            long long unsigned int
2026-10-08T20:32:35.5729794Z       |                                                         %lu
2026-10-08T20:32:35.5730173Z  6693 |                  nbLRBphase, conflicts-savedConfl, phase_allotment,
2026-10-08T20:32:35.5730554Z       |                                                    ~~~~~~~~~~~~~~~
2026-10-08T20:32:35.5730873Z       |                                                    |
2026-10-08T20:32:35.5731210Z       |                                                    uint64_t {aka long unsigned int}
2026-10-08T20:32:35.5732130Z src/solver/Solver.cc:6692:73: warning: format ‘%llu’ expects argument of type ‘long long unsigned int’, but argument 5 has type ‘uint64_t’ {aka ‘long unsigned int’} [-Wformat=]
2026-10-08T20:32:35.5732984Z  6692 |           printf("c LRB phase %d: conflicts %llu, phase %llu, starts %llu, UP %llu\n",
2026-10-08T20:32:35.5733431Z       |                                                                      ~~~^
2026-10-08T20:32:35.5733784Z       |                                                                         |
2026-10-08T20:32:35.5734283Z       |                                                                         long long unsigned int
2026-10-08T20:32:35.5734679Z       |                                                                      %lu
2026-10-08T20:32:35.5735063Z  6693 |                  nbLRBphase, conflicts-savedConfl, phase_allotment,
2026-10-08T20:32:35.5735483Z  6694 |                  starts-savedRestarts, propagations-savedUP);
2026-10-08T20:32:35.5735864Z       |                  ~~~~~~~~~~~~~~~~~~~~                                    
2026-10-08T20:32:35.5737846Z       |                        |
2026-10-08T20:32:35.5738163Z       |                        uint64_t {aka long unsigned int}
2026-10-08T20:32:35.5739111Z src/solver/Solver.cc:6692:82: warning: format ‘%llu’ expects argument of type ‘long long unsigned int’, but argument 6 has type ‘uint64_t’ {aka ‘long unsigned int’} [-Wformat=]
2026-10-08T20:32:35.5740013Z  6692 |           printf("c LRB phase %d: conflicts %llu, phase %llu, starts %llu, UP %llu\n",
2026-10-08T20:32:35.5740493Z       |                                                                               ~~~^
2026-10-08T20:32:35.5740865Z       |                                                                                  |
2026-10-08T20:32:35.5741267Z       |                                                                                  long long unsigned int
2026-10-08T20:32:35.5741680Z       |                                                                               %lu
2026-10-08T20:32:35.5742090Z  6693 |                  nbLRBphase, conflicts-savedConfl, phase_allotment,
2026-10-08T20:32:35.5742518Z  6694 |                  starts-savedRestarts, propagations-savedUP);
2026-10-08T20:32:35.5742915Z       |                                        ~~~~~~~~~~~~~~~~~~~~                       
2026-10-08T20:32:35.5743508Z       |                                                    |
2026-10-08T20:32:35.5743856Z       |                                                    uint64_t {aka long unsigned int}
2026-10-08T20:32:35.5744771Z src/solver/Solver.cc:6739:25: warning: format ‘%llu’ expects argument of type ‘long long unsigned int’, but argument 2 has type ‘uint64_t’ {aka ‘long unsigned int’} [-Wformat=]
2026-10-08T20:32:35.5745724Z  6739 |         printf("c UB=%llu fails, cnfls=%llu, hcnfls=%llu, core %d, tier2 %d, local %d, quasiC: %llu (fixed: %llu)\n",
2026-10-08T20:32:35.5746530Z       |                      ~~~^
2026-10-08T20:32:35.5746782Z       |                         |
2026-10-08T20:32:35.5747044Z       |                         long long unsigned int
2026-10-08T20:32:35.5747334Z       |                      %lu
2026-10-08T20:32:35.5747982Z  6740 |                UB, conflicts, conflicts-softConflicts, learnts_core.size(), learnts_tier2.size(), learnts_local.size(), quasiSoftConflicts, fixedByQuasiConfl);
2026-10-08T20:32:35.5748656Z       |                ~~        
2026-10-08T20:32:35.5748887Z       |                |
2026-10-08T20:32:35.5749279Z       |                uint64_t {aka long unsigned int}
2026-10-08T20:32:35.5750170Z src/solver/Solver.cc:6739:43: warning: format ‘%llu’ expects argument of type ‘long long unsigned int’, but argument 3 has type ‘uint64_t’ {aka ‘long unsigned int’} [-Wformat=]
2026-10-08T20:32:35.5751105Z  6739 |         printf("c UB=%llu fails, cnfls=%llu, hcnfls=%llu, core %d, tier2 %d, local %d, quasiC: %llu (fixed: %llu)\n",
2026-10-08T20:32:35.5751617Z       |                                        ~~~^
2026-10-08T20:32:35.5751903Z       |                                           |
2026-10-08T20:32:35.5752205Z       |                                           long long unsigned int
2026-10-08T20:32:35.5752522Z       |                                        %lu
2026-10-08T20:32:35.5753195Z  6740 |                UB, conflicts, conflicts-softConflicts, learnts_core.size(), learnts_tier2.size(), learnts_local.size(), quasiSoftConflicts, fixedByQuasiConfl);
2026-10-08T20:32:35.5753865Z       |                    ~~~~~~~~~               
2026-10-08T20:32:35.5754134Z       |                    |
2026-10-08T20:32:35.5754395Z       |                    uint64_t {aka long unsigned int}
2026-10-08T20:32:35.5755258Z src/solver/Solver.cc:6739:56: warning: format ‘%llu’ expects argument of type ‘long long unsigned int’, but argument 4 has type ‘uint64_t’ {aka ‘long unsigned int’} [-Wformat=]
2026-10-08T20:32:35.5756722Z  6739 |         printf("c UB=%llu fails, cnfls=%llu, hcnfls=%llu, core %d, tier2 %d, local %d, quasiC: %llu (fixed: %llu)\n",
2026-10-08T20:32:35.5757521Z       |                                                     ~~~^
2026-10-08T20:32:35.5757836Z       |                                                        |
2026-10-08T20:32:35.5758168Z       |                                                        long long unsigned int
2026-10-08T20:32:35.5758528Z       |                                                     %lu
2026-10-08T20:32:35.5759234Z  6740 |                UB, conflicts, conflicts-softConflicts, learnts_core.size(), learnts_tier2.size(), learnts_local.size(), quasiSoftConflicts, fixedByQuasiConfl);
2026-10-08T20:32:35.5759910Z       |                               ~~~~~~~~~~~~~~~~~~~~~~~   
2026-10-08T20:32:35.5760206Z       |                                        |
2026-10-08T20:32:35.5760529Z       |                                        uint64_t {aka long unsigned int}
2026-10-08T20:32:35.5761427Z src/solver/Solver.cc:6739:99: warning: format ‘%llu’ expects argument of type ‘long long unsigned int’, but argument 8 has type ‘uint64_t’ {aka ‘long unsigned int’} [-Wformat=]
2026-10-08T20:32:35.5762353Z  6739 |         printf("c UB=%llu fails, cnfls=%llu, hcnfls=%llu, core %d, tier2 %d, local %d, quasiC: %llu (fixed: %llu)\n",
2026-10-08T20:32:35.5762915Z       |                                                                                                ~~~^
2026-10-08T20:32:35.5763515Z       |                                                                                                   |
2026-10-08T20:32:35.5763960Z       |                                                                                                   long long unsigned int
2026-10-08T20:32:35.5764410Z       |                                                                                                %lu
2026-10-08T20:32:35.5765133Z  6740 |                UB, conflicts, conflicts-softConflicts, learnts_core.size(), learnts_tier2.size(), learnts_local.size(), quasiSoftConflicts, fixedByQuasiConfl);
2026-10-08T20:32:35.5765907Z       |                                                                                                                         ~~~~~~~~~~~~~~~~~~
2026-10-08T20:32:35.5766838Z       |                                                                                                                         |
2026-10-08T20:32:35.5767355Z       |                                                                                                                         uint64_t {aka long unsigned int}
2026-10-08T20:32:35.5768585Z src/solver/Solver.cc:6739:112: warning: format ‘%llu’ expects argument of type ‘long long unsigned int’, but argument 9 has type ‘uint64_t’ {aka ‘long unsigned int’} [-Wformat=]
2026-10-08T20:32:35.5769560Z  6739 |         printf("c UB=%llu fails, cnfls=%llu, hcnfls=%llu, core %d, tier2 %d, local %d, quasiC: %llu (fixed: %llu)\n",
2026-10-08T20:32:35.5770139Z       |                                                                                                             ~~~^
2026-10-08T20:32:35.5770574Z       |                                                                                                                |
2026-10-08T20:32:35.5771046Z       |                                                                                                                long long unsigned int
2026-10-08T20:32:35.5771519Z       |                                                                                                             %lu
2026-10-08T20:32:35.5772289Z  6740 |                UB, conflicts, conflicts-softConflicts, learnts_core.size(), learnts_tier2.size(), learnts_local.size(), quasiSoftConflicts, fixedByQuasiConfl);
2026-10-08T20:32:35.5773080Z       |                                                                                                                                             ~~~~~~~~~~~~~~~~~
2026-10-08T20:32:35.5773614Z       |                                                                                                                                             |
2026-10-08T20:32:35.5774167Z       |                                                                                                                                             uint64_t {aka long unsigned int}
2026-10-08T20:32:35.5775178Z src/solver/Solver.cc:6741:72: warning: format ‘%llu’ expects argument of type ‘long long unsigned int’, but argument 5 has type ‘uint64_t’ {aka ‘long unsigned int’} [-Wformat=]
2026-10-08T20:32:35.5776716Z  6741 |         printf("c prunedLB %4.2f, dev %4.2f, succRate %4.2f, nbSucc %llu, nbHardens %d (fixed %llu), lk: %llu, shorten: %llu, pureSo %d, nbFlyRd %d, nbFixedLH %llu\n",
2026-10-08T20:32:35.5777656Z       |                                                                     ~~~^
2026-10-08T20:32:35.5778004Z       |                                                                        |
2026-10-08T20:32:35.5778378Z       |                                                                        long long unsigned int
2026-10-08T20:32:35.5778753Z       |                                                                     %lu
2026-10-08T20:32:35.5779085Z  6742 |                meanLB, dev, succRate,
2026-10-08T20:32:35.5779778Z  6743 |                nbLKsuccess-savednbLKsuccess, nbHardens, fixedByHardens, LOOKAHEAD-savedLOOKAHEAD, nbSavedLits, pureSoftConfl, nbFlyReduced, nbFixedByLH);
2026-10-08T20:32:35.5780494Z       |                ~~~~~~~~~~~~~~~~~~~~~~~~~~~~                             
2026-10-08T20:32:35.5780982Z       |                           |
2026-10-08T20:32:35.5781271Z       |                           uint64_t {aka long unsigned int}
2026-10-08T20:32:35.5782167Z src/solver/Solver.cc:6741:98: warning: format ‘%llu’ expects argument of type ‘long long unsigned int’, but argument 7 has type ‘uint64_t’ {aka ‘long unsigned int’} [-Wformat=]
2026-10-08T20:32:35.5783238Z  6741 |         printf("c prunedLB %4.2f, dev %4.2f, succRate %4.2f, nbSucc %llu, nbHardens %d (fixed %llu), lk: %llu, shorten: %llu, pureSo %d, nbFlyRd %d, nbFixedLH %llu\n",
2026-10-08T20:32:35.5783946Z       |                                                                                               ~~~^
2026-10-08T20:32:35.5784349Z       |                                                                                                  |
2026-10-08T20:32:35.5784782Z       |                                                                                                  long long unsigned int
2026-10-08T20:32:35.5785228Z       |                                                                                               %lu
2026-10-08T20:32:35.5785700Z  6742 |                meanLB, dev, succRate,
2026-10-08T20:32:35.5786835Z  6743 |                nbLKsuccess-savednbLKsuccess, nbHardens, fixedByHardens, LOOKAHEAD-savedLOOKAHEAD, nbSavedLits, pureSoftConfl, nbFlyReduced, nbFixedByLH);
2026-10-08T20:32:35.5787592Z       |                                                         ~~~~~~~~~~~~~~                            
2026-10-08T20:32:35.5787959Z       |                                                         |
2026-10-08T20:32:35.5788315Z       |                                                         uint64_t {aka long unsigned int}
2026-10-08T20:32:35.5789262Z src/solver/Solver.cc:6741:109: warning: format ‘%llu’ expects argument of type ‘long long unsigned int’, but argument 8 has type ‘uint64_t’ {aka ‘long unsigned int’} [-Wformat=]
2026-10-08T20:32:35.5790347Z  6741 |         printf("c prunedLB %4.2f, dev %4.2f, succRate %4.2f, nbSucc %llu, nbHardens %d (fixed %llu), lk: %llu, shorten: %llu, pureSo %d, nbFlyRd %d, nbFixedLH %llu\n",
2026-10-08T20:32:35.5791069Z       |                                                                                                          ~~~^
2026-10-08T20:32:35.5791497Z       |                                                                                                             |
2026-10-08T20:32:35.5791960Z       |                                                                                                             long long unsigned int
2026-10-08T20:32:35.5792414Z       |                                                                                                          %lu
2026-10-08T20:32:35.5792779Z  6742 |                meanLB, dev, succRate,
2026-10-08T20:32:35.5793460Z  6743 |                nbLKsuccess-savednbLKsuccess, nbHardens, fixedByHardens, LOOKAHEAD-savedLOOKAHEAD, nbSavedLits, pureSoftConfl, nbFlyReduced, nbFixedByLH);
2026-10-08T20:32:35.5794207Z       |                                                                         ~~~~~~~~~~~~~~~~~~~~~~~~             
2026-10-08T20:32:35.5794619Z       |                                                                                  |
2026-10-08T20:32:35.5795033Z       |                                                                                  uint64_t {aka long unsigned int}
2026-10-08T20:32:35.5796225Z src/solver/Solver.cc:6741:124: warning: format ‘%llu’ expects argument of type ‘long long unsigned int’, but argument 9 has type ‘uint64_t’ {aka ‘long unsigned int’} [-Wformat=]
2026-10-08T20:32:35.5797351Z  6741 |         printf("c prunedLB %4.2f, dev %4.2f, succRate %4.2f, nbSucc %llu, nbHardens %d (fixed %llu), lk: %llu, shorten: %llu, pureSo %d, nbFlyRd %d, nbFixedLH %llu\n",
2026-10-08T20:32:35.5798085Z       |                                                                                                                         ~~~^
2026-10-08T20:32:35.5798729Z       |                                                                                                                            |
2026-10-08T20:32:35.5799230Z       |                                                                                                                            long long unsigned int
2026-10-08T20:32:35.5799731Z       |                                                                                                                         %lu
2026-10-08T20:32:35.5800112Z  6742 |                meanLB, dev, succRate,
2026-10-08T20:32:35.5800792Z  6743 |                nbLKsuccess-savednbLKsuccess, nbHardens, fixedByHardens, LOOKAHEAD-savedLOOKAHEAD, nbSavedLits, pureSoftConfl, nbFlyReduced, nbFixedByLH);
2026-10-08T20:32:35.5801550Z       |                                                                                                   ~~~~~~~~~~~               
2026-10-08T20:32:35.5801982Z       |                                                                                                   |
2026-10-08T20:32:35.5802555Z       |                                                                                                   uint64_t {aka long unsigned int}
2026-10-08T20:32:35.5803544Z src/solver/Solver.cc:6741:163: warning: format ‘%llu’ expects argument of type ‘long long unsigned int’, but argument 12 has type ‘uint64_t’ {aka ‘long unsigned int’} [-Wformat=]
2026-10-08T20:32:35.5804629Z  6741 |         printf("c prunedLB %4.2f, dev %4.2f, succRate %4.2f, nbSucc %llu, nbHardens %d (fixed %llu), lk: %llu, shorten: %llu, pureSo %d, nbFlyRd %d, nbFixedLH %llu\n",
2026-10-08T20:32:35.5805399Z       |                                                                                                                                                                ~~~^
2026-10-08T20:32:35.5805955Z       |                                                                                                                                                                   |
2026-10-08T20:32:35.5806838Z       |                                                                                                                                                                   long long unsigned int
2026-10-08T20:32:35.5807425Z       |                                                                                                                                                                %lu
2026-10-08T20:32:35.5807854Z  6742 |                meanLB, dev, succRate,
2026-10-08T20:32:35.5808525Z  6743 |                nbLKsuccess-savednbLKsuccess, nbHardens, fixedByHardens, LOOKAHEAD-savedLOOKAHEAD, nbSavedLits, pureSoftConfl, nbFlyReduced, nbFixedByLH);
2026-10-08T20:32:35.5809327Z       |                                                                                                                                             ~~~~~~~~~~~            
2026-10-08T20:32:35.5809855Z       |                                                                                                                                             |
2026-10-08T20:32:35.5810418Z       |                                                                                                                                             uint64_t {aka long unsigned int}
2026-10-08T20:32:35.5811416Z src/solver/Solver.cc:6769:25: warning: format ‘%llu’ expects argument of type ‘long long unsigned int’, but argument 2 has type ‘uint64_t’ {aka ‘long unsigned int’} [-Wformat=]
2026-10-08T20:32:35.5812613Z  6769 |         printf("c UB=%llu succ, confls=%llu and hconfls=%llu with %d soft clauses unsat (%d at level 0) and %d fixed vars at level 0,  prunedLB %4.2f, dev %4.2f, succRate %4.2f, nbSucc %llu, shortened : %llu\n",
2026-10-08T20:32:35.5813383Z       |                      ~~~^
2026-10-08T20:32:35.5813627Z       |                         |
2026-10-08T20:32:35.5813886Z       |                         long long unsigned int
2026-10-08T20:32:35.5814177Z       |                      %lu
2026-10-08T20:32:35.5814585Z  6770 |                UB, conflicts, conflicts-softConflicts, falseLits.size(), nbFalses, nbFixeds,
2026-10-08T20:32:35.5815168Z       |                ~~        
2026-10-08T20:32:35.5815412Z       |                |
2026-10-08T20:32:35.5815660Z       |                uint64_t {aka long unsigned int}
2026-10-08T20:32:35.5816647Z src/solver/Solver.cc:6769:43: warning: format ‘%llu’ expects argument of type ‘long long unsigned int’, but argument 3 has type ‘uint64_t’ {aka ‘long unsigned int’} [-Wformat=]
2026-10-08T20:32:35.5817848Z  6769 |         printf("c UB=%llu succ, confls=%llu and hconfls=%llu with %d soft clauses unsat (%d at level 0) and %d fixed vars at level 0,  prunedLB %4.2f, dev %4.2f, succRate %4.2f, nbSucc %llu, shortened : %llu\n",
2026-10-08T20:32:35.5818621Z       |                                        ~~~^
2026-10-08T20:32:35.5818904Z       |                                           |
2026-10-08T20:32:35.5819210Z       |                                           long long unsigned int
2026-10-08T20:32:35.5819544Z       |                                        %lu
2026-10-08T20:32:35.5820102Z  6770 |                UB, conflicts, conflicts-softConflicts, falseLits.size(), nbFalses, nbFixeds,
2026-10-08T20:32:35.5820545Z       |                    ~~~~~~~~~               
2026-10-08T20:32:35.5820807Z       |                    |
2026-10-08T20:32:35.5821073Z       |                    uint64_t {aka long unsigned int}
2026-10-08T20:32:35.5821921Z src/solver/Solver.cc:6769:60: warning: format ‘%llu’ expects argument of type ‘long long unsigned int’, but argument 4 has type ‘uint64_t’ {aka ‘long unsigned int’} [-Wformat=]
2026-10-08T20:32:35.5823124Z  6769 |         printf("c UB=%llu succ, confls=%llu and hconfls=%llu with %d soft clauses unsat (%d at level 0) and %d fixed vars at level 0,  prunedLB %4.2f, dev %4.2f, succRate %4.2f, nbSucc %llu, shortened : %llu\n",
2026-10-08T20:32:35.5823918Z       |                                                         ~~~^
2026-10-08T20:32:35.5824226Z       |                                                            |
2026-10-08T20:32:35.5824576Z       |                                                            long long unsigned int
2026-10-08T20:32:35.5824934Z       |                                                         %lu
2026-10-08T20:32:35.5825379Z  6770 |                UB, conflicts, conflicts-softConflicts, falseLits.size(), nbFalses, nbFixeds,
2026-10-08T20:32:35.5825831Z       |                               ~~~~~~~~~~~~~~~~~~~~~~~       
2026-10-08T20:32:35.5826252Z       |                                        |
2026-10-08T20:32:35.5826574Z       |                                        uint64_t {aka long unsigned int}
2026-10-08T20:32:35.5827468Z src/solver/Solver.cc:6769:189: warning: format ‘%llu’ expects argument of type ‘long long unsigned int’, but argument 11 has type ‘uint64_t’ {aka ‘long unsigned int’} [-Wformat=]
2026-10-08T20:32:35.5828678Z  6769 |         printf("c UB=%llu succ, confls=%llu and hconfls=%llu with %d soft clauses unsat (%d at level 0) and %d fixed vars at level 0,  prunedLB %4.2f, dev %4.2f, succRate %4.2f, nbSucc %llu, shortened : %llu\n",
2026-10-08T20:32:35.5829676Z       |                                                                                                                                                                                          ~~~^
2026-10-08T20:32:35.5830297Z       |                                                                                                                                                                                             |
2026-10-08T20:32:35.5830950Z       |                                                                                                                                                                                             long long unsigned int
2026-10-08T20:32:35.5831605Z       |                                                                                                                                                                                          %lu
2026-10-08T20:32:35.5832338Z  6770 |                UB, conflicts, conflicts-softConflicts, falseLits.size(), nbFalses, nbFixeds,
2026-10-08T20:32:35.5832845Z  6771 |                meanLB, dev, succRate, nbLKsuccess, nbSavedLits);
2026-10-08T20:32:35.5833359Z       |                                       ~~~~~~~~~~~                                                                                                                                            
2026-10-08T20:32:35.5833812Z       |                                       |
2026-10-08T20:32:35.5834123Z       |                                       uint64_t {aka long unsigned int}
2026-10-08T20:32:35.5835014Z src/solver/Solver.cc:6769:207: warning: format ‘%llu’ expects argument of type ‘long long unsigned int’, but argument 12 has type ‘uint64_t’ {aka ‘long unsigned int’} [-Wformat=]
2026-10-08T20:32:35.5836427Z  6769 |         printf("c UB=%llu succ, confls=%llu and hconfls=%llu with %d soft clauses unsat (%d at level 0) and %d fixed vars at level 0,  prunedLB %4.2f, dev %4.2f, succRate %4.2f, nbSucc %llu, shortened : %llu\n",
2026-10-08T20:32:35.5837556Z       |                                                                                                                                                                                                            ~~~^
2026-10-08T20:32:35.5838226Z       |                                                                                                                                                                                                               |
2026-10-08T20:32:35.5838920Z       |                                                                                                                                                                                                               long long unsigned int
2026-10-08T20:32:35.5839650Z       |                                                                                                                                                                                                            %lu
2026-10-08T20:32:35.5840293Z  6770 |                UB, conflicts, conflicts-softConflicts, falseLits.size(), nbFalses, nbFixeds,
2026-10-08T20:32:35.5840793Z  6771 |                meanLB, dev, succRate, nbLKsuccess, nbSavedLits);
2026-10-08T20:32:35.5841325Z       |                                                    ~~~~~~~~~~~                                                                                                                                                 
2026-10-08T20:32:35.5841811Z       |                                                    |
2026-10-08T20:32:35.5842155Z       |                                                    uint64_t {aka long unsigned int}
2026-10-08T20:32:35.5843035Z src/solver/Solver.cc:6798:17: warning: comparison of integer expressions of different signedness: ‘uint64_t’ {aka ‘long unsigned int’} and ‘int’ [-Wsign-compare]
2026-10-08T20:32:35.5843728Z  6798 |         if (inf > falseLits.size())
2026-10-08T20:32:35.5844018Z       |             ~~~~^~~~~~~~~~~~~~~~~~
2026-10-08T20:32:35.5844836Z src/solver/Solver.cc:6806:34: warning: format ‘%llu’ expects argument of type ‘long long unsigned int’, but argument 2 has type ‘uint64_t’ {aka ‘long unsigned int’} [-Wformat=]
2026-10-08T20:32:35.5845642Z  6806 |       else printf("c error UB %llu, inf %llu, sup %llu\n", UB, inf, sup);
2026-10-08T20:32:35.5846249Z       |                               ~~~^                         ~~
2026-10-08T20:32:35.5846799Z       |                                  |                         |
2026-10-08T20:32:35.5847429Z       |                                  long long unsigned int    uint64_t {aka long unsigned int}
2026-10-08T20:32:35.5847823Z       |                               %lu
2026-10-08T20:32:35.5848660Z src/solver/Solver.cc:6806:44: warning: format ‘%llu’ expects argument of type ‘long long unsigned int’, but argument 3 has type ‘uint64_t’ {aka ‘long unsigned int’} [-Wformat=]
2026-10-08T20:32:35.5849641Z  6806 |       else printf("c error UB %llu, inf %llu, sup %llu\n", UB, inf, sup);
2026-10-08T20:32:35.5850046Z       |                                         ~~~^                   ~~~
2026-10-08T20:32:35.5850382Z       |                                            |                   |
2026-10-08T20:32:35.5850750Z       |                                            |                   uint64_t {aka long unsigned int}
2026-10-08T20:32:35.5851135Z       |                                            long long unsigned int
2026-10-08T20:32:35.5851454Z       |                                         %lu
2026-10-08T20:32:35.5852279Z src/solver/Solver.cc:6806:54: warning: format ‘%llu’ expects argument of type ‘long long unsigned int’, but argument 4 has type ‘uint64_t’ {aka ‘long unsigned int’} [-Wformat=]
2026-10-08T20:32:35.5853077Z  6806 |       else printf("c error UB %llu, inf %llu, sup %llu\n", UB, inf, sup);
2026-10-08T20:32:35.5853478Z       |                                                   ~~~^              ~~~
2026-10-08T20:32:35.5853826Z       |                                                      |              |
2026-10-08T20:32:35.5854332Z       |                                                      |              uint64_t {aka long unsigned int}
2026-10-08T20:32:35.5854732Z       |                                                      long long unsigned int
2026-10-08T20:32:35.5855077Z       |                                                   %lu
2026-10-08T20:32:35.5855905Z src/solver/Solver.cc:6828:57: warning: format ‘%llu’ expects argument of type ‘long long unsigned int’, but argument 2 has type ‘uint64_t’ {aka ‘long unsigned int’} [-Wformat=]
2026-10-08T20:32:35.5856945Z  6828 |       printf("c no feasible solution, hardConflicts: %llu\n", conflicts - softConflicts);
2026-10-08T20:32:35.5857451Z       |                                                      ~~~^     ~~~~~~~~~~~~~~~~~~~~~~~~~
2026-10-08T20:32:35.5857825Z       |                                                         |               |
2026-10-08T20:32:35.5858224Z       |                                                         |               uint64_t {aka long unsigned int}
2026-10-08T20:32:35.5858639Z       |                                                         long long unsigned int
2026-10-08T20:32:35.5858995Z       |                                                      %lu
2026-10-08T20:32:35.5859886Z src/solver/Solver.cc:6831:30: warning: format ‘%llu’ expects argument of type ‘long long unsigned int’, but argument 2 has type ‘uint64_t’ {aka ‘long unsigned int’} [-Wformat=]
2026-10-08T20:32:35.5860804Z  6831 |       printf("c initCost: %llu, fixedBySearch: %llu, optimal: %llu, maxsat: %llu, hardConflicts: %llu\n",
2026-10-08T20:32:35.5861284Z       |                           ~~~^
2026-10-08T20:32:35.5861541Z       |                              |
2026-10-08T20:32:35.5861829Z       |                              long long unsigned int
2026-10-08T20:32:35.5862127Z       |                           %lu
2026-10-08T20:32:35.5862424Z  6832 |              solutionCost, fixedCostBySearch,
2026-10-08T20:32:35.5862724Z       |              ~~~~~~~~~~~~     
2026-10-08T20:32:35.5862967Z       |              |
2026-10-08T20:32:35.5863210Z       |              uint64_t {aka long unsigned int}
2026-10-08T20:32:35.5864052Z src/solver/Solver.cc:6831:51: warning: format ‘%llu’ expects argument of type ‘long long unsigned int’, but argument 3 has type ‘uint64_t’ {aka ‘long unsigned int’} [-Wformat=]
2026-10-08T20:32:35.5864955Z  6831 |       printf("c initCost: %llu, fixedBySearch: %llu, optimal: %llu, maxsat: %llu, hardConflicts: %llu\n",
2026-10-08T20:32:35.5865448Z       |                                                ~~~^
2026-10-08T20:32:35.5865755Z       |                                                   |
2026-10-08T20:32:35.5866206Z       |                                                   long long unsigned int
2026-10-08T20:32:35.5866543Z       |                                                %lu
2026-10-08T20:32:35.5866859Z  6832 |              solutionCost, fixedCostBySearch,
2026-10-08T20:32:35.5867309Z       |                            ~~~~~~~~~~~~~~~~~       
2026-10-08T20:32:35.5867592Z       |                            |
2026-10-08T20:32:35.5867875Z       |                            uint64_t {aka long unsigned int}
2026-10-08T20:32:35.5868728Z src/solver/Solver.cc:6831:66: warning: format ‘%llu’ expects argument of type ‘long long unsigned int’, but argument 4 has type ‘uint64_t’ {aka ‘long unsigned int’} [-Wformat=]
2026-10-08T20:32:35.5869767Z  6831 |       printf("c initCost: %llu, fixedBySearch: %llu, optimal: %llu, maxsat: %llu, hardConflicts: %llu\n",
2026-10-08T20:32:35.5870336Z       |                                                               ~~~^
2026-10-08T20:32:35.5870943Z       |                                                                  |
2026-10-08T20:32:35.5871394Z       |                                                                  long long unsigned int
2026-10-08T20:32:35.5871905Z       |                                                               %lu
2026-10-08T20:32:35.5872379Z  6832 |              solutionCost, fixedCostBySearch,
2026-10-08T20:32:35.5872889Z  6833 |              lastOptimalCost,
2026-10-08T20:32:35.5888619Z       |              ~~~~~~~~~~~~~~~                                      
2026-10-08T20:32:35.5889146Z       |              |
2026-10-08T20:32:35.5889418Z       |              uint64_t {aka long unsigned int}
2026-10-08T20:32:35.5890383Z src/solver/Solver.cc:6831:80: warning: format ‘%llu’ expects argument of type ‘long long unsigned int’, but argument 5 has type ‘uint64_t’ {aka ‘long unsigned int’} [-Wformat=]
2026-10-08T20:32:35.5891358Z  6831 |       printf("c initCost: %llu, fixedBySearch: %llu, optimal: %llu, maxsat: %llu, hardConflicts: %llu\n",
2026-10-08T20:32:35.5891896Z       |                                                                             ~~~^
2026-10-08T20:32:35.5892267Z       |                                                                                |
2026-10-08T20:32:35.5892675Z       |                                                                                long long unsigned int
2026-10-08T20:32:35.5893079Z       |                                                                             %lu
2026-10-08T20:32:35.5893397Z ......
2026-10-08T20:32:35.5893708Z  6834 |              objForSearch-sup + nbSatLits, conflicts - softConflicts);
2026-10-08T20:32:35.5894137Z       |              ~~~~~~~~~~~~~~~~~~~~~~~~~~~~                                       
2026-10-08T20:32:35.5894469Z       |                               |
2026-10-08T20:32:35.5894763Z       |                               uint64_t {aka long unsigned int}
2026-10-08T20:32:35.5895675Z src/solver/Solver.cc:6831:101: warning: format ‘%llu’ expects argument of type ‘long long unsigned int’, but argument 6 has type ‘uint64_t’ {aka ‘long unsigned int’} [-Wformat=]
2026-10-08T20:32:35.5896910Z  6831 |       printf("c initCost: %llu, fixedBySearch: %llu, optimal: %llu, maxsat: %llu, hardConflicts: %llu\n",
2026-10-08T20:32:35.5897479Z       |                                                                                                  ~~~^
2026-10-08T20:32:35.5897901Z       |                                                                                                     |
2026-10-08T20:32:35.5898350Z       |                                                                                                     long long unsigned int
2026-10-08T20:32:35.5898798Z       |                                                                                                  %lu
2026-10-08T20:32:35.5899143Z ......
2026-10-08T20:32:35.5899438Z  6834 |              objForSearch-sup + nbSatLits, conflicts - softConflicts);
2026-10-08T20:32:35.5899878Z       |                                            ~~~~~~~~~~~~~~~~~~~~~~~~~                                 
2026-10-08T20:32:35.5900254Z       |                                                      |
2026-10-08T20:32:35.5900601Z       |                                                      uint64_t {aka long unsigned int}
2026-10-08T20:32:35.5901807Z src/solver/Solver.cc:6836:24: warning: format ‘%llu’ expects argument of type ‘long long unsigned int’, but argument 2 has type ‘uint64_t’ {aka ‘long unsigned int’} [-Wformat=]
2026-10-08T20:32:35.5902781Z  6836 |     printf("c nbLK: %llu, nbSuccLK: %llu(%4.2f%%), nbLKup: %llu(%4.2f%%), hardens %u (fixed %llu), dynVars %d, shorten: %llu\n",
2026-10-08T20:32:35.5903310Z       |                     ~~~^
2026-10-08T20:32:35.5903552Z       |                        |
2026-10-08T20:32:35.5903811Z       |                        long long unsigned int
2026-10-08T20:32:35.5904096Z       |                     %lu
2026-10-08T20:32:35.5904474Z  6837 |            LOOKAHEAD, nbLKsuccess, 100.0*nbLKsuccess/LOOKAHEAD, lk_propagations,
2026-10-08T20:32:35.5904881Z       |            ~~~~~~~~~    
2026-10-08T20:32:35.5905121Z       |            |
2026-10-08T20:32:35.5905362Z       |            uint64_t {aka long unsigned int}
2026-10-08T20:32:35.5906587Z src/solver/Solver.cc:6836:40: warning: format ‘%llu’ expects argument of type ‘long long unsigned int’, but argument 3 has type ‘uint64_t’ {aka ‘long unsigned int’} [-Wformat=]
2026-10-08T20:32:35.5907587Z  6836 |     printf("c nbLK: %llu, nbSuccLK: %llu(%4.2f%%), nbLKup: %llu(%4.2f%%), hardens %u (fixed %llu), dynVars %d, shorten: %llu\n",
2026-10-08T20:32:35.5908119Z       |                                     ~~~^
2026-10-08T20:32:35.5908397Z       |                                        |
2026-10-08T20:32:35.5908699Z       |                                        long long unsigned int
2026-10-08T20:32:35.5909016Z       |                                     %lu
2026-10-08T20:32:35.5909426Z  6837 |            LOOKAHEAD, nbLKsuccess, 100.0*nbLKsuccess/LOOKAHEAD, lk_propagations,
2026-10-08T20:32:35.5909846Z       |                       ~~~~~~~~~~~       
2026-10-08T20:32:35.5910117Z       |                       |
2026-10-08T20:32:35.5910392Z       |                       uint64_t {aka long unsigned int}
2026-10-08T20:32:35.5911293Z src/solver/Solver.cc:6836:63: warning: format ‘%llu’ expects argument of type ‘long long unsigned int’, but argument 5 has type ‘uint64_t’ {aka ‘long unsigned int’} [-Wformat=]
2026-10-08T20:32:35.5912240Z  6836 |     printf("c nbLK: %llu, nbSuccLK: %llu(%4.2f%%), nbLKup: %llu(%4.2f%%), hardens %u (fixed %llu), dynVars %d, shorten: %llu\n",
2026-10-08T20:32:35.5912781Z       |                                                            ~~~^
2026-10-08T20:32:35.5913103Z       |                                                               |
2026-10-08T20:32:35.5913454Z       |                                                               long long unsigned int
2026-10-08T20:32:35.5913818Z       |                                                            %lu
2026-10-08T20:32:35.5914247Z  6837 |            LOOKAHEAD, nbLKsuccess, 100.0*nbLKsuccess/LOOKAHEAD, lk_propagations,
2026-10-08T20:32:35.5914700Z       |                                                                 ~~~~~~~~~~~~~~~
2026-10-08T20:32:35.5915056Z       |                                                                 |
2026-10-08T20:32:35.5915446Z       |                                                                 uint64_t {aka long unsigned int}
2026-10-08T20:32:35.5916751Z src/solver/Solver.cc:6836:96: warning: format ‘%llu’ expects argument of type ‘long long unsigned int’, but argument 8 has type ‘uint64_t’ {aka ‘long unsigned int’} [-Wformat=]
2026-10-08T20:32:35.5917726Z  6836 |     printf("c nbLK: %llu, nbSuccLK: %llu(%4.2f%%), nbLKup: %llu(%4.2f%%), hardens %u (fixed %llu), dynVars %d, shorten: %llu\n",
2026-10-08T20:32:35.5918313Z       |                                                                                             ~~~^
2026-10-08T20:32:35.5918707Z       |                                                                                                |
2026-10-08T20:32:35.5919137Z       |                                                                                                long long unsigned int
2026-10-08T20:32:35.5919735Z       |                                                                                             %lu
2026-10-08T20:32:35.5920208Z  6837 |            LOOKAHEAD, nbLKsuccess, 100.0*nbLKsuccess/LOOKAHEAD, lk_propagations,
2026-10-08T20:32:35.5920853Z  6838 |            100.0*lk_propagations/propagations, nbHardens, fixedByHardens, nVars()-staticNbVars, nbSavedLits);
2026-10-08T20:32:35.5921423Z       |                                                           ~~~~~~~~~~~~~~                        
2026-10-08T20:32:35.5921791Z       |                                                           |
2026-10-08T20:32:35.5922151Z       |                                                           uint64_t {aka long unsigned int}
2026-10-08T20:32:35.5923088Z src/solver/Solver.cc:6836:124: warning: format ‘%llu’ expects argument of type ‘long long unsigned int’, but argument 10 has type ‘uint64_t’ {aka ‘long unsigned int’} [-Wformat=]
2026-10-08T20:32:35.5924061Z  6836 |     printf("c nbLK: %llu, nbSuccLK: %llu(%4.2f%%), nbLKup: %llu(%4.2f%%), hardens %u (fixed %llu), dynVars %d, shorten: %llu\n",
2026-10-08T20:32:35.5924793Z       |                                                                                                                         ~~~^
2026-10-08T20:32:35.5925258Z       |                                                                                                                            |
2026-10-08T20:32:35.5925756Z       |                                                                                                                            long long unsigned int
2026-10-08T20:32:35.5926595Z       |                                                                                                                         %lu
2026-10-08T20:32:35.5927424Z  6837 |            LOOKAHEAD, nbLKsuccess, 100.0*nbLKsuccess/LOOKAHEAD, lk_propagations,
2026-10-08T20:32:35.5928069Z  6838 |            100.0*lk_propagations/propagations, nbHardens, fixedByHardens, nVars()-staticNbVars, nbSavedLits);
2026-10-08T20:32:35.5928688Z       |                                                                                                 ~~~~~~~~~~~                 
2026-10-08T20:32:35.5929128Z       |                                                                                                 |
2026-10-08T20:32:35.5929614Z       |                                                                                                 uint64_t {aka long unsigned int}
2026-10-08T20:32:35.6380077Z In file included from src/solver/mtl/Sort.h:24,
2026-10-08T20:32:35.6380824Z                  from src/solver/Solver.cc:106:
2026-10-08T20:32:35.6382478Z src/solver/mtl/Vec.h: In instantiation of ‘void Minisat::vec<T>::capacity(int) [with T = Minisat::vec<Minisat::Solver::Watcher>]’:
2026-10-08T20:32:35.6384355Z src/solver/mtl/Vec.h:115:13:   required from ‘void Minisat::vec<T>::growTo(int) [with T = Minisat::vec<Minisat::Solver::Watcher>]’
2026-10-08T20:32:35.6387164Z src/solver/SolverTypes.h:339:50:   required from ‘void Minisat::OccLists<Idx, Vec, Deleted>::init(const Idx&) [with Idx = Minisat::Lit; Vec = Minisat::vec<Minisat::Solver::Watcher>; Deleted = Minisat::Solver::WatcherDeleted]’
2026-10-08T20:32:35.6388901Z src/solver/Solver.cc:1272:21:   required from here
2026-10-08T20:32:35.6390974Z src/solver/mtl/Vec.h:99:54: warning: ‘void* realloc(void*, size_t)’ moving an object of non-trivially copyable type ‘class Minisat::vec<Minisat::Solver::Watcher>’; use ‘new’ and ‘delete’ instead [-Wclass-memaccess]
2026-10-08T20:32:35.6393053Z    99 |     if (add > INT_MAX - cap || ((data = (T*)::realloc(data, (cap += add) * sizeof(T))) == NULL) && errno == ENOMEM)
2026-10-08T20:32:35.6394035Z       |                                             ~~~~~~~~~^~~~~~~~~~~~~~~~~~~~~~~~~~~~~~~~
2026-10-08T20:32:35.6395223Z src/solver/mtl/Vec.h:38:7: note: ‘class Minisat::vec<Minisat::Solver::Watcher>’ declared here
2026-10-08T20:32:35.6396335Z    38 | class vec {
2026-10-08T20:32:35.6397294Z       |       ^~~
2026-10-08T20:32:35.6398458Z src/solver/mtl/Vec.h: In instantiation of ‘void Minisat::vec<T>::capacity(int) [with T = Minisat::vec<Minisat::Lit>]’:
2026-10-08T20:32:35.6400261Z src/solver/mtl/Vec.h:115:13:   required from ‘void Minisat::vec<T>::growTo(int) [with T = Minisat::vec<Minisat::Lit>]’
2026-10-08T20:32:35.6402147Z src/solver/Solver.h:72:50:   required from ‘void Minisat::vec2<Idx, Vec>::init(const Idx&) [with Idx = Minisat::Lit; Vec = Minisat::vec<Minisat::Lit>]’
2026-10-08T20:32:35.6403354Z src/solver/Solver.cc:1312:22:   required from here
2026-10-08T20:32:35.6405341Z src/solver/mtl/Vec.h:99:54: warning: ‘void* realloc(void*, size_t)’ moving an object of non-trivially copyable type ‘class Minisat::vec<Minisat::Lit>’; use ‘new’ and ‘delete’ instead [-Wclass-memaccess]
2026-10-08T20:32:35.6407840Z    99 |     if (add > INT_MAX - cap || ((data = (T*)::realloc(data, (cap += add) * sizeof(T))) == NULL) && errno == ENOMEM)
2026-10-08T20:32:35.6408817Z       |                                             ~~~~~~~~~^~~~~~~~~~~~~~~~~~~~~~~~~~~~~~~~
2026-10-08T20:32:35.6409953Z src/solver/mtl/Vec.h:38:7: note: ‘class Minisat::vec<Minisat::Lit>’ declared here
2026-10-08T20:32:35.6411034Z    38 | class vec {
2026-10-08T20:32:35.6411436Z       |       ^~~
2026-10-08T20:32:35.6412502Z src/solver/mtl/Vec.h: In instantiation of ‘void Minisat::vec<T>::capacity(int) [with T = Minisat::vec<int>]’:
2026-10-08T20:32:35.6414101Z src/solver/mtl/Vec.h:115:13:   required from ‘void Minisat::vec<T>::growTo(int) [with T = Minisat::vec<int>]’
2026-10-08T20:32:35.6415815Z src/solver/Solver.h:72:50:   required from ‘void Minisat::vec2<Idx, Vec>::init(const Idx&) [with Idx = int; Vec = Minisat::vec<int>]’
2026-10-08T20:32:35.6417221Z src/solver/Solver.cc:4250:13:   required from here
2026-10-08T20:32:35.6419134Z src/solver/mtl/Vec.h:99:54: warning: ‘void* realloc(void*, size_t)’ moving an object of non-trivially copyable type ‘class Minisat::vec<int>’; use ‘new’ and ‘delete’ instead [-Wclass-memaccess]
2026-10-08T20:32:35.6421002Z    99 |     if (add > INT_MAX - cap || ((data = (T*)::realloc(data, (cap += add) * sizeof(T))) == NULL) && errno == ENOMEM)
2026-10-08T20:32:35.6421967Z       |                                             ~~~~~~~~~^~~~~~~~~~~~~~~~~~~~~~~~~~~~~~~~
2026-10-08T20:32:35.6422995Z src/solver/mtl/Vec.h:38:7: note: ‘class Minisat::vec<int>’ declared here
2026-10-08T20:32:35.6423684Z    38 | class vec {
2026-10-08T20:32:35.6424063Z       |       ^~~
2026-10-08T20:32:35.6837330Z src/solver/Solver.cc: In member function ‘void Minisat::Solver::emitBoundsUpdate()’:
2026-10-08T20:32:35.6839284Z src/solver/Solver.cc:5204:24: warning: ignoring return value of ‘ssize_t write(int, const void*, size_t)’ declared with attribute ‘warn_unused_result’ [-Wunused-result]
2026-10-08T20:32:35.6840649Z  5204 |             (void)write(bounds_pipe_w, buf, (size_t)n);
2026-10-08T20:32:35.6841265Z       |                   ~~~~~^~~~~~~~~~~~~~~~~~~~~~~~~~~~~~~
2026-10-08T20:32:35.6842752Z src/solver/Solver.cc:5210:24: warning: ignoring return value of ‘ssize_t write(int, const void*, size_t)’ declared with attribute ‘warn_unused_result’ [-Wunused-result]
2026-10-08T20:32:35.6844140Z  5210 |             (void)write(bounds_pipe_w, buf, (size_t)n);
2026-10-08T20:32:35.6844727Z       |                   ~~~~~^~~~~~~~~~~~~~~~~~~~~~~~~~~~~~~
2026-10-08T20:32:35.6845629Z src/solver/Solver.cc: In member function ‘void Minisat::Solver::emitTryUpdate(uint64_t)’:
2026-10-08T20:32:35.6847527Z src/solver/Solver.cc:5220:20: warning: ignoring return value of ‘ssize_t write(int, const void*, size_t)’ declared with attribute ‘warn_unused_result’ [-Wunused-result]
2026-10-08T20:32:35.6848841Z  5220 |         (void)write(bounds_pipe_w, buf, (size_t)n);
2026-10-08T20:32:35.6849422Z       |               ~~~~~^~~~~~~~~~~~~~~~~~~~~~~~~~~~~~~
2026-10-08T20:32:38.3984171Z In file included from src/solver/Solver.h:54:
2026-10-08T20:32:38.3985358Z In function ‘Minisat::Lit Minisat::operator~(Lit)’,
2026-10-08T20:32:38.3987245Z     inlined from ‘void Minisat::Solver::analyze(Minisat::CRef, Minisat::vec<Minisat::Lit>&, int&, int&)’ at src/solver/Solver.cc:1757:22:
2026-10-08T20:32:38.3989965Z src/solver/SolverTypes.h:73:64: warning: ‘p.Minisat::Lit::x’ may be used uninitialized [-Wmaybe-uninitialized]
2026-10-08T20:32:38.3991086Z    73 | inline  Lit  operator ~(Lit p)              { Lit q; q.x = p.x ^ 1; return q; }
2026-10-08T20:32:38.3991776Z       |                                                            ~~~~^~~
2026-10-08T20:32:38.3993037Z src/solver/Solver.cc: In member function ‘void Minisat::Solver::analyze(Minisat::CRef, Minisat::vec<Minisat::Lit>&, int&, int&)’:
2026-10-08T20:32:38.3994430Z src/solver/Solver.cc:1671:9: note: ‘p.Minisat::Lit::x’ was declared here
2026-10-08T20:32:38.3995138Z  1671 |     Lit p; //     = lit_Undef;
2026-10-08T20:32:38.3995596Z       |         ^
2026-10-08T20:32:38.4818006Z In function ‘Minisat::Lit Minisat::operator~(Lit)’,
2026-10-08T20:32:38.4819459Z     inlined from ‘void Minisat::Solver::analyzeSoftConflict(Minisat::vec<Minisat::Lit>&, int&, int&)’ at src/solver/Solver.cc:2396:22:
2026-10-08T20:32:38.4821701Z src/solver/SolverTypes.h:73:64: warning: ‘p.Minisat::Lit::x’ may be used uninitialized [-Wmaybe-uninitialized]
2026-10-08T20:32:38.4822824Z    73 | inline  Lit  operator ~(Lit p)              { Lit q; q.x = p.x ^ 1; return q; }
2026-10-08T20:32:38.4823557Z       |                                                            ~~~~^~~
2026-10-08T20:32:38.4824986Z src/solver/Solver.cc: In member function ‘void Minisat::Solver::analyzeSoftConflict(Minisat::vec<Minisat::Lit>&, int&, int&)’:
2026-10-08T20:32:38.4826613Z src/solver/Solver.cc:2193:9: note: ‘p.Minisat::Lit::x’ was declared here
2026-10-08T20:32:38.4827231Z  2193 |     Lit p;
2026-10-08T20:32:38.4827550Z       |         ^
2026-10-08T20:32:38.6181125Z In function ‘Minisat::Lit Minisat::operator~(Lit)’,
2026-10-08T20:32:38.6182628Z     inlined from ‘void Minisat::Solver::analyzeQuasiSoftConflict(Minisat::vec<Minisat::Lit>&, int&, int&)’ at src/solver/Solver.cc:4664:22:
2026-10-08T20:32:38.6184464Z src/solver/SolverTypes.h:73:64: warning: ‘p.Minisat::Lit::x’ may be used uninitialized [-Wmaybe-uninitialized]
2026-10-08T20:32:38.6185594Z    73 | inline  Lit  operator ~(Lit p)              { Lit q; q.x = p.x ^ 1; return q; }
2026-10-08T20:32:38.6186696Z       |                                                            ~~~~^~~
2026-10-08T20:32:38.6188196Z src/solver/Solver.cc: In member function ‘void Minisat::Solver::analyzeQuasiSoftConflict(Minisat::vec<Minisat::Lit>&, int&, int&)’:
2026-10-08T20:32:38.6189593Z src/solver/Solver.cc:4492:9: note: ‘p.Minisat::Lit::x’ was declared here
2026-10-08T20:32:38.6190220Z  4492 |     Lit p;
2026-10-08T20:32:38.6190552Z       |         ^
2026-10-08T20:32:41.4374205Z g++ -Isrc/solver -Wall -Wno-parentheses -O3 -g -D __STDC_LIMIT_MACROS -D __STDC_FORMAT_MACROS -DNDEBUG -o bin/distqldpc src/core/distqldpc.cc build/SimpSolver.o build/Solver.o build/Options.o build/System.o -lz
2026-10-08T20:32:41.4377854Z g++ -Isrc/solver -Wall -Wno-parentheses -O3 -g -D __STDC_LIMIT_MACROS -D __STDC_FORMAT_MACROS -DNDEBUG -o bin/maxcdcl src/solver/Main.cc build/SimpSolver.o build/Solver.o build/Options.o build/System.o -lz
2026-10-08T20:32:41.4912792Z In file included from src/solver/Main.cc:51:
2026-10-08T20:32:41.4913686Z src/solver/utils/Options.h:285:29: warning: invalid suffix on literal; C++11 requires a space between literal and string macro [-Wliteral-suffix]
2026-10-08T20:32:41.4914552Z   285 |             fprintf(stderr, "%4"PRIi64, range.begin);
2026-10-08T20:32:41.4914947Z       |                             ^
2026-10-08T20:32:41.4916493Z src/solver/utils/Options.h:291:29: warning: invalid suffix on literal; C++11 requires a space between literal and string macro [-Wliteral-suffix]
2026-10-08T20:32:41.4917927Z   291 |             fprintf(stderr, "%4"PRIi64, range.end);
2026-10-08T20:32:41.4918526Z       |                             ^
2026-10-08T20:32:41.4919708Z src/solver/utils/Options.h:293:25: warning: invalid suffix on literal; C++11 requires a space between literal and string macro [-Wliteral-suffix]
2026-10-08T20:32:41.4921267Z   293 |         fprintf(stderr, "] (default: %"PRIi64")\n", value);
2026-10-08T20:32:41.4921734Z       |                         ^
2026-10-08T20:32:41.4936385Z src/solver/Main.cc:84:16: warning: invalid suffix on literal; C++11 requires a space between literal and string macro [-Wliteral-suffix]
2026-10-08T20:32:41.4937180Z    84 |         printf("c restarts              : %"PRIu64"\n", solver.starts);
2026-10-08T20:32:41.4937548Z       |                ^
2026-10-08T20:32:41.4938097Z src/solver/Main.cc:85:16: warning: invalid suffix on literal; C++11 requires a space between literal and string macro [-Wliteral-suffix]
2026-10-08T20:32:41.4938902Z    85 |         printf("c conflicts             : %-12"PRIu64"   (%.0f /sec)\n", solver.conflicts, solver.conflicts / cpu_time);
2026-10-08T20:32:41.4939389Z       |                ^
2026-10-08T20:32:41.4939895Z src/solver/Main.cc:86:16: warning: invalid suffix on literal; C++11 requires a space between literal and string macro [-Wliteral-suffix]
2026-10-08T20:32:41.4941136Z    86 |         printf("c decisions             : %-12"PRIu64"   (%4.2f %% random) (%.0f /sec)\n", solver.decisions, (float)solver.rnd_decisions * 100 / (float)solver.decisions, solver.decisions / cpu_time);
2026-10-08T20:32:41.4941877Z       |                ^
2026-10-08T20:32:41.4942401Z src/solver/Main.cc:87:16: warning: invalid suffix on literal; C++11 requires a space between literal and string macro [-Wliteral-suffix]
2026-10-08T20:32:41.4943206Z    87 |         printf("c propagations          : %-12"PRIu64"   (%.0f /sec)\n", solver.propagations, solver.propagations / cpu_time);
2026-10-08T20:32:41.4943704Z       |                ^
2026-10-08T20:32:41.4944216Z src/solver/Main.cc:88:16: warning: invalid suffix on literal; C++11 requires a space between literal and string macro [-Wliteral-suffix]
2026-10-08T20:32:41.4945187Z    88 |         printf("c conflict literals     : %-12"PRIu64"   (%4.2f %% deleted)\n", solver.tot_literals, (solver.max_literals - solver.tot_literals) * 100 / (double)solver.max_literals);
2026-10-08T20:32:41.4945859Z       |                ^
2026-10-08T20:32:41.4946544Z src/solver/Main.cc:93:16: warning: invalid suffix on literal; C++11 requires a space between literal and string macro [-Wliteral-suffix]
2026-10-08T20:32:41.4947215Z    93 |         printf("c s_propagations        : %-12"PRIu64"\n", solver.s_propagations);
2026-10-08T20:32:41.4947604Z       |                ^
2026-10-08T20:32:41.5368027Z In file included from src/solver/Solver.h:53,
2026-10-08T20:32:41.5368739Z                  from src/solver/SimpSolver.h:37,
2026-10-08T20:32:41.5369285Z                  from src/core/distqldpc.cc:40:
2026-10-08T20:32:41.5370418Z src/solver/utils/Options.h:285:29: warning: invalid suffix on literal; C++11 requires a space between literal and string macro [-Wliteral-suffix]
2026-10-08T20:32:41.5371616Z   285 |             fprintf(stderr, "%4"PRIi64, range.begin);
2026-10-08T20:32:41.5372204Z       |                             ^
2026-10-08T20:32:41.5373290Z src/solver/utils/Options.h:291:29: warning: invalid suffix on literal; C++11 requires a space between literal and string macro [-Wliteral-suffix]
2026-10-08T20:32:41.5374446Z   291 |             fprintf(stderr, "%4"PRIi64, range.end);
2026-10-08T20:32:41.5374975Z       |                             ^
2026-10-08T20:32:41.5376341Z src/solver/utils/Options.h:293:25: warning: invalid suffix on literal; C++11 requires a space between literal and string macro [-Wliteral-suffix]
2026-10-08T20:32:41.5377543Z   293 |         fprintf(stderr, "] (default: %"PRIi64")\n", value);
2026-10-08T20:32:41.5378125Z       |                         ^
2026-10-08T20:32:41.6174951Z src/solver/Main.cc: In function ‘void printStats(Minisat::Solver&)’:
2026-10-08T20:32:41.6177009Z src/solver/Main.cc:92:46: warning: format ‘%llu’ expects argument of type ‘long long unsigned int’, but argument 2 has type ‘uint64_t’ {aka ‘long unsigned int’} [-Wformat=]
2026-10-08T20:32:41.6179081Z    92 |         printf("c nbSimplifyAll         : %llu\n", solver.nbSimplifyAll);
2026-10-08T20:32:41.6179870Z       |                                           ~~~^     ~~~~~~~~~~~~~~~~~~~~
2026-10-08T20:32:41.6180493Z       |                                              |            |
2026-10-08T20:32:41.6181157Z       |                                              |            uint64_t {aka long unsigned int}
2026-10-08T20:32:41.6181798Z       |                                              long long unsigned int
2026-10-08T20:32:41.6182385Z       |                                           %lu
2026-10-08T20:32:41.6203064Z src/solver/Main.cc: In function ‘int main(int, char**)’:
2026-10-08T20:32:41.6204704Z src/solver/Main.cc:187:34: warning: format ‘%llu’ expects argument of type ‘long long unsigned int’, but argument 2 has type ‘uint64_t’ {aka ‘long unsigned int’} [-Wformat=]
2026-10-08T20:32:41.6206287Z   187 |         printf("c initial UB: %llu\n", S.initUB);
2026-10-08T20:32:41.6206906Z       |                               ~~~^     ~~~~~~~~
2026-10-08T20:32:41.6207409Z       |                                  |       |
2026-10-08T20:32:41.6208308Z       |                                  |       uint64_t {aka long unsigned int}
2026-10-08T20:32:41.6208978Z       |                                  long long unsigned int
2026-10-08T20:32:41.6209521Z       |                               %lu
2026-10-08T20:32:41.6602971Z src/solver/Main.cc: At global scope:
2026-10-08T20:32:41.6604292Z src/solver/Main.cc:108:13: warning: ‘void SIGINT_exit(int)’ defined but not used [-Wunused-function]
2026-10-08T20:32:41.6605186Z   108 | static void SIGINT_exit(int signum) {
2026-10-08T20:32:41.6605700Z       |             ^~~~~~~~~~~
2026-10-08T20:32:41.8778976Z src/core/distqldpc.cc: In function ‘void pipe_write_result(int, int, bool)’:
2026-10-08T20:32:41.8780827Z src/core/distqldpc.cc:162:20: warning: ignoring return value of ‘ssize_t write(int, const void*, size_t)’ declared with attribute ‘warn_unused_result’ [-Wunused-result]
2026-10-08T20:32:41.8782404Z   162 |         (void)write(pipe_w, buf, (size_t)n);
2026-10-08T20:32:41.8782956Z       |               ~~~~~^~~~~~~~~~~~~~~~~~~~~~~~
2026-10-08T20:32:42.8928564Z make: Leaving directory '/home/runner/work/DistQLDPC/DistQLDPC/baseline'
2026-10-08T20:32:42.8959141Z make: Entering directory '/home/runner/work/DistQLDPC/DistQLDPC/candidate'
2026-10-08T20:32:42.8972269Z g++ -Isrc/solver -Wall -Wno-parentheses -O3 -g -march=x86-64-v3 -D __STDC_LIMIT_MACROS -D __STDC_FORMAT_MACROS -DNDEBUG -c -o build/SimpSolver.o src/solver/SimpSolver.cc
2026-10-08T20:32:42.8974896Z g++ -Isrc/solver -Wall -Wno-parentheses -O3 -g -march=x86-64-v3 -D __STDC_LIMIT_MACROS -D __STDC_FORMAT_MACROS -DNDEBUG -c -o build/Solver.o src/solver/Solver.cc
2026-10-08T20:32:42.9027648Z g++ -Isrc/solver -Wall -Wno-parentheses -O3 -g -march=x86-64-v3 -D __STDC_LIMIT_MACROS -D __STDC_FORMAT_MACROS -DNDEBUG -c -o build/Options.o src/solver/utils/Options.cc
2026-10-08T20:32:42.9057473Z g++ -Isrc/solver -Wall -Wno-parentheses -O3 -g -march=x86-64-v3 -D __STDC_LIMIT_MACROS -D __STDC_FORMAT_MACROS -DNDEBUG -c -o build/System.o src/solver/utils/System.cc
2026-10-08T20:32:42.9657068Z In file included from src/solver/Solver.h:53,
2026-10-08T20:32:42.9686678Z                  from src/solver/SimpSolver.h:37,
2026-10-08T20:32:42.9716704Z                  from src/solver/SimpSolver.cc:34:
2026-10-08T20:32:42.9747276Z src/solver/utils/Options.h:285:29: warning: invalid suffix on literal; C++11 requires a space between literal and string macro [-Wliteral-suffix]
2026-10-08T20:32:42.9776730Z   285 |             fprintf(stderr, "%4"PRIi64, range.begin);
2026-10-08T20:32:42.9806736Z       |                             ^
2026-10-08T20:32:42.9836718Z In file included from src/solver/utils/Options.cc:21:
2026-10-08T20:32:42.9867319Z src/solver/utils/Options.h:285:29: warning: invalid suffix on literal; C++11 requires a space between literal and string macro [-Wliteral-suffix]
2026-10-08T20:32:42.9876742Z   285 |             fprintf(stderr, "%4"PRIi64, range.begin);
2026-10-08T20:32:42.9906558Z       |                             ^
2026-10-08T20:32:42.9927337Z src/solver/utils/Options.h:291:29: warning: invalid suffix on literal; C++11 requires a space between literal and string macro [-Wliteral-suffix]
2026-10-08T20:32:42.9928659Z   291 |             fprintf(stderr, "%4"PRIi64, range.end);
2026-10-08T20:32:42.9929304Z       |                             ^
2026-10-08T20:32:42.9930468Z src/solver/utils/Options.h:291:29: warning: invalid suffix on literal; C++11 requires a space between literal and string macro [-Wliteral-suffix]
2026-10-08T20:32:42.9931686Z   291 |             fprintf(stderr, "%4"PRIi64, range.end);
2026-10-08T20:32:42.9932310Z       |                             ^
2026-10-08T20:32:42.9933436Z src/solver/utils/Options.h:293:25: warning: invalid suffix on literal; C++11 requires a space between literal and string macro [-Wliteral-suffix]
2026-10-08T20:32:42.9934687Z   293 |         fprintf(stderr, "] (default: %"PRIi64")\n", value);
2026-10-08T20:32:42.9935370Z       |                         ^
2026-10-08T20:32:42.9936972Z src/solver/utils/Options.h:293:25: warning: invalid suffix on literal; C++11 requires a space between literal and string macro [-Wliteral-suffix]
2026-10-08T20:32:42.9938167Z   293 |         fprintf(stderr, "] (default: %"PRIi64")\n", value);
2026-10-08T20:32:42.9938724Z       |                         ^
2026-10-08T20:32:42.9939185Z In file included from src/solver/Solver.h:53,
2026-10-08T20:32:42.9939709Z                  from src/solver/Solver.cc:107:
2026-10-08T20:32:42.9940767Z src/solver/utils/Options.h:285:29: warning: invalid suffix on literal; C++11 requires a space between literal and string macro [-Wliteral-suffix]
2026-10-08T20:32:42.9941885Z   285 |             fprintf(stderr, "%4"PRIi64, range.begin);
2026-10-08T20:32:42.9942415Z       |                             ^
2026-10-08T20:32:42.9943426Z src/solver/utils/Options.h:291:29: warning: invalid suffix on literal; C++11 requires a space between literal and string macro [-Wliteral-suffix]
2026-10-08T20:32:42.9944570Z   291 |             fprintf(stderr, "%4"PRIi64, range.end);
2026-10-08T20:32:42.9945121Z       |                             ^
2026-10-08T20:32:42.9946390Z src/solver/utils/Options.h:293:25: warning: invalid suffix on literal; C++11 requires a space between literal and string macro [-Wliteral-suffix]
2026-10-08T20:32:42.9947556Z   293 |         fprintf(stderr, "] (default: %"PRIi64")\n", value);
2026-10-08T20:32:42.9948129Z       |                         ^
2026-10-08T20:32:43.0928183Z src/solver/Solver.h: In constructor ‘Minisat::Solver::Solver()’:
2026-10-08T20:32:43.0929845Z src/solver/Solver.h:480:15: warning: ‘Minisat::Solver::my_var_decay’ will be initialized after [-Wreorder]
2026-10-08T20:32:43.0931006Z   480 |     double    my_var_decay;
2026-10-08T20:32:43.0931689Z       |               ^~~~~~~~~~~~
2026-10-08T20:32:43.0933159Z src/solver/Solver.h:293:42: warning:   ‘Minisat::Heap<Minisat::Solver::VarOrderLt> Minisat::Solver::order_heap_distance’ [-Wreorder]
2026-10-08T20:32:43.0934634Z   293 |                         order_heap_VSIDS,order_heap_distance;
2026-10-08T20:32:43.0935605Z       |                                          ^~~~~~~~~~~~~~~~~~~
2026-10-08T20:32:43.0936924Z src/solver/Solver.cc:143:1: warning:   when initialized here [-Wreorder]
2026-10-08T20:32:43.0937907Z   143 | Solver::Solver() :
2026-10-08T20:32:43.0938544Z       | ^~~~~~
2026-10-08T20:32:43.0939871Z src/solver/Solver.h:514:14: warning: ‘Minisat::Solver::lastOptimalCost’ will be initialized after [-Wreorder]
2026-10-08T20:32:43.0941097Z   514 |     uint64_t lastOptimalCost;
2026-10-08T20:32:43.0941809Z       |              ^~~~~~~~~~~~~~~
2026-10-08T20:32:43.0943029Z src/solver/Solver.h:513:40: warning:   ‘uint64_t Minisat::Solver::totalWeight’ [-Wreorder]
2026-10-08T20:32:43.0944189Z   513 |     uint64_t hardWeight, solutionCost, totalWeight, UB;
2026-10-08T20:32:43.0945055Z       |                                        ^~~~~~~~~~~
2026-10-08T20:32:43.0946801Z src/solver/Solver.cc:143:1: warning:   when initialized here [-Wreorder]
2026-10-08T20:32:43.0947755Z   143 | Solver::Solver() :
2026-10-08T20:32:43.0948404Z       | ^~~~~~
2026-10-08T20:32:43.0949696Z src/solver/Solver.h:707:25: warning: ‘Minisat::Solver::orderHeapAuxi’ will be initialized after [-Wreorder]
2026-10-08T20:32:43.0950862Z   707 |     Heap<VarOrderGt>    orderHeapAuxi;
2026-10-08T20:32:43.0951562Z       |                         ^~~~~~~~~~~~~
2026-10-08T20:32:43.0952671Z src/solver/Solver.h:619:25: warning:   ‘int Minisat::Solver::tier2_lbd_cut’ [-Wreorder]
2026-10-08T20:32:43.0953612Z   619 |     int                 tier2_lbd_cut;
2026-10-08T20:32:43.0954279Z       |                         ^~~~~~~~~~~~~
2026-10-08T20:32:43.0955083Z src/solver/Solver.cc:143:1: warning:   when initialized here [-Wreorder]
2026-10-08T20:32:43.0955923Z   143 | Solver::Solver() :
2026-10-08T20:32:43.0956755Z       | ^~~~~~
2026-10-08T20:32:43.0957960Z src/solver/Solver.h:663:9: warning: ‘Minisat::Solver::cardinalityEncMode’ will be initialized after [-Wreorder]
2026-10-08T20:32:43.0959103Z   663 |     int cardinalityEncMode;
2026-10-08T20:32:43.0960009Z       |         ^~~~~~~~~~~~~~~~~~
2026-10-08T20:32:43.0961205Z src/solver/Solver.h:644:14: warning:   ‘uint64_t Minisat::Solver::quasiSoftConflicts’ [-Wreorder]
2026-10-08T20:32:43.0962226Z   644 |     uint64_t quasiSoftConflicts;
2026-10-08T20:32:43.0962883Z       |              ^~~~~~~~~~~~~~~~~~
2026-10-08T20:32:43.0963733Z src/solver/Solver.cc:143:1: warning:   when initialized here [-Wreorder]
2026-10-08T20:32:43.0964646Z   143 | Solver::Solver() :
2026-10-08T20:32:43.0965247Z       | ^~~~~~
2026-10-08T20:32:43.0966838Z src/solver/Solver.h:696:14: warning: ‘Minisat::Solver::nbFixedByLH’ will be initialized after [-Wreorder]
2026-10-08T20:32:43.0968041Z   696 |     uint64_t nbFixedByLH;
2026-10-08T20:32:43.0975305Z       |              ^~~~~~~~~~~
2026-10-08T20:32:43.0977153Z src/solver/Solver.h:562:10: warning:   ‘bool Minisat::Solver::bestSolutionFound’ [-Wreorder]
2026-10-08T20:32:43.0978374Z   562 |     bool bestSolutionFound;
2026-10-08T20:32:43.0979105Z       |          ^~~~~~~~~~~~~~~~~
2026-10-08T20:32:43.0980052Z src/solver/Solver.cc:143:1: warning:   when initialized here [-Wreorder]
2026-10-08T20:32:43.0981047Z   143 | Solver::Solver() :
2026-10-08T20:32:43.0981708Z       | ^~~~~~
2026-10-08T20:32:43.0983001Z src/solver/Solver.h:564:9: warning: ‘Minisat::Solver::nbSatLitsAtStart’ will be initialized after [-Wreorder]
2026-10-08T20:32:43.0984218Z   564 |     int nbSatLitsAtStart;
2026-10-08T20:32:43.0984905Z       |         ^~~~~~~~~~~~~~~~
2026-10-08T20:32:43.0986370Z src/solver/Solver.h:560:9: warning:   ‘int Minisat::Solver::bounds_pipe_w’ [-Wreorder]
2026-10-08T20:32:43.0987461Z   560 |     int bounds_pipe_w;
2026-10-08T20:32:43.0988148Z       |         ^~~~~~~~~~~~~
2026-10-08T20:32:43.0989014Z src/solver/Solver.cc:143:1: warning:   when initialized here [-Wreorder]
2026-10-08T20:32:43.0989975Z   143 | Solver::Solver() :
2026-10-08T20:32:43.0990668Z       | ^~~~~~
2026-10-08T20:32:43.0991922Z src/solver/Solver.cc: In member function ‘Minisat::CRef Minisat::Solver::simplePropagate()’:
2026-10-08T20:32:43.0993868Z src/solver/Solver.cc:316:27: warning: comparison of integer expressions of different signedness: ‘unsigned int’ and ‘int’ [-Wsign-compare]
2026-10-08T20:32:43.0995260Z   316 |         if (c.lastPoint() > c.size())
2026-10-08T20:32:43.0995947Z       |             ~~~~~~~~~~~~~~^~~~~~~~~~
2026-10-08T20:32:43.0997670Z src/solver/Solver.cc:335:27: warning: comparison of integer expressions of different signedness: ‘int’ and ‘unsigned int’ [-Wsign-compare]
2026-10-08T20:32:43.0999014Z   335 |         for (int k = 2; k < c.lastPoint(); k++) {
2026-10-08T20:32:43.0999785Z       |                         ~~^~~~~~~~~~~~~~~
2026-10-08T20:32:43.1001602Z src/solver/Solver.cc:381:63: warning: comparison of integer expressions of different signedness: ‘int’ and ‘uint64_t’ {aka ‘long unsigned int’} [-Wsign-compare]
2026-10-08T20:32:43.1003620Z   381 |     if (confl == CRef_Undef && falseLits.size() + rootNbIsets >= UB)
2026-10-08T20:32:43.1004595Z       |                                ~~~~~~~~~~~~~~~~~~~~~~~~~~~~~~~^~~~~
2026-10-08T20:32:43.1053915Z src/solver/Solver.cc: In member function ‘bool Minisat::Solver::simplifyLearnt_core()’:
2026-10-08T20:32:43.1055855Z src/solver/Solver.cc:787:34: warning: comparison of integer expressions of different signedness: ‘unsigned int’ and ‘int’ [-Wsign-compare]
2026-10-08T20:32:43.1057551Z   787 |                     if (nblevels < c.lbd()){
2026-10-08T20:32:43.1058303Z       |                         ~~~~~~~~~^~~~~~~~~
2026-10-08T20:32:43.1059614Z src/solver/Solver.cc:721:9: warning: unused variable ‘learnts_core_size_before’ [-Wunused-variable]
2026-10-08T20:32:43.1060845Z   721 |     int learnts_core_size_before = learnts_core.size();
2026-10-08T20:32:43.1061665Z       |         ^~~~~~~~~~~~~~~~~~~~~~~~
2026-10-08T20:32:43.1070105Z src/solver/Solver.cc: In member function ‘bool Minisat::Solver::simplifyLearnt_tier2()’:
2026-10-08T20:32:43.1071973Z src/solver/Solver.cc:895:34: warning: comparison of integer expressions of different signedness: ‘unsigned int’ and ‘int’ [-Wsign-compare]
2026-10-08T20:32:43.1073606Z   895 |                     if (nblevels < c.lbd()){
2026-10-08T20:32:43.1074443Z       |                         ~~~~~~~~~^~~~~~~~~
2026-10-08T20:32:43.1075765Z src/solver/Solver.cc:823:9: warning: unused variable ‘learnts_tier2_size_before’ [-Wunused-variable]
2026-10-08T20:32:43.1077321Z   823 |     int learnts_tier2_size_before = learnts_tier2.size();
2026-10-08T20:32:43.1078114Z       |         ^~~~~~~~~~~~~~~~~~~~~~~~~
2026-10-08T20:32:43.1079390Z src/solver/Solver.cc:828:9: warning: variable ‘limit’ set but not used [-Wunused-but-set-variable]
2026-10-08T20:32:43.1080485Z   828 |     int limit;
2026-10-08T20:32:43.1081081Z       |         ^~~~~
2026-10-08T20:32:43.1093295Z src/solver/Solver.cc: In member function ‘bool Minisat::Solver::failedLiteralDetection()’:
2026-10-08T20:32:43.1095409Z src/solver/Solver.cc:1038:100: warning: format ‘%llu’ expects argument of type ‘long long unsigned int’, but argument 7 has type ‘uint64_t’ {aka ‘long unsigned int’} [-Wformat=]
2026-10-08T20:32:43.1097683Z  1038 |   printf("c nbFailedLits %d, nbI %d, fixedVarsByFL %d, totalFixedVars %d, nbTested: %d, counter %llu\n",
2026-10-08T20:32:43.1098994Z       |                                                                                                 ~~~^
2026-10-08T20:32:43.1099968Z       |                                                                                                    |
2026-10-08T20:32:43.1100955Z       |                                                                                                    long long unsigned int
2026-10-08T20:32:43.1102007Z       |                                                                                                 %lu
2026-10-08T20:32:43.1103156Z  1039 |          nbFailedLits, nbI, trail.size()-initTrail, trail.size(), nbTested, counter);
2026-10-08T20:32:43.1104327Z       |                                                                             ~~~~~~~                 
2026-10-08T20:32:43.1105253Z       |                                                                             |
2026-10-08T20:32:43.1106461Z       |                                                                             uint64_t {aka long unsigned int}
2026-10-08T20:32:43.1108012Z src/solver/Solver.cc: In member function ‘bool Minisat::Solver::simplifyOriginalClauses()’:
2026-10-08T20:32:43.1110095Z src/solver/Solver.cc:1179:40: warning: format ‘%llu’ expects argument of type ‘long long unsigned int’, but argument 2 has type ‘uint64_t’ {aka ‘long unsigned int’} [-Wformat=]
2026-10-08T20:32:43.1111749Z  1179 |     printf("c total nb of literals: %llu\n", clauses_literals);
2026-10-08T20:32:43.1112674Z       |                                     ~~~^     ~~~~~~~~~~~~~~~~
2026-10-08T20:32:43.1113448Z       |                                        |     |
2026-10-08T20:32:43.1114614Z       |                                        |     uint64_t {aka long unsigned int}
2026-10-08T20:32:43.1115494Z       |                                        long long unsigned int
2026-10-08T20:32:43.1116540Z       |                                     %lu
2026-10-08T20:32:43.1117857Z src/solver/Solver.cc:1173:25: warning: unused variable ‘nbOriginalClauses_before’ [-Wunused-variable]
2026-10-08T20:32:43.1119098Z  1173 |     int last_shorten=0, nbOriginalClauses_before = clauses.size();
2026-10-08T20:32:43.1119983Z       |                         ^~~~~~~~~~~~~~~~~~~~~~~~
2026-10-08T20:32:43.1121213Z src/solver/Solver.cc:1185:17: warning: unused variable ‘begin_simp_time’ [-Wunused-variable]
2026-10-08T20:32:43.1122353Z  1185 |     double      begin_simp_time = cpuTime();
2026-10-08T20:32:43.1123117Z       |                 ^~~~~~~~~~~~~~~
2026-10-08T20:32:43.1124348Z src/solver/Solver.cc:1250:12: warning: variable ‘avg’ set but not used [-Wunused-but-set-variable]
2026-10-08T20:32:43.1125442Z  1250 |     double avg;
2026-10-08T20:32:43.1126309Z       |            ^~~
2026-10-08T20:32:43.1200485Z src/solver/Solver.cc: In member function ‘Minisat::CRef Minisat::Solver::propagate()’:
2026-10-08T20:32:43.1202811Z src/solver/Solver.cc:2005:31: warning: comparison of integer expressions of different signedness: ‘unsigned int’ and ‘int’ [-Wsign-compare]
2026-10-08T20:32:43.1204298Z  2005 |             if (c.lastPoint() > c.size())
2026-10-08T20:32:43.1205082Z       |                 ~~~~~~~~~~~~~~^~~~~~~~~~
2026-10-08T20:32:43.1206932Z src/solver/Solver.cc:2024:31: warning: comparison of integer expressions of different signedness: ‘int’ and ‘unsigned int’ [-Wsign-compare]
2026-10-08T20:32:43.1208391Z  2024 |             for (int k = 2; k < c.lastPoint(); k++) {
2026-10-08T20:32:43.1209156Z       |                             ~~^~~~~~~~~~~~~~~
2026-10-08T20:32:43.1210866Z src/solver/Solver.cc:2076:49: warning: comparison of integer expressions of different signedness: ‘int’ and ‘uint64_t’ {aka ‘long unsigned int’} [-Wsign-compare]
2026-10-08T20:32:43.1212388Z  2076 |     if (confl == CRef_Undef && falseLits.size() >= UB)
2026-10-08T20:32:43.1213201Z       |                                ~~~~~~~~~~~~~~~~~^~~~~
2026-10-08T20:32:43.1214298Z src/solver/Solver.cc:2072:1: warning: label ‘ExitProp’ defined but not used [-Wunused-label]
2026-10-08T20:32:43.1215372Z  2072 | ExitProp:;
2026-10-08T20:32:43.1215961Z       | ^~~~~~~~
2026-10-08T20:32:43.1230811Z src/solver/Solver.cc: In member function ‘void Minisat::Solver::getAllUIP(Minisat::vec<Minisat::Lit>&, int&, int&)’:
2026-10-08T20:32:43.1232467Z src/solver/Solver.cc:2177:9: warning: variable ‘myLevel’ set but not used [-Wunused-but-set-variable]
2026-10-08T20:32:43.1233622Z  2177 |     int myLevel = decisionLevel() +1;
2026-10-08T20:32:43.1234360Z       |         ^~~~~~~
2026-10-08T20:32:43.1235917Z src/solver/Solver.cc: In member function ‘void Minisat::Solver::analyzeSoftConflict(Minisat::vec<Minisat::Lit>&, int&, int&)’:
2026-10-08T20:32:43.1238511Z src/solver/Solver.cc:2196:26: warning: comparison of integer expressions of different signedness: ‘int’ and ‘uint64_t’ {aka ‘long unsigned int’} [-Wsign-compare]
2026-10-08T20:32:43.1240117Z  2196 |     if (falseLits.size() >= UB)
2026-10-08T20:32:43.1240841Z       |         ~~~~~~~~~~~~~~~~~^~~~~
2026-10-08T20:32:43.1242565Z src/solver/Solver.cc:2206:26: warning: comparison of integer expressions of different signedness: ‘int’ and ‘uint64_t’ {aka ‘long unsigned int’} [-Wsign-compare]
2026-10-08T20:32:43.1244080Z  2206 |     if (falseLits.size() > UB) {
2026-10-08T20:32:43.1244783Z       |         ~~~~~~~~~~~~~~~~~^~~~
2026-10-08T20:32:43.1281928Z src/solver/Solver.cc: In member function ‘bool Minisat::Solver::simplifyLearnt_local()’:
2026-10-08T20:32:43.1283785Z src/solver/Solver.cc:2631:34: warning: comparison of integer expressions of different signedness: ‘unsigned int’ and ‘int’ [-Wsign-compare]
2026-10-08T20:32:43.1285114Z  2631 |                     if (nblevels < c.lbd()){
2026-10-08T20:32:43.1285832Z       |                         ~~~~~~~~~^~~~~~~~~
2026-10-08T20:32:43.1288195Z src/solver/Solver.cc:2559:7: warning: unused variable ‘learnts_local_size_before’ [-Wunused-variable]
2026-10-08T20:32:43.1295579Z  2559 |   int learnts_local_size_before = learnts_local.size();
2026-10-08T20:32:43.1296705Z       |       ^~~~~~~~~~~~~~~~~~~~~~~~~
2026-10-08T20:32:43.1297956Z src/solver/Solver.cc:2560:7: warning: unused variable ‘savedTrail’ [-Wunused-variable]
2026-10-08T20:32:43.1299018Z  2560 |   int savedTrail = trail.size();
2026-10-08T20:32:43.1299721Z       |       ^~~~~~~~~~
2026-10-08T20:32:43.1302712Z src/solver/Solver.cc: In member function ‘void Minisat::Solver::reduceDB_core()’:
2026-10-08T20:32:43.1303903Z src/solver/Solver.cc:2772:9: warning: unused variable ‘totalLocalSize’ [-Wunused-variable]
2026-10-08T20:32:43.1304786Z  2772 |     int totalLocalSize=0, removedSize=0;
2026-10-08T20:32:43.1305301Z       |         ^~~~~~~~~~~~~~
2026-10-08T20:32:43.1306522Z src/solver/Solver.cc:2772:27: warning: unused variable ‘removedSize’ [-Wunused-variable]
2026-10-08T20:32:43.1317326Z  2772 |     int totalLocalSize=0, removedSize=0;
2026-10-08T20:32:43.1318101Z       |                           ^~~~~~~~~~~
2026-10-08T20:32:43.1333573Z src/solver/Solver.cc: In member function ‘Minisat::CRef Minisat::Solver::lPropagate()’:
2026-10-08T20:32:43.1335774Z src/solver/Solver.cc:3022:20: warning: comparison of integer expressions of different signedness: ‘uint64_t’ {aka ‘long unsigned int’} and ‘int’ [-Wsign-compare]
2026-10-08T20:32:43.1337767Z  3022 |   if (UB > 1 && UB == falseLits.size() + 1 && decisionLevel() < hardenLevel) {
2026-10-08T20:32:43.1338721Z       |                 ~~~^~~~~~~~~~~~~~~~~~~~~~~
2026-10-08T20:32:43.1355312Z src/solver/Solver.cc: In member function ‘void Minisat::Solver::identifyClausesToSplit(Minisat::vec<unsigned int>&)’:
2026-10-08T20:32:43.1357857Z src/solver/Solver.cc:3170:46: warning: comparison of integer expressions of different signedness: ‘int’ and ‘uint64_t’ {aka ‘long unsigned int’} [-Wsign-compare]
2026-10-08T20:32:43.1359494Z  3170 |     for(j=i+1; j<cs.size() && 2*nbCommunLits >= UB; j++) {
2026-10-08T20:32:43.1360302Z       |                               ~~~~~~~~~~~~~~~^~~~~
2026-10-08T20:32:43.1420000Z src/solver/Solver.cc: In member function ‘Minisat::lbool Minisat::Solver::search(int&)’:
2026-10-08T20:32:43.1422125Z src/solver/Solver.cc:3821:31: warning: format ‘%llu’ expects argument of type ‘long long unsigned int’, but argument 2 has type ‘uint64_t’ {aka ‘long unsigned int’} [-Wformat=]
2026-10-08T20:32:43.1424345Z  3821 |               printf("c UB=%llu succs, confls=%llu, hconfls=%llu, core %d, tier2 %d, local %d,  %d soft cls unsat (%d at L0), %d fixed vars at L0, softCnfl %d, nbFlyRd %d, nbFixedLH %llu\n",
2026-10-08T20:32:43.1425698Z       |                            ~~~^
2026-10-08T20:32:43.1426673Z       |                               |
2026-10-08T20:32:43.1427316Z       |                               long long unsigned int
2026-10-08T20:32:43.1427986Z       |                            %lu
2026-10-08T20:32:43.1429607Z  3822 |                      UB, conflicts, conflicts-softConflicts, learnts_core.size(), learnts_tier2.size(), learnts_local.size(),
2026-10-08T20:32:43.1430855Z       |                      ~~        
2026-10-08T20:32:43.1431514Z       |                      |
2026-10-08T20:32:43.1432212Z       |                      uint64_t {aka long unsigned int}
2026-10-08T20:32:43.1434038Z src/solver/Solver.cc:3821:50: warning: format ‘%llu’ expects argument of type ‘long long unsigned int’, but argument 3 has type ‘uint64_t’ {aka ‘long unsigned int’} [-Wformat=]
2026-10-08T20:32:43.1436556Z  3821 |               printf("c UB=%llu succs, confls=%llu, hconfls=%llu, core %d, tier2 %d, local %d,  %d soft cls unsat (%d at L0), %d fixed vars at L0, softCnfl %d, nbFlyRd %d, nbFixedLH %llu\n",
2026-10-08T20:32:43.1437986Z       |                                               ~~~^
2026-10-08T20:32:43.1438636Z       |                                                  |
2026-10-08T20:32:43.1439353Z       |                                                  long long unsigned int
2026-10-08T20:32:43.1440137Z       |                                               %lu
2026-10-08T20:32:43.1441664Z  3822 |                      UB, conflicts, conflicts-softConflicts, learnts_core.size(), learnts_tier2.size(), learnts_local.size(),
2026-10-08T20:32:43.1442926Z       |                          ~~~~~~~~~                
2026-10-08T20:32:43.1443653Z       |                          |
2026-10-08T20:32:43.1444356Z       |                          uint64_t {aka long unsigned int}
2026-10-08T20:32:43.1446486Z src/solver/Solver.cc:3821:64: warning: format ‘%llu’ expects argument of type ‘long long unsigned int’, but argument 4 has type ‘uint64_t’ {aka ‘long unsigned int’} [-Wformat=]
2026-10-08T20:32:43.1448799Z  3821 |               printf("c UB=%llu succs, confls=%llu, hconfls=%llu, core %d, tier2 %d, local %d,  %d soft cls unsat (%d at L0), %d fixed vars at L0, softCnfl %d, nbFlyRd %d, nbFixedLH %llu\n",
2026-10-08T20:32:43.1450383Z       |                                                             ~~~^
2026-10-08T20:32:43.1451252Z       |                                                                |
2026-10-08T20:32:43.1452115Z       |                                                                long long unsigned int
2026-10-08T20:32:43.1452916Z       |                                                             %lu
2026-10-08T20:32:43.1454159Z  3822 |                      UB, conflicts, conflicts-softConflicts, learnts_core.size(), learnts_tier2.size(), learnts_local.size(),
2026-10-08T20:32:43.1455432Z       |                                     ~~~~~~~~~~~~~~~~~~~~~~~     
2026-10-08T20:32:43.1456488Z       |                                              |
2026-10-08T20:32:43.1457320Z       |                                              uint64_t {aka long unsigned int}
2026-10-08T20:32:43.1459258Z src/solver/Solver.cc:3821:186: warning: format ‘%llu’ expects argument of type ‘long long unsigned int’, but argument 13 has type ‘uint64_t’ {aka ‘long unsigned int’} [-Wformat=]
2026-10-08T20:32:43.1461600Z  3821 |               printf("c UB=%llu succs, confls=%llu, hconfls=%llu, core %d, tier2 %d, local %d,  %d soft cls unsat (%d at L0), %d fixed vars at L0, softCnfl %d, nbFlyRd %d, nbFixedLH %llu\n",
2026-10-08T20:32:43.1463405Z       |                                                                                                                                                                                       ~~~^
2026-10-08T20:32:43.1464798Z       |                                                                                                                                                                                          |
2026-10-08T20:32:43.1466476Z       |                                                                                                                                                                                          long long unsigned int
2026-10-08T20:32:43.1468305Z       |                                                                                                                                                                                       %lu
2026-10-08T20:32:43.1469874Z  3822 |                      UB, conflicts, conflicts-softConflicts, learnts_core.size(), learnts_tier2.size(), learnts_local.size(),
2026-10-08T20:32:43.1471440Z  3823 |                      falseLits.size(), nbFalses, nbFixeds, pureSoftConfl, nbFlyReduced, nbFixedByLH);
2026-10-08T20:32:43.1472823Z       |                                                                                         ~~~~~~~~~~~                                                                                       
2026-10-08T20:32:43.1473929Z       |                                                                                         |
2026-10-08T20:32:43.1474867Z       |                                                                                         uint64_t {aka long unsigned int}
2026-10-08T20:32:43.1477049Z src/solver/Solver.cc:3825:48: warning: format ‘%llu’ expects argument of type ‘long long unsigned int’, but argument 3 has type ‘uint64_t’ {aka ‘long unsigned int’} [-Wformat=]
2026-10-08T20:32:43.1479726Z  3825 |               printf("c nbHardens %d (fixed %llu), shorten: %llu, prunedLB %4.2f, dev %4.2f, succRate %4.2f, nbSucc %llu, lk: %llu, shorten: %llu, quasiC: %llu (fixed: %llu)\n\n",
2026-10-08T20:32:43.1481251Z       |                                             ~~~^
2026-10-08T20:32:43.1481952Z       |                                                |
2026-10-08T20:32:43.1482743Z       |                                                long long unsigned int
2026-10-08T20:32:43.1483572Z       |                                             %lu
2026-10-08T20:32:43.1485273Z  3826 |                      nbHardens, fixedByHardens, nbSavedLits, meanLB, dev, succRate, nbLKsuccess-savednbLKsuccess, LOOKAHEAD-savedLOOKAHEAD, nbSavedLits, quasiSoftConflicts, fixedByQuasiConfl);
2026-10-08T20:32:43.1487303Z       |                                 ~~~~~~~~~~~~~~  
2026-10-08T20:32:43.1488049Z       |                                 |
2026-10-08T20:32:43.1488845Z       |                                 uint64_t {aka long unsigned int}
2026-10-08T20:32:43.1490751Z src/solver/Solver.cc:3825:64: warning: format ‘%llu’ expects argument of type ‘long long unsigned int’, but argument 4 has type ‘uint64_t’ {aka ‘long unsigned int’} [-Wformat=]
2026-10-08T20:32:43.1493063Z  3825 |               printf("c nbHardens %d (fixed %llu), shorten: %llu, prunedLB %4.2f, dev %4.2f, succRate %4.2f, nbSucc %llu, lk: %llu, shorten: %llu, quasiC: %llu (fixed: %llu)\n\n",
2026-10-08T20:32:43.1494562Z       |                                                             ~~~^
2026-10-08T20:32:43.1495314Z       |                                                                |
2026-10-08T20:32:43.1496336Z       |                                                                long long unsigned int
2026-10-08T20:32:43.1497148Z       |                                                             %lu
2026-10-08T20:32:43.1498781Z  3826 |                      nbHardens, fixedByHardens, nbSavedLits, meanLB, dev, succRate, nbLKsuccess-savednbLKsuccess, LOOKAHEAD-savedLOOKAHEAD, nbSavedLits, quasiSoftConflicts, fixedByQuasiConfl);
2026-10-08T20:32:43.1500303Z       |                                                 ~~~~~~~~~~~     
2026-10-08T20:32:43.1500939Z       |                                                 |
2026-10-08T20:32:43.1501610Z       |                                                 uint64_t {aka long unsigned int}
2026-10-08T20:32:43.1503224Z src/solver/Solver.cc:3825:120: warning: format ‘%llu’ expects argument of type ‘long long unsigned int’, but argument 8 has type ‘uint64_t’ {aka ‘long unsigned int’} [-Wformat=]
2026-10-08T20:32:43.1505127Z  3825 |               printf("c nbHardens %d (fixed %llu), shorten: %llu, prunedLB %4.2f, dev %4.2f, succRate %4.2f, nbSucc %llu, lk: %llu, shorten: %llu, quasiC: %llu (fixed: %llu)\n\n",
2026-10-08T20:32:43.1507013Z       |                                                                                                                     ~~~^
2026-10-08T20:32:43.1507962Z       |                                                                                                                        |
2026-10-08T20:32:43.1508954Z       |                                                                                                                        long long unsigned int
2026-10-08T20:32:43.1509956Z       |                                                                                                                     %lu
2026-10-08T20:32:43.1511657Z  3826 |                      nbHardens, fixedByHardens, nbSavedLits, meanLB, dev, succRate, nbLKsuccess-savednbLKsuccess, LOOKAHEAD-savedLOOKAHEAD, nbSavedLits, quasiSoftConflicts, fixedByQuasiConfl);
2026-10-08T20:32:43.1513450Z       |                                                                                     ~~~~~~~~~~~~~~~~~~~~~~~~~~~~        
2026-10-08T20:32:43.1514513Z       |                                                                                                |
2026-10-08T20:32:43.1515947Z       |                                                                                                uint64_t {aka long unsigned int}
2026-10-08T20:32:43.1518290Z src/solver/Solver.cc:3825:130: warning: format ‘%llu’ expects argument of type ‘long long unsigned int’, but argument 9 has type ‘uint64_t’ {aka ‘long unsigned int’} [-Wformat=]
2026-10-08T20:32:43.1520639Z  3825 |               printf("c nbHardens %d (fixed %llu), shorten: %llu, prunedLB %4.2f, dev %4.2f, succRate %4.2f, nbSucc %llu, lk: %llu, shorten: %llu, quasiC: %llu (fixed: %llu)\n\n",
2026-10-08T20:32:43.1522337Z       |                                                                                                                               ~~~^
2026-10-08T20:32:43.1523459Z       |                                                                                                                                  |
2026-10-08T20:32:43.1524751Z       |                                                                                                                                  long long unsigned int
2026-10-08T20:32:43.1525852Z       |                                                                                                                               %lu
2026-10-08T20:32:43.1527907Z  3826 |                      nbHardens, fixedByHardens, nbSavedLits, meanLB, dev, succRate, nbLKsuccess-savednbLKsuccess, LOOKAHEAD-savedLOOKAHEAD, nbSavedLits, quasiSoftConflicts, fixedByQuasiConfl);
2026-10-08T20:32:43.1529724Z       |                                                                                                                   ~~~~~~~~~~~~~~~~~~~~~~~~
2026-10-08T20:32:43.1530889Z       |                                                                                                                            |
2026-10-08T20:32:43.1532081Z       |                                                                                                                            uint64_t {aka long unsigned int}
2026-10-08T20:32:43.1534360Z src/solver/Solver.cc:3825:145: warning: format ‘%llu’ expects argument of type ‘long long unsigned int’, but argument 10 has type ‘uint64_t’ {aka ‘long unsigned int’} [-Wformat=]
2026-10-08T20:32:43.1536931Z  3825 |               printf("c nbHardens %d (fixed %llu), shorten: %llu, prunedLB %4.2f, dev %4.2f, succRate %4.2f, nbSucc %llu, lk: %llu, shorten: %llu, quasiC: %llu (fixed: %llu)\n\n",
2026-10-08T20:32:43.1538662Z       |                                                                                                                                              ~~~^
2026-10-08T20:32:43.1539883Z       |                                                                                                                                                 |
2026-10-08T20:32:43.1541161Z       |                                                                                                                                                 long long unsigned int
2026-10-08T20:32:43.1542781Z       |                                                                                                                                              %lu
2026-10-08T20:32:43.1544731Z  3826 |                      nbHardens, fixedByHardens, nbSavedLits, meanLB, dev, succRate, nbLKsuccess-savednbLKsuccess, LOOKAHEAD-savedLOOKAHEAD, nbSavedLits, quasiSoftConflicts, fixedByQuasiConfl);
2026-10-08T20:32:43.1546990Z       |                                                                                                                                             ~~~~~~~~~~~
2026-10-08T20:32:43.1548187Z       |                                                                                                                                             |
2026-10-08T20:32:43.1549509Z       |                                                                                                                                             uint64_t {aka long unsigned int}
2026-10-08T20:32:43.1552022Z src/solver/Solver.cc:3825:159: warning: format ‘%llu’ expects argument of type ‘long long unsigned int’, but argument 11 has type ‘uint64_t’ {aka ‘long unsigned int’} [-Wformat=]
2026-10-08T20:32:43.1554383Z  3825 |               printf("c nbHardens %d (fixed %llu), shorten: %llu, prunedLB %4.2f, dev %4.2f, succRate %4.2f, nbSucc %llu, lk: %llu, shorten: %llu, quasiC: %llu (fixed: %llu)\n\n",
2026-10-08T20:32:43.1556418Z       |                                                                                                                                                            ~~~^
2026-10-08T20:32:43.1557735Z       |                                                                                                                                                               |
2026-10-08T20:32:43.1559100Z       |                                                                                                                                                               long long unsigned int
2026-10-08T20:32:43.1560473Z       |                                                                                                                                                            %lu
2026-10-08T20:32:43.1562448Z  3826 |                      nbHardens, fixedByHardens, nbSavedLits, meanLB, dev, succRate, nbLKsuccess-savednbLKsuccess, LOOKAHEAD-savedLOOKAHEAD, nbSavedLits, quasiSoftConflicts, fixedByQuasiConfl);
2026-10-08T20:32:43.1564460Z       |                                                                                                                                                          ~~~~~~~~~~~~~~~~~~
2026-10-08T20:32:43.1565843Z       |                                                                                                                                                          |
2026-10-08T20:32:43.1567427Z       |                                                                                                                                                          uint64_t {aka long unsigned int}
2026-10-08T20:32:43.1569534Z src/solver/Solver.cc:3825:172: warning: format ‘%llu’ expects argument of type ‘long long unsigned int’, but argument 12 has type ‘uint64_t’ {aka ‘long unsigned int’} [-Wformat=]
2026-10-08T20:32:43.1571820Z  3825 |               printf("c nbHardens %d (fixed %llu), shorten: %llu, prunedLB %4.2f, dev %4.2f, succRate %4.2f, nbSucc %llu, lk: %llu, shorten: %llu, quasiC: %llu (fixed: %llu)\n\n",
2026-10-08T20:32:43.1573582Z       |                                                                                                                                                                         ~~~^
2026-10-08T20:32:43.1574894Z       |                                                                                                                                                                            |
2026-10-08T20:32:43.1576495Z       |                                                                                                                                                                            long long unsigned int
2026-10-08T20:32:43.1578245Z       |                                                                                                                                                                         %lu
2026-10-08T20:32:43.1580271Z  3826 |                      nbHardens, fixedByHardens, nbSavedLits, meanLB, dev, succRate, nbLKsuccess-savednbLKsuccess, LOOKAHEAD-savedLOOKAHEAD, nbSavedLits, quasiSoftConflicts, fixedByQuasiConfl);
2026-10-08T20:32:43.1582291Z       |                                                                                                                                                                              ~~~~~~~~~~~~~~~~~
2026-10-08T20:32:43.1583543Z       |                                                                                                                                                                              |
2026-10-08T20:32:43.1585179Z       |                                                                                                                                                                              uint64_t {aka long unsigned int}
2026-10-08T20:32:43.1587263Z src/solver/Solver.cc: In member function ‘Minisat::CRef Minisat::Solver::propagateForLK()’:
2026-10-08T20:32:43.1589296Z src/solver/Solver.cc:3984:27: warning: comparison of integer expressions of different signedness: ‘unsigned int’ and ‘int’ [-Wsign-compare]
2026-10-08T20:32:43.1590722Z  3984 |         if (c.lastPoint() > c.size())
2026-10-08T20:32:43.1591491Z       |             ~~~~~~~~~~~~~~^~~~~~~~~~
2026-10-08T20:32:43.1593056Z src/solver/Solver.cc:4003:27: warning: comparison of integer expressions of different signedness: ‘int’ and ‘unsigned int’ [-Wsign-compare]
2026-10-08T20:32:43.1594487Z  4003 |         for (int k = 2; k < c.lastPoint(); k++) {
2026-10-08T20:32:43.1595259Z       |                         ~~^~~~~~~~~~~~~~~
2026-10-08T20:32:43.1597214Z src/solver/Solver.cc: In member function ‘void Minisat::Solver::analyzeQuasiSoftConflict(Minisat::vec<Minisat::Lit>&, int&, int&)’:
2026-10-08T20:32:43.1599592Z src/solver/Solver.cc:4502:26: warning: comparison of integer expressions of different signedness: ‘int’ and ‘uint64_t’ {aka ‘long unsigned int’} [-Wsign-compare]
2026-10-08T20:32:43.1601095Z  4502 |     if (falseLits.size() > UB) {
2026-10-08T20:32:43.1601810Z       |         ~~~~~~~~~~~~~~~~~^~~~
2026-10-08T20:32:43.1626394Z src/solver/Solver.cc: In member function ‘bool Minisat::Solver::lookahead()’:
2026-10-08T20:32:43.1628366Z src/solver/Solver.cc:4843:17: warning: comparison of integer expressions of different signedness: ‘uint64_t’ {aka ‘long unsigned int’} and ‘int’ [-Wsign-compare]
2026-10-08T20:32:43.1630013Z  4843 |   if (conflicts > prevConflicts) {
2026-10-08T20:32:43.1630747Z       |       ~~~~~~~~~~^~~~~~~~~~~~~~~
2026-10-08T20:32:43.1654755Z src/solver/Solver.cc: In member function ‘void Minisat::Solver::addHardClausesForSoftClauses()’:
2026-10-08T20:32:43.1657215Z src/solver/Solver.cc:5088:70: warning: format ‘%llu’ expects argument of type ‘long long unsigned int’, but argument 5 has type ‘uint64_t’ {aka ‘long unsigned int’} [-Wformat=]
2026-10-08T20:32:43.1659046Z  5088 |   printf("c nb soft clauses: %d, of which %d unit, %d nonUnit and %llu empty\n",
2026-10-08T20:32:43.1660105Z       |                                                                   ~~~^
2026-10-08T20:32:43.1660953Z       |                                                                      |
2026-10-08T20:32:43.1661862Z       |                                                                      long long unsigned int
2026-10-08T20:32:43.1662750Z       |                                                                   %lu
2026-10-08T20:32:43.1663695Z  5089 |          softClauses.size(), nbUnitSoft, nbNonUnitSoft, solutionCost);
2026-10-08T20:32:43.1664616Z       |                                                         ~~~~~~~~~~~~  
2026-10-08T20:32:43.1665870Z       |                                                         |
2026-10-08T20:32:43.1667040Z       |                                                         uint64_t {aka long unsigned int}
2026-10-08T20:32:43.1680825Z src/solver/Solver.cc: In member function ‘void Minisat::Solver::printBestSolution() const’:
2026-10-08T20:32:43.1682770Z src/solver/Solver.cc:5239:49: warning: format ‘%llu’ expects argument of type ‘long long unsigned int’, but argument 2 has type ‘long unsigned int’ [-Wformat=]
2026-10-08T20:32:43.1684410Z  5239 |     printf("c   unsat soft clauses (search): %llu\n", bestSup);
2026-10-08T20:32:43.1685325Z       |                                              ~~~^     ~~~~~~~
2026-10-08T20:32:43.1686340Z       |                                                 |     |
2026-10-08T20:32:43.1687170Z       |                                                 |     long unsigned int
2026-10-08T20:32:43.1688063Z       |                                                 long long unsigned int
2026-10-08T20:32:43.1688910Z       |                                              %lu
2026-10-08T20:32:43.1691058Z src/solver/Solver.cc:5240:53: warning: format ‘%llu’ expects argument of type ‘long long unsigned int’, but argument 2 has type ‘uint64_t’ {aka ‘long unsigned int’} [-Wformat=]
2026-10-08T20:32:43.1692844Z  5240 |     printf("c   satisfied soft clauses (maxsat): %llu\n", maxsat);
2026-10-08T20:32:43.1693745Z       |                                                  ~~~^     ~~~~~~
2026-10-08T20:32:43.1694574Z       |                                                     |     |
2026-10-08T20:32:43.1695467Z       |                                                     |     uint64_t {aka long unsigned int}
2026-10-08T20:32:43.1696654Z       |                                                     long long unsigned int
2026-10-08T20:32:43.1697523Z       |                                                  %lu
2026-10-08T20:32:43.1699395Z src/solver/Solver.cc:5241:39: warning: format ‘%llu’ expects argument of type ‘long long unsigned int’, but argument 2 has type ‘uint64_t’ {aka ‘long unsigned int’} [-Wformat=]
2026-10-08T20:32:43.1701152Z  5241 |     printf("c   total weight cost: %llu\n", optimal);
2026-10-08T20:32:43.1702027Z       |                                    ~~~^     ~~~~~~~
2026-10-08T20:32:43.1702792Z       |                                       |     |
2026-10-08T20:32:43.1703627Z       |                                       |     uint64_t {aka long unsigned int}
2026-10-08T20:32:43.1704533Z       |                                       long long unsigned int
2026-10-08T20:32:43.1705340Z       |                                    %lu
2026-10-08T20:32:43.1706858Z src/solver/Solver.cc: In member function ‘void Minisat::Solver::checkSolution()’:
2026-10-08T20:32:43.1708904Z src/solver/Solver.cc:5257:15: warning: comparison of integer expressions of different signedness: ‘int’ and ‘uint64_t’ {aka ‘long unsigned int’} [-Wsign-compare]
2026-10-08T20:32:43.1710625Z  5257 |   if (nbFalse != falseLits.size()+fixedCostBySearch + relaxedCost)
2026-10-08T20:32:43.1711600Z       |       ~~~~~~~~^~~~~~~~~~~~~~~~~~~~~~~~~~~~~~~~~~~~~~~~~~~~~~~~~~~
2026-10-08T20:32:43.1713561Z src/solver/Solver.cc:5258:92: warning: format ‘%llu’ expects argument of type ‘long long unsigned int’, but argument 3 has type ‘uint64_t’ {aka ‘long unsigned int’} [-Wformat=]
2026-10-08T20:32:43.1715490Z  5258 |     printf("c **** error nb of false soft clauses real nbfalse: %d, recorded falseLits: %llu****\n",
2026-10-08T20:32:43.1716973Z       |                                                                                         ~~~^
2026-10-08T20:32:43.1717932Z       |                                                                                            |
2026-10-08T20:32:43.1718958Z       |                                                                                            long long unsigned int
2026-10-08T20:32:43.1719993Z       |                                                                                         %lu
2026-10-08T20:32:43.1721364Z  5259 |            nbFalse, falseLits.size()+fixedCostBySearch+relaxedCost);
2026-10-08T20:32:43.1722430Z       |                     ~~~~~~~~~~~~~~~~~~~~~~~~~~~~~~~~~~~~~~~~~~~~~~                          
2026-10-08T20:32:43.1723331Z       |                                                       |
2026-10-08T20:32:43.1724198Z       |                                                       uint64_t {aka long unsigned int}
2026-10-08T20:32:43.1725580Z src/solver/Solver.cc: In member function ‘void Minisat::Solver::partition()’:
2026-10-08T20:32:43.1727670Z src/solver/Solver.cc:5379:31: warning: comparison of integer expressions of different signedness: ‘unsigned int’ and ‘int’ [-Wsign-compare]
2026-10-08T20:32:43.1729128Z  5379 |         if (conflicted[var(q)]==iset.size()) {
2026-10-08T20:32:43.1730770Z src/solver/Solver.cc:5389:32: warning: comparison of integer expressions of different signedness: ‘unsigned int’ and ‘int’ [-Wsign-compare]
2026-10-08T20:32:43.1732224Z  5389 |         if (conflicted[var(q)] < iset.size())
2026-10-08T20:32:43.1734215Z src/solver/Solver.cc:5448:50: warning: comparison of integer expressions of different signedness: ‘unsigned int’ and ‘int’ [-Wsign-compare]
2026-10-08T20:32:43.1735746Z  5448 |         if (q != lit_Undef && conflicted[var(q)] == iset.size()) {
2026-10-08T20:32:43.1739561Z src/solver/Solver.cc:5513:38: warning: format ‘%llu’ expects argument of type ‘long long unsigned int’, but argument 3 has type ‘uint64_t’ {aka ‘long unsigned int’} [-Wformat=]
2026-10-08T20:32:43.1741064Z  5513 |   printf("c isets %d, derivedCost %llu\n", nbIsets, derivedCost);
2026-10-08T20:32:43.1741748Z       |                                   ~~~^              ~~~~~~~~~~~
2026-10-08T20:32:43.1742288Z       |                                      |              |
2026-10-08T20:32:43.1743057Z       |                                      |              uint64_t {aka long unsigned int}
2026-10-08T20:32:43.1743840Z       |                                      long long unsigned int
2026-10-08T20:32:43.1744792Z       |                                   %lu
2026-10-08T20:32:43.1768467Z src/solver/Solver.cc: In member function ‘Minisat::CRef Minisat::Solver::simplepropagateForLK()’:
2026-10-08T20:32:43.1770776Z src/solver/Solver.cc:5660:27: warning: comparison of integer expressions of different signedness: ‘unsigned int’ and ‘int’ [-Wsign-compare]
2026-10-08T20:32:43.1772474Z  5660 |         if (c.lastPoint() > c.size())
2026-10-08T20:32:43.1773444Z       |             ~~~~~~~~~~~~~~^~~~~~~~~~
2026-10-08T20:32:43.1775450Z src/solver/Solver.cc:5674:27: warning: comparison of integer expressions of different signedness: ‘int’ and ‘unsigned int’ [-Wsign-compare]
2026-10-08T20:32:43.1777344Z  5674 |         for (int k = 2; k < c.lastPoint(); k++) {
2026-10-08T20:32:43.1797339Z       |                         ~~^~~~~~~~~~~~~~~
2026-10-08T20:32:43.1847436Z src/solver/Solver.cc: In member function ‘void Minisat::Solver::addCardinalityConstraints()’:
2026-10-08T20:32:43.1849740Z src/solver/Solver.cc:6204:64: warning: format ‘%llu’ expects argument of type ‘long long unsigned int’, but argument 2 has type ‘uint64_t’ {aka ‘long unsigned int’} [-Wformat=]
2026-10-08T20:32:43.1851524Z  6204 |       printf("\nc Cardinality: off (soft-conflict only), UB %llu\n", UB);
2026-10-08T20:32:43.1852601Z       |                                                             ~~~^     ~~
2026-10-08T20:32:43.1853439Z       |                                                                |     |
2026-10-08T20:32:43.1854363Z       |                                                                |     uint64_t {aka long unsigned int}
2026-10-08T20:32:43.1855298Z       |                                                                long long unsigned int
2026-10-08T20:32:43.1856371Z       |                                                             %lu
2026-10-08T20:32:43.1858188Z src/solver/Solver.cc:6234:82: warning: comparison of integer expressions of different signedness: ‘int’ and ‘uint64_t’ {aka ‘long unsigned int’} [-Wsign-compare]
2026-10-08T20:32:43.1860427Z  6234 |   if (activeSoftLits.size() < 2 || UB - 1 - nbFalse < 1 || activeSoftLits.size() <= UB - 1 - nbFalse
2026-10-08T20:32:43.1861647Z       |                                                            ~~~~~~~~~~~~~~~~~~~~~~^~~~~~~~~~~~~~~~~~~
2026-10-08T20:32:43.1863610Z src/solver/Solver.cc:6253:46: warning: format ‘%llu’ expects argument of type ‘long long unsigned int’, but argument 4 has type ‘uint64_t’ {aka ‘long unsigned int’} [-Wformat=]
2026-10-08T20:32:43.1865431Z  6253 |   printf("\nc Cardinality: %d (%s) for UB %llu\n", cardinalityC.size(), enc, UB);
2026-10-08T20:32:43.1866923Z       |                                           ~~~^                               ~~
2026-10-08T20:32:43.1867834Z       |                                              |                               |
2026-10-08T20:32:43.1868907Z       |                                              long long unsigned int          uint64_t {aka long unsigned int}
2026-10-08T20:32:43.1869938Z       |                                           %lu
2026-10-08T20:32:43.1902713Z src/solver/Solver.cc: In member function ‘Minisat::lbool Minisat::Solver::solve_()’:
2026-10-08T20:32:43.1904898Z src/solver/Solver.cc:6602:79: warning: format ‘%llu’ expects argument of type ‘long long unsigned int’, but argument 5 has type ‘uint64_t’ {aka ‘long unsigned int’} [-Wformat=]
2026-10-08T20:32:43.1907039Z  6602 |     printf("c fixedCost %d, nbSatLits %d, totalFixedVars %d, objForSearch: %llu\n\n",
2026-10-08T20:32:43.1908116Z       |                                                                            ~~~^
2026-10-08T20:32:43.1908967Z       |                                                                               |
2026-10-08T20:32:43.1909848Z       |                                                                               long long unsigned int
2026-10-08T20:32:43.1910693Z       |                                                                            %lu
2026-10-08T20:32:43.1911553Z  6603 |                 fixedCost, nbSatLits, trail.size(), objForSearch);
2026-10-08T20:32:43.1912385Z       |                                                     ~~~~~~~~~~~~               
2026-10-08T20:32:43.1913161Z       |                                                     |
2026-10-08T20:32:43.1914025Z       |                                                     uint64_t {aka long unsigned int}
2026-10-08T20:32:43.1916293Z src/solver/Solver.cc:6631:35: warning: format ‘%llu’ expects argument of type ‘long long unsigned int’, but argument 2 has type ‘uint64_t’ {aka ‘long unsigned int’} [-Wformat=]
2026-10-08T20:32:43.1917968Z  6631 |         printf("c provided UB: %llu\n", providedUB);
2026-10-08T20:32:43.1918825Z       |                                ~~~^     ~~~~~~~~~~
2026-10-08T20:32:43.1919585Z       |                                   |     |
2026-10-08T20:32:43.1920374Z       |                                   |     uint64_t {aka long unsigned int}
2026-10-08T20:32:43.1921226Z       |                                   long long unsigned int
2026-10-08T20:32:43.1921889Z       |                                %lu
2026-10-08T20:32:43.1923549Z src/solver/Solver.cc:6634:54: warning: format ‘%llu’ expects argument of type ‘long long unsigned int’, but argument 2 has type ‘uint64_t’ {aka ‘long unsigned int’} [-Wformat=]
2026-10-08T20:32:43.1925884Z  6634 |         printf("c provided UB is invalide: initUB %llu, solCost %llu, costbySearch %llu, derivedCost %llu, relaxedCost: %llu\n", initUB, solutionCost, fixedCostBySearch, derivedCost, relaxedCost);
2026-10-08T20:32:43.1927987Z       |                                                   ~~~^                                                                           ~~~~~~
2026-10-08T20:32:43.1929107Z       |                                                      |                                                                           |
2026-10-08T20:32:43.1930383Z       |                                                      long long unsigned int                                                      uint64_t {aka long unsigned int}
2026-10-08T20:32:43.1931872Z       |                                                   %lu
2026-10-08T20:32:43.1933684Z src/solver/Solver.cc:6634:68: warning: format ‘%llu’ expects argument of type ‘long long unsigned int’, but argument 3 has type ‘uint64_t’ {aka ‘long unsigned int’} [-Wformat=]
2026-10-08T20:32:43.1936256Z  6634 |         printf("c provided UB is invalide: initUB %llu, solCost %llu, costbySearch %llu, derivedCost %llu, relaxedCost: %llu\n", initUB, solutionCost, fixedCostBySearch, derivedCost, relaxedCost);
2026-10-08T20:32:43.1938130Z       |                                                                 ~~~^                                                                     ~~~~~~~~~~~~
2026-10-08T20:32:43.1939222Z       |                                                                    |                                                                     |
2026-10-08T20:32:43.1940682Z       |                                                                    long long unsigned int                                                uint64_t {aka long unsigned int}
2026-10-08T20:32:43.1941785Z       |                                                                 %lu
2026-10-08T20:32:43.1943492Z src/solver/Solver.cc:6634:87: warning: format ‘%llu’ expects argument of type ‘long long unsigned int’, but argument 4 has type ‘uint64_t’ {aka ‘long unsigned int’} [-Wformat=]
2026-10-08T20:32:43.1945853Z  6634 |         printf("c provided UB is invalide: initUB %llu, solCost %llu, costbySearch %llu, derivedCost %llu, relaxedCost: %llu\n", initUB, solutionCost, fixedCostBySearch, derivedCost, relaxedCost);
2026-10-08T20:32:43.1948056Z       |                                                                                    ~~~^                                                                ~~~~~~~~~~~~~~~~~
2026-10-08T20:32:43.1949343Z       |                                                                                       |                                                                |
2026-10-08T20:32:43.1950715Z       |                                                                                       long long unsigned int                                           uint64_t {aka long unsigned int}
2026-10-08T20:32:43.1951868Z       |                                                                                    %lu
2026-10-08T20:32:43.1953688Z src/solver/Solver.cc:6634:105: warning: format ‘%llu’ expects argument of type ‘long long unsigned int’, but argument 5 has type ‘uint64_t’ {aka ‘long unsigned int’} [-Wformat=]
2026-10-08T20:32:43.1956396Z  6634 |         printf("c provided UB is invalide: initUB %llu, solCost %llu, costbySearch %llu, derivedCost %llu, relaxedCost: %llu\n", initUB, solutionCost, fixedCostBySearch, derivedCost, relaxedCost);
2026-10-08T20:32:43.1958363Z       |                                                                                                      ~~~^                                                                 ~~~~~~~~~~~
2026-10-08T20:32:43.1959695Z       |                                                                                                         |                                                                 |
2026-10-08T20:32:43.1961073Z       |                                                                                                         long long unsigned int                                            uint64_t {aka long unsigned int}
2026-10-08T20:32:43.1962412Z       |                                                                                                      %lu
2026-10-08T20:32:43.1964306Z src/solver/Solver.cc:6634:124: warning: format ‘%llu’ expects argument of type ‘long long unsigned int’, but argument 6 has type ‘uint64_t’ {aka ‘long unsigned int’} [-Wformat=]
2026-10-08T20:32:43.1966955Z  6634 |         printf("c provided UB is invalide: initUB %llu, solCost %llu, costbySearch %llu, derivedCost %llu, relaxedCost: %llu\n", initUB, solutionCost, fixedCostBySearch, derivedCost, relaxedCost);
2026-10-08T20:32:43.1969209Z       |                                                                                                                         ~~~^                                                           ~~~~~~~~~~~
2026-10-08T20:32:43.1970465Z       |                                                                                                                            |                                                           |
2026-10-08T20:32:43.1971870Z       |                                                                                                                            long long unsigned int                                      uint64_t {aka long unsigned int}
2026-10-08T20:32:43.1973238Z       |                                                                                                                         %lu
2026-10-08T20:32:43.1975191Z src/solver/Solver.cc:6656:58: warning: format ‘%llu’ expects argument of type ‘long long unsigned int’, but argument 2 has type ‘uint64_t’ {aka ‘long unsigned int’} [-Wformat=]
2026-10-08T20:32:43.1977474Z  6656 |       printf("c ends of initiationization by VSIDS at %llu conflicts with init %d\n\n",
2026-10-08T20:32:43.1978488Z       |                                                       ~~~^
2026-10-08T20:32:43.1979216Z       |                                                          |
2026-10-08T20:32:43.1979978Z       |                                                          long long unsigned int
2026-10-08T20:32:43.1980749Z       |                                                       %lu
2026-10-08T20:32:43.1981429Z  6657 |              conflicts, init);
2026-10-08T20:32:43.1982072Z       |              ~~~~~~~~~                                    
2026-10-08T20:32:43.1982723Z       |              |
2026-10-08T20:32:43.1983292Z       |              uint64_t {aka long unsigned int}
2026-10-08T20:32:43.1984990Z src/solver/Solver.cc:6686:50: warning: format ‘%llu’ expects argument of type ‘long long unsigned int’, but argument 3 has type ‘uint64_t’ {aka ‘long unsigned int’} [-Wformat=]
2026-10-08T20:32:43.1986914Z  6686 |           printf("c VSIDS phase %d: conflicts %llu, phase %llu, starts %llu, UP %llu\n",
2026-10-08T20:32:43.1987884Z       |                                               ~~~^
2026-10-08T20:32:43.1988637Z       |                                                  |
2026-10-08T20:32:43.1989413Z       |                                                  long long unsigned int
2026-10-08T20:32:43.1990255Z       |                                               %lu
2026-10-08T20:32:43.1991144Z  6687 |                  nbVSIDSphase, conflicts-savedConfl, phase_allotment,
2026-10-08T20:32:43.1992029Z       |                                ~~~~~~~~~~~~~~~~~~~~
2026-10-08T20:32:43.1992765Z       |                                         |
2026-10-08T20:32:43.1993547Z       |                                         uint64_t {aka long unsigned int}
2026-10-08T20:32:43.1995510Z src/solver/Solver.cc:6686:62: warning: format ‘%llu’ expects argument of type ‘long long unsigned int’, but argument 4 has type ‘uint64_t’ {aka ‘long unsigned int’} [-Wformat=]
2026-10-08T20:32:43.1997629Z  6686 |           printf("c VSIDS phase %d: conflicts %llu, phase %llu, starts %llu, UP %llu\n",
2026-10-08T20:32:43.1998683Z       |                                                           ~~~^
2026-10-08T20:32:43.1999512Z       |                                                              |
2026-10-08T20:32:43.2000377Z       |                                                              long long unsigned int
2026-10-08T20:32:43.2001293Z       |                                                           %lu
2026-10-08T20:32:43.2002252Z  6687 |                  nbVSIDSphase, conflicts-savedConfl, phase_allotment,
2026-10-08T20:32:43.2003222Z       |                                                      ~~~~~~~~~~~~~~~
2026-10-08T20:32:43.2004044Z       |                                                      |
2026-10-08T20:32:43.2005237Z       |                                                      uint64_t {aka long unsigned int}
2026-10-08T20:32:43.2007594Z src/solver/Solver.cc:6686:75: warning: format ‘%llu’ expects argument of type ‘long long unsigned int’, but argument 5 has type ‘uint64_t’ {aka ‘long unsigned int’} [-Wformat=]
2026-10-08T20:32:43.2009447Z  6686 |           printf("c VSIDS phase %d: conflicts %llu, phase %llu, starts %llu, UP %llu\n",
2026-10-08T20:32:43.2010428Z       |                                                                        ~~~^
2026-10-08T20:32:43.2011224Z       |                                                                           |
2026-10-08T20:32:43.2012177Z       |                                                                           long long unsigned int
2026-10-08T20:32:43.2013131Z       |                                                                        %lu
2026-10-08T20:32:43.2014090Z  6687 |                  nbVSIDSphase, conflicts-savedConfl, phase_allotment,
2026-10-08T20:32:43.2015117Z  6688 |                  starts-savedRestarts, propagations-savedUP);
2026-10-08T20:32:43.2016556Z       |                  ~~~~~~~~~~~~~~~~~~~~                                      
2026-10-08T20:32:43.2017441Z       |                        |
2026-10-08T20:32:43.2018164Z       |                        uint64_t {aka long unsigned int}
2026-10-08T20:32:43.2020071Z src/solver/Solver.cc:6686:84: warning: format ‘%llu’ expects argument of type ‘long long unsigned int’, but argument 6 has type ‘uint64_t’ {aka ‘long unsigned int’} [-Wformat=]
2026-10-08T20:32:43.2021933Z  6686 |           printf("c VSIDS phase %d: conflicts %llu, phase %llu, starts %llu, UP %llu\n",
2026-10-08T20:32:43.2023045Z       |                                                                                 ~~~^
2026-10-08T20:32:43.2023944Z       |                                                                                    |
2026-10-08T20:32:43.2024942Z       |                                                                                    long long unsigned int
2026-10-08T20:32:43.2025849Z       |                                                                                 %lu
2026-10-08T20:32:43.2027014Z  6687 |                  nbVSIDSphase, conflicts-savedConfl, phase_allotment,
2026-10-08T20:32:43.2027992Z  6688 |                  starts-savedRestarts, propagations-savedUP);
2026-10-08T20:32:43.2028968Z       |                                        ~~~~~~~~~~~~~~~~~~~~                         
2026-10-08T20:32:43.2029825Z       |                                                    |
2026-10-08T20:32:43.2030667Z       |                                                    uint64_t {aka long unsigned int}
2026-10-08T20:32:43.2032698Z src/solver/Solver.cc:6692:48: warning: format ‘%llu’ expects argument of type ‘long long unsigned int’, but argument 3 has type ‘uint64_t’ {aka ‘long unsigned int’} [-Wformat=]
2026-10-08T20:32:43.2034672Z  6692 |           printf("c LRB phase %d: conflicts %llu, phase %llu, starts %llu, UP %llu\n",
2026-10-08T20:32:43.2035827Z       |                                             ~~~^
2026-10-08T20:32:43.2036789Z       |                                                |
2026-10-08T20:32:43.2037525Z       |                                                long long unsigned int
2026-10-08T20:32:43.2038367Z       |                                             %lu
2026-10-08T20:32:43.2039257Z  6693 |                  nbLRBphase, conflicts-savedConfl, phase_allotment,
2026-10-08T20:32:43.2040154Z       |                              ~~~~~~~~~~~~~~~~~~~~
2026-10-08T20:32:43.2040894Z       |                                       |
2026-10-08T20:32:43.2041696Z       |                                       uint64_t {aka long unsigned int}
2026-10-08T20:32:43.2043579Z src/solver/Solver.cc:6692:60: warning: format ‘%llu’ expects argument of type ‘long long unsigned int’, but argument 4 has type ‘uint64_t’ {aka ‘long unsigned int’} [-Wformat=]
2026-10-08T20:32:43.2045707Z  6692 |           printf("c LRB phase %d: conflicts %llu, phase %llu, starts %llu, UP %llu\n",
2026-10-08T20:32:43.2047029Z       |                                                         ~~~^
2026-10-08T20:32:43.2047849Z       |                                                            |
2026-10-08T20:32:43.2048675Z       |                                                            long long unsigned int
2026-10-08T20:32:43.2049539Z       |                                                         %lu
2026-10-08T20:32:43.2050436Z  6693 |                  nbLRBphase, conflicts-savedConfl, phase_allotment,
2026-10-08T20:32:43.2051337Z       |                                                    ~~~~~~~~~~~~~~~
2026-10-08T20:32:43.2052132Z       |                                                    |
2026-10-08T20:32:43.2052958Z       |                                                    uint64_t {aka long unsigned int}
2026-10-08T20:32:43.2054873Z src/solver/Solver.cc:6692:73: warning: format ‘%llu’ expects argument of type ‘long long unsigned int’, but argument 5 has type ‘uint64_t’ {aka ‘long unsigned int’} [-Wformat=]
2026-10-08T20:32:43.2057154Z  6692 |           printf("c LRB phase %d: conflicts %llu, phase %llu, starts %llu, UP %llu\n",
2026-10-08T20:32:43.2058161Z       |                                                                      ~~~^
2026-10-08T20:32:43.2058998Z       |                                                                         |
2026-10-08T20:32:43.2059808Z       |                                                                         long long unsigned int
2026-10-08T20:32:43.2060632Z       |                                                                      %lu
2026-10-08T20:32:43.2061478Z  6693 |                  nbLRBphase, conflicts-savedConfl, phase_allotment,
2026-10-08T20:32:43.2062493Z  6694 |                  starts-savedRestarts, propagations-savedUP);
2026-10-08T20:32:43.2063336Z       |                  ~~~~~~~~~~~~~~~~~~~~                                    
2026-10-08T20:32:43.2064031Z       |                        |
2026-10-08T20:32:43.2064705Z       |                        uint64_t {aka long unsigned int}
2026-10-08T20:32:43.2066791Z src/solver/Solver.cc:6692:82: warning: format ‘%llu’ expects argument of type ‘long long unsigned int’, but argument 6 has type ‘uint64_t’ {aka ‘long unsigned int’} [-Wformat=]
2026-10-08T20:32:43.2068603Z  6692 |           printf("c LRB phase %d: conflicts %llu, phase %llu, starts %llu, UP %llu\n",
2026-10-08T20:32:43.2069630Z       |                                                                               ~~~^
2026-10-08T20:32:43.2070498Z       |                                                                                  |
2026-10-08T20:32:43.2071456Z       |                                                                                  long long unsigned int
2026-10-08T20:32:43.2072395Z       |                                                                               %lu
2026-10-08T20:32:43.2073330Z  6693 |                  nbLRBphase, conflicts-savedConfl, phase_allotment,
2026-10-08T20:32:43.2074338Z  6694 |                  starts-savedRestarts, propagations-savedUP);
2026-10-08T20:32:43.2075279Z       |                                        ~~~~~~~~~~~~~~~~~~~~                       
2026-10-08T20:32:43.2076361Z       |                                                    |
2026-10-08T20:32:43.2077206Z       |                                                    uint64_t {aka long unsigned int}
2026-10-08T20:32:43.2079422Z src/solver/Solver.cc:6739:25: warning: format ‘%llu’ expects argument of type ‘long long unsigned int’, but argument 2 has type ‘uint64_t’ {aka ‘long unsigned int’} [-Wformat=]
2026-10-08T20:32:43.2081393Z  6739 |         printf("c UB=%llu fails, cnfls=%llu, hcnfls=%llu, core %d, tier2 %d, local %d, quasiC: %llu (fixed: %llu)\n",
2026-10-08T20:32:43.2082543Z       |                      ~~~^
2026-10-08T20:32:43.2083219Z       |                         |
2026-10-08T20:32:43.2084216Z       |                         long long unsigned int
2026-10-08T20:32:43.2084947Z       |                      %lu
2026-10-08T20:32:43.2086587Z  6740 |                UB, conflicts, conflicts-softConflicts, learnts_core.size(), learnts_tier2.size(), learnts_local.size(), quasiSoftConflicts, fixedByQuasiConfl);
2026-10-08T20:32:43.2088050Z       |                ~~        
2026-10-08T20:32:43.2088676Z       |                |
2026-10-08T20:32:43.2089343Z       |                uint64_t {aka long unsigned int}
2026-10-08T20:32:43.2091162Z src/solver/Solver.cc:6739:43: warning: format ‘%llu’ expects argument of type ‘long long unsigned int’, but argument 3 has type ‘uint64_t’ {aka ‘long unsigned int’} [-Wformat=]
2026-10-08T20:32:43.2093102Z  6739 |         printf("c UB=%llu fails, cnfls=%llu, hcnfls=%llu, core %d, tier2 %d, local %d, quasiC: %llu (fixed: %llu)\n",
2026-10-08T20:32:43.2094234Z       |                                        ~~~^
2026-10-08T20:32:43.2094971Z       |                                           |
2026-10-08T20:32:43.2095761Z       |                                           long long unsigned int
2026-10-08T20:32:43.2097112Z       |                                        %lu
2026-10-08T20:32:43.2098585Z  6740 |                UB, conflicts, conflicts-softConflicts, learnts_core.size(), learnts_tier2.size(), learnts_local.size(), quasiSoftConflicts, fixedByQuasiConfl);
2026-10-08T20:32:43.2100021Z       |                    ~~~~~~~~~               
2026-10-08T20:32:43.2100721Z       |                    |
2026-10-08T20:32:43.2101371Z       |                    uint64_t {aka long unsigned int}
2026-10-08T20:32:43.2103157Z src/solver/Solver.cc:6739:56: warning: format ‘%llu’ expects argument of type ‘long long unsigned int’, but argument 4 has type ‘uint64_t’ {aka ‘long unsigned int’} [-Wformat=]
2026-10-08T20:32:43.2105125Z  6739 |         printf("c UB=%llu fails, cnfls=%llu, hcnfls=%llu, core %d, tier2 %d, local %d, quasiC: %llu (fixed: %llu)\n",
2026-10-08T20:32:43.2106595Z       |                                                     ~~~^
2026-10-08T20:32:43.2107391Z       |                                                        |
2026-10-08T20:32:43.2108225Z       |                                                        long long unsigned int
2026-10-08T20:32:43.2109048Z       |                                                     %lu
2026-10-08T20:32:43.2110526Z  6740 |                UB, conflicts, conflicts-softConflicts, learnts_core.size(), learnts_tier2.size(), learnts_local.size(), quasiSoftConflicts, fixedByQuasiConfl);
2026-10-08T20:32:43.2112043Z       |                               ~~~~~~~~~~~~~~~~~~~~~~~   
2026-10-08T20:32:43.2112900Z       |                                        |
2026-10-08T20:32:43.2113722Z       |                                        uint64_t {aka long unsigned int}
2026-10-08T20:32:43.2115629Z src/solver/Solver.cc:6739:99: warning: format ‘%llu’ expects argument of type ‘long long unsigned int’, but argument 8 has type ‘uint64_t’ {aka ‘long unsigned int’} [-Wformat=]
2026-10-08T20:32:43.2117897Z  6739 |         printf("c UB=%llu fails, cnfls=%llu, hcnfls=%llu, core %d, tier2 %d, local %d, quasiC: %llu (fixed: %llu)\n",
2026-10-08T20:32:43.2119178Z       |                                                                                                ~~~^
2026-10-08T20:32:43.2120128Z       |                                                                                                   |
2026-10-08T20:32:43.2121153Z       |                                                                                                   long long unsigned int
2026-10-08T20:32:43.2122149Z       |                                                                                                %lu
2026-10-08T20:32:43.2123667Z  6740 |                UB, conflicts, conflicts-softConflicts, learnts_core.size(), learnts_tier2.size(), learnts_local.size(), quasiSoftConflicts, fixedByQuasiConfl);
2026-10-08T20:32:43.2125320Z       |                                                                                                                         ~~~~~~~~~~~~~~~~~~
2026-10-08T20:32:43.2127020Z       |                                                                                                                         |
2026-10-08T20:32:43.2128176Z       |                                                                                                                         uint64_t {aka long unsigned int}
2026-10-08T20:32:43.2130301Z src/solver/Solver.cc:6739:112: warning: format ‘%llu’ expects argument of type ‘long long unsigned int’, but argument 9 has type ‘uint64_t’ {aka ‘long unsigned int’} [-Wformat=]
2026-10-08T20:32:43.2132263Z  6739 |         printf("c UB=%llu fails, cnfls=%llu, hcnfls=%llu, core %d, tier2 %d, local %d, quasiC: %llu (fixed: %llu)\n",
2026-10-08T20:32:43.2133617Z       |                                                                                                             ~~~^
2026-10-08T20:32:43.2134648Z       |                                                                                                                |
2026-10-08T20:32:43.2136291Z       |                                                                                                                long long unsigned int
2026-10-08T20:32:43.2137475Z       |                                                                                                             %lu
2026-10-08T20:32:43.2139092Z  6740 |                UB, conflicts, conflicts-softConflicts, learnts_core.size(), learnts_tier2.size(), learnts_local.size(), quasiSoftConflicts, fixedByQuasiConfl);
2026-10-08T20:32:43.2140829Z       |                                                                                                                                             ~~~~~~~~~~~~~~~~~
2026-10-08T20:32:43.2142028Z       |                                                                                                                                             |
2026-10-08T20:32:43.2143280Z       |                                                                                                                                             uint64_t {aka long unsigned int}
2026-10-08T20:32:43.2145426Z src/solver/Solver.cc:6741:72: warning: format ‘%llu’ expects argument of type ‘long long unsigned int’, but argument 5 has type ‘uint64_t’ {aka ‘long unsigned int’} [-Wformat=]
2026-10-08T20:32:43.2147920Z  6741 |         printf("c prunedLB %4.2f, dev %4.2f, succRate %4.2f, nbSucc %llu, nbHardens %d (fixed %llu), lk: %llu, shorten: %llu, pureSo %d, nbFlyRd %d, nbFixedLH %llu\n",
2026-10-08T20:32:43.2149398Z       |                                                                     ~~~^
2026-10-08T20:32:43.2150256Z       |                                                                        |
2026-10-08T20:32:43.2151137Z       |                                                                        long long unsigned int
2026-10-08T20:32:43.2152020Z       |                                                                     %lu
2026-10-08T20:32:43.2152793Z  6742 |                meanLB, dev, succRate,
2026-10-08T20:32:43.2154264Z  6743 |                nbLKsuccess-savednbLKsuccess, nbHardens, fixedByHardens, LOOKAHEAD-savedLOOKAHEAD, nbSavedLits, pureSoftConfl, nbFlyReduced, nbFixedByLH);
2026-10-08T20:32:43.2155843Z       |                ~~~~~~~~~~~~~~~~~~~~~~~~~~~~                             
2026-10-08T20:32:43.2156886Z       |                           |
2026-10-08T20:32:43.2157611Z       |                           uint64_t {aka long unsigned int}
2026-10-08T20:32:43.2159607Z src/solver/Solver.cc:6741:98: warning: format ‘%llu’ expects argument of type ‘long long unsigned int’, but argument 7 has type ‘uint64_t’ {aka ‘long unsigned int’} [-Wformat=]
2026-10-08T20:32:43.2161810Z  6741 |         printf("c prunedLB %4.2f, dev %4.2f, succRate %4.2f, nbSucc %llu, nbHardens %d (fixed %llu), lk: %llu, shorten: %llu, pureSo %d, nbFlyRd %d, nbFixedLH %llu\n",
2026-10-08T20:32:43.2163338Z       |                                                                                               ~~~^
2026-10-08T20:32:43.2164627Z       |                                                                                                  |
2026-10-08T20:32:43.2165639Z       |                                                                                                  long long unsigned int
2026-10-08T20:32:43.2166866Z       |                                                                                               %lu
2026-10-08T20:32:43.2167742Z  6742 |                meanLB, dev, succRate,
2026-10-08T20:32:43.2169250Z  6743 |                nbLKsuccess-savednbLKsuccess, nbHardens, fixedByHardens, LOOKAHEAD-savedLOOKAHEAD, nbSavedLits, pureSoftConfl, nbFlyReduced, nbFixedByLH);
2026-10-08T20:32:43.2170877Z       |                                                         ~~~~~~~~~~~~~~                            
2026-10-08T20:32:43.2171767Z       |                                                         |
2026-10-08T20:32:43.2172626Z       |                                                         uint64_t {aka long unsigned int}
2026-10-08T20:32:43.2174774Z src/solver/Solver.cc:6741:109: warning: format ‘%llu’ expects argument of type ‘long long unsigned int’, but argument 8 has type ‘uint64_t’ {aka ‘long unsigned int’} [-Wformat=]
2026-10-08T20:32:43.2177267Z  6741 |         printf("c prunedLB %4.2f, dev %4.2f, succRate %4.2f, nbSucc %llu, nbHardens %d (fixed %llu), lk: %llu, shorten: %llu, pureSo %d, nbFlyRd %d, nbFixedLH %llu\n",
2026-10-08T20:32:43.2178823Z       |                                                                                                          ~~~^
2026-10-08T20:32:43.2179806Z       |                                                                                                             |
2026-10-08T20:32:43.2180851Z       |                                                                                                             long long unsigned int
2026-10-08T20:32:43.2181867Z       |                                                                                                          %lu
2026-10-08T20:32:43.2182776Z  6742 |                meanLB, dev, succRate,
2026-10-08T20:32:43.2184262Z  6743 |                nbLKsuccess-savednbLKsuccess, nbHardens, fixedByHardens, LOOKAHEAD-savedLOOKAHEAD, nbSavedLits, pureSoftConfl, nbFlyReduced, nbFixedByLH);
2026-10-08T20:32:43.2185880Z       |                                                                         ~~~~~~~~~~~~~~~~~~~~~~~~             
2026-10-08T20:32:43.2187085Z       |                                                                                  |
2026-10-08T20:32:43.2188037Z       |                                                                                  uint64_t {aka long unsigned int}
2026-10-08T20:32:43.2190007Z src/solver/Solver.cc:6741:124: warning: format ‘%llu’ expects argument of type ‘long long unsigned int’, but argument 9 has type ‘uint64_t’ {aka ‘long unsigned int’} [-Wformat=]
2026-10-08T20:32:43.2192210Z  6741 |         printf("c prunedLB %4.2f, dev %4.2f, succRate %4.2f, nbSucc %llu, nbHardens %d (fixed %llu), lk: %llu, shorten: %llu, pureSo %d, nbFlyRd %d, nbFixedLH %llu\n",
2026-10-08T20:32:43.2193819Z       |                                                                                                                         ~~~^
2026-10-08T20:32:43.2194864Z       |                                                                                                                            |
2026-10-08T20:32:43.2196253Z       |                                                                                                                            long long unsigned int
2026-10-08T20:32:43.2197409Z       |                                                                                                                         %lu
2026-10-08T20:32:43.2198364Z  6742 |                meanLB, dev, succRate,
2026-10-08T20:32:43.2199791Z  6743 |                nbLKsuccess-savednbLKsuccess, nbHardens, fixedByHardens, LOOKAHEAD-savedLOOKAHEAD, nbSavedLits, pureSoftConfl, nbFlyReduced, nbFixedByLH);
2026-10-08T20:32:43.2201756Z       |                                                                                                   ~~~~~~~~~~~               
2026-10-08T20:32:43.2202758Z       |                                                                                                   |
2026-10-08T20:32:43.2203928Z       |                                                                                                   uint64_t {aka long unsigned int}
2026-10-08T20:32:43.2205966Z src/solver/Solver.cc:6741:163: warning: format ‘%llu’ expects argument of type ‘long long unsigned int’, but argument 12 has type ‘uint64_t’ {aka ‘long unsigned int’} [-Wformat=]
2026-10-08T20:32:43.2208451Z  6741 |         printf("c prunedLB %4.2f, dev %4.2f, succRate %4.2f, nbSucc %llu, nbHardens %d (fixed %llu), lk: %llu, shorten: %llu, pureSo %d, nbFlyRd %d, nbFixedLH %llu\n",
2026-10-08T20:32:43.2210117Z       |                                                                                                                                                                ~~~^
2026-10-08T20:32:43.2211647Z       |                                                                                                                                                                   |
2026-10-08T20:32:43.2213003Z       |                                                                                                                                                                   long long unsigned int
2026-10-08T20:32:43.2214322Z       |                                                                                                                                                                %lu
2026-10-08T20:32:43.2215403Z  6742 |                meanLB, dev, succRate,
2026-10-08T20:32:43.2217109Z  6743 |                nbLKsuccess-savednbLKsuccess, nbHardens, fixedByHardens, LOOKAHEAD-savedLOOKAHEAD, nbSavedLits, pureSoftConfl, nbFlyReduced, nbFixedByLH);
2026-10-08T20:32:43.2218914Z       |                                                                                                                                             ~~~~~~~~~~~            
2026-10-08T20:32:43.2220113Z       |                                                                                                                                             |
2026-10-08T20:32:43.2221344Z       |                                                                                                                                             uint64_t {aka long unsigned int}
2026-10-08T20:32:43.2223495Z src/solver/Solver.cc:6769:25: warning: format ‘%llu’ expects argument of type ‘long long unsigned int’, but argument 2 has type ‘uint64_t’ {aka ‘long unsigned int’} [-Wformat=]
2026-10-08T20:32:43.2226248Z  6769 |         printf("c UB=%llu succ, confls=%llu and hconfls=%llu with %d soft clauses unsat (%d at level 0) and %d fixed vars at level 0,  prunedLB %4.2f, dev %4.2f, succRate %4.2f, nbSucc %llu, shortened : %llu\n",
2026-10-08T20:32:43.2227937Z       |                      ~~~^
2026-10-08T20:32:43.2228568Z       |                         |
2026-10-08T20:32:43.2229272Z       |                         long long unsigned int
2026-10-08T20:32:43.2229998Z       |                      %lu
2026-10-08T20:32:43.2230952Z  6770 |                UB, conflicts, conflicts-softConflicts, falseLits.size(), nbFalses, nbFixeds,
2026-10-08T20:32:43.2231983Z       |                ~~        
2026-10-08T20:32:43.2232706Z       |                |
2026-10-08T20:32:43.2233370Z       |                uint64_t {aka long unsigned int}
2026-10-08T20:32:43.2235220Z src/solver/Solver.cc:6769:43: warning: format ‘%llu’ expects argument of type ‘long long unsigned int’, but argument 3 has type ‘uint64_t’ {aka ‘long unsigned int’} [-Wformat=]
2026-10-08T20:32:43.2237968Z  6769 |         printf("c UB=%llu succ, confls=%llu and hconfls=%llu with %d soft clauses unsat (%d at level 0) and %d fixed vars at level 0,  prunedLB %4.2f, dev %4.2f, succRate %4.2f, nbSucc %llu, shortened : %llu\n",
2026-10-08T20:32:43.2239879Z       |                                        ~~~^
2026-10-08T20:32:43.2240624Z       |                                           |
2026-10-08T20:32:43.2241395Z       |                                           long long unsigned int
2026-10-08T20:32:43.2242157Z       |                                        %lu
2026-10-08T20:32:43.2243144Z  6770 |                UB, conflicts, conflicts-softConflicts, falseLits.size(), nbFalses, nbFixeds,
2026-10-08T20:32:43.2244198Z       |                    ~~~~~~~~~               
2026-10-08T20:32:43.2244890Z       |                    |
2026-10-08T20:32:43.2245540Z       |                    uint64_t {aka long unsigned int}
2026-10-08T20:32:43.2247661Z src/solver/Solver.cc:6769:60: warning: format ‘%llu’ expects argument of type ‘long long unsigned int’, but argument 4 has type ‘uint64_t’ {aka ‘long unsigned int’} [-Wformat=]
2026-10-08T20:32:43.2250459Z  6769 |         printf("c UB=%llu succ, confls=%llu and hconfls=%llu with %d soft clauses unsat (%d at level 0) and %d fixed vars at level 0,  prunedLB %4.2f, dev %4.2f, succRate %4.2f, nbSucc %llu, shortened : %llu\n",
2026-10-08T20:32:43.2252190Z       |                                                         ~~~^
2026-10-08T20:32:43.2253116Z       |                                                            |
2026-10-08T20:32:43.2253955Z       |                                                            long long unsigned int
2026-10-08T20:32:43.2254813Z       |                                                         %lu
2026-10-08T20:32:43.2255873Z  6770 |                UB, conflicts, conflicts-softConflicts, falseLits.size(), nbFalses, nbFixeds,
2026-10-08T20:32:43.2257234Z       |                               ~~~~~~~~~~~~~~~~~~~~~~~       
2026-10-08T20:32:43.2257996Z       |                                        |
2026-10-08T20:32:43.2258780Z       |                                        uint64_t {aka long unsigned int}
2026-10-08T20:32:43.2260727Z src/solver/Solver.cc:6769:189: warning: format ‘%llu’ expects argument of type ‘long long unsigned int’, but argument 11 has type ‘uint64_t’ {aka ‘long unsigned int’} [-Wformat=]
2026-10-08T20:32:43.2263231Z  6769 |         printf("c UB=%llu succ, confls=%llu and hconfls=%llu with %d soft clauses unsat (%d at level 0) and %d fixed vars at level 0,  prunedLB %4.2f, dev %4.2f, succRate %4.2f, nbSucc %llu, shortened : %llu\n",
2026-10-08T20:32:43.2265206Z       |                                                                                                                                                                                          ~~~^
2026-10-08T20:32:43.2266839Z       |                                                                                                                                                                                             |
2026-10-08T20:32:43.2268298Z       |                                                                                                                                                                                             long long unsigned int
2026-10-08T20:32:43.2269778Z       |                                                                                                                                                                                          %lu
2026-10-08T20:32:43.2271146Z  6770 |                UB, conflicts, conflicts-softConflicts, falseLits.size(), nbFalses, nbFixeds,
2026-10-08T20:32:43.2272319Z  6771 |                meanLB, dev, succRate, nbLKsuccess, nbSavedLits);
2026-10-08T20:32:43.2273501Z       |                                       ~~~~~~~~~~~                                                                                                                                            
2026-10-08T20:32:43.2274600Z       |                                       |
2026-10-08T20:32:43.2275389Z       |                                       uint64_t {aka long unsigned int}
2026-10-08T20:32:43.2277855Z src/solver/Solver.cc:6769:207: warning: format ‘%llu’ expects argument of type ‘long long unsigned int’, but argument 12 has type ‘uint64_t’ {aka ‘long unsigned int’} [-Wformat=]
2026-10-08T20:32:43.2280311Z  6769 |         printf("c UB=%llu succ, confls=%llu and hconfls=%llu with %d soft clauses unsat (%d at level 0) and %d fixed vars at level 0,  prunedLB %4.2f, dev %4.2f, succRate %4.2f, nbSucc %llu, shortened : %llu\n",
2026-10-08T20:32:43.2282320Z       |                                                                                                                                                                                                            ~~~^
2026-10-08T20:32:43.2283783Z       |                                                                                                                                                                                                               |
2026-10-08T20:32:43.2285317Z       |                                                                                                                                                                                                               long long unsigned int
2026-10-08T20:32:43.2287281Z       |                                                                                                                                                                                                            %lu
2026-10-08T20:32:43.2288721Z  6770 |                UB, conflicts, conflicts-softConflicts, falseLits.size(), nbFalses, nbFixeds,
2026-10-08T20:32:43.2289855Z  6771 |                meanLB, dev, succRate, nbLKsuccess, nbSavedLits);
2026-10-08T20:32:43.2291035Z       |                                                    ~~~~~~~~~~~                                                                                                                                                 
2026-10-08T20:32:43.2292145Z       |                                                    |
2026-10-08T20:32:43.2292962Z       |                                                    uint64_t {aka long unsigned int}
2026-10-08T20:32:43.2294942Z src/solver/Solver.cc:6798:17: warning: comparison of integer expressions of different signedness: ‘uint64_t’ {aka ‘long unsigned int’} and ‘int’ [-Wsign-compare]
2026-10-08T20:32:43.2296749Z  6798 |         if (inf > falseLits.size())
2026-10-08T20:32:43.2297446Z       |             ~~~~^~~~~~~~~~~~~~~~~~
2026-10-08T20:32:43.2299179Z src/solver/Solver.cc:6806:34: warning: format ‘%llu’ expects argument of type ‘long long unsigned int’, but argument 2 has type ‘uint64_t’ {aka ‘long unsigned int’} [-Wformat=]
2026-10-08T20:32:43.2300856Z  6806 |       else printf("c error UB %llu, inf %llu, sup %llu\n", UB, inf, sup);
2026-10-08T20:32:43.2301820Z       |                               ~~~^                         ~~
2026-10-08T20:32:43.2302580Z       |                                  |                         |
2026-10-08T20:32:43.2303515Z       |                                  long long unsigned int    uint64_t {aka long unsigned int}
2026-10-08T20:32:43.2304445Z       |                               %lu
2026-10-08T20:32:43.2306472Z src/solver/Solver.cc:6806:44: warning: format ‘%llu’ expects argument of type ‘long long unsigned int’, but argument 3 has type ‘uint64_t’ {aka ‘long unsigned int’} [-Wformat=]
2026-10-08T20:32:43.2315768Z  6806 |       else printf("c error UB %llu, inf %llu, sup %llu\n", UB, inf, sup);
2026-10-08T20:32:43.2317030Z       |                                         ~~~^                   ~~~
2026-10-08T20:32:43.2317867Z       |                                            |                   |
2026-10-08T20:32:43.2318736Z       |                                            |                   uint64_t {aka long unsigned int}
2026-10-08T20:32:43.2319657Z       |                                            long long unsigned int
2026-10-08T20:32:43.2320467Z       |                                         %lu
2026-10-08T20:32:43.2322289Z src/solver/Solver.cc:6806:54: warning: format ‘%llu’ expects argument of type ‘long long unsigned int’, but argument 4 has type ‘uint64_t’ {aka ‘long unsigned int’} [-Wformat=]
2026-10-08T20:32:43.2324536Z  6806 |       else printf("c error UB %llu, inf %llu, sup %llu\n", UB, inf, sup);
2026-10-08T20:32:43.2325494Z       |                                                   ~~~^              ~~~
2026-10-08T20:32:43.2326514Z       |                                                      |              |
2026-10-08T20:32:43.2327455Z       |                                                      |              uint64_t {aka long unsigned int}
2026-10-08T20:32:43.2328422Z       |                                                      long long unsigned int
2026-10-08T20:32:43.2329233Z       |                                                   %lu
2026-10-08T20:32:43.2331081Z src/solver/Solver.cc:6828:57: warning: format ‘%llu’ expects argument of type ‘long long unsigned int’, but argument 2 has type ‘uint64_t’ {aka ‘long unsigned int’} [-Wformat=]
2026-10-08T20:32:43.2333060Z  6828 |       printf("c no feasible solution, hardConflicts: %llu\n", conflicts - softConflicts);
2026-10-08T20:32:43.2334172Z       |                                                      ~~~^     ~~~~~~~~~~~~~~~~~~~~~~~~~
2026-10-08T20:32:43.2335020Z       |                                                         |               |
2026-10-08T20:32:43.2335885Z       |                                                         |               uint64_t {aka long unsigned int}
2026-10-08T20:32:43.2337065Z       |                                                         long long unsigned int
2026-10-08T20:32:43.2337919Z       |                                                      %lu
2026-10-08T20:32:43.2339743Z src/solver/Solver.cc:6831:30: warning: format ‘%llu’ expects argument of type ‘long long unsigned int’, but argument 2 has type ‘uint64_t’ {aka ‘long unsigned int’} [-Wformat=]
2026-10-08T20:32:43.2341665Z  6831 |       printf("c initCost: %llu, fixedBySearch: %llu, optimal: %llu, maxsat: %llu, hardConflicts: %llu\n",
2026-10-08T20:32:43.2342796Z       |                           ~~~^
2026-10-08T20:32:43.2343456Z       |                              |
2026-10-08T20:32:43.2344176Z       |                              long long unsigned int
2026-10-08T20:32:43.2344911Z       |                           %lu
2026-10-08T20:32:43.2345640Z  6832 |              solutionCost, fixedCostBySearch,
2026-10-08T20:32:43.2346641Z       |              ~~~~~~~~~~~~     
2026-10-08T20:32:43.2347299Z       |              |
2026-10-08T20:32:43.2348004Z       |              uint64_t {aka long unsigned int}
2026-10-08T20:32:43.2349827Z src/solver/Solver.cc:6831:51: warning: format ‘%llu’ expects argument of type ‘long long unsigned int’, but argument 3 has type ‘uint64_t’ {aka ‘long unsigned int’} [-Wformat=]
2026-10-08T20:32:43.2351685Z  6831 |       printf("c initCost: %llu, fixedBySearch: %llu, optimal: %llu, maxsat: %llu, hardConflicts: %llu\n",
2026-10-08T20:32:43.2352740Z       |                                                ~~~^
2026-10-08T20:32:43.2353852Z       |                                                   |
2026-10-08T20:32:43.2354693Z       |                                                   long long unsigned int
2026-10-08T20:32:43.2355540Z       |                                                %lu
2026-10-08T20:32:43.2356679Z  6832 |              solutionCost, fixedCostBySearch,
2026-10-08T20:32:43.2357473Z       |                            ~~~~~~~~~~~~~~~~~       
2026-10-08T20:32:43.2358180Z       |                            |
2026-10-08T20:32:43.2358911Z       |                            uint64_t {aka long unsigned int}
2026-10-08T20:32:43.2360780Z src/solver/Solver.cc:6831:66: warning: format ‘%llu’ expects argument of type ‘long long unsigned int’, but argument 4 has type ‘uint64_t’ {aka ‘long unsigned int’} [-Wformat=]
2026-10-08T20:32:43.2362748Z  6831 |       printf("c initCost: %llu, fixedBySearch: %llu, optimal: %llu, maxsat: %llu, hardConflicts: %llu\n",
2026-10-08T20:32:43.2363914Z       |                                                               ~~~^
2026-10-08T20:32:43.2364741Z       |                                                                  |
2026-10-08T20:32:43.2365849Z       |                                                                  long long unsigned int
2026-10-08T20:32:43.2366994Z       |                                                               %lu
2026-10-08T20:32:43.2367771Z  6832 |              solutionCost, fixedCostBySearch,
2026-10-08T20:32:43.2368485Z  6833 |              lastOptimalCost,
2026-10-08T20:32:43.2369177Z       |              ~~~~~~~~~~~~~~~                                      
2026-10-08T20:32:43.2369874Z       |              |
2026-10-08T20:32:43.2370432Z       |              uint64_t {aka long unsigned int}
2026-10-08T20:32:43.2372246Z src/solver/Solver.cc:6831:80: warning: format ‘%llu’ expects argument of type ‘long long unsigned int’, but argument 5 has type ‘uint64_t’ {aka ‘long unsigned int’} [-Wformat=]
2026-10-08T20:32:43.2374164Z  6831 |       printf("c initCost: %llu, fixedBySearch: %llu, optimal: %llu, maxsat: %llu, hardConflicts: %llu\n",
2026-10-08T20:32:43.2375373Z       |                                                                             ~~~^
2026-10-08T20:32:43.2376481Z       |                                                                                |
2026-10-08T20:32:43.2377442Z       |                                                                                long long unsigned int
2026-10-08T20:32:43.2378382Z       |                                                                             %lu
2026-10-08T20:32:43.2379151Z ......
2026-10-08T20:32:43.2379887Z  6834 |              objForSearch-sup + nbSatLits, conflicts - softConflicts);
2026-10-08T20:32:43.2380893Z       |              ~~~~~~~~~~~~~~~~~~~~~~~~~~~~                                       
2026-10-08T20:32:43.2381698Z       |                               |
2026-10-08T20:32:43.2382424Z       |                               uint64_t {aka long unsigned int}
2026-10-08T20:32:43.2384317Z src/solver/Solver.cc:6831:101: warning: format ‘%llu’ expects argument of type ‘long long unsigned int’, but argument 6 has type ‘uint64_t’ {aka ‘long unsigned int’} [-Wformat=]
2026-10-08T20:32:43.2386474Z  6831 |       printf("c initCost: %llu, fixedBySearch: %llu, optimal: %llu, maxsat: %llu, hardConflicts: %llu\n",
2026-10-08T20:32:43.2387705Z       |                                                                                                  ~~~^
2026-10-08T20:32:43.2388666Z       |                                                                                                     |
2026-10-08T20:32:43.2389658Z       |                                                                                                     long long unsigned int
2026-10-08T20:32:43.2390623Z       |                                                                                                  %lu
2026-10-08T20:32:43.2391371Z ......
2026-10-08T20:32:43.2392045Z  6834 |              objForSearch-sup + nbSatLits, conflicts - softConflicts);
2026-10-08T20:32:43.2393333Z       |                                            ~~~~~~~~~~~~~~~~~~~~~~~~~                                 
2026-10-08T20:32:43.2394164Z       |                                                      |
2026-10-08T20:32:43.2395006Z       |                                                      uint64_t {aka long unsigned int}
2026-10-08T20:32:43.2397149Z src/solver/Solver.cc:6836:24: warning: format ‘%llu’ expects argument of type ‘long long unsigned int’, but argument 2 has type ‘uint64_t’ {aka ‘long unsigned int’} [-Wformat=]
2026-10-08T20:32:43.2399170Z  6836 |     printf("c nbLK: %llu, nbSuccLK: %llu(%4.2f%%), nbLKup: %llu(%4.2f%%), hardens %u (fixed %llu), dynVars %d, shorten: %llu\n",
2026-10-08T20:32:43.2400346Z       |                     ~~~^
2026-10-08T20:32:43.2400990Z       |                        |
2026-10-08T20:32:43.2401656Z       |                        long long unsigned int
2026-10-08T20:32:43.2402377Z       |                     %lu
2026-10-08T20:32:43.2403267Z  6837 |            LOOKAHEAD, nbLKsuccess, 100.0*nbLKsuccess/LOOKAHEAD, lk_propagations,
2026-10-08T20:32:43.2404476Z       |            ~~~~~~~~~    
2026-10-08T20:32:43.2405148Z       |            |
2026-10-08T20:32:43.2405769Z       |            uint64_t {aka long unsigned int}
2026-10-08T20:32:43.2407874Z src/solver/Solver.cc:6836:40: warning: format ‘%llu’ expects argument of type ‘long long unsigned int’, but argument 3 has type ‘uint64_t’ {aka ‘long unsigned int’} [-Wformat=]
2026-10-08T20:32:43.2410187Z  6836 |     printf("c nbLK: %llu, nbSuccLK: %llu(%4.2f%%), nbLKup: %llu(%4.2f%%), hardens %u (fixed %llu), dynVars %d, shorten: %llu\n",
2026-10-08T20:32:43.2411551Z       |                                     ~~~^
2026-10-08T20:32:43.2424769Z       |                                        |
2026-10-08T20:32:43.2425565Z       |                                        long long unsigned int
2026-10-08T20:32:43.2426646Z       |                                     %lu
2026-10-08T20:32:43.2427633Z  6837 |            LOOKAHEAD, nbLKsuccess, 100.0*nbLKsuccess/LOOKAHEAD, lk_propagations,
2026-10-08T20:32:43.2428668Z       |                       ~~~~~~~~~~~       
2026-10-08T20:32:43.2429371Z       |                       |
2026-10-08T20:32:43.2430072Z       |                       uint64_t {aka long unsigned int}
2026-10-08T20:32:43.2432045Z src/solver/Solver.cc:6836:63: warning: format ‘%llu’ expects argument of type ‘long long unsigned int’, but argument 5 has type ‘uint64_t’ {aka ‘long unsigned int’} [-Wformat=]
2026-10-08T20:32:43.2434118Z  6836 |     printf("c nbLK: %llu, nbSuccLK: %llu(%4.2f%%), nbLKup: %llu(%4.2f%%), hardens %u (fixed %llu), dynVars %d, shorten: %llu\n",
2026-10-08T20:32:43.2435370Z       |                                                            ~~~^
2026-10-08T20:32:43.2436429Z       |                                                               |
2026-10-08T20:32:43.2437339Z       |                                                               long long unsigned int
2026-10-08T20:32:43.2438242Z       |                                                            %lu
2026-10-08T20:32:43.2439262Z  6837 |            LOOKAHEAD, nbLKsuccess, 100.0*nbLKsuccess/LOOKAHEAD, lk_propagations,
2026-10-08T20:32:43.2440306Z       |                                                                 ~~~~~~~~~~~~~~~
2026-10-08T20:32:43.2441098Z       |                                                                 |
2026-10-08T20:32:43.2441994Z       |                                                                 uint64_t {aka long unsigned int}
2026-10-08T20:32:43.2443963Z src/solver/Solver.cc:6836:96: warning: format ‘%llu’ expects argument of type ‘long long unsigned int’, but argument 8 has type ‘uint64_t’ {aka ‘long unsigned int’} [-Wformat=]
2026-10-08T20:32:43.2445961Z  6836 |     printf("c nbLK: %llu, nbSuccLK: %llu(%4.2f%%), nbLKup: %llu(%4.2f%%), hardens %u (fixed %llu), dynVars %d, shorten: %llu\n",
2026-10-08T20:32:43.2447516Z       |                                                                                             ~~~^
2026-10-08T20:32:43.2448781Z       |                                                                                                |
2026-10-08T20:32:43.2449764Z       |                                                                                                long long unsigned int
2026-10-08T20:32:43.2450734Z       |                                                                                             %lu
2026-10-08T20:32:43.2451773Z  6837 |            LOOKAHEAD, nbLKsuccess, 100.0*nbLKsuccess/LOOKAHEAD, lk_propagations,
2026-10-08T20:32:43.2453144Z  6838 |            100.0*lk_propagations/propagations, nbHardens, fixedByHardens, nVars()-staticNbVars, nbSavedLits);
2026-10-08T20:32:43.2454378Z       |                                                           ~~~~~~~~~~~~~~                        
2026-10-08T20:32:43.2455188Z       |                                                           |
2026-10-08T20:32:43.2456314Z       |                                                           uint64_t {aka long unsigned int}
2026-10-08T20:32:43.2458571Z src/solver/Solver.cc:6836:124: warning: format ‘%llu’ expects argument of type ‘long long unsigned int’, but argument 10 has type ‘uint64_t’ {aka ‘long unsigned int’} [-Wformat=]
2026-10-08T20:32:43.2460616Z  6836 |     printf("c nbLK: %llu, nbSuccLK: %llu(%4.2f%%), nbLKup: %llu(%4.2f%%), hardens %u (fixed %llu), dynVars %d, shorten: %llu\n",
2026-10-08T20:32:43.2461919Z       |                                                                                                                         ~~~^
2026-10-08T20:32:43.2462991Z       |                                                                                                                            |
2026-10-08T20:32:43.2464110Z       |                                                                                                                            long long unsigned int
2026-10-08T20:32:43.2465197Z       |                                                                                                                         %lu
2026-10-08T20:32:43.2466557Z  6837 |            LOOKAHEAD, nbLKsuccess, 100.0*nbLKsuccess/LOOKAHEAD, lk_propagations,
2026-10-08T20:32:43.2467992Z  6838 |            100.0*lk_propagations/propagations, nbHardens, fixedByHardens, nVars()-staticNbVars, nbSavedLits);
2026-10-08T20:32:43.2469339Z       |                                                                                                 ~~~~~~~~~~~                 
2026-10-08T20:32:43.2470350Z       |                                                                                                 |
2026-10-08T20:32:43.2471461Z       |                                                                                                 uint64_t {aka long unsigned int}
2026-10-08T20:32:43.2472422Z In file included from src/solver/mtl/Sort.h:24,
2026-10-08T20:32:43.2473192Z                  from src/solver/SimpSolver.cc:33:
2026-10-08T20:32:43.2474753Z src/solver/mtl/Vec.h: In instantiation of ‘void Minisat::vec<T>::capacity(int) [with T = Minisat::vec<unsigned int>]’:
2026-10-08T20:32:43.2477092Z src/solver/mtl/Vec.h:115:13:   required from ‘void Minisat::vec<T>::growTo(int) [with T = Minisat::vec<unsigned int>]’
2026-10-08T20:32:43.2479811Z src/solver/SolverTypes.h:339:50:   required from ‘void Minisat::OccLists<Idx, Vec, Deleted>::init(const Idx&) [with Idx = int; Vec = Minisat::vec<unsigned int>; Deleted = Minisat::SimpSolver::ClauseDeleted]’
2026-10-08T20:32:43.2494218Z src/solver/SimpSolver.cc:98:24:   required from here
2026-10-08T20:32:43.2496671Z src/solver/mtl/Vec.h:99:54: warning: ‘void* realloc(void*, size_t)’ moving an object of non-trivially copyable type ‘class Minisat::vec<unsigned int>’; use ‘new’ and ‘delete’ instead [-Wclass-memaccess]
2026-10-08T20:32:43.2498684Z    99 |     if (add > INT_MAX - cap || ((data = (T*)::realloc(data, (cap += add) * sizeof(T))) == NULL) && errno == ENOMEM)
2026-10-08T20:32:43.2499831Z       |                                             ~~~~~~~~~^~~~~~~~~~~~~~~~~~~~~~~~~~~~~~~~
2026-10-08T20:32:43.2501495Z src/solver/mtl/Vec.h:38:7: note: ‘class Minisat::vec<unsigned int>’ declared here
2026-10-08T20:32:43.2502450Z    38 | class vec {
2026-10-08T20:32:43.2502983Z       |       ^~~
2026-10-08T20:32:43.2610030Z In file included from src/solver/mtl/Sort.h:24,
2026-10-08T20:32:43.2610981Z                  from src/solver/Solver.cc:106:
2026-10-08T20:32:43.2612809Z src/solver/mtl/Vec.h: In instantiation of ‘void Minisat::vec<T>::capacity(int) [with T = Minisat::vec<Minisat::Solver::Watcher>]’:
2026-10-08T20:32:43.2614897Z src/solver/mtl/Vec.h:115:13:   required from ‘void Minisat::vec<T>::growTo(int) [with T = Minisat::vec<Minisat::Solver::Watcher>]’
2026-10-08T20:32:43.2617856Z src/solver/SolverTypes.h:339:50:   required from ‘void Minisat::OccLists<Idx, Vec, Deleted>::init(const Idx&) [with Idx = Minisat::Lit; Vec = Minisat::vec<Minisat::Solver::Watcher>; Deleted = Minisat::Solver::WatcherDeleted]’
2026-10-08T20:32:43.2619855Z src/solver/Solver.cc:1272:21:   required from here
2026-10-08T20:32:43.2622594Z src/solver/mtl/Vec.h:99:54: warning: ‘void* realloc(void*, size_t)’ moving an object of non-trivially copyable type ‘class Minisat::vec<Minisat::Solver::Watcher>’; use ‘new’ and ‘delete’ instead [-Wclass-memaccess]
2026-10-08T20:32:43.2624785Z    99 |     if (add > INT_MAX - cap || ((data = (T*)::realloc(data, (cap += add) * sizeof(T))) == NULL) && errno == ENOMEM)
2026-10-08T20:32:43.2625979Z       |                                             ~~~~~~~~~^~~~~~~~~~~~~~~~~~~~~~~~~~~~~~~~
2026-10-08T20:32:43.2627790Z src/solver/mtl/Vec.h:38:7: note: ‘class Minisat::vec<Minisat::Solver::Watcher>’ declared here
2026-10-08T20:32:43.2628822Z    38 | class vec {
2026-10-08T20:32:43.2629389Z       |       ^~~
2026-10-08T20:32:43.2630790Z src/solver/mtl/Vec.h: In instantiation of ‘void Minisat::vec<T>::capacity(int) [with T = Minisat::vec<Minisat::Lit>]’:
2026-10-08T20:32:43.2632715Z src/solver/mtl/Vec.h:115:13:   required from ‘void Minisat::vec<T>::growTo(int) [with T = Minisat::vec<Minisat::Lit>]’
2026-10-08T20:32:43.2635021Z src/solver/Solver.h:72:50:   required from ‘void Minisat::vec2<Idx, Vec>::init(const Idx&) [with Idx = Minisat::Lit; Vec = Minisat::vec<Minisat::Lit>]’
2026-10-08T20:32:43.2636728Z src/solver/Solver.cc:1312:22:   required from here
2026-10-08T20:32:43.2638864Z src/solver/mtl/Vec.h:99:54: warning: ‘void* realloc(void*, size_t)’ moving an object of non-trivially copyable type ‘class Minisat::vec<Minisat::Lit>’; use ‘new’ and ‘delete’ instead [-Wclass-memaccess]
2026-10-08T20:32:43.2640970Z    99 |     if (add > INT_MAX - cap || ((data = (T*)::realloc(data, (cap += add) * sizeof(T))) == NULL) && errno == ENOMEM)
2026-10-08T20:32:43.2642172Z       |                                             ~~~~~~~~~^~~~~~~~~~~~~~~~~~~~~~~~~~~~~~~~
2026-10-08T20:32:43.2643473Z src/solver/mtl/Vec.h:38:7: note: ‘class Minisat::vec<Minisat::Lit>’ declared here
2026-10-08T20:32:43.2644428Z    38 | class vec {
2026-10-08T20:32:43.2645035Z       |       ^~~
2026-10-08T20:32:43.2646571Z src/solver/mtl/Vec.h: In instantiation of ‘void Minisat::vec<T>::capacity(int) [with T = Minisat::vec<int>]’:
2026-10-08T20:32:43.2648436Z src/solver/mtl/Vec.h:115:13:   required from ‘void Minisat::vec<T>::growTo(int) [with T = Minisat::vec<int>]’
2026-10-08T20:32:43.2650379Z src/solver/Solver.h:72:50:   required from ‘void Minisat::vec2<Idx, Vec>::init(const Idx&) [with Idx = int; Vec = Minisat::vec<int>]’
2026-10-08T20:32:43.2651697Z src/solver/Solver.cc:4250:13:   required from here
2026-10-08T20:32:43.2653769Z src/solver/mtl/Vec.h:99:54: warning: ‘void* realloc(void*, size_t)’ moving an object of non-trivially copyable type ‘class Minisat::vec<int>’; use ‘new’ and ‘delete’ instead [-Wclass-memaccess]
2026-10-08T20:32:43.2655784Z    99 |     if (add > INT_MAX - cap || ((data = (T*)::realloc(data, (cap += add) * sizeof(T))) == NULL) && errno == ENOMEM)
2026-10-08T20:32:43.2657276Z       |                                             ~~~~~~~~~^~~~~~~~~~~~~~~~~~~~~~~~~~~~~~~~
2026-10-08T20:32:43.2658850Z src/solver/mtl/Vec.h:38:7: note: ‘class Minisat::vec<int>’ declared here
2026-10-08T20:32:43.2659771Z    38 | class vec {
2026-10-08T20:32:43.2660373Z       |       ^~~
2026-10-08T20:32:43.3095400Z src/solver/Solver.cc: In member function ‘void Minisat::Solver::emitBoundsUpdate()’:
2026-10-08T20:32:43.3097980Z src/solver/Solver.cc:5204:24: warning: ignoring return value of ‘ssize_t write(int, const void*, size_t)’ declared with attribute ‘warn_unused_result’ [-Wunused-result]
2026-10-08T20:32:43.3099565Z  5204 |             (void)write(bounds_pipe_w, buf, (size_t)n);
2026-10-08T20:32:43.3100391Z       |                   ~~~~~^~~~~~~~~~~~~~~~~~~~~~~~~~~~~~~
2026-10-08T20:32:43.3102144Z src/solver/Solver.cc:5210:24: warning: ignoring return value of ‘ssize_t write(int, const void*, size_t)’ declared with attribute ‘warn_unused_result’ [-Wunused-result]
2026-10-08T20:32:43.3103697Z  5210 |             (void)write(bounds_pipe_w, buf, (size_t)n);
2026-10-08T20:32:43.3104537Z       |                   ~~~~~^~~~~~~~~~~~~~~~~~~~~~~~~~~~~~~
2026-10-08T20:32:43.3105918Z src/solver/Solver.cc: In member function ‘void Minisat::Solver::emitTryUpdate(uint64_t)’:
2026-10-08T20:32:43.3108163Z src/solver/Solver.cc:5220:20: warning: ignoring return value of ‘ssize_t write(int, const void*, size_t)’ declared with attribute ‘warn_unused_result’ [-Wunused-result]
2026-10-08T20:32:43.3109675Z  5220 |         (void)write(bounds_pipe_w, buf, (size_t)n);
2026-10-08T20:32:43.3110442Z       |               ~~~~~^~~~~~~~~~~~~~~~~~~~~~~~~~~~~~~
2026-10-08T20:32:46.1839276Z In file included from src/solver/Solver.h:54:
2026-10-08T20:32:46.1840433Z In function ‘Minisat::Lit Minisat::operator~(Lit)’,
2026-10-08T20:32:46.1841821Z     inlined from ‘void Minisat::Solver::analyze(Minisat::CRef, Minisat::vec<Minisat::Lit>&, int&, int&)’ at src/solver/Solver.cc:1757:22:
2026-10-08T20:32:46.1843510Z src/solver/SolverTypes.h:73:64: warning: ‘p.Minisat::Lit::x’ may be used uninitialized [-Wmaybe-uninitialized]
2026-10-08T20:32:46.1844688Z    73 | inline  Lit  operator ~(Lit p)              { Lit q; q.x = p.x ^ 1; return q; }
2026-10-08T20:32:46.1845469Z       |                                                            ~~~~^~~
2026-10-08T20:32:46.1848552Z src/solver/Solver.cc: In member function ‘void Minisat::Solver::analyze(Minisat::CRef, Minisat::vec<Minisat::Lit>&, int&, int&)’:
2026-10-08T20:32:46.1849887Z src/solver/Solver.cc:1671:9: note: ‘p.Minisat::Lit::x’ was declared here
2026-10-08T20:32:46.1850526Z  1671 |     Lit p; //     = lit_Undef;
2026-10-08T20:32:46.1850934Z       |         ^
2026-10-08T20:32:46.2738781Z In function ‘Minisat::Lit Minisat::operator~(Lit)’,
2026-10-08T20:32:46.2740268Z     inlined from ‘void Minisat::Solver::analyzeSoftConflict(Minisat::vec<Minisat::Lit>&, int&, int&)’ at src/solver/Solver.cc:2396:22:
2026-10-08T20:32:46.2741982Z src/solver/SolverTypes.h:73:64: warning: ‘p.Minisat::Lit::x’ may be used uninitialized [-Wmaybe-uninitialized]
2026-10-08T20:32:46.2743151Z    73 | inline  Lit  operator ~(Lit p)              { Lit q; q.x = p.x ^ 1; return q; }
2026-10-08T20:32:46.2743940Z       |                                                            ~~~~^~~
2026-10-08T20:32:46.2745252Z src/solver/Solver.cc: In member function ‘void Minisat::Solver::analyzeSoftConflict(Minisat::vec<Minisat::Lit>&, int&, int&)’:
2026-10-08T20:32:46.2746836Z src/solver/Solver.cc:2193:9: note: ‘p.Minisat::Lit::x’ was declared here
2026-10-08T20:32:46.2747530Z  2193 |     Lit p;
2026-10-08T20:32:46.2747865Z       |         ^
2026-10-08T20:32:46.4214740Z In function ‘Minisat::Lit Minisat::operator~(Lit)’,
2026-10-08T20:32:46.4216541Z     inlined from ‘void Minisat::Solver::analyzeQuasiSoftConflict(Minisat::vec<Minisat::Lit>&, int&, int&)’ at src/solver/Solver.cc:4664:22:
2026-10-08T20:32:46.4218371Z src/solver/SolverTypes.h:73:64: warning: ‘p.Minisat::Lit::x’ may be used uninitialized [-Wmaybe-uninitialized]
2026-10-08T20:32:46.4219509Z    73 | inline  Lit  operator ~(Lit p)              { Lit q; q.x = p.x ^ 1; return q; }
2026-10-08T20:32:46.4220810Z       |                                                            ~~~~^~~
2026-10-08T20:32:46.4222220Z src/solver/Solver.cc: In member function ‘void Minisat::Solver::analyzeQuasiSoftConflict(Minisat::vec<Minisat::Lit>&, int&, int&)’:
2026-10-08T20:32:46.4223639Z src/solver/Solver.cc:4492:9: note: ‘p.Minisat::Lit::x’ was declared here
2026-10-08T20:32:46.4224336Z  4492 |     Lit p;
2026-10-08T20:32:46.4224671Z       |         ^
2026-10-08T20:32:49.3792325Z g++ -Isrc/solver -Wall -Wno-parentheses -O3 -g -march=x86-64-v3 -D __STDC_LIMIT_MACROS -D __STDC_FORMAT_MACROS -DNDEBUG -o bin/distqldpc src/core/distqldpc.cc build/SimpSolver.o build/Solver.o build/Options.o build/System.o -lz
2026-10-08T20:32:49.3795095Z g++ -Isrc/solver -Wall -Wno-parentheses -O3 -g -march=x86-64-v3 -D __STDC_LIMIT_MACROS -D __STDC_FORMAT_MACROS -DNDEBUG -o bin/maxcdcl src/solver/Main.cc build/SimpSolver.o build/Solver.o build/Options.o build/System.o -lz
2026-10-08T20:32:49.4256705Z In file included from src/solver/Main.cc:51:
2026-10-08T20:32:49.4258347Z src/solver/utils/Options.h:285:29: warning: invalid suffix on literal; C++11 requires a space between literal and string macro [-Wliteral-suffix]
2026-10-08T20:32:49.4259553Z   285 |             fprintf(stderr, "%4"PRIi64, range.begin);
2026-10-08T20:32:49.4260102Z       |                             ^
2026-10-08T20:32:49.4261148Z src/solver/utils/Options.h:291:29: warning: invalid suffix on literal; C++11 requires a space between literal and string macro [-Wliteral-suffix]
2026-10-08T20:32:49.4262307Z   291 |             fprintf(stderr, "%4"PRIi64, range.end);
2026-10-08T20:32:49.4262826Z       |                             ^
2026-10-08T20:32:49.4263854Z src/solver/utils/Options.h:293:25: warning: invalid suffix on literal; C++11 requires a space between literal and string macro [-Wliteral-suffix]
2026-10-08T20:32:49.4265021Z   293 |         fprintf(stderr, "] (default: %"PRIi64")\n", value);
2026-10-08T20:32:49.4265584Z       |                         ^
2026-10-08T20:32:49.4273043Z src/solver/Main.cc:84:16: warning: invalid suffix on literal; C++11 requires a space between literal and string macro [-Wliteral-suffix]
2026-10-08T20:32:49.4274258Z    84 |         printf("c restarts              : %"PRIu64"\n", solver.starts);
2026-10-08T20:32:49.4274790Z       |                ^
2026-10-08T20:32:49.4275611Z src/solver/Main.cc:85:16: warning: invalid suffix on literal; C++11 requires a space between literal and string macro [-Wliteral-suffix]
2026-10-08T20:32:49.4277217Z    85 |         printf("c conflicts             : %-12"PRIu64"   (%.0f /sec)\n", solver.conflicts, solver.conflicts / cpu_time);
2026-10-08T20:32:49.4277984Z       |                ^
2026-10-08T20:32:49.4278881Z src/solver/Main.cc:86:16: warning: invalid suffix on literal; C++11 requires a space between literal and string macro [-Wliteral-suffix]
2026-10-08T20:32:49.4280705Z    86 |         printf("c decisions             : %-12"PRIu64"   (%4.2f %% random) (%.0f /sec)\n", solver.decisions, (float)solver.rnd_decisions * 100 / (float)solver.decisions, solver.decisions / cpu_time);
2026-10-08T20:32:49.4282001Z       |                ^
2026-10-08T20:32:49.4282916Z src/solver/Main.cc:87:16: warning: invalid suffix on literal; C++11 requires a space between literal and string macro [-Wliteral-suffix]
2026-10-08T20:32:49.4284374Z    87 |         printf("c propagations          : %-12"PRIu64"   (%.0f /sec)\n", solver.propagations, solver.propagations / cpu_time);
2026-10-08T20:32:49.4285294Z       |                ^
2026-10-08T20:32:49.4286506Z src/solver/Main.cc:88:16: warning: invalid suffix on literal; C++11 requires a space between literal and string macro [-Wliteral-suffix]
2026-10-08T20:32:49.4288346Z    88 |         printf("c conflict literals     : %-12"PRIu64"   (%4.2f %% deleted)\n", solver.tot_literals, (solver.max_literals - solver.tot_literals) * 100 / (double)solver.max_literals);
2026-10-08T20:32:49.4289605Z       |                ^
2026-10-08T20:32:49.4290881Z src/solver/Main.cc:93:16: warning: invalid suffix on literal; C++11 requires a space between literal and string macro [-Wliteral-suffix]
2026-10-08T20:32:49.4292157Z    93 |         printf("c s_propagations        : %-12"PRIu64"\n", solver.s_propagations);
2026-10-08T20:32:49.4292858Z       |                ^
2026-10-08T20:32:49.4384002Z In file included from src/solver/Solver.h:53,
2026-10-08T20:32:49.4384670Z                  from src/solver/SimpSolver.h:37,
2026-10-08T20:32:49.4385228Z                  from src/core/distqldpc.cc:40:
2026-10-08T20:32:49.4386619Z src/solver/utils/Options.h:285:29: warning: invalid suffix on literal; C++11 requires a space between literal and string macro [-Wliteral-suffix]
2026-10-08T20:32:49.4387830Z   285 |             fprintf(stderr, "%4"PRIi64, range.begin);
2026-10-08T20:32:49.4388391Z       |                             ^
2026-10-08T20:32:49.4389455Z src/solver/utils/Options.h:291:29: warning: invalid suffix on literal; C++11 requires a space between literal and string macro [-Wliteral-suffix]
2026-10-08T20:32:49.4390677Z   291 |             fprintf(stderr, "%4"PRIi64, range.end);
2026-10-08T20:32:49.4391235Z       |                             ^
2026-10-08T20:32:49.4392671Z src/solver/utils/Options.h:293:25: warning: invalid suffix on literal; C++11 requires a space between literal and string macro [-Wliteral-suffix]
2026-10-08T20:32:49.4393931Z   293 |         fprintf(stderr, "] (default: %"PRIi64")\n", value);
2026-10-08T20:32:49.4394534Z       |                         ^
2026-10-08T20:32:49.5352996Z src/solver/Main.cc: In function ‘void printStats(Minisat::Solver&)’:
2026-10-08T20:32:49.5354901Z src/solver/Main.cc:92:46: warning: format ‘%llu’ expects argument of type ‘long long unsigned int’, but argument 2 has type ‘uint64_t’ {aka ‘long unsigned int’} [-Wformat=]
2026-10-08T20:32:49.5356960Z    92 |         printf("c nbSimplifyAll         : %llu\n", solver.nbSimplifyAll);
2026-10-08T20:32:49.5357753Z       |                                           ~~~^     ~~~~~~~~~~~~~~~~~~~~
2026-10-08T20:32:49.5358406Z       |                                              |            |
2026-10-08T20:32:49.5359066Z       |                                              |            uint64_t {aka long unsigned int}
2026-10-08T20:32:49.5359754Z       |                                              long long unsigned int
2026-10-08T20:32:49.5360312Z       |                                           %lu
2026-10-08T20:32:49.5370176Z src/solver/Main.cc: In function ‘int main(int, char**)’:
2026-10-08T20:32:49.5371818Z src/solver/Main.cc:187:34: warning: format ‘%llu’ expects argument of type ‘long long unsigned int’, but argument 2 has type ‘uint64_t’ {aka ‘long unsigned int’} [-Wformat=]
2026-10-08T20:32:49.5373198Z   187 |         printf("c initial UB: %llu\n", S.initUB);
2026-10-08T20:32:49.5373801Z       |                               ~~~^     ~~~~~~~~
2026-10-08T20:32:49.5374324Z       |                                  |       |
2026-10-08T20:32:49.5374910Z       |                                  |       uint64_t {aka long unsigned int}
2026-10-08T20:32:49.5375578Z       |                                  long long unsigned int
2026-10-08T20:32:49.5376402Z       |                               %lu
2026-10-08T20:32:49.5774056Z src/solver/Main.cc: At global scope:
2026-10-08T20:32:49.5775373Z src/solver/Main.cc:108:13: warning: ‘void SIGINT_exit(int)’ defined but not used [-Wunused-function]
2026-10-08T20:32:49.5776420Z   108 | static void SIGINT_exit(int signum) {
2026-10-08T20:32:49.5776929Z       |             ^~~~~~~~~~~
2026-10-08T20:32:49.7762682Z src/core/distqldpc.cc: In function ‘void pipe_write_result(int, int, bool)’:
2026-10-08T20:32:49.7764431Z src/core/distqldpc.cc:162:20: warning: ignoring return value of ‘ssize_t write(int, const void*, size_t)’ declared with attribute ‘warn_unused_result’ [-Wunused-result]
2026-10-08T20:32:49.7765693Z   162 |         (void)write(pipe_w, buf, (size_t)n);
2026-10-08T20:32:49.7766480Z       |               ~~~~~^~~~~~~~~~~~~~~~~~~~~~~~
2026-10-08T20:32:50.8319800Z make: Leaving directory '/home/runner/work/DistQLDPC/DistQLDPC/candidate'
2026-10-08T20:32:50.8354520Z ##[group]Run set +e
2026-10-08T20:32:50.8354801Z [36;1mset +e[0m
2026-10-08T20:32:50.8356576Z [36;1mpython3 qdistsat/benchmarks/compare_distqldpc_binaries.py             --baseline-bin "$GITHUB_WORKSPACE/baseline/bin/distqldpc"             --candidate-bin "$GITHUB_WORKSPACE/candidate/bin/distqldpc"             --data-root "$GITHUB_WORKSPACE/qdistsat/data"             --stems LP_136_32_4 BB_108_8_10             --timeout 45             --json-out "$GITHUB_WORKSPACE/benchmark-results/result.json"             --markdown-out "$GITHUB_WORKSPACE/benchmark-results/summary.md"[0m
2026-10-08T20:32:50.8358195Z [36;1mcode=$?[0m
2026-10-08T20:32:50.8358579Z [36;1mcat "$GITHUB_WORKSPACE/benchmark-results/summary.md" >> "$GITHUB_STEP_SUMMARY"[0m
2026-10-08T20:32:50.8359080Z [36;1mecho "exit_code=$code" >> "$GITHUB_OUTPUT"[0m
2026-10-08T20:32:50.8359381Z [36;1mexit 0[0m
2026-10-08T20:32:50.8420490Z shell: /usr/bin/bash --noprofile --norc -e -o pipefail {0}
2026-10-08T20:32:50.8420872Z ##[endgroup]
2026-10-08T20:33:11.3231955Z # DistQLDPC cross-repo benchmark
2026-10-08T20:33:11.3232346Z 
2026-10-08T20:33:11.3232508Z Scientific results match: **YES**
2026-10-08T20:33:11.3232784Z 
2026-10-08T20:33:11.3233016Z Timing is informational only; shared CI runners are noisy.
2026-10-08T20:33:11.3233421Z 
2026-10-08T20:33:11.3233723Z | Stem | Config | Baseline | Candidate | Cand/Base time | Semantic match |
2026-10-08T20:33:11.3234331Z |---|---|---:|---:|---:|---|
2026-10-08T20:33:11.3234795Z | LP_136_32_4 | no-card | d=4 (0.18s) | d=4 (0.18s) | 1.00x | YES |
2026-10-08T20:33:11.3235393Z | LP_136_32_4 | card-mto | d=4 (0.29s) | d=4 (0.28s) | 0.97x | YES |
2026-10-08T20:33:11.3236238Z | BB_108_8_10 | no-card | d=10 (4.20s) | d=10 (4.88s) | 1.16x | YES |
2026-10-08T20:33:11.3236871Z | BB_108_8_10 | card-mto | d=10 (5.48s) | d=10 (4.94s) | 0.90x | YES |
2026-10-08T20:33:11.3398341Z ##[group]Run actions/upload-artifact@v4
2026-10-08T20:33:11.3398693Z with:
2026-10-08T20:33:11.3398931Z   name: qdistsat-cross-repo-benchmark
2026-10-08T20:33:11.3399229Z   path: benchmark-results/
2026-10-08T20:33:11.3399475Z   retention-days: 14
2026-10-08T20:33:11.3399698Z   if-no-files-found: warn
2026-10-08T20:33:11.3399933Z   compression-level: 6
2026-10-08T20:33:11.3400152Z   overwrite: false
2026-10-08T20:33:11.3400370Z   include-hidden-files: false
2026-10-08T20:33:11.3400613Z ##[endgroup]
2026-10-08T20:33:11.5117014Z (node:3059) [DEP0040] DeprecationWarning: The `punycode` module is deprecated. Please use a userland alternative instead.
2026-10-08T20:33:11.5118096Z (Use `node --trace-deprecation ...` to show where the warning was created)
2026-10-08T20:33:11.5179503Z With the provided path, there will be 3 files uploaded
2026-10-08T20:33:11.5203593Z Artifact name is valid!
2026-10-08T20:33:11.5204818Z Root directory input is valid!
2026-10-08T20:33:11.7305400Z Beginning upload of artifact content to blob storage
2026-10-08T20:33:11.7545302Z (node:3059) [DEP0169] DeprecationWarning: `url.parse()` behavior is not standardized and prone to errors that have security implications. Use the WHATWG URL API instead. CVEs are not issued for `url.parse()` vulnerabilities.
2026-10-08T20:33:11.7966271Z Uploaded bytes 1251
2026-10-08T20:33:11.8150328Z Finished uploading artifact content to blob storage!
2026-10-08T20:33:11.8151314Z SHA256 digest of uploaded artifact zip is 38da683948eacea6202b1940645211f092fa47f2e862ef6600499c188d064f0d
2026-10-08T20:33:11.8153326Z Finalizing artifact upload
2026-10-08T20:33:12.0335101Z Artifact qdistsat-cross-repo-benchmark.zip successfully finalized. Artifact ID 11576644058
2026-10-08T20:33:12.0336652Z Artifact qdistsat-cross-repo-benchmark has been successfully uploaded! Final size is 1251 bytes. Artifact ID is 11576644058
2026-10-08T20:33:12.0342823Z Artifact download URL: https://github.com/guluchen/DistQLDPC/actions/runs/37840170300/artifacts/11576644058
2026-10-08T20:33:12.0512681Z ##[group]Run if [ "0" != "0" ]; then
2026-10-08T20:33:12.0513178Z [36;1mif [ "0" != "0" ]; then[0m
2026-10-08T20:33:12.0513676Z [36;1m  echo "QDistSAT detected a scientific-result mismatch between baseline and candidate DistQLDPC."[0m
2026-10-08T20:33:12.0514177Z [36;1m  exit 1[0m
2026-10-08T20:33:12.0514385Z [36;1mfi[0m
2026-10-08T20:33:12.0576717Z shell: /usr/bin/bash --noprofile --norc -e -o pipefail {0}
2026-10-08T20:33:12.0577087Z ##[endgroup]
2026-10-08T20:33:12.0762425Z Post job cleanup.
2026-10-08T20:33:12.1681135Z [command]/usr/bin/git version
2026-10-08T20:33:12.1738549Z git version 2.55.0
2026-10-08T20:33:12.1777980Z Temporarily overriding HOME='/home/runner/work/_temp/d5b66fd1-8d0c-46a4-a561-c52102efb97c' before making global git config changes
2026-10-08T20:33:12.1779449Z Adding repository directory to the temporary git global config as a safe directory
2026-10-08T20:33:12.1784094Z [command]/usr/bin/git config --global --add safe.directory /home/runner/work/DistQLDPC/DistQLDPC/qdistsat
2026-10-08T20:33:12.1823567Z Removing SSH command configuration
2026-10-08T20:33:12.1831099Z [command]/usr/bin/git config --local --name-only --get-regexp core\.sshCommand
2026-10-08T20:33:12.1875077Z [command]/usr/bin/git submodule foreach --recursive sh -c "git config --local --name-only --get-regexp 'core\.sshCommand' && git config --local --unset-all 'core.sshCommand' || :"
2026-10-08T20:33:12.2133708Z Removing HTTP extra header
2026-10-08T20:33:12.2140773Z [command]/usr/bin/git config --local --name-only --get-regexp http\.https\:\/\/github\.com\/\.extraheader
2026-10-08T20:33:12.2183148Z [command]/usr/bin/git submodule foreach --recursive sh -c "git config --local --name-only --get-regexp 'http\.https\:\/\/github\.com\/\.extraheader' && git config --local --unset-all 'http.https://github.com/.extraheader' || :"
2026-10-08T20:33:12.2447239Z Removing includeIf entries pointing to credentials config files
2026-10-08T20:33:12.2454816Z [command]/usr/bin/git config --local --name-only --get-regexp ^includeIf\.gitdir:
2026-10-08T20:33:12.2507602Z includeif.gitdir:/home/runner/work/DistQLDPC/DistQLDPC/qdistsat/.git.path
2026-10-08T20:33:12.2508817Z includeif.gitdir:/home/runner/work/DistQLDPC/DistQLDPC/qdistsat/.git/worktrees/*.path
2026-10-08T20:33:12.2509770Z includeif.gitdir:/github/workspace/qdistsat/.git.path
2026-10-08T20:33:12.2510568Z includeif.gitdir:/github/workspace/qdistsat/.git/worktrees/*.path
2026-10-08T20:33:12.2525150Z [command]/usr/bin/git config --local --get-all includeif.gitdir:/home/runner/work/DistQLDPC/DistQLDPC/qdistsat/.git.path
2026-10-08T20:33:12.2552968Z /home/runner/work/_temp/git-credentials-4838127b-63e8-4b70-ac0a-e3138d59f842.config
2026-10-08T20:33:12.2617883Z [command]/usr/bin/git config --local --unset includeif.gitdir:/home/runner/work/DistQLDPC/DistQLDPC/qdistsat/.git.path \/home\/runner\/work\/_temp\/git\-credentials\-4838127b\-63e8\-4b70\-ac0a\-e3138d59f842\.config
2026-10-08T20:33:12.2687291Z [command]/usr/bin/git config --local --get-all includeif.gitdir:/home/runner/work/DistQLDPC/DistQLDPC/qdistsat/.git/worktrees/*.path
2026-10-08T20:33:12.2707395Z /home/runner/work/_temp/git-credentials-4838127b-63e8-4b70-ac0a-e3138d59f842.config
2026-10-08T20:33:12.2731218Z [command]/usr/bin/git config --local --unset includeif.gitdir:/home/runner/work/DistQLDPC/DistQLDPC/qdistsat/.git/worktrees/*.path \/home\/runner\/work\/_temp\/git\-credentials\-4838127b\-63e8\-4b70\-ac0a\-e3138d59f842\.config
2026-10-08T20:33:12.2782198Z [command]/usr/bin/git config --local --get-all includeif.gitdir:/github/workspace/qdistsat/.git.path
2026-10-08T20:33:12.2815181Z /github/runner_temp/git-credentials-4838127b-63e8-4b70-ac0a-e3138d59f842.config
2026-10-08T20:33:12.2824149Z [command]/usr/bin/git config --local --unset includeif.gitdir:/github/workspace/qdistsat/.git.path \/github\/runner_temp\/git\-credentials\-4838127b\-63e8\-4b70\-ac0a\-e3138d59f842\.config
2026-10-08T20:33:12.2875541Z [command]/usr/bin/git config --local --get-all includeif.gitdir:/github/workspace/qdistsat/.git/worktrees/*.path
2026-10-08T20:33:12.2910970Z /github/runner_temp/git-credentials-4838127b-63e8-4b70-ac0a-e3138d59f842.config
2026-10-08T20:33:12.2922225Z [command]/usr/bin/git config --local --unset includeif.gitdir:/github/workspace/qdistsat/.git/worktrees/*.path \/github\/runner_temp\/git\-credentials\-4838127b\-63e8\-4b70\-ac0a\-e3138d59f842\.config
2026-10-08T20:33:12.2972704Z [command]/usr/bin/git submodule foreach --recursive git config --local --show-origin --name-only --get-regexp remote.origin.url
2026-10-08T20:33:12.3232890Z Removing credentials config '/home/runner/work/_temp/git-credentials-4838127b-63e8-4b70-ac0a-e3138d59f842.config'
2026-10-08T20:33:12.3412069Z Post job cleanup.
2026-10-08T20:33:12.4286758Z [command]/usr/bin/git version
2026-10-08T20:33:12.4344456Z git version 2.55.0
2026-10-08T20:33:12.4389598Z Temporarily overriding HOME='/home/runner/work/_temp/ec0433ce-dee7-4f00-982c-81e3c732ea13' before making global git config changes
2026-10-08T20:33:12.4391023Z Adding repository directory to the temporary git global config as a safe directory
2026-10-08T20:33:12.4395670Z [command]/usr/bin/git config --global --add safe.directory /home/runner/work/DistQLDPC/DistQLDPC/baseline
2026-10-08T20:33:12.4432821Z Removing SSH command configuration
2026-10-08T20:33:12.4440812Z [command]/usr/bin/git config --local --name-only --get-regexp core\.sshCommand
2026-10-08T20:33:12.4481443Z [command]/usr/bin/git submodule foreach --recursive sh -c "git config --local --name-only --get-regexp 'core\.sshCommand' && git config --local --unset-all 'core.sshCommand' || :"
2026-10-08T20:33:12.4755131Z Removing HTTP extra header
2026-10-08T20:33:12.4761891Z [command]/usr/bin/git config --local --name-only --get-regexp http\.https\:\/\/github\.com\/\.extraheader
2026-10-08T20:33:12.4800215Z [command]/usr/bin/git submodule foreach --recursive sh -c "git config --local --name-only --get-regexp 'http\.https\:\/\/github\.com\/\.extraheader' && git config --local --unset-all 'http.https://github.com/.extraheader' || :"
2026-10-08T20:33:12.5072369Z Removing includeIf entries pointing to credentials config files
2026-10-08T20:33:12.5081599Z [command]/usr/bin/git config --local --name-only --get-regexp ^includeIf\.gitdir:
2026-10-08T20:33:12.5112530Z includeif.gitdir:/home/runner/work/DistQLDPC/DistQLDPC/baseline/.git.path
2026-10-08T20:33:12.5113714Z includeif.gitdir:/home/runner/work/DistQLDPC/DistQLDPC/baseline/.git/worktrees/*.path
2026-10-08T20:33:12.5114908Z includeif.gitdir:/github/workspace/baseline/.git.path
2026-10-08T20:33:12.5115908Z includeif.gitdir:/github/workspace/baseline/.git/worktrees/*.path
2026-10-08T20:33:12.5127348Z [command]/usr/bin/git config --local --get-all includeif.gitdir:/home/runner/work/DistQLDPC/DistQLDPC/baseline/.git.path
2026-10-08T20:33:12.5154167Z /home/runner/work/_temp/git-credentials-f83bd1d6-93be-484c-9872-cb93c8fed57e.config
2026-10-08T20:33:12.5167017Z [command]/usr/bin/git config --local --unset includeif.gitdir:/home/runner/work/DistQLDPC/DistQLDPC/baseline/.git.path \/home\/runner\/work\/_temp\/git\-credentials\-f83bd1d6\-93be\-484c\-9872\-cb93c8fed57e\.config
2026-10-08T20:33:12.5210078Z [command]/usr/bin/git config --local --get-all includeif.gitdir:/home/runner/work/DistQLDPC/DistQLDPC/baseline/.git/worktrees/*.path
2026-10-08T20:33:12.5238359Z /home/runner/work/_temp/git-credentials-f83bd1d6-93be-484c-9872-cb93c8fed57e.config
2026-10-08T20:33:12.5273887Z [command]/usr/bin/git config --local --unset includeif.gitdir:/home/runner/work/DistQLDPC/DistQLDPC/baseline/.git/worktrees/*.path \/home\/runner\/work\/_temp\/git\-credentials\-f83bd1d6\-93be\-484c\-9872\-cb93c8fed57e\.config
2026-10-08T20:33:12.5319401Z [command]/usr/bin/git config --local --get-all includeif.gitdir:/github/workspace/baseline/.git.path
2026-10-08T20:33:12.5348958Z /github/runner_temp/git-credentials-f83bd1d6-93be-484c-9872-cb93c8fed57e.config
2026-10-08T20:33:12.5357534Z [command]/usr/bin/git config --local --unset includeif.gitdir:/github/workspace/baseline/.git.path \/github\/runner_temp\/git\-credentials\-f83bd1d6\-93be\-484c\-9872\-cb93c8fed57e\.config
2026-10-08T20:33:12.5413796Z [command]/usr/bin/git config --local --get-all includeif.gitdir:/github/workspace/baseline/.git/worktrees/*.path
2026-10-08T20:33:12.5446455Z /github/runner_temp/git-credentials-f83bd1d6-93be-484c-9872-cb93c8fed57e.config
2026-10-08T20:33:12.5453100Z [command]/usr/bin/git config --local --unset includeif.gitdir:/github/workspace/baseline/.git/worktrees/*.path \/github\/runner_temp\/git\-credentials\-f83bd1d6\-93be\-484c\-9872\-cb93c8fed57e\.config
2026-10-08T20:33:12.5493669Z [command]/usr/bin/git submodule foreach --recursive git config --local --show-origin --name-only --get-regexp remote.origin.url
2026-10-08T20:33:12.5721450Z Removing credentials config '/home/runner/work/_temp/git-credentials-f83bd1d6-93be-484c-9872-cb93c8fed57e.config'
2026-10-08T20:33:12.5883611Z Post job cleanup.
2026-10-08T20:33:12.6773782Z [command]/usr/bin/git version
2026-10-08T20:33:12.6847164Z git version 2.55.0
2026-10-08T20:33:12.6886801Z Temporarily overriding HOME='/home/runner/work/_temp/ed595568-7a50-4d94-b5f9-08e6f85ab714' before making global git config changes
2026-10-08T20:33:12.6896595Z Adding repository directory to the temporary git global config as a safe directory
2026-10-08T20:33:12.6898121Z [command]/usr/bin/git config --global --add safe.directory /home/runner/work/DistQLDPC/DistQLDPC/candidate
2026-10-08T20:33:12.6937613Z Removing SSH command configuration
2026-10-08T20:33:12.6938494Z [command]/usr/bin/git config --local --name-only --get-regexp core\.sshCommand
2026-10-08T20:33:12.6971694Z [command]/usr/bin/git submodule foreach --recursive sh -c "git config --local --name-only --get-regexp 'core\.sshCommand' && git config --local --unset-all 'core.sshCommand' || :"
2026-10-08T20:33:12.7226595Z Removing HTTP extra header
2026-10-08T20:33:12.7234260Z [command]/usr/bin/git config --local --name-only --get-regexp http\.https\:\/\/github\.com\/\.extraheader
2026-10-08T20:33:12.7280557Z [command]/usr/bin/git submodule foreach --recursive sh -c "git config --local --name-only --get-regexp 'http\.https\:\/\/github\.com\/\.extraheader' && git config --local --unset-all 'http.https://github.com/.extraheader' || :"
2026-10-08T20:33:12.7601063Z Removing includeIf entries pointing to credentials config files
2026-10-08T20:33:12.7616920Z [command]/usr/bin/git config --local --name-only --get-regexp ^includeIf\.gitdir:
2026-10-08T20:33:12.7647166Z includeif.gitdir:/home/runner/work/DistQLDPC/DistQLDPC/candidate/.git.path
2026-10-08T20:33:12.7648502Z includeif.gitdir:/home/runner/work/DistQLDPC/DistQLDPC/candidate/.git/worktrees/*.path
2026-10-08T20:33:12.7649702Z includeif.gitdir:/github/workspace/candidate/.git.path
2026-10-08T20:33:12.7650613Z includeif.gitdir:/github/workspace/candidate/.git/worktrees/*.path
2026-10-08T20:33:12.7653656Z [command]/usr/bin/git config --local --get-all includeif.gitdir:/home/runner/work/DistQLDPC/DistQLDPC/candidate/.git.path
2026-10-08T20:33:12.7687055Z /home/runner/work/_temp/git-credentials-d1d0c446-c6c8-43e8-9cdd-f084fe0bea10.config
2026-10-08T20:33:12.7709141Z [command]/usr/bin/git config --local --unset includeif.gitdir:/home/runner/work/DistQLDPC/DistQLDPC/candidate/.git.path \/home\/runner\/work\/_temp\/git\-credentials\-d1d0c446\-c6c8\-43e8\-9cdd\-f084fe0bea10\.config
2026-10-08T20:33:12.7748573Z [command]/usr/bin/git config --local --get-all includeif.gitdir:/home/runner/work/DistQLDPC/DistQLDPC/candidate/.git/worktrees/*.path
2026-10-08T20:33:12.7781874Z /home/runner/work/_temp/git-credentials-d1d0c446-c6c8-43e8-9cdd-f084fe0bea10.config
2026-10-08T20:33:12.7806031Z [command]/usr/bin/git config --local --unset includeif.gitdir:/home/runner/work/DistQLDPC/DistQLDPC/candidate/.git/worktrees/*.path \/home\/runner\/work\/_temp\/git\-credentials\-d1d0c446\-c6c8\-43e8\-9cdd\-f084fe0bea10\.config
2026-10-08T20:33:12.7852013Z [command]/usr/bin/git config --local --get-all includeif.gitdir:/github/workspace/candidate/.git.path
2026-10-08T20:33:12.7882735Z /github/runner_temp/git-credentials-d1d0c446-c6c8-43e8-9cdd-f084fe0bea10.config
2026-10-08T20:33:12.7895100Z [command]/usr/bin/git config --local --unset includeif.gitdir:/github/workspace/candidate/.git.path \/github\/runner_temp\/git\-credentials\-d1d0c446\-c6c8\-43e8\-9cdd\-f084fe0bea10\.config
2026-10-08T20:33:12.7947867Z [command]/usr/bin/git config --local --get-all includeif.gitdir:/github/workspace/candidate/.git/worktrees/*.path
2026-10-08T20:33:12.7988719Z /github/runner_temp/git-credentials-d1d0c446-c6c8-43e8-9cdd-f084fe0bea10.config
2026-10-08T20:33:12.7994842Z [command]/usr/bin/git config --local --unset includeif.gitdir:/github/workspace/candidate/.git/worktrees/*.path \/github\/runner_temp\/git\-credentials\-d1d0c446\-c6c8\-43e8\-9cdd\-f084fe0bea10\.config
2026-10-08T20:33:12.8056798Z [command]/usr/bin/git submodule foreach --recursive git config --local --show-origin --name-only --get-regexp remote.origin.url
2026-10-08T20:33:12.8310894Z Removing credentials config '/home/runner/work/_temp/git-credentials-d1d0c446-c6c8-43e8-9cdd-f084fe0bea10.config'
2026-10-08T20:33:12.8462675Z Cleaning up orphan processes
2026-10-08T20:33:12.8774131Z ##[warning]Node.js 20 is deprecated. The following actions target Node.js 20 but are being forced to run on Node.js 24: actions/upload-artifact@v4. For more information see: https://github.blog/changelog/2025-09-19-deprecation-of-node-20-on-github-actions-runners/

