2026-10-08T14:49:03.5174319Z Current runner version: '2.337.0'
2026-10-08T14:49:03.5200083Z ##[group]Runner Image Provisioner
2026-10-08T14:49:03.5201157Z Hosted Compute Agent
2026-10-08T14:49:03.5201894Z Version: 20261002.596
2026-10-08T14:49:03.5202542Z Commit: c3d12f3313a95f25162a1503be624f3b0617f8c0
2026-10-08T14:49:03.5203348Z Build Date: 2026-10-02T22:28:27Z
2026-10-08T14:49:03.5204052Z Worker ID: {c0077b60-b658-4141-abd0-09e07b1a140a}
2026-10-08T14:49:03.5204761Z Region: eastus
2026-10-08T14:49:03.5205398Z Cloud: Azure
2026-10-08T14:49:03.5205935Z ##[endgroup]
2026-10-08T14:49:03.5207436Z ##[group]Operating System
2026-10-08T14:49:03.5208124Z Ubuntu
2026-10-08T14:49:03.5208651Z 24.04.5
2026-10-08T14:49:03.5209249Z LTS
2026-10-08T14:49:03.5209774Z ##[endgroup]
2026-10-08T14:49:03.5210601Z ##[group]Runner Image
2026-10-08T14:49:03.5211251Z Image: ubuntu-24.04
2026-10-08T14:49:03.5211817Z Version: 20261004.327.1
2026-10-08T14:49:03.5213177Z Included Software: https://github.com/actions/runner-images/blob/ubuntu24/20261004.327/images/ubuntu/Ubuntu2404-Readme.md
2026-10-08T14:49:03.5214819Z Image Release: https://github.com/actions/runner-images/releases/tag/ubuntu24%2F20261004.327
2026-10-08T14:49:03.5215837Z ##[endgroup]
2026-10-08T14:49:03.5216991Z ##[group]GITHUB_TOKEN Permissions
2026-10-08T14:49:03.5218892Z Contents: read
2026-10-08T14:49:03.5219494Z Metadata: read
2026-10-08T14:49:03.5220166Z ##[endgroup]
2026-10-08T14:49:03.5222734Z Secret source: Actions
2026-10-08T14:49:03.5223855Z Cache mode: write
2026-10-08T14:49:03.5224553Z Prepare workflow directory
2026-10-08T14:49:03.5547822Z Prepare all required actions
2026-10-08T14:49:03.5596542Z Getting action download info
2026-10-08T14:49:03.7743907Z Download action repository 'actions/checkout@v7' (SHA:3d3c42e5aac5ba805825da76410c181273ba90b1)
2026-10-08T14:49:03.9750701Z Complete job name: build-and-smoke
2026-10-08T14:49:04.0538400Z ##[group]Run actions/checkout@v7
2026-10-08T14:49:04.0539291Z with:
2026-10-08T14:49:04.0539765Z   repository: guluchen/DistQLDPC
2026-10-08T14:49:04.0544236Z   token: ***
2026-10-08T14:49:04.0544698Z   ssh-strict: true
2026-10-08T14:49:04.0545139Z   ssh-user: git
2026-10-08T14:49:04.0545596Z   persist-credentials: true
2026-10-08T14:49:04.0546083Z   clean: true
2026-10-08T14:49:04.0546539Z   sparse-checkout-cone-mode: true
2026-10-08T14:49:04.0547060Z   fetch-depth: 1
2026-10-08T14:49:04.0547493Z   fetch-tags: false
2026-10-08T14:49:04.0547933Z   show-progress: true
2026-10-08T14:49:04.0548382Z   lfs: false
2026-10-08T14:49:04.0548797Z   submodules: false
2026-10-08T14:49:04.0549251Z   set-safe-directory: true
2026-10-08T14:49:04.0549757Z   allow-unsafe-pr-checkout: false
2026-10-08T14:49:04.0550783Z ##[endgroup]
2026-10-08T14:49:04.1574312Z Syncing repository: guluchen/DistQLDPC
2026-10-08T14:49:04.1576818Z ##[group]Getting Git version info
2026-10-08T14:49:04.1578058Z Working directory is '/home/runner/work/DistQLDPC/DistQLDPC'
2026-10-08T14:49:04.1579789Z [command]/usr/bin/git version
2026-10-08T14:49:04.1665489Z git version 2.55.0
2026-10-08T14:49:04.1696989Z ##[endgroup]
2026-10-08T14:49:04.1703777Z Temporarily overriding HOME='/home/runner/work/_temp/15adba28-26a7-48b0-badf-1f6227670b77' before making global git config changes
2026-10-08T14:49:04.1706059Z Adding repository directory to the temporary git global config as a safe directory
2026-10-08T14:49:04.1709748Z [command]/usr/bin/git config --global --add safe.directory /home/runner/work/DistQLDPC/DistQLDPC
2026-10-08T14:49:04.1763566Z Deleting the contents of '/home/runner/work/DistQLDPC/DistQLDPC'
2026-10-08T14:49:04.1767068Z ##[group]Determining repository object format
2026-10-08T14:49:04.1768585Z ##[endgroup]
2026-10-08T14:49:04.1769851Z ##[group]Initializing the repository
2026-10-08T14:49:04.1773129Z [command]/usr/bin/git init /home/runner/work/DistQLDPC/DistQLDPC
2026-10-08T14:49:04.1907690Z hint: Using 'master' as the name for the initial branch. This default branch name
2026-10-08T14:49:04.1909480Z hint: will change to "main" in Git 3.0. To configure the initial branch name
2026-10-08T14:49:04.1912319Z hint: to use in all of your new repositories, which will suppress this warning,
2026-10-08T14:49:04.1913970Z hint: call:
2026-10-08T14:49:04.1915750Z hint:
2026-10-08T14:49:04.1918006Z hint: 	git config --global init.defaultBranch <name>
2026-10-08T14:49:04.1919301Z hint:
2026-10-08T14:49:04.1920900Z hint: Names commonly chosen instead of 'master' are 'main', 'trunk' and
2026-10-08T14:49:04.1923063Z hint: 'development'. The just-created branch can be renamed via this command:
2026-10-08T14:49:04.1924479Z hint:
2026-10-08T14:49:04.1925265Z hint: 	git branch -m <name>
2026-10-08T14:49:04.1926141Z hint:
2026-10-08T14:49:04.1927201Z hint: Disable this message with "git config set advice.defaultBranchName false"
2026-10-08T14:49:04.1928894Z Initialized empty Git repository in /home/runner/work/DistQLDPC/DistQLDPC/.git/
2026-10-08T14:49:04.1934597Z [command]/usr/bin/git remote add origin https://github.com/guluchen/DistQLDPC
2026-10-08T14:49:04.1985178Z ##[endgroup]
2026-10-08T14:49:04.1986501Z ##[group]Disabling automatic garbage collection
2026-10-08T14:49:04.1988998Z [command]/usr/bin/git config --local gc.auto 0
2026-10-08T14:49:04.2024881Z ##[endgroup]
2026-10-08T14:49:04.2026094Z ##[group]Setting up auth
2026-10-08T14:49:04.2027009Z Removing SSH command configuration
2026-10-08T14:49:04.2030984Z [command]/usr/bin/git config --local --name-only --get-regexp core\.sshCommand
2026-10-08T14:49:04.2066004Z [command]/usr/bin/git submodule foreach --recursive sh -c "git config --local --name-only --get-regexp 'core\.sshCommand' && git config --local --unset-all 'core.sshCommand' || :"
2026-10-08T14:49:04.2470303Z Removing HTTP extra header
2026-10-08T14:49:04.2476506Z [command]/usr/bin/git config --local --name-only --get-regexp http\.https\:\/\/github\.com\/\.extraheader
2026-10-08T14:49:04.2514820Z [command]/usr/bin/git submodule foreach --recursive sh -c "git config --local --name-only --get-regexp 'http\.https\:\/\/github\.com\/\.extraheader' && git config --local --unset-all 'http.https://github.com/.extraheader' || :"
2026-10-08T14:49:04.2738020Z Removing includeIf entries pointing to credentials config files
2026-10-08T14:49:04.2744372Z [command]/usr/bin/git config --local --name-only --get-regexp ^includeIf\.gitdir:
2026-10-08T14:49:04.2780645Z [command]/usr/bin/git submodule foreach --recursive git config --local --show-origin --name-only --get-regexp remote.origin.url
2026-10-08T14:49:04.3003930Z [command]/usr/bin/git config --file /home/runner/work/_temp/git-credentials-553f0044-4f85-4e30-835e-3d2c7a0ed6c6.config http.https://github.com/.extraheader AUTHORIZATION: basic ***
2026-10-08T14:49:04.3044126Z [command]/usr/bin/git config --local includeIf.gitdir:/home/runner/work/DistQLDPC/DistQLDPC/.git.path /home/runner/work/_temp/git-credentials-553f0044-4f85-4e30-835e-3d2c7a0ed6c6.config
2026-10-08T14:49:04.3078805Z [command]/usr/bin/git config --local includeIf.gitdir:/home/runner/work/DistQLDPC/DistQLDPC/.git/worktrees/*.path /home/runner/work/_temp/git-credentials-553f0044-4f85-4e30-835e-3d2c7a0ed6c6.config
2026-10-08T14:49:04.3116988Z [command]/usr/bin/git config --local includeIf.gitdir:/github/workspace/.git.path /github/runner_temp/git-credentials-553f0044-4f85-4e30-835e-3d2c7a0ed6c6.config
2026-10-08T14:49:04.3152548Z [command]/usr/bin/git config --local includeIf.gitdir:/github/workspace/.git/worktrees/*.path /github/runner_temp/git-credentials-553f0044-4f85-4e30-835e-3d2c7a0ed6c6.config
2026-10-08T14:49:04.3184201Z ##[endgroup]
2026-10-08T14:49:04.3184983Z ##[group]Fetching the repository
2026-10-08T14:49:04.3191700Z [command]/usr/bin/git -c protocol.version=2 fetch --no-tags --prune --no-recurse-submodules --depth=1 origin +81968c22c3614d0903b88ddde650b000c9cf36b9:refs/remotes/pull/18/merge
2026-10-08T14:49:04.6259120Z From https://github.com/guluchen/DistQLDPC
2026-10-08T14:49:04.6260241Z  * [new ref]         81968c22c3614d0903b88ddde650b000c9cf36b9 -> pull/18/merge
2026-10-08T14:49:04.6265468Z ##[endgroup]
2026-10-08T14:49:04.6266925Z ##[group]Determining the checkout info
2026-10-08T14:49:04.6268311Z ##[endgroup]
2026-10-08T14:49:04.6271580Z [command]/usr/bin/git sparse-checkout disable
2026-10-08T14:49:04.6329366Z [command]/usr/bin/git config --local --unset-all extensions.worktreeConfig
2026-10-08T14:49:04.6364046Z ##[group]Checking out the ref
2026-10-08T14:49:04.6367522Z [command]/usr/bin/git checkout --progress --force refs/remotes/pull/18/merge
2026-10-08T14:49:04.6899816Z Note: switching to 'refs/remotes/pull/18/merge'.
2026-10-08T14:49:04.6900831Z 
2026-10-08T14:49:04.6901287Z You are in 'detached HEAD' state. You can look around, make experimental
2026-10-08T14:49:04.6902291Z changes and commit them, and you can discard any commits you make in this
2026-10-08T14:49:04.6903251Z state without impacting any branches by switching back to a branch.
2026-10-08T14:49:04.6903819Z 
2026-10-08T14:49:04.6904291Z If you want to create a new branch to retain commits you create, you may
2026-10-08T14:49:04.6905206Z do so (now or later) by using -c with the switch command. Example:
2026-10-08T14:49:04.6905737Z 
2026-10-08T14:49:04.6905974Z   git switch -c <new-branch-name>
2026-10-08T14:49:04.6906336Z 
2026-10-08T14:49:04.6906570Z Or undo this operation with:
2026-10-08T14:49:04.6906931Z 
2026-10-08T14:49:04.6907138Z   git switch -
2026-10-08T14:49:04.6907436Z 
2026-10-08T14:49:04.6907915Z Turn off this advice by setting config variable advice.detachedHead to false
2026-10-08T14:49:04.6908518Z 
2026-10-08T14:49:04.6909182Z HEAD is now at 81968c2 Merge 191de6849357574c830e14992a7afe9615dad320 into 24572d6d09cce9a4a5faa58300a89e0feba9da6a
2026-10-08T14:49:04.6925667Z ##[endgroup]
2026-10-08T14:49:04.6977620Z [command]/usr/bin/git log -1 --format=%H
2026-10-08T14:49:04.7007036Z 81968c22c3614d0903b88ddde650b000c9cf36b9
2026-10-08T14:49:04.7254449Z ##[group]Run sudo apt-get update
2026-10-08T14:49:04.7255163Z [36;1msudo apt-get update[0m
2026-10-08T14:49:04.7255882Z [36;1msudo apt-get install --yes build-essential zlib1g-dev[0m
2026-10-08T14:49:04.7562667Z shell: /usr/bin/bash -e {0}
2026-10-08T14:49:04.7563544Z ##[endgroup]
2026-10-08T14:49:04.9496777Z Get:1 file:/etc/apt/apt-mirrors.txt Mirrorlist [144 B]
2026-10-08T14:49:04.9634681Z Get:6 https://packages.microsoft.com/ubuntu/24.04/prod noble InRelease [3600 B]
2026-10-08T14:49:04.9911758Z Hit:2 http://azure.archive.ubuntu.com/ubuntu noble InRelease
2026-10-08T14:49:04.9923238Z Get:3 http://azure.archive.ubuntu.com/ubuntu noble-updates InRelease [126 kB]
2026-10-08T14:49:04.9953380Z Get:4 http://azure.archive.ubuntu.com/ubuntu noble-backports InRelease [126 kB]
2026-10-08T14:49:04.9982705Z Get:5 http://azure.archive.ubuntu.com/ubuntu noble-security InRelease [126 kB]
2026-10-08T14:49:05.1348926Z Get:7 https://packages.microsoft.com/ubuntu/24.04/prod noble/main arm64 Packages [474 kB]
2026-10-08T14:49:05.1608932Z Get:8 https://packages.microsoft.com/ubuntu/24.04/prod noble/main all Packages [640 B]
2026-10-08T14:49:05.1634546Z Get:9 https://packages.microsoft.com/ubuntu/24.04/prod noble/main armhf Packages [12.3 kB]
2026-10-08T14:49:05.1662621Z Get:10 https://packages.microsoft.com/ubuntu/24.04/prod noble/main amd64 Packages [531 kB]
2026-10-08T14:49:05.2451166Z Get:11 http://azure.archive.ubuntu.com/ubuntu noble-updates/main amd64 Packages [1375 kB]
2026-10-08T14:49:05.2519209Z Get:12 http://azure.archive.ubuntu.com/ubuntu noble-updates/main Translation-en [306 kB]
2026-10-08T14:49:05.2538651Z Get:13 http://azure.archive.ubuntu.com/ubuntu noble-updates/universe amd64 Packages [1702 kB]
2026-10-08T14:49:05.2648540Z Get:14 http://azure.archive.ubuntu.com/ubuntu noble-updates/universe Translation-en [341 kB]
2026-10-08T14:49:05.2653660Z Get:15 http://azure.archive.ubuntu.com/ubuntu noble-updates/restricted amd64 Packages [1761 kB]
2026-10-08T14:49:05.2751884Z Get:16 http://azure.archive.ubuntu.com/ubuntu noble-updates/restricted Translation-en [401 kB]
2026-10-08T14:49:05.2772711Z Get:17 http://azure.archive.ubuntu.com/ubuntu noble-updates/multiverse amd64 Packages [55.0 kB]
2026-10-08T14:49:05.2777246Z Get:18 http://azure.archive.ubuntu.com/ubuntu noble-updates/multiverse Translation-en [14.3 kB]
2026-10-08T14:49:05.3800732Z Get:19 http://azure.archive.ubuntu.com/ubuntu noble-security/main amd64 Packages [1089 kB]
2026-10-08T14:49:05.3865781Z Get:20 http://azure.archive.ubuntu.com/ubuntu noble-security/main Translation-en [225 kB]
2026-10-08T14:49:05.4331771Z Get:21 http://azure.archive.ubuntu.com/ubuntu noble-security/universe amd64 Packages [1218 kB]
2026-10-08T14:49:05.4407613Z Get:22 http://azure.archive.ubuntu.com/ubuntu noble-security/universe Translation-en [245 kB]
2026-10-08T14:49:05.4425470Z Get:23 http://azure.archive.ubuntu.com/ubuntu noble-security/restricted amd64 Packages [1594 kB]
2026-10-08T14:49:05.4497659Z Get:24 http://azure.archive.ubuntu.com/ubuntu noble-security/restricted Translation-en [366 kB]
2026-10-08T14:49:05.4518577Z Get:25 http://azure.archive.ubuntu.com/ubuntu noble-security/multiverse Translation-en [11.6 kB]
2026-10-08T14:49:08.6635025Z Fetched 12.1 MB in 1s (8805 kB/s)
2026-10-08T14:49:09.4753573Z Reading package lists...
2026-10-08T14:49:09.5065360Z Reading package lists...
2026-10-08T14:49:09.6822926Z Building dependency tree...
2026-10-08T14:49:09.6829740Z Reading state information...
2026-10-08T14:49:09.8433847Z zlib1g-dev is already the newest version (1:1.3.dfsg-3.1ubuntu2.2).
2026-10-08T14:49:09.8434537Z The following NEW packages will be installed:
2026-10-08T14:49:09.8439073Z   build-essential
2026-10-08T14:49:09.8607187Z 0 upgraded, 1 newly installed, 0 to remove and 17 not upgraded.
2026-10-08T14:49:09.8608197Z Need to get 4928 B of archives.
2026-10-08T14:49:09.8608790Z After this operation, 17.4 kB of additional disk space will be used.
2026-10-08T14:49:09.8609407Z Get:1 file:/etc/apt/apt-mirrors.txt Mirrorlist [144 B]
2026-10-08T14:49:09.9697963Z Get:2 http://azure.archive.ubuntu.com/ubuntu noble/main amd64 build-essential amd64 12.10ubuntu1 [4928 B]
2026-10-08T14:49:10.2389646Z Fetched 4928 B in 0s (41.2 kB/s)
2026-10-08T14:49:10.2992901Z Selecting previously unselected package build-essential.
2026-10-08T14:49:10.3406171Z (Reading database ... 
2026-10-08T14:49:10.3407161Z (Reading database ... 5%
2026-10-08T14:49:10.3407862Z (Reading database ... 10%
2026-10-08T14:49:10.3408628Z (Reading database ... 15%
2026-10-08T14:49:10.3409368Z (Reading database ... 20%
2026-10-08T14:49:10.3410084Z (Reading database ... 25%
2026-10-08T14:49:10.3411078Z (Reading database ... 30%
2026-10-08T14:49:10.3411851Z (Reading database ... 35%
2026-10-08T14:49:10.3412615Z (Reading database ... 40%
2026-10-08T14:49:10.3413395Z (Reading database ... 45%
2026-10-08T14:49:10.3414165Z (Reading database ... 50%
2026-10-08T14:49:10.4310510Z (Reading database ... 55%
2026-10-08T14:49:11.0652046Z (Reading database ... 60%
2026-10-08T14:49:11.5799853Z (Reading database ... 65%
2026-10-08T14:49:12.1249213Z (Reading database ... 70%
2026-10-08T14:49:12.7999208Z (Reading database ... 75%
2026-10-08T14:49:13.4780252Z (Reading database ... 80%
2026-10-08T14:49:14.7077631Z (Reading database ... 85%
2026-10-08T14:49:16.0439652Z (Reading database ... 90%
2026-10-08T14:49:17.4915105Z (Reading database ... 95%
2026-10-08T14:49:17.4915556Z (Reading database ... 100%
2026-10-08T14:49:17.4916109Z (Reading database ... 203191 files and directories currently installed.)
2026-10-08T14:49:17.4960572Z Preparing to unpack .../build-essential_12.10ubuntu1_amd64.deb ...
2026-10-08T14:49:17.5009746Z Unpacking build-essential (12.10ubuntu1) ...
2026-10-08T14:49:17.5415812Z Setting up build-essential (12.10ubuntu1) ...
2026-10-08T14:49:19.3751268Z 
2026-10-08T14:49:19.3751987Z Running kernel seems to be up-to-date.
2026-10-08T14:49:19.3752495Z 
2026-10-08T14:49:19.3752708Z No services need to be restarted.
2026-10-08T14:49:19.3753165Z 
2026-10-08T14:49:19.3753467Z No containers need to be restarted.
2026-10-08T14:49:19.3753923Z 
2026-10-08T14:49:19.3754251Z No user sessions are running outdated binaries.
2026-10-08T14:49:19.3845507Z 
2026-10-08T14:49:19.3845933Z No VM guests are running outdated hypervisor (qemu) binaries on this host.
2026-10-08T14:49:20.1787325Z ##[group]Run make --jobs="$(nproc)"
2026-10-08T14:49:20.1787834Z [36;1mmake --jobs="$(nproc)"[0m
2026-10-08T14:49:20.1853888Z shell: /usr/bin/bash -e {0}
2026-10-08T14:49:20.1854156Z ##[endgroup]
2026-10-08T14:49:20.2361167Z g++ -Isrc/solver -Wall -Wno-parentheses -O3 -g -D __STDC_LIMIT_MACROS -D __STDC_FORMAT_MACROS -DNDEBUG -c -o build/SimpSolver.o src/solver/SimpSolver.cc
2026-10-08T14:49:20.2448034Z g++ -Isrc/solver -Wall -Wno-parentheses -O3 -g -D __STDC_LIMIT_MACROS -D __STDC_FORMAT_MACROS -DNDEBUG -c -o build/Solver.o src/solver/Solver.cc
2026-10-08T14:49:20.2451466Z g++ -Isrc/solver -Wall -Wno-parentheses -O3 -g -D __STDC_LIMIT_MACROS -D __STDC_FORMAT_MACROS -DNDEBUG -c -o build/Options.o src/solver/utils/Options.cc
2026-10-08T14:49:20.2453506Z g++ -Isrc/solver -Wall -Wno-parentheses -O3 -g -D __STDC_LIMIT_MACROS -D __STDC_FORMAT_MACROS -DNDEBUG -c -o build/System.o src/solver/utils/System.cc
2026-10-08T14:49:22.6908670Z In file included from src/solver/utils/Options.cc:21:
2026-10-08T14:49:22.6910039Z src/solver/utils/Options.h:285:29: warning: invalid suffix on literal; C++11 requires a space between literal and string macro [-Wliteral-suffix]
2026-10-08T14:49:22.6911656Z   285 |             fprintf(stderr, "%4"PRIi64, range.begin);
2026-10-08T14:49:22.6912205Z       |                             ^
2026-10-08T14:49:22.6912850Z In file included from src/solver/Solver.h:53,
2026-10-08T14:49:22.6913372Z                  from src/solver/SimpSolver.h:37,
2026-10-08T14:49:22.6913895Z                  from src/solver/SimpSolver.cc:34:
2026-10-08T14:49:22.6914952Z src/solver/utils/Options.h:285:29: warning: invalid suffix on literal; C++11 requires a space between literal and string macro [-Wliteral-suffix]
2026-10-08T14:49:22.6916040Z   285 |             fprintf(stderr, "%4"PRIi64, range.begin);
2026-10-08T14:49:22.6916346Z       |                             ^
2026-10-08T14:49:22.6916917Z src/solver/utils/Options.h:291:29: warning: invalid suffix on literal; C++11 requires a space between literal and string macro [-Wliteral-suffix]
2026-10-08T14:49:22.6917539Z   291 |             fprintf(stderr, "%4"PRIi64, range.end);
2026-10-08T14:49:22.6917828Z       |                             ^
2026-10-08T14:49:22.6918393Z src/solver/utils/Options.h:291:29: warning: invalid suffix on literal; C++11 requires a space between literal and string macro [-Wliteral-suffix]
2026-10-08T14:49:22.6919041Z   291 |             fprintf(stderr, "%4"PRIi64, range.end);
2026-10-08T14:49:22.6919339Z       |                             ^
2026-10-08T14:49:22.6920273Z src/solver/utils/Options.h:293:25: warning: invalid suffix on literal; C++11 requires a space between literal and string macro [-Wliteral-suffix]
2026-10-08T14:49:22.6921705Z   293 |         fprintf(stderr, "] (default: %"PRIi64")\n", value);
2026-10-08T14:49:22.6922099Z       |                         ^
2026-10-08T14:49:22.6922681Z src/solver/utils/Options.h:293:25: warning: invalid suffix on literal; C++11 requires a space between literal and string macro [-Wliteral-suffix]
2026-10-08T14:49:22.6923339Z   293 |         fprintf(stderr, "] (default: %"PRIi64")\n", value);
2026-10-08T14:49:22.6923656Z       |                         ^
2026-10-08T14:49:22.7135845Z In file included from src/solver/Solver.h:53,
2026-10-08T14:49:22.7136562Z                  from src/solver/Solver.cc:107:
2026-10-08T14:49:22.7137784Z src/solver/utils/Options.h:285:29: warning: invalid suffix on literal; C++11 requires a space between literal and string macro [-Wliteral-suffix]
2026-10-08T14:49:22.7138756Z   285 |             fprintf(stderr, "%4"PRIi64, range.begin);
2026-10-08T14:49:22.7139390Z       |                             ^
2026-10-08T14:49:22.7140291Z src/solver/utils/Options.h:291:29: warning: invalid suffix on literal; C++11 requires a space between literal and string macro [-Wliteral-suffix]
2026-10-08T14:49:22.7141511Z   291 |             fprintf(stderr, "%4"PRIi64, range.end);
2026-10-08T14:49:22.7142003Z       |                             ^
2026-10-08T14:49:22.7143274Z src/solver/utils/Options.h:293:25: warning: invalid suffix on literal; C++11 requires a space between literal and string macro [-Wliteral-suffix]
2026-10-08T14:49:22.7144520Z   293 |         fprintf(stderr, "] (default: %"PRIi64")\n", value);
2026-10-08T14:49:22.7145040Z       |                         ^
2026-10-08T14:49:23.0716694Z src/solver/Solver.h: In constructor ‘Minisat::Solver::Solver()’:
2026-10-08T14:49:23.0718550Z src/solver/Solver.h:480:15: warning: ‘Minisat::Solver::my_var_decay’ will be initialized after [-Wreorder]
2026-10-08T14:49:23.0719963Z   480 |     double    my_var_decay;
2026-10-08T14:49:23.0721086Z       |               ^~~~~~~~~~~~
2026-10-08T14:49:23.0722985Z src/solver/Solver.h:293:42: warning:   ‘Minisat::Heap<Minisat::Solver::VarOrderLt> Minisat::Solver::order_heap_distance’ [-Wreorder]
2026-10-08T14:49:23.0724561Z   293 |                         order_heap_VSIDS,order_heap_distance;
2026-10-08T14:49:23.0725522Z       |                                          ^~~~~~~~~~~~~~~~~~~
2026-10-08T14:49:23.0726619Z src/solver/Solver.cc:143:1: warning:   when initialized here [-Wreorder]
2026-10-08T14:49:23.0727625Z   143 | Solver::Solver() :
2026-10-08T14:49:23.0728294Z       | ^~~~~~
2026-10-08T14:49:23.0729647Z src/solver/Solver.h:514:14: warning: ‘Minisat::Solver::lastOptimalCost’ will be initialized after [-Wreorder]
2026-10-08T14:49:23.0731163Z   514 |     uint64_t lastOptimalCost;
2026-10-08T14:49:23.0731842Z       |              ^~~~~~~~~~~~~~~
2026-10-08T14:49:23.0733053Z src/solver/Solver.h:513:40: warning:   ‘uint64_t Minisat::Solver::totalWeight’ [-Wreorder]
2026-10-08T14:49:23.0734358Z   513 |     uint64_t hardWeight, solutionCost, totalWeight, UB;
2026-10-08T14:49:23.0735237Z       |                                        ^~~~~~~~~~~
2026-10-08T14:49:23.0736214Z src/solver/Solver.cc:143:1: warning:   when initialized here [-Wreorder]
2026-10-08T14:49:23.0737218Z   143 | Solver::Solver() :
2026-10-08T14:49:23.0737865Z       | ^~~~~~
2026-10-08T14:49:23.0739255Z src/solver/Solver.h:707:25: warning: ‘Minisat::Solver::orderHeapAuxi’ will be initialized after [-Wreorder]
2026-10-08T14:49:23.0740787Z   707 |     Heap<VarOrderGt>    orderHeapAuxi;
2026-10-08T14:49:23.0741593Z       |                         ^~~~~~~~~~~~~
2026-10-08T14:49:23.0742899Z src/solver/Solver.h:619:25: warning:   ‘int Minisat::Solver::tier2_lbd_cut’ [-Wreorder]
2026-10-08T14:49:23.0743978Z   619 |     int                 tier2_lbd_cut;
2026-10-08T14:49:23.0744760Z       |                         ^~~~~~~~~~~~~
2026-10-08T14:49:23.0745644Z src/solver/Solver.cc:143:1: warning:   when initialized here [-Wreorder]
2026-10-08T14:49:23.0746636Z   143 | Solver::Solver() :
2026-10-08T14:49:23.0747293Z       | ^~~~~~
2026-10-08T14:49:23.0748714Z src/solver/Solver.h:663:9: warning: ‘Minisat::Solver::cardinalityEncMode’ will be initialized after [-Wreorder]
2026-10-08T14:49:23.0749960Z   663 |     int cardinalityEncMode;
2026-10-08T14:49:23.0750955Z       |         ^~~~~~~~~~~~~~~~~~
2026-10-08T14:49:23.0752329Z src/solver/Solver.h:644:14: warning:   ‘uint64_t Minisat::Solver::quasiSoftConflicts’ [-Wreorder]
2026-10-08T14:49:23.0754381Z   644 |     uint64_t quasiSoftConflicts;
2026-10-08T14:49:23.0755143Z       |              ^~~~~~~~~~~~~~~~~~
2026-10-08T14:49:23.0755983Z src/solver/Solver.cc:143:1: warning:   when initialized here [-Wreorder]
2026-10-08T14:49:23.0756975Z   143 | Solver::Solver() :
2026-10-08T14:49:23.0757631Z       | ^~~~~~
2026-10-08T14:49:23.0758940Z src/solver/Solver.h:696:14: warning: ‘Minisat::Solver::nbFixedByLH’ will be initialized after [-Wreorder]
2026-10-08T14:49:23.0760118Z   696 |     uint64_t nbFixedByLH;
2026-10-08T14:49:23.0761106Z       |              ^~~~~~~~~~~
2026-10-08T14:49:23.0762398Z src/solver/Solver.h:562:10: warning:   ‘bool Minisat::Solver::bestSolutionFound’ [-Wreorder]
2026-10-08T14:49:23.0763519Z   562 |     bool bestSolutionFound;
2026-10-08T14:49:23.0764220Z       |          ^~~~~~~~~~~~~~~~~
2026-10-08T14:49:23.0765613Z src/solver/Solver.cc:143:1: warning:   when initialized here [-Wreorder]
2026-10-08T14:49:23.0766862Z   143 | Solver::Solver() :
2026-10-08T14:49:23.0767516Z       | ^~~~~~
2026-10-08T14:49:23.0768847Z src/solver/Solver.h:564:9: warning: ‘Minisat::Solver::nbSatLitsAtStart’ will be initialized after [-Wreorder]
2026-10-08T14:49:23.0770088Z   564 |     int nbSatLitsAtStart;
2026-10-08T14:49:23.0771064Z       |         ^~~~~~~~~~~~~~~~
2026-10-08T14:49:23.0772228Z src/solver/Solver.h:560:9: warning:   ‘int Minisat::Solver::bounds_pipe_w’ [-Wreorder]
2026-10-08T14:49:23.0773180Z   560 |     int bounds_pipe_w;
2026-10-08T14:49:23.0773867Z       |         ^~~~~~~~~~~~~
2026-10-08T14:49:23.0774736Z src/solver/Solver.cc:143:1: warning:   when initialized here [-Wreorder]
2026-10-08T14:49:23.0775717Z   143 | Solver::Solver() :
2026-10-08T14:49:23.0776380Z       | ^~~~~~
2026-10-08T14:49:23.0863288Z src/solver/Solver.cc: In member function ‘Minisat::CRef Minisat::Solver::simplePropagate()’:
2026-10-08T14:49:23.0865469Z src/solver/Solver.cc:316:27: warning: comparison of integer expressions of different signedness: ‘unsigned int’ and ‘int’ [-Wsign-compare]
2026-10-08T14:49:23.0866910Z   316 |         if (c.lastPoint() > c.size())
2026-10-08T14:49:23.0867549Z       |             ~~~~~~~~~~~~~~^~~~~~~~~~
2026-10-08T14:49:23.0869069Z src/solver/Solver.cc:335:27: warning: comparison of integer expressions of different signedness: ‘int’ and ‘unsigned int’ [-Wsign-compare]
2026-10-08T14:49:23.0870270Z   335 |         for (int k = 2; k < c.lastPoint(); k++) {
2026-10-08T14:49:23.0871118Z       |                         ~~^~~~~~~~~~~~~~~
2026-10-08T14:49:23.0874414Z src/solver/Solver.cc:381:63: warning: comparison of integer expressions of different signedness: ‘int’ and ‘uint64_t’ {aka ‘long unsigned int’} [-Wsign-compare]
2026-10-08T14:49:23.0875856Z   381 |     if (confl == CRef_Undef && falseLits.size() + rootNbIsets >= UB)
2026-10-08T14:49:23.0876578Z       |                                ~~~~~~~~~~~~~~~~~~~~~~~~~~~~~~~^~~~~
2026-10-08T14:49:23.0925044Z src/solver/Solver.cc: In member function ‘bool Minisat::Solver::simplifyLearnt_core()’:
2026-10-08T14:49:23.0927001Z src/solver/Solver.cc:787:34: warning: comparison of integer expressions of different signedness: ‘unsigned int’ and ‘int’ [-Wsign-compare]
2026-10-08T14:49:23.0928490Z   787 |                     if (nblevels < c.lbd()){
2026-10-08T14:49:23.0929471Z       |                         ~~~~~~~~~^~~~~~~~~
2026-10-08T14:49:23.0931153Z src/solver/Solver.cc:721:9: warning: unused variable ‘learnts_core_size_before’ [-Wunused-variable]
2026-10-08T14:49:23.0932519Z   721 |     int learnts_core_size_before = learnts_core.size();
2026-10-08T14:49:23.0933404Z       |         ^~~~~~~~~~~~~~~~~~~~~~~~
2026-10-08T14:49:23.0936674Z src/solver/Solver.cc: In member function ‘bool Minisat::Solver::simplifyLearnt_tier2()’:
2026-10-08T14:49:23.0938371Z src/solver/Solver.cc:895:34: warning: comparison of integer expressions of different signedness: ‘unsigned int’ and ‘int’ [-Wsign-compare]
2026-10-08T14:49:23.0939585Z   895 |                     if (nblevels < c.lbd()){
2026-10-08T14:49:23.0940132Z       |                         ~~~~~~~~~^~~~~~~~~
2026-10-08T14:49:23.0941682Z src/solver/Solver.cc:823:9: warning: unused variable ‘learnts_tier2_size_before’ [-Wunused-variable]
2026-10-08T14:49:23.0942848Z   823 |     int learnts_tier2_size_before = learnts_tier2.size();
2026-10-08T14:49:23.0943599Z       |         ^~~~~~~~~~~~~~~~~~~~~~~~~
2026-10-08T14:49:23.0944722Z src/solver/Solver.cc:828:9: warning: variable ‘limit’ set but not used [-Wunused-but-set-variable]
2026-10-08T14:49:23.0945769Z   828 |     int limit;
2026-10-08T14:49:23.0946193Z       |         ^~~~~
2026-10-08T14:49:23.1343208Z In file included from src/solver/mtl/Sort.h:24,
2026-10-08T14:49:23.1344242Z                  from src/solver/SimpSolver.cc:33:
2026-10-08T14:49:23.1346499Z src/solver/mtl/Vec.h: In instantiation of ‘void Minisat::vec<T>::capacity(int) [with T = Minisat::vec<unsigned int>]’:
2026-10-08T14:49:23.1349750Z src/solver/mtl/Vec.h:115:13:   required from ‘void Minisat::vec<T>::growTo(int) [with T = Minisat::vec<unsigned int>]’
2026-10-08T14:49:23.1354391Z src/solver/SolverTypes.h:339:50:   required from ‘void Minisat::OccLists<Idx, Vec, Deleted>::init(const Idx&) [with Idx = int; Vec = Minisat::vec<unsigned int>; Deleted = Minisat::SimpSolver::ClauseDeleted]’
2026-10-08T14:49:23.1357333Z src/solver/SimpSolver.cc:98:24:   required from here
2026-10-08T14:49:23.1360852Z src/solver/mtl/Vec.h:99:54: warning: ‘void* realloc(void*, size_t)’ moving an object of non-trivially copyable type ‘class Minisat::vec<unsigned int>’; use ‘new’ and ‘delete’ instead [-Wclass-memaccess]
2026-10-08T14:49:23.1363051Z    99 |     if (add > INT_MAX - cap || ((data = (T*)::realloc(data, (cap += add) * sizeof(T))) == NULL) && errno == ENOMEM)
2026-10-08T14:49:23.1364025Z       |                                             ~~~~~~~~~^~~~~~~~~~~~~~~~~~~~~~~~~~~~~~~~
2026-10-08T14:49:23.1365136Z src/solver/mtl/Vec.h:38:7: note: ‘class Minisat::vec<unsigned int>’ declared here
2026-10-08T14:49:23.1365902Z    38 | class vec {
2026-10-08T14:49:23.1366287Z       |       ^~~
2026-10-08T14:49:23.1462315Z src/solver/Solver.cc: In member function ‘bool Minisat::Solver::failedLiteralDetection()’:
2026-10-08T14:49:23.1464026Z src/solver/Solver.cc:1038:100: warning: format ‘%llu’ expects argument of type ‘long long unsigned int’, but argument 7 has type ‘uint64_t’ {aka ‘long unsigned int’} [-Wformat=]
2026-10-08T14:49:23.1465289Z  1038 |   printf("c nbFailedLits %d, nbI %d, fixedVarsByFL %d, totalFixedVars %d, nbTested: %d, counter %llu\n",
2026-10-08T14:49:23.1466054Z       |                                                                                                 ~~~^
2026-10-08T14:49:23.1466610Z       |                                                                                                    |
2026-10-08T14:49:23.1467204Z       |                                                                                                    long long unsigned int
2026-10-08T14:49:23.1467824Z       |                                                                                                 %lu
2026-10-08T14:49:23.1468504Z  1039 |          nbFailedLits, nbI, trail.size()-initTrail, trail.size(), nbTested, counter);
2026-10-08T14:49:23.1469152Z       |                                                                             ~~~~~~~                 
2026-10-08T14:49:23.1469656Z       |                                                                             |
2026-10-08T14:49:23.1470185Z       |                                                                             uint64_t {aka long unsigned int}
2026-10-08T14:49:23.1592081Z src/solver/Solver.cc: In member function ‘bool Minisat::Solver::simplifyOriginalClauses()’:
2026-10-08T14:49:23.1595567Z src/solver/Solver.cc:1179:40: warning: format ‘%llu’ expects argument of type ‘long long unsigned int’, but argument 2 has type ‘uint64_t’ {aka ‘long unsigned int’} [-Wformat=]
2026-10-08T14:49:23.1598309Z  1179 |     printf("c total nb of literals: %llu\n", clauses_literals);
2026-10-08T14:49:23.1599574Z       |                                     ~~~^     ~~~~~~~~~~~~~~~~
2026-10-08T14:49:23.1600747Z       |                                        |     |
2026-10-08T14:49:23.1601571Z       |                                        |     uint64_t {aka long unsigned int}
2026-10-08T14:49:23.1602505Z       |                                        long long unsigned int
2026-10-08T14:49:23.1603299Z       |                                     %lu
2026-10-08T14:49:23.1604867Z src/solver/Solver.cc:1173:25: warning: unused variable ‘nbOriginalClauses_before’ [-Wunused-variable]
2026-10-08T14:49:23.1606411Z  1173 |     int last_shorten=0, nbOriginalClauses_before = clauses.size();
2026-10-08T14:49:23.1607350Z       |                         ^~~~~~~~~~~~~~~~~~~~~~~~
2026-10-08T14:49:23.1608710Z src/solver/Solver.cc:1185:17: warning: unused variable ‘begin_simp_time’ [-Wunused-variable]
2026-10-08T14:49:23.1609951Z  1185 |     double      begin_simp_time = cpuTime();
2026-10-08T14:49:23.1611229Z       |                 ^~~~~~~~~~~~~~~
2026-10-08T14:49:23.1621896Z src/solver/Solver.cc:1250:12: warning: variable ‘avg’ set but not used [-Wunused-but-set-variable]
2026-10-08T14:49:23.1631290Z  1250 |     double avg;
2026-10-08T14:49:23.1631862Z       |            ^~~
2026-10-08T14:49:23.1693601Z src/solver/Solver.cc: In member function ‘Minisat::CRef Minisat::Solver::propagate()’:
2026-10-08T14:49:23.1695276Z src/solver/Solver.cc:2005:31: warning: comparison of integer expressions of different signedness: ‘unsigned int’ and ‘int’ [-Wsign-compare]
2026-10-08T14:49:23.1696447Z  2005 |             if (c.lastPoint() > c.size())
2026-10-08T14:49:23.1696972Z       |                 ~~~~~~~~~~~~~~^~~~~~~~~~
2026-10-08T14:49:23.1698309Z src/solver/Solver.cc:2024:31: warning: comparison of integer expressions of different signedness: ‘int’ and ‘unsigned int’ [-Wsign-compare]
2026-10-08T14:49:23.1699503Z  2024 |             for (int k = 2; k < c.lastPoint(); k++) {
2026-10-08T14:49:23.1700109Z       |                             ~~^~~~~~~~~~~~~~~
2026-10-08T14:49:23.1702989Z src/solver/Solver.cc:2076:49: warning: comparison of integer expressions of different signedness: ‘int’ and ‘uint64_t’ {aka ‘long unsigned int’} [-Wsign-compare]
2026-10-08T14:49:23.1704321Z  2076 |     if (confl == CRef_Undef && falseLits.size() >= UB)
2026-10-08T14:49:23.1704928Z       |                                ~~~~~~~~~~~~~~~~~^~~~~
2026-10-08T14:49:23.1705930Z src/solver/Solver.cc:2072:1: warning: label ‘ExitProp’ defined but not used [-Wunused-label]
2026-10-08T14:49:23.1706608Z  2072 | ExitProp:;
2026-10-08T14:49:23.1706817Z       | ^~~~~~~~
2026-10-08T14:49:23.1720748Z src/solver/Solver.cc: In member function ‘void Minisat::Solver::getAllUIP(Minisat::vec<Minisat::Lit>&, int&, int&)’:
2026-10-08T14:49:23.1722298Z src/solver/Solver.cc:2177:9: warning: variable ‘myLevel’ set but not used [-Wunused-but-set-variable]
2026-10-08T14:49:23.1723190Z  2177 |     int myLevel = decisionLevel() +1;
2026-10-08T14:49:23.1723702Z       |         ^~~~~~~
2026-10-08T14:49:23.1732637Z src/solver/Solver.cc: In member function ‘void Minisat::Solver::analyzeSoftConflict(Minisat::vec<Minisat::Lit>&, int&, int&)’:
2026-10-08T14:49:23.1735037Z src/solver/Solver.cc:2196:26: warning: comparison of integer expressions of different signedness: ‘int’ and ‘uint64_t’ {aka ‘long unsigned int’} [-Wsign-compare]
2026-10-08T14:49:23.1736509Z  2196 |     if (falseLits.size() >= UB)
2026-10-08T14:49:23.1737168Z       |         ~~~~~~~~~~~~~~~~~^~~~~
2026-10-08T14:49:23.1738805Z src/solver/Solver.cc:2206:26: warning: comparison of integer expressions of different signedness: ‘int’ and ‘uint64_t’ {aka ‘long unsigned int’} [-Wsign-compare]
2026-10-08T14:49:23.1740265Z  2206 |     if (falseLits.size() > UB) {
2026-10-08T14:49:23.1741216Z       |         ~~~~~~~~~~~~~~~~~^~~~
2026-10-08T14:49:23.1766610Z src/solver/Solver.cc: In member function ‘bool Minisat::Solver::simplifyLearnt_local()’:
2026-10-08T14:49:23.1768047Z src/solver/Solver.cc:2631:34: warning: comparison of integer expressions of different signedness: ‘unsigned int’ and ‘int’ [-Wsign-compare]
2026-10-08T14:49:23.1769058Z  2631 |                     if (nblevels < c.lbd()){
2026-10-08T14:49:23.1769365Z       |                         ~~~~~~~~~^~~~~~~~~
2026-10-08T14:49:23.1769976Z src/solver/Solver.cc:2559:7: warning: unused variable ‘learnts_local_size_before’ [-Wunused-variable]
2026-10-08T14:49:23.1770871Z  2559 |   int learnts_local_size_before = learnts_local.size();
2026-10-08T14:49:23.1771212Z       |       ^~~~~~~~~~~~~~~~~~~~~~~~~
2026-10-08T14:49:23.1771796Z src/solver/Solver.cc:2560:7: warning: unused variable ‘savedTrail’ [-Wunused-variable]
2026-10-08T14:49:23.1772629Z  2560 |   int savedTrail = trail.size();
2026-10-08T14:49:23.1773112Z       |       ^~~~~~~~~~
2026-10-08T14:49:23.1783186Z src/solver/Solver.cc: In member function ‘void Minisat::Solver::reduceDB_core()’:
2026-10-08T14:49:23.1784788Z src/solver/Solver.cc:2772:9: warning: unused variable ‘totalLocalSize’ [-Wunused-variable]
2026-10-08T14:49:23.1785710Z  2772 |     int totalLocalSize=0, removedSize=0;
2026-10-08T14:49:23.1786495Z       |         ^~~~~~~~~~~~~~
2026-10-08T14:49:23.1787390Z src/solver/Solver.cc:2772:27: warning: unused variable ‘removedSize’ [-Wunused-variable]
2026-10-08T14:49:23.1788232Z  2772 |     int totalLocalSize=0, removedSize=0;
2026-10-08T14:49:23.1788766Z       |                           ^~~~~~~~~~~
2026-10-08T14:49:23.1816613Z src/solver/Solver.cc: In member function ‘Minisat::CRef Minisat::Solver::lPropagate()’:
2026-10-08T14:49:23.1818699Z src/solver/Solver.cc:3022:20: warning: comparison of integer expressions of different signedness: ‘uint64_t’ {aka ‘long unsigned int’} and ‘int’ [-Wsign-compare]
2026-10-08T14:49:23.1820678Z  3022 |   if (UB > 1 && UB == falseLits.size() + 1 && decisionLevel() < hardenLevel) {
2026-10-08T14:49:23.1821666Z       |                 ~~~^~~~~~~~~~~~~~~~~~~~~~~
2026-10-08T14:49:23.1846690Z src/solver/Solver.cc: In member function ‘void Minisat::Solver::identifyClausesToSplit(Minisat::vec<unsigned int>&)’:
2026-10-08T14:49:23.1848001Z src/solver/Solver.cc:3170:46: warning: comparison of integer expressions of different signedness: ‘int’ and ‘uint64_t’ {aka ‘long unsigned int’} [-Wsign-compare]
2026-10-08T14:49:23.1848800Z  3170 |     for(j=i+1; j<cs.size() && 2*nbCommunLits >= UB; j++) {
2026-10-08T14:49:23.1849154Z       |                               ~~~~~~~~~~~~~~~^~~~~
2026-10-08T14:49:23.1932552Z src/solver/Solver.cc: In member function ‘Minisat::lbool Minisat::Solver::search(int&)’:
2026-10-08T14:49:23.1934465Z src/solver/Solver.cc:3822:31: warning: format ‘%llu’ expects argument of type ‘long long unsigned int’, but argument 2 has type ‘uint64_t’ {aka ‘long unsigned int’} [-Wformat=]
2026-10-08T14:49:23.1936488Z  3822 |               printf("c UB=%llu succs, confls=%llu, hconfls=%llu, core %d, tier2 %d, local %d,  %d soft cls unsat (%d at L0), %d fixed vars at L0, softCnfl %d, nbFlyRd %d, nbFixedLH %llu\n",
2026-10-08T14:49:23.1937888Z       |                            ~~~^
2026-10-08T14:49:23.1938309Z       |                               |
2026-10-08T14:49:23.1938788Z       |                               long long unsigned int
2026-10-08T14:49:23.1939268Z       |                            %lu
2026-10-08T14:49:23.1940152Z  3823 |                      UB, conflicts, conflicts-softConflicts, learnts_core.size(), learnts_tier2.size(), learnts_local.size(),
2026-10-08T14:49:23.1941335Z       |                      ~~        
2026-10-08T14:49:23.1941779Z       |                      |
2026-10-08T14:49:23.1942257Z       |                      uint64_t {aka long unsigned int}
2026-10-08T14:49:23.1943904Z src/solver/Solver.cc:3822:50: warning: format ‘%llu’ expects argument of type ‘long long unsigned int’, but argument 3 has type ‘uint64_t’ {aka ‘long unsigned int’} [-Wformat=]
2026-10-08T14:49:23.1946251Z  3822 |               printf("c UB=%llu succs, confls=%llu, hconfls=%llu, core %d, tier2 %d, local %d,  %d soft cls unsat (%d at L0), %d fixed vars at L0, softCnfl %d, nbFlyRd %d, nbFixedLH %llu\n",
2026-10-08T14:49:23.1947530Z       |                                               ~~~^
2026-10-08T14:49:23.1948045Z       |                                                  |
2026-10-08T14:49:23.1948604Z       |                                                  long long unsigned int
2026-10-08T14:49:23.1949190Z       |                                               %lu
2026-10-08T14:49:23.1950295Z  3823 |                      UB, conflicts, conflicts-softConflicts, learnts_core.size(), learnts_tier2.size(), learnts_local.size(),
2026-10-08T14:49:23.1951489Z       |                          ~~~~~~~~~                
2026-10-08T14:49:23.1951989Z       |                          |
2026-10-08T14:49:23.1952489Z       |                          uint64_t {aka long unsigned int}
2026-10-08T14:49:23.1954132Z src/solver/Solver.cc:3822:64: warning: format ‘%llu’ expects argument of type ‘long long unsigned int’, but argument 4 has type ‘uint64_t’ {aka ‘long unsigned int’} [-Wformat=]
2026-10-08T14:49:23.1956530Z  3822 |               printf("c UB=%llu succs, confls=%llu, hconfls=%llu, core %d, tier2 %d, local %d,  %d soft cls unsat (%d at L0), %d fixed vars at L0, softCnfl %d, nbFlyRd %d, nbFixedLH %llu\n",
2026-10-08T14:49:23.1958051Z       |                                                             ~~~^
2026-10-08T14:49:23.1958666Z       |                                                                |
2026-10-08T14:49:23.1959326Z       |                                                                long long unsigned int
2026-10-08T14:49:23.1959992Z       |                                                             %lu
2026-10-08T14:49:23.1961296Z  3823 |                      UB, conflicts, conflicts-softConflicts, learnts_core.size(), learnts_tier2.size(), learnts_local.size(),
2026-10-08T14:49:23.1962350Z       |                                     ~~~~~~~~~~~~~~~~~~~~~~~     
2026-10-08T14:49:23.1963128Z       |                                              |
2026-10-08T14:49:23.1963743Z       |                                              uint64_t {aka long unsigned int}
2026-10-08T14:49:23.1965459Z src/solver/Solver.cc:3822:186: warning: format ‘%llu’ expects argument of type ‘long long unsigned int’, but argument 13 has type ‘uint64_t’ {aka ‘long unsigned int’} [-Wformat=]
2026-10-08T14:49:23.1967566Z  3822 |               printf("c UB=%llu succs, confls=%llu, hconfls=%llu, core %d, tier2 %d, local %d,  %d soft cls unsat (%d at L0), %d fixed vars at L0, softCnfl %d, nbFlyRd %d, nbFixedLH %llu\n",
2026-10-08T14:49:23.1969172Z       |                                                                                                                                                                                       ~~~^
2026-10-08T14:49:23.1970615Z       |                                                                                                                                                                                          |
2026-10-08T14:49:23.1971933Z       |                                                                                                                                                                                          long long unsigned int
2026-10-08T14:49:23.1973167Z       |                                                                                                                                                                                       %lu
2026-10-08T14:49:23.1974681Z  3823 |                      UB, conflicts, conflicts-softConflicts, learnts_core.size(), learnts_tier2.size(), learnts_local.size(),
2026-10-08T14:49:23.1976021Z  3824 |                      falseLits.size(), nbFalses, nbFixeds, pureSoftConfl, nbFlyReduced, nbFixedByLH);
2026-10-08T14:49:23.1977196Z       |                                                                                         ~~~~~~~~~~~                                                                                       
2026-10-08T14:49:23.1978137Z       |                                                                                         |
2026-10-08T14:49:23.1978941Z       |                                                                                         uint64_t {aka long unsigned int}
2026-10-08T14:49:23.1981004Z src/solver/Solver.cc:3826:48: warning: format ‘%llu’ expects argument of type ‘long long unsigned int’, but argument 3 has type ‘uint64_t’ {aka ‘long unsigned int’} [-Wformat=]
2026-10-08T14:49:23.1983039Z  3826 |               printf("c nbHardens %d (fixed %llu), shorten: %llu, prunedLB %4.2f, dev %4.2f, succRate %4.2f, nbSucc %llu, lk: %llu, shorten: %llu, quasiC: %llu (fixed: %llu)\n\n",
2026-10-08T14:49:23.1984277Z       |                                             ~~~^
2026-10-08T14:49:23.1984785Z       |                                                |
2026-10-08T14:49:23.1985329Z       |                                                long long unsigned int
2026-10-08T14:49:23.1985898Z       |                                             %lu
2026-10-08T14:49:23.1987694Z  3827 |                      nbHardens, fixedByHardens, nbSavedLits, meanLB, dev, succRate, nbLKsuccess-savednbLKsuccess, LOOKAHEAD-savedLOOKAHEAD, nbSavedLits, quasiSoftConflicts, fixedByQuasiConfl);
2026-10-08T14:49:23.1989477Z       |                                 ~~~~~~~~~~~~~~  
2026-10-08T14:49:23.1989996Z       |                                 |
2026-10-08T14:49:23.1990801Z       |                                 uint64_t {aka long unsigned int}
2026-10-08T14:49:23.1992479Z src/solver/Solver.cc:3826:64: warning: format ‘%llu’ expects argument of type ‘long long unsigned int’, but argument 4 has type ‘uint64_t’ {aka ‘long unsigned int’} [-Wformat=]
2026-10-08T14:49:23.1994510Z  3826 |               printf("c nbHardens %d (fixed %llu), shorten: %llu, prunedLB %4.2f, dev %4.2f, succRate %4.2f, nbSucc %llu, lk: %llu, shorten: %llu, quasiC: %llu (fixed: %llu)\n\n",
2026-10-08T14:49:23.1995788Z       |                                                             ~~~^
2026-10-08T14:49:23.1996398Z       |                                                                |
2026-10-08T14:49:23.1997067Z       |                                                                long long unsigned int
2026-10-08T14:49:23.1997735Z       |                                                             %lu
2026-10-08T14:49:23.1999258Z  3827 |                      nbHardens, fixedByHardens, nbSavedLits, meanLB, dev, succRate, nbLKsuccess-savednbLKsuccess, LOOKAHEAD-savedLOOKAHEAD, nbSavedLits, quasiSoftConflicts, fixedByQuasiConfl);
2026-10-08T14:49:23.2001045Z       |                                                 ~~~~~~~~~~~     
2026-10-08T14:49:23.2001633Z       |                                                 |
2026-10-08T14:49:23.2002230Z       |                                                 uint64_t {aka long unsigned int}
2026-10-08T14:49:23.2004226Z src/solver/Solver.cc:3826:120: warning: format ‘%llu’ expects argument of type ‘long long unsigned int’, but argument 8 has type ‘uint64_t’ {aka ‘long unsigned int’} [-Wformat=]
2026-10-08T14:49:23.2006915Z  3826 |               printf("c nbHardens %d (fixed %llu), shorten: %llu, prunedLB %4.2f, dev %4.2f, succRate %4.2f, nbSucc %llu, lk: %llu, shorten: %llu, quasiC: %llu (fixed: %llu)\n\n",
2026-10-08T14:49:23.2008718Z       |                                                                                                                     ~~~^
2026-10-08T14:49:23.2009797Z       |                                                                                                                        |
2026-10-08T14:49:23.2011186Z       |                                                                                                                        long long unsigned int
2026-10-08T14:49:23.2012270Z       |                                                                                                                     %lu
2026-10-08T14:49:23.2013988Z  3827 |                      nbHardens, fixedByHardens, nbSavedLits, meanLB, dev, succRate, nbLKsuccess-savednbLKsuccess, LOOKAHEAD-savedLOOKAHEAD, nbSavedLits, quasiSoftConflicts, fixedByQuasiConfl);
2026-10-08T14:49:23.2015478Z       |                                                                                     ~~~~~~~~~~~~~~~~~~~~~~~~~~~~        
2026-10-08T14:49:23.2016187Z       |                                                                                                |
2026-10-08T14:49:23.2016916Z       |                                                                                                uint64_t {aka long unsigned int}
2026-10-08T14:49:23.2018562Z src/solver/Solver.cc:3826:130: warning: format ‘%llu’ expects argument of type ‘long long unsigned int’, but argument 9 has type ‘uint64_t’ {aka ‘long unsigned int’} [-Wformat=]
2026-10-08T14:49:23.2020660Z  3826 |               printf("c nbHardens %d (fixed %llu), shorten: %llu, prunedLB %4.2f, dev %4.2f, succRate %4.2f, nbSucc %llu, lk: %llu, shorten: %llu, quasiC: %llu (fixed: %llu)\n\n",
2026-10-08T14:49:23.2022204Z       |                                                                                                                               ~~~^
2026-10-08T14:49:23.2023193Z       |                                                                                                                                  |
2026-10-08T14:49:23.2024171Z       |                                                                                                                                  long long unsigned int
2026-10-08T14:49:23.2025139Z       |                                                                                                                               %lu
2026-10-08T14:49:23.2026849Z  3827 |                      nbHardens, fixedByHardens, nbSavedLits, meanLB, dev, succRate, nbLKsuccess-savednbLKsuccess, LOOKAHEAD-savedLOOKAHEAD, nbSavedLits, quasiSoftConflicts, fixedByQuasiConfl);
2026-10-08T14:49:23.2028575Z       |                                                                                                                   ~~~~~~~~~~~~~~~~~~~~~~~~
2026-10-08T14:49:23.2029492Z       |                                                                                                                            |
2026-10-08T14:49:23.2030754Z       |                                                                                                                            uint64_t {aka long unsigned int}
2026-10-08T14:49:23.2032701Z src/solver/Solver.cc:3826:145: warning: format ‘%llu’ expects argument of type ‘long long unsigned int’, but argument 10 has type ‘uint64_t’ {aka ‘long unsigned int’} [-Wformat=]
2026-10-08T14:49:23.2034771Z  3826 |               printf("c nbHardens %d (fixed %llu), shorten: %llu, prunedLB %4.2f, dev %4.2f, succRate %4.2f, nbSucc %llu, lk: %llu, shorten: %llu, quasiC: %llu (fixed: %llu)\n\n",
2026-10-08T14:49:23.2036202Z       |                                                                                                                                              ~~~^
2026-10-08T14:49:23.2037147Z       |                                                                                                                                                 |
2026-10-08T14:49:23.2038154Z       |                                                                                                                                                 long long unsigned int
2026-10-08T14:49:23.2039136Z       |                                                                                                                                              %lu
2026-10-08T14:49:23.2041136Z  3827 |                      nbHardens, fixedByHardens, nbSavedLits, meanLB, dev, succRate, nbLKsuccess-savednbLKsuccess, LOOKAHEAD-savedLOOKAHEAD, nbSavedLits, quasiSoftConflicts, fixedByQuasiConfl);
2026-10-08T14:49:23.2042887Z       |                                                                                                                                             ~~~~~~~~~~~
2026-10-08T14:49:23.2043881Z       |                                                                                                                                             |
2026-10-08T14:49:23.2044939Z       |                                                                                                                                             uint64_t {aka long unsigned int}
2026-10-08T14:49:23.2047004Z src/solver/Solver.cc:3826:159: warning: format ‘%llu’ expects argument of type ‘long long unsigned int’, but argument 11 has type ‘uint64_t’ {aka ‘long unsigned int’} [-Wformat=]
2026-10-08T14:49:23.2049076Z  3826 |               printf("c nbHardens %d (fixed %llu), shorten: %llu, prunedLB %4.2f, dev %4.2f, succRate %4.2f, nbSucc %llu, lk: %llu, shorten: %llu, quasiC: %llu (fixed: %llu)\n\n",
2026-10-08T14:49:23.2050852Z       |                                                                                                                                                            ~~~^
2026-10-08T14:49:23.2052161Z       |                                                                                                                                                               |
2026-10-08T14:49:23.2053467Z       |                                                                                                                                                               long long unsigned int
2026-10-08T14:49:23.2054557Z       |                                                                                                                                                            %lu
2026-10-08T14:49:23.2056284Z  3827 |                      nbHardens, fixedByHardens, nbSavedLits, meanLB, dev, succRate, nbLKsuccess-savednbLKsuccess, LOOKAHEAD-savedLOOKAHEAD, nbSavedLits, quasiSoftConflicts, fixedByQuasiConfl);
2026-10-08T14:49:23.2058081Z       |                                                                                                                                                          ~~~~~~~~~~~~~~~~~~
2026-10-08T14:49:23.2059140Z       |                                                                                                                                                          |
2026-10-08T14:49:23.2060717Z       |                                                                                                                                                          uint64_t {aka long unsigned int}
2026-10-08T14:49:23.2062731Z src/solver/Solver.cc:3826:172: warning: format ‘%llu’ expects argument of type ‘long long unsigned int’, but argument 12 has type ‘uint64_t’ {aka ‘long unsigned int’} [-Wformat=]
2026-10-08T14:49:23.2065047Z  3826 |               printf("c nbHardens %d (fixed %llu), shorten: %llu, prunedLB %4.2f, dev %4.2f, succRate %4.2f, nbSucc %llu, lk: %llu, shorten: %llu, quasiC: %llu (fixed: %llu)\n\n",
2026-10-08T14:49:23.2066590Z       |                                                                                                                                                                         ~~~^
2026-10-08T14:49:23.2067709Z       |                                                                                                                                                                            |
2026-10-08T14:49:23.2068878Z       |                                                                                                                                                                            long long unsigned int
2026-10-08T14:49:23.2070055Z       |                                                                                                                                                                         %lu
2026-10-08T14:49:23.2072128Z  3827 |                      nbHardens, fixedByHardens, nbSavedLits, meanLB, dev, succRate, nbLKsuccess-savednbLKsuccess, LOOKAHEAD-savedLOOKAHEAD, nbSavedLits, quasiSoftConflicts, fixedByQuasiConfl);
2026-10-08T14:49:23.2073960Z       |                                                                                                                                                                              ~~~~~~~~~~~~~~~~~
2026-10-08T14:49:23.2075073Z       |                                                                                                                                                                              |
2026-10-08T14:49:23.2076265Z       |                                                                                                                                                                              uint64_t {aka long unsigned int}
2026-10-08T14:49:23.2077795Z src/solver/Solver.cc: In member function ‘Minisat::CRef Minisat::Solver::propagateForLK()’:
2026-10-08T14:49:23.2079490Z src/solver/Solver.cc:3985:27: warning: comparison of integer expressions of different signedness: ‘unsigned int’ and ‘int’ [-Wsign-compare]
2026-10-08T14:49:23.2080951Z  3985 |         if (c.lastPoint() > c.size())
2026-10-08T14:49:23.2081464Z       |             ~~~~~~~~~~~~~~^~~~~~~~~~
2026-10-08T14:49:23.2083047Z src/solver/Solver.cc:4004:27: warning: comparison of integer expressions of different signedness: ‘int’ and ‘unsigned int’ [-Wsign-compare]
2026-10-08T14:49:23.2084451Z  4004 |         for (int k = 2; k < c.lastPoint(); k++) {
2026-10-08T14:49:23.2085026Z       |                         ~~^~~~~~~~~~~~~~~
2026-10-08T14:49:23.2091536Z src/solver/Solver.cc: In member function ‘void Minisat::Solver::analyzeQuasiSoftConflict(Minisat::vec<Minisat::Lit>&, int&, int&)’:
2026-10-08T14:49:23.2093718Z src/solver/Solver.cc:4502:26: warning: comparison of integer expressions of different signedness: ‘int’ and ‘uint64_t’ {aka ‘long unsigned int’} [-Wsign-compare]
2026-10-08T14:49:23.2095025Z  4502 |     if (falseLits.size() > UB) {
2026-10-08T14:49:23.2095535Z       |         ~~~~~~~~~~~~~~~~~^~~~
2026-10-08T14:49:23.2122423Z src/solver/Solver.cc: In member function ‘bool Minisat::Solver::lookahead()’:
2026-10-08T14:49:23.2124194Z src/solver/Solver.cc:4843:17: warning: comparison of integer expressions of different signedness: ‘uint64_t’ {aka ‘long unsigned int’} and ‘int’ [-Wsign-compare]
2026-10-08T14:49:23.2125487Z  4843 |   if (conflicts > prevConflicts) {
2026-10-08T14:49:23.2126005Z       |       ~~~~~~~~~~^~~~~~~~~~~~~~~
2026-10-08T14:49:23.2148113Z src/solver/Solver.cc: In member function ‘void Minisat::Solver::addHardClausesForSoftClauses()’:
2026-10-08T14:49:23.2149975Z src/solver/Solver.cc:5089:70: warning: format ‘%llu’ expects argument of type ‘long long unsigned int’, but argument 5 has type ‘uint64_t’ {aka ‘long unsigned int’} [-Wformat=]
2026-10-08T14:49:23.2151679Z  5089 |   printf("c nb soft clauses: %d, of which %d unit, %d nonUnit and %llu empty\n",
2026-10-08T14:49:23.2152430Z       |                                                                   ~~~^
2026-10-08T14:49:23.2153008Z       |                                                                      |
2026-10-08T14:49:23.2153635Z       |                                                                      long long unsigned int
2026-10-08T14:49:23.2154291Z       |                                                                   %lu
2026-10-08T14:49:23.2154995Z  5090 |          softClauses.size(), nbUnitSoft, nbNonUnitSoft, solutionCost);
2026-10-08T14:49:23.2155674Z       |                                                         ~~~~~~~~~~~~  
2026-10-08T14:49:23.2156213Z       |                                                         |
2026-10-08T14:49:23.2156858Z       |                                                         uint64_t {aka long unsigned int}
2026-10-08T14:49:23.2167358Z src/solver/Solver.cc: In member function ‘void Minisat::Solver::printBestSolution() const’:
2026-10-08T14:49:23.2169011Z src/solver/Solver.cc:5240:49: warning: format ‘%llu’ expects argument of type ‘long long unsigned int’, but argument 2 has type ‘long unsigned int’ [-Wformat=]
2026-10-08T14:49:23.2170236Z  5240 |     printf("c   unsat soft clauses (search): %llu\n", bestSup);
2026-10-08T14:49:23.2170837Z       |                                              ~~~^     ~~~~~~~
2026-10-08T14:49:23.2171178Z       |                                                 |     |
2026-10-08T14:49:23.2171524Z       |                                                 |     long unsigned int
2026-10-08T14:49:23.2171880Z       |                                                 long long unsigned int
2026-10-08T14:49:23.2172212Z       |                                              %lu
2026-10-08T14:49:23.2173114Z src/solver/Solver.cc:5241:53: warning: format ‘%llu’ expects argument of type ‘long long unsigned int’, but argument 2 has type ‘uint64_t’ {aka ‘long unsigned int’} [-Wformat=]
2026-10-08T14:49:23.2173913Z  5241 |     printf("c   satisfied soft clauses (maxsat): %llu\n", maxsat);
2026-10-08T14:49:23.2174579Z       |                                                  ~~~^     ~~~~~~
2026-10-08T14:49:23.2175116Z       |                                                     |     |
2026-10-08T14:49:23.2175722Z       |                                                     |     uint64_t {aka long unsigned int}
2026-10-08T14:49:23.2176466Z       |                                                     long long unsigned int
2026-10-08T14:49:23.2176924Z       |                                                  %lu
2026-10-08T14:49:23.2177814Z src/solver/Solver.cc:5242:39: warning: format ‘%llu’ expects argument of type ‘long long unsigned int’, but argument 2 has type ‘uint64_t’ {aka ‘long unsigned int’} [-Wformat=]
2026-10-08T14:49:23.2178580Z  5242 |     printf("c   total weight cost: %llu\n", optimal);
2026-10-08T14:49:23.2178917Z       |                                    ~~~^     ~~~~~~~
2026-10-08T14:49:23.2179203Z       |                                       |     |
2026-10-08T14:49:23.2179516Z       |                                       |     uint64_t {aka long unsigned int}
2026-10-08T14:49:23.2179869Z       |                                       long long unsigned int
2026-10-08T14:49:23.2180171Z       |                                    %lu
2026-10-08T14:49:23.2181060Z src/solver/Solver.cc: In member function ‘void Minisat::Solver::checkSolution()’:
2026-10-08T14:49:23.2181999Z src/solver/Solver.cc:5258:15: warning: comparison of integer expressions of different signedness: ‘int’ and ‘uint64_t’ {aka ‘long unsigned int’} [-Wsign-compare]
2026-10-08T14:49:23.2182783Z  5258 |   if (nbFalse != falseLits.size()+fixedCostBySearch + relaxedCost)
2026-10-08T14:49:23.2183201Z       |       ~~~~~~~~^~~~~~~~~~~~~~~~~~~~~~~~~~~~~~~~~~~~~~~~~~~~~~~~~~~
2026-10-08T14:49:23.2184070Z src/solver/Solver.cc:5259:92: warning: format ‘%llu’ expects argument of type ‘long long unsigned int’, but argument 3 has type ‘uint64_t’ {aka ‘long unsigned int’} [-Wformat=]
2026-10-08T14:49:23.2184954Z  5259 |     printf("c **** error nb of false soft clauses real nbfalse: %d, recorded falseLits: %llu****\n",
2026-10-08T14:49:23.2185466Z       |                                                                                         ~~~^
2026-10-08T14:49:23.2186150Z       |                                                                                            |
2026-10-08T14:49:23.2186624Z       |                                                                                            long long unsigned int
2026-10-08T14:49:23.2187053Z       |                                                                                         %lu
2026-10-08T14:49:23.2187483Z  5260 |            nbFalse, falseLits.size()+fixedCostBySearch+relaxedCost);
2026-10-08T14:49:23.2187921Z       |                     ~~~~~~~~~~~~~~~~~~~~~~~~~~~~~~~~~~~~~~~~~~~~~~                          
2026-10-08T14:49:23.2188281Z       |                                                       |
2026-10-08T14:49:23.2188626Z       |                                                       uint64_t {aka long unsigned int}
2026-10-08T14:49:23.2193932Z src/solver/Solver.cc: In member function ‘void Minisat::Solver::partition()’:
2026-10-08T14:49:23.2195135Z src/solver/Solver.cc:5380:31: warning: comparison of integer expressions of different signedness: ‘unsigned int’ and ‘int’ [-Wsign-compare]
2026-10-08T14:49:23.2196213Z  5380 |         if (conflicted[var(q)]==iset.size()) {
2026-10-08T14:49:23.2196961Z src/solver/Solver.cc:5390:32: warning: comparison of integer expressions of different signedness: ‘unsigned int’ and ‘int’ [-Wsign-compare]
2026-10-08T14:49:23.2197590Z  5390 |         if (conflicted[var(q)] < iset.size())
2026-10-08T14:49:23.2202384Z src/solver/Solver.cc:5449:50: warning: comparison of integer expressions of different signedness: ‘unsigned int’ and ‘int’ [-Wsign-compare]
2026-10-08T14:49:23.2203158Z  5449 |         if (q != lit_Undef && conflicted[var(q)] == iset.size()) {
2026-10-08T14:49:23.2210268Z src/solver/Solver.cc:5514:38: warning: format ‘%llu’ expects argument of type ‘long long unsigned int’, but argument 3 has type ‘uint64_t’ {aka ‘long unsigned int’} [-Wformat=]
2026-10-08T14:49:23.2212035Z  5514 |   printf("c isets %d, derivedCost %llu\n", nbIsets, derivedCost);
2026-10-08T14:49:23.2212771Z       |                                   ~~~^              ~~~~~~~~~~~
2026-10-08T14:49:23.2213623Z       |                                      |              |
2026-10-08T14:49:23.2214450Z       |                                      |              uint64_t {aka long unsigned int}
2026-10-08T14:49:23.2215117Z       |                                      long long unsigned int
2026-10-08T14:49:23.2215680Z       |                                   %lu
2026-10-08T14:49:23.2235370Z src/solver/Solver.cc: In member function ‘Minisat::CRef Minisat::Solver::simplepropagateForLK()’:
2026-10-08T14:49:23.2237127Z src/solver/Solver.cc:5661:27: warning: comparison of integer expressions of different signedness: ‘unsigned int’ and ‘int’ [-Wsign-compare]
2026-10-08T14:49:23.2238290Z  5661 |         if (c.lastPoint() > c.size())
2026-10-08T14:49:23.2238800Z       |             ~~~~~~~~~~~~~~^~~~~~~~~~
2026-10-08T14:49:23.2240120Z src/solver/Solver.cc:5675:27: warning: comparison of integer expressions of different signedness: ‘int’ and ‘unsigned int’ [-Wsign-compare]
2026-10-08T14:49:23.2241609Z  5675 |         for (int k = 2; k < c.lastPoint(); k++) {
2026-10-08T14:49:23.2242204Z       |                         ~~^~~~~~~~~~~~~~~
2026-10-08T14:49:23.2302557Z src/solver/Solver.cc: In member function ‘void Minisat::Solver::addCardinalityConstraints()’:
2026-10-08T14:49:23.2305013Z src/solver/Solver.cc:6205:64: warning: format ‘%llu’ expects argument of type ‘long long unsigned int’, but argument 2 has type ‘uint64_t’ {aka ‘long unsigned int’} [-Wformat=]
2026-10-08T14:49:23.2306882Z  6205 |       printf("\nc Cardinality: off (soft-conflict only), UB %llu\n", UB);
2026-10-08T14:49:23.2307814Z       |                                                             ~~~^     ~~
2026-10-08T14:49:23.2308280Z       |                                                                |     |
2026-10-08T14:49:23.2308757Z       |                                                                |     uint64_t {aka long unsigned int}
2026-10-08T14:49:23.2309293Z       |                                                                long long unsigned int
2026-10-08T14:49:23.2309736Z       |                                                             %lu
2026-10-08T14:49:23.2311653Z src/solver/Solver.cc:6235:82: warning: comparison of integer expressions of different signedness: ‘int’ and ‘uint64_t’ {aka ‘long unsigned int’} [-Wsign-compare]
2026-10-08T14:49:23.2312770Z  6235 |   if (activeSoftLits.size() < 2 || UB - 1 - nbFalse < 1 || activeSoftLits.size() <= UB - 1 - nbFalse
2026-10-08T14:49:23.2313319Z       |                                                            ~~~~~~~~~~~~~~~~~~~~~~^~~~~~~~~~~~~~~~~~~
2026-10-08T14:49:23.2314273Z src/solver/Solver.cc:6254:46: warning: format ‘%llu’ expects argument of type ‘long long unsigned int’, but argument 4 has type ‘uint64_t’ {aka ‘long unsigned int’} [-Wformat=]
2026-10-08T14:49:23.2315142Z  6254 |   printf("\nc Cardinality: %d (%s) for UB %llu\n", cardinalityC.size(), enc, UB);
2026-10-08T14:49:23.2315601Z       |                                           ~~~^                               ~~
2026-10-08T14:49:23.2315966Z       |                                              |                               |
2026-10-08T14:49:23.2316418Z       |                                              long long unsigned int          uint64_t {aka long unsigned int}
2026-10-08T14:49:23.2316839Z       |                                           %lu
2026-10-08T14:49:23.2347542Z src/solver/Solver.cc: In member function ‘Minisat::lbool Minisat::Solver::solve_()’:
2026-10-08T14:49:23.2348975Z src/solver/Solver.cc:6603:79: warning: format ‘%llu’ expects argument of type ‘long long unsigned int’, but argument 5 has type ‘uint64_t’ {aka ‘long unsigned int’} [-Wformat=]
2026-10-08T14:49:23.2349843Z  6603 |     printf("c fixedCost %d, nbSatLits %d, totalFixedVars %d, objForSearch: %llu\n\n",
2026-10-08T14:49:23.2350462Z       |                                                                            ~~~^
2026-10-08T14:49:23.2350825Z       |                                                                               |
2026-10-08T14:49:23.2351410Z       |                                                                               long long unsigned int
2026-10-08T14:49:23.2351912Z       |                                                                            %lu
2026-10-08T14:49:23.2352310Z  6604 |                 fixedCost, nbSatLits, trail.size(), objForSearch);
2026-10-08T14:49:23.2352699Z       |                                                     ~~~~~~~~~~~~               
2026-10-08T14:49:23.2353035Z       |                                                     |
2026-10-08T14:49:23.2353381Z       |                                                     uint64_t {aka long unsigned int}
2026-10-08T14:49:23.2354872Z src/solver/Solver.cc:6632:35: warning: format ‘%llu’ expects argument of type ‘long long unsigned int’, but argument 2 has type ‘uint64_t’ {aka ‘long unsigned int’} [-Wformat=]
2026-10-08T14:49:23.2355734Z  6632 |         printf("c provided UB: %llu\n", providedUB);
2026-10-08T14:49:23.2356088Z       |                                ~~~^     ~~~~~~~~~~
2026-10-08T14:49:23.2356383Z       |                                   |     |
2026-10-08T14:49:23.2356710Z       |                                   |     uint64_t {aka long unsigned int}
2026-10-08T14:49:23.2357061Z       |                                   long long unsigned int
2026-10-08T14:49:23.2357360Z       |                                %lu
2026-10-08T14:49:23.2364054Z src/solver/Solver.cc:6635:54: warning: format ‘%llu’ expects argument of type ‘long long unsigned int’, but argument 2 has type ‘uint64_t’ {aka ‘long unsigned int’} [-Wformat=]
2026-10-08T14:49:23.2372305Z  6635 |         printf("c provided UB is invalide: initUB %llu, solCost %llu, costbySearch %llu, derivedCost %llu, relaxedCost: %llu\n", initUB, solutionCost, fixedCostBySearch, derivedCost, relaxedCost);
2026-10-08T14:49:23.2373921Z       |                                                   ~~~^                                                                           ~~~~~~
2026-10-08T14:49:23.2374794Z       |                                                      |                                                                           |
2026-10-08T14:49:23.2375813Z       |                                                      long long unsigned int                                                      uint64_t {aka long unsigned int}
2026-10-08T14:49:23.2376693Z       |                                                   %lu
2026-10-08T14:49:23.2378091Z src/solver/Solver.cc:6635:68: warning: format ‘%llu’ expects argument of type ‘long long unsigned int’, but argument 3 has type ‘uint64_t’ {aka ‘long unsigned int’} [-Wformat=]
2026-10-08T14:49:23.2380265Z  6635 |         printf("c provided UB is invalide: initUB %llu, solCost %llu, costbySearch %llu, derivedCost %llu, relaxedCost: %llu\n", initUB, solutionCost, fixedCostBySearch, derivedCost, relaxedCost);
2026-10-08T14:49:23.2382032Z       |                                                                 ~~~^                                                                     ~~~~~~~~~~~~
2026-10-08T14:49:23.2382848Z       |                                                                    |                                                                     |
2026-10-08T14:49:23.2383448Z       |                                                                    long long unsigned int                                                uint64_t {aka long unsigned int}
2026-10-08T14:49:23.2383963Z       |                                                                 %lu
2026-10-08T14:49:23.2384865Z src/solver/Solver.cc:6635:87: warning: format ‘%llu’ expects argument of type ‘long long unsigned int’, but argument 4 has type ‘uint64_t’ {aka ‘long unsigned int’} [-Wformat=]
2026-10-08T14:49:23.2386917Z  6635 |         printf("c provided UB is invalide: initUB %llu, solCost %llu, costbySearch %llu, derivedCost %llu, relaxedCost: %llu\n", initUB, solutionCost, fixedCostBySearch, derivedCost, relaxedCost);
2026-10-08T14:49:23.2388744Z       |                                                                                    ~~~^                                                                ~~~~~~~~~~~~~~~~~
2026-10-08T14:49:23.2389424Z       |                                                                                       |                                                                |
2026-10-08T14:49:23.2390062Z       |                                                                                       long long unsigned int                                           uint64_t {aka long unsigned int}
2026-10-08T14:49:23.2391116Z       |                                                                                    %lu
2026-10-08T14:49:23.2392353Z src/solver/Solver.cc:6635:105: warning: format ‘%llu’ expects argument of type ‘long long unsigned int’, but argument 5 has type ‘uint64_t’ {aka ‘long unsigned int’} [-Wformat=]
2026-10-08T14:49:23.2394497Z  6635 |         printf("c provided UB is invalide: initUB %llu, solCost %llu, costbySearch %llu, derivedCost %llu, relaxedCost: %llu\n", initUB, solutionCost, fixedCostBySearch, derivedCost, relaxedCost);
2026-10-08T14:49:23.2395531Z       |                                                                                                      ~~~^                                                                 ~~~~~~~~~~~
2026-10-08T14:49:23.2396127Z       |                                                                                                         |                                                                 |
2026-10-08T14:49:23.2397255Z       |                                                                                                         long long unsigned int                                            uint64_t {aka long unsigned int}
2026-10-08T14:49:23.2398026Z       |                                                                                                      %lu
2026-10-08T14:49:23.2399647Z src/solver/Solver.cc:6635:124: warning: format ‘%llu’ expects argument of type ‘long long unsigned int’, but argument 6 has type ‘uint64_t’ {aka ‘long unsigned int’} [-Wformat=]
2026-10-08T14:49:23.2401940Z  6635 |         printf("c provided UB is invalide: initUB %llu, solCost %llu, costbySearch %llu, derivedCost %llu, relaxedCost: %llu\n", initUB, solutionCost, fixedCostBySearch, derivedCost, relaxedCost);
2026-10-08T14:49:23.2403741Z       |                                                                                                                         ~~~^                                                           ~~~~~~~~~~~
2026-10-08T14:49:23.2404861Z       |                                                                                                                            |                                                           |
2026-10-08T14:49:23.2406131Z       |                                                                                                                            long long unsigned int                                      uint64_t {aka long unsigned int}
2026-10-08T14:49:23.2406949Z       |                                                                                                                         %lu
2026-10-08T14:49:23.2407907Z src/solver/Solver.cc:6657:58: warning: format ‘%llu’ expects argument of type ‘long long unsigned int’, but argument 2 has type ‘uint64_t’ {aka ‘long unsigned int’} [-Wformat=]
2026-10-08T14:49:23.2408777Z  6657 |       printf("c ends of initiationization by VSIDS at %llu conflicts with init %d\n\n",
2026-10-08T14:49:23.2409310Z       |                                                       ~~~^
2026-10-08T14:49:23.2409619Z       |                                                          |
2026-10-08T14:49:23.2409954Z       |                                                          long long unsigned int
2026-10-08T14:49:23.2410465Z       |                                                       %lu
2026-10-08T14:49:23.2410931Z  6658 |              conflicts, init);
2026-10-08T14:49:23.2411373Z       |              ~~~~~~~~~                                    
2026-10-08T14:49:23.2411769Z       |              |
2026-10-08T14:49:23.2412007Z       |              uint64_t {aka long unsigned int}
2026-10-08T14:49:23.2412875Z src/solver/Solver.cc:6687:50: warning: format ‘%llu’ expects argument of type ‘long long unsigned int’, but argument 3 has type ‘uint64_t’ {aka ‘long unsigned int’} [-Wformat=]
2026-10-08T14:49:23.2413722Z  6687 |           printf("c VSIDS phase %d: conflicts %llu, phase %llu, starts %llu, UP %llu\n",
2026-10-08T14:49:23.2414154Z       |                                               ~~~^
2026-10-08T14:49:23.2414443Z       |                                                  |
2026-10-08T14:49:23.2414757Z       |                                                  long long unsigned int
2026-10-08T14:49:23.2415083Z       |                                               %lu
2026-10-08T14:49:23.2415443Z  6688 |                  nbVSIDSphase, conflicts-savedConfl, phase_allotment,
2026-10-08T14:49:23.2415816Z       |                                ~~~~~~~~~~~~~~~~~~~~
2026-10-08T14:49:23.2416137Z       |                                         |
2026-10-08T14:49:23.2416449Z       |                                         uint64_t {aka long unsigned int}
2026-10-08T14:49:23.2417306Z src/solver/Solver.cc:6687:62: warning: format ‘%llu’ expects argument of type ‘long long unsigned int’, but argument 4 has type ‘uint64_t’ {aka ‘long unsigned int’} [-Wformat=]
2026-10-08T14:49:23.2418134Z  6687 |           printf("c VSIDS phase %d: conflicts %llu, phase %llu, starts %llu, UP %llu\n",
2026-10-08T14:49:23.2418580Z       |                                                           ~~~^
2026-10-08T14:49:23.2418897Z       |                                                              |
2026-10-08T14:49:23.2419235Z       |                                                              long long unsigned int
2026-10-08T14:49:23.2419595Z       |                                                           %lu
2026-10-08T14:49:23.2419974Z  6688 |                  nbVSIDSphase, conflicts-savedConfl, phase_allotment,
2026-10-08T14:49:23.2420513Z       |                                                      ~~~~~~~~~~~~~~~
2026-10-08T14:49:23.2420835Z       |                                                      |
2026-10-08T14:49:23.2421174Z       |                                                      uint64_t {aka long unsigned int}
2026-10-08T14:49:23.2422066Z src/solver/Solver.cc:6687:75: warning: format ‘%llu’ expects argument of type ‘long long unsigned int’, but argument 5 has type ‘uint64_t’ {aka ‘long unsigned int’} [-Wformat=]
2026-10-08T14:49:23.2422894Z  6687 |           printf("c VSIDS phase %d: conflicts %llu, phase %llu, starts %llu, UP %llu\n",
2026-10-08T14:49:23.2423347Z       |                                                                        ~~~^
2026-10-08T14:49:23.2423692Z       |                                                                           |
2026-10-08T14:49:23.2424074Z       |                                                                           long long unsigned int
2026-10-08T14:49:23.2424462Z       |                                                                        %lu
2026-10-08T14:49:23.2424852Z  6688 |                  nbVSIDSphase, conflicts-savedConfl, phase_allotment,
2026-10-08T14:49:23.2425271Z  6689 |                  starts-savedRestarts, propagations-savedUP);
2026-10-08T14:49:23.2425649Z       |                  ~~~~~~~~~~~~~~~~~~~~                                      
2026-10-08T14:49:23.2425965Z       |                        |
2026-10-08T14:49:23.2426236Z       |                        uint64_t {aka long unsigned int}
2026-10-08T14:49:23.2427090Z src/solver/Solver.cc:6687:84: warning: format ‘%llu’ expects argument of type ‘long long unsigned int’, but argument 6 has type ‘uint64_t’ {aka ‘long unsigned int’} [-Wformat=]
2026-10-08T14:49:23.2427927Z  6687 |           printf("c VSIDS phase %d: conflicts %llu, phase %llu, starts %llu, UP %llu\n",
2026-10-08T14:49:23.2428512Z       |                                                                                 ~~~^
2026-10-08T14:49:23.2428982Z       |                                                                                    |
2026-10-08T14:49:23.2429385Z       |                                                                                    long long unsigned int
2026-10-08T14:49:23.2429786Z       |                                                                                 %lu
2026-10-08T14:49:23.2430194Z  6688 |                  nbVSIDSphase, conflicts-savedConfl, phase_allotment,
2026-10-08T14:49:23.2430758Z  6689 |                  starts-savedRestarts, propagations-savedUP);
2026-10-08T14:49:23.2431139Z       |                                        ~~~~~~~~~~~~~~~~~~~~                         
2026-10-08T14:49:23.2431474Z       |                                                    |
2026-10-08T14:49:23.2431801Z       |                                                    uint64_t {aka long unsigned int}
2026-10-08T14:49:23.2432696Z src/solver/Solver.cc:6693:48: warning: format ‘%llu’ expects argument of type ‘long long unsigned int’, but argument 3 has type ‘uint64_t’ {aka ‘long unsigned int’} [-Wformat=]
2026-10-08T14:49:23.2433532Z  6693 |           printf("c LRB phase %d: conflicts %llu, phase %llu, starts %llu, UP %llu\n",
2026-10-08T14:49:23.2433949Z       |                                             ~~~^
2026-10-08T14:49:23.2434249Z       |                                                |
2026-10-08T14:49:23.2434563Z       |                                                long long unsigned int
2026-10-08T14:49:23.2434885Z       |                                             %lu
2026-10-08T14:49:23.2435234Z  6694 |                  nbLRBphase, conflicts-savedConfl, phase_allotment,
2026-10-08T14:49:23.2435599Z       |                              ~~~~~~~~~~~~~~~~~~~~
2026-10-08T14:49:23.2435880Z       |                                       |
2026-10-08T14:49:23.2436194Z       |                                       uint64_t {aka long unsigned int}
2026-10-08T14:49:23.2437061Z src/solver/Solver.cc:6693:60: warning: format ‘%llu’ expects argument of type ‘long long unsigned int’, but argument 4 has type ‘uint64_t’ {aka ‘long unsigned int’} [-Wformat=]
2026-10-08T14:49:23.2437892Z  6693 |           printf("c LRB phase %d: conflicts %llu, phase %llu, starts %llu, UP %llu\n",
2026-10-08T14:49:23.2438322Z       |                                                         ~~~^
2026-10-08T14:49:23.2438630Z       |                                                            |
2026-10-08T14:49:23.2438964Z       |                                                            long long unsigned int
2026-10-08T14:49:23.2439313Z       |                                                         %lu
2026-10-08T14:49:23.2439677Z  6694 |                  nbLRBphase, conflicts-savedConfl, phase_allotment,
2026-10-08T14:49:23.2440045Z       |                                                    ~~~~~~~~~~~~~~~
2026-10-08T14:49:23.2440492Z       |                                                    |
2026-10-08T14:49:23.2440911Z       |                                                    uint64_t {aka long unsigned int}
2026-10-08T14:49:23.2442102Z src/solver/Solver.cc:6693:73: warning: format ‘%llu’ expects argument of type ‘long long unsigned int’, but argument 5 has type ‘uint64_t’ {aka ‘long unsigned int’} [-Wformat=]
2026-10-08T14:49:23.2442944Z  6693 |           printf("c LRB phase %d: conflicts %llu, phase %llu, starts %llu, UP %llu\n",
2026-10-08T14:49:23.2443389Z       |                                                                      ~~~^
2026-10-08T14:49:23.2443726Z       |                                                                         |
2026-10-08T14:49:23.2444095Z       |                                                                         long long unsigned int
2026-10-08T14:49:23.2474821Z       |                                                                      %lu
2026-10-08T14:49:23.2475901Z  6694 |                  nbLRBphase, conflicts-savedConfl, phase_allotment,
2026-10-08T14:49:23.2476906Z  6695 |                  starts-savedRestarts, propagations-savedUP);
2026-10-08T14:49:23.2477639Z       |                  ~~~~~~~~~~~~~~~~~~~~                                    
2026-10-08T14:49:23.2478235Z       |                        |
2026-10-08T14:49:23.2478727Z       |                        uint64_t {aka long unsigned int}
2026-10-08T14:49:23.2480734Z src/solver/Solver.cc:6693:82: warning: format ‘%llu’ expects argument of type ‘long long unsigned int’, but argument 6 has type ‘uint64_t’ {aka ‘long unsigned int’} [-Wformat=]
2026-10-08T14:49:23.2482352Z  6693 |           printf("c LRB phase %d: conflicts %llu, phase %llu, starts %llu, UP %llu\n",
2026-10-08T14:49:23.2483224Z       |                                                                               ~~~^
2026-10-08T14:49:23.2483916Z       |                                                                                  |
2026-10-08T14:49:23.2484688Z       |                                                                                  long long unsigned int
2026-10-08T14:49:23.2485458Z       |                                                                               %lu
2026-10-08T14:49:23.2486233Z  6694 |                  nbLRBphase, conflicts-savedConfl, phase_allotment,
2026-10-08T14:49:23.2487031Z  6695 |                  starts-savedRestarts, propagations-savedUP);
2026-10-08T14:49:23.2487750Z       |                                        ~~~~~~~~~~~~~~~~~~~~                       
2026-10-08T14:49:23.2488382Z       |                                                    |
2026-10-08T14:49:23.2489006Z       |                                                    uint64_t {aka long unsigned int}
2026-10-08T14:49:23.2491020Z src/solver/Solver.cc:6740:25: warning: format ‘%llu’ expects argument of type ‘long long unsigned int’, but argument 2 has type ‘uint64_t’ {aka ‘long unsigned int’} [-Wformat=]
2026-10-08T14:49:23.2492802Z  6740 |         printf("c UB=%llu fails, cnfls=%llu, hcnfls=%llu, core %d, tier2 %d, local %d, quasiC: %llu (fixed: %llu)\n",
2026-10-08T14:49:23.2493723Z       |                      ~~~^
2026-10-08T14:49:23.2494161Z       |                         |
2026-10-08T14:49:23.2494644Z       |                         long long unsigned int
2026-10-08T14:49:23.2495167Z       |                      %lu
2026-10-08T14:49:23.2496311Z  6741 |                UB, conflicts, conflicts-softConflicts, learnts_core.size(), learnts_tier2.size(), learnts_local.size(), quasiSoftConflicts, fixedByQuasiConfl);
2026-10-08T14:49:23.2497562Z       |                ~~        
2026-10-08T14:49:23.2498004Z       |                |
2026-10-08T14:49:23.2498441Z       |                uint64_t {aka long unsigned int}
2026-10-08T14:49:23.2500121Z src/solver/Solver.cc:6740:43: warning: format ‘%llu’ expects argument of type ‘long long unsigned int’, but argument 3 has type ‘uint64_t’ {aka ‘long unsigned int’} [-Wformat=]
2026-10-08T14:49:23.2502416Z  6740 |         printf("c UB=%llu fails, cnfls=%llu, hcnfls=%llu, core %d, tier2 %d, local %d, quasiC: %llu (fixed: %llu)\n",
2026-10-08T14:49:23.2503539Z       |                                        ~~~^
2026-10-08T14:49:23.2504066Z       |                                           |
2026-10-08T14:49:23.2504638Z       |                                           long long unsigned int
2026-10-08T14:49:23.2505239Z       |                                        %lu
2026-10-08T14:49:23.2506479Z  6741 |                UB, conflicts, conflicts-softConflicts, learnts_core.size(), learnts_tier2.size(), learnts_local.size(), quasiSoftConflicts, fixedByQuasiConfl);
2026-10-08T14:49:23.2507769Z       |                    ~~~~~~~~~               
2026-10-08T14:49:23.2508264Z       |                    |
2026-10-08T14:49:23.2508734Z       |                    uint64_t {aka long unsigned int}
2026-10-08T14:49:23.2510827Z src/solver/Solver.cc:6740:56: warning: format ‘%llu’ expects argument of type ‘long long unsigned int’, but argument 4 has type ‘uint64_t’ {aka ‘long unsigned int’} [-Wformat=]
2026-10-08T14:49:23.2512607Z  6740 |         printf("c UB=%llu fails, cnfls=%llu, hcnfls=%llu, core %d, tier2 %d, local %d, quasiC: %llu (fixed: %llu)\n",
2026-10-08T14:49:23.2513563Z       |                                                     ~~~^
2026-10-08T14:49:23.2514130Z       |                                                        |
2026-10-08T14:49:23.2514730Z       |                                                        long long unsigned int
2026-10-08T14:49:23.2515361Z       |                                                     %lu
2026-10-08T14:49:23.2516620Z  6741 |                UB, conflicts, conflicts-softConflicts, learnts_core.size(), learnts_tier2.size(), learnts_local.size(), quasiSoftConflicts, fixedByQuasiConfl);
2026-10-08T14:49:23.2517925Z       |                               ~~~~~~~~~~~~~~~~~~~~~~~   
2026-10-08T14:49:23.2518479Z       |                                        |
2026-10-08T14:49:23.2519077Z       |                                        uint64_t {aka long unsigned int}
2026-10-08T14:49:23.2521083Z src/solver/Solver.cc:6740:99: warning: format ‘%llu’ expects argument of type ‘long long unsigned int’, but argument 8 has type ‘uint64_t’ {aka ‘long unsigned int’} [-Wformat=]
2026-10-08T14:49:23.2522854Z  6740 |         printf("c UB=%llu fails, cnfls=%llu, hcnfls=%llu, core %d, tier2 %d, local %d, quasiC: %llu (fixed: %llu)\n",
2026-10-08T14:49:23.2523919Z       |                                                                                                ~~~^
2026-10-08T14:49:23.2524520Z       |                                                                                                   |
2026-10-08T14:49:23.2524991Z       |                                                                                                   long long unsigned int
2026-10-08T14:49:23.2525454Z       |                                                                                                %lu
2026-10-08T14:49:23.2526223Z  6741 |                UB, conflicts, conflicts-softConflicts, learnts_core.size(), learnts_tier2.size(), learnts_local.size(), quasiSoftConflicts, fixedByQuasiConfl);
2026-10-08T14:49:23.2527023Z       |                                                                                                                         ~~~~~~~~~~~~~~~~~~
2026-10-08T14:49:23.2527505Z       |                                                                                                                         |
2026-10-08T14:49:23.2528021Z       |                                                                                                                         uint64_t {aka long unsigned int}
2026-10-08T14:49:23.2529980Z src/solver/Solver.cc:6740:112: warning: format ‘%llu’ expects argument of type ‘long long unsigned int’, but argument 9 has type ‘uint64_t’ {aka ‘long unsigned int’} [-Wformat=]
2026-10-08T14:49:23.2532235Z  6740 |         printf("c UB=%llu fails, cnfls=%llu, hcnfls=%llu, core %d, tier2 %d, local %d, quasiC: %llu (fixed: %llu)\n",
2026-10-08T14:49:23.2533377Z       |                                                                                                             ~~~^
2026-10-08T14:49:23.2534479Z       |                                                                                                                |
2026-10-08T14:49:23.2535391Z       |                                                                                                                long long unsigned int
2026-10-08T14:49:23.2536298Z       |                                                                                                             %lu
2026-10-08T14:49:23.2537726Z  6741 |                UB, conflicts, conflicts-softConflicts, learnts_core.size(), learnts_tier2.size(), learnts_local.size(), quasiSoftConflicts, fixedByQuasiConfl);
2026-10-08T14:49:23.2539274Z       |                                                                                                                                             ~~~~~~~~~~~~~~~~~
2026-10-08T14:49:23.2540284Z       |                                                                                                                                             |
2026-10-08T14:49:23.2541626Z       |                                                                                                                                             uint64_t {aka long unsigned int}
2026-10-08T14:49:23.2543643Z src/solver/Solver.cc:6742:72: warning: format ‘%llu’ expects argument of type ‘long long unsigned int’, but argument 5 has type ‘uint64_t’ {aka ‘long unsigned int’} [-Wformat=]
2026-10-08T14:49:23.2545716Z  6742 |         printf("c prunedLB %4.2f, dev %4.2f, succRate %4.2f, nbSucc %llu, nbHardens %d (fixed %llu), lk: %llu, shorten: %llu, pureSo %d, nbFlyRd %d, nbFixedLH %llu\n",
2026-10-08T14:49:23.2546963Z       |                                                                     ~~~^
2026-10-08T14:49:23.2547614Z       |                                                                        |
2026-10-08T14:49:23.2548285Z       |                                                                        long long unsigned int
2026-10-08T14:49:23.2548974Z       |                                                                     %lu
2026-10-08T14:49:23.2549550Z  6743 |                meanLB, dev, succRate,
2026-10-08T14:49:23.2551090Z  6744 |                nbLKsuccess-savednbLKsuccess, nbHardens, fixedByHardens, LOOKAHEAD-savedLOOKAHEAD, nbSavedLits, pureSoftConfl, nbFlyReduced, nbFixedByLH);
2026-10-08T14:49:23.2552445Z       |                ~~~~~~~~~~~~~~~~~~~~~~~~~~~~                             
2026-10-08T14:49:23.2553041Z       |                           |
2026-10-08T14:49:23.2553550Z       |                           uint64_t {aka long unsigned int}
2026-10-08T14:49:23.2555240Z src/solver/Solver.cc:6742:98: warning: format ‘%llu’ expects argument of type ‘long long unsigned int’, but argument 7 has type ‘uint64_t’ {aka ‘long unsigned int’} [-Wformat=]
2026-10-08T14:49:23.2557357Z  6742 |         printf("c prunedLB %4.2f, dev %4.2f, succRate %4.2f, nbSucc %llu, nbHardens %d (fixed %llu), lk: %llu, shorten: %llu, pureSo %d, nbFlyRd %d, nbFixedLH %llu\n",
2026-10-08T14:49:23.2558690Z       |                                                                                               ~~~^
2026-10-08T14:49:23.2559474Z       |                                                                                                  |
2026-10-08T14:49:23.2560313Z       |                                                                                                  long long unsigned int
2026-10-08T14:49:23.2561427Z       |                                                                                               %lu
2026-10-08T14:49:23.2562099Z  6743 |                meanLB, dev, succRate,
2026-10-08T14:49:23.2563382Z  6744 |                nbLKsuccess-savednbLKsuccess, nbHardens, fixedByHardens, LOOKAHEAD-savedLOOKAHEAD, nbSavedLits, pureSoftConfl, nbFlyReduced, nbFixedByLH);
2026-10-08T14:49:23.2564995Z       |                                                         ~~~~~~~~~~~~~~                            
2026-10-08T14:49:23.2565820Z       |                                                         |
2026-10-08T14:49:23.2566484Z       |                                                         uint64_t {aka long unsigned int}
2026-10-08T14:49:23.2568288Z src/solver/Solver.cc:6742:109: warning: format ‘%llu’ expects argument of type ‘long long unsigned int’, but argument 8 has type ‘uint64_t’ {aka ‘long unsigned int’} [-Wformat=]
2026-10-08T14:49:23.2570657Z  6742 |         printf("c prunedLB %4.2f, dev %4.2f, succRate %4.2f, nbSucc %llu, nbHardens %d (fixed %llu), lk: %llu, shorten: %llu, pureSo %d, nbFlyRd %d, nbFixedLH %llu\n",
2026-10-08T14:49:23.2572057Z       |                                                                                                          ~~~^
2026-10-08T14:49:23.2572915Z       |                                                                                                             |
2026-10-08T14:49:23.2573809Z       |                                                                                                             long long unsigned int
2026-10-08T14:49:23.2574715Z       |                                                                                                          %lu
2026-10-08T14:49:23.2575426Z  6743 |                meanLB, dev, succRate,
2026-10-08T14:49:23.2576713Z  6744 |                nbLKsuccess-savednbLKsuccess, nbHardens, fixedByHardens, LOOKAHEAD-savedLOOKAHEAD, nbSavedLits, pureSoftConfl, nbFlyReduced, nbFixedByLH);
2026-10-08T14:49:23.2578140Z       |                                                                         ~~~~~~~~~~~~~~~~~~~~~~~~             
2026-10-08T14:49:23.2578909Z       |                                                                                  |
2026-10-08T14:49:23.2579711Z       |                                                                                  uint64_t {aka long unsigned int}
2026-10-08T14:49:23.2581874Z src/solver/Solver.cc:6742:124: warning: format ‘%llu’ expects argument of type ‘long long unsigned int’, but argument 9 has type ‘uint64_t’ {aka ‘long unsigned int’} [-Wformat=]
2026-10-08T14:49:23.2583958Z  6742 |         printf("c prunedLB %4.2f, dev %4.2f, succRate %4.2f, nbSucc %llu, nbHardens %d (fixed %llu), lk: %llu, shorten: %llu, pureSo %d, nbFlyRd %d, nbFixedLH %llu\n",
2026-10-08T14:49:23.2585350Z       |                                                                                                                         ~~~^
2026-10-08T14:49:23.2586252Z       |                                                                                                                            |
2026-10-08T14:49:23.2587190Z       |                                                                                                                            long long unsigned int
2026-10-08T14:49:23.2588150Z       |                                                                                                                         %lu
2026-10-08T14:49:23.2588884Z  6743 |                meanLB, dev, succRate,
2026-10-08T14:49:23.2590179Z  6744 |                nbLKsuccess-savednbLKsuccess, nbHardens, fixedByHardens, LOOKAHEAD-savedLOOKAHEAD, nbSavedLits, pureSoftConfl, nbFlyReduced, nbFixedByLH);
2026-10-08T14:49:23.2591952Z       |                                                                                                   ~~~~~~~~~~~               
2026-10-08T14:49:23.2592791Z       |                                                                                                   |
2026-10-08T14:49:23.2593648Z       |                                                                                                   uint64_t {aka long unsigned int}
2026-10-08T14:49:23.2595559Z src/solver/Solver.cc:6742:163: warning: format ‘%llu’ expects argument of type ‘long long unsigned int’, but argument 12 has type ‘uint64_t’ {aka ‘long unsigned int’} [-Wformat=]
2026-10-08T14:49:23.2597865Z  6742 |         printf("c prunedLB %4.2f, dev %4.2f, succRate %4.2f, nbSucc %llu, nbHardens %d (fixed %llu), lk: %llu, shorten: %llu, pureSo %d, nbFlyRd %d, nbFixedLH %llu\n",
2026-10-08T14:49:23.2599561Z       |                                                                                                                                                                ~~~^
2026-10-08T14:49:23.2600960Z       |                                                                                                                                                                   |
2026-10-08T14:49:23.2602131Z       |                                                                                                                                                                   long long unsigned int
2026-10-08T14:49:23.2603286Z       |                                                                                                                                                                %lu
2026-10-08T14:49:23.2604149Z  6743 |                meanLB, dev, succRate,
2026-10-08T14:49:23.2605438Z  6744 |                nbLKsuccess-savednbLKsuccess, nbHardens, fixedByHardens, LOOKAHEAD-savedLOOKAHEAD, nbSavedLits, pureSoftConfl, nbFlyReduced, nbFixedByLH);
2026-10-08T14:49:23.2607007Z       |                                                                                                                                             ~~~~~~~~~~~            
2026-10-08T14:49:23.2608061Z       |                                                                                                                                             |
2026-10-08T14:49:23.2609130Z       |                                                                                                                                             uint64_t {aka long unsigned int}
2026-10-08T14:49:23.2611406Z src/solver/Solver.cc:6770:25: warning: format ‘%llu’ expects argument of type ‘long long unsigned int’, but argument 2 has type ‘uint64_t’ {aka ‘long unsigned int’} [-Wformat=]
2026-10-08T14:49:23.2613721Z  6770 |         printf("c UB=%llu succ, confls=%llu and hconfls=%llu with %d soft clauses unsat (%d at level 0) and %d fixed vars at level 0,  prunedLB %4.2f, dev %4.2f, succRate %4.2f, nbSucc %llu, shortened : %llu\n",
2026-10-08T14:49:23.2615182Z       |                      ~~~^
2026-10-08T14:49:23.2615623Z       |                         |
2026-10-08T14:49:23.2616112Z       |                         long long unsigned int
2026-10-08T14:49:23.2616631Z       |                      %lu
2026-10-08T14:49:23.2617362Z  6771 |                UB, conflicts, conflicts-softConflicts, falseLits.size(), nbFalses, nbFixeds,
2026-10-08T14:49:23.2618147Z       |                ~~        
2026-10-08T14:49:23.2618559Z       |                |
2026-10-08T14:49:23.2618996Z       |                uint64_t {aka long unsigned int}
2026-10-08T14:49:23.2620931Z src/solver/Solver.cc:6770:43: warning: format ‘%llu’ expects argument of type ‘long long unsigned int’, but argument 3 has type ‘uint64_t’ {aka ‘long unsigned int’} [-Wformat=]
2026-10-08T14:49:23.2623201Z  6770 |         printf("c UB=%llu succ, confls=%llu and hconfls=%llu with %d soft clauses unsat (%d at level 0) and %d fixed vars at level 0,  prunedLB %4.2f, dev %4.2f, succRate %4.2f, nbSucc %llu, shortened : %llu\n",
2026-10-08T14:49:23.2624644Z       |                                        ~~~^
2026-10-08T14:49:23.2625169Z       |                                           |
2026-10-08T14:49:23.2625739Z       |                                           long long unsigned int
2026-10-08T14:49:23.2626333Z       |                                        %lu
2026-10-08T14:49:23.2627139Z  6771 |                UB, conflicts, conflicts-softConflicts, falseLits.size(), nbFalses, nbFixeds,
2026-10-08T14:49:23.2627982Z       |                    ~~~~~~~~~               
2026-10-08T14:49:23.2628451Z       |                    |
2026-10-08T14:49:23.2628907Z       |                    uint64_t {aka long unsigned int}
2026-10-08T14:49:23.2631073Z src/solver/Solver.cc:6770:60: warning: format ‘%llu’ expects argument of type ‘long long unsigned int’, but argument 4 has type ‘uint64_t’ {aka ‘long unsigned int’} [-Wformat=]
2026-10-08T14:49:23.2633483Z  6770 |         printf("c UB=%llu succ, confls=%llu and hconfls=%llu with %d soft clauses unsat (%d at level 0) and %d fixed vars at level 0,  prunedLB %4.2f, dev %4.2f, succRate %4.2f, nbSucc %llu, shortened : %llu\n",
2026-10-08T14:49:23.2634958Z       |                                                         ~~~^
2026-10-08T14:49:23.2635562Z       |                                                            |
2026-10-08T14:49:23.2636202Z       |                                                            long long unsigned int
2026-10-08T14:49:23.2636839Z       |                                                         %lu
2026-10-08T14:49:23.2637657Z  6771 |                UB, conflicts, conflicts-softConflicts, falseLits.size(), nbFalses, nbFixeds,
2026-10-08T14:49:23.2638493Z       |                               ~~~~~~~~~~~~~~~~~~~~~~~       
2026-10-08T14:49:23.2639018Z       |                                        |
2026-10-08T14:49:23.2639564Z       |                                        uint64_t {aka long unsigned int}
2026-10-08T14:49:23.2641467Z src/solver/Solver.cc:6770:189: warning: format ‘%llu’ expects argument of type ‘long long unsigned int’, but argument 11 has type ‘uint64_t’ {aka ‘long unsigned int’} [-Wformat=]
2026-10-08T14:49:23.2643633Z  6770 |         printf("c UB=%llu succ, confls=%llu and hconfls=%llu with %d soft clauses unsat (%d at level 0) and %d fixed vars at level 0,  prunedLB %4.2f, dev %4.2f, succRate %4.2f, nbSucc %llu, shortened : %llu\n",
2026-10-08T14:49:23.2645356Z       |                                                                                                                                                                                          ~~~^
2026-10-08T14:49:23.2646536Z       |                                                                                                                                                                                             |
2026-10-08T14:49:23.2647782Z       |                                                                                                                                                                                             long long unsigned int
2026-10-08T14:49:23.2649020Z       |                                                                                                                                                                                          %lu
2026-10-08T14:49:23.2650167Z  6771 |                UB, conflicts, conflicts-softConflicts, falseLits.size(), nbFalses, nbFixeds,
2026-10-08T14:49:23.2651327Z  6772 |                meanLB, dev, succRate, nbLKsuccess, nbSavedLits);
2026-10-08T14:49:23.2652309Z       |                                       ~~~~~~~~~~~                                                                                                                                            
2026-10-08T14:49:23.2653159Z       |                                       |
2026-10-08T14:49:23.2653729Z       |                                       uint64_t {aka long unsigned int}
2026-10-08T14:49:23.2655431Z src/solver/Solver.cc:6770:207: warning: format ‘%llu’ expects argument of type ‘long long unsigned int’, but argument 12 has type ‘uint64_t’ {aka ‘long unsigned int’} [-Wformat=]
2026-10-08T14:49:23.2657811Z  6770 |         printf("c UB=%llu succ, confls=%llu and hconfls=%llu with %d soft clauses unsat (%d at level 0) and %d fixed vars at level 0,  prunedLB %4.2f, dev %4.2f, succRate %4.2f, nbSucc %llu, shortened : %llu\n",
2026-10-08T14:49:23.2659608Z       |                                                                                                                                                                                                            ~~~^
2026-10-08T14:49:23.2661388Z       |                                                                                                                                                                                                               |
2026-10-08T14:49:23.2662866Z       |                                                                                                                                                                                                               long long unsigned int
2026-10-08T14:49:23.2664224Z       |                                                                                                                                                                                                            %lu
2026-10-08T14:49:23.2665431Z  6771 |                UB, conflicts, conflicts-softConflicts, falseLits.size(), nbFalses, nbFixeds,
2026-10-08T14:49:23.2666369Z  6772 |                meanLB, dev, succRate, nbLKsuccess, nbSavedLits);
2026-10-08T14:49:23.2667391Z       |                                                    ~~~~~~~~~~~                                                                                                                                                 
2026-10-08T14:49:23.2668322Z       |                                                    |
2026-10-08T14:49:23.2668946Z       |                                                    uint64_t {aka long unsigned int}
2026-10-08T14:49:23.2670905Z src/solver/Solver.cc:6799:17: warning: comparison of integer expressions of different signedness: ‘uint64_t’ {aka ‘long unsigned int’} and ‘int’ [-Wsign-compare]
2026-10-08T14:49:23.2672230Z  6799 |         if (inf > falseLits.size())
2026-10-08T14:49:23.2672729Z       |             ~~~~^~~~~~~~~~~~~~~~~~
2026-10-08T14:49:23.2674308Z src/solver/Solver.cc:6807:34: warning: format ‘%llu’ expects argument of type ‘long long unsigned int’, but argument 2 has type ‘uint64_t’ {aka ‘long unsigned int’} [-Wformat=]
2026-10-08T14:49:23.2675845Z  6807 |       else printf("c error UB %llu, inf %llu, sup %llu\n", UB, inf, sup);
2026-10-08T14:49:23.2676611Z       |                               ~~~^                         ~~
2026-10-08T14:49:23.2677208Z       |                                  |                         |
2026-10-08T14:49:23.2677921Z       |                                  long long unsigned int    uint64_t {aka long unsigned int}
2026-10-08T14:49:23.2678620Z       |                               %lu
2026-10-08T14:49:23.2680224Z src/solver/Solver.cc:6807:44: warning: format ‘%llu’ expects argument of type ‘long long unsigned int’, but argument 3 has type ‘uint64_t’ {aka ‘long unsigned int’} [-Wformat=]
2026-10-08T14:49:23.2681986Z  6807 |       else printf("c error UB %llu, inf %llu, sup %llu\n", UB, inf, sup);
2026-10-08T14:49:23.2682722Z       |                                         ~~~^                   ~~~
2026-10-08T14:49:23.2683304Z       |                                            |                   |
2026-10-08T14:49:23.2683986Z       |                                            |                   uint64_t {aka long unsigned int}
2026-10-08T14:49:23.2684708Z       |                                            long long unsigned int
2026-10-08T14:49:23.2685301Z       |                                         %lu
2026-10-08T14:49:23.2686915Z src/solver/Solver.cc:6807:54: warning: format ‘%llu’ expects argument of type ‘long long unsigned int’, but argument 4 has type ‘uint64_t’ {aka ‘long unsigned int’} [-Wformat=]
2026-10-08T14:49:23.2688441Z  6807 |       else printf("c error UB %llu, inf %llu, sup %llu\n", UB, inf, sup);
2026-10-08T14:49:23.2689215Z       |                                                   ~~~^              ~~~
2026-10-08T14:49:23.2689822Z       |                                                      |              |
2026-10-08T14:49:23.2690801Z       |                                                      |              uint64_t {aka long unsigned int}
2026-10-08T14:49:23.2691563Z       |                                                      long long unsigned int
2026-10-08T14:49:23.2692197Z       |                                                   %lu
2026-10-08T14:49:23.2694153Z src/solver/Solver.cc:6829:57: warning: format ‘%llu’ expects argument of type ‘long long unsigned int’, but argument 2 has type ‘uint64_t’ {aka ‘long unsigned int’} [-Wformat=]
2026-10-08T14:49:23.2695962Z  6829 |       printf("c no feasible solution, hardConflicts: %llu\n", conflicts - softConflicts);
2026-10-08T14:49:23.2696868Z       |                                                      ~~~^     ~~~~~~~~~~~~~~~~~~~~~~~~~
2026-10-08T14:49:23.2697525Z       |                                                         |               |
2026-10-08T14:49:23.2698238Z       |                                                         |               uint64_t {aka long unsigned int}
2026-10-08T14:49:23.2698991Z       |                                                         long long unsigned int
2026-10-08T14:49:23.2699619Z       |                                                      %lu
2026-10-08T14:49:23.2701557Z src/solver/Solver.cc:6832:30: warning: format ‘%llu’ expects argument of type ‘long long unsigned int’, but argument 2 has type ‘uint64_t’ {aka ‘long unsigned int’} [-Wformat=]
2026-10-08T14:49:23.2703304Z  6832 |       printf("c initCost: %llu, fixedBySearch: %llu, optimal: %llu, maxsat: %llu, hardConflicts: %llu\n",
2026-10-08T14:49:23.2704209Z       |                           ~~~^
2026-10-08T14:49:23.2704669Z       |                              |
2026-10-08T14:49:23.2705170Z       |                              long long unsigned int
2026-10-08T14:49:23.2705693Z       |                           %lu
2026-10-08T14:49:23.2706194Z  6833 |              solutionCost, fixedCostBySearch,
2026-10-08T14:49:23.2706723Z       |              ~~~~~~~~~~~~     
2026-10-08T14:49:23.2707157Z       |              |
2026-10-08T14:49:23.2707567Z       |              uint64_t {aka long unsigned int}
2026-10-08T14:49:23.2709186Z src/solver/Solver.cc:6832:51: warning: format ‘%llu’ expects argument of type ‘long long unsigned int’, but argument 3 has type ‘uint64_t’ {aka ‘long unsigned int’} [-Wformat=]
2026-10-08T14:49:23.2711204Z  6832 |       printf("c initCost: %llu, fixedBySearch: %llu, optimal: %llu, maxsat: %llu, hardConflicts: %llu\n",
2026-10-08T14:49:23.2712166Z       |                                                ~~~^
2026-10-08T14:49:23.2712722Z       |                                                   |
2026-10-08T14:49:23.2713322Z       |                                                   long long unsigned int
2026-10-08T14:49:23.2713928Z       |                                                %lu
2026-10-08T14:49:23.2714498Z  6833 |              solutionCost, fixedCostBySearch,
2026-10-08T14:49:23.2715063Z       |                            ~~~~~~~~~~~~~~~~~       
2026-10-08T14:49:23.2715573Z       |                            |
2026-10-08T14:49:23.2716085Z       |                            uint64_t {aka long unsigned int}
2026-10-08T14:49:23.2717791Z src/solver/Solver.cc:6832:66: warning: format ‘%llu’ expects argument of type ‘long long unsigned int’, but argument 4 has type ‘uint64_t’ {aka ‘long unsigned int’} [-Wformat=]
2026-10-08T14:49:23.2719545Z  6832 |       printf("c initCost: %llu, fixedBySearch: %llu, optimal: %llu, maxsat: %llu, hardConflicts: %llu\n",
2026-10-08T14:49:23.2720796Z       |                                                               ~~~^
2026-10-08T14:49:23.2721422Z       |                                                                  |
2026-10-08T14:49:23.2722084Z       |                                                                  long long unsigned int
2026-10-08T14:49:23.2722767Z       |                                                               %lu
2026-10-08T14:49:23.2723381Z  6833 |              solutionCost, fixedCostBySearch,
2026-10-08T14:49:23.2723935Z  6834 |              lastOptimalCost,
2026-10-08T14:49:23.2724463Z       |              ~~~~~~~~~~~~~~~                                      
2026-10-08T14:49:23.2725013Z       |              |
2026-10-08T14:49:23.2725430Z       |              uint64_t {aka long unsigned int}
2026-10-08T14:49:23.2727317Z src/solver/Solver.cc:6832:80: warning: format ‘%llu’ expects argument of type ‘long long unsigned int’, but argument 5 has type ‘uint64_t’ {aka ‘long unsigned int’} [-Wformat=]
2026-10-08T14:49:23.2729196Z  6832 |       printf("c initCost: %llu, fixedBySearch: %llu, optimal: %llu, maxsat: %llu, hardConflicts: %llu\n",
2026-10-08T14:49:23.2730180Z       |                                                                             ~~~^
2026-10-08T14:49:23.2731122Z       |                                                                                |
2026-10-08T14:49:23.2731892Z       |                                                                                long long unsigned int
2026-10-08T14:49:23.2732621Z       |                                                                             %lu
2026-10-08T14:49:23.2733187Z ......
2026-10-08T14:49:23.2733714Z  6835 |              objForSearch-sup + nbSatLits, conflicts - softConflicts);
2026-10-08T14:49:23.2734508Z       |              ~~~~~~~~~~~~~~~~~~~~~~~~~~~~                                       
2026-10-08T14:49:23.2735113Z       |                               |
2026-10-08T14:49:23.2735636Z       |                               uint64_t {aka long unsigned int}
2026-10-08T14:49:23.2737304Z src/solver/Solver.cc:6832:101: warning: format ‘%llu’ expects argument of type ‘long long unsigned int’, but argument 6 has type ‘uint64_t’ {aka ‘long unsigned int’} [-Wformat=]
2026-10-08T14:49:23.2739036Z  6832 |       printf("c initCost: %llu, fixedBySearch: %llu, optimal: %llu, maxsat: %llu, hardConflicts: %llu\n",
2026-10-08T14:49:23.2740036Z       |                                                                                                  ~~~^
2026-10-08T14:49:23.2741067Z       |                                                                                                     |
2026-10-08T14:49:23.2741917Z       |                                                                                                     long long unsigned int
2026-10-08T14:49:23.2742757Z       |                                                                                                  %lu
2026-10-08T14:49:23.2743373Z ......
2026-10-08T14:49:23.2743888Z  6835 |              objForSearch-sup + nbSatLits, conflicts - softConflicts);
2026-10-08T14:49:23.2744728Z       |                                            ~~~~~~~~~~~~~~~~~~~~~~~~~                                 
2026-10-08T14:49:23.2745431Z       |                                                      |
2026-10-08T14:49:23.2746075Z       |                                                      uint64_t {aka long unsigned int}
2026-10-08T14:49:23.2747829Z src/solver/Solver.cc:6837:24: warning: format ‘%llu’ expects argument of type ‘long long unsigned int’, but argument 2 has type ‘uint64_t’ {aka ‘long unsigned int’} [-Wformat=]
2026-10-08T14:49:23.2749626Z  6837 |     printf("c nbLK: %llu, nbSuccLK: %llu(%4.2f%%), nbLKup: %llu(%4.2f%%), hardens %u (fixed %llu), dynVars %d, shorten: %llu\n",
2026-10-08T14:49:23.2750865Z       |                     ~~~^
2026-10-08T14:49:23.2751322Z       |                        |
2026-10-08T14:49:23.2751800Z       |                        long long unsigned int
2026-10-08T14:49:23.2752317Z       |                     %lu
2026-10-08T14:49:23.2752990Z  6838 |            LOOKAHEAD, nbLKsuccess, 100.0*nbLKsuccess/LOOKAHEAD, lk_propagations,
2026-10-08T14:49:23.2753725Z       |            ~~~~~~~~~    
2026-10-08T14:49:23.2754142Z       |            |
2026-10-08T14:49:23.2754545Z       |            uint64_t {aka long unsigned int}
2026-10-08T14:49:23.2756275Z src/solver/Solver.cc:6837:40: warning: format ‘%llu’ expects argument of type ‘long long unsigned int’, but argument 3 has type ‘uint64_t’ {aka ‘long unsigned int’} [-Wformat=]
2026-10-08T14:49:23.2758068Z  6837 |     printf("c nbLK: %llu, nbSuccLK: %llu(%4.2f%%), nbLKup: %llu(%4.2f%%), hardens %u (fixed %llu), dynVars %d, shorten: %llu\n",
2026-10-08T14:49:23.2759051Z       |                                     ~~~^
2026-10-08T14:49:23.2759820Z       |                                        |
2026-10-08T14:49:23.2760833Z       |                                        long long unsigned int
2026-10-08T14:49:23.2761405Z       |                                     %lu
2026-10-08T14:49:23.2762128Z  6838 |            LOOKAHEAD, nbLKsuccess, 100.0*nbLKsuccess/LOOKAHEAD, lk_propagations,
2026-10-08T14:49:23.2762873Z       |                       ~~~~~~~~~~~       
2026-10-08T14:49:23.2763345Z       |                       |
2026-10-08T14:49:23.2763809Z       |                       uint64_t {aka long unsigned int}
2026-10-08T14:49:23.2765480Z src/solver/Solver.cc:6837:63: warning: format ‘%llu’ expects argument of type ‘long long unsigned int’, but argument 5 has type ‘uint64_t’ {aka ‘long unsigned int’} [-Wformat=]
2026-10-08T14:49:23.2767278Z  6837 |     printf("c nbLK: %llu, nbSuccLK: %llu(%4.2f%%), nbLKup: %llu(%4.2f%%), hardens %u (fixed %llu), dynVars %d, shorten: %llu\n",
2026-10-08T14:49:23.2768294Z       |                                                            ~~~^
2026-10-08T14:49:23.2768910Z       |                                                               |
2026-10-08T14:49:23.2769554Z       |                                                               long long unsigned int
2026-10-08T14:49:23.2770189Z       |                                                            %lu
2026-10-08T14:49:23.2771270Z  6838 |            LOOKAHEAD, nbLKsuccess, 100.0*nbLKsuccess/LOOKAHEAD, lk_propagations,
2026-10-08T14:49:23.2772089Z       |                                                                 ~~~~~~~~~~~~~~~
2026-10-08T14:49:23.2772741Z       |                                                                 |
2026-10-08T14:49:23.2773445Z       |                                                                 uint64_t {aka long unsigned int}
2026-10-08T14:49:23.2775260Z src/solver/Solver.cc:6837:96: warning: format ‘%llu’ expects argument of type ‘long long unsigned int’, but argument 8 has type ‘uint64_t’ {aka ‘long unsigned int’} [-Wformat=]
2026-10-08T14:49:23.2777049Z  6837 |     printf("c nbLK: %llu, nbSuccLK: %llu(%4.2f%%), nbLKup: %llu(%4.2f%%), hardens %u (fixed %llu), dynVars %d, shorten: %llu\n",
2026-10-08T14:49:23.2778123Z       |                                                                                             ~~~^
2026-10-08T14:49:23.2778829Z       |                                                                                                |
2026-10-08T14:49:23.2779592Z       |                                                                                                long long unsigned int
2026-10-08T14:49:23.2780657Z       |                                                                                             %lu
2026-10-08T14:49:23.2781512Z  6838 |            LOOKAHEAD, nbLKsuccess, 100.0*nbLKsuccess/LOOKAHEAD, lk_propagations,
2026-10-08T14:49:23.2782689Z  6839 |            100.0*lk_propagations/propagations, nbHardens, fixedByHardens, nVars()-staticNbVars, nbSavedLits);
2026-10-08T14:49:23.2783723Z       |                                                           ~~~~~~~~~~~~~~                        
2026-10-08T14:49:23.2784385Z       |                                                           |
2026-10-08T14:49:23.2785022Z       |                                                           uint64_t {aka long unsigned int}
2026-10-08T14:49:23.2786783Z src/solver/Solver.cc:6837:124: warning: format ‘%llu’ expects argument of type ‘long long unsigned int’, but argument 10 has type ‘uint64_t’ {aka ‘long unsigned int’} [-Wformat=]
2026-10-08T14:49:23.2788598Z  6837 |     printf("c nbLK: %llu, nbSuccLK: %llu(%4.2f%%), nbLKup: %llu(%4.2f%%), hardens %u (fixed %llu), dynVars %d, shorten: %llu\n",
2026-10-08T14:49:23.2789748Z       |                                                                                                                         ~~~^
2026-10-08T14:49:23.2791133Z       |                                                                                                                            |
2026-10-08T14:49:23.2792102Z       |                                                                                                                            long long unsigned int
2026-10-08T14:49:23.2793286Z       |                                                                                                                         %lu
2026-10-08T14:49:23.2794251Z  6838 |            LOOKAHEAD, nbLKsuccess, 100.0*nbLKsuccess/LOOKAHEAD, lk_propagations,
2026-10-08T14:49:23.2795435Z  6839 |            100.0*lk_propagations/propagations, nbHardens, fixedByHardens, nVars()-staticNbVars, nbSavedLits);
2026-10-08T14:49:23.2796499Z       |                                                                                                 ~~~~~~~~~~~                 
2026-10-08T14:49:23.2797323Z       |                                                                                                 |
2026-10-08T14:49:23.2798185Z       |                                                                                                 uint64_t {aka long unsigned int}
2026-10-08T14:49:23.2859526Z In file included from src/solver/mtl/Sort.h:24,
2026-10-08T14:49:23.2860144Z                  from src/solver/Solver.cc:106:
2026-10-08T14:49:23.2861844Z src/solver/mtl/Vec.h: In instantiation of ‘void Minisat::vec<T>::capacity(int) [with T = Minisat::vec<Minisat::Solver::Watcher>]’:
2026-10-08T14:49:23.2863654Z src/solver/mtl/Vec.h:115:13:   required from ‘void Minisat::vec<T>::growTo(int) [with T = Minisat::vec<Minisat::Solver::Watcher>]’
2026-10-08T14:49:23.2866053Z src/solver/SolverTypes.h:339:50:   required from ‘void Minisat::OccLists<Idx, Vec, Deleted>::init(const Idx&) [with Idx = Minisat::Lit; Vec = Minisat::vec<Minisat::Solver::Watcher>; Deleted = Minisat::Solver::WatcherDeleted]’
2026-10-08T14:49:23.2867708Z src/solver/Solver.cc:1272:21:   required from here
2026-10-08T14:49:23.2869767Z src/solver/mtl/Vec.h:99:54: warning: ‘void* realloc(void*, size_t)’ moving an object of non-trivially copyable type ‘class Minisat::vec<Minisat::Solver::Watcher>’; use ‘new’ and ‘delete’ instead [-Wclass-memaccess]
2026-10-08T14:49:23.2872021Z    99 |     if (add > INT_MAX - cap || ((data = (T*)::realloc(data, (cap += add) * sizeof(T))) == NULL) && errno == ENOMEM)
2026-10-08T14:49:23.2872970Z       |                                             ~~~~~~~~~^~~~~~~~~~~~~~~~~~~~~~~~~~~~~~~~
2026-10-08T14:49:23.2874097Z src/solver/mtl/Vec.h:38:7: note: ‘class Minisat::vec<Minisat::Solver::Watcher>’ declared here
2026-10-08T14:49:23.2874894Z    38 | class vec {
2026-10-08T14:49:23.2875250Z       |       ^~~
2026-10-08T14:49:23.2876343Z src/solver/mtl/Vec.h: In instantiation of ‘void Minisat::vec<T>::capacity(int) [with T = Minisat::vec<Minisat::Lit>]’:
2026-10-08T14:49:23.2878012Z src/solver/mtl/Vec.h:115:13:   required from ‘void Minisat::vec<T>::growTo(int) [with T = Minisat::vec<Minisat::Lit>]’
2026-10-08T14:49:23.2879930Z src/solver/Solver.h:72:50:   required from ‘void Minisat::vec2<Idx, Vec>::init(const Idx&) [with Idx = Minisat::Lit; Vec = Minisat::vec<Minisat::Lit>]’
2026-10-08T14:49:23.2881425Z src/solver/Solver.cc:1312:22:   required from here
2026-10-08T14:49:23.2883370Z src/solver/mtl/Vec.h:99:54: warning: ‘void* realloc(void*, size_t)’ moving an object of non-trivially copyable type ‘class Minisat::vec<Minisat::Lit>’; use ‘new’ and ‘delete’ instead [-Wclass-memaccess]
2026-10-08T14:49:23.2885227Z    99 |     if (add > INT_MAX - cap || ((data = (T*)::realloc(data, (cap += add) * sizeof(T))) == NULL) && errno == ENOMEM)
2026-10-08T14:49:23.2886207Z       |                                             ~~~~~~~~~^~~~~~~~~~~~~~~~~~~~~~~~~~~~~~~~
2026-10-08T14:49:23.2887309Z src/solver/mtl/Vec.h:38:7: note: ‘class Minisat::vec<Minisat::Lit>’ declared here
2026-10-08T14:49:23.2888033Z    38 | class vec {
2026-10-08T14:49:23.2888406Z       |       ^~~
2026-10-08T14:49:23.2889488Z src/solver/mtl/Vec.h: In instantiation of ‘void Minisat::vec<T>::capacity(int) [with T = Minisat::vec<int>]’:
2026-10-08T14:49:23.2891607Z src/solver/mtl/Vec.h:115:13:   required from ‘void Minisat::vec<T>::growTo(int) [with T = Minisat::vec<int>]’
2026-10-08T14:49:23.2893576Z src/solver/Solver.h:72:50:   required from ‘void Minisat::vec2<Idx, Vec>::init(const Idx&) [with Idx = int; Vec = Minisat::vec<int>]’
2026-10-08T14:49:23.2894682Z src/solver/Solver.cc:4250:13:   required from here
2026-10-08T14:49:23.2896577Z src/solver/mtl/Vec.h:99:54: warning: ‘void* realloc(void*, size_t)’ moving an object of non-trivially copyable type ‘class Minisat::vec<int>’; use ‘new’ and ‘delete’ instead [-Wclass-memaccess]
2026-10-08T14:49:23.2898417Z    99 |     if (add > INT_MAX - cap || ((data = (T*)::realloc(data, (cap += add) * sizeof(T))) == NULL) && errno == ENOMEM)
2026-10-08T14:49:23.2899374Z       |                                             ~~~~~~~~~^~~~~~~~~~~~~~~~~~~~~~~~~~~~~~~~
2026-10-08T14:49:23.2900688Z src/solver/mtl/Vec.h:38:7: note: ‘class Minisat::vec<int>’ declared here
2026-10-08T14:49:23.2901376Z    38 | class vec {
2026-10-08T14:49:23.2901733Z       |       ^~~
2026-10-08T14:49:23.3418747Z src/solver/Solver.cc: In member function ‘void Minisat::Solver::emitBoundsUpdate()’:
2026-10-08T14:49:23.3420872Z src/solver/Solver.cc:5205:24: warning: ignoring return value of ‘ssize_t write(int, const void*, size_t)’ declared with attribute ‘warn_unused_result’ [-Wunused-result]
2026-10-08T14:49:23.3422244Z  5205 |             (void)write(bounds_pipe_w, buf, (size_t)n);
2026-10-08T14:49:23.3422880Z       |                   ~~~~~^~~~~~~~~~~~~~~~~~~~~~~~~~~~~~~
2026-10-08T14:49:23.3424431Z src/solver/Solver.cc:5211:24: warning: ignoring return value of ‘ssize_t write(int, const void*, size_t)’ declared with attribute ‘warn_unused_result’ [-Wunused-result]
2026-10-08T14:49:23.3425765Z  5211 |             (void)write(bounds_pipe_w, buf, (size_t)n);
2026-10-08T14:49:23.3426376Z       |                   ~~~~~^~~~~~~~~~~~~~~~~~~~~~~~~~~~~~~
2026-10-08T14:49:23.3427434Z src/solver/Solver.cc: In member function ‘void Minisat::Solver::emitTryUpdate(uint64_t)’:
2026-10-08T14:49:23.3429226Z src/solver/Solver.cc:5221:20: warning: ignoring return value of ‘ssize_t write(int, const void*, size_t)’ declared with attribute ‘warn_unused_result’ [-Wunused-result]
2026-10-08T14:49:23.3430866Z  5221 |         (void)write(bounds_pipe_w, buf, (size_t)n);
2026-10-08T14:49:23.3431464Z       |               ~~~~~^~~~~~~~~~~~~~~~~~~~~~~~~~~~~~~
2026-10-08T14:49:26.0253945Z In file included from src/solver/Solver.h:54:
2026-10-08T14:49:26.0254994Z In function ‘Minisat::Lit Minisat::operator~(Lit)’,
2026-10-08T14:49:26.0256213Z     inlined from ‘void Minisat::Solver::analyze(Minisat::CRef, Minisat::vec<Minisat::Lit>&, int&, int&)’ at src/solver/Solver.cc:1757:22:
2026-10-08T14:49:26.0257869Z src/solver/SolverTypes.h:73:64: warning: ‘p.Minisat::Lit::x’ may be used uninitialized [-Wmaybe-uninitialized]
2026-10-08T14:49:26.0258915Z    73 | inline  Lit  operator ~(Lit p)              { Lit q; q.x = p.x ^ 1; return q; }
2026-10-08T14:49:26.0259631Z       |                                                            ~~~~^~~
2026-10-08T14:49:26.0261071Z src/solver/Solver.cc: In member function ‘void Minisat::Solver::analyze(Minisat::CRef, Minisat::vec<Minisat::Lit>&, int&, int&)’:
2026-10-08T14:49:26.0262341Z src/solver/Solver.cc:1671:9: note: ‘p.Minisat::Lit::x’ was declared here
2026-10-08T14:49:26.0262966Z  1671 |     Lit p; //     = lit_Undef;
2026-10-08T14:49:26.0263365Z       |         ^
2026-10-08T14:49:26.1047229Z In function ‘Minisat::Lit Minisat::operator~(Lit)’,
2026-10-08T14:49:26.1048418Z     inlined from ‘void Minisat::Solver::analyzeSoftConflict(Minisat::vec<Minisat::Lit>&, int&, int&)’ at src/solver/Solver.cc:2396:22:
2026-10-08T14:49:26.1050844Z src/solver/SolverTypes.h:73:64: warning: ‘p.Minisat::Lit::x’ may be used uninitialized [-Wmaybe-uninitialized]
2026-10-08T14:49:26.1052438Z    73 | inline  Lit  operator ~(Lit p)              { Lit q; q.x = p.x ^ 1; return q; }
2026-10-08T14:49:26.1053548Z       |                                                            ~~~~^~~
2026-10-08T14:49:26.1056058Z src/solver/Solver.cc: In member function ‘void Minisat::Solver::analyzeSoftConflict(Minisat::vec<Minisat::Lit>&, int&, int&)’:
2026-10-08T14:49:26.1058375Z src/solver/Solver.cc:2193:9: note: ‘p.Minisat::Lit::x’ was declared here
2026-10-08T14:49:26.1059427Z  2193 |     Lit p;
2026-10-08T14:49:26.1059970Z       |         ^
2026-10-08T14:49:26.2433665Z In function ‘Minisat::Lit Minisat::operator~(Lit)’,
2026-10-08T14:49:26.2435250Z     inlined from ‘void Minisat::Solver::analyzeQuasiSoftConflict(Minisat::vec<Minisat::Lit>&, int&, int&)’ at src/solver/Solver.cc:4664:22:
2026-10-08T14:49:26.2437185Z src/solver/SolverTypes.h:73:64: warning: ‘p.Minisat::Lit::x’ may be used uninitialized [-Wmaybe-uninitialized]
2026-10-08T14:49:26.2438264Z    73 | inline  Lit  operator ~(Lit p)              { Lit q; q.x = p.x ^ 1; return q; }
2026-10-08T14:49:26.2438942Z       |                                                            ~~~~^~~
2026-10-08T14:49:26.2440165Z src/solver/Solver.cc: In member function ‘void Minisat::Solver::analyzeQuasiSoftConflict(Minisat::vec<Minisat::Lit>&, int&, int&)’:
2026-10-08T14:49:26.2441674Z src/solver/Solver.cc:4492:9: note: ‘p.Minisat::Lit::x’ was declared here
2026-10-08T14:49:26.2442259Z  4492 |     Lit p;
2026-10-08T14:49:26.2442571Z       |         ^
2026-10-08T14:49:28.9345262Z g++ -Isrc/solver -Wall -Wno-parentheses -O3 -g -D __STDC_LIMIT_MACROS -D __STDC_FORMAT_MACROS -DNDEBUG -o bin/distqldpc src/core/distqldpc.cc build/SimpSolver.o build/Solver.o build/Options.o build/System.o -lz
2026-10-08T14:49:28.9347951Z g++ -Isrc/solver -Wall -Wno-parentheses -O3 -g -D __STDC_LIMIT_MACROS -D __STDC_FORMAT_MACROS -DNDEBUG -o bin/maxcdcl src/solver/Main.cc build/SimpSolver.o build/Solver.o build/Options.o build/System.o -lz
2026-10-08T14:49:28.9787150Z In file included from src/solver/Main.cc:51:
2026-10-08T14:49:28.9788346Z src/solver/utils/Options.h:285:29: warning: invalid suffix on literal; C++11 requires a space between literal and string macro [-Wliteral-suffix]
2026-10-08T14:49:28.9789553Z   285 |             fprintf(stderr, "%4"PRIi64, range.begin);
2026-10-08T14:49:28.9790107Z       |                             ^
2026-10-08T14:49:28.9791410Z src/solver/utils/Options.h:291:29: warning: invalid suffix on literal; C++11 requires a space between literal and string macro [-Wliteral-suffix]
2026-10-08T14:49:28.9792564Z   291 |             fprintf(stderr, "%4"PRIi64, range.end);
2026-10-08T14:49:28.9793085Z       |                             ^
2026-10-08T14:49:28.9794125Z src/solver/utils/Options.h:293:25: warning: invalid suffix on literal; C++11 requires a space between literal and string macro [-Wliteral-suffix]
2026-10-08T14:49:28.9795304Z   293 |         fprintf(stderr, "] (default: %"PRIi64")\n", value);
2026-10-08T14:49:28.9795870Z       |                         ^
2026-10-08T14:49:28.9807418Z src/solver/Main.cc:84:16: warning: invalid suffix on literal; C++11 requires a space between literal and string macro [-Wliteral-suffix]
2026-10-08T14:49:28.9808651Z    84 |         printf("c restarts              : %"PRIu64"\n", solver.starts);
2026-10-08T14:49:28.9809210Z       |                ^
2026-10-08T14:49:28.9810060Z src/solver/Main.cc:85:16: warning: invalid suffix on literal; C++11 requires a space between literal and string macro [-Wliteral-suffix]
2026-10-08T14:49:28.9811714Z    85 |         printf("c conflicts             : %-12"PRIu64"   (%.0f /sec)\n", solver.conflicts, solver.conflicts / cpu_time);
2026-10-08T14:49:28.9812508Z       |                ^
2026-10-08T14:49:28.9813417Z src/solver/Main.cc:86:16: warning: invalid suffix on literal; C++11 requires a space between literal and string macro [-Wliteral-suffix]
2026-10-08T14:49:28.9815280Z    86 |         printf("c decisions             : %-12"PRIu64"   (%4.2f %% random) (%.0f /sec)\n", solver.decisions, (float)solver.rnd_decisions * 100 / (float)solver.decisions, solver.decisions / cpu_time);
2026-10-08T14:49:28.9816568Z       |                ^
2026-10-08T14:49:28.9817866Z src/solver/Main.cc:87:16: warning: invalid suffix on literal; C++11 requires a space between literal and string macro [-Wliteral-suffix]
2026-10-08T14:49:28.9819604Z    87 |         printf("c propagations          : %-12"PRIu64"   (%.0f /sec)\n", solver.propagations, solver.propagations / cpu_time);
2026-10-08T14:49:28.9820859Z       |                ^
2026-10-08T14:49:28.9821843Z src/solver/Main.cc:88:16: warning: invalid suffix on literal; C++11 requires a space between literal and string macro [-Wliteral-suffix]
2026-10-08T14:49:28.9823727Z    88 |         printf("c conflict literals     : %-12"PRIu64"   (%4.2f %% deleted)\n", solver.tot_literals, (solver.max_literals - solver.tot_literals) * 100 / (double)solver.max_literals);
2026-10-08T14:49:28.9824996Z       |                ^
2026-10-08T14:49:28.9825958Z src/solver/Main.cc:93:16: warning: invalid suffix on literal; C++11 requires a space between literal and string macro [-Wliteral-suffix]
2026-10-08T14:49:28.9841425Z    93 |         printf("c s_propagations        : %-12"PRIu64"\n", solver.s_propagations);
2026-10-08T14:49:28.9842196Z       |                ^
2026-10-08T14:49:29.0808503Z src/solver/Main.cc: In function ‘void printStats(Minisat::Solver&)’:
2026-10-08T14:49:29.0810689Z src/solver/Main.cc:92:46: warning: format ‘%llu’ expects argument of type ‘long long unsigned int’, but argument 2 has type ‘uint64_t’ {aka ‘long unsigned int’} [-Wformat=]
2026-10-08T14:49:29.0812366Z    92 |         printf("c nbSimplifyAll         : %llu\n", solver.nbSimplifyAll);
2026-10-08T14:49:29.0813140Z       |                                           ~~~^     ~~~~~~~~~~~~~~~~~~~~
2026-10-08T14:49:29.0813759Z       |                                              |            |
2026-10-08T14:49:29.0814415Z       |                                              |            uint64_t {aka long unsigned int}
2026-10-08T14:49:29.0815106Z       |                                              long long unsigned int
2026-10-08T14:49:29.0815694Z       |                                           %lu
2026-10-08T14:49:29.0824866Z src/solver/Main.cc: In function ‘int main(int, char**)’:
2026-10-08T14:49:29.0826743Z src/solver/Main.cc:187:34: warning: format ‘%llu’ expects argument of type ‘long long unsigned int’, but argument 2 has type ‘uint64_t’ {aka ‘long unsigned int’} [-Wformat=]
2026-10-08T14:49:29.0828131Z   187 |         printf("c initial UB: %llu\n", S.initUB);
2026-10-08T14:49:29.0828719Z       |                               ~~~^     ~~~~~~~~
2026-10-08T14:49:29.0829245Z       |                                  |       |
2026-10-08T14:49:29.0829843Z       |                                  |       uint64_t {aka long unsigned int}
2026-10-08T14:49:29.0830792Z       |                                  long long unsigned int
2026-10-08T14:49:29.0831342Z       |                               %lu
2026-10-08T14:49:29.1200239Z src/solver/Main.cc: At global scope:
2026-10-08T14:49:29.1201513Z src/solver/Main.cc:108:13: warning: ‘void SIGINT_exit(int)’ defined but not used [-Wunused-function]
2026-10-08T14:49:29.1202405Z   108 | static void SIGINT_exit(int signum) {
2026-10-08T14:49:29.1202910Z       |             ^~~~~~~~~~~
2026-10-08T14:49:29.3079461Z In file included from src/solver/Solver.h:53,
2026-10-08T14:49:29.3080123Z                  from src/solver/SimpSolver.h:37,
2026-10-08T14:49:29.3080867Z                  from src/core/distqldpc.cc:40:
2026-10-08T14:49:29.3081999Z src/solver/utils/Options.h:285:29: warning: invalid suffix on literal; C++11 requires a space between literal and string macro [-Wliteral-suffix]
2026-10-08T14:49:29.3083192Z   285 |             fprintf(stderr, "%4"PRIi64, range.begin);
2026-10-08T14:49:29.3083746Z       |                             ^
2026-10-08T14:49:29.3084781Z src/solver/utils/Options.h:291:29: warning: invalid suffix on literal; C++11 requires a space between literal and string macro [-Wliteral-suffix]
2026-10-08T14:49:29.3085985Z   291 |             fprintf(stderr, "%4"PRIi64, range.end);
2026-10-08T14:49:29.3086552Z       |                             ^
2026-10-08T14:49:29.3087922Z src/solver/utils/Options.h:293:25: warning: invalid suffix on literal; C++11 requires a space between literal and string macro [-Wliteral-suffix]
2026-10-08T14:49:29.3089356Z   293 |         fprintf(stderr, "] (default: %"PRIi64")\n", value);
2026-10-08T14:49:29.3089904Z       |                         ^
2026-10-08T14:49:29.6176121Z src/core/distqldpc.cc: In function ‘void pipe_write_result(int, int, bool)’:
2026-10-08T14:49:29.6178388Z src/core/distqldpc.cc:162:20: warning: ignoring return value of ‘ssize_t write(int, const void*, size_t)’ declared with attribute ‘warn_unused_result’ [-Wunused-result]
2026-10-08T14:49:29.6179971Z   162 |         (void)write(pipe_w, buf, (size_t)n);
2026-10-08T14:49:29.6180974Z       |               ~~~~~^~~~~~~~~~~~~~~~~~~~~~~~
2026-10-08T14:49:30.5892724Z ##[group]Run bash scripts/smoke_test.sh
2026-10-08T14:49:30.5893083Z [36;1mbash scripts/smoke_test.sh[0m
2026-10-08T14:49:30.5955528Z shell: /usr/bin/bash -e {0}
2026-10-08T14:49:30.5955785Z ##[endgroup]
2026-10-08T14:49:30.6266831Z DistQLDPC smoke validation passed
2026-10-08T14:49:30.6445618Z Post job cleanup.
2026-10-08T14:49:30.7268573Z [command]/usr/bin/git version
2026-10-08T14:49:30.7323770Z git version 2.55.0
2026-10-08T14:49:30.7364879Z Temporarily overriding HOME='/home/runner/work/_temp/9a62e2f4-64d1-41da-88a8-b56958715dbe' before making global git config changes
2026-10-08T14:49:30.7366680Z Adding repository directory to the temporary git global config as a safe directory
2026-10-08T14:49:30.7371419Z [command]/usr/bin/git config --global --add safe.directory /home/runner/work/DistQLDPC/DistQLDPC
2026-10-08T14:49:30.7404299Z Removing SSH command configuration
2026-10-08T14:49:30.7411857Z [command]/usr/bin/git config --local --name-only --get-regexp core\.sshCommand
2026-10-08T14:49:30.7448452Z [command]/usr/bin/git submodule foreach --recursive sh -c "git config --local --name-only --get-regexp 'core\.sshCommand' && git config --local --unset-all 'core.sshCommand' || :"
2026-10-08T14:49:30.7700838Z Removing HTTP extra header
2026-10-08T14:49:30.7707148Z [command]/usr/bin/git config --local --name-only --get-regexp http\.https\:\/\/github\.com\/\.extraheader
2026-10-08T14:49:30.7753205Z [command]/usr/bin/git submodule foreach --recursive sh -c "git config --local --name-only --get-regexp 'http\.https\:\/\/github\.com\/\.extraheader' && git config --local --unset-all 'http.https://github.com/.extraheader' || :"
2026-10-08T14:49:30.8085718Z Removing includeIf entries pointing to credentials config files
2026-10-08T14:49:30.8086745Z [command]/usr/bin/git config --local --name-only --get-regexp ^includeIf\.gitdir:
2026-10-08T14:49:30.8116195Z includeif.gitdir:/home/runner/work/DistQLDPC/DistQLDPC/.git.path
2026-10-08T14:49:30.8125652Z includeif.gitdir:/home/runner/work/DistQLDPC/DistQLDPC/.git/worktrees/*.path
2026-10-08T14:49:30.8138084Z includeif.gitdir:/github/workspace/.git.path
2026-10-08T14:49:30.8138971Z includeif.gitdir:/github/workspace/.git/worktrees/*.path
2026-10-08T14:49:30.8141343Z [command]/usr/bin/git config --local --get-all includeif.gitdir:/home/runner/work/DistQLDPC/DistQLDPC/.git.path
2026-10-08T14:49:30.8173308Z /home/runner/work/_temp/git-credentials-553f0044-4f85-4e30-835e-3d2c7a0ed6c6.config
2026-10-08T14:49:30.8191359Z [command]/usr/bin/git config --local --unset includeif.gitdir:/home/runner/work/DistQLDPC/DistQLDPC/.git.path \/home\/runner\/work\/_temp\/git\-credentials\-553f0044\-4f85\-4e30\-835e\-3d2c7a0ed6c6\.config
2026-10-08T14:49:30.8253545Z [command]/usr/bin/git config --local --get-all includeif.gitdir:/home/runner/work/DistQLDPC/DistQLDPC/.git/worktrees/*.path
2026-10-08T14:49:30.8295491Z /home/runner/work/_temp/git-credentials-553f0044-4f85-4e30-835e-3d2c7a0ed6c6.config
2026-10-08T14:49:30.8322051Z [command]/usr/bin/git config --local --unset includeif.gitdir:/home/runner/work/DistQLDPC/DistQLDPC/.git/worktrees/*.path \/home\/runner\/work\/_temp\/git\-credentials\-553f0044\-4f85\-4e30\-835e\-3d2c7a0ed6c6\.config
2026-10-08T14:49:30.8369630Z [command]/usr/bin/git config --local --get-all includeif.gitdir:/github/workspace/.git.path
2026-10-08T14:49:30.8393761Z /github/runner_temp/git-credentials-553f0044-4f85-4e30-835e-3d2c7a0ed6c6.config
2026-10-08T14:49:30.8420069Z [command]/usr/bin/git config --local --unset includeif.gitdir:/github/workspace/.git.path \/github\/runner_temp\/git\-credentials\-553f0044\-4f85\-4e30\-835e\-3d2c7a0ed6c6\.config
2026-10-08T14:49:30.8457204Z [command]/usr/bin/git config --local --get-all includeif.gitdir:/github/workspace/.git/worktrees/*.path
2026-10-08T14:49:30.8493710Z /github/runner_temp/git-credentials-553f0044-4f85-4e30-835e-3d2c7a0ed6c6.config
2026-10-08T14:49:30.8505329Z [command]/usr/bin/git config --local --unset includeif.gitdir:/github/workspace/.git/worktrees/*.path \/github\/runner_temp\/git\-credentials\-553f0044\-4f85\-4e30\-835e\-3d2c7a0ed6c6\.config
2026-10-08T14:49:30.8551690Z [command]/usr/bin/git submodule foreach --recursive git config --local --show-origin --name-only --get-regexp remote.origin.url
2026-10-08T14:49:30.8796603Z Removing credentials config '/home/runner/work/_temp/git-credentials-553f0044-4f85-4e30-835e-3d2c7a0ed6c6.config'
2026-10-08T14:49:30.8965817Z Cleaning up orphan processes

