2026-10-08T17:44:08.4399365Z Current runner version: '2.337.0'
2026-10-08T17:44:08.4415611Z ##[group]Runner Image Provisioner
2026-10-08T17:44:08.4416135Z Hosted Compute Agent
2026-10-08T17:44:08.4416517Z Version: 20261002.596
2026-10-08T17:44:08.4416927Z Commit: c3d12f3313a95f25162a1503be624f3b0617f8c0
2026-10-08T17:44:08.4417343Z Build Date: 2026-10-02T22:28:27Z
2026-10-08T17:44:08.4417728Z Worker ID: {9ec16a3c-2f9c-409d-b08d-b8b1a9238794}
2026-10-08T17:44:08.4418186Z Region: centralus
2026-10-08T17:44:08.4418544Z Cloud: Azure
2026-10-08T17:44:08.4418920Z ##[endgroup]
2026-10-08T17:44:08.4419833Z ##[group]Operating System
2026-10-08T17:44:08.4420173Z Ubuntu
2026-10-08T17:44:08.4420536Z 24.04.5
2026-10-08T17:44:08.4420870Z LTS
2026-10-08T17:44:08.4421193Z ##[endgroup]
2026-10-08T17:44:08.4421535Z ##[group]Runner Image
2026-10-08T17:44:08.4421893Z Image: ubuntu-24.04
2026-10-08T17:44:08.4422269Z Version: 20261004.327.1
2026-10-08T17:44:08.4423026Z Included Software: https://github.com/actions/runner-images/blob/ubuntu24/20261004.327/images/ubuntu/Ubuntu2404-Readme.md
2026-10-08T17:44:08.4423914Z Image Release: https://github.com/actions/runner-images/releases/tag/ubuntu24%2F20261004.327
2026-10-08T17:44:08.4424460Z ##[endgroup]
2026-10-08T17:44:08.4425143Z ##[group]GITHUB_TOKEN Permissions
2026-10-08T17:44:08.4426529Z Contents: write
2026-10-08T17:44:08.4426957Z Metadata: read
2026-10-08T17:44:08.4427289Z ##[endgroup]
2026-10-08T17:44:08.4428569Z Secret source: Actions
2026-10-08T17:44:08.4429258Z Cache mode: write
2026-10-08T17:44:08.4429654Z Prepare workflow directory
2026-10-08T17:44:08.4628547Z Prepare all required actions
2026-10-08T17:44:08.4659849Z Getting action download info
2026-10-08T17:44:08.7222203Z Download action repository 'actions/checkout@v7' (SHA:3d3c42e5aac5ba805825da76410c181273ba90b1)
2026-10-08T17:44:08.7911561Z Download action repository 'actions/upload-artifact@v4' (SHA:ea165f8d65b6e75b540449e92b4886f43607fa02)
2026-10-08T17:44:08.9968457Z Complete job name: compare
2026-10-08T17:44:09.0414647Z ##[group]Run actions/checkout@v7
2026-10-08T17:44:09.0415092Z with:
2026-10-08T17:44:09.0415315Z   path: candidate
2026-10-08T17:44:09.0415551Z   fetch-depth: 0
2026-10-08T17:44:09.0415790Z   repository: guluchen/DistQLDPC
2026-10-08T17:44:09.0417869Z   token: ***
2026-10-08T17:44:09.0418093Z   ssh-strict: true
2026-10-08T17:44:09.0418325Z   ssh-user: git
2026-10-08T17:44:09.0418564Z   persist-credentials: true
2026-10-08T17:44:09.0418819Z   clean: true
2026-10-08T17:44:09.0419190Z   sparse-checkout-cone-mode: true
2026-10-08T17:44:09.0419461Z   fetch-tags: false
2026-10-08T17:44:09.0419695Z   show-progress: true
2026-10-08T17:44:09.0419931Z   lfs: false
2026-10-08T17:44:09.0420149Z   submodules: false
2026-10-08T17:44:09.0420386Z   set-safe-directory: true
2026-10-08T17:44:09.0420656Z   allow-unsafe-pr-checkout: false
2026-10-08T17:44:09.0421005Z ##[endgroup]
2026-10-08T17:44:09.1105601Z Syncing repository: guluchen/DistQLDPC
2026-10-08T17:44:09.1107098Z ##[group]Getting Git version info
2026-10-08T17:44:09.1107752Z Working directory is '/home/runner/work/DistQLDPC/DistQLDPC/candidate'
2026-10-08T17:44:09.1108715Z [command]/usr/bin/git version
2026-10-08T17:44:09.1153240Z git version 2.55.0
2026-10-08T17:44:09.1200739Z ##[endgroup]
2026-10-08T17:44:09.1205163Z Temporarily overriding HOME='/home/runner/work/_temp/ba4a5a05-a020-40d4-af76-026da7abab24' before making global git config changes
2026-10-08T17:44:09.1205900Z Adding repository directory to the temporary git global config as a safe directory
2026-10-08T17:44:09.1206644Z [command]/usr/bin/git config --global --add safe.directory /home/runner/work/DistQLDPC/DistQLDPC/candidate
2026-10-08T17:44:09.1218378Z ##[group]Determining repository object format
2026-10-08T17:44:09.1219605Z ##[endgroup]
2026-10-08T17:44:09.1220271Z ##[group]Initializing the repository
2026-10-08T17:44:09.1222388Z [command]/usr/bin/git init /home/runner/work/DistQLDPC/DistQLDPC/candidate
2026-10-08T17:44:09.1299493Z hint: Using 'master' as the name for the initial branch. This default branch name
2026-10-08T17:44:09.1301069Z hint: will change to "main" in Git 3.0. To configure the initial branch name
2026-10-08T17:44:09.1302072Z hint: to use in all of your new repositories, which will suppress this warning,
2026-10-08T17:44:09.1302841Z hint: call:
2026-10-08T17:44:09.1303339Z hint:
2026-10-08T17:44:09.1304114Z hint: 	git config --global init.defaultBranch <name>
2026-10-08T17:44:09.1304676Z hint:
2026-10-08T17:44:09.1305197Z hint: Names commonly chosen instead of 'master' are 'main', 'trunk' and
2026-10-08T17:44:09.1305990Z hint: 'development'. The just-created branch can be renamed via this command:
2026-10-08T17:44:09.1306615Z hint:
2026-10-08T17:44:09.1306961Z hint: 	git branch -m <name>
2026-10-08T17:44:09.1307355Z hint:
2026-10-08T17:44:09.1307878Z hint: Disable this message with "git config set advice.defaultBranchName false"
2026-10-08T17:44:09.1308805Z Initialized empty Git repository in /home/runner/work/DistQLDPC/DistQLDPC/candidate/.git/
2026-10-08T17:44:09.1311431Z [command]/usr/bin/git remote add origin https://github.com/guluchen/DistQLDPC
2026-10-08T17:44:09.1355002Z ##[endgroup]
2026-10-08T17:44:09.1355665Z ##[group]Disabling automatic garbage collection
2026-10-08T17:44:09.1357532Z [command]/usr/bin/git config --local gc.auto 0
2026-10-08T17:44:09.1385424Z ##[endgroup]
2026-10-08T17:44:09.1386069Z ##[group]Setting up auth
2026-10-08T17:44:09.1386552Z Removing SSH command configuration
2026-10-08T17:44:09.1389414Z [command]/usr/bin/git config --local --name-only --get-regexp core\.sshCommand
2026-10-08T17:44:09.1419638Z [command]/usr/bin/git submodule foreach --recursive sh -c "git config --local --name-only --get-regexp 'core\.sshCommand' && git config --local --unset-all 'core.sshCommand' || :"
2026-10-08T17:44:09.1691065Z Removing HTTP extra header
2026-10-08T17:44:09.1695453Z [command]/usr/bin/git config --local --name-only --get-regexp http\.https\:\/\/github\.com\/\.extraheader
2026-10-08T17:44:09.1726292Z [command]/usr/bin/git submodule foreach --recursive sh -c "git config --local --name-only --get-regexp 'http\.https\:\/\/github\.com\/\.extraheader' && git config --local --unset-all 'http.https://github.com/.extraheader' || :"
2026-10-08T17:44:09.1903533Z Removing includeIf entries pointing to credentials config files
2026-10-08T17:44:09.1911004Z [command]/usr/bin/git config --local --name-only --get-regexp ^includeIf\.gitdir:
2026-10-08T17:44:09.1938707Z [command]/usr/bin/git submodule foreach --recursive git config --local --show-origin --name-only --get-regexp remote.origin.url
2026-10-08T17:44:09.2111391Z [command]/usr/bin/git config --file /home/runner/work/_temp/git-credentials-c266b4bb-ef89-4fe1-83f3-5c283837d18f.config http.https://github.com/.extraheader AUTHORIZATION: basic ***
2026-10-08T17:44:09.2141764Z [command]/usr/bin/git config --local includeIf.gitdir:/home/runner/work/DistQLDPC/DistQLDPC/candidate/.git.path /home/runner/work/_temp/git-credentials-c266b4bb-ef89-4fe1-83f3-5c283837d18f.config
2026-10-08T17:44:09.2169495Z [command]/usr/bin/git config --local includeIf.gitdir:/home/runner/work/DistQLDPC/DistQLDPC/candidate/.git/worktrees/*.path /home/runner/work/_temp/git-credentials-c266b4bb-ef89-4fe1-83f3-5c283837d18f.config
2026-10-08T17:44:09.2199761Z [command]/usr/bin/git config --local includeIf.gitdir:/github/workspace/candidate/.git.path /github/runner_temp/git-credentials-c266b4bb-ef89-4fe1-83f3-5c283837d18f.config
2026-10-08T17:44:09.2228025Z [command]/usr/bin/git config --local includeIf.gitdir:/github/workspace/candidate/.git/worktrees/*.path /github/runner_temp/git-credentials-c266b4bb-ef89-4fe1-83f3-5c283837d18f.config
2026-10-08T17:44:09.2253826Z ##[endgroup]
2026-10-08T17:44:09.2254275Z ##[group]Fetching the repository
2026-10-08T17:44:09.2258226Z [command]/usr/bin/git -c protocol.version=2 fetch --no-tags --prune --no-recurse-submodules origin +refs/heads/*:refs/remotes/origin/* +refs/tags/*:refs/tags/* +692f776a84b11f08a22814420778b699f28d557c:refs/remotes/pull/37/merge
2026-10-08T17:44:10.4334505Z From https://github.com/guluchen/DistQLDPC
2026-10-08T17:44:10.4336181Z  * [new branch]      chore/autonomous-workflow-pilot          -> origin/chore/autonomous-workflow-pilot
2026-10-08T17:44:10.4337831Z  * [new branch]      chore/codex-integration-probe            -> origin/chore/codex-integration-probe
2026-10-08T17:44:10.4339705Z  * [new branch]      ci/cleanup-pi-escalation-test            -> origin/ci/cleanup-pi-escalation-test
2026-10-08T17:44:10.4341465Z  * [new branch]      ci/fire-pi-escalation-test               -> origin/ci/fire-pi-escalation-test
2026-10-08T17:44:10.4342931Z  * [new branch]      ci/pi-escalation-dispatch                -> origin/ci/pi-escalation-dispatch
2026-10-08T17:44:10.4344470Z  * [new branch]      ci/qdist-cross-repo-benchmark            -> origin/ci/qdist-cross-repo-benchmark
2026-10-08T17:44:10.4346019Z  * [new branch]      ci/test-pi-escalation-slack              -> origin/ci/test-pi-escalation-slack
2026-10-08T17:44:10.4347587Z  * [new branch]      docs/optimization-loop-policy            -> origin/docs/optimization-loop-policy
2026-10-08T17:44:10.4349487Z  * [new branch]      docs/require-cross-repo-benchmark        -> origin/docs/require-cross-repo-benchmark
2026-10-08T17:44:10.4351250Z  * [new branch]      experiment/fable-triwatch-20261008       -> origin/experiment/fable-triwatch-20261008
2026-10-08T17:44:10.4352894Z  * [new branch]      experiment/gh-34-mac-litvals             -> origin/experiment/gh-34-mac-litvals
2026-10-08T17:44:10.4354426Z  * [new branch]      experiment/gh16-pgo                      -> origin/experiment/gh16-pgo
2026-10-08T17:44:10.4355977Z  * [new branch]      experiment/gh17-scratch                  -> origin/experiment/gh17-scratch
2026-10-08T17:44:10.4357666Z  * [new branch]      experiment/gh20-watch-tail               -> origin/experiment/gh20-watch-tail
2026-10-08T17:44:10.4359336Z  * [new branch]      experiment/gh21-o2                       -> origin/experiment/gh21-o2
2026-10-08T17:44:10.4360957Z  * [new branch]      experiment/gh22-vsids                    -> origin/experiment/gh22-vsids
2026-10-08T17:44:10.4362489Z  * [new branch]      experiment/gh26-fla2                     -> origin/experiment/gh26-fla2
2026-10-08T17:44:10.4364056Z  * [new branch]      experiment/gh27-lk-enqueue               -> origin/experiment/gh27-lk-enqueue
2026-10-08T17:44:10.4365625Z  * [new branch]      experiment/gh30-mto-vsids                -> origin/experiment/gh30-mto-vsids
2026-10-08T17:44:10.4367122Z  * [new branch]      experiment/gh32-mtune                    -> origin/experiment/gh32-mtune
2026-10-08T17:44:10.4368623Z  * [new branch]      experiment/gh36-witness                  -> origin/experiment/gh36-witness
2026-10-08T17:44:10.4370519Z  * [new branch]      experiment/h001-logical-row-xor          -> origin/experiment/h001-logical-row-xor
2026-10-08T17:44:10.4372200Z  * [new branch]      experiment/h007-lto                      -> origin/experiment/h007-lto
2026-10-08T17:44:10.4373890Z  * [new branch]      experiment/h008-sls-warm-start           -> origin/experiment/h008-sls-warm-start
2026-10-08T17:44:10.4375599Z  * [new branch]      experiment/h009-bdd-bound                -> origin/experiment/h009-bdd-bound
2026-10-08T17:44:10.4377055Z  * [new branch]      main                                     -> origin/main
2026-10-08T17:44:10.4378545Z  * [new branch]      policy/compute-cost-guardrails           -> origin/policy/compute-cost-guardrails
2026-10-08T17:44:10.4380357Z  * [new ref]         692f776a84b11f08a22814420778b699f28d557c -> pull/37/merge
2026-10-08T17:44:10.4383885Z ##[endgroup]
2026-10-08T17:44:10.4385589Z ##[group]Determining the checkout info
2026-10-08T17:44:10.4387321Z ##[endgroup]
2026-10-08T17:44:10.4388107Z [command]/usr/bin/git sparse-checkout disable
2026-10-08T17:44:10.4390432Z [command]/usr/bin/git config --local --unset-all extensions.worktreeConfig
2026-10-08T17:44:10.4414112Z ##[group]Checking out the ref
2026-10-08T17:44:10.4415789Z [command]/usr/bin/git checkout --progress --force refs/remotes/pull/37/merge
2026-10-08T17:44:10.4822641Z Note: switching to 'refs/remotes/pull/37/merge'.
2026-10-08T17:44:10.4823937Z 
2026-10-08T17:44:10.4824699Z You are in 'detached HEAD' state. You can look around, make experimental
2026-10-08T17:44:10.4826526Z changes and commit them, and you can discard any commits you make in this
2026-10-08T17:44:10.4828338Z state without impacting any branches by switching back to a branch.
2026-10-08T17:44:10.4829549Z 
2026-10-08T17:44:10.4830257Z If you want to create a new branch to retain commits you create, you may
2026-10-08T17:44:10.4831920Z do so (now or later) by using -c with the switch command. Example:
2026-10-08T17:44:10.4832883Z 
2026-10-08T17:44:10.4833317Z   git switch -c <new-branch-name>
2026-10-08T17:44:10.4833984Z 
2026-10-08T17:44:10.4834401Z Or undo this operation with:
2026-10-08T17:44:10.4835011Z 
2026-10-08T17:44:10.4835375Z   git switch -
2026-10-08T17:44:10.4835840Z 
2026-10-08T17:44:10.4836613Z Turn off this advice by setting config variable advice.detachedHead to false
2026-10-08T17:44:10.4837756Z 
2026-10-08T17:44:10.4839158Z HEAD is now at 692f776 Merge 7566ffbf79d53c712366461ab0d676f0415edb80 into 24572d6d09cce9a4a5faa58300a89e0feba9da6a
2026-10-08T17:44:10.4844827Z ##[endgroup]
2026-10-08T17:44:10.4967447Z [command]/usr/bin/git log -1 --format=%H
2026-10-08T17:44:10.4992342Z 692f776a84b11f08a22814420778b699f28d557c
2026-10-08T17:44:10.5194495Z ##[group]Run set -euo pipefail
2026-10-08T17:44:10.5195278Z [36;1mset -euo pipefail[0m
2026-10-08T17:44:10.5196044Z [36;1mif [ "pull_request" = "pull_request" ]; then[0m
2026-10-08T17:44:10.5196999Z [36;1m  base="24572d6d09cce9a4a5faa58300a89e0feba9da6a"[0m
2026-10-08T17:44:10.5198048Z [36;1melif [ -n "" ] && [ "" != "0000000000000000000000000000000000000000" ]; then[0m
2026-10-08T17:44:10.5198987Z [36;1m  base=""[0m
2026-10-08T17:44:10.5199746Z [36;1melse[0m
2026-10-08T17:44:10.5200315Z [36;1m  base="$(git rev-parse HEAD^)"[0m
2026-10-08T17:44:10.5201010Z [36;1mfi[0m
2026-10-08T17:44:10.5201590Z [36;1mecho "base=$base" >> "$GITHUB_OUTPUT"[0m
2026-10-08T17:44:10.5202552Z [36;1mecho "candidate=$(git rev-parse HEAD)" >> "$GITHUB_OUTPUT"[0m
2026-10-08T17:44:10.5403493Z shell: /usr/bin/bash --noprofile --norc -e -o pipefail {0}
2026-10-08T17:44:10.5404360Z ##[endgroup]
2026-10-08T17:44:10.5654895Z ##[group]Run actions/checkout@v7
2026-10-08T17:44:10.5655522Z with:
2026-10-08T17:44:10.5656069Z   ref: 24572d6d09cce9a4a5faa58300a89e0feba9da6a
2026-10-08T17:44:10.5656772Z   path: baseline
2026-10-08T17:44:10.5657284Z   fetch-depth: 1
2026-10-08T17:44:10.5657826Z   repository: guluchen/DistQLDPC
2026-10-08T17:44:10.5662765Z   token: ***
2026-10-08T17:44:10.5663264Z   ssh-strict: true
2026-10-08T17:44:10.5663780Z   ssh-user: git
2026-10-08T17:44:10.5664313Z   persist-credentials: true
2026-10-08T17:44:10.5664892Z   clean: true
2026-10-08T17:44:10.5665425Z   sparse-checkout-cone-mode: true
2026-10-08T17:44:10.5666049Z   fetch-tags: false
2026-10-08T17:44:10.5666578Z   show-progress: true
2026-10-08T17:44:10.5667116Z   lfs: false
2026-10-08T17:44:10.5667606Z   submodules: false
2026-10-08T17:44:10.5668165Z   set-safe-directory: true
2026-10-08T17:44:10.5668779Z   allow-unsafe-pr-checkout: false
2026-10-08T17:44:10.5669600Z ##[endgroup]
2026-10-08T17:44:10.6199514Z Syncing repository: guluchen/DistQLDPC
2026-10-08T17:44:10.6201202Z ##[group]Getting Git version info
2026-10-08T17:44:10.6202403Z Working directory is '/home/runner/work/DistQLDPC/DistQLDPC/baseline'
2026-10-08T17:44:10.6217529Z [command]/usr/bin/git version
2026-10-08T17:44:10.6247958Z git version 2.55.0
2026-10-08T17:44:10.6260764Z ##[endgroup]
2026-10-08T17:44:10.6266741Z Temporarily overriding HOME='/home/runner/work/_temp/e1c3af9f-3e51-4b38-8d76-c1704214c0d8' before making global git config changes
2026-10-08T17:44:10.6268841Z Adding repository directory to the temporary git global config as a safe directory
2026-10-08T17:44:10.6271121Z [command]/usr/bin/git config --global --add safe.directory /home/runner/work/DistQLDPC/DistQLDPC/baseline
2026-10-08T17:44:10.6295241Z ##[group]Determining repository object format
2026-10-08T17:44:10.6297218Z ##[endgroup]
2026-10-08T17:44:10.6298578Z ##[group]Initializing the repository
2026-10-08T17:44:10.6300238Z [command]/usr/bin/git init /home/runner/work/DistQLDPC/DistQLDPC/baseline
2026-10-08T17:44:10.6342180Z hint: Using 'master' as the name for the initial branch. This default branch name
2026-10-08T17:44:10.6344000Z hint: will change to "main" in Git 3.0. To configure the initial branch name
2026-10-08T17:44:10.6345626Z hint: to use in all of your new repositories, which will suppress this warning,
2026-10-08T17:44:10.6346672Z hint: call:
2026-10-08T17:44:10.6347534Z hint:
2026-10-08T17:44:10.6348351Z hint: 	git config --global init.defaultBranch <name>
2026-10-08T17:44:10.6349803Z hint:
2026-10-08T17:44:10.6350773Z hint: Names commonly chosen instead of 'master' are 'main', 'trunk' and
2026-10-08T17:44:10.6352266Z hint: 'development'. The just-created branch can be renamed via this command:
2026-10-08T17:44:10.6353277Z hint:
2026-10-08T17:44:10.6354020Z hint: 	git branch -m <name>
2026-10-08T17:44:10.6354835Z hint:
2026-10-08T17:44:10.6356231Z hint: Disable this message with "git config set advice.defaultBranchName false"
2026-10-08T17:44:10.6358439Z Initialized empty Git repository in /home/runner/work/DistQLDPC/DistQLDPC/baseline/.git/
2026-10-08T17:44:10.6362312Z [command]/usr/bin/git remote add origin https://github.com/guluchen/DistQLDPC
2026-10-08T17:44:10.6380806Z ##[endgroup]
2026-10-08T17:44:10.6382143Z ##[group]Disabling automatic garbage collection
2026-10-08T17:44:10.6384127Z [command]/usr/bin/git config --local gc.auto 0
2026-10-08T17:44:10.6408854Z ##[endgroup]
2026-10-08T17:44:10.6410248Z ##[group]Setting up auth
2026-10-08T17:44:10.6411603Z Removing SSH command configuration
2026-10-08T17:44:10.6413232Z [command]/usr/bin/git config --local --name-only --get-regexp core\.sshCommand
2026-10-08T17:44:10.6439426Z [command]/usr/bin/git submodule foreach --recursive sh -c "git config --local --name-only --get-regexp 'core\.sshCommand' && git config --local --unset-all 'core.sshCommand' || :"
2026-10-08T17:44:10.6616561Z Removing HTTP extra header
2026-10-08T17:44:10.6622592Z [command]/usr/bin/git config --local --name-only --get-regexp http\.https\:\/\/github\.com\/\.extraheader
2026-10-08T17:44:10.6651904Z [command]/usr/bin/git submodule foreach --recursive sh -c "git config --local --name-only --get-regexp 'http\.https\:\/\/github\.com\/\.extraheader' && git config --local --unset-all 'http.https://github.com/.extraheader' || :"
2026-10-08T17:44:10.6838660Z Removing includeIf entries pointing to credentials config files
2026-10-08T17:44:10.6842858Z [command]/usr/bin/git config --local --name-only --get-regexp ^includeIf\.gitdir:
2026-10-08T17:44:10.6872494Z [command]/usr/bin/git submodule foreach --recursive git config --local --show-origin --name-only --get-regexp remote.origin.url
2026-10-08T17:44:10.7052334Z [command]/usr/bin/git config --file /home/runner/work/_temp/git-credentials-9f414e30-1efe-48e9-a9ef-e606cc659968.config http.https://github.com/.extraheader AUTHORIZATION: basic ***
2026-10-08T17:44:10.7083586Z [command]/usr/bin/git config --local includeIf.gitdir:/home/runner/work/DistQLDPC/DistQLDPC/baseline/.git.path /home/runner/work/_temp/git-credentials-9f414e30-1efe-48e9-a9ef-e606cc659968.config
2026-10-08T17:44:10.7111674Z [command]/usr/bin/git config --local includeIf.gitdir:/home/runner/work/DistQLDPC/DistQLDPC/baseline/.git/worktrees/*.path /home/runner/work/_temp/git-credentials-9f414e30-1efe-48e9-a9ef-e606cc659968.config
2026-10-08T17:44:10.7138254Z [command]/usr/bin/git config --local includeIf.gitdir:/github/workspace/baseline/.git.path /github/runner_temp/git-credentials-9f414e30-1efe-48e9-a9ef-e606cc659968.config
2026-10-08T17:44:10.7168026Z [command]/usr/bin/git config --local includeIf.gitdir:/github/workspace/baseline/.git/worktrees/*.path /github/runner_temp/git-credentials-9f414e30-1efe-48e9-a9ef-e606cc659968.config
2026-10-08T17:44:10.7194154Z ##[endgroup]
2026-10-08T17:44:10.7195132Z ##[group]Fetching the repository
2026-10-08T17:44:10.7198063Z [command]/usr/bin/git -c protocol.version=2 fetch --no-tags --prune --no-recurse-submodules --depth=1 origin 24572d6d09cce9a4a5faa58300a89e0feba9da6a
2026-10-08T17:44:11.2130679Z From https://github.com/guluchen/DistQLDPC
2026-10-08T17:44:11.2131558Z  * branch            24572d6d09cce9a4a5faa58300a89e0feba9da6a -> FETCH_HEAD
2026-10-08T17:44:11.2136251Z [command]/usr/bin/git rev-parse --verify --quiet 24572d6d09cce9a4a5faa58300a89e0feba9da6a^{object}
2026-10-08T17:44:11.2162976Z 24572d6d09cce9a4a5faa58300a89e0feba9da6a
2026-10-08T17:44:11.2166560Z ##[endgroup]
2026-10-08T17:44:11.2167053Z ##[group]Determining the checkout info
2026-10-08T17:44:11.2167553Z ##[endgroup]
2026-10-08T17:44:11.2170480Z [command]/usr/bin/git sparse-checkout disable
2026-10-08T17:44:11.2214990Z [command]/usr/bin/git config --local --unset-all extensions.worktreeConfig
2026-10-08T17:44:11.2244054Z ##[group]Checking out the ref
2026-10-08T17:44:11.2247447Z [command]/usr/bin/git checkout --progress --force 24572d6d09cce9a4a5faa58300a89e0feba9da6a
2026-10-08T17:44:11.2622229Z Note: switching to '24572d6d09cce9a4a5faa58300a89e0feba9da6a'.
2026-10-08T17:44:11.2622987Z 
2026-10-08T17:44:11.2623706Z You are in 'detached HEAD' state. You can look around, make experimental
2026-10-08T17:44:11.2624280Z changes and commit them, and you can discard any commits you make in this
2026-10-08T17:44:11.2624784Z state without impacting any branches by switching back to a branch.
2026-10-08T17:44:11.2625035Z 
2026-10-08T17:44:11.2625229Z If you want to create a new branch to retain commits you create, you may
2026-10-08T17:44:11.2625658Z do so (now or later) by using -c with the switch command. Example:
2026-10-08T17:44:11.2625890Z 
2026-10-08T17:44:11.2626015Z   git switch -c <new-branch-name>
2026-10-08T17:44:11.2626210Z 
2026-10-08T17:44:11.2626325Z Or undo this operation with:
2026-10-08T17:44:11.2626493Z 
2026-10-08T17:44:11.2626589Z   git switch -
2026-10-08T17:44:11.2626716Z 
2026-10-08T17:44:11.2626931Z Turn off this advice by setting config variable advice.detachedHead to false
2026-10-08T17:44:11.2627225Z 
2026-10-08T17:44:11.2627428Z HEAD is now at 24572d6 Point CI smoke at LP_34_20_2 after the QDistSAT rename.
2026-10-08T17:44:11.2646370Z ##[endgroup]
2026-10-08T17:44:11.2682934Z [command]/usr/bin/git log -1 --format=%H
2026-10-08T17:44:11.2707049Z 24572d6d09cce9a4a5faa58300a89e0feba9da6a
2026-10-08T17:44:11.2844029Z ##[group]Run actions/checkout@v7
2026-10-08T17:44:11.2844207Z with:
2026-10-08T17:44:11.2844355Z   repository: guluchen/QDistSAT
2026-10-08T17:44:11.2844520Z   ref: main
2026-10-08T17:44:11.2844655Z   path: qdistsat
2026-10-08T17:44:11.2844828Z   fetch-depth: 1
2026-10-08T17:44:11.2846149Z   token: ***
2026-10-08T17:44:11.2846292Z   ssh-strict: true
2026-10-08T17:44:11.2846433Z   ssh-user: git
2026-10-08T17:44:11.2846583Z   persist-credentials: true
2026-10-08T17:44:11.2846743Z   clean: true
2026-10-08T17:44:11.2846895Z   sparse-checkout-cone-mode: true
2026-10-08T17:44:11.2847067Z   fetch-tags: false
2026-10-08T17:44:11.2847213Z   show-progress: true
2026-10-08T17:44:11.2847368Z   lfs: false
2026-10-08T17:44:11.2847505Z   submodules: false
2026-10-08T17:44:11.2847653Z   set-safe-directory: true
2026-10-08T17:44:11.2847827Z   allow-unsafe-pr-checkout: false
2026-10-08T17:44:11.2847997Z ##[endgroup]
2026-10-08T17:44:11.3394740Z Syncing repository: guluchen/QDistSAT
2026-10-08T17:44:11.3398010Z ##[group]Getting Git version info
2026-10-08T17:44:11.3398489Z Working directory is '/home/runner/work/DistQLDPC/DistQLDPC/qdistsat'
2026-10-08T17:44:11.3449517Z [command]/usr/bin/git version
2026-10-08T17:44:11.3464861Z git version 2.55.0
2026-10-08T17:44:11.3477063Z ##[endgroup]
2026-10-08T17:44:11.3484201Z Temporarily overriding HOME='/home/runner/work/_temp/7b7566e5-0a6b-4c04-8470-af2c81464f77' before making global git config changes
2026-10-08T17:44:11.3485094Z Adding repository directory to the temporary git global config as a safe directory
2026-10-08T17:44:11.3487950Z [command]/usr/bin/git config --global --add safe.directory /home/runner/work/DistQLDPC/DistQLDPC/qdistsat
2026-10-08T17:44:11.3513166Z ##[group]Determining repository object format
2026-10-08T17:44:11.7040812Z ##[endgroup]
2026-10-08T17:44:11.7041602Z ##[group]Initializing the repository
2026-10-08T17:44:11.7047978Z [command]/usr/bin/git init /home/runner/work/DistQLDPC/DistQLDPC/qdistsat
2026-10-08T17:44:11.7098790Z hint: Using 'master' as the name for the initial branch. This default branch name
2026-10-08T17:44:11.7106297Z hint: will change to "main" in Git 3.0. To configure the initial branch name
2026-10-08T17:44:11.7107773Z hint: to use in all of your new repositories, which will suppress this warning,
2026-10-08T17:44:11.7108270Z hint: call:
2026-10-08T17:44:11.7108567Z hint:
2026-10-08T17:44:11.7108909Z hint: 	git config --global init.defaultBranch <name>
2026-10-08T17:44:11.7109463Z hint:
2026-10-08T17:44:11.7109827Z hint: Names commonly chosen instead of 'master' are 'main', 'trunk' and
2026-10-08T17:44:11.7110366Z hint: 'development'. The just-created branch can be renamed via this command:
2026-10-08T17:44:11.7110822Z hint:
2026-10-08T17:44:11.7111104Z hint: 	git branch -m <name>
2026-10-08T17:44:11.7111411Z hint:
2026-10-08T17:44:11.7111815Z hint: Disable this message with "git config set advice.defaultBranchName false"
2026-10-08T17:44:11.7112468Z Initialized empty Git repository in /home/runner/work/DistQLDPC/DistQLDPC/qdistsat/.git/
2026-10-08T17:44:11.7113824Z [command]/usr/bin/git remote add origin https://github.com/guluchen/QDistSAT
2026-10-08T17:44:11.7152388Z ##[endgroup]
2026-10-08T17:44:11.7152736Z ##[group]Disabling automatic garbage collection
2026-10-08T17:44:11.7155027Z [command]/usr/bin/git config --local gc.auto 0
2026-10-08T17:44:11.7187900Z ##[endgroup]
2026-10-08T17:44:11.7188345Z ##[group]Setting up auth
2026-10-08T17:44:11.7188692Z Removing SSH command configuration
2026-10-08T17:44:11.7194502Z [command]/usr/bin/git config --local --name-only --get-regexp core\.sshCommand
2026-10-08T17:44:11.7226589Z [command]/usr/bin/git submodule foreach --recursive sh -c "git config --local --name-only --get-regexp 'core\.sshCommand' && git config --local --unset-all 'core.sshCommand' || :"
2026-10-08T17:44:11.7423544Z Removing HTTP extra header
2026-10-08T17:44:11.7426262Z [command]/usr/bin/git config --local --name-only --get-regexp http\.https\:\/\/github\.com\/\.extraheader
2026-10-08T17:44:11.7455876Z [command]/usr/bin/git submodule foreach --recursive sh -c "git config --local --name-only --get-regexp 'http\.https\:\/\/github\.com\/\.extraheader' && git config --local --unset-all 'http.https://github.com/.extraheader' || :"
2026-10-08T17:44:11.7651523Z Removing includeIf entries pointing to credentials config files
2026-10-08T17:44:11.7654659Z [command]/usr/bin/git config --local --name-only --get-regexp ^includeIf\.gitdir:
2026-10-08T17:44:11.7685022Z [command]/usr/bin/git submodule foreach --recursive git config --local --show-origin --name-only --get-regexp remote.origin.url
2026-10-08T17:44:11.7860246Z [command]/usr/bin/git config --file /home/runner/work/_temp/git-credentials-dd874f97-f105-424a-8f31-bfafc7c6d1f3.config http.https://github.com/.extraheader AUTHORIZATION: basic ***
2026-10-08T17:44:11.7893158Z [command]/usr/bin/git config --local includeIf.gitdir:/home/runner/work/DistQLDPC/DistQLDPC/qdistsat/.git.path /home/runner/work/_temp/git-credentials-dd874f97-f105-424a-8f31-bfafc7c6d1f3.config
2026-10-08T17:44:11.7922638Z [command]/usr/bin/git config --local includeIf.gitdir:/home/runner/work/DistQLDPC/DistQLDPC/qdistsat/.git/worktrees/*.path /home/runner/work/_temp/git-credentials-dd874f97-f105-424a-8f31-bfafc7c6d1f3.config
2026-10-08T17:44:11.7953625Z [command]/usr/bin/git config --local includeIf.gitdir:/github/workspace/qdistsat/.git.path /github/runner_temp/git-credentials-dd874f97-f105-424a-8f31-bfafc7c6d1f3.config
2026-10-08T17:44:11.7983748Z [command]/usr/bin/git config --local includeIf.gitdir:/github/workspace/qdistsat/.git/worktrees/*.path /github/runner_temp/git-credentials-dd874f97-f105-424a-8f31-bfafc7c6d1f3.config
2026-10-08T17:44:11.8011028Z ##[endgroup]
2026-10-08T17:44:11.8011417Z ##[group]Fetching the repository
2026-10-08T17:44:11.8015222Z [command]/usr/bin/git -c protocol.version=2 fetch --no-tags --prune --no-recurse-submodules --depth=1 origin +refs/heads/main*:refs/remotes/origin/main* +refs/tags/main*:refs/tags/main*
2026-10-08T17:44:12.5214612Z From https://github.com/guluchen/QDistSAT
2026-10-08T17:44:12.5215053Z  * [new branch]      main       -> origin/main
2026-10-08T17:44:12.5223059Z ##[endgroup]
2026-10-08T17:44:12.5223286Z ##[group]Determining the checkout info
2026-10-08T17:44:12.5233665Z [command]/usr/bin/git branch --list --remote origin/main
2026-10-08T17:44:12.5252520Z   origin/main
2026-10-08T17:44:12.5255585Z ##[endgroup]
2026-10-08T17:44:12.5258627Z [command]/usr/bin/git sparse-checkout disable
2026-10-08T17:44:12.5296169Z [command]/usr/bin/git config --local --unset-all extensions.worktreeConfig
2026-10-08T17:44:12.5326748Z ##[group]Checking out the ref
2026-10-08T17:44:12.5329535Z [command]/usr/bin/git checkout --progress --force -B main refs/remotes/origin/main
2026-10-08T17:44:12.5578890Z Switched to a new branch 'main'
2026-10-08T17:44:12.5579509Z branch 'main' set up to track 'origin/main'.
2026-10-08T17:44:12.5589702Z ##[endgroup]
2026-10-08T17:44:12.5629353Z [command]/usr/bin/git log -1 --format=%H
2026-10-08T17:44:12.5654789Z 7c4774fffc49856f48a22ae5f9063d00b2661aaa
2026-10-08T17:44:12.5766841Z ##[group]Run sudo apt-get update
2026-10-08T17:44:12.5767019Z [36;1msudo apt-get update[0m
2026-10-08T17:44:12.5767200Z [36;1msudo apt-get install --yes build-essential zlib1g-dev[0m
2026-10-08T17:44:12.5821216Z shell: /usr/bin/bash -e {0}
2026-10-08T17:44:12.5821357Z ##[endgroup]
2026-10-08T17:44:12.6423624Z Get:1 file:/etc/apt/apt-mirrors.txt Mirrorlist [144 B]
2026-10-08T17:44:12.6783850Z Hit:2 http://azure.archive.ubuntu.com/ubuntu noble InRelease
2026-10-08T17:44:12.6794173Z Get:3 http://azure.archive.ubuntu.com/ubuntu noble-updates InRelease [126 kB]
2026-10-08T17:44:12.6825302Z Get:4 http://azure.archive.ubuntu.com/ubuntu noble-backports InRelease [126 kB]
2026-10-08T17:44:12.6839810Z Get:5 http://azure.archive.ubuntu.com/ubuntu noble-security InRelease [126 kB]
2026-10-08T17:44:12.6932859Z Get:6 https://packages.microsoft.com/ubuntu/24.04/prod noble InRelease [3600 B]
2026-10-08T17:44:12.7655062Z Get:7 http://azure.archive.ubuntu.com/ubuntu noble-updates/main amd64 Packages [1375 kB]
2026-10-08T17:44:12.7759912Z Get:8 http://azure.archive.ubuntu.com/ubuntu noble-updates/main Translation-en [306 kB]
2026-10-08T17:44:12.7791049Z Get:9 http://azure.archive.ubuntu.com/ubuntu noble-updates/universe amd64 Packages [1702 kB]
2026-10-08T17:44:12.7855657Z Get:10 http://azure.archive.ubuntu.com/ubuntu noble-updates/universe Translation-en [342 kB]
2026-10-08T17:44:12.7873298Z Get:11 http://azure.archive.ubuntu.com/ubuntu noble-updates/restricted amd64 Packages [1761 kB]
2026-10-08T17:44:12.7951362Z Get:12 http://azure.archive.ubuntu.com/ubuntu noble-updates/restricted Translation-en [401 kB]
2026-10-08T17:44:12.7967215Z Get:13 http://azure.archive.ubuntu.com/ubuntu noble-updates/multiverse amd64 Packages [55.0 kB]
2026-10-08T17:44:12.7978563Z Get:14 http://azure.archive.ubuntu.com/ubuntu noble-updates/multiverse Translation-en [14.3 kB]
2026-10-08T17:44:12.8501440Z Get:15 http://azure.archive.ubuntu.com/ubuntu noble-security/main amd64 Packages [1115 kB]
2026-10-08T17:44:12.8546706Z Get:16 http://azure.archive.ubuntu.com/ubuntu noble-security/main Translation-en [227 kB]
2026-10-08T17:44:12.8876771Z Get:22 https://packages.microsoft.com/ubuntu/24.04/prod noble/main all Packages [640 B]
2026-10-08T17:44:12.8908603Z Get:23 https://packages.microsoft.com/ubuntu/24.04/prod noble/main amd64 Packages [531 kB]
2026-10-08T17:44:12.8985316Z Get:24 https://packages.microsoft.com/ubuntu/24.04/prod noble/main arm64 Packages [474 kB]
2026-10-08T17:44:12.8991146Z Get:17 http://azure.archive.ubuntu.com/ubuntu noble-security/universe amd64 Packages [1218 kB]
2026-10-08T17:44:12.9034655Z Get:18 http://azure.archive.ubuntu.com/ubuntu noble-security/universe Translation-en [245 kB]
2026-10-08T17:44:12.9048912Z Get:19 http://azure.archive.ubuntu.com/ubuntu noble-security/restricted amd64 Packages [1632 kB]
2026-10-08T17:44:12.9068430Z Get:25 https://packages.microsoft.com/ubuntu/24.04/prod noble/main armhf Packages [12.3 kB]
2026-10-08T17:44:12.9105726Z Get:20 http://azure.archive.ubuntu.com/ubuntu noble-security/restricted Translation-en [376 kB]
2026-10-08T17:44:12.9121146Z Get:21 http://azure.archive.ubuntu.com/ubuntu noble-security/multiverse Translation-en [11.6 kB]
2026-10-08T17:44:17.5383882Z Fetched 12.2 MB in 1s (13.0 MB/s)
2026-10-08T17:44:18.0481655Z Reading package lists...
2026-10-08T17:44:18.0722938Z Reading package lists...
2026-10-08T17:44:18.2741449Z Building dependency tree...
2026-10-08T17:44:18.2747069Z Reading state information...
2026-10-08T17:44:18.3956836Z zlib1g-dev is already the newest version (1:1.3.dfsg-3.1ubuntu2.2).
2026-10-08T17:44:18.3957314Z The following NEW packages will be installed:
2026-10-08T17:44:18.3959255Z   build-essential
2026-10-08T17:44:18.4084613Z 0 upgraded, 1 newly installed, 0 to remove and 21 not upgraded.
2026-10-08T17:44:18.4084914Z Need to get 4928 B of archives.
2026-10-08T17:44:18.4085108Z After this operation, 17.4 kB of additional disk space will be used.
2026-10-08T17:44:18.4085344Z Get:1 file:/etc/apt/apt-mirrors.txt Mirrorlist [144 B]
2026-10-08T17:44:18.4807448Z Get:2 http://azure.archive.ubuntu.com/ubuntu noble/main amd64 build-essential amd64 12.10ubuntu1 [4928 B]
2026-10-08T17:44:18.6459825Z Fetched 4928 B in 0s (61.5 kB/s)
2026-10-08T17:44:18.6604683Z Selecting previously unselected package build-essential.
2026-10-08T17:44:18.6891418Z (Reading database ... 
2026-10-08T17:44:18.6891737Z (Reading database ... 5%
2026-10-08T17:44:18.6891990Z (Reading database ... 10%
2026-10-08T17:44:18.6892183Z (Reading database ... 15%
2026-10-08T17:44:18.6892310Z (Reading database ... 20%
2026-10-08T17:44:18.6892437Z (Reading database ... 25%
2026-10-08T17:44:18.6892566Z (Reading database ... 30%
2026-10-08T17:44:18.6892688Z (Reading database ... 35%
2026-10-08T17:44:18.6892847Z (Reading database ... 40%
2026-10-08T17:44:18.6892968Z (Reading database ... 45%
2026-10-08T17:44:18.6893089Z (Reading database ... 50%
2026-10-08T17:44:18.6926534Z (Reading database ... 55%
2026-10-08T17:44:18.8024125Z (Reading database ... 60%
2026-10-08T17:44:19.0340976Z (Reading database ... 65%
2026-10-08T17:44:19.2358260Z (Reading database ... 70%
2026-10-08T17:44:19.3991163Z (Reading database ... 75%
2026-10-08T17:44:19.5425169Z (Reading database ... 80%
2026-10-08T17:44:19.6937749Z (Reading database ... 85%
2026-10-08T17:44:19.8091660Z (Reading database ... 90%
2026-10-08T17:44:19.9094625Z (Reading database ... 95%
2026-10-08T17:44:19.9094900Z (Reading database ... 100%
2026-10-08T17:44:19.9095136Z (Reading database ... 203191 files and directories currently installed.)
2026-10-08T17:44:19.9130000Z Preparing to unpack .../build-essential_12.10ubuntu1_amd64.deb ...
2026-10-08T17:44:19.9219565Z Unpacking build-essential (12.10ubuntu1) ...
2026-10-08T17:44:19.9504010Z Setting up build-essential (12.10ubuntu1) ...
2026-10-08T17:44:20.3668963Z 
2026-10-08T17:44:20.3669575Z Running kernel seems to be up-to-date.
2026-10-08T17:44:20.3669803Z 
2026-10-08T17:44:20.3669892Z No services need to be restarted.
2026-10-08T17:44:20.3670049Z 
2026-10-08T17:44:20.3670152Z No containers need to be restarted.
2026-10-08T17:44:20.3670252Z 
2026-10-08T17:44:20.3670328Z No user sessions are running outdated binaries.
2026-10-08T17:44:20.3670447Z 
2026-10-08T17:44:20.3670555Z No VM guests are running outdated hypervisor (qemu) binaries on this host.
2026-10-08T17:44:21.0746099Z ##[group]Run set -euo pipefail
2026-10-08T17:44:21.0746292Z [36;1mset -euo pipefail[0m
2026-10-08T17:44:21.0746442Z [36;1mmake -C baseline --jobs="$(nproc)"[0m
2026-10-08T17:44:21.0746613Z [36;1mmake -C candidate --jobs="$(nproc)"[0m
2026-10-08T17:44:21.0799839Z shell: /usr/bin/bash --noprofile --norc -e -o pipefail {0}
2026-10-08T17:44:21.0800026Z ##[endgroup]
2026-10-08T17:44:21.1652339Z make: Entering directory '/home/runner/work/DistQLDPC/DistQLDPC/baseline'
2026-10-08T17:44:21.1662549Z g++ -Isrc/solver -Wall -Wno-parentheses -O3 -g -D __STDC_LIMIT_MACROS -D __STDC_FORMAT_MACROS -DNDEBUG -c -o build/SimpSolver.o src/solver/SimpSolver.cc
2026-10-08T17:44:21.1666222Z g++ -Isrc/solver -Wall -Wno-parentheses -O3 -g -D __STDC_LIMIT_MACROS -D __STDC_FORMAT_MACROS -DNDEBUG -c -o build/Solver.o src/solver/Solver.cc
2026-10-08T17:44:21.1668295Z g++ -Isrc/solver -Wall -Wno-parentheses -O3 -g -D __STDC_LIMIT_MACROS -D __STDC_FORMAT_MACROS -DNDEBUG -c -o build/Options.o src/solver/utils/Options.cc
2026-10-08T17:44:21.1672884Z g++ -Isrc/solver -Wall -Wno-parentheses -O3 -g -D __STDC_LIMIT_MACROS -D __STDC_FORMAT_MACROS -DNDEBUG -c -o build/System.o src/solver/utils/System.cc
2026-10-08T17:44:21.2460752Z In file included from src/solver/Solver.h:53,
2026-10-08T17:44:21.2473645Z                  from src/solver/Solver.cc:107:
2026-10-08T17:44:21.2474368Z src/solver/utils/Options.h:285:29: warning: invalid suffix on literal; C++11 requires a space between literal and string macro [-Wliteral-suffix]
2026-10-08T17:44:21.2476044Z   285 |             fprintf(stderr, "%4"PRIi64, range.begin);
2026-10-08T17:44:21.2476457Z       |                             ^
2026-10-08T17:44:21.2477068Z src/solver/utils/Options.h:291:29: warning: invalid suffix on literal; C++11 requires a space between literal and string macro [-Wliteral-suffix]
2026-10-08T17:44:21.2478347Z   291 |             fprintf(stderr, "%4"PRIi64, range.end);
2026-10-08T17:44:21.2478703Z       |                             ^
2026-10-08T17:44:21.2479487Z src/solver/utils/Options.h:293:25: warning: invalid suffix on literal; C++11 requires a space between literal and string macro [-Wliteral-suffix]
2026-10-08T17:44:21.2480251Z   293 |         fprintf(stderr, "] (default: %"PRIi64")\n", value);
2026-10-08T17:44:21.2481103Z       |                         ^
2026-10-08T17:44:21.2481482Z In file included from src/solver/Solver.h:53,
2026-10-08T17:44:21.2481848Z                  from src/solver/SimpSolver.h:37,
2026-10-08T17:44:21.2482213Z                  from src/solver/SimpSolver.cc:34:
2026-10-08T17:44:21.2482822Z src/solver/utils/Options.h:285:29: warning: invalid suffix on literal; C++11 requires a space between literal and string macro [-Wliteral-suffix]
2026-10-08T17:44:21.2483480Z   285 |             fprintf(stderr, "%4"PRIi64, range.begin);
2026-10-08T17:44:21.2483833Z       |                             ^
2026-10-08T17:44:21.2484435Z src/solver/utils/Options.h:291:29: warning: invalid suffix on literal; C++11 requires a space between literal and string macro [-Wliteral-suffix]
2026-10-08T17:44:21.2485046Z   291 |             fprintf(stderr, "%4"PRIi64, range.end);
2026-10-08T17:44:21.2485303Z       |                             ^
2026-10-08T17:44:21.2485784Z src/solver/utils/Options.h:293:25: warning: invalid suffix on literal; C++11 requires a space between literal and string macro [-Wliteral-suffix]
2026-10-08T17:44:21.2486482Z   293 |         fprintf(stderr, "] (default: %"PRIi64")\n", value);
2026-10-08T17:44:21.2486667Z       |                         ^
2026-10-08T17:44:21.2486835Z In file included from src/solver/utils/Options.cc:21:
2026-10-08T17:44:21.2487177Z src/solver/utils/Options.h:285:29: warning: invalid suffix on literal; C++11 requires a space between literal and string macro [-Wliteral-suffix]
2026-10-08T17:44:21.2487519Z   285 |             fprintf(stderr, "%4"PRIi64, range.begin);
2026-10-08T17:44:21.2487687Z       |                             ^
2026-10-08T17:44:21.2488394Z src/solver/utils/Options.h:291:29: warning: invalid suffix on literal; C++11 requires a space between literal and string macro [-Wliteral-suffix]
2026-10-08T17:44:21.2488984Z   291 |             fprintf(stderr, "%4"PRIi64, range.end);
2026-10-08T17:44:21.2489377Z       |                             ^
2026-10-08T17:44:21.2489819Z src/solver/utils/Options.h:293:25: warning: invalid suffix on literal; C++11 requires a space between literal and string macro [-Wliteral-suffix]
2026-10-08T17:44:21.2490277Z   293 |         fprintf(stderr, "] (default: %"PRIi64")\n", value);
2026-10-08T17:44:21.2490452Z       |                         ^
2026-10-08T17:44:21.3326740Z src/solver/Solver.h: In constructor ‘Minisat::Solver::Solver()’:
2026-10-08T17:44:21.3327731Z src/solver/Solver.h:480:15: warning: ‘Minisat::Solver::my_var_decay’ will be initialized after [-Wreorder]
2026-10-08T17:44:21.3328222Z   480 |     double    my_var_decay;
2026-10-08T17:44:21.3328462Z       |               ^~~~~~~~~~~~
2026-10-08T17:44:21.3329351Z src/solver/Solver.h:293:42: warning:   ‘Minisat::Heap<Minisat::Solver::VarOrderLt> Minisat::Solver::order_heap_distance’ [-Wreorder]
2026-10-08T17:44:21.3329909Z   293 |                         order_heap_VSIDS,order_heap_distance;
2026-10-08T17:44:21.3330229Z       |                                          ^~~~~~~~~~~~~~~~~~~
2026-10-08T17:44:21.3330581Z src/solver/Solver.cc:143:1: warning:   when initialized here [-Wreorder]
2026-10-08T17:44:21.3330902Z   143 | Solver::Solver() :
2026-10-08T17:44:21.3331068Z       | ^~~~~~
2026-10-08T17:44:21.3331386Z src/solver/Solver.h:514:14: warning: ‘Minisat::Solver::lastOptimalCost’ will be initialized after [-Wreorder]
2026-10-08T17:44:21.3331671Z   514 |     uint64_t lastOptimalCost;
2026-10-08T17:44:21.3331818Z       |              ^~~~~~~~~~~~~~~
2026-10-08T17:44:21.3332108Z src/solver/Solver.h:513:40: warning:   ‘uint64_t Minisat::Solver::totalWeight’ [-Wreorder]
2026-10-08T17:44:21.3332374Z   513 |     uint64_t hardWeight, solutionCost, totalWeight, UB;
2026-10-08T17:44:21.3332575Z       |                                        ^~~~~~~~~~~
2026-10-08T17:44:21.3332786Z src/solver/Solver.cc:143:1: warning:   when initialized here [-Wreorder]
2026-10-08T17:44:21.3333107Z   143 | Solver::Solver() :
2026-10-08T17:44:21.3333326Z       | ^~~~~~
2026-10-08T17:44:21.3333825Z src/solver/Solver.h:707:25: warning: ‘Minisat::Solver::orderHeapAuxi’ will be initialized after [-Wreorder]
2026-10-08T17:44:21.3334281Z   707 |     Heap<VarOrderGt>    orderHeapAuxi;
2026-10-08T17:44:21.3334551Z       |                         ^~~~~~~~~~~~~
2026-10-08T17:44:21.3334865Z src/solver/Solver.h:619:25: warning:   ‘int Minisat::Solver::tier2_lbd_cut’ [-Wreorder]
2026-10-08T17:44:21.3335099Z   619 |     int                 tier2_lbd_cut;
2026-10-08T17:44:21.3335251Z       |                         ^~~~~~~~~~~~~
2026-10-08T17:44:21.3335447Z src/solver/Solver.cc:143:1: warning:   when initialized here [-Wreorder]
2026-10-08T17:44:21.3335651Z   143 | Solver::Solver() :
2026-10-08T17:44:21.3335772Z       | ^~~~~~
2026-10-08T17:44:21.3336076Z src/solver/Solver.h:663:9: warning: ‘Minisat::Solver::cardinalityEncMode’ will be initialized after [-Wreorder]
2026-10-08T17:44:21.3336426Z   663 |     int cardinalityEncMode;
2026-10-08T17:44:21.3336652Z       |         ^~~~~~~~~~~~~~~~~~
2026-10-08T17:44:21.3336983Z src/solver/Solver.h:644:14: warning:   ‘uint64_t Minisat::Solver::quasiSoftConflicts’ [-Wreorder]
2026-10-08T17:44:21.3337232Z   644 |     uint64_t quasiSoftConflicts;
2026-10-08T17:44:21.3337383Z       |              ^~~~~~~~~~~~~~~~~~
2026-10-08T17:44:21.3337575Z src/solver/Solver.cc:143:1: warning:   when initialized here [-Wreorder]
2026-10-08T17:44:21.3337773Z   143 | Solver::Solver() :
2026-10-08T17:44:21.3337892Z       | ^~~~~~
2026-10-08T17:44:21.3338168Z src/solver/Solver.h:696:14: warning: ‘Minisat::Solver::nbFixedByLH’ will be initialized after [-Wreorder]
2026-10-08T17:44:21.3338515Z   696 |     uint64_t nbFixedByLH;
2026-10-08T17:44:21.3338670Z       |              ^~~~~~~~~~~
2026-10-08T17:44:21.3339286Z src/solver/Solver.h:562:10: warning:   ‘bool Minisat::Solver::bestSolutionFound’ [-Wreorder]
2026-10-08T17:44:21.3339687Z   562 |     bool bestSolutionFound;
2026-10-08T17:44:21.3339912Z       |          ^~~~~~~~~~~~~~~~~
2026-10-08T17:44:21.3340219Z src/solver/Solver.cc:143:1: warning:   when initialized here [-Wreorder]
2026-10-08T17:44:21.3340549Z   143 | Solver::Solver() :
2026-10-08T17:44:21.3340748Z       | ^~~~~~
2026-10-08T17:44:21.3341248Z src/solver/Solver.h:564:9: warning: ‘Minisat::Solver::nbSatLitsAtStart’ will be initialized after [-Wreorder]
2026-10-08T17:44:21.3341859Z   564 |     int nbSatLitsAtStart;
2026-10-08T17:44:21.3342086Z       |         ^~~~~~~~~~~~~~~~
2026-10-08T17:44:21.3342535Z src/solver/Solver.h:560:9: warning:   ‘int Minisat::Solver::bounds_pipe_w’ [-Wreorder]
2026-10-08T17:44:21.3342918Z   560 |     int bounds_pipe_w;
2026-10-08T17:44:21.3343138Z       |         ^~~~~~~~~~~~~
2026-10-08T17:44:21.3343441Z src/solver/Solver.cc:143:1: warning:   when initialized here [-Wreorder]
2026-10-08T17:44:21.3343794Z   143 | Solver::Solver() :
2026-10-08T17:44:21.3343981Z       | ^~~~~~
2026-10-08T17:44:21.3345277Z src/solver/Solver.cc: In member function ‘Minisat::CRef Minisat::Solver::simplePropagate()’:
2026-10-08T17:44:21.3352143Z src/solver/Solver.cc:316:27: warning: comparison of integer expressions of different signedness: ‘unsigned int’ and ‘int’ [-Wsign-compare]
2026-10-08T17:44:21.3353103Z   316 |         if (c.lastPoint() > c.size())
2026-10-08T17:44:21.3356933Z       |             ~~~~~~~~~~~~~~^~~~~~~~~~
2026-10-08T17:44:21.3357767Z src/solver/Solver.cc:335:27: warning: comparison of integer expressions of different signedness: ‘int’ and ‘unsigned int’ [-Wsign-compare]
2026-10-08T17:44:21.3358433Z   335 |         for (int k = 2; k < c.lastPoint(); k++) {
2026-10-08T17:44:21.3358844Z       |                         ~~^~~~~~~~~~~~~~~
2026-10-08T17:44:21.3359853Z src/solver/Solver.cc:381:63: warning: comparison of integer expressions of different signedness: ‘int’ and ‘uint64_t’ {aka ‘long unsigned int’} [-Wsign-compare]
2026-10-08T17:44:21.3360651Z   381 |     if (confl == CRef_Undef && falseLits.size() + rootNbIsets >= UB)
2026-10-08T17:44:21.3361094Z       |                                ~~~~~~~~~~~~~~~~~~~~~~~~~~~~~~~^~~~~
2026-10-08T17:44:21.3389700Z src/solver/Solver.cc: In member function ‘bool Minisat::Solver::simplifyLearnt_core()’:
2026-10-08T17:44:21.3390651Z src/solver/Solver.cc:787:34: warning: comparison of integer expressions of different signedness: ‘unsigned int’ and ‘int’ [-Wsign-compare]
2026-10-08T17:44:21.3391400Z   787 |                     if (nblevels < c.lbd()){
2026-10-08T17:44:21.3391794Z       |                         ~~~~~~~~~^~~~~~~~~
2026-10-08T17:44:21.3392440Z src/solver/Solver.cc:721:9: warning: unused variable ‘learnts_core_size_before’ [-Wunused-variable]
2026-10-08T17:44:21.3393049Z   721 |     int learnts_core_size_before = learnts_core.size();
2026-10-08T17:44:21.3393461Z       |         ^~~~~~~~~~~~~~~~~~~~~~~~
2026-10-08T17:44:21.3398744Z src/solver/Solver.cc: In member function ‘bool Minisat::Solver::simplifyLearnt_tier2()’:
2026-10-08T17:44:21.3399800Z src/solver/Solver.cc:895:34: warning: comparison of integer expressions of different signedness: ‘unsigned int’ and ‘int’ [-Wsign-compare]
2026-10-08T17:44:21.3400508Z   895 |                     if (nblevels < c.lbd()){
2026-10-08T17:44:21.3400899Z       |                         ~~~~~~~~~^~~~~~~~~
2026-10-08T17:44:21.3401562Z src/solver/Solver.cc:823:9: warning: unused variable ‘learnts_tier2_size_before’ [-Wunused-variable]
2026-10-08T17:44:21.3402389Z   823 |     int learnts_tier2_size_before = learnts_tier2.size();
2026-10-08T17:44:21.3402815Z       |         ^~~~~~~~~~~~~~~~~~~~~~~~~
2026-10-08T17:44:21.3403425Z src/solver/Solver.cc:828:9: warning: variable ‘limit’ set but not used [-Wunused-but-set-variable]
2026-10-08T17:44:21.3403977Z   828 |     int limit;
2026-10-08T17:44:21.3404280Z       |         ^~~~~
2026-10-08T17:44:21.3427952Z src/solver/Solver.cc: In member function ‘bool Minisat::Solver::failedLiteralDetection()’:
2026-10-08T17:44:21.3429236Z src/solver/Solver.cc:1038:100: warning: format ‘%llu’ expects argument of type ‘long long unsigned int’, but argument 7 has type ‘uint64_t’ {aka ‘long unsigned int’} [-Wformat=]
2026-10-08T17:44:21.3430242Z  1038 |   printf("c nbFailedLits %d, nbI %d, fixedVarsByFL %d, totalFixedVars %d, nbTested: %d, counter %llu\n",
2026-10-08T17:44:21.3430873Z       |                                                                                                 ~~~^
2026-10-08T17:44:21.3431543Z       |                                                                                                    |
2026-10-08T17:44:21.3432057Z       |                                                                                                    long long unsigned int
2026-10-08T17:44:21.3432569Z       |                                                                                                 %lu
2026-10-08T17:44:21.3433147Z  1039 |          nbFailedLits, nbI, trail.size()-initTrail, trail.size(), nbTested, counter);
2026-10-08T17:44:21.3433712Z       |                                                                             ~~~~~~~                 
2026-10-08T17:44:21.3434179Z       |                                                                             |
2026-10-08T17:44:21.3434664Z       |                                                                             uint64_t {aka long unsigned int}
2026-10-08T17:44:21.3435435Z src/solver/Solver.cc: In member function ‘bool Minisat::Solver::simplifyOriginalClauses()’:
2026-10-08T17:44:21.3436500Z src/solver/Solver.cc:1179:40: warning: format ‘%llu’ expects argument of type ‘long long unsigned int’, but argument 2 has type ‘uint64_t’ {aka ‘long unsigned int’} [-Wformat=]
2026-10-08T17:44:21.3437340Z  1179 |     printf("c total nb of literals: %llu\n", clauses_literals);
2026-10-08T17:44:21.3437828Z       |                                     ~~~^     ~~~~~~~~~~~~~~~~
2026-10-08T17:44:21.3438293Z       |                                        |     |
2026-10-08T17:44:21.3438704Z       |                                        |     uint64_t {aka long unsigned int}
2026-10-08T17:44:21.3439281Z       |                                        long long unsigned int
2026-10-08T17:44:21.3439682Z       |                                     %lu
2026-10-08T17:44:21.3440351Z src/solver/Solver.cc:1173:25: warning: unused variable ‘nbOriginalClauses_before’ [-Wunused-variable]
2026-10-08T17:44:21.3441004Z  1173 |     int last_shorten=0, nbOriginalClauses_before = clauses.size();
2026-10-08T17:44:21.3441468Z       |                         ^~~~~~~~~~~~~~~~~~~~~~~~
2026-10-08T17:44:21.3442059Z src/solver/Solver.cc:1185:17: warning: unused variable ‘begin_simp_time’ [-Wunused-variable]
2026-10-08T17:44:21.3442610Z  1185 |     double      begin_simp_time = cpuTime();
2026-10-08T17:44:21.3443057Z       |                 ^~~~~~~~~~~~~~~
2026-10-08T17:44:21.3443658Z src/solver/Solver.cc:1250:12: warning: variable ‘avg’ set but not used [-Wunused-but-set-variable]
2026-10-08T17:44:21.3444193Z  1250 |     double avg;
2026-10-08T17:44:21.3444503Z       |            ^~~
2026-10-08T17:44:21.3497345Z src/solver/Solver.cc: In member function ‘Minisat::CRef Minisat::Solver::propagate()’:
2026-10-08T17:44:21.3498318Z src/solver/Solver.cc:2005:31: warning: comparison of integer expressions of different signedness: ‘unsigned int’ and ‘int’ [-Wsign-compare]
2026-10-08T17:44:21.3498983Z  2005 |             if (c.lastPoint() > c.size())
2026-10-08T17:44:21.3499510Z       |                 ~~~~~~~~~~~~~~^~~~~~~~~~
2026-10-08T17:44:21.3500269Z src/solver/Solver.cc:2024:31: warning: comparison of integer expressions of different signedness: ‘int’ and ‘unsigned int’ [-Wsign-compare]
2026-10-08T17:44:21.3500949Z  2024 |             for (int k = 2; k < c.lastPoint(); k++) {
2026-10-08T17:44:21.3501352Z       |                             ~~^~~~~~~~~~~~~~~
2026-10-08T17:44:21.3502373Z src/solver/Solver.cc:2076:49: warning: comparison of integer expressions of different signedness: ‘int’ and ‘uint64_t’ {aka ‘long unsigned int’} [-Wsign-compare]
2026-10-08T17:44:21.3503113Z  2076 |     if (confl == CRef_Undef && falseLits.size() >= UB)
2026-10-08T17:44:21.3503509Z       |                                ~~~~~~~~~~~~~~~~~^~~~~
2026-10-08T17:44:21.3504087Z src/solver/Solver.cc:2072:1: warning: label ‘ExitProp’ defined but not used [-Wunused-label]
2026-10-08T17:44:21.3504596Z  2072 | ExitProp:;
2026-10-08T17:44:21.3504878Z       | ^~~~~~~~
2026-10-08T17:44:21.3514422Z src/solver/Solver.cc: In member function ‘void Minisat::Solver::getAllUIP(Minisat::vec<Minisat::Lit>&, int&, int&)’:
2026-10-08T17:44:21.3515330Z src/solver/Solver.cc:2177:9: warning: variable ‘myLevel’ set but not used [-Wunused-but-set-variable]
2026-10-08T17:44:21.3515930Z  2177 |     int myLevel = decisionLevel() +1;
2026-10-08T17:44:21.3516300Z       |         ^~~~~~~
2026-10-08T17:44:21.3517031Z src/solver/Solver.cc: In member function ‘void Minisat::Solver::analyzeSoftConflict(Minisat::vec<Minisat::Lit>&, int&, int&)’:
2026-10-08T17:44:21.3518167Z src/solver/Solver.cc:2196:26: warning: comparison of integer expressions of different signedness: ‘int’ and ‘uint64_t’ {aka ‘long unsigned int’} [-Wsign-compare]
2026-10-08T17:44:21.3518909Z  2196 |     if (falseLits.size() >= UB)
2026-10-08T17:44:21.3519510Z       |         ~~~~~~~~~~~~~~~~~^~~~~
2026-10-08T17:44:21.3520375Z src/solver/Solver.cc:2206:26: warning: comparison of integer expressions of different signedness: ‘int’ and ‘uint64_t’ {aka ‘long unsigned int’} [-Wsign-compare]
2026-10-08T17:44:21.3521122Z  2206 |     if (falseLits.size() > UB) {
2026-10-08T17:44:21.3521479Z       |         ~~~~~~~~~~~~~~~~~^~~~
2026-10-08T17:44:21.3548109Z src/solver/Solver.cc: In member function ‘bool Minisat::Solver::simplifyLearnt_local()’:
2026-10-08T17:44:21.3548880Z src/solver/Solver.cc:2631:34: warning: comparison of integer expressions of different signedness: ‘unsigned int’ and ‘int’ [-Wsign-compare]
2026-10-08T17:44:21.3549534Z  2631 |                     if (nblevels < c.lbd()){
2026-10-08T17:44:21.3549763Z       |                         ~~~~~~~~~^~~~~~~~~
2026-10-08T17:44:21.3550083Z src/solver/Solver.cc:2559:7: warning: unused variable ‘learnts_local_size_before’ [-Wunused-variable]
2026-10-08T17:44:21.3550377Z  2559 |   int learnts_local_size_before = learnts_local.size();
2026-10-08T17:44:21.3550560Z       |       ^~~~~~~~~~~~~~~~~~~~~~~~~
2026-10-08T17:44:21.3550816Z src/solver/Solver.cc:2560:7: warning: unused variable ‘savedTrail’ [-Wunused-variable]
2026-10-08T17:44:21.3551054Z  2560 |   int savedTrail = trail.size();
2026-10-08T17:44:21.3551201Z       |       ^~~~~~~~~~
2026-10-08T17:44:21.3558900Z src/solver/Solver.cc: In member function ‘void Minisat::Solver::reduceDB_core()’:
2026-10-08T17:44:21.3559532Z src/solver/Solver.cc:2772:9: warning: unused variable ‘totalLocalSize’ [-Wunused-variable]
2026-10-08T17:44:21.3559858Z  2772 |     int totalLocalSize=0, removedSize=0;
2026-10-08T17:44:21.3560017Z       |         ^~~~~~~~~~~~~~
2026-10-08T17:44:21.3560271Z src/solver/Solver.cc:2772:27: warning: unused variable ‘removedSize’ [-Wunused-variable]
2026-10-08T17:44:21.3560512Z  2772 |     int totalLocalSize=0, removedSize=0;
2026-10-08T17:44:21.3560675Z       |                           ^~~~~~~~~~~
2026-10-08T17:44:21.3575808Z src/solver/Solver.cc: In member function ‘Minisat::CRef Minisat::Solver::lPropagate()’:
2026-10-08T17:44:21.3576567Z src/solver/Solver.cc:3022:20: warning: comparison of integer expressions of different signedness: ‘uint64_t’ {aka ‘long unsigned int’} and ‘int’ [-Wsign-compare]
2026-10-08T17:44:21.3576993Z  3022 |   if (UB > 1 && UB == falseLits.size() + 1 && decisionLevel() < hardenLevel) {
2026-10-08T17:44:21.3577210Z       |                 ~~~^~~~~~~~~~~~~~~~~~~~~~~
2026-10-08T17:44:21.3590240Z src/solver/Solver.cc: In member function ‘void Minisat::Solver::identifyClausesToSplit(Minisat::vec<unsigned int>&)’:
2026-10-08T17:44:21.3591165Z src/solver/Solver.cc:3170:46: warning: comparison of integer expressions of different signedness: ‘int’ and ‘uint64_t’ {aka ‘long unsigned int’} [-Wsign-compare]
2026-10-08T17:44:21.3591553Z  3170 |     for(j=i+1; j<cs.size() && 2*nbCommunLits >= UB; j++) {
2026-10-08T17:44:21.3591745Z       |                               ~~~~~~~~~~~~~~~^~~~~
2026-10-08T17:44:21.3633401Z src/solver/Solver.cc: In member function ‘Minisat::lbool Minisat::Solver::search(int&)’:
2026-10-08T17:44:21.3634242Z src/solver/Solver.cc:3821:31: warning: format ‘%llu’ expects argument of type ‘long long unsigned int’, but argument 2 has type ‘uint64_t’ {aka ‘long unsigned int’} [-Wformat=]
2026-10-08T17:44:21.3635327Z  3821 |               printf("c UB=%llu succs, confls=%llu, hconfls=%llu, core %d, tier2 %d, local %d,  %d soft cls unsat (%d at L0), %d fixed vars at L0, softCnfl %d, nbFlyRd %d, nbFixedLH %llu\n",
2026-10-08T17:44:21.3635899Z       |                            ~~~^
2026-10-08T17:44:21.3636119Z       |                               |
2026-10-08T17:44:21.3636356Z       |                               long long unsigned int
2026-10-08T17:44:21.3636620Z       |                            %lu
2026-10-08T17:44:21.3637070Z  3822 |                      UB, conflicts, conflicts-softConflicts, learnts_core.size(), learnts_tier2.size(), learnts_local.size(),
2026-10-08T17:44:21.3637515Z       |                      ~~        
2026-10-08T17:44:21.3637727Z       |                      |
2026-10-08T17:44:21.3637952Z       |                      uint64_t {aka long unsigned int}
2026-10-08T17:44:21.3638678Z src/solver/Solver.cc:3821:50: warning: format ‘%llu’ expects argument of type ‘long long unsigned int’, but argument 3 has type ‘uint64_t’ {aka ‘long unsigned int’} [-Wformat=]
2026-10-08T17:44:21.3639386Z  3821 |               printf("c UB=%llu succs, confls=%llu, hconfls=%llu, core %d, tier2 %d, local %d,  %d soft cls unsat (%d at L0), %d fixed vars at L0, softCnfl %d, nbFlyRd %d, nbFixedLH %llu\n",
2026-10-08T17:44:21.3639755Z       |                                               ~~~^
2026-10-08T17:44:21.3639927Z       |                                                  |
2026-10-08T17:44:21.3640103Z       |                                                  long long unsigned int
2026-10-08T17:44:21.3640286Z       |                                               %lu
2026-10-08T17:44:21.3640574Z  3822 |                      UB, conflicts, conflicts-softConflicts, learnts_core.size(), learnts_tier2.size(), learnts_local.size(),
2026-10-08T17:44:21.3640862Z       |                          ~~~~~~~~~                
2026-10-08T17:44:21.3641020Z       |                          |
2026-10-08T17:44:21.3641172Z       |                          uint64_t {aka long unsigned int}
2026-10-08T17:44:21.3641619Z src/solver/Solver.cc:3821:64: warning: format ‘%llu’ expects argument of type ‘long long unsigned int’, but argument 4 has type ‘uint64_t’ {aka ‘long unsigned int’} [-Wformat=]
2026-10-08T17:44:21.3642204Z  3821 |               printf("c UB=%llu succs, confls=%llu, hconfls=%llu, core %d, tier2 %d, local %d,  %d soft cls unsat (%d at L0), %d fixed vars at L0, softCnfl %d, nbFlyRd %d, nbFixedLH %llu\n",
2026-10-08T17:44:21.3642574Z       |                                                             ~~~^
2026-10-08T17:44:21.3642751Z       |                                                                |
2026-10-08T17:44:21.3642943Z       |                                                                long long unsigned int
2026-10-08T17:44:21.3643136Z       |                                                             %lu
2026-10-08T17:44:21.3643435Z  3822 |                      UB, conflicts, conflicts-softConflicts, learnts_core.size(), learnts_tier2.size(), learnts_local.size(),
2026-10-08T17:44:21.3643731Z       |                                     ~~~~~~~~~~~~~~~~~~~~~~~     
2026-10-08T17:44:21.3643901Z       |                                              |
2026-10-08T17:44:21.3644076Z       |                                              uint64_t {aka long unsigned int}
2026-10-08T17:44:21.3644665Z src/solver/Solver.cc:3821:186: warning: format ‘%llu’ expects argument of type ‘long long unsigned int’, but argument 13 has type ‘uint64_t’ {aka ‘long unsigned int’} [-Wformat=]
2026-10-08T17:44:21.3645241Z  3821 |               printf("c UB=%llu succs, confls=%llu, hconfls=%llu, core %d, tier2 %d, local %d,  %d soft cls unsat (%d at L0), %d fixed vars at L0, softCnfl %d, nbFlyRd %d, nbFixedLH %llu\n",
2026-10-08T17:44:21.3645686Z       |                                                                                                                                                                                       ~~~^
2026-10-08T17:44:21.3646094Z       |                                                                                                                                                                                          |
2026-10-08T17:44:21.3646434Z       |                                                                                                                                                                                          long long unsigned int
2026-10-08T17:44:21.3646770Z       |                                                                                                                                                                                       %lu
2026-10-08T17:44:21.3647135Z  3822 |                      UB, conflicts, conflicts-softConflicts, learnts_core.size(), learnts_tier2.size(), learnts_local.size(),
2026-10-08T17:44:21.3647509Z  3823 |                      falseLits.size(), nbFalses, nbFixeds, pureSoftConfl, nbFlyReduced, nbFixedByLH);
2026-10-08T17:44:21.3647909Z       |                                                                                         ~~~~~~~~~~~                                                                                       
2026-10-08T17:44:21.3648310Z       |                                                                                         |
2026-10-08T17:44:21.3648562Z       |                                                                                         uint64_t {aka long unsigned int}
2026-10-08T17:44:21.3649123Z src/solver/Solver.cc:3825:48: warning: format ‘%llu’ expects argument of type ‘long long unsigned int’, but argument 3 has type ‘uint64_t’ {aka ‘long unsigned int’} [-Wformat=]
2026-10-08T17:44:21.3649751Z  3825 |               printf("c nbHardens %d (fixed %llu), shorten: %llu, prunedLB %4.2f, dev %4.2f, succRate %4.2f, nbSucc %llu, lk: %llu, shorten: %llu, quasiC: %llu (fixed: %llu)\n\n",
2026-10-08T17:44:21.3650117Z       |                                             ~~~^
2026-10-08T17:44:21.3650279Z       |                                                |
2026-10-08T17:44:21.3650454Z       |                                                long long unsigned int
2026-10-08T17:44:21.3650634Z       |                                             %lu
2026-10-08T17:44:21.3651063Z  3826 |                      nbHardens, fixedByHardens, nbSavedLits, meanLB, dev, succRate, nbLKsuccess-savednbLKsuccess, LOOKAHEAD-savedLOOKAHEAD, nbSavedLits, quasiSoftConflicts, fixedByQuasiConfl);
2026-10-08T17:44:21.3651480Z       |                                 ~~~~~~~~~~~~~~  
2026-10-08T17:44:21.3651634Z       |                                 |
2026-10-08T17:44:21.3651801Z       |                                 uint64_t {aka long unsigned int}
2026-10-08T17:44:21.3652252Z src/solver/Solver.cc:3825:64: warning: format ‘%llu’ expects argument of type ‘long long unsigned int’, but argument 4 has type ‘uint64_t’ {aka ‘long unsigned int’} [-Wformat=]
2026-10-08T17:44:21.3652824Z  3825 |               printf("c nbHardens %d (fixed %llu), shorten: %llu, prunedLB %4.2f, dev %4.2f, succRate %4.2f, nbSucc %llu, lk: %llu, shorten: %llu, quasiC: %llu (fixed: %llu)\n\n",
2026-10-08T17:44:21.3653182Z       |                                                             ~~~^
2026-10-08T17:44:21.3653359Z       |                                                                |
2026-10-08T17:44:21.3653652Z       |                                                                long long unsigned int
2026-10-08T17:44:21.3653848Z       |                                                             %lu
2026-10-08T17:44:21.3654278Z  3826 |                      nbHardens, fixedByHardens, nbSavedLits, meanLB, dev, succRate, nbLKsuccess-savednbLKsuccess, LOOKAHEAD-savedLOOKAHEAD, nbSavedLits, quasiSoftConflicts, fixedByQuasiConfl);
2026-10-08T17:44:21.3654702Z       |                                                 ~~~~~~~~~~~     
2026-10-08T17:44:21.3654965Z       |                                                 |
2026-10-08T17:44:21.3655147Z       |                                                 uint64_t {aka long unsigned int}
2026-10-08T17:44:21.3655612Z src/solver/Solver.cc:3825:120: warning: format ‘%llu’ expects argument of type ‘long long unsigned int’, but argument 8 has type ‘uint64_t’ {aka ‘long unsigned int’} [-Wformat=]
2026-10-08T17:44:21.3656180Z  3825 |               printf("c nbHardens %d (fixed %llu), shorten: %llu, prunedLB %4.2f, dev %4.2f, succRate %4.2f, nbSucc %llu, lk: %llu, shorten: %llu, quasiC: %llu (fixed: %llu)\n\n",
2026-10-08T17:44:21.3656726Z       |                                                                                                                     ~~~^
2026-10-08T17:44:21.3657115Z       |                                                                                                                        |
2026-10-08T17:44:21.3657484Z       |                                                                                                                        long long unsigned int
2026-10-08T17:44:21.3657747Z       |                                                                                                                     %lu
2026-10-08T17:44:21.3658205Z  3826 |                      nbHardens, fixedByHardens, nbSavedLits, meanLB, dev, succRate, nbLKsuccess-savednbLKsuccess, LOOKAHEAD-savedLOOKAHEAD, nbSavedLits, quasiSoftConflicts, fixedByQuasiConfl);
2026-10-08T17:44:21.3658807Z       |                                                                                     ~~~~~~~~~~~~~~~~~~~~~~~~~~~~        
2026-10-08T17:44:21.3659264Z       |                                                                                                |
2026-10-08T17:44:21.3659599Z       |                                                                                                uint64_t {aka long unsigned int}
2026-10-08T17:44:21.3660271Z src/solver/Solver.cc:3825:130: warning: format ‘%llu’ expects argument of type ‘long long unsigned int’, but argument 9 has type ‘uint64_t’ {aka ‘long unsigned int’} [-Wformat=]
2026-10-08T17:44:21.3660917Z  3825 |               printf("c nbHardens %d (fixed %llu), shorten: %llu, prunedLB %4.2f, dev %4.2f, succRate %4.2f, nbSucc %llu, lk: %llu, shorten: %llu, quasiC: %llu (fixed: %llu)\n\n",
2026-10-08T17:44:21.3661583Z       |                                                                                                                               ~~~^
2026-10-08T17:44:21.3661921Z       |                                                                                                                                  |
2026-10-08T17:44:21.3662254Z       |                                                                                                                                  long long unsigned int
2026-10-08T17:44:21.3662643Z       |                                                                                                                               %lu
2026-10-08T17:44:21.3663238Z  3826 |                      nbHardens, fixedByHardens, nbSavedLits, meanLB, dev, succRate, nbLKsuccess-savednbLKsuccess, LOOKAHEAD-savedLOOKAHEAD, nbSavedLits, quasiSoftConflicts, fixedByQuasiConfl);
2026-10-08T17:44:21.3663818Z       |                                                                                                                   ~~~~~~~~~~~~~~~~~~~~~~~~
2026-10-08T17:44:21.3664151Z       |                                                                                                                            |
2026-10-08T17:44:21.3664587Z       |                                                                                                                            uint64_t {aka long unsigned int}
2026-10-08T17:44:21.3665219Z src/solver/Solver.cc:3825:145: warning: format ‘%llu’ expects argument of type ‘long long unsigned int’, but argument 10 has type ‘uint64_t’ {aka ‘long unsigned int’} [-Wformat=]
2026-10-08T17:44:21.3665917Z  3825 |               printf("c nbHardens %d (fixed %llu), shorten: %llu, prunedLB %4.2f, dev %4.2f, succRate %4.2f, nbSucc %llu, lk: %llu, shorten: %llu, quasiC: %llu (fixed: %llu)\n\n",
2026-10-08T17:44:21.3666517Z       |                                                                                                                                              ~~~^
2026-10-08T17:44:21.3666863Z       |                                                                                                                                                 |
2026-10-08T17:44:21.3667214Z       |                                                                                                                                                 long long unsigned int
2026-10-08T17:44:21.3667618Z       |                                                                                                                                              %lu
2026-10-08T17:44:21.3679452Z  3826 |                      nbHardens, fixedByHardens, nbSavedLits, meanLB, dev, succRate, nbLKsuccess-savednbLKsuccess, LOOKAHEAD-savedLOOKAHEAD, nbSavedLits, quasiSoftConflicts, fixedByQuasiConfl);
2026-10-08T17:44:21.3680226Z       |                                                                                                                                             ~~~~~~~~~~~
2026-10-08T17:44:21.3680642Z       |                                                                                                                                             |
2026-10-08T17:44:21.3681092Z       |                                                                                                                                             uint64_t {aka long unsigned int}
2026-10-08T17:44:21.3681949Z src/solver/Solver.cc:3825:159: warning: format ‘%llu’ expects argument of type ‘long long unsigned int’, but argument 11 has type ‘uint64_t’ {aka ‘long unsigned int’} [-Wformat=]
2026-10-08T17:44:21.3682864Z  3825 |               printf("c nbHardens %d (fixed %llu), shorten: %llu, prunedLB %4.2f, dev %4.2f, succRate %4.2f, nbSucc %llu, lk: %llu, shorten: %llu, quasiC: %llu (fixed: %llu)\n\n",
2026-10-08T17:44:21.3683550Z       |                                                                                                                                                            ~~~^
2026-10-08T17:44:21.3684023Z       |                                                                                                                                                               |
2026-10-08T17:44:21.3684544Z       |                                                                                                                                                               long long unsigned int
2026-10-08T17:44:21.3685064Z       |                                                                                                                                                            %lu
2026-10-08T17:44:21.3685883Z  3826 |                      nbHardens, fixedByHardens, nbSavedLits, meanLB, dev, succRate, nbLKsuccess-savednbLKsuccess, LOOKAHEAD-savedLOOKAHEAD, nbSavedLits, quasiSoftConflicts, fixedByQuasiConfl);
2026-10-08T17:44:21.3686511Z       |                                                                                                                                                          ~~~~~~~~~~~~~~~~~~
2026-10-08T17:44:21.3686806Z       |                                                                                                                                                          |
2026-10-08T17:44:21.3687266Z       |                                                                                                                                                          uint64_t {aka long unsigned int}
2026-10-08T17:44:21.3687826Z src/solver/Solver.cc:3825:172: warning: format ‘%llu’ expects argument of type ‘long long unsigned int’, but argument 12 has type ‘uint64_t’ {aka ‘long unsigned int’} [-Wformat=]
2026-10-08T17:44:21.3688396Z  3825 |               printf("c nbHardens %d (fixed %llu), shorten: %llu, prunedLB %4.2f, dev %4.2f, succRate %4.2f, nbSucc %llu, lk: %llu, shorten: %llu, quasiC: %llu (fixed: %llu)\n\n",
2026-10-08T17:44:21.3688911Z       |                                                                                                                                                                         ~~~^
2026-10-08T17:44:21.3689386Z       |                                                                                                                                                                            |
2026-10-08T17:44:21.3689711Z       |                                                                                                                                                                            long long unsigned int
2026-10-08T17:44:21.3690027Z       |                                                                                                                                                                         %lu
2026-10-08T17:44:21.3690522Z  3826 |                      nbHardens, fixedByHardens, nbSavedLits, meanLB, dev, succRate, nbLKsuccess-savednbLKsuccess, LOOKAHEAD-savedLOOKAHEAD, nbSavedLits, quasiSoftConflicts, fixedByQuasiConfl);
2026-10-08T17:44:21.3691017Z       |                                                                                                                                                                              ~~~~~~~~~~~~~~~~~
2026-10-08T17:44:21.3691331Z       |                                                                                                                                                                              |
2026-10-08T17:44:21.3691655Z       |                                                                                                                                                                              uint64_t {aka long unsigned int}
2026-10-08T17:44:21.3692095Z src/solver/Solver.cc: In member function ‘Minisat::CRef Minisat::Solver::propagateForLK()’:
2026-10-08T17:44:21.3692576Z src/solver/Solver.cc:3984:27: warning: comparison of integer expressions of different signedness: ‘unsigned int’ and ‘int’ [-Wsign-compare]
2026-10-08T17:44:21.3692909Z  3984 |         if (c.lastPoint() > c.size())
2026-10-08T17:44:21.3693071Z       |             ~~~~~~~~~~~~~~^~~~~~~~~~
2026-10-08T17:44:21.3693438Z src/solver/Solver.cc:4003:27: warning: comparison of integer expressions of different signedness: ‘int’ and ‘unsigned int’ [-Wsign-compare]
2026-10-08T17:44:21.3693775Z  4003 |         for (int k = 2; k < c.lastPoint(); k++) {
2026-10-08T17:44:21.3693958Z       |                         ~~^~~~~~~~~~~~~~~
2026-10-08T17:44:21.3723307Z src/solver/Solver.cc: In member function ‘void Minisat::Solver::analyzeQuasiSoftConflict(Minisat::vec<Minisat::Lit>&, int&, int&)’:
2026-10-08T17:44:21.3724426Z src/solver/Solver.cc:4502:26: warning: comparison of integer expressions of different signedness: ‘int’ and ‘uint64_t’ {aka ‘long unsigned int’} [-Wsign-compare]
2026-10-08T17:44:21.3725185Z  4502 |     if (falseLits.size() > UB) {
2026-10-08T17:44:21.3725576Z       |         ~~~~~~~~~~~~~~~~~^~~~
2026-10-08T17:44:21.3746026Z src/solver/Solver.cc: In member function ‘bool Minisat::Solver::lookahead()’:
2026-10-08T17:44:21.3747056Z src/solver/Solver.cc:4843:17: warning: comparison of integer expressions of different signedness: ‘uint64_t’ {aka ‘long unsigned int’} and ‘int’ [-Wsign-compare]
2026-10-08T17:44:21.3747834Z  4843 |   if (conflicts > prevConflicts) {
2026-10-08T17:44:21.3748216Z       |       ~~~~~~~~~~^~~~~~~~~~~~~~~
2026-10-08T17:44:21.3765477Z src/solver/Solver.cc: In member function ‘void Minisat::Solver::addHardClausesForSoftClauses()’:
2026-10-08T17:44:21.3766635Z src/solver/Solver.cc:5088:70: warning: format ‘%llu’ expects argument of type ‘long long unsigned int’, but argument 5 has type ‘uint64_t’ {aka ‘long unsigned int’} [-Wformat=]
2026-10-08T17:44:21.3767540Z  5088 |   printf("c nb soft clauses: %d, of which %d unit, %d nonUnit and %llu empty\n",
2026-10-08T17:44:21.3768062Z       |                                                                   ~~~^
2026-10-08T17:44:21.3768675Z       |                                                                      |
2026-10-08T17:44:21.3769292Z       |                                                                      long long unsigned int
2026-10-08T17:44:21.3769768Z       |                                                                   %lu
2026-10-08T17:44:21.3770245Z  5089 |          softClauses.size(), nbUnitSoft, nbNonUnitSoft, solutionCost);
2026-10-08T17:44:21.3770733Z       |                                                         ~~~~~~~~~~~~  
2026-10-08T17:44:21.3771137Z       |                                                         |
2026-10-08T17:44:21.3771557Z       |                                                         uint64_t {aka long unsigned int}
2026-10-08T17:44:21.3779546Z src/solver/Solver.cc: In member function ‘void Minisat::Solver::printBestSolution() const’:
2026-10-08T17:44:21.3780638Z src/solver/Solver.cc:5239:49: warning: format ‘%llu’ expects argument of type ‘long long unsigned int’, but argument 2 has type ‘long unsigned int’ [-Wformat=]
2026-10-08T17:44:21.3781462Z  5239 |     printf("c   unsat soft clauses (search): %llu\n", bestSup);
2026-10-08T17:44:21.3781910Z       |                                              ~~~^     ~~~~~~~
2026-10-08T17:44:21.3782306Z       |                                                 |     |
2026-10-08T17:44:21.3782721Z       |                                                 |     long unsigned int
2026-10-08T17:44:21.3783162Z       |                                                 long long unsigned int
2026-10-08T17:44:21.3783570Z       |                                              %lu
2026-10-08T17:44:21.3784505Z src/solver/Solver.cc:5240:53: warning: format ‘%llu’ expects argument of type ‘long long unsigned int’, but argument 2 has type ‘uint64_t’ {aka ‘long unsigned int’} [-Wformat=]
2026-10-08T17:44:21.3785362Z  5240 |     printf("c   satisfied soft clauses (maxsat): %llu\n", maxsat);
2026-10-08T17:44:21.3785854Z       |                                                  ~~~^     ~~~~~~
2026-10-08T17:44:21.3786264Z       |                                                     |     |
2026-10-08T17:44:21.3786690Z       |                                                     |     uint64_t {aka long unsigned int}
2026-10-08T17:44:21.3787157Z       |                                                     long long unsigned int
2026-10-08T17:44:21.3787573Z       |                                                  %lu
2026-10-08T17:44:21.3788488Z src/solver/Solver.cc:5241:39: warning: format ‘%llu’ expects argument of type ‘long long unsigned int’, but argument 2 has type ‘uint64_t’ {aka ‘long unsigned int’} [-Wformat=]
2026-10-08T17:44:21.3789486Z  5241 |     printf("c   total weight cost: %llu\n", optimal);
2026-10-08T17:44:21.3789916Z       |                                    ~~~^     ~~~~~~~
2026-10-08T17:44:21.3790294Z       |                                       |     |
2026-10-08T17:44:21.3790712Z       |                                       |     uint64_t {aka long unsigned int}
2026-10-08T17:44:21.3791152Z       |                                       long long unsigned int
2026-10-08T17:44:21.3791546Z       |                                    %lu
2026-10-08T17:44:21.3792165Z src/solver/Solver.cc: In member function ‘void Minisat::Solver::checkSolution()’:
2026-10-08T17:44:21.3793333Z src/solver/Solver.cc:5257:15: warning: comparison of integer expressions of different signedness: ‘int’ and ‘uint64_t’ {aka ‘long unsigned int’} [-Wsign-compare]
2026-10-08T17:44:21.3794187Z  5257 |   if (nbFalse != falseLits.size()+fixedCostBySearch + relaxedCost)
2026-10-08T17:44:21.3794670Z       |       ~~~~~~~~^~~~~~~~~~~~~~~~~~~~~~~~~~~~~~~~~~~~~~~~~~~~~~~~~~~
2026-10-08T17:44:21.3795577Z src/solver/Solver.cc:5258:92: warning: format ‘%llu’ expects argument of type ‘long long unsigned int’, but argument 3 has type ‘uint64_t’ {aka ‘long unsigned int’} [-Wformat=]
2026-10-08T17:44:21.3796688Z  5258 |     printf("c **** error nb of false soft clauses real nbfalse: %d, recorded falseLits: %llu****\n",
2026-10-08T17:44:21.3797281Z       |                                                                                         ~~~^
2026-10-08T17:44:21.3797741Z       |                                                                                            |
2026-10-08T17:44:21.3798226Z       |                                                                                            long long unsigned int
2026-10-08T17:44:21.3798718Z       |                                                                                         %lu
2026-10-08T17:44:21.3799369Z  5259 |            nbFalse, falseLits.size()+fixedCostBySearch+relaxedCost);
2026-10-08T17:44:21.3799876Z       |                     ~~~~~~~~~~~~~~~~~~~~~~~~~~~~~~~~~~~~~~~~~~~~~~                          
2026-10-08T17:44:21.3800229Z       |                                                       |
2026-10-08T17:44:21.3800521Z       |                                                       uint64_t {aka long unsigned int}
2026-10-08T17:44:21.3800865Z In file included from src/solver/mtl/Sort.h:24,
2026-10-08T17:44:21.3801140Z                  from src/solver/SimpSolver.cc:33:
2026-10-08T17:44:21.3801763Z src/solver/mtl/Vec.h: In instantiation of ‘void Minisat::vec<T>::capacity(int) [with T = Minisat::vec<unsigned int>]’:
2026-10-08T17:44:21.3802679Z src/solver/mtl/Vec.h:115:13:   required from ‘void Minisat::vec<T>::growTo(int) [with T = Minisat::vec<unsigned int>]’
2026-10-08T17:44:21.3803900Z src/solver/SolverTypes.h:339:50:   required from ‘void Minisat::OccLists<Idx, Vec, Deleted>::init(const Idx&) [with Idx = int; Vec = Minisat::vec<unsigned int>; Deleted = Minisat::SimpSolver::ClauseDeleted]’
2026-10-08T17:44:21.3804794Z src/solver/SimpSolver.cc:98:24:   required from here
2026-10-08T17:44:21.3805870Z src/solver/mtl/Vec.h:99:54: warning: ‘void* realloc(void*, size_t)’ moving an object of non-trivially copyable type ‘class Minisat::vec<unsigned int>’; use ‘new’ and ‘delete’ instead [-Wclass-memaccess]
2026-10-08T17:44:21.3806934Z    99 |     if (add > INT_MAX - cap || ((data = (T*)::realloc(data, (cap += add) * sizeof(T))) == NULL) && errno == ENOMEM)
2026-10-08T17:44:21.3807519Z       |                                             ~~~~~~~~~^~~~~~~~~~~~~~~~~~~~~~~~~~~~~~~~
2026-10-08T17:44:21.3808158Z src/solver/mtl/Vec.h:38:7: note: ‘class Minisat::vec<unsigned int>’ declared here
2026-10-08T17:44:21.3808633Z    38 | class vec {
2026-10-08T17:44:21.3808927Z       |       ^~~
2026-10-08T17:44:21.3809604Z src/solver/Solver.cc: In member function ‘void Minisat::Solver::partition()’:
2026-10-08T17:44:21.3810499Z src/solver/Solver.cc:5379:31: warning: comparison of integer expressions of different signedness: ‘unsigned int’ and ‘int’ [-Wsign-compare]
2026-10-08T17:44:21.3811203Z  5379 |         if (conflicted[var(q)]==iset.size()) {
2026-10-08T17:44:21.3811980Z src/solver/Solver.cc:5389:32: warning: comparison of integer expressions of different signedness: ‘unsigned int’ and ‘int’ [-Wsign-compare]
2026-10-08T17:44:21.3812678Z  5389 |         if (conflicted[var(q)] < iset.size())
2026-10-08T17:44:21.3813466Z src/solver/Solver.cc:5448:50: warning: comparison of integer expressions of different signedness: ‘unsigned int’ and ‘int’ [-Wsign-compare]
2026-10-08T17:44:21.3814214Z  5448 |         if (q != lit_Undef && conflicted[var(q)] == iset.size()) {
2026-10-08T17:44:21.3815400Z src/solver/Solver.cc:5513:38: warning: format ‘%llu’ expects argument of type ‘long long unsigned int’, but argument 3 has type ‘uint64_t’ {aka ‘long unsigned int’} [-Wformat=]
2026-10-08T17:44:21.3816269Z  5513 |   printf("c isets %d, derivedCost %llu\n", nbIsets, derivedCost);
2026-10-08T17:44:21.3816743Z       |                                   ~~~^              ~~~~~~~~~~~
2026-10-08T17:44:21.3817148Z       |                                      |              |
2026-10-08T17:44:21.3817642Z       |                                      |              uint64_t {aka long unsigned int}
2026-10-08T17:44:21.3818231Z       |                                      long long unsigned int
2026-10-08T17:44:21.3818622Z       |                                   %lu
2026-10-08T17:44:21.3824305Z src/solver/Solver.cc: In member function ‘Minisat::CRef Minisat::Solver::simplepropagateForLK()’:
2026-10-08T17:44:21.3825283Z src/solver/Solver.cc:5660:27: warning: comparison of integer expressions of different signedness: ‘unsigned int’ and ‘int’ [-Wsign-compare]
2026-10-08T17:44:21.3825981Z  5660 |         if (c.lastPoint() > c.size())
2026-10-08T17:44:21.3826376Z       |             ~~~~~~~~~~~~~~^~~~~~~~~~
2026-10-08T17:44:21.3827172Z src/solver/Solver.cc:5674:27: warning: comparison of integer expressions of different signedness: ‘int’ and ‘unsigned int’ [-Wsign-compare]
2026-10-08T17:44:21.3827897Z  5674 |         for (int k = 2; k < c.lastPoint(); k++) {
2026-10-08T17:44:21.3828312Z       |                         ~~^~~~~~~~~~~~~~~
2026-10-08T17:44:21.3876184Z src/solver/Solver.cc: In member function ‘void Minisat::Solver::addCardinalityConstraints()’:
2026-10-08T17:44:21.3877306Z src/solver/Solver.cc:6204:64: warning: format ‘%llu’ expects argument of type ‘long long unsigned int’, but argument 2 has type ‘uint64_t’ {aka ‘long unsigned int’} [-Wformat=]
2026-10-08T17:44:21.3878130Z  6204 |       printf("\nc Cardinality: off (soft-conflict only), UB %llu\n", UB);
2026-10-08T17:44:21.3878600Z       |                                                             ~~~^     ~~
2026-10-08T17:44:21.3879177Z       |                                                                |     |
2026-10-08T17:44:21.3879617Z       |                                                                |     uint64_t {aka long unsigned int}
2026-10-08T17:44:21.3880075Z       |                                                                long long unsigned int
2026-10-08T17:44:21.3880485Z       |                                                             %lu
2026-10-08T17:44:21.3881383Z src/solver/Solver.cc:6234:82: warning: comparison of integer expressions of different signedness: ‘int’ and ‘uint64_t’ {aka ‘long unsigned int’} [-Wsign-compare]
2026-10-08T17:44:21.3882370Z  6234 |   if (activeSoftLits.size() < 2 || UB - 1 - nbFalse < 1 || activeSoftLits.size() <= UB - 1 - nbFalse
2026-10-08T17:44:21.3882937Z       |                                                            ~~~~~~~~~~~~~~~~~~~~~~^~~~~~~~~~~~~~~~~~~
2026-10-08T17:44:21.3883923Z src/solver/Solver.cc:6253:46: warning: format ‘%llu’ expects argument of type ‘long long unsigned int’, but argument 4 has type ‘uint64_t’ {aka ‘long unsigned int’} [-Wformat=]
2026-10-08T17:44:21.3884830Z  6253 |   printf("\nc Cardinality: %d (%s) for UB %llu\n", cardinalityC.size(), enc, UB);
2026-10-08T17:44:21.3885358Z       |                                           ~~~^                               ~~
2026-10-08T17:44:21.3885793Z       |                                              |                               |
2026-10-08T17:44:21.3886291Z       |                                              long long unsigned int          uint64_t {aka long unsigned int}
2026-10-08T17:44:21.3886810Z       |                                           %lu
2026-10-08T17:44:21.3912443Z src/solver/Solver.cc: In member function ‘Minisat::lbool Minisat::Solver::solve_()’:
2026-10-08T17:44:21.3913594Z src/solver/Solver.cc:6602:79: warning: format ‘%llu’ expects argument of type ‘long long unsigned int’, but argument 5 has type ‘uint64_t’ {aka ‘long unsigned int’} [-Wformat=]
2026-10-08T17:44:21.3914769Z  6602 |     printf("c fixedCost %d, nbSatLits %d, totalFixedVars %d, objForSearch: %llu\n\n",
2026-10-08T17:44:21.3915330Z       |                                                                            ~~~^
2026-10-08T17:44:21.3915774Z       |                                                                               |
2026-10-08T17:44:21.3916243Z       |                                                                               long long unsigned int
2026-10-08T17:44:21.3916712Z       |                                                                            %lu
2026-10-08T17:44:21.3917270Z  6603 |                 fixedCost, nbSatLits, trail.size(), objForSearch);
2026-10-08T17:44:21.3917579Z       |                                                     ~~~~~~~~~~~~               
2026-10-08T17:44:21.3917866Z       |                                                     |
2026-10-08T17:44:21.3918156Z       |                                                     uint64_t {aka long unsigned int}
2026-10-08T17:44:21.3918922Z src/solver/Solver.cc:6631:35: warning: format ‘%llu’ expects argument of type ‘long long unsigned int’, but argument 2 has type ‘uint64_t’ {aka ‘long unsigned int’} [-Wformat=]
2026-10-08T17:44:21.3919940Z  6631 |         printf("c provided UB: %llu\n", providedUB);
2026-10-08T17:44:21.3920353Z       |                                ~~~^     ~~~~~~~~~~
2026-10-08T17:44:21.3920722Z       |                                   |     |
2026-10-08T17:44:21.3921119Z       |                                   |     uint64_t {aka long unsigned int}
2026-10-08T17:44:21.3921552Z       |                                   long long unsigned int
2026-10-08T17:44:21.3921927Z       |                                %lu
2026-10-08T17:44:21.3922797Z src/solver/Solver.cc:6634:54: warning: format ‘%llu’ expects argument of type ‘long long unsigned int’, but argument 2 has type ‘uint64_t’ {aka ‘long unsigned int’} [-Wformat=]
2026-10-08T17:44:21.3923628Z  6634 |         printf("c provided UB is invalide: initUB %llu, solCost %llu, costbySearch %llu, derivedCost %llu, relaxedCost: %llu\n", initUB, solutionCost, fixedCostBySearch, derivedCost, relaxedCost);
2026-10-08T17:44:21.3924193Z       |                                                   ~~~^                                                                           ~~~~~~
2026-10-08T17:44:21.3924622Z       |                                                      |                                                                           |
2026-10-08T17:44:21.3925261Z       |                                                      long long unsigned int                                                      uint64_t {aka long unsigned int}
2026-10-08T17:44:21.3925741Z       |                                                   %lu
2026-10-08T17:44:21.3926297Z src/solver/Solver.cc:6634:68: warning: format ‘%llu’ expects argument of type ‘long long unsigned int’, but argument 3 has type ‘uint64_t’ {aka ‘long unsigned int’} [-Wformat=]
2026-10-08T17:44:21.3927017Z  6634 |         printf("c provided UB is invalide: initUB %llu, solCost %llu, costbySearch %llu, derivedCost %llu, relaxedCost: %llu\n", initUB, solutionCost, fixedCostBySearch, derivedCost, relaxedCost);
2026-10-08T17:44:21.3927772Z       |                                                                 ~~~^                                                                     ~~~~~~~~~~~~
2026-10-08T17:44:21.3928360Z       |                                                                    |                                                                     |
2026-10-08T17:44:21.3929013Z       |                                                                    long long unsigned int                                                uint64_t {aka long unsigned int}
2026-10-08T17:44:21.3929721Z       |                                                                 %lu
2026-10-08T17:44:21.3930666Z src/solver/Solver.cc:6634:87: warning: format ‘%llu’ expects argument of type ‘long long unsigned int’, but argument 4 has type ‘uint64_t’ {aka ‘long unsigned int’} [-Wformat=]
2026-10-08T17:44:21.3932071Z  6634 |         printf("c provided UB is invalide: initUB %llu, solCost %llu, costbySearch %llu, derivedCost %llu, relaxedCost: %llu\n", initUB, solutionCost, fixedCostBySearch, derivedCost, relaxedCost);
2026-10-08T17:44:21.3933082Z       |                                                                                    ~~~^                                                                ~~~~~~~~~~~~~~~~~
2026-10-08T17:44:21.3933814Z       |                                                                                       |                                                                |
2026-10-08T17:44:21.3934507Z       |                                                                                       long long unsigned int                                           uint64_t {aka long unsigned int}
2026-10-08T17:44:21.3935138Z       |                                                                                    %lu
2026-10-08T17:44:21.3936108Z src/solver/Solver.cc:6634:105: warning: format ‘%llu’ expects argument of type ‘long long unsigned int’, but argument 5 has type ‘uint64_t’ {aka ‘long unsigned int’} [-Wformat=]
2026-10-08T17:44:21.3937187Z  6634 |         printf("c provided UB is invalide: initUB %llu, solCost %llu, costbySearch %llu, derivedCost %llu, relaxedCost: %llu\n", initUB, solutionCost, fixedCostBySearch, derivedCost, relaxedCost);
2026-10-08T17:44:21.3937785Z       |                                                                                                      ~~~^                                                                 ~~~~~~~~~~~
2026-10-08T17:44:21.3938250Z       |                                                                                                         |                                                                 |
2026-10-08T17:44:21.3938706Z       |                                                                                                         long long unsigned int                                            uint64_t {aka long unsigned int}
2026-10-08T17:44:21.3939332Z       |                                                                                                      %lu
2026-10-08T17:44:21.3940270Z src/solver/Solver.cc:6634:124: warning: format ‘%llu’ expects argument of type ‘long long unsigned int’, but argument 6 has type ‘uint64_t’ {aka ‘long unsigned int’} [-Wformat=]
2026-10-08T17:44:21.3941487Z  6634 |         printf("c provided UB is invalide: initUB %llu, solCost %llu, costbySearch %llu, derivedCost %llu, relaxedCost: %llu\n", initUB, solutionCost, fixedCostBySearch, derivedCost, relaxedCost);
2026-10-08T17:44:21.3942508Z       |                                                                                                                         ~~~^                                                           ~~~~~~~~~~~
2026-10-08T17:44:21.3943206Z       |                                                                                                                            |                                                           |
2026-10-08T17:44:21.3943978Z       |                                                                                                                            long long unsigned int                                      uint64_t {aka long unsigned int}
2026-10-08T17:44:21.3944681Z       |                                                                                                                         %lu
2026-10-08T17:44:21.3945698Z src/solver/Solver.cc:6656:58: warning: format ‘%llu’ expects argument of type ‘long long unsigned int’, but argument 2 has type ‘uint64_t’ {aka ‘long unsigned int’} [-Wformat=]
2026-10-08T17:44:21.3946620Z  6656 |       printf("c ends of initiationization by VSIDS at %llu conflicts with init %d\n\n",
2026-10-08T17:44:21.3947152Z       |                                                       ~~~^
2026-10-08T17:44:21.3947514Z       |                                                          |
2026-10-08T17:44:21.3947957Z       |                                                          long long unsigned int
2026-10-08T17:44:21.3948250Z       |                                                       %lu
2026-10-08T17:44:21.3948512Z  6657 |              conflicts, init);
2026-10-08T17:44:21.3948768Z       |              ~~~~~~~~~                                    
2026-10-08T17:44:21.3949335Z       |              |
2026-10-08T17:44:21.3949674Z       |              uint64_t {aka long unsigned int}
2026-10-08T17:44:21.3950725Z src/solver/Solver.cc:6686:50: warning: format ‘%llu’ expects argument of type ‘long long unsigned int’, but argument 3 has type ‘uint64_t’ {aka ‘long unsigned int’} [-Wformat=]
2026-10-08T17:44:21.3951647Z  6686 |           printf("c VSIDS phase %d: conflicts %llu, phase %llu, starts %llu, UP %llu\n",
2026-10-08T17:44:21.3952213Z       |                                               ~~~^
2026-10-08T17:44:21.3952617Z       |                                                  |
2026-10-08T17:44:21.3953048Z       |                                                  long long unsigned int
2026-10-08T17:44:21.3953480Z       |                                               %lu
2026-10-08T17:44:21.3953934Z  6687 |                  nbVSIDSphase, conflicts-savedConfl, phase_allotment,
2026-10-08T17:44:21.3954385Z       |                                ~~~~~~~~~~~~~~~~~~~~
2026-10-08T17:44:21.3954765Z       |                                         |
2026-10-08T17:44:21.3955162Z       |                                         uint64_t {aka long unsigned int}
2026-10-08T17:44:21.3956112Z src/solver/Solver.cc:6686:62: warning: format ‘%llu’ expects argument of type ‘long long unsigned int’, but argument 4 has type ‘uint64_t’ {aka ‘long unsigned int’} [-Wformat=]
2026-10-08T17:44:21.3956993Z  6686 |           printf("c VSIDS phase %d: conflicts %llu, phase %llu, starts %llu, UP %llu\n",
2026-10-08T17:44:21.3957490Z       |                                                           ~~~^
2026-10-08T17:44:21.3957900Z       |                                                              |
2026-10-08T17:44:21.3958326Z       |                                                              long long unsigned int
2026-10-08T17:44:21.3958754Z       |                                                           %lu
2026-10-08T17:44:21.3959371Z  6687 |                  nbVSIDSphase, conflicts-savedConfl, phase_allotment,
2026-10-08T17:44:21.3959839Z       |                                                      ~~~~~~~~~~~~~~~
2026-10-08T17:44:21.3960252Z       |                                                      |
2026-10-08T17:44:21.3960675Z       |                                                      uint64_t {aka long unsigned int}
2026-10-08T17:44:21.3961699Z src/solver/Solver.cc:6686:75: warning: format ‘%llu’ expects argument of type ‘long long unsigned int’, but argument 5 has type ‘uint64_t’ {aka ‘long unsigned int’} [-Wformat=]
2026-10-08T17:44:21.3962577Z  6686 |           printf("c VSIDS phase %d: conflicts %llu, phase %llu, starts %llu, UP %llu\n",
2026-10-08T17:44:21.3963117Z       |                                                                        ~~~^
2026-10-08T17:44:21.3963545Z       |                                                                           |
2026-10-08T17:44:21.3964006Z       |                                                                           long long unsigned int
2026-10-08T17:44:21.3964470Z       |                                                                        %lu
2026-10-08T17:44:21.3964951Z  6687 |                  nbVSIDSphase, conflicts-savedConfl, phase_allotment,
2026-10-08T17:44:21.3965455Z  6688 |                  starts-savedRestarts, propagations-savedUP);
2026-10-08T17:44:21.3965918Z       |                  ~~~~~~~~~~~~~~~~~~~~                                      
2026-10-08T17:44:21.3966324Z       |                        |
2026-10-08T17:44:21.3966682Z       |                        uint64_t {aka long unsigned int}
2026-10-08T17:44:21.3967841Z src/solver/Solver.cc:6686:84: warning: format ‘%llu’ expects argument of type ‘long long unsigned int’, but argument 6 has type ‘uint64_t’ {aka ‘long unsigned int’} [-Wformat=]
2026-10-08T17:44:21.3968755Z  6686 |           printf("c VSIDS phase %d: conflicts %llu, phase %llu, starts %llu, UP %llu\n",
2026-10-08T17:44:21.3969445Z       |                                                                                 ~~~^
2026-10-08T17:44:21.3969901Z       |                                                                                    |
2026-10-08T17:44:21.3970528Z       |                                                                                    long long unsigned int
2026-10-08T17:44:21.3971013Z       |                                                                                 %lu
2026-10-08T17:44:21.3971493Z  6687 |                  nbVSIDSphase, conflicts-savedConfl, phase_allotment,
2026-10-08T17:44:21.3971993Z  6688 |                  starts-savedRestarts, propagations-savedUP);
2026-10-08T17:44:21.3972474Z       |                                        ~~~~~~~~~~~~~~~~~~~~                         
2026-10-08T17:44:21.3972895Z       |                                                    |
2026-10-08T17:44:21.3973339Z       |                                                    uint64_t {aka long unsigned int}
2026-10-08T17:44:21.3974285Z src/solver/Solver.cc:6692:48: warning: format ‘%llu’ expects argument of type ‘long long unsigned int’, but argument 3 has type ‘uint64_t’ {aka ‘long unsigned int’} [-Wformat=]
2026-10-08T17:44:21.3974933Z  6692 |           printf("c LRB phase %d: conflicts %llu, phase %llu, starts %llu, UP %llu\n",
2026-10-08T17:44:21.3975266Z       |                                             ~~~^
2026-10-08T17:44:21.3975530Z       |                                                |
2026-10-08T17:44:21.3975804Z       |                                                long long unsigned int
2026-10-08T17:44:21.3976149Z       |                                             %lu
2026-10-08T17:44:21.3976591Z  6693 |                  nbLRBphase, conflicts-savedConfl, phase_allotment,
2026-10-08T17:44:21.3977035Z       |                              ~~~~~~~~~~~~~~~~~~~~
2026-10-08T17:44:21.3977406Z       |                                       |
2026-10-08T17:44:21.3977798Z       |                                       uint64_t {aka long unsigned int}
2026-10-08T17:44:21.3978723Z src/solver/Solver.cc:6692:60: warning: format ‘%llu’ expects argument of type ‘long long unsigned int’, but argument 4 has type ‘uint64_t’ {aka ‘long unsigned int’} [-Wformat=]
2026-10-08T17:44:21.3979782Z  6692 |           printf("c LRB phase %d: conflicts %llu, phase %llu, starts %llu, UP %llu\n",
2026-10-08T17:44:21.3980332Z       |                                                         ~~~^
2026-10-08T17:44:21.3980761Z       |                                                            |
2026-10-08T17:44:21.3981196Z       |                                                            long long unsigned int
2026-10-08T17:44:21.3981638Z       |                                                         %lu
2026-10-08T17:44:21.3982104Z  6693 |                  nbLRBphase, conflicts-savedConfl, phase_allotment,
2026-10-08T17:44:21.3982551Z       |                                                    ~~~~~~~~~~~~~~~
2026-10-08T17:44:21.3982953Z       |                                                    |
2026-10-08T17:44:21.3983374Z       |                                                    uint64_t {aka long unsigned int}
2026-10-08T17:44:21.3984355Z src/solver/Solver.cc:6692:73: warning: format ‘%llu’ expects argument of type ‘long long unsigned int’, but argument 5 has type ‘uint64_t’ {aka ‘long unsigned int’} [-Wformat=]
2026-10-08T17:44:21.3985238Z  6692 |           printf("c LRB phase %d: conflicts %llu, phase %llu, starts %llu, UP %llu\n",
2026-10-08T17:44:21.3985752Z       |                                                                      ~~~^
2026-10-08T17:44:21.3986213Z       |                                                                         |
2026-10-08T17:44:21.3986850Z       |                                                                         long long unsigned int
2026-10-08T17:44:21.3987315Z       |                                                                      %lu
2026-10-08T17:44:21.3987777Z  6693 |                  nbLRBphase, conflicts-savedConfl, phase_allotment,
2026-10-08T17:44:21.3988273Z  6694 |                  starts-savedRestarts, propagations-savedUP);
2026-10-08T17:44:21.3988858Z       |                  ~~~~~~~~~~~~~~~~~~~~                                    
2026-10-08T17:44:21.3989408Z       |                        |
2026-10-08T17:44:21.3989770Z       |                        uint64_t {aka long unsigned int}
2026-10-08T17:44:21.3990715Z src/solver/Solver.cc:6692:82: warning: format ‘%llu’ expects argument of type ‘long long unsigned int’, but argument 6 has type ‘uint64_t’ {aka ‘long unsigned int’} [-Wformat=]
2026-10-08T17:44:21.3991625Z  6692 |           printf("c LRB phase %d: conflicts %llu, phase %llu, starts %llu, UP %llu\n",
2026-10-08T17:44:21.3992168Z       |                                                                               ~~~^
2026-10-08T17:44:21.3992608Z       |                                                                                  |
2026-10-08T17:44:21.3993090Z       |                                                                                  long long unsigned int
2026-10-08T17:44:21.3993568Z       |                                                                               %lu
2026-10-08T17:44:21.3994058Z  6693 |                  nbLRBphase, conflicts-savedConfl, phase_allotment,
2026-10-08T17:44:21.3994554Z  6694 |                  starts-savedRestarts, propagations-savedUP);
2026-10-08T17:44:21.3995018Z       |                                        ~~~~~~~~~~~~~~~~~~~~                       
2026-10-08T17:44:21.3995387Z       |                                                    |
2026-10-08T17:44:21.3995677Z       |                                                    uint64_t {aka long unsigned int}
2026-10-08T17:44:21.3996284Z src/solver/Solver.cc:6739:25: warning: format ‘%llu’ expects argument of type ‘long long unsigned int’, but argument 2 has type ‘uint64_t’ {aka ‘long unsigned int’} [-Wformat=]
2026-10-08T17:44:21.3996876Z  6739 |         printf("c UB=%llu fails, cnfls=%llu, hcnfls=%llu, core %d, tier2 %d, local %d, quasiC: %llu (fixed: %llu)\n",
2026-10-08T17:44:21.3997387Z       |                      ~~~^
2026-10-08T17:44:21.3997724Z       |                         |
2026-10-08T17:44:21.3998075Z       |                         long long unsigned int
2026-10-08T17:44:21.3998441Z       |                      %lu
2026-10-08T17:44:21.3999239Z  6740 |                UB, conflicts, conflicts-softConflicts, learnts_core.size(), learnts_tier2.size(), learnts_local.size(), quasiSoftConflicts, fixedByQuasiConfl);
2026-10-08T17:44:21.3999955Z       |                ~~        
2026-10-08T17:44:21.4000285Z       |                |
2026-10-08T17:44:21.4000815Z       |                uint64_t {aka long unsigned int}
2026-10-08T17:44:21.4001740Z src/solver/Solver.cc:6739:43: warning: format ‘%llu’ expects argument of type ‘long long unsigned int’, but argument 3 has type ‘uint64_t’ {aka ‘long unsigned int’} [-Wformat=]
2026-10-08T17:44:21.4002719Z  6739 |         printf("c UB=%llu fails, cnfls=%llu, hcnfls=%llu, core %d, tier2 %d, local %d, quasiC: %llu (fixed: %llu)\n",
2026-10-08T17:44:21.4003282Z       |                                        ~~~^
2026-10-08T17:44:21.4003797Z       |                                           |
2026-10-08T17:44:21.4004179Z       |                                           long long unsigned int
2026-10-08T17:44:21.4004587Z       |                                        %lu
2026-10-08T17:44:21.4005310Z  6740 |                UB, conflicts, conflicts-softConflicts, learnts_core.size(), learnts_tier2.size(), learnts_local.size(), quasiSoftConflicts, fixedByQuasiConfl);
2026-10-08T17:44:21.4006049Z       |                    ~~~~~~~~~               
2026-10-08T17:44:21.4006489Z       |                    |
2026-10-08T17:44:21.4006872Z       |                    uint64_t {aka long unsigned int}
2026-10-08T17:44:21.4007818Z src/solver/Solver.cc:6739:56: warning: format ‘%llu’ expects argument of type ‘long long unsigned int’, but argument 4 has type ‘uint64_t’ {aka ‘long unsigned int’} [-Wformat=]
2026-10-08T17:44:21.4008813Z  6739 |         printf("c UB=%llu fails, cnfls=%llu, hcnfls=%llu, core %d, tier2 %d, local %d, quasiC: %llu (fixed: %llu)\n",
2026-10-08T17:44:21.4009553Z       |                                                     ~~~^
2026-10-08T17:44:21.4009960Z       |                                                        |
2026-10-08T17:44:21.4010366Z       |                                                        long long unsigned int
2026-10-08T17:44:21.4010804Z       |                                                     %lu
2026-10-08T17:44:21.4011561Z  6740 |                UB, conflicts, conflicts-softConflicts, learnts_core.size(), learnts_tier2.size(), learnts_local.size(), quasiSoftConflicts, fixedByQuasiConfl);
2026-10-08T17:44:21.4012308Z       |                               ~~~~~~~~~~~~~~~~~~~~~~~   
2026-10-08T17:44:21.4012757Z       |                                        |
2026-10-08T17:44:21.4013151Z       |                                        uint64_t {aka long unsigned int}
2026-10-08T17:44:21.4014097Z src/solver/Solver.cc:6739:99: warning: format ‘%llu’ expects argument of type ‘long long unsigned int’, but argument 8 has type ‘uint64_t’ {aka ‘long unsigned int’} [-Wformat=]
2026-10-08T17:44:21.4015066Z  6739 |         printf("c UB=%llu fails, cnfls=%llu, hcnfls=%llu, core %d, tier2 %d, local %d, quasiC: %llu (fixed: %llu)\n",
2026-10-08T17:44:21.4015690Z       |                                                                                                ~~~^
2026-10-08T17:44:21.4016173Z       |                                                                                                   |
2026-10-08T17:44:21.4016693Z       |                                                                                                   long long unsigned int
2026-10-08T17:44:21.4017208Z       |                                                                                                %lu
2026-10-08T17:44:21.4017996Z  6740 |                UB, conflicts, conflicts-softConflicts, learnts_core.size(), learnts_tier2.size(), learnts_local.size(), quasiSoftConflicts, fixedByQuasiConfl);
2026-10-08T17:44:21.4018810Z       |                                                                                                                         ~~~~~~~~~~~~~~~~~~
2026-10-08T17:44:21.4019492Z       |                                                                                                                         |
2026-10-08T17:44:21.4020045Z       |                                                                                                                         uint64_t {aka long unsigned int}
2026-10-08T17:44:21.4021170Z src/solver/Solver.cc:6739:112: warning: format ‘%llu’ expects argument of type ‘long long unsigned int’, but argument 9 has type ‘uint64_t’ {aka ‘long unsigned int’} [-Wformat=]
2026-10-08T17:44:21.4021787Z  6739 |         printf("c UB=%llu fails, cnfls=%llu, hcnfls=%llu, core %d, tier2 %d, local %d, quasiC: %llu (fixed: %llu)\n",
2026-10-08T17:44:21.4022198Z       |                                                                                                             ~~~^
2026-10-08T17:44:21.4022709Z       |                                                                                                                |
2026-10-08T17:44:21.4023232Z       |                                                                                                                long long unsigned int
2026-10-08T17:44:21.4023766Z       |                                                                                                             %lu
2026-10-08T17:44:21.4024553Z  6740 |                UB, conflicts, conflicts-softConflicts, learnts_core.size(), learnts_tier2.size(), learnts_local.size(), quasiSoftConflicts, fixedByQuasiConfl);
2026-10-08T17:44:21.4025380Z       |                                                                                                                                             ~~~~~~~~~~~~~~~~~
2026-10-08T17:44:21.4025964Z       |                                                                                                                                             |
2026-10-08T17:44:21.4026571Z       |                                                                                                                                             uint64_t {aka long unsigned int}
2026-10-08T17:44:21.4027643Z src/solver/Solver.cc:6741:72: warning: format ‘%llu’ expects argument of type ‘long long unsigned int’, but argument 5 has type ‘uint64_t’ {aka ‘long unsigned int’} [-Wformat=]
2026-10-08T17:44:21.4028750Z  6741 |         printf("c prunedLB %4.2f, dev %4.2f, succRate %4.2f, nbSucc %llu, nbHardens %d (fixed %llu), lk: %llu, shorten: %llu, pureSo %d, nbFlyRd %d, nbFixedLH %llu\n",
2026-10-08T17:44:21.4029628Z       |                                                                     ~~~^
2026-10-08T17:44:21.4030057Z       |                                                                        |
2026-10-08T17:44:21.4030508Z       |                                                                        long long unsigned int
2026-10-08T17:44:21.4030967Z       |                                                                     %lu
2026-10-08T17:44:21.4031393Z  6742 |                meanLB, dev, succRate,
2026-10-08T17:44:21.4032131Z  6743 |                nbLKsuccess-savednbLKsuccess, nbHardens, fixedByHardens, LOOKAHEAD-savedLOOKAHEAD, nbSavedLits, pureSoftConfl, nbFlyReduced, nbFixedByLH);
2026-10-08T17:44:21.4032927Z       |                ~~~~~~~~~~~~~~~~~~~~~~~~~~~~                             
2026-10-08T17:44:21.4033348Z       |                           |
2026-10-08T17:44:21.4033734Z       |                           uint64_t {aka long unsigned int}
2026-10-08T17:44:21.4034753Z src/solver/Solver.cc:6741:98: warning: format ‘%llu’ expects argument of type ‘long long unsigned int’, but argument 7 has type ‘uint64_t’ {aka ‘long unsigned int’} [-Wformat=]
2026-10-08T17:44:21.4035867Z  6741 |         printf("c prunedLB %4.2f, dev %4.2f, succRate %4.2f, nbSucc %llu, nbHardens %d (fixed %llu), lk: %llu, shorten: %llu, pureSo %d, nbFlyRd %d, nbFixedLH %llu\n",
2026-10-08T17:44:21.4036650Z       |                                                                                               ~~~^
2026-10-08T17:44:21.4037143Z       |                                                                                                  |
2026-10-08T17:44:21.4037669Z       |                                                                                                  long long unsigned int
2026-10-08T17:44:21.4038185Z       |                                                                                               %lu
2026-10-08T17:44:21.4038815Z  6742 |                meanLB, dev, succRate,
2026-10-08T17:44:21.4039738Z  6743 |                nbLKsuccess-savednbLKsuccess, nbHardens, fixedByHardens, LOOKAHEAD-savedLOOKAHEAD, nbSavedLits, pureSoftConfl, nbFlyReduced, nbFixedByLH);
2026-10-08T17:44:21.4040547Z       |                                                         ~~~~~~~~~~~~~~                            
2026-10-08T17:44:21.4041002Z       |                                                         |
2026-10-08T17:44:21.4041576Z       |                                                         uint64_t {aka long unsigned int}
2026-10-08T17:44:21.4042595Z src/solver/Solver.cc:6741:109: warning: format ‘%llu’ expects argument of type ‘long long unsigned int’, but argument 8 has type ‘uint64_t’ {aka ‘long unsigned int’} [-Wformat=]
2026-10-08T17:44:21.4043705Z  6741 |         printf("c prunedLB %4.2f, dev %4.2f, succRate %4.2f, nbSucc %llu, nbHardens %d (fixed %llu), lk: %llu, shorten: %llu, pureSo %d, nbFlyRd %d, nbFixedLH %llu\n",
2026-10-08T17:44:21.4044484Z       |                                                                                                          ~~~^
2026-10-08T17:44:21.4044986Z       |                                                                                                             |
2026-10-08T17:44:21.4045522Z       |                                                                                                             long long unsigned int
2026-10-08T17:44:21.4046072Z       |                                                                                                          %lu
2026-10-08T17:44:21.4046518Z  6742 |                meanLB, dev, succRate,
2026-10-08T17:44:21.4047280Z  6743 |                nbLKsuccess-savednbLKsuccess, nbHardens, fixedByHardens, LOOKAHEAD-savedLOOKAHEAD, nbSavedLits, pureSoftConfl, nbFlyReduced, nbFixedByLH);
2026-10-08T17:44:21.4048087Z       |                                                                         ~~~~~~~~~~~~~~~~~~~~~~~~             
2026-10-08T17:44:21.4048582Z       |                                                                                  |
2026-10-08T17:44:21.4049251Z       |                                                                                  uint64_t {aka long unsigned int}
2026-10-08T17:44:21.4050271Z src/solver/Solver.cc:6741:124: warning: format ‘%llu’ expects argument of type ‘long long unsigned int’, but argument 9 has type ‘uint64_t’ {aka ‘long unsigned int’} [-Wformat=]
2026-10-08T17:44:21.4051394Z  6741 |         printf("c prunedLB %4.2f, dev %4.2f, succRate %4.2f, nbSucc %llu, nbHardens %d (fixed %llu), lk: %llu, shorten: %llu, pureSo %d, nbFlyRd %d, nbFixedLH %llu\n",
2026-10-08T17:44:21.4052172Z       |                                                                                                                         ~~~^
2026-10-08T17:44:21.4052713Z       |                                                                                                                            |
2026-10-08T17:44:21.4053292Z       |                                                                                                                            long long unsigned int
2026-10-08T17:44:21.4053862Z       |                                                                                                                         %lu
2026-10-08T17:44:21.4054341Z  6742 |                meanLB, dev, succRate,
2026-10-08T17:44:21.4055088Z  6743 |                nbLKsuccess-savednbLKsuccess, nbHardens, fixedByHardens, LOOKAHEAD-savedLOOKAHEAD, nbSavedLits, pureSoftConfl, nbFlyReduced, nbFixedByLH);
2026-10-08T17:44:21.4055937Z       |                                                                                                   ~~~~~~~~~~~               
2026-10-08T17:44:21.4056460Z       |                                                                                                   |
2026-10-08T17:44:21.4057252Z       |                                                                                                   uint64_t {aka long unsigned int}
2026-10-08T17:44:21.4058333Z src/solver/Solver.cc:6741:163: warning: format ‘%llu’ expects argument of type ‘long long unsigned int’, but argument 12 has type ‘uint64_t’ {aka ‘long unsigned int’} [-Wformat=]
2026-10-08T17:44:21.4059639Z  6741 |         printf("c prunedLB %4.2f, dev %4.2f, succRate %4.2f, nbSucc %llu, nbHardens %d (fixed %llu), lk: %llu, shorten: %llu, pureSo %d, nbFlyRd %d, nbFixedLH %llu\n",
2026-10-08T17:44:21.4060647Z       |                                                                                                                                                                ~~~^
2026-10-08T17:44:21.4061272Z       |                                                                                                                                                                   |
2026-10-08T17:44:21.4061934Z       |                                                                                                                                                                   long long unsigned int
2026-10-08T17:44:21.4062561Z       |                                                                                                                                                                %lu
2026-10-08T17:44:21.4063056Z  6742 |                meanLB, dev, succRate,
2026-10-08T17:44:21.4063800Z  6743 |                nbLKsuccess-savednbLKsuccess, nbHardens, fixedByHardens, LOOKAHEAD-savedLOOKAHEAD, nbSavedLits, pureSoftConfl, nbFlyReduced, nbFixedByLH);
2026-10-08T17:44:21.4064670Z       |                                                                                                                                             ~~~~~~~~~~~            
2026-10-08T17:44:21.4065274Z       |                                                                                                                                             |
2026-10-08T17:44:21.4065887Z       |                                                                                                                                             uint64_t {aka long unsigned int}
2026-10-08T17:44:21.4066980Z src/solver/Solver.cc:6769:25: warning: format ‘%llu’ expects argument of type ‘long long unsigned int’, but argument 2 has type ‘uint64_t’ {aka ‘long unsigned int’} [-Wformat=]
2026-10-08T17:44:21.4068217Z  6769 |         printf("c UB=%llu succ, confls=%llu and hconfls=%llu with %d soft clauses unsat (%d at level 0) and %d fixed vars at level 0,  prunedLB %4.2f, dev %4.2f, succRate %4.2f, nbSucc %llu, shortened : %llu\n",
2026-10-08T17:44:21.4069191Z       |                      ~~~^
2026-10-08T17:44:21.4069530Z       |                         |
2026-10-08T17:44:21.4069889Z       |                         long long unsigned int
2026-10-08T17:44:21.4070268Z       |                      %lu
2026-10-08T17:44:21.4070758Z  6770 |                UB, conflicts, conflicts-softConflicts, falseLits.size(), nbFalses, nbFixeds,
2026-10-08T17:44:21.4071259Z       |                ~~        
2026-10-08T17:44:21.4071597Z       |                |
2026-10-08T17:44:21.4071941Z       |                uint64_t {aka long unsigned int}
2026-10-08T17:44:21.4072872Z src/solver/Solver.cc:6769:43: warning: format ‘%llu’ expects argument of type ‘long long unsigned int’, but argument 3 has type ‘uint64_t’ {aka ‘long unsigned int’} [-Wformat=]
2026-10-08T17:44:21.4074112Z  6769 |         printf("c UB=%llu succ, confls=%llu and hconfls=%llu with %d soft clauses unsat (%d at level 0) and %d fixed vars at level 0,  prunedLB %4.2f, dev %4.2f, succRate %4.2f, nbSucc %llu, shortened : %llu\n",
2026-10-08T17:44:21.4074995Z       |                                        ~~~^
2026-10-08T17:44:21.4075374Z       |                                           |
2026-10-08T17:44:21.4075768Z       |                                           long long unsigned int
2026-10-08T17:44:21.4076170Z       |                                        %lu
2026-10-08T17:44:21.4076872Z  6770 |                UB, conflicts, conflicts-softConflicts, falseLits.size(), nbFalses, nbFixeds,
2026-10-08T17:44:21.4077401Z       |                    ~~~~~~~~~               
2026-10-08T17:44:21.4077765Z       |                    |
2026-10-08T17:44:21.4078115Z       |                    uint64_t {aka long unsigned int}
2026-10-08T17:44:21.4079202Z src/solver/Solver.cc:6769:60: warning: format ‘%llu’ expects argument of type ‘long long unsigned int’, but argument 4 has type ‘uint64_t’ {aka ‘long unsigned int’} [-Wformat=]
2026-10-08T17:44:21.4080605Z  6769 |         printf("c UB=%llu succ, confls=%llu and hconfls=%llu with %d soft clauses unsat (%d at level 0) and %d fixed vars at level 0,  prunedLB %4.2f, dev %4.2f, succRate %4.2f, nbSucc %llu, shortened : %llu\n",
2026-10-08T17:44:21.4081457Z       |                                                         ~~~^
2026-10-08T17:44:21.4081916Z       |                                                            |
2026-10-08T17:44:21.4082352Z       |                                                            long long unsigned int
2026-10-08T17:44:21.4082798Z       |                                                         %lu
2026-10-08T17:44:21.4083325Z  6770 |                UB, conflicts, conflicts-softConflicts, falseLits.size(), nbFalses, nbFixeds,
2026-10-08T17:44:21.4083859Z       |                               ~~~~~~~~~~~~~~~~~~~~~~~       
2026-10-08T17:44:21.4084249Z       |                                        |
2026-10-08T17:44:21.4084643Z       |                                        uint64_t {aka long unsigned int}
2026-10-08T17:44:21.4085675Z src/solver/Solver.cc:6769:189: warning: format ‘%llu’ expects argument of type ‘long long unsigned int’, but argument 11 has type ‘uint64_t’ {aka ‘long unsigned int’} [-Wformat=]
2026-10-08T17:44:21.4086936Z  6769 |         printf("c UB=%llu succ, confls=%llu and hconfls=%llu with %d soft clauses unsat (%d at level 0) and %d fixed vars at level 0,  prunedLB %4.2f, dev %4.2f, succRate %4.2f, nbSucc %llu, shortened : %llu\n",
2026-10-08T17:44:21.4087943Z       |                                                                                                                                                                                          ~~~^
2026-10-08T17:44:21.4088625Z       |                                                                                                                                                                                             |
2026-10-08T17:44:21.4089472Z       |                                                                                                                                                                                             long long unsigned int
2026-10-08T17:44:21.4090183Z       |                                                                                                                                                                                          %lu
2026-10-08T17:44:21.4090851Z  6770 |                UB, conflicts, conflicts-softConflicts, falseLits.size(), nbFalses, nbFixeds,
2026-10-08T17:44:21.4091420Z  6771 |                meanLB, dev, succRate, nbLKsuccess, nbSavedLits);
2026-10-08T17:44:21.4092010Z       |                                       ~~~~~~~~~~~                                                                                                                                            
2026-10-08T17:44:21.4092548Z       |                                       |
2026-10-08T17:44:21.4092948Z       |                                       uint64_t {aka long unsigned int}
2026-10-08T17:44:21.4093923Z src/solver/Solver.cc:6769:207: warning: format ‘%llu’ expects argument of type ‘long long unsigned int’, but argument 12 has type ‘uint64_t’ {aka ‘long unsigned int’} [-Wformat=]
2026-10-08T17:44:21.4095173Z  6769 |         printf("c UB=%llu succ, confls=%llu and hconfls=%llu with %d soft clauses unsat (%d at level 0) and %d fixed vars at level 0,  prunedLB %4.2f, dev %4.2f, succRate %4.2f, nbSucc %llu, shortened : %llu\n",
2026-10-08T17:44:21.4096371Z       |                                                                                                                                                                                                            ~~~^
2026-10-08T17:44:21.4097106Z       |                                                                                                                                                                                                               |
2026-10-08T17:44:21.4097876Z       |                                                                                                                                                                                                               long long unsigned int
2026-10-08T17:44:21.4098771Z       |                                                                                                                                                                                                            %lu
2026-10-08T17:44:21.4099639Z  6770 |                UB, conflicts, conflicts-softConflicts, falseLits.size(), nbFalses, nbFixeds,
2026-10-08T17:44:21.4100218Z  6771 |                meanLB, dev, succRate, nbLKsuccess, nbSavedLits);
2026-10-08T17:44:21.4100900Z       |                                                    ~~~~~~~~~~~                                                                                                                                                 
2026-10-08T17:44:21.4101466Z       |                                                    |
2026-10-08T17:44:21.4101893Z       |                                                    uint64_t {aka long unsigned int}
2026-10-08T17:44:21.4102905Z src/solver/Solver.cc:6798:17: warning: comparison of integer expressions of different signedness: ‘uint64_t’ {aka ‘long unsigned int’} and ‘int’ [-Wsign-compare]
2026-10-08T17:44:21.4103658Z  6798 |         if (inf > falseLits.size())
2026-10-08T17:44:21.4104025Z       |             ~~~~^~~~~~~~~~~~~~~~~~
2026-10-08T17:44:21.4104914Z src/solver/Solver.cc:6806:34: warning: format ‘%llu’ expects argument of type ‘long long unsigned int’, but argument 2 has type ‘uint64_t’ {aka ‘long unsigned int’} [-Wformat=]
2026-10-08T17:44:21.4105781Z  6806 |       else printf("c error UB %llu, inf %llu, sup %llu\n", UB, inf, sup);
2026-10-08T17:44:21.4106242Z       |                               ~~~^                         ~~
2026-10-08T17:44:21.4106640Z       |                                  |                         |
2026-10-08T17:44:21.4107113Z       |                                  long long unsigned int    uint64_t {aka long unsigned int}
2026-10-08T17:44:21.4107580Z       |                               %lu
2026-10-08T17:44:21.4108422Z src/solver/Solver.cc:6806:44: warning: format ‘%llu’ expects argument of type ‘long long unsigned int’, but argument 3 has type ‘uint64_t’ {aka ‘long unsigned int’} [-Wformat=]
2026-10-08T17:44:21.4109449Z  6806 |       else printf("c error UB %llu, inf %llu, sup %llu\n", UB, inf, sup);
2026-10-08T17:44:21.4109990Z       |                                         ~~~^                   ~~~
2026-10-08T17:44:21.4110405Z       |                                            |                   |
2026-10-08T17:44:21.4110857Z       |                                            |                   uint64_t {aka long unsigned int}
2026-10-08T17:44:21.4111328Z       |                                            long long unsigned int
2026-10-08T17:44:21.4111734Z       |                                         %lu
2026-10-08T17:44:21.4112608Z src/solver/Solver.cc:6806:54: warning: format ‘%llu’ expects argument of type ‘long long unsigned int’, but argument 4 has type ‘uint64_t’ {aka ‘long unsigned int’} [-Wformat=]
2026-10-08T17:44:21.4113464Z  6806 |       else printf("c error UB %llu, inf %llu, sup %llu\n", UB, inf, sup);
2026-10-08T17:44:21.4113947Z       |                                                   ~~~^              ~~~
2026-10-08T17:44:21.4114381Z       |                                                      |              |
2026-10-08T17:44:21.4115078Z       |                                                      |              uint64_t {aka long unsigned int}
2026-10-08T17:44:21.4115575Z       |                                                      long long unsigned int
2026-10-08T17:44:21.4115997Z       |                                                   %lu
2026-10-08T17:44:21.4116900Z src/solver/Solver.cc:6828:57: warning: format ‘%llu’ expects argument of type ‘long long unsigned int’, but argument 2 has type ‘uint64_t’ {aka ‘long unsigned int’} [-Wformat=]
2026-10-08T17:44:21.4117991Z  6828 |       printf("c no feasible solution, hardConflicts: %llu\n", conflicts - softConflicts);
2026-10-08T17:44:21.4118558Z       |                                                      ~~~^     ~~~~~~~~~~~~~~~~~~~~~~~~~
2026-10-08T17:44:21.4119009Z       |                                                         |               |
2026-10-08T17:44:21.4119617Z       |                                                         |               uint64_t {aka long unsigned int}
2026-10-08T17:44:21.4120106Z       |                                                         long long unsigned int
2026-10-08T17:44:21.4120550Z       |                                                      %lu
2026-10-08T17:44:21.4121468Z src/solver/Solver.cc:6831:30: warning: format ‘%llu’ expects argument of type ‘long long unsigned int’, but argument 2 has type ‘uint64_t’ {aka ‘long unsigned int’} [-Wformat=]
2026-10-08T17:44:21.4122432Z  6831 |       printf("c initCost: %llu, fixedBySearch: %llu, optimal: %llu, maxsat: %llu, hardConflicts: %llu\n",
2026-10-08T17:44:21.4123008Z       |                           ~~~^
2026-10-08T17:44:21.4123361Z       |                              |
2026-10-08T17:44:21.4123742Z       |                              long long unsigned int
2026-10-08T17:44:21.4124138Z       |                           %lu
2026-10-08T17:44:21.4124517Z  6832 |              solutionCost, fixedCostBySearch,
2026-10-08T17:44:21.4124902Z       |              ~~~~~~~~~~~~     
2026-10-08T17:44:21.4125238Z       |              |
2026-10-08T17:44:21.4125576Z       |              uint64_t {aka long unsigned int}
2026-10-08T17:44:21.4126509Z src/solver/Solver.cc:6831:51: warning: format ‘%llu’ expects argument of type ‘long long unsigned int’, but argument 3 has type ‘uint64_t’ {aka ‘long unsigned int’} [-Wformat=]
2026-10-08T17:44:21.4127483Z  6831 |       printf("c initCost: %llu, fixedBySearch: %llu, optimal: %llu, maxsat: %llu, hardConflicts: %llu\n",
2026-10-08T17:44:21.4128084Z       |                                                ~~~^
2026-10-08T17:44:21.4128487Z       |                                                   |
2026-10-08T17:44:21.4128923Z       |                                                   long long unsigned int
2026-10-08T17:44:21.4129515Z       |                                                %lu
2026-10-08T17:44:21.4129982Z  6832 |              solutionCost, fixedCostBySearch,
2026-10-08T17:44:21.4130377Z       |                            ~~~~~~~~~~~~~~~~~       
2026-10-08T17:44:21.4130758Z       |                            |
2026-10-08T17:44:21.4131136Z       |                            uint64_t {aka long unsigned int}
2026-10-08T17:44:21.4132084Z src/solver/Solver.cc:6831:66: warning: format ‘%llu’ expects argument of type ‘long long unsigned int’, but argument 4 has type ‘uint64_t’ {aka ‘long unsigned int’} [-Wformat=]
2026-10-08T17:44:21.4133052Z  6831 |       printf("c initCost: %llu, fixedBySearch: %llu, optimal: %llu, maxsat: %llu, hardConflicts: %llu\n",
2026-10-08T17:44:21.4133645Z       |                                                               ~~~^
2026-10-08T17:44:21.4134058Z       |                                                                  |
2026-10-08T17:44:21.4134503Z       |                                                                  long long unsigned int
2026-10-08T17:44:21.4134955Z       |                                                               %lu
2026-10-08T17:44:21.4135381Z  6832 |              solutionCost, fixedCostBySearch,
2026-10-08T17:44:21.4135959Z  6833 |              lastOptimalCost,
2026-10-08T17:44:21.4136362Z       |              ~~~~~~~~~~~~~~~                                      
2026-10-08T17:44:21.4136760Z       |              |
2026-10-08T17:44:21.4137098Z       |              uint64_t {aka long unsigned int}
2026-10-08T17:44:21.4138031Z src/solver/Solver.cc:6831:80: warning: format ‘%llu’ expects argument of type ‘long long unsigned int’, but argument 5 has type ‘uint64_t’ {aka ‘long unsigned int’} [-Wformat=]
2026-10-08T17:44:21.4139285Z  6831 |       printf("c initCost: %llu, fixedBySearch: %llu, optimal: %llu, maxsat: %llu, hardConflicts: %llu\n",
2026-10-08T17:44:21.4139889Z       |                                                                             ~~~^
2026-10-08T17:44:21.4140333Z       |                                                                                |
2026-10-08T17:44:21.4140804Z       |                                                                                long long unsigned int
2026-10-08T17:44:21.4141292Z       |                                                                             %lu
2026-10-08T17:44:21.4141685Z ......
2026-10-08T17:44:21.4142067Z  6834 |              objForSearch-sup + nbSatLits, conflicts - softConflicts);
2026-10-08T17:44:21.4142575Z       |              ~~~~~~~~~~~~~~~~~~~~~~~~~~~~                                       
2026-10-08T17:44:21.4142993Z       |                               |
2026-10-08T17:44:21.4143373Z       |                               uint64_t {aka long unsigned int}
2026-10-08T17:44:21.4144359Z src/solver/Solver.cc:6831:101: warning: format ‘%llu’ expects argument of type ‘long long unsigned int’, but argument 6 has type ‘uint64_t’ {aka ‘long unsigned int’} [-Wformat=]
2026-10-08T17:44:21.4145242Z  6831 |       printf("c initCost: %llu, fixedBySearch: %llu, optimal: %llu, maxsat: %llu, hardConflicts: %llu\n",
2026-10-08T17:44:21.4145642Z       |                                                                                                  ~~~^
2026-10-08T17:44:21.4145970Z       |                                                                                                     |
2026-10-08T17:44:21.4146314Z       |                                                                                                     long long unsigned int
2026-10-08T17:44:21.4146657Z       |                                                                                                  %lu
2026-10-08T17:44:21.4146998Z ......
2026-10-08T17:44:21.4147333Z  6834 |              objForSearch-sup + nbSatLits, conflicts - softConflicts);
2026-10-08T17:44:21.4147675Z       |                                            ~~~~~~~~~~~~~~~~~~~~~~~~~                                 
2026-10-08T17:44:21.4147980Z       |                                                      |
2026-10-08T17:44:21.4148270Z       |                                                      uint64_t {aka long unsigned int}
2026-10-08T17:44:21.4148950Z src/solver/Solver.cc:6836:24: warning: format ‘%llu’ expects argument of type ‘long long unsigned int’, but argument 2 has type ‘uint64_t’ {aka ‘long unsigned int’} [-Wformat=]
2026-10-08T17:44:21.4150057Z  6836 |     printf("c nbLK: %llu, nbSuccLK: %llu(%4.2f%%), nbLKup: %llu(%4.2f%%), hardens %u (fixed %llu), dynVars %d, shorten: %llu\n",
2026-10-08T17:44:21.4150654Z       |                     ~~~^
2026-10-08T17:44:21.4150978Z       |                        |
2026-10-08T17:44:21.4151328Z       |                        long long unsigned int
2026-10-08T17:44:21.4151709Z       |                     %lu
2026-10-08T17:44:21.4152162Z  6837 |            LOOKAHEAD, nbLKsuccess, 100.0*nbLKsuccess/LOOKAHEAD, lk_propagations,
2026-10-08T17:44:21.4152643Z       |            ~~~~~~~~~    
2026-10-08T17:44:21.4152971Z       |            |
2026-10-08T17:44:21.4153302Z       |            uint64_t {aka long unsigned int}
2026-10-08T17:44:21.4154452Z src/solver/Solver.cc:6836:40: warning: format ‘%llu’ expects argument of type ‘long long unsigned int’, but argument 3 has type ‘uint64_t’ {aka ‘long unsigned int’} [-Wformat=]
2026-10-08T17:44:21.4155542Z  6836 |     printf("c nbLK: %llu, nbSuccLK: %llu(%4.2f%%), nbLKup: %llu(%4.2f%%), hardens %u (fixed %llu), dynVars %d, shorten: %llu\n",
2026-10-08T17:44:21.4156151Z       |                                     ~~~^
2026-10-08T17:44:21.4156533Z       |                                        |
2026-10-08T17:44:21.4156938Z       |                                        long long unsigned int
2026-10-08T17:44:21.4157491Z       |                                     %lu
2026-10-08T17:44:21.4157975Z  6837 |            LOOKAHEAD, nbLKsuccess, 100.0*nbLKsuccess/LOOKAHEAD, lk_propagations,
2026-10-08T17:44:21.4158478Z       |                       ~~~~~~~~~~~       
2026-10-08T17:44:21.4158835Z       |                       |
2026-10-08T17:44:21.4159343Z       |                       uint64_t {aka long unsigned int}
2026-10-08T17:44:21.4160248Z src/solver/Solver.cc:6836:63: warning: format ‘%llu’ expects argument of type ‘long long unsigned int’, but argument 5 has type ‘uint64_t’ {aka ‘long unsigned int’} [-Wformat=]
2026-10-08T17:44:21.4161279Z  6836 |     printf("c nbLK: %llu, nbSuccLK: %llu(%4.2f%%), nbLKup: %llu(%4.2f%%), hardens %u (fixed %llu), dynVars %d, shorten: %llu\n",
2026-10-08T17:44:21.4161901Z       |                                                            ~~~^
2026-10-08T17:44:21.4162321Z       |                                                               |
2026-10-08T17:44:21.4162752Z       |                                                               long long unsigned int
2026-10-08T17:44:21.4163217Z       |                                                            %lu
2026-10-08T17:44:21.4163725Z  6837 |            LOOKAHEAD, nbLKsuccess, 100.0*nbLKsuccess/LOOKAHEAD, lk_propagations,
2026-10-08T17:44:21.4164236Z       |                                                                 ~~~~~~~~~~~~~~~
2026-10-08T17:44:21.4164664Z       |                                                                 |
2026-10-08T17:44:21.4165134Z       |                                                                 uint64_t {aka long unsigned int}
2026-10-08T17:44:21.4166113Z src/solver/Solver.cc:6836:96: warning: format ‘%llu’ expects argument of type ‘long long unsigned int’, but argument 8 has type ‘uint64_t’ {aka ‘long unsigned int’} [-Wformat=]
2026-10-08T17:44:21.4167111Z  6836 |     printf("c nbLK: %llu, nbSuccLK: %llu(%4.2f%%), nbLKup: %llu(%4.2f%%), hardens %u (fixed %llu), dynVars %d, shorten: %llu\n",
2026-10-08T17:44:21.4167753Z       |                                                                                             ~~~^
2026-10-08T17:44:21.4168212Z       |                                                                                                |
2026-10-08T17:44:21.4168610Z       |                                                                                                long long unsigned int
2026-10-08T17:44:21.4168941Z       |                                                                                             %lu
2026-10-08T17:44:21.4170011Z  6837 |            LOOKAHEAD, nbLKsuccess, 100.0*nbLKsuccess/LOOKAHEAD, lk_propagations,
2026-10-08T17:44:21.4170573Z  6838 |            100.0*lk_propagations/propagations, nbHardens, fixedByHardens, nVars()-staticNbVars, nbSavedLits);
2026-10-08T17:44:21.4171086Z       |                                                           ~~~~~~~~~~~~~~                        
2026-10-08T17:44:21.4171417Z       |                                                           |
2026-10-08T17:44:21.4171761Z       |                                                           uint64_t {aka long unsigned int}
2026-10-08T17:44:21.4172647Z src/solver/Solver.cc:6836:124: warning: format ‘%llu’ expects argument of type ‘long long unsigned int’, but argument 10 has type ‘uint64_t’ {aka ‘long unsigned int’} [-Wformat=]
2026-10-08T17:44:21.4173527Z  6836 |     printf("c nbLK: %llu, nbSuccLK: %llu(%4.2f%%), nbLKup: %llu(%4.2f%%), hardens %u (fixed %llu), dynVars %d, shorten: %llu\n",
2026-10-08T17:44:21.4174284Z       |                                                                                                                         ~~~^
2026-10-08T17:44:21.4174721Z       |                                                                                                                            |
2026-10-08T17:44:21.4175194Z       |                                                                                                                            long long unsigned int
2026-10-08T17:44:21.4175750Z       |                                                                                                                         %lu
2026-10-08T17:44:21.4176209Z  6837 |            LOOKAHEAD, nbLKsuccess, 100.0*nbLKsuccess/LOOKAHEAD, lk_propagations,
2026-10-08T17:44:21.4176799Z  6838 |            100.0*lk_propagations/propagations, nbHardens, fixedByHardens, nVars()-staticNbVars, nbSavedLits);
2026-10-08T17:44:21.4177345Z       |                                                                                                 ~~~~~~~~~~~                 
2026-10-08T17:44:21.4177741Z       |                                                                                                 |
2026-10-08T17:44:21.4178159Z       |                                                                                                 uint64_t {aka long unsigned int}
2026-10-08T17:44:21.4342388Z In file included from src/solver/mtl/Sort.h:24,
2026-10-08T17:44:21.4342733Z                  from src/solver/Solver.cc:106:
2026-10-08T17:44:21.4343512Z src/solver/mtl/Vec.h: In instantiation of ‘void Minisat::vec<T>::capacity(int) [with T = Minisat::vec<Minisat::Solver::Watcher>]’:
2026-10-08T17:44:21.4344046Z src/solver/mtl/Vec.h:115:13:   required from ‘void Minisat::vec<T>::growTo(int) [with T = Minisat::vec<Minisat::Solver::Watcher>]’
2026-10-08T17:44:21.4344755Z src/solver/SolverTypes.h:339:50:   required from ‘void Minisat::OccLists<Idx, Vec, Deleted>::init(const Idx&) [with Idx = Minisat::Lit; Vec = Minisat::vec<Minisat::Solver::Watcher>; Deleted = Minisat::Solver::WatcherDeleted]’
2026-10-08T17:44:21.4345242Z src/solver/Solver.cc:1272:21:   required from here
2026-10-08T17:44:21.4346154Z src/solver/mtl/Vec.h:99:54: warning: ‘void* realloc(void*, size_t)’ moving an object of non-trivially copyable type ‘class Minisat::vec<Minisat::Solver::Watcher>’; use ‘new’ and ‘delete’ instead [-Wclass-memaccess]
2026-10-08T17:44:21.4346846Z    99 |     if (add > INT_MAX - cap || ((data = (T*)::realloc(data, (cap += add) * sizeof(T))) == NULL) && errno == ENOMEM)
2026-10-08T17:44:21.4347151Z       |                                             ~~~~~~~~~^~~~~~~~~~~~~~~~~~~~~~~~~~~~~~~~
2026-10-08T17:44:21.4347482Z src/solver/mtl/Vec.h:38:7: note: ‘class Minisat::vec<Minisat::Solver::Watcher>’ declared here
2026-10-08T17:44:21.4347713Z    38 | class vec {
2026-10-08T17:44:21.4347828Z       |       ^~~
2026-10-08T17:44:21.4348145Z src/solver/mtl/Vec.h: In instantiation of ‘void Minisat::vec<T>::capacity(int) [with T = Minisat::vec<Minisat::Lit>]’:
2026-10-08T17:44:21.4348608Z src/solver/mtl/Vec.h:115:13:   required from ‘void Minisat::vec<T>::growTo(int) [with T = Minisat::vec<Minisat::Lit>]’
2026-10-08T17:44:21.4349223Z src/solver/Solver.h:72:50:   required from ‘void Minisat::vec2<Idx, Vec>::init(const Idx&) [with Idx = Minisat::Lit; Vec = Minisat::vec<Minisat::Lit>]’
2026-10-08T17:44:21.4349566Z src/solver/Solver.cc:1312:22:   required from here
2026-10-08T17:44:21.4350113Z src/solver/mtl/Vec.h:99:54: warning: ‘void* realloc(void*, size_t)’ moving an object of non-trivially copyable type ‘class Minisat::vec<Minisat::Lit>’; use ‘new’ and ‘delete’ instead [-Wclass-memaccess]
2026-10-08T17:44:21.4350647Z    99 |     if (add > INT_MAX - cap || ((data = (T*)::realloc(data, (cap += add) * sizeof(T))) == NULL) && errno == ENOMEM)
2026-10-08T17:44:21.4350929Z       |                                             ~~~~~~~~~^~~~~~~~~~~~~~~~~~~~~~~~~~~~~~~~
2026-10-08T17:44:21.4351226Z src/solver/mtl/Vec.h:38:7: note: ‘class Minisat::vec<Minisat::Lit>’ declared here
2026-10-08T17:44:21.4351691Z    38 | class vec {
2026-10-08T17:44:21.4351847Z       |       ^~~
2026-10-08T17:44:21.4352400Z src/solver/mtl/Vec.h: In instantiation of ‘void Minisat::vec<T>::capacity(int) [with T = Minisat::vec<int>]’:
2026-10-08T17:44:21.4353215Z src/solver/mtl/Vec.h:115:13:   required from ‘void Minisat::vec<T>::growTo(int) [with T = Minisat::vec<int>]’
2026-10-08T17:44:21.4354100Z src/solver/Solver.h:72:50:   required from ‘void Minisat::vec2<Idx, Vec>::init(const Idx&) [with Idx = int; Vec = Minisat::vec<int>]’
2026-10-08T17:44:21.4354902Z src/solver/Solver.cc:4250:13:   required from here
2026-10-08T17:44:21.4355878Z src/solver/mtl/Vec.h:99:54: warning: ‘void* realloc(void*, size_t)’ moving an object of non-trivially copyable type ‘class Minisat::vec<int>’; use ‘new’ and ‘delete’ instead [-Wclass-memaccess]
2026-10-08T17:44:21.4356855Z    99 |     if (add > INT_MAX - cap || ((data = (T*)::realloc(data, (cap += add) * sizeof(T))) == NULL) && errno == ENOMEM)
2026-10-08T17:44:21.4357420Z       |                                             ~~~~~~~~~^~~~~~~~~~~~~~~~~~~~~~~~~~~~~~~~
2026-10-08T17:44:21.4357976Z src/solver/mtl/Vec.h:38:7: note: ‘class Minisat::vec<int>’ declared here
2026-10-08T17:44:21.4358383Z    38 | class vec {
2026-10-08T17:44:21.4358629Z       |       ^~~
2026-10-08T17:44:21.4759892Z src/solver/Solver.cc: In member function ‘void Minisat::Solver::emitBoundsUpdate()’:
2026-10-08T17:44:21.4760763Z src/solver/Solver.cc:5204:24: warning: ignoring return value of ‘ssize_t write(int, const void*, size_t)’ declared with attribute ‘warn_unused_result’ [-Wunused-result]
2026-10-08T17:44:21.4761331Z  5204 |             (void)write(bounds_pipe_w, buf, (size_t)n);
2026-10-08T17:44:21.4761527Z       |                   ~~~~~^~~~~~~~~~~~~~~~~~~~~~~~~~~~~~~
2026-10-08T17:44:21.4761968Z src/solver/Solver.cc:5210:24: warning: ignoring return value of ‘ssize_t write(int, const void*, size_t)’ declared with attribute ‘warn_unused_result’ [-Wunused-result]
2026-10-08T17:44:21.4762375Z  5210 |             (void)write(bounds_pipe_w, buf, (size_t)n);
2026-10-08T17:44:21.4762565Z       |                   ~~~~~^~~~~~~~~~~~~~~~~~~~~~~~~~~~~~~
2026-10-08T17:44:21.4762876Z src/solver/Solver.cc: In member function ‘void Minisat::Solver::emitTryUpdate(uint64_t)’:
2026-10-08T17:44:21.4763383Z src/solver/Solver.cc:5220:20: warning: ignoring return value of ‘ssize_t write(int, const void*, size_t)’ declared with attribute ‘warn_unused_result’ [-Wunused-result]
2026-10-08T17:44:21.4763769Z  5220 |         (void)write(bounds_pipe_w, buf, (size_t)n);
2026-10-08T17:44:21.4763949Z       |               ~~~~~^~~~~~~~~~~~~~~~~~~~~~~~~~~~~~~
2026-10-08T17:44:23.2630986Z In file included from src/solver/Solver.h:54:
2026-10-08T17:44:23.2631787Z In function ‘Minisat::Lit Minisat::operator~(Lit)’,
2026-10-08T17:44:23.2632446Z     inlined from ‘void Minisat::Solver::analyze(Minisat::CRef, Minisat::vec<Minisat::Lit>&, int&, int&)’ at src/solver/Solver.cc:1757:22:
2026-10-08T17:44:23.2633477Z src/solver/SolverTypes.h:73:64: warning: ‘p.Minisat::Lit::x’ may be used uninitialized [-Wmaybe-uninitialized]
2026-10-08T17:44:23.2633843Z    73 | inline  Lit  operator ~(Lit p)              { Lit q; q.x = p.x ^ 1; return q; }
2026-10-08T17:44:23.2634075Z       |                                                            ~~~~^~~
2026-10-08T17:44:23.2634542Z src/solver/Solver.cc: In member function ‘void Minisat::Solver::analyze(Minisat::CRef, Minisat::vec<Minisat::Lit>&, int&, int&)’:
2026-10-08T17:44:23.2634960Z src/solver/Solver.cc:1671:9: note: ‘p.Minisat::Lit::x’ was declared here
2026-10-08T17:44:23.2635167Z  1671 |     Lit p; //     = lit_Undef;
2026-10-08T17:44:23.2635309Z       |         ^
2026-10-08T17:44:23.3148991Z In function ‘Minisat::Lit Minisat::operator~(Lit)’,
2026-10-08T17:44:23.3149874Z     inlined from ‘void Minisat::Solver::analyzeSoftConflict(Minisat::vec<Minisat::Lit>&, int&, int&)’ at src/solver/Solver.cc:2396:22:
2026-10-08T17:44:23.3151298Z src/solver/SolverTypes.h:73:64: warning: ‘p.Minisat::Lit::x’ may be used uninitialized [-Wmaybe-uninitialized]
2026-10-08T17:44:23.3151827Z    73 | inline  Lit  operator ~(Lit p)              { Lit q; q.x = p.x ^ 1; return q; }
2026-10-08T17:44:23.3152189Z       |                                                            ~~~~^~~
2026-10-08T17:44:23.3152834Z src/solver/Solver.cc: In member function ‘void Minisat::Solver::analyzeSoftConflict(Minisat::vec<Minisat::Lit>&, int&, int&)’:
2026-10-08T17:44:23.3153323Z src/solver/Solver.cc:2193:9: note: ‘p.Minisat::Lit::x’ was declared here
2026-10-08T17:44:23.3153636Z  2193 |     Lit p;
2026-10-08T17:44:23.3153751Z       |         ^
2026-10-08T17:44:23.4008971Z In function ‘Minisat::Lit Minisat::operator~(Lit)’,
2026-10-08T17:44:23.4009867Z     inlined from ‘void Minisat::Solver::analyzeQuasiSoftConflict(Minisat::vec<Minisat::Lit>&, int&, int&)’ at src/solver/Solver.cc:4664:22:
2026-10-08T17:44:23.4010701Z src/solver/SolverTypes.h:73:64: warning: ‘p.Minisat::Lit::x’ may be used uninitialized [-Wmaybe-uninitialized]
2026-10-08T17:44:23.4011264Z    73 | inline  Lit  operator ~(Lit p)              { Lit q; q.x = p.x ^ 1; return q; }
2026-10-08T17:44:23.4011556Z       |                                                            ~~~~^~~
2026-10-08T17:44:23.4011953Z src/solver/Solver.cc: In member function ‘void Minisat::Solver::analyzeQuasiSoftConflict(Minisat::vec<Minisat::Lit>&, int&, int&)’:
2026-10-08T17:44:23.4012365Z src/solver/Solver.cc:4492:9: note: ‘p.Minisat::Lit::x’ was declared here
2026-10-08T17:44:23.4012590Z  4492 |     Lit p;
2026-10-08T17:44:23.4012703Z       |         ^
2026-10-08T17:44:25.2295697Z g++ -Isrc/solver -Wall -Wno-parentheses -O3 -g -D __STDC_LIMIT_MACROS -D __STDC_FORMAT_MACROS -DNDEBUG -o bin/distqldpc src/core/distqldpc.cc build/SimpSolver.o build/Solver.o build/Options.o build/System.o -lz
2026-10-08T17:44:25.2298247Z g++ -Isrc/solver -Wall -Wno-parentheses -O3 -g -D __STDC_LIMIT_MACROS -D __STDC_FORMAT_MACROS -DNDEBUG -o bin/maxcdcl src/solver/Main.cc build/SimpSolver.o build/Solver.o build/Options.o build/System.o -lz
2026-10-08T17:44:25.2601401Z In file included from src/solver/Main.cc:51:
2026-10-08T17:44:25.2602038Z src/solver/utils/Options.h:285:29: warning: invalid suffix on literal; C++11 requires a space between literal and string macro [-Wliteral-suffix]
2026-10-08T17:44:25.2602530Z   285 |             fprintf(stderr, "%4"PRIi64, range.begin);
2026-10-08T17:44:25.2602709Z       |                             ^
2026-10-08T17:44:25.2603030Z src/solver/utils/Options.h:291:29: warning: invalid suffix on literal; C++11 requires a space between literal and string macro [-Wliteral-suffix]
2026-10-08T17:44:25.2603386Z   291 |             fprintf(stderr, "%4"PRIi64, range.end);
2026-10-08T17:44:25.2603555Z       |                             ^
2026-10-08T17:44:25.2603859Z src/solver/utils/Options.h:293:25: warning: invalid suffix on literal; C++11 requires a space between literal and string macro [-Wliteral-suffix]
2026-10-08T17:44:25.2604203Z   293 |         fprintf(stderr, "] (default: %"PRIi64")\n", value);
2026-10-08T17:44:25.2604383Z       |                         ^
2026-10-08T17:44:25.2614012Z src/solver/Main.cc:84:16: warning: invalid suffix on literal; C++11 requires a space between literal and string macro [-Wliteral-suffix]
2026-10-08T17:44:25.2614575Z    84 |         printf("c restarts              : %"PRIu64"\n", solver.starts);
2026-10-08T17:44:25.2614875Z       |                ^
2026-10-08T17:44:25.2615314Z src/solver/Main.cc:85:16: warning: invalid suffix on literal; C++11 requires a space between literal and string macro [-Wliteral-suffix]
2026-10-08T17:44:25.2616010Z    85 |         printf("c conflicts             : %-12"PRIu64"   (%.0f /sec)\n", solver.conflicts, solver.conflicts / cpu_time);
2026-10-08T17:44:25.2616405Z       |                ^
2026-10-08T17:44:25.2616801Z src/solver/Main.cc:86:16: warning: invalid suffix on literal; C++11 requires a space between literal and string macro [-Wliteral-suffix]
2026-10-08T17:44:25.2617622Z    86 |         printf("c decisions             : %-12"PRIu64"   (%4.2f %% random) (%.0f /sec)\n", solver.decisions, (float)solver.rnd_decisions * 100 / (float)solver.decisions, solver.decisions / cpu_time);
2026-10-08T17:44:25.2617997Z       |                ^
2026-10-08T17:44:25.2618270Z src/solver/Main.cc:87:16: warning: invalid suffix on literal; C++11 requires a space between literal and string macro [-Wliteral-suffix]
2026-10-08T17:44:25.2618690Z    87 |         printf("c propagations          : %-12"PRIu64"   (%.0f /sec)\n", solver.propagations, solver.propagations / cpu_time);
2026-10-08T17:44:25.2619285Z       |                ^
2026-10-08T17:44:25.2619580Z src/solver/Main.cc:88:16: warning: invalid suffix on literal; C++11 requires a space between literal and string macro [-Wliteral-suffix]
2026-10-08T17:44:25.2620095Z    88 |         printf("c conflict literals     : %-12"PRIu64"   (%4.2f %% deleted)\n", solver.tot_literals, (solver.max_literals - solver.tot_literals) * 100 / (double)solver.max_literals);
2026-10-08T17:44:25.2620454Z       |                ^
2026-10-08T17:44:25.2629718Z src/solver/Main.cc:93:16: warning: invalid suffix on literal; C++11 requires a space between literal and string macro [-Wliteral-suffix]
2026-10-08T17:44:25.2651512Z    93 |         printf("c s_propagations        : %-12"PRIu64"\n", solver.s_propagations);
2026-10-08T17:44:25.2651852Z       |                ^
2026-10-08T17:44:25.3010783Z In file included from src/solver/Solver.h:53,
2026-10-08T17:44:25.3012839Z                  from src/solver/SimpSolver.h:37,
2026-10-08T17:44:25.3014914Z                  from src/core/distqldpc.cc:40:
2026-10-08T17:44:25.3017029Z src/solver/utils/Options.h:285:29: warning: invalid suffix on literal; C++11 requires a space between literal and string macro [-Wliteral-suffix]
2026-10-08T17:44:25.3019308Z   285 |             fprintf(stderr, "%4"PRIi64, range.begin);
2026-10-08T17:44:25.3021100Z       |                             ^
2026-10-08T17:44:25.3021829Z src/solver/utils/Options.h:291:29: warning: invalid suffix on literal; C++11 requires a space between literal and string macro [-Wliteral-suffix]
2026-10-08T17:44:25.3023894Z   291 |             fprintf(stderr, "%4"PRIi64, range.end);
2026-10-08T17:44:25.3024281Z       |                             ^
2026-10-08T17:44:25.3027762Z src/solver/utils/Options.h:293:25: warning: invalid suffix on literal; C++11 requires a space between literal and string macro [-Wliteral-suffix]
2026-10-08T17:44:25.3029925Z   293 |         fprintf(stderr, "] (default: %"PRIi64")\n", value);
2026-10-08T17:44:25.3030437Z       |                         ^
2026-10-08T17:44:25.3679468Z src/solver/Main.cc: In function ‘void printStats(Minisat::Solver&)’:
2026-10-08T17:44:25.3680736Z src/solver/Main.cc:92:46: warning: format ‘%llu’ expects argument of type ‘long long unsigned int’, but argument 2 has type ‘uint64_t’ {aka ‘long unsigned int’} [-Wformat=]
2026-10-08T17:44:25.3681906Z    92 |         printf("c nbSimplifyAll         : %llu\n", solver.nbSimplifyAll);
2026-10-08T17:44:25.3682466Z       |                                           ~~~^     ~~~~~~~~~~~~~~~~~~~~
2026-10-08T17:44:25.3682913Z       |                                              |            |
2026-10-08T17:44:25.3683353Z       |                                              |            uint64_t {aka long unsigned int}
2026-10-08T17:44:25.3683822Z       |                                              long long unsigned int
2026-10-08T17:44:25.3684218Z       |                                           %lu
2026-10-08T17:44:25.3696997Z src/solver/Main.cc: In function ‘int main(int, char**)’:
2026-10-08T17:44:25.3697905Z src/solver/Main.cc:187:34: warning: format ‘%llu’ expects argument of type ‘long long unsigned int’, but argument 2 has type ‘uint64_t’ {aka ‘long unsigned int’} [-Wformat=]
2026-10-08T17:44:25.3698610Z   187 |         printf("c initial UB: %llu\n", S.initUB);
2026-10-08T17:44:25.3698903Z       |                               ~~~^     ~~~~~~~~
2026-10-08T17:44:25.3699318Z       |                                  |       |
2026-10-08T17:44:25.3700083Z       |                                  |       uint64_t {aka long unsigned int}
2026-10-08T17:44:25.3700414Z       |                                  long long unsigned int
2026-10-08T17:44:25.3700689Z       |                               %lu
2026-10-08T17:44:25.3918431Z src/solver/Main.cc: At global scope:
2026-10-08T17:44:25.3919583Z src/solver/Main.cc:108:13: warning: ‘void SIGINT_exit(int)’ defined but not used [-Wunused-function]
2026-10-08T17:44:25.3920588Z   108 | static void SIGINT_exit(int signum) {
2026-10-08T17:44:25.3920858Z       |             ^~~~~~~~~~~
2026-10-08T17:44:25.5190357Z src/core/distqldpc.cc: In function ‘void pipe_write_result(int, int, bool)’:
2026-10-08T17:44:25.5191492Z src/core/distqldpc.cc:162:20: warning: ignoring return value of ‘ssize_t write(int, const void*, size_t)’ declared with attribute ‘warn_unused_result’ [-Wunused-result]
2026-10-08T17:44:25.5192332Z   162 |         (void)write(pipe_w, buf, (size_t)n);
2026-10-08T17:44:25.5192724Z       |               ~~~~~^~~~~~~~~~~~~~~~~~~~~~~~
2026-10-08T17:44:26.1607334Z make: Leaving directory '/home/runner/work/DistQLDPC/DistQLDPC/baseline'
2026-10-08T17:44:26.1632538Z make: Entering directory '/home/runner/work/DistQLDPC/DistQLDPC/candidate'
2026-10-08T17:44:26.1642489Z g++ -Isrc/solver -Wall -Wno-parentheses -O3 -g -D __STDC_LIMIT_MACROS -D __STDC_FORMAT_MACROS -DNDEBUG -c -o build/SimpSolver.o src/solver/SimpSolver.cc
2026-10-08T17:44:26.1644418Z g++ -Isrc/solver -Wall -Wno-parentheses -O3 -g -D __STDC_LIMIT_MACROS -D __STDC_FORMAT_MACROS -DNDEBUG -c -o build/Solver.o src/solver/Solver.cc
2026-10-08T17:44:26.1646754Z g++ -Isrc/solver -Wall -Wno-parentheses -O3 -g -D __STDC_LIMIT_MACROS -D __STDC_FORMAT_MACROS -DNDEBUG -c -o build/Options.o src/solver/utils/Options.cc
2026-10-08T17:44:26.1648194Z g++ -Isrc/solver -Wall -Wno-parentheses -O3 -g -D __STDC_LIMIT_MACROS -D __STDC_FORMAT_MACROS -DNDEBUG -c -o build/System.o src/solver/utils/System.cc
2026-10-08T17:44:26.2064089Z In file included from src/solver/utils/Options.cc:21:
2026-10-08T17:44:26.2090248Z src/solver/utils/Options.h:285:29: warning: invalid suffix on literal; C++11 requires a space between literal and string macro [-Wliteral-suffix]
2026-10-08T17:44:26.2112687Z   285 |             fprintf(stderr, "%4"PRIi64, range.begin);
2026-10-08T17:44:26.2149459Z       |                             ^
2026-10-08T17:44:26.2169867Z In file included from src/solver/Solver.h:53,
2026-10-08T17:44:26.2199563Z                  from src/solver/SimpSolver.h:37,
2026-10-08T17:44:26.2219624Z                  from src/solver/SimpSolver.cc:34:
2026-10-08T17:44:26.2220217Z src/solver/utils/Options.h:285:29: warning: invalid suffix on literal; C++11 requires a space between literal and string macro [-Wliteral-suffix]
2026-10-08T17:44:26.2220821Z   285 |             fprintf(stderr, "%4"PRIi64, range.begin);
2026-10-08T17:44:26.2221109Z       |                             ^
2026-10-08T17:44:26.2221660Z src/solver/utils/Options.h:291:29: warning: invalid suffix on literal; C++11 requires a space between literal and string macro [-Wliteral-suffix]
2026-10-08T17:44:26.2222248Z   291 |             fprintf(stderr, "%4"PRIi64, range.end);
2026-10-08T17:44:26.2222521Z       |                             ^
2026-10-08T17:44:26.2223051Z src/solver/utils/Options.h:293:25: warning: invalid suffix on literal; C++11 requires a space between literal and string macro [-Wliteral-suffix]
2026-10-08T17:44:26.2223656Z   293 |         fprintf(stderr, "] (default: %"PRIi64")\n", value);
2026-10-08T17:44:26.2223959Z       |                         ^
2026-10-08T17:44:26.2224485Z src/solver/utils/Options.h:291:29: warning: invalid suffix on literal; C++11 requires a space between literal and string macro [-Wliteral-suffix]
2026-10-08T17:44:26.2225071Z   291 |             fprintf(stderr, "%4"PRIi64, range.end);
2026-10-08T17:44:26.2225346Z       |                             ^
2026-10-08T17:44:26.2226143Z src/solver/utils/Options.h:293:25: warning: invalid suffix on literal; C++11 requires a space between literal and string macro [-Wliteral-suffix]
2026-10-08T17:44:26.2226757Z   293 |         fprintf(stderr, "] (default: %"PRIi64")\n", value);
2026-10-08T17:44:26.2227052Z       |                         ^
2026-10-08T17:44:26.2227301Z In file included from src/solver/Solver.h:53,
2026-10-08T17:44:26.2227580Z                  from src/solver/Solver.cc:107:
2026-10-08T17:44:26.2228143Z src/solver/utils/Options.h:285:29: warning: invalid suffix on literal; C++11 requires a space between literal and string macro [-Wliteral-suffix]
2026-10-08T17:44:26.2228837Z   285 |             fprintf(stderr, "%4"PRIi64, range.begin);
2026-10-08T17:44:26.2229222Z       |                             ^
2026-10-08T17:44:26.2229740Z src/solver/utils/Options.h:291:29: warning: invalid suffix on literal; C++11 requires a space between literal and string macro [-Wliteral-suffix]
2026-10-08T17:44:26.2230327Z   291 |             fprintf(stderr, "%4"PRIi64, range.end);
2026-10-08T17:44:26.2230601Z       |                             ^
2026-10-08T17:44:26.2231140Z src/solver/utils/Options.h:293:25: warning: invalid suffix on literal; C++11 requires a space between literal and string macro [-Wliteral-suffix]
2026-10-08T17:44:26.2231742Z   293 |         fprintf(stderr, "] (default: %"PRIi64")\n", value);
2026-10-08T17:44:26.2232035Z       |                         ^
2026-10-08T17:44:26.2931375Z src/solver/Solver.h: In constructor ‘Minisat::Solver::Solver()’:
2026-10-08T17:44:26.2932301Z src/solver/Solver.h:480:15: warning: ‘Minisat::Solver::my_var_decay’ will be initialized after [-Wreorder]
2026-10-08T17:44:26.2933034Z   480 |     double    my_var_decay;
2026-10-08T17:44:26.2933531Z       |               ^~~~~~~~~~~~
2026-10-08T17:44:26.2934424Z src/solver/Solver.h:293:42: warning:   ‘Minisat::Heap<Minisat::Solver::VarOrderLt> Minisat::Solver::order_heap_distance’ [-Wreorder]
2026-10-08T17:44:26.2935142Z   293 |                         order_heap_VSIDS,order_heap_distance;
2026-10-08T17:44:26.2935597Z       |                                          ^~~~~~~~~~~~~~~~~~~
2026-10-08T17:44:26.2936105Z src/solver/Solver.cc:143:1: warning:   when initialized here [-Wreorder]
2026-10-08T17:44:26.2936585Z   143 | Solver::Solver() :
2026-10-08T17:44:26.2936925Z       | ^~~~~~
2026-10-08T17:44:26.2937599Z src/solver/Solver.h:514:14: warning: ‘Minisat::Solver::lastOptimalCost’ will be initialized after [-Wreorder]
2026-10-08T17:44:26.2938234Z   514 |     uint64_t lastOptimalCost;
2026-10-08T17:44:26.2938611Z       |              ^~~~~~~~~~~~~~~
2026-10-08T17:44:26.2939470Z src/solver/Solver.h:513:40: warning:   ‘uint64_t Minisat::Solver::totalWeight’ [-Wreorder]
2026-10-08T17:44:26.2940076Z   513 |     uint64_t hardWeight, solutionCost, totalWeight, UB;
2026-10-08T17:44:26.2940526Z       |                                        ^~~~~~~~~~~
2026-10-08T17:44:26.2941005Z src/solver/Solver.cc:143:1: warning:   when initialized here [-Wreorder]
2026-10-08T17:44:26.2941487Z   143 | Solver::Solver() :
2026-10-08T17:44:26.2941820Z       | ^~~~~~
2026-10-08T17:44:26.2942492Z src/solver/Solver.h:707:25: warning: ‘Minisat::Solver::orderHeapAuxi’ will be initialized after [-Wreorder]
2026-10-08T17:44:26.2943099Z   707 |     Heap<VarOrderGt>    orderHeapAuxi;
2026-10-08T17:44:26.2943510Z       |                         ^~~~~~~~~~~~~
2026-10-08T17:44:26.2944117Z src/solver/Solver.h:619:25: warning:   ‘int Minisat::Solver::tier2_lbd_cut’ [-Wreorder]
2026-10-08T17:44:26.2944641Z   619 |     int                 tier2_lbd_cut;
2026-10-08T17:44:26.2945038Z       |                         ^~~~~~~~~~~~~
2026-10-08T17:44:26.2945513Z src/solver/Solver.cc:143:1: warning:   when initialized here [-Wreorder]
2026-10-08T17:44:26.2945992Z   143 | Solver::Solver() :
2026-10-08T17:44:26.2946331Z       | ^~~~~~
2026-10-08T17:44:26.2946998Z src/solver/Solver.h:663:9: warning: ‘Minisat::Solver::cardinalityEncMode’ will be initialized after [-Wreorder]
2026-10-08T17:44:26.2947614Z   663 |     int cardinalityEncMode;
2026-10-08T17:44:26.2947987Z       |         ^~~~~~~~~~~~~~~~~~
2026-10-08T17:44:26.2949243Z src/solver/Solver.h:644:14: warning:   ‘uint64_t Minisat::Solver::quasiSoftConflicts’ [-Wreorder]
2026-10-08T17:44:26.2949884Z   644 |     uint64_t quasiSoftConflicts;
2026-10-08T17:44:26.2950270Z       |              ^~~~~~~~~~~~~~~~~~
2026-10-08T17:44:26.2950742Z src/solver/Solver.cc:143:1: warning:   when initialized here [-Wreorder]
2026-10-08T17:44:26.2951226Z   143 | Solver::Solver() :
2026-10-08T17:44:26.2951559Z       | ^~~~~~
2026-10-08T17:44:26.2952357Z src/solver/Solver.h:696:14: warning: ‘Minisat::Solver::nbFixedByLH’ will be initialized after [-Wreorder]
2026-10-08T17:44:26.2953274Z   696 |     uint64_t nbFixedByLH;
2026-10-08T17:44:26.2959243Z       |              ^~~~~~~~~~~
2026-10-08T17:44:26.2960069Z src/solver/Solver.h:562:10: warning:   ‘bool Minisat::Solver::bestSolutionFound’ [-Wreorder]
2026-10-08T17:44:26.2960648Z   562 |     bool bestSolutionFound;
2026-10-08T17:44:26.2961020Z       |          ^~~~~~~~~~~~~~~~~
2026-10-08T17:44:26.2961484Z src/solver/Solver.cc:143:1: warning:   when initialized here [-Wreorder]
2026-10-08T17:44:26.2961964Z   143 | Solver::Solver() :
2026-10-08T17:44:26.2962297Z       | ^~~~~~
2026-10-08T17:44:26.2962945Z src/solver/Solver.h:564:9: warning: ‘Minisat::Solver::nbSatLitsAtStart’ will be initialized after [-Wreorder]
2026-10-08T17:44:26.2963554Z   564 |     int nbSatLitsAtStart;
2026-10-08T17:44:26.2963922Z       |         ^~~~~~~~~~~~~~~~
2026-10-08T17:44:26.2964503Z src/solver/Solver.h:560:9: warning:   ‘int Minisat::Solver::bounds_pipe_w’ [-Wreorder]
2026-10-08T17:44:26.2965028Z   560 |     int bounds_pipe_w;
2026-10-08T17:44:26.2965382Z       |         ^~~~~~~~~~~~~
2026-10-08T17:44:26.2965868Z src/solver/Solver.cc:143:1: warning:   when initialized here [-Wreorder]
2026-10-08T17:44:26.2966339Z   143 | Solver::Solver() :
2026-10-08T17:44:26.2966670Z       | ^~~~~~
2026-10-08T17:44:26.2967279Z src/solver/Solver.cc: In member function ‘Minisat::CRef Minisat::Solver::simplePropagate()’:
2026-10-08T17:44:26.2968239Z src/solver/Solver.cc:316:27: warning: comparison of integer expressions of different signedness: ‘unsigned int’ and ‘int’ [-Wsign-compare]
2026-10-08T17:44:26.2968938Z   316 |         if (c.lastPoint() > c.size())
2026-10-08T17:44:26.2969491Z       |             ~~~~~~~~~~~~~~^~~~~~~~~~
2026-10-08T17:44:26.2970263Z src/solver/Solver.cc:335:27: warning: comparison of integer expressions of different signedness: ‘int’ and ‘unsigned int’ [-Wsign-compare]
2026-10-08T17:44:26.2970977Z   335 |         for (int k = 2; k < c.lastPoint(); k++) {
2026-10-08T17:44:26.2971411Z       |                         ~~^~~~~~~~~~~~~~~
2026-10-08T17:44:26.2972292Z src/solver/Solver.cc:381:63: warning: comparison of integer expressions of different signedness: ‘int’ and ‘uint64_t’ {aka ‘long unsigned int’} [-Wsign-compare]
2026-10-08T17:44:26.2973114Z   381 |     if (confl == CRef_Undef && falseLits.size() + rootNbIsets >= UB)
2026-10-08T17:44:26.2973598Z       |                                ~~~~~~~~~~~~~~~~~~~~~~~~~~~~~~~^~~~~
2026-10-08T17:44:26.3002952Z src/solver/Solver.cc: In member function ‘bool Minisat::Solver::simplifyLearnt_core()’:
2026-10-08T17:44:26.3003920Z src/solver/Solver.cc:787:34: warning: comparison of integer expressions of different signedness: ‘unsigned int’ and ‘int’ [-Wsign-compare]
2026-10-08T17:44:26.3004652Z   787 |                     if (nblevels < c.lbd()){
2026-10-08T17:44:26.3005081Z       |                         ~~~~~~~~~^~~~~~~~~
2026-10-08T17:44:26.3005810Z src/solver/Solver.cc:721:9: warning: unused variable ‘learnts_core_size_before’ [-Wunused-variable]
2026-10-08T17:44:26.3006449Z   721 |     int learnts_core_size_before = learnts_core.size();
2026-10-08T17:44:26.3006886Z       |         ^~~~~~~~~~~~~~~~~~~~~~~~
2026-10-08T17:44:26.3011260Z src/solver/Solver.cc: In member function ‘bool Minisat::Solver::simplifyLearnt_tier2()’:
2026-10-08T17:44:26.3012037Z src/solver/Solver.cc:895:34: warning: comparison of integer expressions of different signedness: ‘unsigned int’ and ‘int’ [-Wsign-compare]
2026-10-08T17:44:26.3012820Z   895 |                     if (nblevels < c.lbd()){
2026-10-08T17:44:26.3013086Z       |                         ~~~~~~~~~^~~~~~~~~
2026-10-08T17:44:26.3013620Z src/solver/Solver.cc:823:9: warning: unused variable ‘learnts_tier2_size_before’ [-Wunused-variable]
2026-10-08T17:44:26.3029965Z   823 |     int learnts_tier2_size_before = learnts_tier2.size();
2026-10-08T17:44:26.3059840Z       |         ^~~~~~~~~~~~~~~~~~~~~~~~~
2026-10-08T17:44:26.3090294Z src/solver/Solver.cc:828:9: warning: variable ‘limit’ set but not used [-Wunused-but-set-variable]
2026-10-08T17:44:26.3119915Z   828 |     int limit;
2026-10-08T17:44:26.3139964Z       |         ^~~~~
2026-10-08T17:44:26.3140691Z src/solver/Solver.cc: In member function ‘bool Minisat::Solver::failedLiteralDetection()’:
2026-10-08T17:44:26.3141828Z src/solver/Solver.cc:1038:100: warning: format ‘%llu’ expects argument of type ‘long long unsigned int’, but argument 7 has type ‘uint64_t’ {aka ‘long unsigned int’} [-Wformat=]
2026-10-08T17:44:26.3142907Z  1038 |   printf("c nbFailedLits %d, nbI %d, fixedVarsByFL %d, totalFixedVars %d, nbTested: %d, counter %llu\n",
2026-10-08T17:44:26.3143564Z       |                                                                                                 ~~~^
2026-10-08T17:44:26.3144066Z       |                                                                                                    |
2026-10-08T17:44:26.3144603Z       |                                                                                                    long long unsigned int
2026-10-08T17:44:26.3145155Z       |                                                                                                 %lu
2026-10-08T17:44:26.3145756Z  1039 |          nbFailedLits, nbI, trail.size()-initTrail, trail.size(), nbTested, counter);
2026-10-08T17:44:26.3146348Z       |                                                                             ~~~~~~~                 
2026-10-08T17:44:26.3146826Z       |                                                                             |
2026-10-08T17:44:26.3147331Z       |                                                                             uint64_t {aka long unsigned int}
2026-10-08T17:44:26.3148092Z src/solver/Solver.cc: In member function ‘bool Minisat::Solver::simplifyOriginalClauses()’:
2026-10-08T17:44:26.3149333Z src/solver/Solver.cc:1179:40: warning: format ‘%llu’ expects argument of type ‘long long unsigned int’, but argument 2 has type ‘uint64_t’ {aka ‘long unsigned int’} [-Wformat=]
2026-10-08T17:44:26.3150232Z  1179 |     printf("c total nb of literals: %llu\n", clauses_literals);
2026-10-08T17:44:26.3150708Z       |                                     ~~~^     ~~~~~~~~~~~~~~~~
2026-10-08T17:44:26.3151129Z       |                                        |     |
2026-10-08T17:44:26.3151564Z       |                                        |     uint64_t {aka long unsigned int}
2026-10-08T17:44:26.3152020Z       |                                        long long unsigned int
2026-10-08T17:44:26.3152448Z       |                                     %lu
2026-10-08T17:44:26.3153118Z src/solver/Solver.cc:1173:25: warning: unused variable ‘nbOriginalClauses_before’ [-Wunused-variable]
2026-10-08T17:44:26.3153777Z  1173 |     int last_shorten=0, nbOriginalClauses_before = clauses.size();
2026-10-08T17:44:26.3154265Z       |                         ^~~~~~~~~~~~~~~~~~~~~~~~
2026-10-08T17:44:26.3154877Z src/solver/Solver.cc:1185:17: warning: unused variable ‘begin_simp_time’ [-Wunused-variable]
2026-10-08T17:44:26.3155452Z  1185 |     double      begin_simp_time = cpuTime();
2026-10-08T17:44:26.3155852Z       |                 ^~~~~~~~~~~~~~~
2026-10-08T17:44:26.3156472Z src/solver/Solver.cc:1250:12: warning: variable ‘avg’ set but not used [-Wunused-but-set-variable]
2026-10-08T17:44:26.3157035Z  1250 |     double avg;
2026-10-08T17:44:26.3157365Z       |            ^~~
2026-10-08T17:44:26.3157994Z src/solver/Solver.cc: In member function ‘Minisat::CRef Minisat::Solver::propagate()’:
2026-10-08T17:44:26.3159302Z src/solver/Solver.cc:2005:31: warning: comparison of integer expressions of different signedness: ‘unsigned int’ and ‘int’ [-Wsign-compare]
2026-10-08T17:44:26.3160042Z  2005 |             if (c.lastPoint() > c.size())
2026-10-08T17:44:26.3160452Z       |                 ~~~~~~~~~~~~~~^~~~~~~~~~
2026-10-08T17:44:26.3161265Z src/solver/Solver.cc:2024:31: warning: comparison of integer expressions of different signedness: ‘int’ and ‘unsigned int’ [-Wsign-compare]
2026-10-08T17:44:26.3162152Z  2024 |             for (int k = 2; k < c.lastPoint(); k++) {
2026-10-08T17:44:26.3162587Z       |                             ~~^~~~~~~~~~~~~~~
2026-10-08T17:44:26.3163469Z src/solver/Solver.cc:2076:49: warning: comparison of integer expressions of different signedness: ‘int’ and ‘uint64_t’ {aka ‘long unsigned int’} [-Wsign-compare]
2026-10-08T17:44:26.3164266Z  2076 |     if (confl == CRef_Undef && falseLits.size() >= UB)
2026-10-08T17:44:26.3164722Z       |                                ~~~~~~~~~~~~~~~~~^~~~~
2026-10-08T17:44:26.3165362Z src/solver/Solver.cc:2072:1: warning: label ‘ExitProp’ defined but not used [-Wunused-label]
2026-10-08T17:44:26.3165906Z  2072 | ExitProp:;
2026-10-08T17:44:26.3166228Z       | ^~~~~~~~
2026-10-08T17:44:26.3166907Z src/solver/Solver.cc: In member function ‘void Minisat::Solver::getAllUIP(Minisat::vec<Minisat::Lit>&, int&, int&)’:
2026-10-08T17:44:26.3167794Z src/solver/Solver.cc:2177:9: warning: variable ‘myLevel’ set but not used [-Wunused-but-set-variable]
2026-10-08T17:44:26.3168396Z  2177 |     int myLevel = decisionLevel() +1;
2026-10-08T17:44:26.3168781Z       |         ^~~~~~~
2026-10-08T17:44:26.3169633Z src/solver/Solver.cc: In member function ‘void Minisat::Solver::analyzeSoftConflict(Minisat::vec<Minisat::Lit>&, int&, int&)’:
2026-10-08T17:44:26.3170793Z src/solver/Solver.cc:2196:26: warning: comparison of integer expressions of different signedness: ‘int’ and ‘uint64_t’ {aka ‘long unsigned int’} [-Wsign-compare]
2026-10-08T17:44:26.3171550Z  2196 |     if (falseLits.size() >= UB)
2026-10-08T17:44:26.3171941Z       |         ~~~~~~~~~~~~~~~~~^~~~~
2026-10-08T17:44:26.3172791Z src/solver/Solver.cc:2206:26: warning: comparison of integer expressions of different signedness: ‘int’ and ‘uint64_t’ {aka ‘long unsigned int’} [-Wsign-compare]
2026-10-08T17:44:26.3173553Z  2206 |     if (falseLits.size() > UB) {
2026-10-08T17:44:26.3173935Z       |         ~~~~~~~~~~~~~~~~~^~~~
2026-10-08T17:44:26.3174544Z src/solver/Solver.cc: In member function ‘bool Minisat::Solver::simplifyLearnt_local()’:
2026-10-08T17:44:26.3175499Z src/solver/Solver.cc:2631:34: warning: comparison of integer expressions of different signedness: ‘unsigned int’ and ‘int’ [-Wsign-compare]
2026-10-08T17:44:26.3176210Z  2631 |                     if (nblevels < c.lbd()){
2026-10-08T17:44:26.3176615Z       |                         ~~~~~~~~~^~~~~~~~~
2026-10-08T17:44:26.3177244Z src/solver/Solver.cc:2559:7: warning: unused variable ‘learnts_local_size_before’ [-Wunused-variable]
2026-10-08T17:44:26.3177887Z  2559 |   int learnts_local_size_before = learnts_local.size();
2026-10-08T17:44:26.3178338Z       |       ^~~~~~~~~~~~~~~~~~~~~~~~~
2026-10-08T17:44:26.3178908Z src/solver/Solver.cc:2560:7: warning: unused variable ‘savedTrail’ [-Wunused-variable]
2026-10-08T17:44:26.3179600Z  2560 |   int savedTrail = trail.size();
2026-10-08T17:44:26.3179973Z       |       ^~~~~~~~~~
2026-10-08T17:44:26.3180525Z src/solver/Solver.cc: In member function ‘void Minisat::Solver::reduceDB_core()’:
2026-10-08T17:44:26.3181246Z src/solver/Solver.cc:2772:9: warning: unused variable ‘totalLocalSize’ [-Wunused-variable]
2026-10-08T17:44:26.3181805Z  2772 |     int totalLocalSize=0, removedSize=0;
2026-10-08T17:44:26.3182202Z       |         ^~~~~~~~~~~~~~
2026-10-08T17:44:26.3182879Z src/solver/Solver.cc:2772:27: warning: unused variable ‘removedSize’ [-Wunused-variable]
2026-10-08T17:44:26.3183474Z  2772 |     int totalLocalSize=0, removedSize=0;
2026-10-08T17:44:26.3183873Z       |                           ^~~~~~~~~~~
2026-10-08T17:44:26.3184823Z src/solver/Solver.cc: In member function ‘Minisat::CRef Minisat::Solver::lPropagate()’:
2026-10-08T17:44:26.3185932Z src/solver/Solver.cc:3022:20: warning: comparison of integer expressions of different signedness: ‘uint64_t’ {aka ‘long unsigned int’} and ‘int’ [-Wsign-compare]
2026-10-08T17:44:26.3192729Z  3022 |   if (UB > 1 && UB == falseLits.size() + 1 && decisionLevel() < hardenLevel) {
2026-10-08T17:44:26.3193263Z       |                 ~~~^~~~~~~~~~~~~~~~~~~~~~~
2026-10-08T17:44:26.3194345Z src/solver/Solver.cc: In member function ‘void Minisat::Solver::identifyClausesToSplit(Minisat::vec<unsigned int>&)’:
2026-10-08T17:44:26.3195453Z src/solver/Solver.cc:3170:46: warning: comparison of integer expressions of different signedness: ‘int’ and ‘uint64_t’ {aka ‘long unsigned int’} [-Wsign-compare]
2026-10-08T17:44:26.3196255Z  3170 |     for(j=i+1; j<cs.size() && 2*nbCommunLits >= UB; j++) {
2026-10-08T17:44:26.3196716Z       |                               ~~~~~~~~~~~~~~~^~~~~
2026-10-08T17:44:26.3230289Z src/solver/Solver.cc: In member function ‘Minisat::lbool Minisat::Solver::search(int&)’:
2026-10-08T17:44:26.3231371Z src/solver/Solver.cc:3821:31: warning: format ‘%llu’ expects argument of type ‘long long unsigned int’, but argument 2 has type ‘uint64_t’ {aka ‘long unsigned int’} [-Wformat=]
2026-10-08T17:44:26.3232537Z  3821 |               printf("c UB=%llu succs, confls=%llu, hconfls=%llu, core %d, tier2 %d, local %d,  %d soft cls unsat (%d at L0), %d fixed vars at L0, softCnfl %d, nbFlyRd %d, nbFixedLH %llu\n",
2026-10-08T17:44:26.3233316Z       |                            ~~~^
2026-10-08T17:44:26.3233682Z       |                               |
2026-10-08T17:44:26.3234073Z       |                               long long unsigned int
2026-10-08T17:44:26.3234494Z       |                            %lu
2026-10-08T17:44:26.3235122Z  3822 |                      UB, conflicts, conflicts-softConflicts, learnts_core.size(), learnts_tier2.size(), learnts_local.size(),
2026-10-08T17:44:26.3235763Z       |                      ~~        
2026-10-08T17:44:26.3236135Z       |                      |
2026-10-08T17:44:26.3236512Z       |                      uint64_t {aka long unsigned int}
2026-10-08T17:44:26.3237477Z src/solver/Solver.cc:3821:50: warning: format ‘%llu’ expects argument of type ‘long long unsigned int’, but argument 3 has type ‘uint64_t’ {aka ‘long unsigned int’} [-Wformat=]
2026-10-08T17:44:26.3238633Z  3821 |               printf("c UB=%llu succs, confls=%llu, hconfls=%llu, core %d, tier2 %d, local %d,  %d soft cls unsat (%d at L0), %d fixed vars at L0, softCnfl %d, nbFlyRd %d, nbFixedLH %llu\n",
2026-10-08T17:44:26.3239576Z       |                                               ~~~^
2026-10-08T17:44:26.3239979Z       |                                                  |
2026-10-08T17:44:26.3240404Z       |                                                  long long unsigned int
2026-10-08T17:44:26.3240837Z       |                                               %lu
2026-10-08T17:44:26.3241676Z  3822 |                      UB, conflicts, conflicts-softConflicts, learnts_core.size(), learnts_tier2.size(), learnts_local.size(),
2026-10-08T17:44:26.3242311Z       |                          ~~~~~~~~~                
2026-10-08T17:44:26.3242706Z       |                          |
2026-10-08T17:44:26.3243101Z       |                          uint64_t {aka long unsigned int}
2026-10-08T17:44:26.3244073Z src/solver/Solver.cc:3821:64: warning: format ‘%llu’ expects argument of type ‘long long unsigned int’, but argument 4 has type ‘uint64_t’ {aka ‘long unsigned int’} [-Wformat=]
2026-10-08T17:44:26.3245359Z  3821 |               printf("c UB=%llu succs, confls=%llu, hconfls=%llu, core %d, tier2 %d, local %d,  %d soft cls unsat (%d at L0), %d fixed vars at L0, softCnfl %d, nbFlyRd %d, nbFixedLH %llu\n",
2026-10-08T17:44:26.3246147Z       |                                                             ~~~^
2026-10-08T17:44:26.3246578Z       |                                                                |
2026-10-08T17:44:26.3247042Z       |                                                                long long unsigned int
2026-10-08T17:44:26.3247501Z       |                                                             %lu
2026-10-08T17:44:26.3248157Z  3822 |                      UB, conflicts, conflicts-softConflicts, learnts_core.size(), learnts_tier2.size(), learnts_local.size(),
2026-10-08T17:44:26.3248818Z       |                                     ~~~~~~~~~~~~~~~~~~~~~~~     
2026-10-08T17:44:26.3249500Z       |                                              |
2026-10-08T17:44:26.3249941Z       |                                              uint64_t {aka long unsigned int}
2026-10-08T17:44:26.3250941Z src/solver/Solver.cc:3821:186: warning: format ‘%llu’ expects argument of type ‘long long unsigned int’, but argument 13 has type ‘uint64_t’ {aka ‘long unsigned int’} [-Wformat=]
2026-10-08T17:44:26.3252114Z  3821 |               printf("c UB=%llu succs, confls=%llu, hconfls=%llu, core %d, tier2 %d, local %d,  %d soft cls unsat (%d at L0), %d fixed vars at L0, softCnfl %d, nbFlyRd %d, nbFixedLH %llu\n",
2026-10-08T17:44:26.3253013Z       |                                                                                                                                                                                       ~~~^
2026-10-08T17:44:26.3253709Z       |                                                                                                                                                                                          |
2026-10-08T17:44:26.3254460Z       |                                                                                                                                                                                          long long unsigned int
2026-10-08T17:44:26.3255176Z       |                                                                                                                                                                                       %lu
2026-10-08T17:44:26.3255959Z  3822 |                      UB, conflicts, conflicts-softConflicts, learnts_core.size(), learnts_tier2.size(), learnts_local.size(),
2026-10-08T17:44:26.3256761Z  3823 |                      falseLits.size(), nbFalses, nbFixeds, pureSoftConfl, nbFlyReduced, nbFixedByLH);
2026-10-08T17:44:26.3257471Z       |                                                                                         ~~~~~~~~~~~                                                                                       
2026-10-08T17:44:26.3258072Z       |                                                                                         |
2026-10-08T17:44:26.3258606Z       |                                                                                         uint64_t {aka long unsigned int}
2026-10-08T17:44:26.3259813Z src/solver/Solver.cc:3825:48: warning: format ‘%llu’ expects argument of type ‘long long unsigned int’, but argument 3 has type ‘uint64_t’ {aka ‘long unsigned int’} [-Wformat=]
2026-10-08T17:44:26.3261257Z  3825 |               printf("c nbHardens %d (fixed %llu), shorten: %llu, prunedLB %4.2f, dev %4.2f, succRate %4.2f, nbSucc %llu, lk: %llu, shorten: %llu, quasiC: %llu (fixed: %llu)\n\n",
2026-10-08T17:44:26.3262047Z       |                                             ~~~^
2026-10-08T17:44:26.3262454Z       |                                                |
2026-10-08T17:44:26.3262881Z       |                                                long long unsigned int
2026-10-08T17:44:26.3263463Z       |                                             %lu
2026-10-08T17:44:26.3264345Z  3826 |                      nbHardens, fixedByHardens, nbSavedLits, meanLB, dev, succRate, nbLKsuccess-savednbLKsuccess, LOOKAHEAD-savedLOOKAHEAD, nbSavedLits, quasiSoftConflicts, fixedByQuasiConfl);
2026-10-08T17:44:26.3265255Z       |                                 ~~~~~~~~~~~~~~  
2026-10-08T17:44:26.3265657Z       |                                 |
2026-10-08T17:44:26.3266057Z       |                                 uint64_t {aka long unsigned int}
2026-10-08T17:44:26.3267010Z src/solver/Solver.cc:3825:64: warning: format ‘%llu’ expects argument of type ‘long long unsigned int’, but argument 4 has type ‘uint64_t’ {aka ‘long unsigned int’} [-Wformat=]
2026-10-08T17:44:26.3268142Z  3825 |               printf("c nbHardens %d (fixed %llu), shorten: %llu, prunedLB %4.2f, dev %4.2f, succRate %4.2f, nbSucc %llu, lk: %llu, shorten: %llu, quasiC: %llu (fixed: %llu)\n\n",
2026-10-08T17:44:26.3268891Z       |                                                             ~~~^
2026-10-08T17:44:26.3269490Z       |                                                                |
2026-10-08T17:44:26.3269947Z       |                                                                long long unsigned int
2026-10-08T17:44:26.3270412Z       |                                                             %lu
2026-10-08T17:44:26.3271332Z  3826 |                      nbHardens, fixedByHardens, nbSavedLits, meanLB, dev, succRate, nbLKsuccess-savednbLKsuccess, LOOKAHEAD-savedLOOKAHEAD, nbSavedLits, quasiSoftConflicts, fixedByQuasiConfl);
2026-10-08T17:44:26.3272231Z       |                                                 ~~~~~~~~~~~     
2026-10-08T17:44:26.3272659Z       |                                                 |
2026-10-08T17:44:26.3273109Z       |                                                 uint64_t {aka long unsigned int}
2026-10-08T17:44:26.3274089Z src/solver/Solver.cc:3825:120: warning: format ‘%llu’ expects argument of type ‘long long unsigned int’, but argument 8 has type ‘uint64_t’ {aka ‘long unsigned int’} [-Wformat=]
2026-10-08T17:44:26.3275245Z  3825 |               printf("c nbHardens %d (fixed %llu), shorten: %llu, prunedLB %4.2f, dev %4.2f, succRate %4.2f, nbSucc %llu, lk: %llu, shorten: %llu, quasiC: %llu (fixed: %llu)\n\n",
2026-10-08T17:44:26.3276063Z       |                                                                                                                     ~~~^
2026-10-08T17:44:26.3276622Z       |                                                                                                                        |
2026-10-08T17:44:26.3277196Z       |                                                                                                                        long long unsigned int
2026-10-08T17:44:26.3277903Z       |                                                                                                                     %lu
2026-10-08T17:44:26.3278888Z  3826 |                      nbHardens, fixedByHardens, nbSavedLits, meanLB, dev, succRate, nbLKsuccess-savednbLKsuccess, LOOKAHEAD-savedLOOKAHEAD, nbSavedLits, quasiSoftConflicts, fixedByQuasiConfl);
2026-10-08T17:44:26.3279991Z       |                                                                                     ~~~~~~~~~~~~~~~~~~~~~~~~~~~~        
2026-10-08T17:44:26.3280508Z       |                                                                                                |
2026-10-08T17:44:26.3281243Z       |                                                                                                uint64_t {aka long unsigned int}
2026-10-08T17:44:26.3282282Z src/solver/Solver.cc:3825:130: warning: format ‘%llu’ expects argument of type ‘long long unsigned int’, but argument 9 has type ‘uint64_t’ {aka ‘long unsigned int’} [-Wformat=]
2026-10-08T17:44:26.3283406Z  3825 |               printf("c nbHardens %d (fixed %llu), shorten: %llu, prunedLB %4.2f, dev %4.2f, succRate %4.2f, nbSucc %llu, lk: %llu, shorten: %llu, quasiC: %llu (fixed: %llu)\n\n",
2026-10-08T17:44:26.3284425Z       |                                                                                                                               ~~~^
2026-10-08T17:44:26.3285003Z       |                                                                                                                                  |
2026-10-08T17:44:26.3285639Z       |                                                                                                                                  long long unsigned int
2026-10-08T17:44:26.3286222Z       |                                                                                                                               %lu
2026-10-08T17:44:26.3287161Z  3826 |                      nbHardens, fixedByHardens, nbSavedLits, meanLB, dev, succRate, nbLKsuccess-savednbLKsuccess, LOOKAHEAD-savedLOOKAHEAD, nbSavedLits, quasiSoftConflicts, fixedByQuasiConfl);
2026-10-08T17:44:26.3288156Z       |                                                                                                                   ~~~~~~~~~~~~~~~~~~~~~~~~
2026-10-08T17:44:26.3288758Z       |                                                                                                                            |
2026-10-08T17:44:26.3289513Z       |                                                                                                                            uint64_t {aka long unsigned int}
2026-10-08T17:44:26.3290599Z src/solver/Solver.cc:3825:145: warning: format ‘%llu’ expects argument of type ‘long long unsigned int’, but argument 10 has type ‘uint64_t’ {aka ‘long unsigned int’} [-Wformat=]
2026-10-08T17:44:26.3291735Z  3825 |               printf("c nbHardens %d (fixed %llu), shorten: %llu, prunedLB %4.2f, dev %4.2f, succRate %4.2f, nbSucc %llu, lk: %llu, shorten: %llu, quasiC: %llu (fixed: %llu)\n\n",
2026-10-08T17:44:26.3292583Z       |                                                                                                                                              ~~~^
2026-10-08T17:44:26.3293202Z       |                                                                                                                                                 |
2026-10-08T17:44:26.3293839Z       |                                                                                                                                                 long long unsigned int
2026-10-08T17:44:26.3294480Z       |                                                                                                                                              %lu
2026-10-08T17:44:26.3295436Z  3826 |                      nbHardens, fixedByHardens, nbSavedLits, meanLB, dev, succRate, nbLKsuccess-savednbLKsuccess, LOOKAHEAD-savedLOOKAHEAD, nbSavedLits, quasiSoftConflicts, fixedByQuasiConfl);
2026-10-08T17:44:26.3296435Z       |                                                                                                                                             ~~~~~~~~~~~
2026-10-08T17:44:26.3297050Z       |                                                                                                                                             |
2026-10-08T17:44:26.3297701Z       |                                                                                                                                             uint64_t {aka long unsigned int}
2026-10-08T17:44:26.3299000Z src/solver/Solver.cc:3825:159: warning: format ‘%llu’ expects argument of type ‘long long unsigned int’, but argument 11 has type ‘uint64_t’ {aka ‘long unsigned int’} [-Wformat=]
2026-10-08T17:44:26.3300342Z  3825 |               printf("c nbHardens %d (fixed %llu), shorten: %llu, prunedLB %4.2f, dev %4.2f, succRate %4.2f, nbSucc %llu, lk: %llu, shorten: %llu, quasiC: %llu (fixed: %llu)\n\n",
2026-10-08T17:44:26.3301218Z       |                                                                                                                                                            ~~~^
2026-10-08T17:44:26.3302057Z       |                                                                                                                                                               |
2026-10-08T17:44:26.3302736Z       |                                                                                                                                                               long long unsigned int
2026-10-08T17:44:26.3303432Z       |                                                                                                                                                            %lu
2026-10-08T17:44:26.3304435Z  3826 |                      nbHardens, fixedByHardens, nbSavedLits, meanLB, dev, succRate, nbLKsuccess-savednbLKsuccess, LOOKAHEAD-savedLOOKAHEAD, nbSavedLits, quasiSoftConflicts, fixedByQuasiConfl);
2026-10-08T17:44:26.3305462Z       |                                                                                                                                                          ~~~~~~~~~~~~~~~~~~
2026-10-08T17:44:26.3306256Z       |                                                                                                                                                          |
2026-10-08T17:44:26.3306936Z       |                                                                                                                                                          uint64_t {aka long unsigned int}
2026-10-08T17:44:26.3308046Z src/solver/Solver.cc:3825:172: warning: format ‘%llu’ expects argument of type ‘long long unsigned int’, but argument 12 has type ‘uint64_t’ {aka ‘long unsigned int’} [-Wformat=]
2026-10-08T17:44:26.3309337Z  3825 |               printf("c nbHardens %d (fixed %llu), shorten: %llu, prunedLB %4.2f, dev %4.2f, succRate %4.2f, nbSucc %llu, lk: %llu, shorten: %llu, quasiC: %llu (fixed: %llu)\n\n",
2026-10-08T17:44:26.3310219Z       |                                                                                                                                                                         ~~~^
2026-10-08T17:44:26.3310887Z       |                                                                                                                                                                            |
2026-10-08T17:44:26.3311576Z       |                                                                                                                                                                            long long unsigned int
2026-10-08T17:44:26.3312269Z       |                                                                                                                                                                         %lu
2026-10-08T17:44:26.3313246Z  3826 |                      nbHardens, fixedByHardens, nbSavedLits, meanLB, dev, succRate, nbLKsuccess-savednbLKsuccess, LOOKAHEAD-savedLOOKAHEAD, nbSavedLits, quasiSoftConflicts, fixedByQuasiConfl);
2026-10-08T17:44:26.3314228Z       |                                                                                                                                                                              ~~~~~~~~~~~~~~~~~
2026-10-08T17:44:26.3314927Z       |                                                                                                                                                                              |
2026-10-08T17:44:26.3315827Z       |                                                                                                                                                                              uint64_t {aka long unsigned int}
2026-10-08T17:44:26.3316721Z src/solver/Solver.cc: In member function ‘Minisat::CRef Minisat::Solver::propagateForLK()’:
2026-10-08T17:44:26.3317694Z src/solver/Solver.cc:3984:27: warning: comparison of integer expressions of different signedness: ‘unsigned int’ and ‘int’ [-Wsign-compare]
2026-10-08T17:44:26.3318396Z  3984 |         if (c.lastPoint() > c.size())
2026-10-08T17:44:26.3318790Z       |             ~~~~~~~~~~~~~~^~~~~~~~~~
2026-10-08T17:44:26.3319859Z src/solver/Solver.cc:4003:27: warning: comparison of integer expressions of different signedness: ‘int’ and ‘unsigned int’ [-Wsign-compare]
2026-10-08T17:44:26.3320602Z  4003 |         for (int k = 2; k < c.lastPoint(); k++) {
2026-10-08T17:44:26.3321026Z       |                         ~~^~~~~~~~~~~~~~~
2026-10-08T17:44:26.3321442Z In file included from src/solver/mtl/Sort.h:24,
2026-10-08T17:44:26.3321861Z                  from src/solver/SimpSolver.cc:33:
2026-10-08T17:44:26.3322635Z src/solver/mtl/Vec.h: In instantiation of ‘void Minisat::vec<T>::capacity(int) [with T = Minisat::vec<unsigned int>]’:
2026-10-08T17:44:26.3323555Z src/solver/mtl/Vec.h:115:13:   required from ‘void Minisat::vec<T>::growTo(int) [with T = Minisat::vec<unsigned int>]’
2026-10-08T17:44:26.3324797Z src/solver/SolverTypes.h:339:50:   required from ‘void Minisat::OccLists<Idx, Vec, Deleted>::init(const Idx&) [with Idx = int; Vec = Minisat::vec<unsigned int>; Deleted = Minisat::SimpSolver::ClauseDeleted]’
2026-10-08T17:44:26.3325715Z src/solver/SimpSolver.cc:98:24:   required from here
2026-10-08T17:44:26.3326788Z src/solver/mtl/Vec.h:99:54: warning: ‘void* realloc(void*, size_t)’ moving an object of non-trivially copyable type ‘class Minisat::vec<unsigned int>’; use ‘new’ and ‘delete’ instead [-Wclass-memaccess]
2026-10-08T17:44:26.3327845Z    99 |     if (add > INT_MAX - cap || ((data = (T*)::realloc(data, (cap += add) * sizeof(T))) == NULL) && errno == ENOMEM)
2026-10-08T17:44:26.3328478Z       |                                             ~~~~~~~~~^~~~~~~~~~~~~~~~~~~~~~~~~~~~~~~~
2026-10-08T17:44:26.3329268Z src/solver/mtl/Vec.h:38:7: note: ‘class Minisat::vec<unsigned int>’ declared here
2026-10-08T17:44:26.3329767Z    38 | class vec {
2026-10-08T17:44:26.3330082Z       |       ^~~
2026-10-08T17:44:26.3330825Z src/solver/Solver.cc: In member function ‘void Minisat::Solver::analyzeQuasiSoftConflict(Minisat::vec<Minisat::Lit>&, int&, int&)’:
2026-10-08T17:44:26.3332127Z src/solver/Solver.cc:4502:26: warning: comparison of integer expressions of different signedness: ‘int’ and ‘uint64_t’ {aka ‘long unsigned int’} [-Wsign-compare]
2026-10-08T17:44:26.3332945Z  4502 |     if (falseLits.size() > UB) {
2026-10-08T17:44:26.3333341Z       |         ~~~~~~~~~~~~~~~~~^~~~
2026-10-08T17:44:26.3338862Z src/solver/Solver.cc: In member function ‘bool Minisat::Solver::lookahead()’:
2026-10-08T17:44:26.3339991Z src/solver/Solver.cc:4843:17: warning: comparison of integer expressions of different signedness: ‘uint64_t’ {aka ‘long unsigned int’} and ‘int’ [-Wsign-compare]
2026-10-08T17:44:26.3340804Z  4843 |   if (conflicts > prevConflicts) {
2026-10-08T17:44:26.3341237Z       |       ~~~~~~~~~~^~~~~~~~~~~~~~~
2026-10-08T17:44:26.3358773Z src/solver/Solver.cc: In member function ‘void Minisat::Solver::addHardClausesForSoftClauses()’:
2026-10-08T17:44:26.3360038Z src/solver/Solver.cc:5088:70: warning: format ‘%llu’ expects argument of type ‘long long unsigned int’, but argument 5 has type ‘uint64_t’ {aka ‘long unsigned int’} [-Wformat=]
2026-10-08T17:44:26.3360993Z  5088 |   printf("c nb soft clauses: %d, of which %d unit, %d nonUnit and %llu empty\n",
2026-10-08T17:44:26.3361553Z       |                                                                   ~~~^
2026-10-08T17:44:26.3362008Z       |                                                                      |
2026-10-08T17:44:26.3362485Z       |                                                                      long long unsigned int
2026-10-08T17:44:26.3363155Z       |                                                                   %lu
2026-10-08T17:44:26.3363663Z  5089 |          softClauses.size(), nbUnitSoft, nbNonUnitSoft, solutionCost);
2026-10-08T17:44:26.3364157Z       |                                                         ~~~~~~~~~~~~  
2026-10-08T17:44:26.3364586Z       |                                                         |
2026-10-08T17:44:26.3365045Z       |                                                         uint64_t {aka long unsigned int}
2026-10-08T17:44:26.3374047Z src/solver/Solver.cc: In member function ‘void Minisat::Solver::printBestSolution() const’:
2026-10-08T17:44:26.3375084Z src/solver/Solver.cc:5239:49: warning: format ‘%llu’ expects argument of type ‘long long unsigned int’, but argument 2 has type ‘long unsigned int’ [-Wformat=]
2026-10-08T17:44:26.3375928Z  5239 |     printf("c   unsat soft clauses (search): %llu\n", bestSup);
2026-10-08T17:44:26.3376432Z       |                                              ~~~^     ~~~~~~~
2026-10-08T17:44:26.3376873Z       |                                                 |     |
2026-10-08T17:44:26.3377315Z       |                                                 |     long unsigned int
2026-10-08T17:44:26.3377762Z       |                                                 long long unsigned int
2026-10-08T17:44:26.3378195Z       |                                              %lu
2026-10-08T17:44:26.3379288Z src/solver/Solver.cc:5240:53: warning: format ‘%llu’ expects argument of type ‘long long unsigned int’, but argument 2 has type ‘uint64_t’ {aka ‘long unsigned int’} [-Wformat=]
2026-10-08T17:44:26.3380171Z  5240 |     printf("c   satisfied soft clauses (maxsat): %llu\n", maxsat);
2026-10-08T17:44:26.3380658Z       |                                                  ~~~^     ~~~~~~
2026-10-08T17:44:26.3381085Z       |                                                     |     |
2026-10-08T17:44:26.3381538Z       |                                                     |     uint64_t {aka long unsigned int}
2026-10-08T17:44:26.3382028Z       |                                                     long long unsigned int
2026-10-08T17:44:26.3382476Z       |                                                  %lu
2026-10-08T17:44:26.3383406Z src/solver/Solver.cc:5241:39: warning: format ‘%llu’ expects argument of type ‘long long unsigned int’, but argument 2 has type ‘uint64_t’ {aka ‘long unsigned int’} [-Wformat=]
2026-10-08T17:44:26.3384253Z  5241 |     printf("c   total weight cost: %llu\n", optimal);
2026-10-08T17:44:26.3384714Z       |                                    ~~~^     ~~~~~~~
2026-10-08T17:44:26.3385122Z       |                                       |     |
2026-10-08T17:44:26.3385558Z       |                                       |     uint64_t {aka long unsigned int}
2026-10-08T17:44:26.3386027Z       |                                       long long unsigned int
2026-10-08T17:44:26.3386448Z       |                                    %lu
2026-10-08T17:44:26.3387194Z src/solver/Solver.cc: In member function ‘void Minisat::Solver::checkSolution()’:
2026-10-08T17:44:26.3388267Z src/solver/Solver.cc:5257:15: warning: comparison of integer expressions of different signedness: ‘int’ and ‘uint64_t’ {aka ‘long unsigned int’} [-Wsign-compare]
2026-10-08T17:44:26.3401570Z  5257 |   if (nbFalse != falseLits.size()+fixedCostBySearch + relaxedCost)
2026-10-08T17:44:26.3402119Z       |       ~~~~~~~~^~~~~~~~~~~~~~~~~~~~~~~~~~~~~~~~~~~~~~~~~~~~~~~~~~~
2026-10-08T17:44:26.3403130Z src/solver/Solver.cc:5258:92: warning: format ‘%llu’ expects argument of type ‘long long unsigned int’, but argument 3 has type ‘uint64_t’ {aka ‘long unsigned int’} [-Wformat=]
2026-10-08T17:44:26.3404112Z  5258 |     printf("c **** error nb of false soft clauses real nbfalse: %d, recorded falseLits: %llu****\n",
2026-10-08T17:44:26.3404738Z       |                                                                                         ~~~^
2026-10-08T17:44:26.3405220Z       |                                                                                            |
2026-10-08T17:44:26.3405923Z       |                                                                                            long long unsigned int
2026-10-08T17:44:26.3406424Z       |                                                                                         %lu
2026-10-08T17:44:26.3406908Z  5259 |            nbFalse, falseLits.size()+fixedCostBySearch+relaxedCost);
2026-10-08T17:44:26.3407402Z       |                     ~~~~~~~~~~~~~~~~~~~~~~~~~~~~~~~~~~~~~~~~~~~~~~                          
2026-10-08T17:44:26.3407973Z       |                                                       |
2026-10-08T17:44:26.3408429Z       |                                                       uint64_t {aka long unsigned int}
2026-10-08T17:44:26.3409382Z src/solver/Solver.cc: In member function ‘void Minisat::Solver::partition()’:
2026-10-08T17:44:26.3410648Z src/solver/Solver.cc:5379:31: warning: comparison of integer expressions of different signedness: ‘unsigned int’ and ‘int’ [-Wsign-compare]
2026-10-08T17:44:26.3411631Z  5379 |         if (conflicted[var(q)]==iset.size()) {
2026-10-08T17:44:26.3412719Z src/solver/Solver.cc:5389:32: warning: comparison of integer expressions of different signedness: ‘unsigned int’ and ‘int’ [-Wsign-compare]
2026-10-08T17:44:26.3413673Z  5389 |         if (conflicted[var(q)] < iset.size())
2026-10-08T17:44:26.3414727Z src/solver/Solver.cc:5448:50: warning: comparison of integer expressions of different signedness: ‘unsigned int’ and ‘int’ [-Wsign-compare]
2026-10-08T17:44:26.3415567Z  5448 |         if (q != lit_Undef && conflicted[var(q)] == iset.size()) {
2026-10-08T17:44:26.3416507Z src/solver/Solver.cc:5513:38: warning: format ‘%llu’ expects argument of type ‘long long unsigned int’, but argument 3 has type ‘uint64_t’ {aka ‘long unsigned int’} [-Wformat=]
2026-10-08T17:44:26.3417355Z  5513 |   printf("c isets %d, derivedCost %llu\n", nbIsets, derivedCost);
2026-10-08T17:44:26.3417830Z       |                                   ~~~^              ~~~~~~~~~~~
2026-10-08T17:44:26.3418248Z       |                                      |              |
2026-10-08T17:44:26.3418678Z       |                                      |              uint64_t {aka long unsigned int}
2026-10-08T17:44:26.3419237Z       |                                      long long unsigned int
2026-10-08T17:44:26.3419651Z       |                                   %lu
2026-10-08T17:44:26.3421588Z src/solver/Solver.cc: In member function ‘Minisat::CRef Minisat::Solver::simplepropagateForLK()’:
2026-10-08T17:44:26.3422574Z src/solver/Solver.cc:5660:27: warning: comparison of integer expressions of different signedness: ‘unsigned int’ and ‘int’ [-Wsign-compare]
2026-10-08T17:44:26.3423281Z  5660 |         if (c.lastPoint() > c.size())
2026-10-08T17:44:26.3423670Z       |             ~~~~~~~~~~~~~~^~~~~~~~~~
2026-10-08T17:44:26.3424428Z src/solver/Solver.cc:5674:27: warning: comparison of integer expressions of different signedness: ‘int’ and ‘unsigned int’ [-Wsign-compare]
2026-10-08T17:44:26.3425094Z  5674 |         for (int k = 2; k < c.lastPoint(); k++) {
2026-10-08T17:44:26.3425479Z       |                         ~~^~~~~~~~~~~~~~~
2026-10-08T17:44:26.3473813Z src/solver/Solver.cc: In member function ‘void Minisat::Solver::addCardinalityConstraints()’:
2026-10-08T17:44:26.3474955Z src/solver/Solver.cc:6204:64: warning: format ‘%llu’ expects argument of type ‘long long unsigned int’, but argument 2 has type ‘uint64_t’ {aka ‘long unsigned int’} [-Wformat=]
2026-10-08T17:44:26.3475846Z  6204 |       printf("\nc Cardinality: off (soft-conflict only), UB %llu\n", UB);
2026-10-08T17:44:26.3476437Z       |                                                             ~~~^     ~~
2026-10-08T17:44:26.3476889Z       |                                                                |     |
2026-10-08T17:44:26.3477723Z       |                                                                |     uint64_t {aka long unsigned int}
2026-10-08T17:44:26.3478251Z       |                                                                long long unsigned int
2026-10-08T17:44:26.3478886Z       |                                                             %lu
2026-10-08T17:44:26.3480052Z src/solver/Solver.cc:6234:82: warning: comparison of integer expressions of different signedness: ‘int’ and ‘uint64_t’ {aka ‘long unsigned int’} [-Wsign-compare]
2026-10-08T17:44:26.3481000Z  6234 |   if (activeSoftLits.size() < 2 || UB - 1 - nbFalse < 1 || activeSoftLits.size() <= UB - 1 - nbFalse
2026-10-08T17:44:26.3481623Z       |                                                            ~~~~~~~~~~~~~~~~~~~~~~^~~~~~~~~~~~~~~~~~~
2026-10-08T17:44:26.3482711Z src/solver/Solver.cc:6253:46: warning: format ‘%llu’ expects argument of type ‘long long unsigned int’, but argument 4 has type ‘uint64_t’ {aka ‘long unsigned int’} [-Wformat=]
2026-10-08T17:44:26.3483613Z  6253 |   printf("\nc Cardinality: %d (%s) for UB %llu\n", cardinalityC.size(), enc, UB);
2026-10-08T17:44:26.3484163Z       |                                           ~~~^                               ~~
2026-10-08T17:44:26.3484642Z       |                                              |                               |
2026-10-08T17:44:26.3485262Z       |                                              long long unsigned int          uint64_t {aka long unsigned int}
2026-10-08T17:44:26.3486014Z       |                                           %lu
2026-10-08T17:44:26.3505519Z src/solver/Solver.cc: In member function ‘Minisat::lbool Minisat::Solver::solve_()’:
2026-10-08T17:44:26.3506213Z src/solver/Solver.cc:6602:79: warning: format ‘%llu’ expects argument of type ‘long long unsigned int’, but argument 5 has type ‘uint64_t’ {aka ‘long unsigned int’} [-Wformat=]
2026-10-08T17:44:26.3506798Z  6602 |     printf("c fixedCost %d, nbSatLits %d, totalFixedVars %d, objForSearch: %llu\n\n",
2026-10-08T17:44:26.3507179Z       |                                                                            ~~~^
2026-10-08T17:44:26.3507499Z       |                                                                               |
2026-10-08T17:44:26.3507840Z       |                                                                               long long unsigned int
2026-10-08T17:44:26.3508167Z       |                                                                            %lu
2026-10-08T17:44:26.3508500Z  6603 |                 fixedCost, nbSatLits, trail.size(), objForSearch);
2026-10-08T17:44:26.3508822Z       |                                                     ~~~~~~~~~~~~               
2026-10-08T17:44:26.3509305Z       |                                                     |
2026-10-08T17:44:26.3509686Z       |                                                     uint64_t {aka long unsigned int}
2026-10-08T17:44:26.3510513Z src/solver/Solver.cc:6631:35: warning: format ‘%llu’ expects argument of type ‘long long unsigned int’, but argument 2 has type ‘uint64_t’ {aka ‘long unsigned int’} [-Wformat=]
2026-10-08T17:44:26.3511148Z  6631 |         printf("c provided UB: %llu\n", providedUB);
2026-10-08T17:44:26.3511437Z       |                                ~~~^     ~~~~~~~~~~
2026-10-08T17:44:26.3511683Z       |                                   |     |
2026-10-08T17:44:26.3511952Z       |                                   |     uint64_t {aka long unsigned int}
2026-10-08T17:44:26.3512245Z       |                                   long long unsigned int
2026-10-08T17:44:26.3512493Z       |                                %lu
2026-10-08T17:44:26.3512928Z src/solver/Solver.cc:6634:54: warning: format ‘%llu’ expects argument of type ‘long long unsigned int’, but argument 2 has type ‘uint64_t’ {aka ‘long unsigned int’} [-Wformat=]
2026-10-08T17:44:26.3513561Z  6634 |         printf("c provided UB is invalide: initUB %llu, solCost %llu, costbySearch %llu, derivedCost %llu, relaxedCost: %llu\n", initUB, solutionCost, fixedCostBySearch, derivedCost, relaxedCost);
2026-10-08T17:44:26.3514193Z       |                                                   ~~~^                                                                           ~~~~~~
2026-10-08T17:44:26.3514613Z       |                                                      |                                                                           |
2026-10-08T17:44:26.3514917Z       |                                                      long long unsigned int                                                      uint64_t {aka long unsigned int}
2026-10-08T17:44:26.3515181Z       |                                                   %lu
2026-10-08T17:44:26.3515622Z src/solver/Solver.cc:6634:68: warning: format ‘%llu’ expects argument of type ‘long long unsigned int’, but argument 3 has type ‘uint64_t’ {aka ‘long unsigned int’} [-Wformat=]
2026-10-08T17:44:26.3516325Z  6634 |         printf("c provided UB is invalide: initUB %llu, solCost %llu, costbySearch %llu, derivedCost %llu, relaxedCost: %llu\n", initUB, solutionCost, fixedCostBySearch, derivedCost, relaxedCost);
2026-10-08T17:44:26.3516798Z       |                                                                 ~~~^                                                                     ~~~~~~~~~~~~
2026-10-08T17:44:26.3517071Z       |                                                                    |                                                                     |
2026-10-08T17:44:26.3517381Z       |                                                                    long long unsigned int                                                uint64_t {aka long unsigned int}
2026-10-08T17:44:26.3517659Z       |                                                                 %lu
2026-10-08T17:44:26.3518113Z src/solver/Solver.cc:6634:87: warning: format ‘%llu’ expects argument of type ‘long long unsigned int’, but argument 4 has type ‘uint64_t’ {aka ‘long unsigned int’} [-Wformat=]
2026-10-08T17:44:26.3518726Z  6634 |         printf("c provided UB is invalide: initUB %llu, solCost %llu, costbySearch %llu, derivedCost %llu, relaxedCost: %llu\n", initUB, solutionCost, fixedCostBySearch, derivedCost, relaxedCost);
2026-10-08T17:44:26.3519571Z       |                                                                                    ~~~^                                                                ~~~~~~~~~~~~~~~~~
2026-10-08T17:44:26.3519859Z       |                                                                                       |                                                                |
2026-10-08T17:44:26.3520190Z       |                                                                                       long long unsigned int                                           uint64_t {aka long unsigned int}
2026-10-08T17:44:26.3520484Z       |                                                                                    %lu
2026-10-08T17:44:26.3520946Z src/solver/Solver.cc:6634:105: warning: format ‘%llu’ expects argument of type ‘long long unsigned int’, but argument 5 has type ‘uint64_t’ {aka ‘long unsigned int’} [-Wformat=]
2026-10-08T17:44:26.3521567Z  6634 |         printf("c provided UB is invalide: initUB %llu, solCost %llu, costbySearch %llu, derivedCost %llu, relaxedCost: %llu\n", initUB, solutionCost, fixedCostBySearch, derivedCost, relaxedCost);
2026-10-08T17:44:26.3522047Z       |                                                                                                      ~~~^                                                                 ~~~~~~~~~~~
2026-10-08T17:44:26.3522360Z       |                                                                                                         |                                                                 |
2026-10-08T17:44:26.3522713Z       |                                                                                                         long long unsigned int                                            uint64_t {aka long unsigned int}
2026-10-08T17:44:26.3523023Z       |                                                                                                      %lu
2026-10-08T17:44:26.3523583Z src/solver/Solver.cc:6634:124: warning: format ‘%llu’ expects argument of type ‘long long unsigned int’, but argument 6 has type ‘uint64_t’ {aka ‘long unsigned int’} [-Wformat=]
2026-10-08T17:44:26.3524196Z  6634 |         printf("c provided UB is invalide: initUB %llu, solCost %llu, costbySearch %llu, derivedCost %llu, relaxedCost: %llu\n", initUB, solutionCost, fixedCostBySearch, derivedCost, relaxedCost);
2026-10-08T17:44:26.3524684Z       |                                                                                                                         ~~~^                                                           ~~~~~~~~~~~
2026-10-08T17:44:26.3525085Z       |                                                                                                                            |                                                           |
2026-10-08T17:44:26.3525452Z       |                                                                                                                            long long unsigned int                                      uint64_t {aka long unsigned int}
2026-10-08T17:44:26.3525788Z       |                                                                                                                         %lu
2026-10-08T17:44:26.3526509Z src/solver/Solver.cc:6656:58: warning: format ‘%llu’ expects argument of type ‘long long unsigned int’, but argument 2 has type ‘uint64_t’ {aka ‘long unsigned int’} [-Wformat=]
2026-10-08T17:44:26.3527088Z  6656 |       printf("c ends of initiationization by VSIDS at %llu conflicts with init %d\n\n",
2026-10-08T17:44:26.3527452Z       |                                                       ~~~^
2026-10-08T17:44:26.3527769Z       |                                                          |
2026-10-08T17:44:26.3528103Z       |                                                          long long unsigned int
2026-10-08T17:44:26.3528433Z       |                                                       %lu
2026-10-08T17:44:26.3528731Z  6657 |              conflicts, init);
2026-10-08T17:44:26.3529122Z       |              ~~~~~~~~~                                    
2026-10-08T17:44:26.3529412Z       |              |
2026-10-08T17:44:26.3529624Z       |              uint64_t {aka long unsigned int}
2026-10-08T17:44:26.3530280Z src/solver/Solver.cc:6686:50: warning: format ‘%llu’ expects argument of type ‘long long unsigned int’, but argument 3 has type ‘uint64_t’ {aka ‘long unsigned int’} [-Wformat=]
2026-10-08T17:44:26.3530837Z  6686 |           printf("c VSIDS phase %d: conflicts %llu, phase %llu, starts %llu, UP %llu\n",
2026-10-08T17:44:26.3531185Z       |                                               ~~~^
2026-10-08T17:44:26.3531506Z       |                                                  |
2026-10-08T17:44:26.3531838Z       |                                                  long long unsigned int
2026-10-08T17:44:26.3532160Z       |                                               %lu
2026-10-08T17:44:26.3532523Z  6687 |                  nbVSIDSphase, conflicts-savedConfl, phase_allotment,
2026-10-08T17:44:26.3532866Z       |                                ~~~~~~~~~~~~~~~~~~~~
2026-10-08T17:44:26.3533161Z       |                                         |
2026-10-08T17:44:26.3533483Z       |                                         uint64_t {aka long unsigned int}
2026-10-08T17:44:26.3534161Z src/solver/Solver.cc:6686:62: warning: format ‘%llu’ expects argument of type ‘long long unsigned int’, but argument 4 has type ‘uint64_t’ {aka ‘long unsigned int’} [-Wformat=]
2026-10-08T17:44:26.3534739Z  6686 |           printf("c VSIDS phase %d: conflicts %llu, phase %llu, starts %llu, UP %llu\n",
2026-10-08T17:44:26.3535094Z       |                                                           ~~~^
2026-10-08T17:44:26.3535412Z       |                                                              |
2026-10-08T17:44:26.3535760Z       |                                                              long long unsigned int
2026-10-08T17:44:26.3536096Z       |                                                           %lu
2026-10-08T17:44:26.3536582Z  6687 |                  nbVSIDSphase, conflicts-savedConfl, phase_allotment,
2026-10-08T17:44:26.3536873Z       |                                                      ~~~~~~~~~~~~~~~
2026-10-08T17:44:26.3537188Z       |                                                      |
2026-10-08T17:44:26.3537528Z       |                                                      uint64_t {aka long unsigned int}
2026-10-08T17:44:26.3538213Z src/solver/Solver.cc:6686:75: warning: format ‘%llu’ expects argument of type ‘long long unsigned int’, but argument 5 has type ‘uint64_t’ {aka ‘long unsigned int’} [-Wformat=]
2026-10-08T17:44:26.3538844Z  6686 |           printf("c VSIDS phase %d: conflicts %llu, phase %llu, starts %llu, UP %llu\n",
2026-10-08T17:44:26.3539392Z       |                                                                        ~~~^
2026-10-08T17:44:26.3539807Z       |                                                                           |
2026-10-08T17:44:26.3540141Z       |                                                                           long long unsigned int
2026-10-08T17:44:26.3540485Z       |                                                                        %lu
2026-10-08T17:44:26.3541038Z  6687 |                  nbVSIDSphase, conflicts-savedConfl, phase_allotment,
2026-10-08T17:44:26.3541474Z  6688 |                  starts-savedRestarts, propagations-savedUP);
2026-10-08T17:44:26.3541866Z       |                  ~~~~~~~~~~~~~~~~~~~~                                      
2026-10-08T17:44:26.3542310Z       |                        |
2026-10-08T17:44:26.3542617Z       |                        uint64_t {aka long unsigned int}
2026-10-08T17:44:26.3543420Z src/solver/Solver.cc:6686:84: warning: format ‘%llu’ expects argument of type ‘long long unsigned int’, but argument 6 has type ‘uint64_t’ {aka ‘long unsigned int’} [-Wformat=]
2026-10-08T17:44:26.3544269Z  6686 |           printf("c VSIDS phase %d: conflicts %llu, phase %llu, starts %llu, UP %llu\n",
2026-10-08T17:44:26.3555741Z       |                                                                                 ~~~^
2026-10-08T17:44:26.3556136Z       |                                                                                    |
2026-10-08T17:44:26.3556475Z       |                                                                                    long long unsigned int
2026-10-08T17:44:26.3556813Z       |                                                                                 %lu
2026-10-08T17:44:26.3557098Z  6687 |                  nbVSIDSphase, conflicts-savedConfl, phase_allotment,
2026-10-08T17:44:26.3557333Z  6688 |                  starts-savedRestarts, propagations-savedUP);
2026-10-08T17:44:26.3557547Z       |                                        ~~~~~~~~~~~~~~~~~~~~                         
2026-10-08T17:44:26.3557741Z       |                                                    |
2026-10-08T17:44:26.3558075Z       |                                                    uint64_t {aka long unsigned int}
2026-10-08T17:44:26.3558607Z src/solver/Solver.cc:6692:48: warning: format ‘%llu’ expects argument of type ‘long long unsigned int’, but argument 3 has type ‘uint64_t’ {aka ‘long unsigned int’} [-Wformat=]
2026-10-08T17:44:26.3559206Z  6692 |           printf("c LRB phase %d: conflicts %llu, phase %llu, starts %llu, UP %llu\n",
2026-10-08T17:44:26.3559567Z       |                                             ~~~^
2026-10-08T17:44:26.3559814Z       |                                                |
2026-10-08T17:44:26.3560060Z       |                                                long long unsigned int
2026-10-08T17:44:26.3560246Z       |                                             %lu
2026-10-08T17:44:26.3560446Z  6693 |                  nbLRBphase, conflicts-savedConfl, phase_allotment,
2026-10-08T17:44:26.3560649Z       |                              ~~~~~~~~~~~~~~~~~~~~
2026-10-08T17:44:26.3560811Z       |                                       |
2026-10-08T17:44:26.3561141Z       |                                       uint64_t {aka long unsigned int}
2026-10-08T17:44:26.3561606Z src/solver/Solver.cc:6692:60: warning: format ‘%llu’ expects argument of type ‘long long unsigned int’, but argument 4 has type ‘uint64_t’ {aka ‘long unsigned int’} [-Wformat=]
2026-10-08T17:44:26.3562042Z  6692 |           printf("c LRB phase %d: conflicts %llu, phase %llu, starts %llu, UP %llu\n",
2026-10-08T17:44:26.3562277Z       |                                                         ~~~^
2026-10-08T17:44:26.3562535Z       |                                                            |
2026-10-08T17:44:26.3562724Z       |                                                            long long unsigned int
2026-10-08T17:44:26.3562916Z       |                                                         %lu
2026-10-08T17:44:26.3563119Z  6693 |                  nbLRBphase, conflicts-savedConfl, phase_allotment,
2026-10-08T17:44:26.3563324Z       |                                                    ~~~~~~~~~~~~~~~
2026-10-08T17:44:26.3563507Z       |                                                    |
2026-10-08T17:44:26.3563694Z       |                                                    uint64_t {aka long unsigned int}
2026-10-08T17:44:26.3564156Z src/solver/Solver.cc:6692:73: warning: format ‘%llu’ expects argument of type ‘long long unsigned int’, but argument 5 has type ‘uint64_t’ {aka ‘long unsigned int’} [-Wformat=]
2026-10-08T17:44:26.3564590Z  6692 |           printf("c LRB phase %d: conflicts %llu, phase %llu, starts %llu, UP %llu\n",
2026-10-08T17:44:26.3564836Z       |                                                                      ~~~^
2026-10-08T17:44:26.3565027Z       |                                                                         |
2026-10-08T17:44:26.3565231Z       |                                                                         long long unsigned int
2026-10-08T17:44:26.3565439Z       |                                                                      %lu
2026-10-08T17:44:26.3565650Z  6693 |                  nbLRBphase, conflicts-savedConfl, phase_allotment,
2026-10-08T17:44:26.3565877Z  6694 |                  starts-savedRestarts, propagations-savedUP);
2026-10-08T17:44:26.3566090Z       |                  ~~~~~~~~~~~~~~~~~~~~                                    
2026-10-08T17:44:26.3566263Z       |                        |
2026-10-08T17:44:26.3566421Z       |                        uint64_t {aka long unsigned int}
2026-10-08T17:44:26.3566869Z src/solver/Solver.cc:6692:82: warning: format ‘%llu’ expects argument of type ‘long long unsigned int’, but argument 6 has type ‘uint64_t’ {aka ‘long unsigned int’} [-Wformat=]
2026-10-08T17:44:26.3567304Z  6692 |           printf("c LRB phase %d: conflicts %llu, phase %llu, starts %llu, UP %llu\n",
2026-10-08T17:44:26.3567552Z       |                                                                               ~~~^
2026-10-08T17:44:26.3567752Z       |                                                                                  |
2026-10-08T17:44:26.3567973Z       |                                                                                  long long unsigned int
2026-10-08T17:44:26.3568186Z       |                                                                               %lu
2026-10-08T17:44:26.3568404Z  6693 |                  nbLRBphase, conflicts-savedConfl, phase_allotment,
2026-10-08T17:44:26.3568625Z  6694 |                  starts-savedRestarts, propagations-savedUP);
2026-10-08T17:44:26.3568829Z       |                                        ~~~~~~~~~~~~~~~~~~~~                       
2026-10-08T17:44:26.3569138Z       |                                                    |
2026-10-08T17:44:26.3569348Z       |                                                    uint64_t {aka long unsigned int}
2026-10-08T17:44:26.3569805Z src/solver/Solver.cc:6739:25: warning: format ‘%llu’ expects argument of type ‘long long unsigned int’, but argument 2 has type ‘uint64_t’ {aka ‘long unsigned int’} [-Wformat=]
2026-10-08T17:44:26.3570383Z  6739 |         printf("c UB=%llu fails, cnfls=%llu, hcnfls=%llu, core %d, tier2 %d, local %d, quasiC: %llu (fixed: %llu)\n",
2026-10-08T17:44:26.3570657Z       |                      ~~~^
2026-10-08T17:44:26.3570792Z       |                         |
2026-10-08T17:44:26.3570939Z       |                         long long unsigned int
2026-10-08T17:44:26.3571094Z       |                      %lu
2026-10-08T17:44:26.3571436Z  6740 |                UB, conflicts, conflicts-softConflicts, learnts_core.size(), learnts_tier2.size(), learnts_local.size(), quasiSoftConflicts, fixedByQuasiConfl);
2026-10-08T17:44:26.3571895Z       |                ~~        
2026-10-08T17:44:26.3572026Z       |                |
2026-10-08T17:44:26.3572162Z       |                uint64_t {aka long unsigned int}
2026-10-08T17:44:26.3572604Z src/solver/Solver.cc:6739:43: warning: format ‘%llu’ expects argument of type ‘long long unsigned int’, but argument 3 has type ‘uint64_t’ {aka ‘long unsigned int’} [-Wformat=]
2026-10-08T17:44:26.3573090Z  6739 |         printf("c UB=%llu fails, cnfls=%llu, hcnfls=%llu, core %d, tier2 %d, local %d, quasiC: %llu (fixed: %llu)\n",
2026-10-08T17:44:26.3573361Z       |                                        ~~~^
2026-10-08T17:44:26.3573517Z       |                                           |
2026-10-08T17:44:26.3573687Z       |                                           long long unsigned int
2026-10-08T17:44:26.3573858Z       |                                        %lu
2026-10-08T17:44:26.3574211Z  6740 |                UB, conflicts, conflicts-softConflicts, learnts_core.size(), learnts_tier2.size(), learnts_local.size(), quasiSoftConflicts, fixedByQuasiConfl);
2026-10-08T17:44:26.3574555Z       |                    ~~~~~~~~~               
2026-10-08T17:44:26.3574702Z       |                    |
2026-10-08T17:44:26.3574851Z       |                    uint64_t {aka long unsigned int}
2026-10-08T17:44:26.3575296Z src/solver/Solver.cc:6739:56: warning: format ‘%llu’ expects argument of type ‘long long unsigned int’, but argument 4 has type ‘uint64_t’ {aka ‘long unsigned int’} [-Wformat=]
2026-10-08T17:44:26.3575773Z  6739 |         printf("c UB=%llu fails, cnfls=%llu, hcnfls=%llu, core %d, tier2 %d, local %d, quasiC: %llu (fixed: %llu)\n",
2026-10-08T17:44:26.3576048Z       |                                                     ~~~^
2026-10-08T17:44:26.3576219Z       |                                                        |
2026-10-08T17:44:26.3576402Z       |                                                        long long unsigned int
2026-10-08T17:44:26.3576591Z       |                                                     %lu
2026-10-08T17:44:26.3576947Z  6740 |                UB, conflicts, conflicts-softConflicts, learnts_core.size(), learnts_tier2.size(), learnts_local.size(), quasiSoftConflicts, fixedByQuasiConfl);
2026-10-08T17:44:26.3577298Z       |                               ~~~~~~~~~~~~~~~~~~~~~~~   
2026-10-08T17:44:26.3577457Z       |                                        |
2026-10-08T17:44:26.3577634Z       |                                        uint64_t {aka long unsigned int}
2026-10-08T17:44:26.3578085Z src/solver/Solver.cc:6739:99: warning: format ‘%llu’ expects argument of type ‘long long unsigned int’, but argument 8 has type ‘uint64_t’ {aka ‘long unsigned int’} [-Wformat=]
2026-10-08T17:44:26.3578561Z  6739 |         printf("c UB=%llu fails, cnfls=%llu, hcnfls=%llu, core %d, tier2 %d, local %d, quasiC: %llu (fixed: %llu)\n",
2026-10-08T17:44:26.3578858Z       |                                                                                                ~~~^
2026-10-08T17:44:26.3579228Z       |                                                                                                   |
2026-10-08T17:44:26.3579464Z       |                                                                                                   long long unsigned int
2026-10-08T17:44:26.3579696Z       |                                                                                                %lu
2026-10-08T17:44:26.3580171Z  6740 |                UB, conflicts, conflicts-softConflicts, learnts_core.size(), learnts_tier2.size(), learnts_local.size(), quasiSoftConflicts, fixedByQuasiConfl);
2026-10-08T17:44:26.3580570Z       |                                                                                                                         ~~~~~~~~~~~~~~~~~~
2026-10-08T17:44:26.3580824Z       |                                                                                                                         |
2026-10-08T17:44:26.3581169Z       |                                                                                                                         uint64_t {aka long unsigned int}
2026-10-08T17:44:26.3581669Z src/solver/Solver.cc:6739:112: warning: format ‘%llu’ expects argument of type ‘long long unsigned int’, but argument 9 has type ‘uint64_t’ {aka ‘long unsigned int’} [-Wformat=]
2026-10-08T17:44:26.3582150Z  6739 |         printf("c UB=%llu fails, cnfls=%llu, hcnfls=%llu, core %d, tier2 %d, local %d, quasiC: %llu (fixed: %llu)\n",
2026-10-08T17:44:26.3582461Z       |                                                                                                             ~~~^
2026-10-08T17:44:26.3582694Z       |                                                                                                                |
2026-10-08T17:44:26.3582942Z       |                                                                                                                long long unsigned int
2026-10-08T17:44:26.3583197Z       |                                                                                                             %lu
2026-10-08T17:44:26.3583582Z  6740 |                UB, conflicts, conflicts-softConflicts, learnts_core.size(), learnts_tier2.size(), learnts_local.size(), quasiSoftConflicts, fixedByQuasiConfl);
2026-10-08T17:44:26.3583993Z       |                                                                                                                                             ~~~~~~~~~~~~~~~~~
2026-10-08T17:44:26.3584269Z       |                                                                                                                                             |
2026-10-08T17:44:26.3584557Z       |                                                                                                                                             uint64_t {aka long unsigned int}
2026-10-08T17:44:26.3585069Z src/solver/Solver.cc:6741:72: warning: format ‘%llu’ expects argument of type ‘long long unsigned int’, but argument 5 has type ‘uint64_t’ {aka ‘long unsigned int’} [-Wformat=]
2026-10-08T17:44:26.3585618Z  6741 |         printf("c prunedLB %4.2f, dev %4.2f, succRate %4.2f, nbSucc %llu, nbHardens %d (fixed %llu), lk: %llu, shorten: %llu, pureSo %d, nbFlyRd %d, nbFixedLH %llu\n",
2026-10-08T17:44:26.3585971Z       |                                                                     ~~~^
2026-10-08T17:44:26.3586161Z       |                                                                        |
2026-10-08T17:44:26.3586439Z       |                                                                        long long unsigned int
2026-10-08T17:44:26.3586681Z       |                                                                     %lu
2026-10-08T17:44:26.3586857Z  6742 |                meanLB, dev, succRate,
2026-10-08T17:44:26.3587222Z  6743 |                nbLKsuccess-savednbLKsuccess, nbHardens, fixedByHardens, LOOKAHEAD-savedLOOKAHEAD, nbSavedLits, pureSoftConfl, nbFlyReduced, nbFixedByLH);
2026-10-08T17:44:26.3587598Z       |                ~~~~~~~~~~~~~~~~~~~~~~~~~~~~                             
2026-10-08T17:44:26.3587770Z       |                           |
2026-10-08T17:44:26.3587929Z       |                           uint64_t {aka long unsigned int}
2026-10-08T17:44:26.3588372Z src/solver/Solver.cc:6741:98: warning: format ‘%llu’ expects argument of type ‘long long unsigned int’, but argument 7 has type ‘uint64_t’ {aka ‘long unsigned int’} [-Wformat=]
2026-10-08T17:44:26.3588984Z  6741 |         printf("c prunedLB %4.2f, dev %4.2f, succRate %4.2f, nbSucc %llu, nbHardens %d (fixed %llu), lk: %llu, shorten: %llu, pureSo %d, nbFlyRd %d, nbFixedLH %llu\n",
2026-10-08T17:44:26.3589573Z       |                                                                                               ~~~^
2026-10-08T17:44:26.3589793Z       |                                                                                                  |
2026-10-08T17:44:26.3590117Z       |                                                                                                  long long unsigned int
2026-10-08T17:44:26.3590351Z       |                                                                                               %lu
2026-10-08T17:44:26.3590540Z  6742 |                meanLB, dev, succRate,
2026-10-08T17:44:26.3590897Z  6743 |                nbLKsuccess-savednbLKsuccess, nbHardens, fixedByHardens, LOOKAHEAD-savedLOOKAHEAD, nbSavedLits, pureSoftConfl, nbFlyReduced, nbFixedByLH);
2026-10-08T17:44:26.3591286Z       |                                                         ~~~~~~~~~~~~~~                            
2026-10-08T17:44:26.3591483Z       |                                                         |
2026-10-08T17:44:26.3591678Z       |                                                         uint64_t {aka long unsigned int}
2026-10-08T17:44:26.3592145Z src/solver/Solver.cc:6741:109: warning: format ‘%llu’ expects argument of type ‘long long unsigned int’, but argument 8 has type ‘uint64_t’ {aka ‘long unsigned int’} [-Wformat=]
2026-10-08T17:44:26.3592699Z  6741 |         printf("c prunedLB %4.2f, dev %4.2f, succRate %4.2f, nbSucc %llu, nbHardens %d (fixed %llu), lk: %llu, shorten: %llu, pureSo %d, nbFlyRd %d, nbFixedLH %llu\n",
2026-10-08T17:44:26.3593070Z       |                                                                                                          ~~~^
2026-10-08T17:44:26.3593298Z       |                                                                                                             |
2026-10-08T17:44:26.3593545Z       |                                                                                                             long long unsigned int
2026-10-08T17:44:26.3593789Z       |                                                                                                          %lu
2026-10-08T17:44:26.3593985Z  6742 |                meanLB, dev, succRate,
2026-10-08T17:44:26.3594341Z  6743 |                nbLKsuccess-savednbLKsuccess, nbHardens, fixedByHardens, LOOKAHEAD-savedLOOKAHEAD, nbSavedLits, pureSoftConfl, nbFlyReduced, nbFixedByLH);
2026-10-08T17:44:26.3594730Z       |                                                                         ~~~~~~~~~~~~~~~~~~~~~~~~             
2026-10-08T17:44:26.3594943Z       |                                                                                  |
2026-10-08T17:44:26.3595165Z       |                                                                                  uint64_t {aka long unsigned int}
2026-10-08T17:44:26.3595646Z src/solver/Solver.cc:6741:124: warning: format ‘%llu’ expects argument of type ‘long long unsigned int’, but argument 9 has type ‘uint64_t’ {aka ‘long unsigned int’} [-Wformat=]
2026-10-08T17:44:26.3596193Z  6741 |         printf("c prunedLB %4.2f, dev %4.2f, succRate %4.2f, nbSucc %llu, nbHardens %d (fixed %llu), lk: %llu, shorten: %llu, pureSo %d, nbFlyRd %d, nbFixedLH %llu\n",
2026-10-08T17:44:26.3596573Z       |                                                                                                                         ~~~^
2026-10-08T17:44:26.3596823Z       |                                                                                                                            |
2026-10-08T17:44:26.3597087Z       |                                                                                                                            long long unsigned int
2026-10-08T17:44:26.3597441Z       |                                                                                                                         %lu
2026-10-08T17:44:26.3597651Z  6742 |                meanLB, dev, succRate,
2026-10-08T17:44:26.3598007Z  6743 |                nbLKsuccess-savednbLKsuccess, nbHardens, fixedByHardens, LOOKAHEAD-savedLOOKAHEAD, nbSavedLits, pureSoftConfl, nbFlyReduced, nbFixedByLH);
2026-10-08T17:44:26.3598404Z       |                                                                                                   ~~~~~~~~~~~               
2026-10-08T17:44:26.3598693Z       |                                                                                                   |
2026-10-08T17:44:26.3598932Z       |                                                                                                   uint64_t {aka long unsigned int}
2026-10-08T17:44:26.3599594Z src/solver/Solver.cc:6741:163: warning: format ‘%llu’ expects argument of type ‘long long unsigned int’, but argument 12 has type ‘uint64_t’ {aka ‘long unsigned int’} [-Wformat=]
2026-10-08T17:44:26.3600149Z  6741 |         printf("c prunedLB %4.2f, dev %4.2f, succRate %4.2f, nbSucc %llu, nbHardens %d (fixed %llu), lk: %llu, shorten: %llu, pureSo %d, nbFlyRd %d, nbFixedLH %llu\n",
2026-10-08T17:44:26.3600550Z       |                                                                                                                                                                ~~~^
2026-10-08T17:44:26.3600841Z       |                                                                                                                                                                   |
2026-10-08T17:44:26.3601154Z       |                                                                                                                                                                   long long unsigned int
2026-10-08T17:44:26.3601460Z       |                                                                                                                                                                %lu
2026-10-08T17:44:26.3601689Z  6742 |                meanLB, dev, succRate,
2026-10-08T17:44:26.3602260Z  6743 |                nbLKsuccess-savednbLKsuccess, nbHardens, fixedByHardens, LOOKAHEAD-savedLOOKAHEAD, nbSavedLits, pureSoftConfl, nbFlyReduced, nbFixedByLH);
2026-10-08T17:44:26.3602813Z       |                                                                                                                                             ~~~~~~~~~~~            
2026-10-08T17:44:26.3603093Z       |                                                                                                                                             |
2026-10-08T17:44:26.3603384Z       |                                                                                                                                             uint64_t {aka long unsigned int}
2026-10-08T17:44:26.3603896Z src/solver/Solver.cc:6769:25: warning: format ‘%llu’ expects argument of type ‘long long unsigned int’, but argument 2 has type ‘uint64_t’ {aka ‘long unsigned int’} [-Wformat=]
2026-10-08T17:44:26.3604530Z  6769 |         printf("c UB=%llu succ, confls=%llu and hconfls=%llu with %d soft clauses unsat (%d at level 0) and %d fixed vars at level 0,  prunedLB %4.2f, dev %4.2f, succRate %4.2f, nbSucc %llu, shortened : %llu\n",
2026-10-08T17:44:26.3604935Z       |                      ~~~^
2026-10-08T17:44:26.3605068Z       |                         |
2026-10-08T17:44:26.3605213Z       |                         long long unsigned int
2026-10-08T17:44:26.3605373Z       |                      %lu
2026-10-08T17:44:26.3605594Z  6770 |                UB, conflicts, conflicts-softConflicts, falseLits.size(), nbFalses, nbFixeds,
2026-10-08T17:44:26.3605822Z       |                ~~        
2026-10-08T17:44:26.3605949Z       |                |
2026-10-08T17:44:26.3606090Z       |                uint64_t {aka long unsigned int}
2026-10-08T17:44:26.3606629Z src/solver/Solver.cc:6769:43: warning: format ‘%llu’ expects argument of type ‘long long unsigned int’, but argument 3 has type ‘uint64_t’ {aka ‘long unsigned int’} [-Wformat=]
2026-10-08T17:44:26.3607250Z  6769 |         printf("c UB=%llu succ, confls=%llu and hconfls=%llu with %d soft clauses unsat (%d at level 0) and %d fixed vars at level 0,  prunedLB %4.2f, dev %4.2f, succRate %4.2f, nbSucc %llu, shortened : %llu\n",
2026-10-08T17:44:26.3607656Z       |                                        ~~~^
2026-10-08T17:44:26.3607810Z       |                                           |
2026-10-08T17:44:26.3608061Z       |                                           long long unsigned int
2026-10-08T17:44:26.3608233Z       |                                        %lu
2026-10-08T17:44:26.3608470Z  6770 |                UB, conflicts, conflicts-softConflicts, falseLits.size(), nbFalses, nbFixeds,
2026-10-08T17:44:26.3608706Z       |                    ~~~~~~~~~               
2026-10-08T17:44:26.3608852Z       |                    |
2026-10-08T17:44:26.3608995Z       |                    uint64_t {aka long unsigned int}
2026-10-08T17:44:26.3609641Z src/solver/Solver.cc:6769:60: warning: format ‘%llu’ expects argument of type ‘long long unsigned int’, but argument 4 has type ‘uint64_t’ {aka ‘long unsigned int’} [-Wformat=]
2026-10-08T17:44:26.3610262Z  6769 |         printf("c UB=%llu succ, confls=%llu and hconfls=%llu with %d soft clauses unsat (%d at level 0) and %d fixed vars at level 0,  prunedLB %4.2f, dev %4.2f, succRate %4.2f, nbSucc %llu, shortened : %llu\n",
2026-10-08T17:44:26.3610704Z       |                                                         ~~~^
2026-10-08T17:44:26.3610883Z       |                                                            |
2026-10-08T17:44:26.3611073Z       |                                                            long long unsigned int
2026-10-08T17:44:26.3611266Z       |                                                         %lu
2026-10-08T17:44:26.3611510Z  6770 |                UB, conflicts, conflicts-softConflicts, falseLits.size(), nbFalses, nbFixeds,
2026-10-08T17:44:26.3611757Z       |                               ~~~~~~~~~~~~~~~~~~~~~~~       
2026-10-08T17:44:26.3611917Z       |                                        |
2026-10-08T17:44:26.3612087Z       |                                        uint64_t {aka long unsigned int}
2026-10-08T17:44:26.3612544Z src/solver/Solver.cc:6769:189: warning: format ‘%llu’ expects argument of type ‘long long unsigned int’, but argument 11 has type ‘uint64_t’ {aka ‘long unsigned int’} [-Wformat=]
2026-10-08T17:44:26.3613167Z  6769 |         printf("c UB=%llu succ, confls=%llu and hconfls=%llu with %d soft clauses unsat (%d at level 0) and %d fixed vars at level 0,  prunedLB %4.2f, dev %4.2f, succRate %4.2f, nbSucc %llu, shortened : %llu\n",
2026-10-08T17:44:26.3613660Z       |                                                                                                                                                                                          ~~~^
2026-10-08T17:44:26.3613986Z       |                                                                                                                                                                                             |
2026-10-08T17:44:26.3614324Z       |                                                                                                                                                                                             long long unsigned int
2026-10-08T17:44:26.3614664Z       |                                                                                                                                                                                          %lu
2026-10-08T17:44:26.3614984Z  6770 |                UB, conflicts, conflicts-softConflicts, falseLits.size(), nbFalses, nbFixeds,
2026-10-08T17:44:26.3615249Z  6771 |                meanLB, dev, succRate, nbLKsuccess, nbSavedLits);
2026-10-08T17:44:26.3615516Z       |                                       ~~~~~~~~~~~                                                                                                                                            
2026-10-08T17:44:26.3615852Z       |                                       |
2026-10-08T17:44:26.3616028Z       |                                       uint64_t {aka long unsigned int}
2026-10-08T17:44:26.3616484Z src/solver/Solver.cc:6769:207: warning: format ‘%llu’ expects argument of type ‘long long unsigned int’, but argument 12 has type ‘uint64_t’ {aka ‘long unsigned int’} [-Wformat=]
2026-10-08T17:44:26.3617104Z  6769 |         printf("c UB=%llu succ, confls=%llu and hconfls=%llu with %d soft clauses unsat (%d at level 0) and %d fixed vars at level 0,  prunedLB %4.2f, dev %4.2f, succRate %4.2f, nbSucc %llu, shortened : %llu\n",
2026-10-08T17:44:26.3617684Z       |                                                                                                                                                                                                            ~~~^
2026-10-08T17:44:26.3618037Z       |                                                                                                                                                                                                               |
2026-10-08T17:44:26.3618397Z       |                                                                                                                                                                                                               long long unsigned int
2026-10-08T17:44:26.3618779Z       |                                                                                                                                                                                                            %lu
2026-10-08T17:44:26.3619259Z  6770 |                UB, conflicts, conflicts-softConflicts, falseLits.size(), nbFalses, nbFixeds,
2026-10-08T17:44:26.3619523Z  6771 |                meanLB, dev, succRate, nbLKsuccess, nbSavedLits);
2026-10-08T17:44:26.3619804Z       |                                                    ~~~~~~~~~~~                                                                                                                                                 
2026-10-08T17:44:26.3620064Z       |                                                    |
2026-10-08T17:44:26.3620252Z       |                                                    uint64_t {aka long unsigned int}
2026-10-08T17:44:26.3620712Z src/solver/Solver.cc:6798:17: warning: comparison of integer expressions of different signedness: ‘uint64_t’ {aka ‘long unsigned int’} and ‘int’ [-Wsign-compare]
2026-10-08T17:44:26.3621077Z  6798 |         if (inf > falseLits.size())
2026-10-08T17:44:26.3621230Z       |             ~~~~^~~~~~~~~~~~~~~~~~
2026-10-08T17:44:26.3621655Z src/solver/Solver.cc:6806:34: warning: format ‘%llu’ expects argument of type ‘long long unsigned int’, but argument 2 has type ‘uint64_t’ {aka ‘long unsigned int’} [-Wformat=]
2026-10-08T17:44:26.3622075Z  6806 |       else printf("c error UB %llu, inf %llu, sup %llu\n", UB, inf, sup);
2026-10-08T17:44:26.3622384Z       |                               ~~~^                         ~~
2026-10-08T17:44:26.3622559Z       |                                  |                         |
2026-10-08T17:44:26.3622769Z       |                                  long long unsigned int    uint64_t {aka long unsigned int}
2026-10-08T17:44:26.3622976Z       |                               %lu
2026-10-08T17:44:26.3623400Z src/solver/Solver.cc:6806:44: warning: format ‘%llu’ expects argument of type ‘long long unsigned int’, but argument 3 has type ‘uint64_t’ {aka ‘long unsigned int’} [-Wformat=]
2026-10-08T17:44:26.3623895Z  6806 |       else printf("c error UB %llu, inf %llu, sup %llu\n", UB, inf, sup);
2026-10-08T17:44:26.3624112Z       |                                         ~~~^                   ~~~
2026-10-08T17:44:26.3624290Z       |                                            |                   |
2026-10-08T17:44:26.3624489Z       |                                            |                   uint64_t {aka long unsigned int}
2026-10-08T17:44:26.3624696Z       |                                            long long unsigned int
2026-10-08T17:44:26.3624871Z       |                                         %lu
2026-10-08T17:44:26.3625302Z src/solver/Solver.cc:6806:54: warning: format ‘%llu’ expects argument of type ‘long long unsigned int’, but argument 4 has type ‘uint64_t’ {aka ‘long unsigned int’} [-Wformat=]
2026-10-08T17:44:26.3625716Z  6806 |       else printf("c error UB %llu, inf %llu, sup %llu\n", UB, inf, sup);
2026-10-08T17:44:26.3625939Z       |                                                   ~~~^              ~~~
2026-10-08T17:44:26.3626121Z       |                                                      |              |
2026-10-08T17:44:26.3626329Z       |                                                      |              uint64_t {aka long unsigned int}
2026-10-08T17:44:26.3626541Z       |                                                      long long unsigned int
2026-10-08T17:44:26.3626728Z       |                                                   %lu
2026-10-08T17:44:26.3627170Z src/solver/Solver.cc:6828:57: warning: format ‘%llu’ expects argument of type ‘long long unsigned int’, but argument 2 has type ‘uint64_t’ {aka ‘long unsigned int’} [-Wformat=]
2026-10-08T17:44:26.3627622Z  6828 |       printf("c no feasible solution, hardConflicts: %llu\n", conflicts - softConflicts);
2026-10-08T17:44:26.3627887Z       |                                                      ~~~^     ~~~~~~~~~~~~~~~~~~~~~~~~~
2026-10-08T17:44:26.3628087Z       |                                                         |               |
2026-10-08T17:44:26.3628296Z       |                                                         |               uint64_t {aka long unsigned int}
2026-10-08T17:44:26.3628515Z       |                                                         long long unsigned int
2026-10-08T17:44:26.3628704Z       |                                                      %lu
2026-10-08T17:44:26.3629283Z src/solver/Solver.cc:6831:30: warning: format ‘%llu’ expects argument of type ‘long long unsigned int’, but argument 2 has type ‘uint64_t’ {aka ‘long unsigned int’} [-Wformat=]
2026-10-08T17:44:26.3629760Z  6831 |       printf("c initCost: %llu, fixedBySearch: %llu, optimal: %llu, maxsat: %llu, hardConflicts: %llu\n",
2026-10-08T17:44:26.3630021Z       |                           ~~~^
2026-10-08T17:44:26.3630160Z       |                              |
2026-10-08T17:44:26.3630317Z       |                              long long unsigned int
2026-10-08T17:44:26.3630484Z       |                           %lu
2026-10-08T17:44:26.3630646Z  6832 |              solutionCost, fixedCostBySearch,
2026-10-08T17:44:26.3630808Z       |              ~~~~~~~~~~~~     
2026-10-08T17:44:26.3630943Z       |              |
2026-10-08T17:44:26.3631078Z       |              uint64_t {aka long unsigned int}
2026-10-08T17:44:26.3631512Z src/solver/Solver.cc:6831:51: warning: format ‘%llu’ expects argument of type ‘long long unsigned int’, but argument 3 has type ‘uint64_t’ {aka ‘long unsigned int’} [-Wformat=]
2026-10-08T17:44:26.3632077Z  6831 |       printf("c initCost: %llu, fixedBySearch: %llu, optimal: %llu, maxsat: %llu, hardConflicts: %llu\n",
2026-10-08T17:44:26.3632343Z       |                                                ~~~^
2026-10-08T17:44:26.3632509Z       |                                                   |
2026-10-08T17:44:26.3632687Z       |                                                   long long unsigned int
2026-10-08T17:44:26.3632868Z       |                                                %lu
2026-10-08T17:44:26.3633145Z  6832 |              solutionCost, fixedCostBySearch,
2026-10-08T17:44:26.3633316Z       |                            ~~~~~~~~~~~~~~~~~       
2026-10-08T17:44:26.3633470Z       |                            |
2026-10-08T17:44:26.3633627Z       |                            uint64_t {aka long unsigned int}
2026-10-08T17:44:26.3634078Z src/solver/Solver.cc:6831:66: warning: format ‘%llu’ expects argument of type ‘long long unsigned int’, but argument 4 has type ‘uint64_t’ {aka ‘long unsigned int’} [-Wformat=]
2026-10-08T17:44:26.3634539Z  6831 |       printf("c initCost: %llu, fixedBySearch: %llu, optimal: %llu, maxsat: %llu, hardConflicts: %llu\n",
2026-10-08T17:44:26.3634805Z       |                                                               ~~~^
2026-10-08T17:44:26.3634988Z       |                                                                  |
2026-10-08T17:44:26.3635183Z       |                                                                  long long unsigned int
2026-10-08T17:44:26.3635384Z       |                                                               %lu
2026-10-08T17:44:26.3635569Z  6832 |              solutionCost, fixedCostBySearch,
2026-10-08T17:44:26.3635736Z  6833 |              lastOptimalCost,
2026-10-08T17:44:26.3635897Z       |              ~~~~~~~~~~~~~~~                                      
2026-10-08T17:44:26.3636059Z       |              |
2026-10-08T17:44:26.3636189Z       |              uint64_t {aka long unsigned int}
2026-10-08T17:44:26.3636626Z src/solver/Solver.cc:6831:80: warning: format ‘%llu’ expects argument of type ‘long long unsigned int’, but argument 5 has type ‘uint64_t’ {aka ‘long unsigned int’} [-Wformat=]
2026-10-08T17:44:26.3637093Z  6831 |       printf("c initCost: %llu, fixedBySearch: %llu, optimal: %llu, maxsat: %llu, hardConflicts: %llu\n",
2026-10-08T17:44:26.3637368Z       |                                                                             ~~~^
2026-10-08T17:44:26.3637567Z       |                                                                                |
2026-10-08T17:44:26.3637778Z       |                                                                                long long unsigned int
2026-10-08T17:44:26.3637989Z       |                                                                             %lu
2026-10-08T17:44:26.3638157Z ......
2026-10-08T17:44:26.3638317Z  6834 |              objForSearch-sup + nbSatLits, conflicts - softConflicts);
2026-10-08T17:44:26.3638551Z       |              ~~~~~~~~~~~~~~~~~~~~~~~~~~~~                                       
2026-10-08T17:44:26.3638731Z       |                               |
2026-10-08T17:44:26.3638890Z       |                               uint64_t {aka long unsigned int}
2026-10-08T17:44:26.3639546Z src/solver/Solver.cc:6831:101: warning: format ‘%llu’ expects argument of type ‘long long unsigned int’, but argument 6 has type ‘uint64_t’ {aka ‘long unsigned int’} [-Wformat=]
2026-10-08T17:44:26.3640017Z  6831 |       printf("c initCost: %llu, fixedBySearch: %llu, optimal: %llu, maxsat: %llu, hardConflicts: %llu\n",
2026-10-08T17:44:26.3640309Z       |                                                                                                  ~~~^
2026-10-08T17:44:26.3640531Z       |                                                                                                     |
2026-10-08T17:44:26.3640770Z       |                                                                                                     long long unsigned int
2026-10-08T17:44:26.3641106Z       |                                                                                                  %lu
2026-10-08T17:44:26.3641282Z ......
2026-10-08T17:44:26.3641437Z  6834 |              objForSearch-sup + nbSatLits, conflicts - softConflicts);
2026-10-08T17:44:26.3641675Z       |                                            ~~~~~~~~~~~~~~~~~~~~~~~~~                                 
2026-10-08T17:44:26.3641877Z       |                                                      |
2026-10-08T17:44:26.3642178Z       |                                                      uint64_t {aka long unsigned int}
2026-10-08T17:44:26.3642646Z src/solver/Solver.cc:6836:24: warning: format ‘%llu’ expects argument of type ‘long long unsigned int’, but argument 2 has type ‘uint64_t’ {aka ‘long unsigned int’} [-Wformat=]
2026-10-08T17:44:26.3643141Z  6836 |     printf("c nbLK: %llu, nbSuccLK: %llu(%4.2f%%), nbLKup: %llu(%4.2f%%), hardens %u (fixed %llu), dynVars %d, shorten: %llu\n",
2026-10-08T17:44:26.3643419Z       |                     ~~~^
2026-10-08T17:44:26.3643554Z       |                        |
2026-10-08T17:44:26.3643701Z       |                        long long unsigned int
2026-10-08T17:44:26.3643854Z       |                     %lu
2026-10-08T17:44:26.3644055Z  6837 |            LOOKAHEAD, nbLKsuccess, 100.0*nbLKsuccess/LOOKAHEAD, lk_propagations,
2026-10-08T17:44:26.3644277Z       |            ~~~~~~~~~    
2026-10-08T17:44:26.3644404Z       |            |
2026-10-08T17:44:26.3644538Z       |            uint64_t {aka long unsigned int}
2026-10-08T17:44:26.3644975Z src/solver/Solver.cc:6836:40: warning: format ‘%llu’ expects argument of type ‘long long unsigned int’, but argument 3 has type ‘uint64_t’ {aka ‘long unsigned int’} [-Wformat=]
2026-10-08T17:44:26.3645467Z  6836 |     printf("c nbLK: %llu, nbSuccLK: %llu(%4.2f%%), nbLKup: %llu(%4.2f%%), hardens %u (fixed %llu), dynVars %d, shorten: %llu\n",
2026-10-08T17:44:26.3645745Z       |                                     ~~~^
2026-10-08T17:44:26.3645904Z       |                                        |
2026-10-08T17:44:26.3646072Z       |                                        long long unsigned int
2026-10-08T17:44:26.3646244Z       |                                     %lu
2026-10-08T17:44:26.3646459Z  6837 |            LOOKAHEAD, nbLKsuccess, 100.0*nbLKsuccess/LOOKAHEAD, lk_propagations,
2026-10-08T17:44:26.3646675Z       |                       ~~~~~~~~~~~       
2026-10-08T17:44:26.3646819Z       |                       |
2026-10-08T17:44:26.3646970Z       |                       uint64_t {aka long unsigned int}
2026-10-08T17:44:26.3647415Z src/solver/Solver.cc:6836:63: warning: format ‘%llu’ expects argument of type ‘long long unsigned int’, but argument 5 has type ‘uint64_t’ {aka ‘long unsigned int’} [-Wformat=]
2026-10-08T17:44:26.3647902Z  6836 |     printf("c nbLK: %llu, nbSuccLK: %llu(%4.2f%%), nbLKup: %llu(%4.2f%%), hardens %u (fixed %llu), dynVars %d, shorten: %llu\n",
2026-10-08T17:44:26.3648192Z       |                                                            ~~~^
2026-10-08T17:44:26.3648374Z       |                                                               |
2026-10-08T17:44:26.3648565Z       |                                                               long long unsigned int
2026-10-08T17:44:26.3648758Z       |                                                            %lu
2026-10-08T17:44:26.3648985Z  6837 |            LOOKAHEAD, nbLKsuccess, 100.0*nbLKsuccess/LOOKAHEAD, lk_propagations,
2026-10-08T17:44:26.3649371Z       |                                                                 ~~~~~~~~~~~~~~~
2026-10-08T17:44:26.3649559Z       |                                                                 |
2026-10-08T17:44:26.3649762Z       |                                                                 uint64_t {aka long unsigned int}
2026-10-08T17:44:26.3650228Z src/solver/Solver.cc:6836:96: warning: format ‘%llu’ expects argument of type ‘long long unsigned int’, but argument 8 has type ‘uint64_t’ {aka ‘long unsigned int’} [-Wformat=]
2026-10-08T17:44:26.3650817Z  6836 |     printf("c nbLK: %llu, nbSuccLK: %llu(%4.2f%%), nbLKup: %llu(%4.2f%%), hardens %u (fixed %llu), dynVars %d, shorten: %llu\n",
2026-10-08T17:44:26.3651120Z       |                                                                                             ~~~^
2026-10-08T17:44:26.3651333Z       |                                                                                                |
2026-10-08T17:44:26.3651643Z       |                                                                                                long long unsigned int
2026-10-08T17:44:26.3651873Z       |                                                                                             %lu
2026-10-08T17:44:26.3652117Z  6837 |            LOOKAHEAD, nbLKsuccess, 100.0*nbLKsuccess/LOOKAHEAD, lk_propagations,
2026-10-08T17:44:26.3652455Z  6838 |            100.0*lk_propagations/propagations, nbHardens, fixedByHardens, nVars()-staticNbVars, nbSavedLits);
2026-10-08T17:44:26.3652756Z       |                                                           ~~~~~~~~~~~~~~                        
2026-10-08T17:44:26.3652951Z       |                                                           |
2026-10-08T17:44:26.3653145Z       |                                                           uint64_t {aka long unsigned int}
2026-10-08T17:44:26.3653613Z src/solver/Solver.cc:6836:124: warning: format ‘%llu’ expects argument of type ‘long long unsigned int’, but argument 10 has type ‘uint64_t’ {aka ‘long unsigned int’} [-Wformat=]
2026-10-08T17:44:26.3654106Z  6836 |     printf("c nbLK: %llu, nbSuccLK: %llu(%4.2f%%), nbLKup: %llu(%4.2f%%), hardens %u (fixed %llu), dynVars %d, shorten: %llu\n",
2026-10-08T17:44:26.3654428Z       |                                                                                                                         ~~~^
2026-10-08T17:44:26.3654675Z       |                                                                                                                            |
2026-10-08T17:44:26.3654940Z       |                                                                                                                            long long unsigned int
2026-10-08T17:44:26.3655206Z       |                                                                                                                         %lu
2026-10-08T17:44:26.3655470Z  6837 |            LOOKAHEAD, nbLKsuccess, 100.0*nbLKsuccess/LOOKAHEAD, lk_propagations,
2026-10-08T17:44:26.3655807Z  6838 |            100.0*lk_propagations/propagations, nbHardens, fixedByHardens, nVars()-staticNbVars, nbSavedLits);
2026-10-08T17:44:26.3656118Z       |                                                                                                 ~~~~~~~~~~~                 
2026-10-08T17:44:26.3656349Z       |                                                                                                 |
2026-10-08T17:44:26.3656589Z       |                                                                                                 uint64_t {aka long unsigned int}
2026-10-08T17:44:26.3879477Z In file included from src/solver/mtl/Sort.h:24,
2026-10-08T17:44:26.3879796Z                  from src/solver/Solver.cc:106:
2026-10-08T17:44:26.3880619Z src/solver/mtl/Vec.h: In instantiation of ‘void Minisat::vec<T>::capacity(int) [with T = Minisat::vec<Minisat::Solver::Watcher>]’:
2026-10-08T17:44:26.3881510Z src/solver/mtl/Vec.h:115:13:   required from ‘void Minisat::vec<T>::growTo(int) [with T = Minisat::vec<Minisat::Solver::Watcher>]’
2026-10-08T17:44:26.3882725Z src/solver/SolverTypes.h:339:50:   required from ‘void Minisat::OccLists<Idx, Vec, Deleted>::init(const Idx&) [with Idx = Minisat::Lit; Vec = Minisat::vec<Minisat::Solver::Watcher>; Deleted = Minisat::Solver::WatcherDeleted]’
2026-10-08T17:44:26.3883551Z src/solver/Solver.cc:1272:21:   required from here
2026-10-08T17:44:26.3884782Z src/solver/mtl/Vec.h:99:54: warning: ‘void* realloc(void*, size_t)’ moving an object of non-trivially copyable type ‘class Minisat::vec<Minisat::Solver::Watcher>’; use ‘new’ and ‘delete’ instead [-Wclass-memaccess]
2026-10-08T17:44:26.3885784Z    99 |     if (add > INT_MAX - cap || ((data = (T*)::realloc(data, (cap += add) * sizeof(T))) == NULL) && errno == ENOMEM)
2026-10-08T17:44:26.3886267Z       |                                             ~~~~~~~~~^~~~~~~~~~~~~~~~~~~~~~~~~~~~~~~~
2026-10-08T17:44:26.3886825Z src/solver/mtl/Vec.h:38:7: note: ‘class Minisat::vec<Minisat::Solver::Watcher>’ declared here
2026-10-08T17:44:26.3887351Z    38 | class vec {
2026-10-08T17:44:26.3887528Z       |       ^~~
2026-10-08T17:44:26.3888214Z src/solver/mtl/Vec.h: In instantiation of ‘void Minisat::vec<T>::capacity(int) [with T = Minisat::vec<Minisat::Lit>]’:
2026-10-08T17:44:26.3889220Z src/solver/mtl/Vec.h:115:13:   required from ‘void Minisat::vec<T>::growTo(int) [with T = Minisat::vec<Minisat::Lit>]’
2026-10-08T17:44:26.3890178Z src/solver/Solver.h:72:50:   required from ‘void Minisat::vec2<Idx, Vec>::init(const Idx&) [with Idx = Minisat::Lit; Vec = Minisat::vec<Minisat::Lit>]’
2026-10-08T17:44:26.3890817Z src/solver/Solver.cc:1312:22:   required from here
2026-10-08T17:44:26.3891797Z src/solver/mtl/Vec.h:99:54: warning: ‘void* realloc(void*, size_t)’ moving an object of non-trivially copyable type ‘class Minisat::vec<Minisat::Lit>’; use ‘new’ and ‘delete’ instead [-Wclass-memaccess]
2026-10-08T17:44:26.3892775Z    99 |     if (add > INT_MAX - cap || ((data = (T*)::realloc(data, (cap += add) * sizeof(T))) == NULL) && errno == ENOMEM)
2026-10-08T17:44:26.3893307Z       |                                             ~~~~~~~~~^~~~~~~~~~~~~~~~~~~~~~~~~~~~~~~~
2026-10-08T17:44:26.3893859Z src/solver/mtl/Vec.h:38:7: note: ‘class Minisat::vec<Minisat::Lit>’ declared here
2026-10-08T17:44:26.3894250Z    38 | class vec {
2026-10-08T17:44:26.3894439Z       |       ^~~
2026-10-08T17:44:26.3894935Z src/solver/mtl/Vec.h: In instantiation of ‘void Minisat::vec<T>::capacity(int) [with T = Minisat::vec<int>]’:
2026-10-08T17:44:26.3895737Z src/solver/mtl/Vec.h:115:13:   required from ‘void Minisat::vec<T>::growTo(int) [with T = Minisat::vec<int>]’
2026-10-08T17:44:26.3896597Z src/solver/Solver.h:72:50:   required from ‘void Minisat::vec2<Idx, Vec>::init(const Idx&) [with Idx = int; Vec = Minisat::vec<int>]’
2026-10-08T17:44:26.3897172Z src/solver/Solver.cc:4250:13:   required from here
2026-10-08T17:44:26.3898110Z src/solver/mtl/Vec.h:99:54: warning: ‘void* realloc(void*, size_t)’ moving an object of non-trivially copyable type ‘class Minisat::vec<int>’; use ‘new’ and ‘delete’ instead [-Wclass-memaccess]
2026-10-08T17:44:26.3899174Z    99 |     if (add > INT_MAX - cap || ((data = (T*)::realloc(data, (cap += add) * sizeof(T))) == NULL) && errno == ENOMEM)
2026-10-08T17:44:26.3899673Z       |                                             ~~~~~~~~~^~~~~~~~~~~~~~~~~~~~~~~~~~~~~~~~
2026-10-08T17:44:26.3900202Z src/solver/mtl/Vec.h:38:7: note: ‘class Minisat::vec<int>’ declared here
2026-10-08T17:44:26.3900572Z    38 | class vec {
2026-10-08T17:44:26.3900761Z       |       ^~~
2026-10-08T17:44:26.4143008Z src/solver/Solver.cc: In member function ‘void Minisat::Solver::emitBoundsUpdate()’:
2026-10-08T17:44:26.4144157Z src/solver/Solver.cc:5204:24: warning: ignoring return value of ‘ssize_t write(int, const void*, size_t)’ declared with attribute ‘warn_unused_result’ [-Wunused-result]
2026-10-08T17:44:26.4144900Z  5204 |             (void)write(bounds_pipe_w, buf, (size_t)n);
2026-10-08T17:44:26.4145265Z       |                   ~~~~~^~~~~~~~~~~~~~~~~~~~~~~~~~~~~~~
2026-10-08T17:44:26.4146070Z src/solver/Solver.cc:5210:24: warning: ignoring return value of ‘ssize_t write(int, const void*, size_t)’ declared with attribute ‘warn_unused_result’ [-Wunused-result]
2026-10-08T17:44:26.4146768Z  5210 |             (void)write(bounds_pipe_w, buf, (size_t)n);
2026-10-08T17:44:26.4147086Z       |                   ~~~~~^~~~~~~~~~~~~~~~~~~~~~~~~~~~~~~
2026-10-08T17:44:26.4147563Z src/solver/Solver.cc: In member function ‘void Minisat::Solver::emitTryUpdate(uint64_t)’:
2026-10-08T17:44:26.4148802Z src/solver/Solver.cc:5220:20: warning: ignoring return value of ‘ssize_t write(int, const void*, size_t)’ declared with attribute ‘warn_unused_result’ [-Wunused-result]
2026-10-08T17:44:26.4149693Z  5220 |         (void)write(bounds_pipe_w, buf, (size_t)n);
2026-10-08T17:44:26.4150034Z       |               ~~~~~^~~~~~~~~~~~~~~~~~~~~~~~~~~~~~~
2026-10-08T17:44:28.1389250Z In file included from src/solver/Solver.h:54:
2026-10-08T17:44:28.1390061Z In function ‘Minisat::Lit Minisat::operator~(Lit)’,
2026-10-08T17:44:28.1391109Z     inlined from ‘void Minisat::Solver::analyze(Minisat::CRef, Minisat::vec<Minisat::Lit>&, int&, int&)’ at src/solver/Solver.cc:1757:22:
2026-10-08T17:44:28.1391981Z src/solver/SolverTypes.h:73:64: warning: ‘p.Minisat::Lit::x’ may be used uninitialized [-Wmaybe-uninitialized]
2026-10-08T17:44:28.1392559Z    73 | inline  Lit  operator ~(Lit p)              { Lit q; q.x = p.x ^ 1; return q; }
2026-10-08T17:44:28.1392940Z       |                                                            ~~~~^~~
2026-10-08T17:44:28.1393614Z src/solver/Solver.cc: In member function ‘void Minisat::Solver::analyze(Minisat::CRef, Minisat::vec<Minisat::Lit>&, int&, int&)’:
2026-10-08T17:44:28.1394282Z src/solver/Solver.cc:1671:9: note: ‘p.Minisat::Lit::x’ was declared here
2026-10-08T17:44:28.1394614Z  1671 |     Lit p; //     = lit_Undef;
2026-10-08T17:44:28.1394839Z       |         ^
2026-10-08T17:44:28.1914150Z In function ‘Minisat::Lit Minisat::operator~(Lit)’,
2026-10-08T17:44:28.1914961Z     inlined from ‘void Minisat::Solver::analyzeSoftConflict(Minisat::vec<Minisat::Lit>&, int&, int&)’ at src/solver/Solver.cc:2396:22:
2026-10-08T17:44:28.1915830Z src/solver/SolverTypes.h:73:64: warning: ‘p.Minisat::Lit::x’ may be used uninitialized [-Wmaybe-uninitialized]
2026-10-08T17:44:28.1916400Z    73 | inline  Lit  operator ~(Lit p)              { Lit q; q.x = p.x ^ 1; return q; }
2026-10-08T17:44:28.1916779Z       |                                                            ~~~~^~~
2026-10-08T17:44:28.1917472Z src/solver/Solver.cc: In member function ‘void Minisat::Solver::analyzeSoftConflict(Minisat::vec<Minisat::Lit>&, int&, int&)’:
2026-10-08T17:44:28.1918165Z src/solver/Solver.cc:2193:9: note: ‘p.Minisat::Lit::x’ was declared here
2026-10-08T17:44:28.1918494Z  2193 |     Lit p;
2026-10-08T17:44:28.1918676Z       |         ^
2026-10-08T17:44:28.2797913Z In function ‘Minisat::Lit Minisat::operator~(Lit)’,
2026-10-08T17:44:28.2798732Z     inlined from ‘void Minisat::Solver::analyzeQuasiSoftConflict(Minisat::vec<Minisat::Lit>&, int&, int&)’ at src/solver/Solver.cc:4664:22:
2026-10-08T17:44:28.2799933Z src/solver/SolverTypes.h:73:64: warning: ‘p.Minisat::Lit::x’ may be used uninitialized [-Wmaybe-uninitialized]
2026-10-08T17:44:28.2800520Z    73 | inline  Lit  operator ~(Lit p)              { Lit q; q.x = p.x ^ 1; return q; }
2026-10-08T17:44:28.2800918Z       |                                                            ~~~~^~~
2026-10-08T17:44:28.2801621Z src/solver/Solver.cc: In member function ‘void Minisat::Solver::analyzeQuasiSoftConflict(Minisat::vec<Minisat::Lit>&, int&, int&)’:
2026-10-08T17:44:28.2802318Z src/solver/Solver.cc:4492:9: note: ‘p.Minisat::Lit::x’ was declared here
2026-10-08T17:44:28.2802648Z  4492 |     Lit p;
2026-10-08T17:44:28.2802828Z       |         ^
2026-10-08T17:44:30.1914607Z g++ -Isrc/solver -Wall -Wno-parentheses -O3 -g -D __STDC_LIMIT_MACROS -D __STDC_FORMAT_MACROS -DNDEBUG -o bin/distqldpc src/core/distqldpc.cc build/SimpSolver.o build/Solver.o build/Options.o build/System.o -lz
2026-10-08T17:44:30.1917274Z g++ -Isrc/solver -Wall -Wno-parentheses -O3 -g -D __STDC_LIMIT_MACROS -D __STDC_FORMAT_MACROS -DNDEBUG -o bin/maxcdcl src/solver/Main.cc build/SimpSolver.o build/Solver.o build/Options.o build/System.o -lz
2026-10-08T17:44:30.2242574Z In file included from src/solver/Main.cc:51:
2026-10-08T17:44:30.2243223Z src/solver/utils/Options.h:285:29: warning: invalid suffix on literal; C++11 requires a space between literal and string macro [-Wliteral-suffix]
2026-10-08T17:44:30.2244177Z   285 |             fprintf(stderr, "%4"PRIi64, range.begin);
2026-10-08T17:44:30.2244473Z       |                             ^
2026-10-08T17:44:30.2245158Z src/solver/utils/Options.h:291:29: warning: invalid suffix on literal; C++11 requires a space between literal and string macro [-Wliteral-suffix]
2026-10-08T17:44:30.2245752Z   291 |             fprintf(stderr, "%4"PRIi64, range.end);
2026-10-08T17:44:30.2246031Z       |                             ^
2026-10-08T17:44:30.2246720Z src/solver/utils/Options.h:293:25: warning: invalid suffix on literal; C++11 requires a space between literal and string macro [-Wliteral-suffix]
2026-10-08T17:44:30.2247326Z   293 |         fprintf(stderr, "] (default: %"PRIi64")\n", value);
2026-10-08T17:44:30.2247702Z       |                         ^
2026-10-08T17:44:30.2256705Z src/solver/Main.cc:84:16: warning: invalid suffix on literal; C++11 requires a space between literal and string macro [-Wliteral-suffix]
2026-10-08T17:44:30.2257346Z    84 |         printf("c restarts              : %"PRIu64"\n", solver.starts);
2026-10-08T17:44:30.2257636Z       |                ^
2026-10-08T17:44:30.2258063Z src/solver/Main.cc:85:16: warning: invalid suffix on literal; C++11 requires a space between literal and string macro [-Wliteral-suffix]
2026-10-08T17:44:30.2258720Z    85 |         printf("c conflicts             : %-12"PRIu64"   (%.0f /sec)\n", solver.conflicts, solver.conflicts / cpu_time);
2026-10-08T17:44:30.2259288Z       |                ^
2026-10-08T17:44:30.2259733Z src/solver/Main.cc:86:16: warning: invalid suffix on literal; C++11 requires a space between literal and string macro [-Wliteral-suffix]
2026-10-08T17:44:30.2260595Z    86 |         printf("c decisions             : %-12"PRIu64"   (%4.2f %% random) (%.0f /sec)\n", solver.decisions, (float)solver.rnd_decisions * 100 / (float)solver.decisions, solver.decisions / cpu_time);
2026-10-08T17:44:30.2261216Z       |                ^
2026-10-08T17:44:30.2261690Z src/solver/Main.cc:87:16: warning: invalid suffix on literal; C++11 requires a space between literal and string macro [-Wliteral-suffix]
2026-10-08T17:44:30.2262431Z    87 |         printf("c propagations          : %-12"PRIu64"   (%.0f /sec)\n", solver.propagations, solver.propagations / cpu_time);
2026-10-08T17:44:30.2262886Z       |                ^
2026-10-08T17:44:30.2263344Z src/solver/Main.cc:88:16: warning: invalid suffix on literal; C++11 requires a space between literal and string macro [-Wliteral-suffix]
2026-10-08T17:44:30.2264247Z    88 |         printf("c conflict literals     : %-12"PRIu64"   (%4.2f %% deleted)\n", solver.tot_literals, (solver.max_literals - solver.tot_literals) * 100 / (double)solver.max_literals);
2026-10-08T17:44:30.2264860Z       |                ^
2026-10-08T17:44:30.2265327Z src/solver/Main.cc:93:16: warning: invalid suffix on literal; C++11 requires a space between literal and string macro [-Wliteral-suffix]
2026-10-08T17:44:30.2265959Z    93 |         printf("c s_propagations        : %-12"PRIu64"\n", solver.s_propagations);
2026-10-08T17:44:30.2266322Z       |                ^
2026-10-08T17:44:30.2343133Z In file included from src/solver/Solver.h:53,
2026-10-08T17:44:30.2343487Z                  from src/solver/SimpSolver.h:37,
2026-10-08T17:44:30.2343769Z                  from src/core/distqldpc.cc:40:
2026-10-08T17:44:30.2344328Z src/solver/utils/Options.h:285:29: warning: invalid suffix on literal; C++11 requires a space between literal and string macro [-Wliteral-suffix]
2026-10-08T17:44:30.2344908Z   285 |             fprintf(stderr, "%4"PRIi64, range.begin);
2026-10-08T17:44:30.2345196Z       |                             ^
2026-10-08T17:44:30.2345728Z src/solver/utils/Options.h:291:29: warning: invalid suffix on literal; C++11 requires a space between literal and string macro [-Wliteral-suffix]
2026-10-08T17:44:30.2346328Z   291 |             fprintf(stderr, "%4"PRIi64, range.end);
2026-10-08T17:44:30.2346607Z       |                             ^
2026-10-08T17:44:30.2347504Z src/solver/utils/Options.h:293:25: warning: invalid suffix on literal; C++11 requires a space between literal and string macro [-Wliteral-suffix]
2026-10-08T17:44:30.2348116Z   293 |         fprintf(stderr, "] (default: %"PRIi64")\n", value);
2026-10-08T17:44:30.2348421Z       |                         ^
2026-10-08T17:44:30.2847932Z src/solver/Main.cc: In function ‘void printStats(Minisat::Solver&)’:
2026-10-08T17:44:30.2848894Z src/solver/Main.cc:92:46: warning: format ‘%llu’ expects argument of type ‘long long unsigned int’, but argument 2 has type ‘uint64_t’ {aka ‘long unsigned int’} [-Wformat=]
2026-10-08T17:44:30.2850347Z    92 |         printf("c nbSimplifyAll         : %llu\n", solver.nbSimplifyAll);
2026-10-08T17:44:30.2850745Z       |                                           ~~~^     ~~~~~~~~~~~~~~~~~~~~
2026-10-08T17:44:30.2851056Z       |                                              |            |
2026-10-08T17:44:30.2851396Z       |                                              |            uint64_t {aka long unsigned int}
2026-10-08T17:44:30.2851772Z       |                                              long long unsigned int
2026-10-08T17:44:30.2852075Z       |                                           %lu
2026-10-08T17:44:30.2856994Z src/solver/Main.cc: In function ‘int main(int, char**)’:
2026-10-08T17:44:30.2857842Z src/solver/Main.cc:187:34: warning: format ‘%llu’ expects argument of type ‘long long unsigned int’, but argument 2 has type ‘uint64_t’ {aka ‘long unsigned int’} [-Wformat=]
2026-10-08T17:44:30.2858541Z   187 |         printf("c initial UB: %llu\n", S.initUB);
2026-10-08T17:44:30.2858831Z       |                               ~~~^     ~~~~~~~~
2026-10-08T17:44:30.2859252Z       |                                  |       |
2026-10-08T17:44:30.2859539Z       |                                  |       uint64_t {aka long unsigned int}
2026-10-08T17:44:30.2859855Z       |                                  long long unsigned int
2026-10-08T17:44:30.2860124Z       |                               %lu
2026-10-08T17:44:30.3089247Z src/solver/Main.cc: At global scope:
2026-10-08T17:44:30.3090112Z src/solver/Main.cc:108:13: warning: ‘void SIGINT_exit(int)’ defined but not used [-Wunused-function]
2026-10-08T17:44:30.3090559Z   108 | static void SIGINT_exit(int signum) {
2026-10-08T17:44:30.3090821Z       |             ^~~~~~~~~~~
2026-10-08T17:44:30.4194958Z src/core/distqldpc.cc: In function ‘void pipe_write_result(int, int, bool)’:
2026-10-08T17:44:30.4195922Z src/core/distqldpc.cc:162:20: warning: ignoring return value of ‘ssize_t write(int, const void*, size_t)’ declared with attribute ‘warn_unused_result’ [-Wunused-result]
2026-10-08T17:44:30.4196624Z   162 |         (void)write(pipe_w, buf, (size_t)n);
2026-10-08T17:44:30.4196915Z       |               ~~~~~^~~~~~~~~~~~~~~~~~~~~~~~
2026-10-08T17:44:31.1115398Z make: Leaving directory '/home/runner/work/DistQLDPC/DistQLDPC/candidate'
2026-10-08T17:44:31.1141851Z ##[group]Run set +e
2026-10-08T17:44:31.1142014Z [36;1mset +e[0m
2026-10-08T17:44:31.1142821Z [36;1mpython3 qdistsat/benchmarks/compare_distqldpc_binaries.py             --baseline-bin "$GITHUB_WORKSPACE/baseline/bin/distqldpc"             --candidate-bin "$GITHUB_WORKSPACE/candidate/bin/distqldpc"             --data-root "$GITHUB_WORKSPACE/qdistsat/data"             --stems LP_136_32_4 BB_108_8_10             --timeout 45             --json-out "$GITHUB_WORKSPACE/benchmark-results/result.json"             --markdown-out "$GITHUB_WORKSPACE/benchmark-results/summary.md"[0m
2026-10-08T17:44:31.1143642Z [36;1mcode=$?[0m
2026-10-08T17:44:31.1143858Z [36;1mcat "$GITHUB_WORKSPACE/benchmark-results/summary.md" >> "$GITHUB_STEP_SUMMARY"[0m
2026-10-08T17:44:31.1144113Z [36;1mecho "exit_code=$code" >> "$GITHUB_OUTPUT"[0m
2026-10-08T17:44:31.1144273Z [36;1mexit 0[0m
2026-10-08T17:44:31.1195591Z shell: /usr/bin/bash --noprofile --norc -e -o pipefail {0}
2026-10-08T17:44:31.1195794Z ##[endgroup]
2026-10-08T17:44:45.1800684Z # DistQLDPC cross-repo benchmark
2026-10-08T17:44:45.1800909Z 
2026-10-08T17:44:45.1800975Z Scientific results match: **YES**
2026-10-08T17:44:45.1801076Z 
2026-10-08T17:44:45.1801174Z Timing is informational only; shared CI runners are noisy.
2026-10-08T17:44:45.1801312Z 
2026-10-08T17:44:45.1801420Z | Stem | Config | Baseline | Candidate | Cand/Base time | Semantic match |
2026-10-08T17:44:45.1801642Z |---|---|---:|---:|---:|---|
2026-10-08T17:44:45.1801839Z | LP_136_32_4 | no-card | d=4 (0.13s) | d=4 (0.10s) | 0.77x | YES |
2026-10-08T17:44:45.1802049Z | LP_136_32_4 | card-mto | d=4 (0.20s) | d=4 (0.21s) | 1.05x | YES |
2026-10-08T17:44:45.1802479Z | BB_108_8_10 | no-card | d=10 (3.03s) | d=10 (3.15s) | 1.04x | YES |
2026-10-08T17:44:45.1802688Z | BB_108_8_10 | card-mto | d=10 (3.82s) | d=10 (3.37s) | 0.88x | YES |
2026-10-08T17:44:45.1945260Z ##[group]Run actions/upload-artifact@v4
2026-10-08T17:44:45.1945430Z with:
2026-10-08T17:44:45.1945559Z   name: qdistsat-cross-repo-benchmark
2026-10-08T17:44:45.1945718Z   path: benchmark-results/
2026-10-08T17:44:45.1945848Z   retention-days: 14
2026-10-08T17:44:45.1945969Z   if-no-files-found: warn
2026-10-08T17:44:45.1946097Z   compression-level: 6
2026-10-08T17:44:45.1946215Z   overwrite: false
2026-10-08T17:44:45.1946336Z   include-hidden-files: false
2026-10-08T17:44:45.1946471Z ##[endgroup]
2026-10-08T17:44:45.2997861Z (node:2964) [DEP0040] DeprecationWarning: The `punycode` module is deprecated. Please use a userland alternative instead.
2026-10-08T17:44:45.2998315Z (Use `node --trace-deprecation ...` to show where the warning was created)
2026-10-08T17:44:45.3059993Z With the provided path, there will be 2 files uploaded
2026-10-08T17:44:45.3060483Z Artifact name is valid!
2026-10-08T17:44:45.3060698Z Root directory input is valid!
2026-10-08T17:44:45.6031877Z Beginning upload of artifact content to blob storage
2026-10-08T17:44:45.6149791Z (node:2964) [DEP0169] DeprecationWarning: `url.parse()` behavior is not standardized and prone to errors that have security implications. Use the WHATWG URL API instead. CVEs are not issued for `url.parse()` vulnerabilities.
2026-10-08T17:44:45.7842348Z Uploaded bytes 1063
2026-10-08T17:44:45.8347924Z Finished uploading artifact content to blob storage!
2026-10-08T17:44:45.8348598Z SHA256 digest of uploaded artifact zip is 985fc0bd74cf7b9773344a2093b5e7f34247b63aadebe34695faca3f01abc198
2026-10-08T17:44:45.8349255Z Finalizing artifact upload
2026-10-08T17:44:46.0901708Z Artifact qdistsat-cross-repo-benchmark.zip successfully finalized. Artifact ID 11567992961
2026-10-08T17:44:46.0902418Z Artifact qdistsat-cross-repo-benchmark has been successfully uploaded! Final size is 1063 bytes. Artifact ID is 11567992961
2026-10-08T17:44:46.0906626Z Artifact download URL: https://github.com/guluchen/DistQLDPC/actions/runs/37818846418/artifacts/11567992961
2026-10-08T17:44:46.1023298Z ##[group]Run if [ "0" != "0" ]; then
2026-10-08T17:44:46.1023480Z [36;1mif [ "0" != "0" ]; then[0m
2026-10-08T17:44:46.1023738Z [36;1m  echo "QDistSAT detected a scientific-result mismatch between baseline and candidate DistQLDPC."[0m
2026-10-08T17:44:46.1023990Z [36;1m  exit 1[0m
2026-10-08T17:44:46.1024097Z [36;1mfi[0m
2026-10-08T17:44:46.1073408Z shell: /usr/bin/bash --noprofile --norc -e -o pipefail {0}
2026-10-08T17:44:46.1073586Z ##[endgroup]
2026-10-08T17:44:46.1188429Z Post job cleanup.
2026-10-08T17:44:46.1738730Z [command]/usr/bin/git version
2026-10-08T17:44:46.1793541Z git version 2.55.0
2026-10-08T17:44:46.1804127Z Temporarily overriding HOME='/home/runner/work/_temp/32b6c900-aa72-4b38-aee7-477cf4355843' before making global git config changes
2026-10-08T17:44:46.1805038Z Adding repository directory to the temporary git global config as a safe directory
2026-10-08T17:44:46.1807678Z [command]/usr/bin/git config --global --add safe.directory /home/runner/work/DistQLDPC/DistQLDPC/qdistsat
2026-10-08T17:44:46.1836676Z Removing SSH command configuration
2026-10-08T17:44:46.1841152Z [command]/usr/bin/git config --local --name-only --get-regexp core\.sshCommand
2026-10-08T17:44:46.1873574Z [command]/usr/bin/git submodule foreach --recursive sh -c "git config --local --name-only --get-regexp 'core\.sshCommand' && git config --local --unset-all 'core.sshCommand' || :"
2026-10-08T17:44:46.2058839Z Removing HTTP extra header
2026-10-08T17:44:46.2064156Z [command]/usr/bin/git config --local --name-only --get-regexp http\.https\:\/\/github\.com\/\.extraheader
2026-10-08T17:44:46.2093183Z [command]/usr/bin/git submodule foreach --recursive sh -c "git config --local --name-only --get-regexp 'http\.https\:\/\/github\.com\/\.extraheader' && git config --local --unset-all 'http.https://github.com/.extraheader' || :"
2026-10-08T17:44:46.2285579Z Removing includeIf entries pointing to credentials config files
2026-10-08T17:44:46.2291920Z [command]/usr/bin/git config --local --name-only --get-regexp ^includeIf\.gitdir:
2026-10-08T17:44:46.2317233Z includeif.gitdir:/home/runner/work/DistQLDPC/DistQLDPC/qdistsat/.git.path
2026-10-08T17:44:46.2317718Z includeif.gitdir:/home/runner/work/DistQLDPC/DistQLDPC/qdistsat/.git/worktrees/*.path
2026-10-08T17:44:46.2318039Z includeif.gitdir:/github/workspace/qdistsat/.git.path
2026-10-08T17:44:46.2318263Z includeif.gitdir:/github/workspace/qdistsat/.git/worktrees/*.path
2026-10-08T17:44:46.2330206Z [command]/usr/bin/git config --local --get-all includeif.gitdir:/home/runner/work/DistQLDPC/DistQLDPC/qdistsat/.git.path
2026-10-08T17:44:46.2348554Z /home/runner/work/_temp/git-credentials-dd874f97-f105-424a-8f31-bfafc7c6d1f3.config
2026-10-08T17:44:46.2356168Z [command]/usr/bin/git config --local --unset includeif.gitdir:/home/runner/work/DistQLDPC/DistQLDPC/qdistsat/.git.path \/home\/runner\/work\/_temp\/git\-credentials\-dd874f97\-f105\-424a\-8f31\-bfafc7c6d1f3\.config
2026-10-08T17:44:46.2387952Z [command]/usr/bin/git config --local --get-all includeif.gitdir:/home/runner/work/DistQLDPC/DistQLDPC/qdistsat/.git/worktrees/*.path
2026-10-08T17:44:46.2408736Z /home/runner/work/_temp/git-credentials-dd874f97-f105-424a-8f31-bfafc7c6d1f3.config
2026-10-08T17:44:46.2420575Z [command]/usr/bin/git config --local --unset includeif.gitdir:/home/runner/work/DistQLDPC/DistQLDPC/qdistsat/.git/worktrees/*.path \/home\/runner\/work\/_temp\/git\-credentials\-dd874f97\-f105\-424a\-8f31\-bfafc7c6d1f3\.config
2026-10-08T17:44:46.2448924Z [command]/usr/bin/git config --local --get-all includeif.gitdir:/github/workspace/qdistsat/.git.path
2026-10-08T17:44:46.2468805Z /github/runner_temp/git-credentials-dd874f97-f105-424a-8f31-bfafc7c6d1f3.config
2026-10-08T17:44:46.2473426Z [command]/usr/bin/git config --local --unset includeif.gitdir:/github/workspace/qdistsat/.git.path \/github\/runner_temp\/git\-credentials\-dd874f97\-f105\-424a\-8f31\-bfafc7c6d1f3\.config
2026-10-08T17:44:46.2500563Z [command]/usr/bin/git config --local --get-all includeif.gitdir:/github/workspace/qdistsat/.git/worktrees/*.path
2026-10-08T17:44:46.2520084Z /github/runner_temp/git-credentials-dd874f97-f105-424a-8f31-bfafc7c6d1f3.config
2026-10-08T17:44:46.2524904Z [command]/usr/bin/git config --local --unset includeif.gitdir:/github/workspace/qdistsat/.git/worktrees/*.path \/github\/runner_temp\/git\-credentials\-dd874f97\-f105\-424a\-8f31\-bfafc7c6d1f3\.config
2026-10-08T17:44:46.2553147Z [command]/usr/bin/git submodule foreach --recursive git config --local --show-origin --name-only --get-regexp remote.origin.url
2026-10-08T17:44:46.2720991Z Removing credentials config '/home/runner/work/_temp/git-credentials-dd874f97-f105-424a-8f31-bfafc7c6d1f3.config'
2026-10-08T17:44:46.2841105Z Post job cleanup.
2026-10-08T17:44:46.3409362Z [command]/usr/bin/git version
2026-10-08T17:44:46.3457721Z git version 2.55.0
2026-10-08T17:44:46.3489941Z Temporarily overriding HOME='/home/runner/work/_temp/aa7cc9df-3d99-4840-a26f-7a4845d703da' before making global git config changes
2026-10-08T17:44:46.3497533Z Adding repository directory to the temporary git global config as a safe directory
2026-10-08T17:44:46.3498477Z [command]/usr/bin/git config --global --add safe.directory /home/runner/work/DistQLDPC/DistQLDPC/baseline
2026-10-08T17:44:46.3530479Z Removing SSH command configuration
2026-10-08T17:44:46.3535920Z [command]/usr/bin/git config --local --name-only --get-regexp core\.sshCommand
2026-10-08T17:44:46.3573434Z [command]/usr/bin/git submodule foreach --recursive sh -c "git config --local --name-only --get-regexp 'core\.sshCommand' && git config --local --unset-all 'core.sshCommand' || :"
2026-10-08T17:44:46.3895033Z Removing HTTP extra header
2026-10-08T17:44:46.3907629Z [command]/usr/bin/git config --local --name-only --get-regexp http\.https\:\/\/github\.com\/\.extraheader
2026-10-08T17:44:46.3974066Z [command]/usr/bin/git submodule foreach --recursive sh -c "git config --local --name-only --get-regexp 'http\.https\:\/\/github\.com\/\.extraheader' && git config --local --unset-all 'http.https://github.com/.extraheader' || :"
2026-10-08T17:44:46.4301178Z Removing includeIf entries pointing to credentials config files
2026-10-08T17:44:46.4311132Z [command]/usr/bin/git config --local --name-only --get-regexp ^includeIf\.gitdir:
2026-10-08T17:44:46.4362359Z includeif.gitdir:/home/runner/work/DistQLDPC/DistQLDPC/baseline/.git.path
2026-10-08T17:44:46.4364676Z includeif.gitdir:/home/runner/work/DistQLDPC/DistQLDPC/baseline/.git/worktrees/*.path
2026-10-08T17:44:46.4365778Z includeif.gitdir:/github/workspace/baseline/.git.path
2026-10-08T17:44:46.4367803Z includeif.gitdir:/github/workspace/baseline/.git/worktrees/*.path
2026-10-08T17:44:46.4383115Z [command]/usr/bin/git config --local --get-all includeif.gitdir:/home/runner/work/DistQLDPC/DistQLDPC/baseline/.git.path
2026-10-08T17:44:46.4427638Z /home/runner/work/_temp/git-credentials-9f414e30-1efe-48e9-a9ef-e606cc659968.config
2026-10-08T17:44:46.4448752Z [command]/usr/bin/git config --local --unset includeif.gitdir:/home/runner/work/DistQLDPC/DistQLDPC/baseline/.git.path \/home\/runner\/work\/_temp\/git\-credentials\-9f414e30\-1efe\-48e9\-a9ef\-e606cc659968\.config
2026-10-08T17:44:46.4492928Z [command]/usr/bin/git config --local --get-all includeif.gitdir:/home/runner/work/DistQLDPC/DistQLDPC/baseline/.git/worktrees/*.path
2026-10-08T17:44:46.4524821Z /home/runner/work/_temp/git-credentials-9f414e30-1efe-48e9-a9ef-e606cc659968.config
2026-10-08T17:44:46.4537635Z [command]/usr/bin/git config --local --unset includeif.gitdir:/home/runner/work/DistQLDPC/DistQLDPC/baseline/.git/worktrees/*.path \/home\/runner\/work\/_temp\/git\-credentials\-9f414e30\-1efe\-48e9\-a9ef\-e606cc659968\.config
2026-10-08T17:44:46.4567503Z [command]/usr/bin/git config --local --get-all includeif.gitdir:/github/workspace/baseline/.git.path
2026-10-08T17:44:46.4589852Z /github/runner_temp/git-credentials-9f414e30-1efe-48e9-a9ef-e606cc659968.config
2026-10-08T17:44:46.4594364Z [command]/usr/bin/git config --local --unset includeif.gitdir:/github/workspace/baseline/.git.path \/github\/runner_temp\/git\-credentials\-9f414e30\-1efe\-48e9\-a9ef\-e606cc659968\.config
2026-10-08T17:44:46.4624203Z [command]/usr/bin/git config --local --get-all includeif.gitdir:/github/workspace/baseline/.git/worktrees/*.path
2026-10-08T17:44:46.4647098Z /github/runner_temp/git-credentials-9f414e30-1efe-48e9-a9ef-e606cc659968.config
2026-10-08T17:44:46.4650788Z [command]/usr/bin/git config --local --unset includeif.gitdir:/github/workspace/baseline/.git/worktrees/*.path \/github\/runner_temp\/git\-credentials\-9f414e30\-1efe\-48e9\-a9ef\-e606cc659968\.config
2026-10-08T17:44:46.4755911Z [command]/usr/bin/git submodule foreach --recursive git config --local --show-origin --name-only --get-regexp remote.origin.url
2026-10-08T17:44:46.5094039Z Removing credentials config '/home/runner/work/_temp/git-credentials-9f414e30-1efe-48e9-a9ef-e606cc659968.config'
2026-10-08T17:44:46.5310087Z Post job cleanup.
2026-10-08T17:44:46.5900798Z [command]/usr/bin/git version
2026-10-08T17:44:46.5941425Z git version 2.55.0
2026-10-08T17:44:46.5965888Z Temporarily overriding HOME='/home/runner/work/_temp/9027ca23-e29e-4fa3-b4fd-c3f97f7b0bbe' before making global git config changes
2026-10-08T17:44:46.5966602Z Adding repository directory to the temporary git global config as a safe directory
2026-10-08T17:44:46.5969589Z [command]/usr/bin/git config --global --add safe.directory /home/runner/work/DistQLDPC/DistQLDPC/candidate
2026-10-08T17:44:46.5998731Z Removing SSH command configuration
2026-10-08T17:44:46.6003518Z [command]/usr/bin/git config --local --name-only --get-regexp core\.sshCommand
2026-10-08T17:44:46.6036458Z [command]/usr/bin/git submodule foreach --recursive sh -c "git config --local --name-only --get-regexp 'core\.sshCommand' && git config --local --unset-all 'core.sshCommand' || :"
2026-10-08T17:44:46.6239331Z Removing HTTP extra header
2026-10-08T17:44:46.6245019Z [command]/usr/bin/git config --local --name-only --get-regexp http\.https\:\/\/github\.com\/\.extraheader
2026-10-08T17:44:46.6280868Z [command]/usr/bin/git submodule foreach --recursive sh -c "git config --local --name-only --get-regexp 'http\.https\:\/\/github\.com\/\.extraheader' && git config --local --unset-all 'http.https://github.com/.extraheader' || :"
2026-10-08T17:44:46.6483584Z Removing includeIf entries pointing to credentials config files
2026-10-08T17:44:46.6489876Z [command]/usr/bin/git config --local --name-only --get-regexp ^includeIf\.gitdir:
2026-10-08T17:44:46.6516248Z includeif.gitdir:/home/runner/work/DistQLDPC/DistQLDPC/candidate/.git.path
2026-10-08T17:44:46.6516748Z includeif.gitdir:/home/runner/work/DistQLDPC/DistQLDPC/candidate/.git/worktrees/*.path
2026-10-08T17:44:46.6517035Z includeif.gitdir:/github/workspace/candidate/.git.path
2026-10-08T17:44:46.6517303Z includeif.gitdir:/github/workspace/candidate/.git/worktrees/*.path
2026-10-08T17:44:46.6524316Z [command]/usr/bin/git config --local --get-all includeif.gitdir:/home/runner/work/DistQLDPC/DistQLDPC/candidate/.git.path
2026-10-08T17:44:46.6547596Z /home/runner/work/_temp/git-credentials-c266b4bb-ef89-4fe1-83f3-5c283837d18f.config
2026-10-08T17:44:46.6555758Z [command]/usr/bin/git config --local --unset includeif.gitdir:/home/runner/work/DistQLDPC/DistQLDPC/candidate/.git.path \/home\/runner\/work\/_temp\/git\-credentials\-c266b4bb\-ef89\-4fe1\-83f3\-5c283837d18f\.config
2026-10-08T17:44:46.6589784Z [command]/usr/bin/git config --local --get-all includeif.gitdir:/home/runner/work/DistQLDPC/DistQLDPC/candidate/.git/worktrees/*.path
2026-10-08T17:44:46.6612318Z /home/runner/work/_temp/git-credentials-c266b4bb-ef89-4fe1-83f3-5c283837d18f.config
2026-10-08T17:44:46.6624038Z [command]/usr/bin/git config --local --unset includeif.gitdir:/home/runner/work/DistQLDPC/DistQLDPC/candidate/.git/worktrees/*.path \/home\/runner\/work\/_temp\/git\-credentials\-c266b4bb\-ef89\-4fe1\-83f3\-5c283837d18f\.config
2026-10-08T17:44:46.6654474Z [command]/usr/bin/git config --local --get-all includeif.gitdir:/github/workspace/candidate/.git.path
2026-10-08T17:44:46.6675703Z /github/runner_temp/git-credentials-c266b4bb-ef89-4fe1-83f3-5c283837d18f.config
2026-10-08T17:44:46.6680769Z [command]/usr/bin/git config --local --unset includeif.gitdir:/github/workspace/candidate/.git.path \/github\/runner_temp\/git\-credentials\-c266b4bb\-ef89\-4fe1\-83f3\-5c283837d18f\.config
2026-10-08T17:44:46.6710443Z [command]/usr/bin/git config --local --get-all includeif.gitdir:/github/workspace/candidate/.git/worktrees/*.path
2026-10-08T17:44:46.6731807Z /github/runner_temp/git-credentials-c266b4bb-ef89-4fe1-83f3-5c283837d18f.config
2026-10-08T17:44:46.6736593Z [command]/usr/bin/git config --local --unset includeif.gitdir:/github/workspace/candidate/.git/worktrees/*.path \/github\/runner_temp\/git\-credentials\-c266b4bb\-ef89\-4fe1\-83f3\-5c283837d18f\.config
2026-10-08T17:44:46.6767944Z [command]/usr/bin/git submodule foreach --recursive git config --local --show-origin --name-only --get-regexp remote.origin.url
2026-10-08T17:44:46.6941900Z Removing credentials config '/home/runner/work/_temp/git-credentials-c266b4bb-ef89-4fe1-83f3-5c283837d18f.config'
2026-10-08T17:44:46.7061729Z Cleaning up orphan processes
2026-10-08T17:44:46.7258315Z ##[warning]Node.js 20 is deprecated. The following actions target Node.js 20 but are being forced to run on Node.js 24: actions/upload-artifact@v4. For more information see: https://github.blog/changelog/2025-09-19-deprecation-of-node-20-on-github-actions-runners/
