compare	Set up job	﻿2026-10-07T13:50:19.8176262Z Current runner version: '2.337.0'
compare	Set up job	2026-10-07T13:50:19.8216536Z ##[group]Runner Image Provisioner
compare	Set up job	2026-10-07T13:50:19.8217975Z Hosted Compute Agent
compare	Set up job	2026-10-07T13:50:19.8219924Z Version: 20261002.596
compare	Set up job	2026-10-07T13:50:19.8221179Z Commit: c3d12f3313a95f25162a1503be624f3b0617f8c0
compare	Set up job	2026-10-07T13:50:19.8222502Z Build Date: 2026-10-02T22:28:27Z
compare	Set up job	2026-10-07T13:50:19.8223987Z Worker ID: {59b8ec76-1df1-41de-a3c6-fd99ff4e62ad}
compare	Set up job	2026-10-07T13:50:19.8225307Z Region: eastus2
compare	Set up job	2026-10-07T13:50:19.8226290Z Cloud: Azure
compare	Set up job	2026-10-07T13:50:19.8227384Z ##[endgroup]
compare	Set up job	2026-10-07T13:50:19.8230109Z ##[group]Operating System
compare	Set up job	2026-10-07T13:50:19.8231361Z Ubuntu
compare	Set up job	2026-10-07T13:50:19.8232320Z 24.04.5
compare	Set up job	2026-10-07T13:50:19.8233245Z LTS
compare	Set up job	2026-10-07T13:50:19.8234330Z ##[endgroup]
compare	Set up job	2026-10-07T13:50:19.8235297Z ##[group]Runner Image
compare	Set up job	2026-10-07T13:50:19.8236580Z Image: ubuntu-24.04
compare	Set up job	2026-10-07T13:50:19.8237602Z Version: 20261004.327.1
compare	Set up job	2026-10-07T13:50:19.8239786Z Included Software: https://github.com/actions/runner-images/blob/ubuntu24/20261004.327/images/ubuntu/Ubuntu2404-Readme.md
compare	Set up job	2026-10-07T13:50:19.8242828Z Image Release: https://github.com/actions/runner-images/releases/tag/ubuntu24%2F20261004.327
compare	Set up job	2026-10-07T13:50:19.8244696Z ##[endgroup]
compare	Set up job	2026-10-07T13:50:19.8246759Z ##[group]GITHUB_TOKEN Permissions
compare	Set up job	2026-10-07T13:50:19.8250276Z Contents: write
compare	Set up job	2026-10-07T13:50:19.8251394Z Metadata: read
compare	Set up job	2026-10-07T13:50:19.8252889Z ##[endgroup]
compare	Set up job	2026-10-07T13:50:19.8255930Z Secret source: Actions
compare	Set up job	2026-10-07T13:50:19.8257450Z Cache mode: write
compare	Set up job	2026-10-07T13:50:19.8258886Z Prepare workflow directory
compare	Set up job	2026-10-07T13:50:19.8746324Z Prepare all required actions
compare	Set up job	2026-10-07T13:50:19.8817309Z Getting action download info
compare	Set up job	2026-10-07T13:50:20.1350828Z Download action repository 'actions/checkout@v7' (SHA:3d3c42e5aac5ba805825da76410c181273ba90b1)
compare	Set up job	2026-10-07T13:50:20.2475818Z Download action repository 'actions/upload-artifact@v4' (SHA:ea165f8d65b6e75b540449e92b4886f43607fa02)
compare	Set up job	2026-10-07T13:50:20.4854857Z Complete job name: compare
compare	Check out candidate DistQLDPC	﻿2026-10-07T13:50:20.5686230Z ##[group]Run actions/checkout@v7
compare	Check out candidate DistQLDPC	2026-10-07T13:50:20.5687226Z with:
compare	Check out candidate DistQLDPC	2026-10-07T13:50:20.5687677Z   path: candidate
compare	Check out candidate DistQLDPC	2026-10-07T13:50:20.5688133Z   fetch-depth: 0
compare	Check out candidate DistQLDPC	2026-10-07T13:50:20.5688843Z   repository: guluchen/DistQLDPC
compare	Check out candidate DistQLDPC	2026-10-07T13:50:20.5692975Z   token: ***
compare	Check out candidate DistQLDPC	2026-10-07T13:50:20.5693483Z   ssh-strict: true
compare	Check out candidate DistQLDPC	2026-10-07T13:50:20.5693929Z   ssh-user: git
compare	Check out candidate DistQLDPC	2026-10-07T13:50:20.5694379Z   persist-credentials: true
compare	Check out candidate DistQLDPC	2026-10-07T13:50:20.5694870Z   clean: true
compare	Check out candidate DistQLDPC	2026-10-07T13:50:20.5695315Z   sparse-checkout-cone-mode: true
compare	Check out candidate DistQLDPC	2026-10-07T13:50:20.5695831Z   fetch-tags: false
compare	Check out candidate DistQLDPC	2026-10-07T13:50:20.5696283Z   show-progress: true
compare	Check out candidate DistQLDPC	2026-10-07T13:50:20.5696737Z   lfs: false
compare	Check out candidate DistQLDPC	2026-10-07T13:50:20.5697155Z   submodules: false
compare	Check out candidate DistQLDPC	2026-10-07T13:50:20.5697604Z   set-safe-directory: true
compare	Check out candidate DistQLDPC	2026-10-07T13:50:20.5698113Z   allow-unsafe-pr-checkout: false
compare	Check out candidate DistQLDPC	2026-10-07T13:50:20.5699097Z ##[endgroup]
compare	Check out candidate DistQLDPC	2026-10-07T13:50:20.6782931Z Syncing repository: guluchen/DistQLDPC
compare	Check out candidate DistQLDPC	2026-10-07T13:50:20.6785784Z ##[group]Getting Git version info
compare	Check out candidate DistQLDPC	2026-10-07T13:50:20.6787175Z Working directory is '/home/runner/work/DistQLDPC/DistQLDPC/candidate'
compare	Check out candidate DistQLDPC	2026-10-07T13:50:20.6789198Z [command]/usr/bin/git version
compare	Check out candidate DistQLDPC	2026-10-07T13:50:20.6865283Z git version 2.55.0
compare	Check out candidate DistQLDPC	2026-10-07T13:50:20.6904309Z ##[endgroup]
compare	Check out candidate DistQLDPC	2026-10-07T13:50:20.6914170Z Temporarily overriding HOME='/home/runner/work/_temp/9ecbd049-799d-4adb-9c02-8a429a840fa6' before making global git config changes
compare	Check out candidate DistQLDPC	2026-10-07T13:50:20.6917147Z Adding repository directory to the temporary git global config as a safe directory
compare	Check out candidate DistQLDPC	2026-10-07T13:50:20.6919628Z [command]/usr/bin/git config --global --add safe.directory /home/runner/work/DistQLDPC/DistQLDPC/candidate
compare	Check out candidate DistQLDPC	2026-10-07T13:50:20.6965876Z ##[group]Determining repository object format
compare	Check out candidate DistQLDPC	2026-10-07T13:50:20.6968096Z ##[endgroup]
compare	Check out candidate DistQLDPC	2026-10-07T13:50:20.6969711Z ##[group]Initializing the repository
compare	Check out candidate DistQLDPC	2026-10-07T13:50:20.6974646Z [command]/usr/bin/git init /home/runner/work/DistQLDPC/DistQLDPC/candidate
compare	Check out candidate DistQLDPC	2026-10-07T13:50:20.7113203Z hint: Using 'master' as the name for the initial branch. This default branch name
compare	Check out candidate DistQLDPC	2026-10-07T13:50:20.7115469Z hint: will change to "main" in Git 3.0. To configure the initial branch name
compare	Check out candidate DistQLDPC	2026-10-07T13:50:20.7117109Z hint: to use in all of your new repositories, which will suppress this warning,
compare	Check out candidate DistQLDPC	2026-10-07T13:50:20.7117980Z hint: call:
compare	Check out candidate DistQLDPC	2026-10-07T13:50:20.7118450Z hint:
compare	Check out candidate DistQLDPC	2026-10-07T13:50:20.7119623Z hint: 	git config --global init.defaultBranch <name>
compare	Check out candidate DistQLDPC	2026-10-07T13:50:20.7120717Z hint:
compare	Check out candidate DistQLDPC	2026-10-07T13:50:20.7121715Z hint: Names commonly chosen instead of 'master' are 'main', 'trunk' and
compare	Check out candidate DistQLDPC	2026-10-07T13:50:20.7122910Z hint: 'development'. The just-created branch can be renamed via this command:
compare	Check out candidate DistQLDPC	2026-10-07T13:50:20.7123657Z hint:
compare	Check out candidate DistQLDPC	2026-10-07T13:50:20.7124090Z hint: 	git branch -m <name>
compare	Check out candidate DistQLDPC	2026-10-07T13:50:20.7124572Z hint:
compare	Check out candidate DistQLDPC	2026-10-07T13:50:20.7125211Z hint: Disable this message with "git config set advice.defaultBranchName false"
compare	Check out candidate DistQLDPC	2026-10-07T13:50:20.7126292Z Initialized empty Git repository in /home/runner/work/DistQLDPC/DistQLDPC/candidate/.git/
compare	Check out candidate DistQLDPC	2026-10-07T13:50:20.7130068Z [command]/usr/bin/git remote add origin https://github.com/guluchen/DistQLDPC
compare	Check out candidate DistQLDPC	2026-10-07T13:50:20.7194331Z ##[endgroup]
compare	Check out candidate DistQLDPC	2026-10-07T13:50:20.7195706Z ##[group]Disabling automatic garbage collection
compare	Check out candidate DistQLDPC	2026-10-07T13:50:20.7199991Z [command]/usr/bin/git config --local gc.auto 0
compare	Check out candidate DistQLDPC	2026-10-07T13:50:20.7240376Z ##[endgroup]
compare	Check out candidate DistQLDPC	2026-10-07T13:50:20.7241724Z ##[group]Setting up auth
compare	Check out candidate DistQLDPC	2026-10-07T13:50:20.7247358Z Removing SSH command configuration
compare	Check out candidate DistQLDPC	2026-10-07T13:50:20.7256176Z [command]/usr/bin/git config --local --name-only --get-regexp core\.sshCommand
compare	Check out candidate DistQLDPC	2026-10-07T13:50:20.7287119Z [command]/usr/bin/git submodule foreach --recursive sh -c "git config --local --name-only --get-regexp 'core\.sshCommand' && git config --local --unset-all 'core.sshCommand' || :"
compare	Check out candidate DistQLDPC	2026-10-07T13:50:20.7694644Z Removing HTTP extra header
compare	Check out candidate DistQLDPC	2026-10-07T13:50:20.7701381Z [command]/usr/bin/git config --local --name-only --get-regexp http\.https\:\/\/github\.com\/\.extraheader
compare	Check out candidate DistQLDPC	2026-10-07T13:50:20.7745872Z [command]/usr/bin/git submodule foreach --recursive sh -c "git config --local --name-only --get-regexp 'http\.https\:\/\/github\.com\/\.extraheader' && git config --local --unset-all 'http.https://github.com/.extraheader' || :"
compare	Check out candidate DistQLDPC	2026-10-07T13:50:20.7991058Z Removing includeIf entries pointing to credentials config files
compare	Check out candidate DistQLDPC	2026-10-07T13:50:20.7996226Z [command]/usr/bin/git config --local --name-only --get-regexp ^includeIf\.gitdir:
compare	Check out candidate DistQLDPC	2026-10-07T13:50:20.8041756Z [command]/usr/bin/git submodule foreach --recursive git config --local --show-origin --name-only --get-regexp remote.origin.url
compare	Check out candidate DistQLDPC	2026-10-07T13:50:20.8309500Z [command]/usr/bin/git config --file /home/runner/work/_temp/git-credentials-26daa3e7-f46f-437a-b8af-5d71f0c3c7d3.config http.https://github.com/.extraheader AUTHORIZATION: basic ***
compare	Check out candidate DistQLDPC	2026-10-07T13:50:20.8362596Z [command]/usr/bin/git config --local includeIf.gitdir:/home/runner/work/DistQLDPC/DistQLDPC/candidate/.git.path /home/runner/work/_temp/git-credentials-26daa3e7-f46f-437a-b8af-5d71f0c3c7d3.config
compare	Check out candidate DistQLDPC	2026-10-07T13:50:20.8407100Z [command]/usr/bin/git config --local includeIf.gitdir:/home/runner/work/DistQLDPC/DistQLDPC/candidate/.git/worktrees/*.path /home/runner/work/_temp/git-credentials-26daa3e7-f46f-437a-b8af-5d71f0c3c7d3.config
compare	Check out candidate DistQLDPC	2026-10-07T13:50:20.8455082Z [command]/usr/bin/git config --local includeIf.gitdir:/github/workspace/candidate/.git.path /github/runner_temp/git-credentials-26daa3e7-f46f-437a-b8af-5d71f0c3c7d3.config
compare	Check out candidate DistQLDPC	2026-10-07T13:50:20.8501329Z [command]/usr/bin/git config --local includeIf.gitdir:/github/workspace/candidate/.git/worktrees/*.path /github/runner_temp/git-credentials-26daa3e7-f46f-437a-b8af-5d71f0c3c7d3.config
compare	Check out candidate DistQLDPC	2026-10-07T13:50:20.8540610Z ##[endgroup]
compare	Check out candidate DistQLDPC	2026-10-07T13:50:20.8541588Z ##[group]Fetching the repository
compare	Check out candidate DistQLDPC	2026-10-07T13:50:20.8551496Z [command]/usr/bin/git -c protocol.version=2 fetch --no-tags --prune --no-recurse-submodules origin +refs/heads/*:refs/remotes/origin/* +refs/tags/*:refs/tags/*
compare	Check out candidate DistQLDPC	2026-10-07T13:50:21.9064157Z From https://github.com/guluchen/DistQLDPC
compare	Check out candidate DistQLDPC	2026-10-07T13:50:21.9066922Z  * [new branch]      chore/autonomous-workflow-pilot -> origin/chore/autonomous-workflow-pilot
compare	Check out candidate DistQLDPC	2026-10-07T13:50:21.9070694Z  * [new branch]      chore/codex-integration-probe -> origin/chore/codex-integration-probe
compare	Check out candidate DistQLDPC	2026-10-07T13:50:21.9073227Z  * [new branch]      ci/cleanup-pi-escalation-test -> origin/ci/cleanup-pi-escalation-test
compare	Check out candidate DistQLDPC	2026-10-07T13:50:21.9075153Z  * [new branch]      ci/fire-pi-escalation-test -> origin/ci/fire-pi-escalation-test
compare	Check out candidate DistQLDPC	2026-10-07T13:50:21.9076934Z  * [new branch]      ci/pi-escalation-dispatch -> origin/ci/pi-escalation-dispatch
compare	Check out candidate DistQLDPC	2026-10-07T13:50:21.9079130Z  * [new branch]      ci/qdist-cross-repo-benchmark -> origin/ci/qdist-cross-repo-benchmark
compare	Check out candidate DistQLDPC	2026-10-07T13:50:21.9081149Z  * [new branch]      ci/test-pi-escalation-slack -> origin/ci/test-pi-escalation-slack
compare	Check out candidate DistQLDPC	2026-10-07T13:50:21.9083373Z  * [new branch]      docs/optimization-loop-policy -> origin/docs/optimization-loop-policy
compare	Check out candidate DistQLDPC	2026-10-07T13:50:21.9085578Z  * [new branch]      docs/require-cross-repo-benchmark -> origin/docs/require-cross-repo-benchmark
compare	Check out candidate DistQLDPC	2026-10-07T13:50:21.9087865Z  * [new branch]      experiment/h001-logical-row-xor -> origin/experiment/h001-logical-row-xor
compare	Check out candidate DistQLDPC	2026-10-07T13:50:21.9090005Z  * [new branch]      experiment/h007-lto -> origin/experiment/h007-lto
compare	Check out candidate DistQLDPC	2026-10-07T13:50:21.9091529Z  * [new branch]      main                -> origin/main
compare	Check out candidate DistQLDPC	2026-10-07T13:50:21.9093421Z  * [new branch]      policy/compute-cost-guardrails -> origin/policy/compute-cost-guardrails
compare	Check out candidate DistQLDPC	2026-10-07T13:50:21.9097156Z [command]/usr/bin/git branch --list --remote origin/experiment/h007-lto
compare	Check out candidate DistQLDPC	2026-10-07T13:50:21.9107709Z   origin/experiment/h007-lto
compare	Check out candidate DistQLDPC	2026-10-07T13:50:21.9118379Z [command]/usr/bin/git rev-parse refs/remotes/origin/experiment/h007-lto
compare	Check out candidate DistQLDPC	2026-10-07T13:50:21.9147041Z 5b13a2c01b6e0a4dec6a88ad5bbccdbf15df2030
compare	Check out candidate DistQLDPC	2026-10-07T13:50:21.9153057Z ##[endgroup]
compare	Check out candidate DistQLDPC	2026-10-07T13:50:21.9155194Z ##[group]Determining the checkout info
compare	Check out candidate DistQLDPC	2026-10-07T13:50:21.9157748Z ##[endgroup]
compare	Check out candidate DistQLDPC	2026-10-07T13:50:21.9161142Z [command]/usr/bin/git sparse-checkout disable
compare	Check out candidate DistQLDPC	2026-10-07T13:50:21.9220033Z [command]/usr/bin/git config --local --unset-all extensions.worktreeConfig
compare	Check out candidate DistQLDPC	2026-10-07T13:50:21.9258188Z ##[group]Checking out the ref
compare	Check out candidate DistQLDPC	2026-10-07T13:50:21.9261967Z [command]/usr/bin/git checkout --progress --force -B experiment/h007-lto refs/remotes/origin/experiment/h007-lto
compare	Check out candidate DistQLDPC	2026-10-07T13:50:21.9796457Z Switched to a new branch 'experiment/h007-lto'
compare	Check out candidate DistQLDPC	2026-10-07T13:50:21.9801986Z branch 'experiment/h007-lto' set up to track 'origin/experiment/h007-lto'.
compare	Check out candidate DistQLDPC	2026-10-07T13:50:21.9824356Z ##[endgroup]
compare	Check out candidate DistQLDPC	2026-10-07T13:50:21.9949299Z [command]/usr/bin/git log -1 --format=%H
compare	Check out candidate DistQLDPC	2026-10-07T13:50:21.9967876Z 5b13a2c01b6e0a4dec6a88ad5bbccdbf15df2030
compare	Resolve baseline commit	﻿2026-10-07T13:50:22.0200386Z ##[group]Run set -euo pipefail
compare	Resolve baseline commit	2026-10-07T13:50:22.0202056Z ^[[36;1mset -euo pipefail^[[0m
compare	Resolve baseline commit	2026-10-07T13:50:22.0203460Z ^[[36;1mif [ "push" = "pull_request" ]; then^[[0m
compare	Resolve baseline commit	2026-10-07T13:50:22.0204888Z ^[[36;1m  base=""^[[0m
compare	Resolve baseline commit	2026-10-07T13:50:22.0207682Z ^[[36;1melif [ -n "0000000000000000000000000000000000000000" ] && [ "0000000000000000000000000000000000000000" != "0000000000000000000000000000000000000000" ]; then^[[0m
compare	Resolve baseline commit	2026-10-07T13:50:22.0211055Z ^[[36;1m  base="0000000000000000000000000000000000000000"^[[0m
compare	Resolve baseline commit	2026-10-07T13:50:22.0212535Z ^[[36;1melse^[[0m
compare	Resolve baseline commit	2026-10-07T13:50:22.0213612Z ^[[36;1m  base="$(git rev-parse HEAD^)"^[[0m
compare	Resolve baseline commit	2026-10-07T13:50:22.0214929Z ^[[36;1mfi^[[0m
compare	Resolve baseline commit	2026-10-07T13:50:22.0216010Z ^[[36;1mecho "base=$base" >> "$GITHUB_OUTPUT"^[[0m
compare	Resolve baseline commit	2026-10-07T13:50:22.0217796Z ^[[36;1mecho "candidate=$(git rev-parse HEAD)" >> "$GITHUB_OUTPUT"^[[0m
compare	Resolve baseline commit	2026-10-07T13:50:22.0503560Z shell: /usr/bin/bash --noprofile --norc -e -o pipefail {0}
compare	Resolve baseline commit	2026-10-07T13:50:22.0505225Z ##[endgroup]
compare	Check out baseline DistQLDPC	﻿2026-10-07T13:50:22.0946777Z ##[group]Run actions/checkout@v7
compare	Check out baseline DistQLDPC	2026-10-07T13:50:22.0948002Z with:
compare	Check out baseline DistQLDPC	2026-10-07T13:50:22.0949235Z   ref: 24572d6d09cce9a4a5faa58300a89e0feba9da6a
compare	Check out baseline DistQLDPC	2026-10-07T13:50:22.0950549Z   path: baseline
compare	Check out baseline DistQLDPC	2026-10-07T13:50:22.0951488Z   fetch-depth: 1
compare	Check out baseline DistQLDPC	2026-10-07T13:50:22.0952481Z   repository: guluchen/DistQLDPC
compare	Check out baseline DistQLDPC	2026-10-07T13:50:22.0965312Z   token: ***
compare	Check out baseline DistQLDPC	2026-10-07T13:50:22.0966286Z   ssh-strict: true
compare	Check out baseline DistQLDPC	2026-10-07T13:50:22.0967227Z   ssh-user: git
compare	Check out baseline DistQLDPC	2026-10-07T13:50:22.0968600Z   persist-credentials: true
compare	Check out baseline DistQLDPC	2026-10-07T13:50:22.0969860Z   clean: true
compare	Check out baseline DistQLDPC	2026-10-07T13:50:22.0970838Z   sparse-checkout-cone-mode: true
compare	Check out baseline DistQLDPC	2026-10-07T13:50:22.0972005Z   fetch-tags: false
compare	Check out baseline DistQLDPC	2026-10-07T13:50:22.0973000Z   show-progress: true
compare	Check out baseline DistQLDPC	2026-10-07T13:50:22.0973959Z   lfs: false
compare	Check out baseline DistQLDPC	2026-10-07T13:50:22.0975343Z   submodules: false
compare	Check out baseline DistQLDPC	2026-10-07T13:50:22.0976354Z   set-safe-directory: true
compare	Check out baseline DistQLDPC	2026-10-07T13:50:22.0977458Z   allow-unsafe-pr-checkout: false
compare	Check out baseline DistQLDPC	2026-10-07T13:50:22.0978754Z ##[endgroup]
compare	Check out baseline DistQLDPC	2026-10-07T13:50:22.1867966Z Syncing repository: guluchen/DistQLDPC
compare	Check out baseline DistQLDPC	2026-10-07T13:50:22.1882866Z ##[group]Getting Git version info
compare	Check out baseline DistQLDPC	2026-10-07T13:50:22.1885693Z Working directory is '/home/runner/work/DistQLDPC/DistQLDPC/baseline'
compare	Check out baseline DistQLDPC	2026-10-07T13:50:22.1925988Z [command]/usr/bin/git version
compare	Check out baseline DistQLDPC	2026-10-07T13:50:22.1983715Z git version 2.55.0
compare	Check out baseline DistQLDPC	2026-10-07T13:50:22.2009539Z ##[endgroup]
compare	Check out baseline DistQLDPC	2026-10-07T13:50:22.2022021Z Temporarily overriding HOME='/home/runner/work/_temp/3886c287-d241-45d7-b67d-bbbaa55ddf0b' before making global git config changes
compare	Check out baseline DistQLDPC	2026-10-07T13:50:22.2027250Z Adding repository directory to the temporary git global config as a safe directory
compare	Check out baseline DistQLDPC	2026-10-07T13:50:22.2031889Z [command]/usr/bin/git config --global --add safe.directory /home/runner/work/DistQLDPC/DistQLDPC/baseline
compare	Check out baseline DistQLDPC	2026-10-07T13:50:22.2070103Z ##[group]Determining repository object format
compare	Check out baseline DistQLDPC	2026-10-07T13:50:22.2080593Z ##[endgroup]
compare	Check out baseline DistQLDPC	2026-10-07T13:50:22.2082312Z ##[group]Initializing the repository
compare	Check out baseline DistQLDPC	2026-10-07T13:50:22.2084020Z [command]/usr/bin/git init /home/runner/work/DistQLDPC/DistQLDPC/baseline
compare	Check out baseline DistQLDPC	2026-10-07T13:50:22.2136660Z hint: Using 'master' as the name for the initial branch. This default branch name
compare	Check out baseline DistQLDPC	2026-10-07T13:50:22.2141029Z hint: will change to "main" in Git 3.0. To configure the initial branch name
compare	Check out baseline DistQLDPC	2026-10-07T13:50:22.2144627Z hint: to use in all of your new repositories, which will suppress this warning,
compare	Check out baseline DistQLDPC	2026-10-07T13:50:22.2147423Z hint: call:
compare	Check out baseline DistQLDPC	2026-10-07T13:50:22.2149106Z hint:
compare	Check out baseline DistQLDPC	2026-10-07T13:50:22.2151297Z hint: 	git config --global init.defaultBranch <name>
compare	Check out baseline DistQLDPC	2026-10-07T13:50:22.2153661Z hint:
compare	Check out baseline DistQLDPC	2026-10-07T13:50:22.2155782Z hint: Names commonly chosen instead of 'master' are 'main', 'trunk' and
compare	Check out baseline DistQLDPC	2026-10-07T13:50:22.2159386Z hint: 'development'. The just-created branch can be renamed via this command:
compare	Check out baseline DistQLDPC	2026-10-07T13:50:22.2162101Z hint:
compare	Check out baseline DistQLDPC	2026-10-07T13:50:22.2163011Z hint: 	git branch -m <name>
compare	Check out baseline DistQLDPC	2026-10-07T13:50:22.2164023Z hint:
compare	Check out baseline DistQLDPC	2026-10-07T13:50:22.2165377Z hint: Disable this message with "git config set advice.defaultBranchName false"
compare	Check out baseline DistQLDPC	2026-10-07T13:50:22.2167697Z Initialized empty Git repository in /home/runner/work/DistQLDPC/DistQLDPC/baseline/.git/
compare	Check out baseline DistQLDPC	2026-10-07T13:50:22.2173658Z [command]/usr/bin/git remote add origin https://github.com/guluchen/DistQLDPC
compare	Check out baseline DistQLDPC	2026-10-07T13:50:22.2229825Z ##[endgroup]
compare	Check out baseline DistQLDPC	2026-10-07T13:50:22.2232351Z ##[group]Disabling automatic garbage collection
compare	Check out baseline DistQLDPC	2026-10-07T13:50:22.2234335Z [command]/usr/bin/git config --local gc.auto 0
compare	Check out baseline DistQLDPC	2026-10-07T13:50:22.2270278Z ##[endgroup]
compare	Check out baseline DistQLDPC	2026-10-07T13:50:22.2271869Z ##[group]Setting up auth
compare	Check out baseline DistQLDPC	2026-10-07T13:50:22.2273065Z Removing SSH command configuration
compare	Check out baseline DistQLDPC	2026-10-07T13:50:22.2277238Z [command]/usr/bin/git config --local --name-only --get-regexp core\.sshCommand
compare	Check out baseline DistQLDPC	2026-10-07T13:50:22.2329677Z [command]/usr/bin/git submodule foreach --recursive sh -c "git config --local --name-only --get-regexp 'core\.sshCommand' && git config --local --unset-all 'core.sshCommand' || :"
compare	Check out baseline DistQLDPC	2026-10-07T13:50:22.2597038Z Removing HTTP extra header
compare	Check out baseline DistQLDPC	2026-10-07T13:50:22.2603684Z [command]/usr/bin/git config --local --name-only --get-regexp http\.https\:\/\/github\.com\/\.extraheader
compare	Check out baseline DistQLDPC	2026-10-07T13:50:22.2646646Z [command]/usr/bin/git submodule foreach --recursive sh -c "git config --local --name-only --get-regexp 'http\.https\:\/\/github\.com\/\.extraheader' && git config --local --unset-all 'http.https://github.com/.extraheader' || :"
compare	Check out baseline DistQLDPC	2026-10-07T13:50:22.2915543Z Removing includeIf entries pointing to credentials config files
compare	Check out baseline DistQLDPC	2026-10-07T13:50:22.2920892Z [command]/usr/bin/git config --local --name-only --get-regexp ^includeIf\.gitdir:
compare	Check out baseline DistQLDPC	2026-10-07T13:50:22.2963081Z [command]/usr/bin/git submodule foreach --recursive git config --local --show-origin --name-only --get-regexp remote.origin.url
compare	Check out baseline DistQLDPC	2026-10-07T13:50:22.3227032Z [command]/usr/bin/git config --file /home/runner/work/_temp/git-credentials-922fc978-17ad-4c85-baca-4f115d84bdcd.config http.https://github.com/.extraheader AUTHORIZATION: basic ***
compare	Check out baseline DistQLDPC	2026-10-07T13:50:22.3287007Z [command]/usr/bin/git config --local includeIf.gitdir:/home/runner/work/DistQLDPC/DistQLDPC/baseline/.git.path /home/runner/work/_temp/git-credentials-922fc978-17ad-4c85-baca-4f115d84bdcd.config
compare	Check out baseline DistQLDPC	2026-10-07T13:50:22.3330478Z [command]/usr/bin/git config --local includeIf.gitdir:/home/runner/work/DistQLDPC/DistQLDPC/baseline/.git/worktrees/*.path /home/runner/work/_temp/git-credentials-922fc978-17ad-4c85-baca-4f115d84bdcd.config
compare	Check out baseline DistQLDPC	2026-10-07T13:50:22.3370708Z [command]/usr/bin/git config --local includeIf.gitdir:/github/workspace/baseline/.git.path /github/runner_temp/git-credentials-922fc978-17ad-4c85-baca-4f115d84bdcd.config
compare	Check out baseline DistQLDPC	2026-10-07T13:50:22.3409114Z [command]/usr/bin/git config --local includeIf.gitdir:/github/workspace/baseline/.git/worktrees/*.path /github/runner_temp/git-credentials-922fc978-17ad-4c85-baca-4f115d84bdcd.config
compare	Check out baseline DistQLDPC	2026-10-07T13:50:22.3447463Z ##[endgroup]
compare	Check out baseline DistQLDPC	2026-10-07T13:50:22.3448427Z ##[group]Fetching the repository
compare	Check out baseline DistQLDPC	2026-10-07T13:50:22.3454391Z [command]/usr/bin/git -c protocol.version=2 fetch --no-tags --prune --no-recurse-submodules --depth=1 origin 24572d6d09cce9a4a5faa58300a89e0feba9da6a
compare	Check out baseline DistQLDPC	2026-10-07T13:50:22.7771862Z From https://github.com/guluchen/DistQLDPC
compare	Check out baseline DistQLDPC	2026-10-07T13:50:22.7773549Z  * branch            24572d6d09cce9a4a5faa58300a89e0feba9da6a -> FETCH_HEAD
compare	Check out baseline DistQLDPC	2026-10-07T13:50:22.7783136Z [command]/usr/bin/git rev-parse --verify --quiet 24572d6d09cce9a4a5faa58300a89e0feba9da6a^{object}
compare	Check out baseline DistQLDPC	2026-10-07T13:50:22.7814500Z 24572d6d09cce9a4a5faa58300a89e0feba9da6a
compare	Check out baseline DistQLDPC	2026-10-07T13:50:22.7821106Z ##[endgroup]
compare	Check out baseline DistQLDPC	2026-10-07T13:50:22.7821854Z ##[group]Determining the checkout info
compare	Check out baseline DistQLDPC	2026-10-07T13:50:22.7823051Z ##[endgroup]
compare	Check out baseline DistQLDPC	2026-10-07T13:50:22.7829406Z [command]/usr/bin/git sparse-checkout disable
compare	Check out baseline DistQLDPC	2026-10-07T13:50:22.7882669Z [command]/usr/bin/git config --local --unset-all extensions.worktreeConfig
compare	Check out baseline DistQLDPC	2026-10-07T13:50:22.7924503Z ##[group]Checking out the ref
compare	Check out baseline DistQLDPC	2026-10-07T13:50:22.7930559Z [command]/usr/bin/git checkout --progress --force 24572d6d09cce9a4a5faa58300a89e0feba9da6a
compare	Check out baseline DistQLDPC	2026-10-07T13:50:22.8501646Z Note: switching to '24572d6d09cce9a4a5faa58300a89e0feba9da6a'.
compare	Check out baseline DistQLDPC	2026-10-07T13:50:22.8502285Z 
compare	Check out baseline DistQLDPC	2026-10-07T13:50:22.8502693Z You are in 'detached HEAD' state. You can look around, make experimental
compare	Check out baseline DistQLDPC	2026-10-07T13:50:22.8503701Z changes and commit them, and you can discard any commits you make in this
compare	Check out baseline DistQLDPC	2026-10-07T13:50:22.8504639Z state without impacting any branches by switching back to a branch.
compare	Check out baseline DistQLDPC	2026-10-07T13:50:22.8505208Z 
compare	Check out baseline DistQLDPC	2026-10-07T13:50:22.8505580Z If you want to create a new branch to retain commits you create, you may
compare	Check out baseline DistQLDPC	2026-10-07T13:50:22.8506444Z do so (now or later) by using -c with the switch command. Example:
compare	Check out baseline DistQLDPC	2026-10-07T13:50:22.8506960Z 
compare	Check out baseline DistQLDPC	2026-10-07T13:50:22.8507180Z   git switch -c <new-branch-name>
compare	Check out baseline DistQLDPC	2026-10-07T13:50:22.8507539Z 
compare	Check out baseline DistQLDPC	2026-10-07T13:50:22.8507756Z Or undo this operation with:
compare	Check out baseline DistQLDPC	2026-10-07T13:50:22.8508074Z 
compare	Check out baseline DistQLDPC	2026-10-07T13:50:22.8508271Z   git switch -
compare	Check out baseline DistQLDPC	2026-10-07T13:50:22.8508796Z 
compare	Check out baseline DistQLDPC	2026-10-07T13:50:22.8509229Z Turn off this advice by setting config variable advice.detachedHead to false
compare	Check out baseline DistQLDPC	2026-10-07T13:50:22.8509824Z 
compare	Check out baseline DistQLDPC	2026-10-07T13:50:22.8510223Z HEAD is now at 24572d6 Point CI smoke at LP_34_20_2 after the QDistSAT rename.
compare	Check out baseline DistQLDPC	2026-10-07T13:50:22.8524917Z ##[endgroup]
compare	Check out baseline DistQLDPC	2026-10-07T13:50:22.8573848Z [command]/usr/bin/git log -1 --format=%H
compare	Check out baseline DistQLDPC	2026-10-07T13:50:22.8604978Z 24572d6d09cce9a4a5faa58300a89e0feba9da6a
compare	Check out QDistSAT benchmark platform	﻿2026-10-07T13:50:22.8801551Z ##[group]Run actions/checkout@v7
compare	Check out QDistSAT benchmark platform	2026-10-07T13:50:22.8801914Z with:
compare	Check out QDistSAT benchmark platform	2026-10-07T13:50:22.8802173Z   repository: guluchen/QDistSAT
compare	Check out QDistSAT benchmark platform	2026-10-07T13:50:22.8802465Z   ref: main
compare	Check out QDistSAT benchmark platform	2026-10-07T13:50:22.8802702Z   path: qdistsat
compare	Check out QDistSAT benchmark platform	2026-10-07T13:50:22.8802954Z   fetch-depth: 1
compare	Check out QDistSAT benchmark platform	2026-10-07T13:50:22.8805587Z   token: ***
compare	Check out QDistSAT benchmark platform	2026-10-07T13:50:22.8806042Z   ssh-strict: true
compare	Check out QDistSAT benchmark platform	2026-10-07T13:50:22.8806331Z   ssh-user: git
compare	Check out QDistSAT benchmark platform	2026-10-07T13:50:22.8806606Z   persist-credentials: true
compare	Check out QDistSAT benchmark platform	2026-10-07T13:50:22.8806904Z   clean: true
compare	Check out QDistSAT benchmark platform	2026-10-07T13:50:22.8807192Z   sparse-checkout-cone-mode: true
compare	Check out QDistSAT benchmark platform	2026-10-07T13:50:22.8807506Z   fetch-tags: false
compare	Check out QDistSAT benchmark platform	2026-10-07T13:50:22.8807770Z   show-progress: true
compare	Check out QDistSAT benchmark platform	2026-10-07T13:50:22.8808036Z   lfs: false
compare	Check out QDistSAT benchmark platform	2026-10-07T13:50:22.8808280Z   submodules: false
compare	Check out QDistSAT benchmark platform	2026-10-07T13:50:22.8808844Z   set-safe-directory: true
compare	Check out QDistSAT benchmark platform	2026-10-07T13:50:22.8809186Z   allow-unsafe-pr-checkout: false
compare	Check out QDistSAT benchmark platform	2026-10-07T13:50:22.8809495Z ##[endgroup]
compare	Check out QDistSAT benchmark platform	2026-10-07T13:50:22.9676777Z Syncing repository: guluchen/QDistSAT
compare	Check out QDistSAT benchmark platform	2026-10-07T13:50:22.9684530Z ##[group]Getting Git version info
compare	Check out QDistSAT benchmark platform	2026-10-07T13:50:22.9685760Z Working directory is '/home/runner/work/DistQLDPC/DistQLDPC/qdistsat'
compare	Check out QDistSAT benchmark platform	2026-10-07T13:50:22.9727802Z [command]/usr/bin/git version
compare	Check out QDistSAT benchmark platform	2026-10-07T13:50:22.9782208Z git version 2.55.0
compare	Check out QDistSAT benchmark platform	2026-10-07T13:50:22.9804084Z ##[endgroup]
compare	Check out QDistSAT benchmark platform	2026-10-07T13:50:22.9815343Z Temporarily overriding HOME='/home/runner/work/_temp/e8401ad0-8c0a-461f-88fa-1f40c7a1f8aa' before making global git config changes
compare	Check out QDistSAT benchmark platform	2026-10-07T13:50:22.9816880Z Adding repository directory to the temporary git global config as a safe directory
compare	Check out QDistSAT benchmark platform	2026-10-07T13:50:22.9822391Z [command]/usr/bin/git config --global --add safe.directory /home/runner/work/DistQLDPC/DistQLDPC/qdistsat
compare	Check out QDistSAT benchmark platform	2026-10-07T13:50:22.9857321Z ##[group]Determining repository object format
compare	Check out QDistSAT benchmark platform	2026-10-07T13:50:23.2270446Z ##[endgroup]
compare	Check out QDistSAT benchmark platform	2026-10-07T13:50:23.2271743Z ##[group]Initializing the repository
compare	Check out QDistSAT benchmark platform	2026-10-07T13:50:23.2281747Z [command]/usr/bin/git init /home/runner/work/DistQLDPC/DistQLDPC/qdistsat
compare	Check out QDistSAT benchmark platform	2026-10-07T13:50:23.2371145Z hint: Using 'master' as the name for the initial branch. This default branch name
compare	Check out QDistSAT benchmark platform	2026-10-07T13:50:23.2380802Z hint: will change to "main" in Git 3.0. To configure the initial branch name
compare	Check out QDistSAT benchmark platform	2026-10-07T13:50:23.2381950Z hint: to use in all of your new repositories, which will suppress this warning,
compare	Check out QDistSAT benchmark platform	2026-10-07T13:50:23.2382782Z hint: call:
compare	Check out QDistSAT benchmark platform	2026-10-07T13:50:23.2383356Z hint:
compare	Check out QDistSAT benchmark platform	2026-10-07T13:50:23.2384056Z hint: 	git config --global init.defaultBranch <name>
compare	Check out QDistSAT benchmark platform	2026-10-07T13:50:23.2384555Z hint:
compare	Check out QDistSAT benchmark platform	2026-10-07T13:50:23.2384982Z hint: Names commonly chosen instead of 'master' are 'main', 'trunk' and
compare	Check out QDistSAT benchmark platform	2026-10-07T13:50:23.2385609Z hint: 'development'. The just-created branch can be renamed via this command:
compare	Check out QDistSAT benchmark platform	2026-10-07T13:50:23.2386330Z hint:
compare	Check out QDistSAT benchmark platform	2026-10-07T13:50:23.2386801Z hint: 	git branch -m <name>
compare	Check out QDistSAT benchmark platform	2026-10-07T13:50:23.2387126Z hint:
compare	Check out QDistSAT benchmark platform	2026-10-07T13:50:23.2387563Z hint: Disable this message with "git config set advice.defaultBranchName false"
compare	Check out QDistSAT benchmark platform	2026-10-07T13:50:23.2388735Z Initialized empty Git repository in /home/runner/work/DistQLDPC/DistQLDPC/qdistsat/.git/
compare	Check out QDistSAT benchmark platform	2026-10-07T13:50:23.2390617Z [command]/usr/bin/git remote add origin https://github.com/guluchen/QDistSAT
compare	Check out QDistSAT benchmark platform	2026-10-07T13:50:23.2434403Z ##[endgroup]
compare	Check out QDistSAT benchmark platform	2026-10-07T13:50:23.2435164Z ##[group]Disabling automatic garbage collection
compare	Check out QDistSAT benchmark platform	2026-10-07T13:50:23.2440652Z [command]/usr/bin/git config --local gc.auto 0
compare	Check out QDistSAT benchmark platform	2026-10-07T13:50:23.2482396Z ##[endgroup]
compare	Check out QDistSAT benchmark platform	2026-10-07T13:50:23.2483060Z ##[group]Setting up auth
compare	Check out QDistSAT benchmark platform	2026-10-07T13:50:23.2483745Z Removing SSH command configuration
compare	Check out QDistSAT benchmark platform	2026-10-07T13:50:23.2490687Z [command]/usr/bin/git config --local --name-only --get-regexp core\.sshCommand
compare	Check out QDistSAT benchmark platform	2026-10-07T13:50:23.2537721Z [command]/usr/bin/git submodule foreach --recursive sh -c "git config --local --name-only --get-regexp 'core\.sshCommand' && git config --local --unset-all 'core.sshCommand' || :"
compare	Check out QDistSAT benchmark platform	2026-10-07T13:50:23.2791112Z Removing HTTP extra header
compare	Check out QDistSAT benchmark platform	2026-10-07T13:50:23.2796667Z [command]/usr/bin/git config --local --name-only --get-regexp http\.https\:\/\/github\.com\/\.extraheader
compare	Check out QDistSAT benchmark platform	2026-10-07T13:50:23.2836779Z [command]/usr/bin/git submodule foreach --recursive sh -c "git config --local --name-only --get-regexp 'http\.https\:\/\/github\.com\/\.extraheader' && git config --local --unset-all 'http.https://github.com/.extraheader' || :"
compare	Check out QDistSAT benchmark platform	2026-10-07T13:50:23.3073563Z Removing includeIf entries pointing to credentials config files
compare	Check out QDistSAT benchmark platform	2026-10-07T13:50:23.3080104Z [command]/usr/bin/git config --local --name-only --get-regexp ^includeIf\.gitdir:
compare	Check out QDistSAT benchmark platform	2026-10-07T13:50:23.3118337Z [command]/usr/bin/git submodule foreach --recursive git config --local --show-origin --name-only --get-regexp remote.origin.url
compare	Check out QDistSAT benchmark platform	2026-10-07T13:50:23.3359857Z [command]/usr/bin/git config --file /home/runner/work/_temp/git-credentials-291cf729-0148-4064-b22e-7e58161f775f.config http.https://github.com/.extraheader AUTHORIZATION: basic ***
compare	Check out QDistSAT benchmark platform	2026-10-07T13:50:23.3403693Z [command]/usr/bin/git config --local includeIf.gitdir:/home/runner/work/DistQLDPC/DistQLDPC/qdistsat/.git.path /home/runner/work/_temp/git-credentials-291cf729-0148-4064-b22e-7e58161f775f.config
compare	Check out QDistSAT benchmark platform	2026-10-07T13:50:23.3442201Z [command]/usr/bin/git config --local includeIf.gitdir:/home/runner/work/DistQLDPC/DistQLDPC/qdistsat/.git/worktrees/*.path /home/runner/work/_temp/git-credentials-291cf729-0148-4064-b22e-7e58161f775f.config
compare	Check out QDistSAT benchmark platform	2026-10-07T13:50:23.3479992Z [command]/usr/bin/git config --local includeIf.gitdir:/github/workspace/qdistsat/.git.path /github/runner_temp/git-credentials-291cf729-0148-4064-b22e-7e58161f775f.config
compare	Check out QDistSAT benchmark platform	2026-10-07T13:50:23.3518482Z [command]/usr/bin/git config --local includeIf.gitdir:/github/workspace/qdistsat/.git/worktrees/*.path /github/runner_temp/git-credentials-291cf729-0148-4064-b22e-7e58161f775f.config
compare	Check out QDistSAT benchmark platform	2026-10-07T13:50:23.3552224Z ##[endgroup]
compare	Check out QDistSAT benchmark platform	2026-10-07T13:50:23.3552761Z ##[group]Fetching the repository
compare	Check out QDistSAT benchmark platform	2026-10-07T13:50:23.3559305Z [command]/usr/bin/git -c protocol.version=2 fetch --no-tags --prune --no-recurse-submodules --depth=1 origin +refs/heads/main*:refs/remotes/origin/main* +refs/tags/main*:refs/tags/main*
compare	Check out QDistSAT benchmark platform	2026-10-07T13:50:24.0470922Z From https://github.com/guluchen/QDistSAT
compare	Check out QDistSAT benchmark platform	2026-10-07T13:50:24.0479634Z  * [new branch]      main       -> origin/main
compare	Check out QDistSAT benchmark platform	2026-10-07T13:50:24.0481522Z ##[endgroup]
compare	Check out QDistSAT benchmark platform	2026-10-07T13:50:24.0482217Z ##[group]Determining the checkout info
compare	Check out QDistSAT benchmark platform	2026-10-07T13:50:24.0483093Z [command]/usr/bin/git branch --list --remote origin/main
compare	Check out QDistSAT benchmark platform	2026-10-07T13:50:24.0516760Z   origin/main
compare	Check out QDistSAT benchmark platform	2026-10-07T13:50:24.0522625Z ##[endgroup]
compare	Check out QDistSAT benchmark platform	2026-10-07T13:50:24.0527821Z [command]/usr/bin/git sparse-checkout disable
compare	Check out QDistSAT benchmark platform	2026-10-07T13:50:24.0577452Z [command]/usr/bin/git config --local --unset-all extensions.worktreeConfig
compare	Check out QDistSAT benchmark platform	2026-10-07T13:50:24.0615488Z ##[group]Checking out the ref
compare	Check out QDistSAT benchmark platform	2026-10-07T13:50:24.0620398Z [command]/usr/bin/git checkout --progress --force -B main refs/remotes/origin/main
compare	Check out QDistSAT benchmark platform	2026-10-07T13:50:24.0963205Z Switched to a new branch 'main'
compare	Check out QDistSAT benchmark platform	2026-10-07T13:50:24.0965217Z branch 'main' set up to track 'origin/main'.
compare	Check out QDistSAT benchmark platform	2026-10-07T13:50:24.1003008Z ##[endgroup]
compare	Check out QDistSAT benchmark platform	2026-10-07T13:50:24.1033632Z [command]/usr/bin/git log -1 --format=%H
compare	Check out QDistSAT benchmark platform	2026-10-07T13:50:24.1066256Z 7c4774fffc49856f48a22ae5f9063d00b2661aaa
compare	Install build dependencies	﻿2026-10-07T13:50:24.1252602Z ##[group]Run sudo apt-get update
compare	Install build dependencies	2026-10-07T13:50:24.1252935Z ^[[36;1msudo apt-get update^[[0m
compare	Install build dependencies	2026-10-07T13:50:24.1253270Z ^[[36;1msudo apt-get install --yes build-essential zlib1g-dev^[[0m
compare	Install build dependencies	2026-10-07T13:50:24.1321294Z shell: /usr/bin/bash -e {0}
compare	Install build dependencies	2026-10-07T13:50:24.1321570Z ##[endgroup]
compare	Install build dependencies	2026-10-07T13:50:24.2281591Z Get:1 file:/etc/apt/apt-mirrors.txt Mirrorlist [144 B]
compare	Install build dependencies	2026-10-07T13:50:24.2607063Z Hit:2 http://azure.archive.ubuntu.com/ubuntu noble InRelease
compare	Install build dependencies	2026-10-07T13:50:24.2624786Z Get:3 http://azure.archive.ubuntu.com/ubuntu noble-updates InRelease [126 kB]
compare	Install build dependencies	2026-10-07T13:50:24.2685903Z Get:4 http://azure.archive.ubuntu.com/ubuntu noble-backports InRelease [126 kB]
compare	Install build dependencies	2026-10-07T13:50:24.2710427Z Get:5 http://azure.archive.ubuntu.com/ubuntu noble-security InRelease [126 kB]
compare	Install build dependencies	2026-10-07T13:50:24.3336649Z Get:6 https://packages.microsoft.com/ubuntu/24.04/prod noble InRelease [3600 B]
compare	Install build dependencies	2026-10-07T13:50:24.3996907Z Get:7 http://azure.archive.ubuntu.com/ubuntu noble-updates/main amd64 Packages [1375 kB]
compare	Install build dependencies	2026-10-07T13:50:24.4196781Z Get:8 http://azure.archive.ubuntu.com/ubuntu noble-updates/main Translation-en [306 kB]
compare	Install build dependencies	2026-10-07T13:50:24.4210168Z Get:9 http://azure.archive.ubuntu.com/ubuntu noble-updates/universe amd64 Packages [1702 kB]
compare	Install build dependencies	2026-10-07T13:50:24.4297931Z Get:10 http://azure.archive.ubuntu.com/ubuntu noble-updates/universe Translation-en [341 kB]
compare	Install build dependencies	2026-10-07T13:50:24.4341111Z Get:11 http://azure.archive.ubuntu.com/ubuntu noble-updates/restricted amd64 Packages [1730 kB]
compare	Install build dependencies	2026-10-07T13:50:24.4460151Z Get:12 http://azure.archive.ubuntu.com/ubuntu noble-updates/restricted Translation-en [396 kB]
compare	Install build dependencies	2026-10-07T13:50:24.4524678Z Get:13 http://azure.archive.ubuntu.com/ubuntu noble-updates/multiverse Translation-en [13.3 kB]
compare	Install build dependencies	2026-10-07T13:50:24.5251052Z Get:14 http://azure.archive.ubuntu.com/ubuntu noble-security/main amd64 Packages [1073 kB]
compare	Install build dependencies	2026-10-07T13:50:24.5296584Z Get:15 http://azure.archive.ubuntu.com/ubuntu noble-security/main Translation-en [223 kB]
compare	Install build dependencies	2026-10-07T13:50:24.5339225Z Get:16 http://azure.archive.ubuntu.com/ubuntu noble-security/universe amd64 Packages [1218 kB]
compare	Install build dependencies	2026-10-07T13:50:24.5839074Z Get:17 http://azure.archive.ubuntu.com/ubuntu noble-security/universe Translation-en [245 kB]
compare	Install build dependencies	2026-10-07T13:50:24.5842532Z Get:18 http://azure.archive.ubuntu.com/ubuntu noble-security/multiverse Translation-en [11.6 kB]
compare	Install build dependencies	2026-10-07T13:50:24.6021217Z Get:19 https://packages.microsoft.com/ubuntu/24.04/prod noble/main amd64 Packages [519 kB]
compare	Install build dependencies	2026-10-07T13:50:24.6130747Z Get:20 https://packages.microsoft.com/ubuntu/24.04/prod noble/main arm64 Packages [463 kB]
compare	Install build dependencies	2026-10-07T13:50:27.4710047Z Fetched 9997 kB in 1s (9265 kB/s)
compare	Install build dependencies	2026-10-07T13:50:28.3597890Z Reading package lists...
compare	Install build dependencies	2026-10-07T13:50:28.3908045Z Reading package lists...
compare	Install build dependencies	2026-10-07T13:50:28.6114217Z Building dependency tree...
compare	Install build dependencies	2026-10-07T13:50:28.6121790Z Reading state information...
compare	Install build dependencies	2026-10-07T13:50:28.7947627Z zlib1g-dev is already the newest version (1:1.3.dfsg-3.1ubuntu2.2).
compare	Install build dependencies	2026-10-07T13:50:28.7948139Z The following NEW packages will be installed:
compare	Install build dependencies	2026-10-07T13:50:28.7955898Z   build-essential
compare	Install build dependencies	2026-10-07T13:50:28.8137493Z 0 upgraded, 1 newly installed, 0 to remove and 10 not upgraded.
compare	Install build dependencies	2026-10-07T13:50:28.8138875Z Need to get 4928 B of archives.
compare	Install build dependencies	2026-10-07T13:50:28.8139542Z After this operation, 17.4 kB of additional disk space will be used.
compare	Install build dependencies	2026-10-07T13:50:28.8140032Z Get:1 file:/etc/apt/apt-mirrors.txt Mirrorlist [144 B]
compare	Install build dependencies	2026-10-07T13:50:28.8522899Z Get:2 http://azure.archive.ubuntu.com/ubuntu noble/main amd64 build-essential amd64 12.10ubuntu1 [4928 B]
compare	Install build dependencies	2026-10-07T13:50:29.1238917Z Fetched 4928 B in 0s (100 kB/s)
compare	Install build dependencies	2026-10-07T13:50:29.1467189Z Selecting previously unselected package build-essential.
compare	Install build dependencies	2026-10-07T13:50:29.1801419Z (Reading database ... 
compare	Install build dependencies	2026-10-07T13:50:29.1801933Z (Reading database ... 5%
compare	Install build dependencies	2026-10-07T13:50:29.1802254Z (Reading database ... 10%
compare	Install build dependencies	2026-10-07T13:50:29.1802536Z (Reading database ... 15%
compare	Install build dependencies	2026-10-07T13:50:29.1802815Z (Reading database ... 20%
compare	Install build dependencies	2026-10-07T13:50:29.1803081Z (Reading database ... 25%
compare	Install build dependencies	2026-10-07T13:50:29.1803348Z (Reading database ... 30%
compare	Install build dependencies	2026-10-07T13:50:29.1803964Z (Reading database ... 35%
compare	Install build dependencies	2026-10-07T13:50:29.1804235Z (Reading database ... 40%
compare	Install build dependencies	2026-10-07T13:50:29.1804514Z (Reading database ... 45%
compare	Install build dependencies	2026-10-07T13:50:29.1804791Z (Reading database ... 50%
compare	Install build dependencies	2026-10-07T13:50:29.1879610Z (Reading database ... 55%
compare	Install build dependencies	2026-10-07T13:50:29.2853373Z (Reading database ... 60%
compare	Install build dependencies	2026-10-07T13:50:29.4934255Z (Reading database ... 65%
compare	Install build dependencies	2026-10-07T13:50:29.6979170Z (Reading database ... 70%
compare	Install build dependencies	2026-10-07T13:50:29.8799589Z (Reading database ... 75%
compare	Install build dependencies	2026-10-07T13:50:30.0032859Z (Reading database ... 80%
compare	Install build dependencies	2026-10-07T13:50:30.1414806Z (Reading database ... 85%
compare	Install build dependencies	2026-10-07T13:50:30.3413090Z (Reading database ... 90%
compare	Install build dependencies	2026-10-07T13:50:30.4934929Z (Reading database ... 95%
compare	Install build dependencies	2026-10-07T13:50:30.4935481Z (Reading database ... 100%
compare	Install build dependencies	2026-10-07T13:50:30.4937631Z (Reading database ... 203191 files and directories currently installed.)
compare	Install build dependencies	2026-10-07T13:50:30.4980595Z Preparing to unpack .../build-essential_12.10ubuntu1_amd64.deb ...
compare	Install build dependencies	2026-10-07T13:50:30.5008662Z Unpacking build-essential (12.10ubuntu1) ...
compare	Install build dependencies	2026-10-07T13:50:30.5406904Z Setting up build-essential (12.10ubuntu1) ...
compare	Install build dependencies	2026-10-07T13:50:31.1963085Z 
compare	Install build dependencies	2026-10-07T13:50:31.1963773Z Running kernel seems to be up-to-date.
compare	Install build dependencies	2026-10-07T13:50:31.1964275Z 
compare	Install build dependencies	2026-10-07T13:50:31.1964498Z No services need to be restarted.
compare	Install build dependencies	2026-10-07T13:50:31.1965157Z 
compare	Install build dependencies	2026-10-07T13:50:31.1965326Z No containers need to be restarted.
compare	Install build dependencies	2026-10-07T13:50:31.1965598Z 
compare	Install build dependencies	2026-10-07T13:50:31.1965785Z No user sessions are running outdated binaries.
compare	Install build dependencies	2026-10-07T13:50:31.1966108Z 
compare	Install build dependencies	2026-10-07T13:50:31.1966398Z No VM guests are running outdated hypervisor (qemu) binaries on this host.
compare	Build baseline and candidate	﻿2026-10-07T13:50:32.1971051Z ##[group]Run set -euo pipefail
compare	Build baseline and candidate	2026-10-07T13:50:32.1971394Z ^[[36;1mset -euo pipefail^[[0m
compare	Build baseline and candidate	2026-10-07T13:50:32.1971673Z ^[[36;1mmake -C baseline --jobs="$(nproc)"^[[0m
compare	Build baseline and candidate	2026-10-07T13:50:32.1972006Z ^[[36;1mmake -C candidate --jobs="$(nproc)" LTO=1^[[0m
compare	Build baseline and candidate	2026-10-07T13:50:32.2035445Z shell: /usr/bin/bash --noprofile --norc -e -o pipefail {0}
compare	Build baseline and candidate	2026-10-07T13:50:32.2035812Z ##[endgroup]
compare	Build baseline and candidate	2026-10-07T13:50:32.2165977Z make: Entering directory '/home/runner/work/DistQLDPC/DistQLDPC/baseline'
compare	Build baseline and candidate	2026-10-07T13:50:32.2178949Z g++ -Isrc/solver -Wall -Wno-parentheses -O3 -g -D __STDC_LIMIT_MACROS -D __STDC_FORMAT_MACROS -DNDEBUG -c -o build/SimpSolver.o src/solver/SimpSolver.cc
compare	Build baseline and candidate	2026-10-07T13:50:32.2184821Z g++ -Isrc/solver -Wall -Wno-parentheses -O3 -g -D __STDC_LIMIT_MACROS -D __STDC_FORMAT_MACROS -DNDEBUG -c -o build/Solver.o src/solver/Solver.cc
compare	Build baseline and candidate	2026-10-07T13:50:32.2188234Z g++ -Isrc/solver -Wall -Wno-parentheses -O3 -g -D __STDC_LIMIT_MACROS -D __STDC_FORMAT_MACROS -DNDEBUG -c -o build/Options.o src/solver/utils/Options.cc
compare	Build baseline and candidate	2026-10-07T13:50:32.2194869Z g++ -Isrc/solver -Wall -Wno-parentheses -O3 -g -D __STDC_LIMIT_MACROS -D __STDC_FORMAT_MACROS -DNDEBUG -c -o build/System.o src/solver/utils/System.cc
compare	Build baseline and candidate	2026-10-07T13:50:32.3432867Z In file included from src/solver/Solver.h:53,
compare	Build baseline and candidate	2026-10-07T13:50:32.3433658Z                  from src/solver/SimpSolver.h:37,
compare	Build baseline and candidate	2026-10-07T13:50:32.3436010Z                  from src/solver/SimpSolver.cc:34:
compare	Build baseline and candidate	2026-10-07T13:50:32.3437394Z src/solver/utils/Options.h:285:29: warning: invalid suffix on literal; C++11 requires a space between literal and string macro [-Wliteral-suffix]
compare	Build baseline and candidate	2026-10-07T13:50:32.3440544Z   285 |             fprintf(stderr, "%4"PRIi64, range.begin);
compare	Build baseline and candidate	2026-10-07T13:50:32.3441299Z       |                             ^
compare	Build baseline and candidate	2026-10-07T13:50:32.3442535Z src/solver/utils/Options.h:291:29: warning: invalid suffix on literal; C++11 requires a space between literal and string macro [-Wliteral-suffix]
compare	Build baseline and candidate	2026-10-07T13:50:32.3445601Z   291 |             fprintf(stderr, "%4"PRIi64, range.end);
compare	Build baseline and candidate	2026-10-07T13:50:32.3446360Z       |                             ^
compare	Build baseline and candidate	2026-10-07T13:50:32.3447618Z src/solver/utils/Options.h:293:25: warning: invalid suffix on literal; C++11 requires a space between literal and string macro [-Wliteral-suffix]
compare	Build baseline and candidate	2026-10-07T13:50:32.3451052Z   293 |         fprintf(stderr, "] (default: %"PRIi64")\n", value);
compare	Build baseline and candidate	2026-10-07T13:50:32.3451817Z       |                         ^
compare	Build baseline and candidate	2026-10-07T13:50:32.3452506Z In file included from src/solver/utils/Options.cc:21:
compare	Build baseline and candidate	2026-10-07T13:50:32.3453864Z src/solver/utils/Options.h:285:29: warning: invalid suffix on literal; C++11 requires a space between literal and string macro [-Wliteral-suffix]
compare	Build baseline and candidate	2026-10-07T13:50:32.3475531Z   285 |             fprintf(stderr, "%4"PRIi64, range.begin);
compare	Build baseline and candidate	2026-10-07T13:50:32.3476263Z       |                             ^
compare	Build baseline and candidate	2026-10-07T13:50:32.3477361Z src/solver/utils/Options.h:291:29: warning: invalid suffix on literal; C++11 requires a space between literal and string macro [-Wliteral-suffix]
compare	Build baseline and candidate	2026-10-07T13:50:32.3478851Z   291 |             fprintf(stderr, "%4"PRIi64, range.end);
compare	Build baseline and candidate	2026-10-07T13:50:32.3479608Z       |                             ^
compare	Build baseline and candidate	2026-10-07T13:50:32.3480827Z src/solver/utils/Options.h:293:25: warning: invalid suffix on literal; C++11 requires a space between literal and string macro [-Wliteral-suffix]
compare	Build baseline and candidate	2026-10-07T13:50:32.3482106Z   293 |         fprintf(stderr, "] (default: %"PRIi64")\n", value);
compare	Build baseline and candidate	2026-10-07T13:50:32.3482774Z       |                         ^
compare	Build baseline and candidate	2026-10-07T13:50:32.3538084Z In file included from src/solver/Solver.h:53,
compare	Build baseline and candidate	2026-10-07T13:50:32.3539284Z                  from src/solver/Solver.cc:107:
compare	Build baseline and candidate	2026-10-07T13:50:32.3540712Z src/solver/utils/Options.h:285:29: warning: invalid suffix on literal; C++11 requires a space between literal and string macro [-Wliteral-suffix]
compare	Build baseline and candidate	2026-10-07T13:50:32.3542534Z   285 |             fprintf(stderr, "%4"PRIi64, range.begin);
compare	Build baseline and candidate	2026-10-07T13:50:32.3543241Z       |                             ^
compare	Build baseline and candidate	2026-10-07T13:50:32.3544511Z src/solver/utils/Options.h:291:29: warning: invalid suffix on literal; C++11 requires a space between literal and string macro [-Wliteral-suffix]
compare	Build baseline and candidate	2026-10-07T13:50:32.3546182Z   291 |             fprintf(stderr, "%4"PRIi64, range.end);
compare	Build baseline and candidate	2026-10-07T13:50:32.3546853Z       |                             ^
compare	Build baseline and candidate	2026-10-07T13:50:32.3548031Z src/solver/utils/Options.h:293:25: warning: invalid suffix on literal; C++11 requires a space between literal and string macro [-Wliteral-suffix]
compare	Build baseline and candidate	2026-10-07T13:50:32.3549643Z   293 |         fprintf(stderr, "] (default: %"PRIi64")\n", value);
compare	Build baseline and candidate	2026-10-07T13:50:32.3550372Z       |                         ^
compare	Build baseline and candidate	2026-10-07T13:50:32.5013887Z src/solver/Solver.h: In constructor ‘Minisat::Solver::Solver()’:
compare	Build baseline and candidate	2026-10-07T13:50:32.5020194Z src/solver/Solver.h:480:15: warning: ‘Minisat::Solver::my_var_decay’ will be initialized after [-Wreorder]
compare	Build baseline and candidate	2026-10-07T13:50:32.5021180Z   480 |     double    my_var_decay;
compare	Build baseline and candidate	2026-10-07T13:50:32.5021642Z       |               ^~~~~~~~~~~~
compare	Build baseline and candidate	2026-10-07T13:50:32.5023149Z src/solver/Solver.h:293:42: warning:   ‘Minisat::Heap<Minisat::Solver::VarOrderLt> Minisat::Solver::order_heap_distance’ [-Wreorder]
compare	Build baseline and candidate	2026-10-07T13:50:32.5029906Z   293 |                         order_heap_VSIDS,order_heap_distance;
compare	Build baseline and candidate	2026-10-07T13:50:32.5030780Z       |                                          ^~~~~~~~~~~~~~~~~~~
compare	Build baseline and candidate	2026-10-07T13:50:32.5031717Z src/solver/Solver.cc:143:1: warning:   when initialized here [-Wreorder]
compare	Build baseline and candidate	2026-10-07T13:50:32.5032584Z   143 | Solver::Solver() :
compare	Build baseline and candidate	2026-10-07T13:50:32.5033160Z       | ^~~~~~
compare	Build baseline and candidate	2026-10-07T13:50:32.5034389Z src/solver/Solver.h:514:14: warning: ‘Minisat::Solver::lastOptimalCost’ will be initialized after [-Wreorder]
compare	Build baseline and candidate	2026-10-07T13:50:32.5035491Z   514 |     uint64_t lastOptimalCost;
compare	Build baseline and candidate	2026-10-07T13:50:32.5036132Z       |              ^~~~~~~~~~~~~~~
compare	Build baseline and candidate	2026-10-07T13:50:32.5037246Z src/solver/Solver.h:513:40: warning:   ‘uint64_t Minisat::Solver::totalWeight’ [-Wreorder]
compare	Build baseline and candidate	2026-10-07T13:50:32.5038295Z   513 |     uint64_t hardWeight, solutionCost, totalWeight, UB;
compare	Build baseline and candidate	2026-10-07T13:50:32.5039332Z       |                                        ^~~~~~~~~~~
compare	Build baseline and candidate	2026-10-07T13:50:32.5040186Z src/solver/Solver.cc:143:1: warning:   when initialized here [-Wreorder]
compare	Build baseline and candidate	2026-10-07T13:50:32.5041073Z   143 | Solver::Solver() :
compare	Build baseline and candidate	2026-10-07T13:50:32.5041603Z       | ^~~~~~
compare	Build baseline and candidate	2026-10-07T13:50:32.5042775Z src/solver/Solver.h:707:25: warning: ‘Minisat::Solver::orderHeapAuxi’ will be initialized after [-Wreorder]
compare	Build baseline and candidate	2026-10-07T13:50:32.5043884Z   707 |     Heap<VarOrderGt>    orderHeapAuxi;
compare	Build baseline and candidate	2026-10-07T13:50:32.5044606Z       |                         ^~~~~~~~~~~~~
compare	Build baseline and candidate	2026-10-07T13:50:32.5045799Z src/solver/Solver.h:619:25: warning:   ‘int Minisat::Solver::tier2_lbd_cut’ [-Wreorder]
compare	Build baseline and candidate	2026-10-07T13:50:32.5046793Z   619 |     int                 tier2_lbd_cut;
compare	Build baseline and candidate	2026-10-07T13:50:32.5047496Z       |                         ^~~~~~~~~~~~~
compare	Build baseline and candidate	2026-10-07T13:50:32.5048330Z src/solver/Solver.cc:143:1: warning:   when initialized here [-Wreorder]
compare	Build baseline and candidate	2026-10-07T13:50:32.5049411Z   143 | Solver::Solver() :
compare	Build baseline and candidate	2026-10-07T13:50:32.5049946Z       | ^~~~~~
compare	Build baseline and candidate	2026-10-07T13:50:32.5051159Z src/solver/Solver.h:663:9: warning: ‘Minisat::Solver::cardinalityEncMode’ will be initialized after [-Wreorder]
compare	Build baseline and candidate	2026-10-07T13:50:32.5052309Z   663 |     int cardinalityEncMode;
compare	Build baseline and candidate	2026-10-07T13:50:32.5052992Z       |         ^~~~~~~~~~~~~~~~~~
compare	Build baseline and candidate	2026-10-07T13:50:32.5054277Z src/solver/Solver.h:644:14: warning:   ‘uint64_t Minisat::Solver::quasiSoftConflicts’ [-Wreorder]
compare	Build baseline and candidate	2026-10-07T13:50:32.5055449Z   644 |     uint64_t quasiSoftConflicts;
compare	Build baseline and candidate	2026-10-07T13:50:32.5056200Z       |              ^~~~~~~~~~~~~~~~~~
compare	Build baseline and candidate	2026-10-07T13:50:32.5057024Z src/solver/Solver.cc:143:1: warning:   when initialized here [-Wreorder]
compare	Build baseline and candidate	2026-10-07T13:50:32.5057988Z   143 | Solver::Solver() :
compare	Build baseline and candidate	2026-10-07T13:50:32.5059390Z       | ^~~~~~
compare	Build baseline and candidate	2026-10-07T13:50:32.5060760Z src/solver/Solver.h:696:14: warning: ‘Minisat::Solver::nbFixedByLH’ will be initialized after [-Wreorder]
compare	Build baseline and candidate	2026-10-07T13:50:32.5061962Z   696 |     uint64_t nbFixedByLH;
compare	Build baseline and candidate	2026-10-07T13:50:32.5062647Z       |              ^~~~~~~~~~~
compare	Build baseline and candidate	2026-10-07T13:50:32.5063883Z src/solver/Solver.h:562:10: warning:   ‘bool Minisat::Solver::bestSolutionFound’ [-Wreorder]
compare	Build baseline and candidate	2026-10-07T13:50:32.5065373Z   562 |     bool bestSolutionFound;
compare	Build baseline and candidate	2026-10-07T13:50:32.5065898Z       |          ^~~~~~~~~~~~~~~~~
compare	Build baseline and candidate	2026-10-07T13:50:32.5066376Z src/solver/Solver.cc:143:1: warning:   when initialized here [-Wreorder]
compare	Build baseline and candidate	2026-10-07T13:50:32.5066901Z   143 | Solver::Solver() :
compare	Build baseline and candidate	2026-10-07T13:50:32.5067241Z       | ^~~~~~
compare	Build baseline and candidate	2026-10-07T13:50:32.5067994Z src/solver/Solver.h:564:9: warning: ‘Minisat::Solver::nbSatLitsAtStart’ will be initialized after [-Wreorder]
compare	Build baseline and candidate	2026-10-07T13:50:32.5069023Z   564 |     int nbSatLitsAtStart;
compare	Build baseline and candidate	2026-10-07T13:50:32.5069601Z       |         ^~~~~~~~~~~~~~~~
compare	Build baseline and candidate	2026-10-07T13:50:32.5070820Z src/solver/Solver.h:560:9: warning:   ‘int Minisat::Solver::bounds_pipe_w’ [-Wreorder]
compare	Build baseline and candidate	2026-10-07T13:50:32.5071856Z   560 |     int bounds_pipe_w;
compare	Build baseline and candidate	2026-10-07T13:50:32.5072504Z       |         ^~~~~~~~~~~~~
compare	Build baseline and candidate	2026-10-07T13:50:32.5073351Z src/solver/Solver.cc:143:1: warning:   when initialized here [-Wreorder]
compare	Build baseline and candidate	2026-10-07T13:50:32.5074290Z   143 | Solver::Solver() :
compare	Build baseline and candidate	2026-10-07T13:50:32.5074932Z       | ^~~~~~
compare	Build baseline and candidate	2026-10-07T13:50:32.5076127Z src/solver/Solver.cc: In member function ‘Minisat::CRef Minisat::Solver::simplePropagate()’:
compare	Build baseline and candidate	2026-10-07T13:50:32.5078095Z src/solver/Solver.cc:316:27: warning: comparison of integer expressions of different signedness: ‘unsigned int’ and ‘int’ [-Wsign-compare]
compare	Build baseline and candidate	2026-10-07T13:50:32.5079739Z   316 |         if (c.lastPoint() > c.size())
compare	Build baseline and candidate	2026-10-07T13:50:32.5080430Z       |             ~~~~~~~~~~~~~~^~~~~~~~~~
compare	Build baseline and candidate	2026-10-07T13:50:32.5081919Z src/solver/Solver.cc:335:27: warning: comparison of integer expressions of different signedness: ‘int’ and ‘unsigned int’ [-Wsign-compare]
compare	Build baseline and candidate	2026-10-07T13:50:32.5083283Z   335 |         for (int k = 2; k < c.lastPoint(); k++) {
compare	Build baseline and candidate	2026-10-07T13:50:32.5083982Z       |                         ~~^~~~~~~~~~~~~~~
compare	Build baseline and candidate	2026-10-07T13:50:32.5085776Z src/solver/Solver.cc:381:63: warning: comparison of integer expressions of different signedness: ‘int’ and ‘uint64_t’ {aka ‘long unsigned int’} [-Wsign-compare]
compare	Build baseline and candidate	2026-10-07T13:50:32.5087548Z   381 |     if (confl == CRef_Undef && falseLits.size() + rootNbIsets >= UB)
compare	Build baseline and candidate	2026-10-07T13:50:32.5088760Z       |                                ~~~~~~~~~~~~~~~~~~~~~~~~~~~~~~~^~~~~
compare	Build baseline and candidate	2026-10-07T13:50:32.5136145Z src/solver/Solver.cc: In member function ‘bool Minisat::Solver::simplifyLearnt_core()’:
compare	Build baseline and candidate	2026-10-07T13:50:32.5138033Z src/solver/Solver.cc:787:34: warning: comparison of integer expressions of different signedness: ‘unsigned int’ and ‘int’ [-Wsign-compare]
compare	Build baseline and candidate	2026-10-07T13:50:32.5139753Z   787 |                     if (nblevels < c.lbd()){
compare	Build baseline and candidate	2026-10-07T13:50:32.5140578Z       |                         ~~~~~~~~~^~~~~~~~~
compare	Build baseline and candidate	2026-10-07T13:50:32.5141969Z src/solver/Solver.cc:721:9: warning: unused variable ‘learnts_core_size_before’ [-Wunused-variable]
compare	Build baseline and candidate	2026-10-07T13:50:32.5143247Z   721 |     int learnts_core_size_before = learnts_core.size();
compare	Build baseline and candidate	2026-10-07T13:50:32.5144096Z       |         ^~~~~~~~~~~~~~~~~~~~~~~~
compare	Build baseline and candidate	2026-10-07T13:50:32.5152519Z src/solver/Solver.cc: In member function ‘bool Minisat::Solver::simplifyLearnt_tier2()’:
compare	Build baseline and candidate	2026-10-07T13:50:32.5154418Z src/solver/Solver.cc:895:34: warning: comparison of integer expressions of different signedness: ‘unsigned int’ and ‘int’ [-Wsign-compare]
compare	Build baseline and candidate	2026-10-07T13:50:32.5155800Z   895 |                     if (nblevels < c.lbd()){
compare	Build baseline and candidate	2026-10-07T13:50:32.5156573Z       |                         ~~~~~~~~~^~~~~~~~~
compare	Build baseline and candidate	2026-10-07T13:50:32.5157938Z src/solver/Solver.cc:823:9: warning: unused variable ‘learnts_tier2_size_before’ [-Wunused-variable]
compare	Build baseline and candidate	2026-10-07T13:50:32.5159562Z   823 |     int learnts_tier2_size_before = learnts_tier2.size();
compare	Build baseline and candidate	2026-10-07T13:50:32.5160511Z       |         ^~~~~~~~~~~~~~~~~~~~~~~~~
compare	Build baseline and candidate	2026-10-07T13:50:32.5162193Z src/solver/Solver.cc:828:9: warning: variable ‘limit’ set but not used [-Wunused-but-set-variable]
compare	Build baseline and candidate	2026-10-07T13:50:32.5163323Z   828 |     int limit;
compare	Build baseline and candidate	2026-10-07T13:50:32.5163924Z       |         ^~~~~
compare	Build baseline and candidate	2026-10-07T13:50:32.5196744Z src/solver/Solver.cc: In member function ‘bool Minisat::Solver::failedLiteralDetection()’:
compare	Build baseline and candidate	2026-10-07T13:50:32.5199401Z src/solver/Solver.cc:1038:100: warning: format ‘%llu’ expects argument of type ‘long long unsigned int’, but argument 7 has type ‘uint64_t’ {aka ‘long unsigned int’} [-Wformat=]
compare	Build baseline and candidate	2026-10-07T13:50:32.5201449Z  1038 |   printf("c nbFailedLits %d, nbI %d, fixedVarsByFL %d, totalFixedVars %d, nbTested: %d, counter %llu\n",
compare	Build baseline and candidate	2026-10-07T13:50:32.5202792Z       |                                                                                                 ~~~^
compare	Build baseline and candidate	2026-10-07T13:50:32.5203770Z       |                                                                                                    |
compare	Build baseline and candidate	2026-10-07T13:50:32.5204783Z       |                                                                                                    long long unsigned int
compare	Build baseline and candidate	2026-10-07T13:50:32.5205467Z       |                                                                                                 %lu
compare	Build baseline and candidate	2026-10-07T13:50:32.5206124Z  1039 |          nbFailedLits, nbI, trail.size()-initTrail, trail.size(), nbTested, counter);
compare	Build baseline and candidate	2026-10-07T13:50:32.5206755Z       |                                                                             ~~~~~~~                 
compare	Build baseline and candidate	2026-10-07T13:50:32.5207263Z       |                                                                             |
compare	Build baseline and candidate	2026-10-07T13:50:32.5207778Z       |                                                                             uint64_t {aka long unsigned int}
compare	Build baseline and candidate	2026-10-07T13:50:32.5210334Z src/solver/Solver.cc: In member function ‘bool Minisat::Solver::simplifyOriginalClauses()’:
compare	Build baseline and candidate	2026-10-07T13:50:32.5212551Z src/solver/Solver.cc:1179:40: warning: format ‘%llu’ expects argument of type ‘long long unsigned int’, but argument 2 has type ‘uint64_t’ {aka ‘long unsigned int’} [-Wformat=]
compare	Build baseline and candidate	2026-10-07T13:50:32.5214422Z  1179 |     printf("c total nb of literals: %llu\n", clauses_literals);
compare	Build baseline and candidate	2026-10-07T13:50:32.5215403Z       |                                     ~~~^     ~~~~~~~~~~~~~~~~
compare	Build baseline and candidate	2026-10-07T13:50:32.5216242Z       |                                        |     |
compare	Build baseline and candidate	2026-10-07T13:50:32.5217094Z       |                                        |     uint64_t {aka long unsigned int}
compare	Build baseline and candidate	2026-10-07T13:50:32.5217999Z       |                                        long long unsigned int
compare	Build baseline and candidate	2026-10-07T13:50:32.5219018Z       |                                     %lu
compare	Build baseline and candidate	2026-10-07T13:50:32.5220315Z src/solver/Solver.cc:1173:25: warning: unused variable ‘nbOriginalClauses_before’ [-Wunused-variable]
compare	Build baseline and candidate	2026-10-07T13:50:32.5221556Z  1173 |     int last_shorten=0, nbOriginalClauses_before = clauses.size();
compare	Build baseline and candidate	2026-10-07T13:50:32.5222464Z       |                         ^~~~~~~~~~~~~~~~~~~~~~~~
compare	Build baseline and candidate	2026-10-07T13:50:32.5223696Z src/solver/Solver.cc:1185:17: warning: unused variable ‘begin_simp_time’ [-Wunused-variable]
compare	Build baseline and candidate	2026-10-07T13:50:32.5224842Z  1185 |     double      begin_simp_time = cpuTime();
compare	Build baseline and candidate	2026-10-07T13:50:32.5225575Z       |                 ^~~~~~~~~~~~~~~
compare	Build baseline and candidate	2026-10-07T13:50:32.5226777Z src/solver/Solver.cc:1250:12: warning: variable ‘avg’ set but not used [-Wunused-but-set-variable]
compare	Build baseline and candidate	2026-10-07T13:50:32.5227870Z  1250 |     double avg;
compare	Build baseline and candidate	2026-10-07T13:50:32.5228415Z       |            ^~~
compare	Build baseline and candidate	2026-10-07T13:50:32.5308277Z src/solver/Solver.cc: In member function ‘Minisat::CRef Minisat::Solver::propagate()’:
compare	Build baseline and candidate	2026-10-07T13:50:32.5310727Z src/solver/Solver.cc:2005:31: warning: comparison of integer expressions of different signedness: ‘unsigned int’ and ‘int’ [-Wsign-compare]
compare	Build baseline and candidate	2026-10-07T13:50:32.5312255Z  2005 |             if (c.lastPoint() > c.size())
compare	Build baseline and candidate	2026-10-07T13:50:32.5313078Z       |                 ~~~~~~~~~~~~~~^~~~~~~~~~
compare	Build baseline and candidate	2026-10-07T13:50:32.5314724Z src/solver/Solver.cc:2024:31: warning: comparison of integer expressions of different signedness: ‘int’ and ‘unsigned int’ [-Wsign-compare]
compare	Build baseline and candidate	2026-10-07T13:50:32.5316674Z  2024 |             for (int k = 2; k < c.lastPoint(); k++) {
compare	Build baseline and candidate	2026-10-07T13:50:32.5317454Z       |                             ~~^~~~~~~~~~~~~~~
compare	Build baseline and candidate	2026-10-07T13:50:32.5319487Z src/solver/Solver.cc:2076:49: warning: comparison of integer expressions of different signedness: ‘int’ and ‘uint64_t’ {aka ‘long unsigned int’} [-Wsign-compare]
compare	Build baseline and candidate	2026-10-07T13:50:32.5321333Z  2076 |     if (confl == CRef_Undef && falseLits.size() >= UB)
compare	Build baseline and candidate	2026-10-07T13:50:32.5322148Z       |                                ~~~~~~~~~~~~~~~~~^~~~~
compare	Build baseline and candidate	2026-10-07T13:50:32.5323446Z src/solver/Solver.cc:2072:1: warning: label ‘ExitProp’ defined but not used [-Wunused-label]
compare	Build baseline and candidate	2026-10-07T13:50:32.5324573Z  2072 | ExitProp:;
compare	Build baseline and candidate	2026-10-07T13:50:32.5325181Z       | ^~~~~~~~
compare	Build baseline and candidate	2026-10-07T13:50:32.5338384Z src/solver/Solver.cc: In member function ‘void Minisat::Solver::getAllUIP(Minisat::vec<Minisat::Lit>&, int&, int&)’:
compare	Build baseline and candidate	2026-10-07T13:50:32.5340469Z src/solver/Solver.cc:2177:9: warning: variable ‘myLevel’ set but not used [-Wunused-but-set-variable]
compare	Build baseline and candidate	2026-10-07T13:50:32.5341706Z  2177 |     int myLevel = decisionLevel() +1;
compare	Build baseline and candidate	2026-10-07T13:50:32.5342458Z       |         ^~~~~~~
compare	Build baseline and candidate	2026-10-07T13:50:32.5343951Z src/solver/Solver.cc: In member function ‘void Minisat::Solver::analyzeSoftConflict(Minisat::vec<Minisat::Lit>&, int&, int&)’:
compare	Build baseline and candidate	2026-10-07T13:50:32.5346379Z src/solver/Solver.cc:2196:26: warning: comparison of integer expressions of different signedness: ‘int’ and ‘uint64_t’ {aka ‘long unsigned int’} [-Wsign-compare]
compare	Build baseline and candidate	2026-10-07T13:50:32.5348001Z  2196 |     if (falseLits.size() >= UB)
compare	Build baseline and candidate	2026-10-07T13:50:32.5349033Z       |         ~~~~~~~~~~~~~~~~~^~~~~
compare	Build baseline and candidate	2026-10-07T13:50:32.5350758Z src/solver/Solver.cc:2206:26: warning: comparison of integer expressions of different signedness: ‘int’ and ‘uint64_t’ {aka ‘long unsigned int’} [-Wsign-compare]
compare	Build baseline and candidate	2026-10-07T13:50:32.5352333Z  2206 |     if (falseLits.size() > UB) {
compare	Build baseline and candidate	2026-10-07T13:50:32.5353086Z       |         ~~~~~~~~~~~~~~~~~^~~~
compare	Build baseline and candidate	2026-10-07T13:50:32.5389428Z src/solver/Solver.cc: In member function ‘bool Minisat::Solver::simplifyLearnt_local()’:
compare	Build baseline and candidate	2026-10-07T13:50:32.5391363Z src/solver/Solver.cc:2631:34: warning: comparison of integer expressions of different signedness: ‘unsigned int’ and ‘int’ [-Wsign-compare]
compare	Build baseline and candidate	2026-10-07T13:50:32.5392733Z  2631 |                     if (nblevels < c.lbd()){
compare	Build baseline and candidate	2026-10-07T13:50:32.5393518Z       |                         ~~~~~~~~~^~~~~~~~~
compare	Build baseline and candidate	2026-10-07T13:50:32.5394886Z src/solver/Solver.cc:2559:7: warning: unused variable ‘learnts_local_size_before’ [-Wunused-variable]
compare	Build baseline and candidate	2026-10-07T13:50:32.5396185Z  2559 |   int learnts_local_size_before = learnts_local.size();
compare	Build baseline and candidate	2026-10-07T13:50:32.5397026Z       |       ^~~~~~~~~~~~~~~~~~~~~~~~~
compare	Build baseline and candidate	2026-10-07T13:50:32.5398157Z src/solver/Solver.cc:2560:7: warning: unused variable ‘savedTrail’ [-Wunused-variable]
compare	Build baseline and candidate	2026-10-07T13:50:32.5399560Z  2560 |   int savedTrail = trail.size();
compare	Build baseline and candidate	2026-10-07T13:50:32.5400283Z       |       ^~~~~~~~~~
compare	Build baseline and candidate	2026-10-07T13:50:32.5409194Z src/solver/Solver.cc: In member function ‘void Minisat::Solver::reduceDB_core()’:
compare	Build baseline and candidate	2026-10-07T13:50:32.5410812Z src/solver/Solver.cc:2772:9: warning: unused variable ‘totalLocalSize’ [-Wunused-variable]
compare	Build baseline and candidate	2026-10-07T13:50:32.5411966Z  2772 |     int totalLocalSize=0, removedSize=0;
compare	Build baseline and candidate	2026-10-07T13:50:32.5412750Z       |         ^~~~~~~~~~~~~~
compare	Build baseline and candidate	2026-10-07T13:50:32.5413927Z src/solver/Solver.cc:2772:27: warning: unused variable ‘removedSize’ [-Wunused-variable]
compare	Build baseline and candidate	2026-10-07T13:50:32.5415085Z  2772 |     int totalLocalSize=0, removedSize=0;
compare	Build baseline and candidate	2026-10-07T13:50:32.5415873Z       |                           ^~~~~~~~~~~
compare	Build baseline and candidate	2026-10-07T13:50:32.5436075Z src/solver/Solver.cc: In member function ‘Minisat::CRef Minisat::Solver::lPropagate()’:
compare	Build baseline and candidate	2026-10-07T13:50:32.5438208Z src/solver/Solver.cc:3022:20: warning: comparison of integer expressions of different signedness: ‘uint64_t’ {aka ‘long unsigned int’} and ‘int’ [-Wsign-compare]
compare	Build baseline and candidate	2026-10-07T13:50:32.5440328Z  3022 |   if (UB > 1 && UB == falseLits.size() + 1 && decisionLevel() < hardenLevel) {
compare	Build baseline and candidate	2026-10-07T13:50:32.5441822Z       |                 ~~~^~~~~~~~~~~~~~~~~~~~~~~
compare	Build baseline and candidate	2026-10-07T13:50:32.5459247Z src/solver/Solver.cc: In member function ‘void Minisat::Solver::identifyClausesToSplit(Minisat::vec<unsigned int>&)’:
compare	Build baseline and candidate	2026-10-07T13:50:32.5461602Z src/solver/Solver.cc:3170:46: warning: comparison of integer expressions of different signedness: ‘int’ and ‘uint64_t’ {aka ‘long unsigned int’} [-Wsign-compare]
compare	Build baseline and candidate	2026-10-07T13:50:32.5463658Z  3170 |     for(j=i+1; j<cs.size() && 2*nbCommunLits >= UB; j++) {
compare	Build baseline and candidate	2026-10-07T13:50:32.5464495Z       |                               ~~~~~~~~~~~~~~~^~~~~
compare	Build baseline and candidate	2026-10-07T13:50:32.5524027Z src/solver/Solver.cc: In member function ‘Minisat::lbool Minisat::Solver::search(int&)’:
compare	Build baseline and candidate	2026-10-07T13:50:32.5526252Z src/solver/Solver.cc:3821:31: warning: format ‘%llu’ expects argument of type ‘long long unsigned int’, but argument 2 has type ‘uint64_t’ {aka ‘long unsigned int’} [-Wformat=]
compare	Build baseline and candidate	2026-10-07T13:50:32.5528832Z  3821 |               printf("c UB=%llu succs, confls=%llu, hconfls=%llu, core %d, tier2 %d, local %d,  %d soft cls unsat (%d at L0), %d fixed vars at L0, softCnfl %d, nbFlyRd %d, nbFixedLH %llu\n",
compare	Build baseline and candidate	2026-10-07T13:50:32.5530322Z       |                            ~~~^
compare	Build baseline and candidate	2026-10-07T13:50:32.5530918Z       |                               |
compare	Build baseline and candidate	2026-10-07T13:50:32.5531565Z       |                               long long unsigned int
compare	Build baseline and candidate	2026-10-07T13:50:32.5532235Z       |                            %lu
compare	Build baseline and candidate	2026-10-07T13:50:32.5533434Z  3822 |                      UB, conflicts, conflicts-softConflicts, learnts_core.size(), learnts_tier2.size(), learnts_local.size(),
compare	Build baseline and candidate	2026-10-07T13:50:32.5534689Z       |                      ~~        
compare	Build baseline and candidate	2026-10-07T13:50:32.5535367Z       |                      |
compare	Build baseline and candidate	2026-10-07T13:50:32.5536139Z       |                      uint64_t {aka long unsigned int}
compare	Build baseline and candidate	2026-10-07T13:50:32.5538049Z src/solver/Solver.cc:3821:50: warning: format ‘%llu’ expects argument of type ‘long long unsigned int’, but argument 3 has type ‘uint64_t’ {aka ‘long unsigned int’} [-Wformat=]
compare	Build baseline and candidate	2026-10-07T13:50:32.5540670Z  3821 |               printf("c UB=%llu succs, confls=%llu, hconfls=%llu, core %d, tier2 %d, local %d,  %d soft cls unsat (%d at L0), %d fixed vars at L0, softCnfl %d, nbFlyRd %d, nbFixedLH %llu\n",
compare	Build baseline and candidate	2026-10-07T13:50:32.5553466Z       |                                               ~~~^
compare	Build baseline and candidate	2026-10-07T13:50:32.5554327Z       |                                                  |
compare	Build baseline and candidate	2026-10-07T13:50:32.5555190Z       |                                                  long long unsigned int
compare	Build baseline and candidate	2026-10-07T13:50:32.5555988Z       |                                               %lu
compare	Build baseline and candidate	2026-10-07T13:50:32.5557210Z  3822 |                      UB, conflicts, conflicts-softConflicts, learnts_core.size(), learnts_tier2.size(), learnts_local.size(),
compare	Build baseline and candidate	2026-10-07T13:50:32.5558793Z       |                          ~~~~~~~~~                
compare	Build baseline and candidate	2026-10-07T13:50:32.5559607Z       |                          |
compare	Build baseline and candidate	2026-10-07T13:50:32.5560376Z       |                          uint64_t {aka long unsigned int}
compare	Build baseline and candidate	2026-10-07T13:50:32.5562357Z src/solver/Solver.cc:3821:64: warning: format ‘%llu’ expects argument of type ‘long long unsigned int’, but argument 4 has type ‘uint64_t’ {aka ‘long unsigned int’} [-Wformat=]
compare	Build baseline and candidate	2026-10-07T13:50:32.5564764Z  3821 |               printf("c UB=%llu succs, confls=%llu, hconfls=%llu, core %d, tier2 %d, local %d,  %d soft cls unsat (%d at L0), %d fixed vars at L0, softCnfl %d, nbFlyRd %d, nbFixedLH %llu\n",
compare	Build baseline and candidate	2026-10-07T13:50:32.5566369Z       |                                                             ~~~^
compare	Build baseline and candidate	2026-10-07T13:50:32.5567236Z       |                                                                |
compare	Build baseline and candidate	2026-10-07T13:50:32.5568134Z       |                                                                long long unsigned int
compare	Build baseline and candidate	2026-10-07T13:50:32.5569460Z       |                                                             %lu
compare	Build baseline and candidate	2026-10-07T13:50:32.5570741Z  3822 |                      UB, conflicts, conflicts-softConflicts, learnts_core.size(), learnts_tier2.size(), learnts_local.size(),
compare	Build baseline and candidate	2026-10-07T13:50:32.5572046Z       |                                     ~~~~~~~~~~~~~~~~~~~~~~~     
compare	Build baseline and candidate	2026-10-07T13:50:32.5573315Z       |                                              |
compare	Build baseline and candidate	2026-10-07T13:50:32.5574159Z       |                                              uint64_t {aka long unsigned int}
compare	Build baseline and candidate	2026-10-07T13:50:32.5576172Z src/solver/Solver.cc:3821:186: warning: format ‘%llu’ expects argument of type ‘long long unsigned int’, but argument 13 has type ‘uint64_t’ {aka ‘long unsigned int’} [-Wformat=]
compare	Build baseline and candidate	2026-10-07T13:50:32.5579071Z  3821 |               printf("c UB=%llu succs, confls=%llu, hconfls=%llu, core %d, tier2 %d, local %d,  %d soft cls unsat (%d at L0), %d fixed vars at L0, softCnfl %d, nbFlyRd %d, nbFixedLH %llu\n",
compare	Build baseline and candidate	2026-10-07T13:50:32.5580826Z       |                                                                                                                                                                                       ~~~^
compare	Build baseline and candidate	2026-10-07T13:50:32.5582279Z       |                                                                                                                                                                                          |
compare	Build baseline and candidate	2026-10-07T13:50:32.5583816Z       |                                                                                                                                                                                          long long unsigned int
compare	Build baseline and candidate	2026-10-07T13:50:32.5585282Z       |                                                                                                                                                                                       %lu
compare	Build baseline and candidate	2026-10-07T13:50:32.5586913Z  3822 |                      UB, conflicts, conflicts-softConflicts, learnts_core.size(), learnts_tier2.size(), learnts_local.size(),
compare	Build baseline and candidate	2026-10-07T13:50:32.5588791Z  3823 |                      falseLits.size(), nbFalses, nbFixeds, pureSoftConfl, nbFlyReduced, nbFixedByLH);
compare	Build baseline and candidate	2026-10-07T13:50:32.5590269Z       |                                                                                         ~~~~~~~~~~~                                                                                       
compare	Build baseline and candidate	2026-10-07T13:50:32.5591537Z       |                                                                                         |
compare	Build baseline and candidate	2026-10-07T13:50:32.5592608Z       |                                                                                         uint64_t {aka long unsigned int}
compare	Build baseline and candidate	2026-10-07T13:50:32.5594728Z src/solver/Solver.cc:3825:48: warning: format ‘%llu’ expects argument of type ‘long long unsigned int’, but argument 3 has type ‘uint64_t’ {aka ‘long unsigned int’} [-Wformat=]
compare	Build baseline and candidate	2026-10-07T13:50:32.5597159Z  3825 |               printf("c nbHardens %d (fixed %llu), shorten: %llu, prunedLB %4.2f, dev %4.2f, succRate %4.2f, nbSucc %llu, lk: %llu, shorten: %llu, quasiC: %llu (fixed: %llu)\n\n",
compare	Build baseline and candidate	2026-10-07T13:50:32.5599340Z       |                                             ~~~^
compare	Build baseline and candidate	2026-10-07T13:50:32.5600332Z       |                                                |
compare	Build baseline and candidate	2026-10-07T13:50:32.5601397Z       |                                                long long unsigned int
compare	Build baseline and candidate	2026-10-07T13:50:32.5602534Z       |                                             %lu
compare	Build baseline and candidate	2026-10-07T13:50:32.5604810Z  3826 |                      nbHardens, fixedByHardens, nbSavedLits, meanLB, dev, succRate, nbLKsuccess-savednbLKsuccess, LOOKAHEAD-savedLOOKAHEAD, nbSavedLits, quasiSoftConflicts, fixedByQuasiConfl);
compare	Build baseline and candidate	2026-10-07T13:50:32.5607074Z       |                                 ~~~~~~~~~~~~~~  
compare	Build baseline and candidate	2026-10-07T13:50:32.5607827Z       |                                 |
compare	Build baseline and candidate	2026-10-07T13:50:32.5609269Z       |                                 uint64_t {aka long unsigned int}
compare	Build baseline and candidate	2026-10-07T13:50:32.5610917Z src/solver/Solver.cc:3825:64: warning: format ‘%llu’ expects argument of type ‘long long unsigned int’, but argument 4 has type ‘uint64_t’ {aka ‘long unsigned int’} [-Wformat=]
compare	Build baseline and candidate	2026-10-07T13:50:32.5612955Z  3825 |               printf("c nbHardens %d (fixed %llu), shorten: %llu, prunedLB %4.2f, dev %4.2f, succRate %4.2f, nbSucc %llu, lk: %llu, shorten: %llu, quasiC: %llu (fixed: %llu)\n\n",
compare	Build baseline and candidate	2026-10-07T13:50:32.5614571Z       |                                                             ~~~^
compare	Build baseline and candidate	2026-10-07T13:50:32.5615275Z       |                                                                |
compare	Build baseline and candidate	2026-10-07T13:50:32.5616058Z       |                                                                long long unsigned int
compare	Build baseline and candidate	2026-10-07T13:50:32.5617071Z       |                                                             %lu
compare	Build baseline and candidate	2026-10-07T13:50:32.5619126Z  3826 |                      nbHardens, fixedByHardens, nbSavedLits, meanLB, dev, succRate, nbLKsuccess-savednbLKsuccess, LOOKAHEAD-savedLOOKAHEAD, nbSavedLits, quasiSoftConflicts, fixedByQuasiConfl);
compare	Build baseline and candidate	2026-10-07T13:50:32.5620992Z       |                                                 ~~~~~~~~~~~     
compare	Build baseline and candidate	2026-10-07T13:50:32.5621817Z       |                                                 |
compare	Build baseline and candidate	2026-10-07T13:50:32.5622672Z       |                                                 uint64_t {aka long unsigned int}
compare	Build baseline and candidate	2026-10-07T13:50:32.5624686Z src/solver/Solver.cc:3825:120: warning: format ‘%llu’ expects argument of type ‘long long unsigned int’, but argument 8 has type ‘uint64_t’ {aka ‘long unsigned int’} [-Wformat=]
compare	Build baseline and candidate	2026-10-07T13:50:32.5627088Z  3825 |               printf("c nbHardens %d (fixed %llu), shorten: %llu, prunedLB %4.2f, dev %4.2f, succRate %4.2f, nbSucc %llu, lk: %llu, shorten: %llu, quasiC: %llu (fixed: %llu)\n\n",
compare	Build baseline and candidate	2026-10-07T13:50:32.5629070Z       |                                                                                                                     ~~~^
compare	Build baseline and candidate	2026-10-07T13:50:32.5630213Z       |                                                                                                                        |
compare	Build baseline and candidate	2026-10-07T13:50:32.5631318Z       |                                                                                                                        long long unsigned int
compare	Build baseline and candidate	2026-10-07T13:50:32.5632378Z       |                                                                                                                     %lu
compare	Build baseline and candidate	2026-10-07T13:50:32.5634199Z  3826 |                      nbHardens, fixedByHardens, nbSavedLits, meanLB, dev, succRate, nbLKsuccess-savednbLKsuccess, LOOKAHEAD-savedLOOKAHEAD, nbSavedLits, quasiSoftConflicts, fixedByQuasiConfl);
compare	Build baseline and candidate	2026-10-07T13:50:32.5636115Z       |                                                                                     ~~~~~~~~~~~~~~~~~~~~~~~~~~~~        
compare	Build baseline and candidate	2026-10-07T13:50:32.5637209Z       |                                                                                                |
compare	Build baseline and candidate	2026-10-07T13:50:32.5638329Z       |                                                                                                uint64_t {aka long unsigned int}
compare	Build baseline and candidate	2026-10-07T13:50:32.5640755Z src/solver/Solver.cc:3825:130: warning: format ‘%llu’ expects argument of type ‘long long unsigned int’, but argument 9 has type ‘uint64_t’ {aka ‘long unsigned int’} [-Wformat=]
compare	Build baseline and candidate	2026-10-07T13:50:32.5643150Z  3825 |               printf("c nbHardens %d (fixed %llu), shorten: %llu, prunedLB %4.2f, dev %4.2f, succRate %4.2f, nbSucc %llu, lk: %llu, shorten: %llu, quasiC: %llu (fixed: %llu)\n\n",
compare	Build baseline and candidate	2026-10-07T13:50:32.5644926Z       |                                                                                                                               ~~~^
compare	Build baseline and candidate	2026-10-07T13:50:32.5646111Z       |                                                                                                                                  |
compare	Build baseline and candidate	2026-10-07T13:50:32.5647476Z       |                                                                                                                                  long long unsigned int
compare	Build baseline and candidate	2026-10-07T13:50:32.5649141Z       |                                                                                                                               %lu
compare	Build baseline and candidate	2026-10-07T13:50:32.5651148Z  3826 |                      nbHardens, fixedByHardens, nbSavedLits, meanLB, dev, succRate, nbLKsuccess-savednbLKsuccess, LOOKAHEAD-savedLOOKAHEAD, nbSavedLits, quasiSoftConflicts, fixedByQuasiConfl);
compare	Build baseline and candidate	2026-10-07T13:50:32.5653383Z       |                                                                                                                   ~~~~~~~~~~~~~~~~~~~~~~~~
compare	Build baseline and candidate	2026-10-07T13:50:32.5654563Z       |                                                                                                                            |
compare	Build baseline and candidate	2026-10-07T13:50:32.5655775Z       |                                                                                                                            uint64_t {aka long unsigned int}
compare	Build baseline and candidate	2026-10-07T13:50:32.5658327Z src/solver/Solver.cc:3825:145: warning: format ‘%llu’ expects argument of type ‘long long unsigned int’, but argument 10 has type ‘uint64_t’ {aka ‘long unsigned int’} [-Wformat=]
compare	Build baseline and candidate	2026-10-07T13:50:32.5661020Z  3825 |               printf("c nbHardens %d (fixed %llu), shorten: %llu, prunedLB %4.2f, dev %4.2f, succRate %4.2f, nbSucc %llu, lk: %llu, shorten: %llu, quasiC: %llu (fixed: %llu)\n\n",
compare	Build baseline and candidate	2026-10-07T13:50:32.5662778Z       |                                                                                                                                              ~~~^
compare	Build baseline and candidate	2026-10-07T13:50:32.5664056Z       |                                                                                                                                                 |
compare	Build baseline and candidate	2026-10-07T13:50:32.5665395Z       |                                                                                                                                                 long long unsigned int
compare	Build baseline and candidate	2026-10-07T13:50:32.5666720Z       |                                                                                                                                              %lu
compare	Build baseline and candidate	2026-10-07T13:50:32.5669121Z  3826 |                      nbHardens, fixedByHardens, nbSavedLits, meanLB, dev, succRate, nbLKsuccess-savednbLKsuccess, LOOKAHEAD-savedLOOKAHEAD, nbSavedLits, quasiSoftConflicts, fixedByQuasiConfl);
compare	Build baseline and candidate	2026-10-07T13:50:32.5671163Z       |                                                                                                                                             ~~~~~~~~~~~
compare	Build baseline and candidate	2026-10-07T13:50:32.5672372Z       |                                                                                                                                             |
compare	Build baseline and candidate	2026-10-07T13:50:32.5673557Z       |                                                                                                                                             uint64_t {aka long unsigned int}
compare	Build baseline and candidate	2026-10-07T13:50:32.5675804Z src/solver/Solver.cc:3825:159: warning: format ‘%llu’ expects argument of type ‘long long unsigned int’, but argument 11 has type ‘uint64_t’ {aka ‘long unsigned int’} [-Wformat=]
compare	Build baseline and candidate	2026-10-07T13:50:32.5678295Z  3825 |               printf("c nbHardens %d (fixed %llu), shorten: %llu, prunedLB %4.2f, dev %4.2f, succRate %4.2f, nbSucc %llu, lk: %llu, shorten: %llu, quasiC: %llu (fixed: %llu)\n\n",
compare	Build baseline and candidate	2026-10-07T13:50:32.5680353Z       |                                                                                                                                                            ~~~^
compare	Build baseline and candidate	2026-10-07T13:50:32.5681661Z       |                                                                                                                                                               |
compare	Build baseline and candidate	2026-10-07T13:50:32.5683021Z       |                                                                                                                                                               long long unsigned int
compare	Build baseline and candidate	2026-10-07T13:50:32.5684424Z       |                                                                                                                                                            %lu
compare	Build baseline and candidate	2026-10-07T13:50:32.5686439Z  3826 |                      nbHardens, fixedByHardens, nbSavedLits, meanLB, dev, succRate, nbLKsuccess-savednbLKsuccess, LOOKAHEAD-savedLOOKAHEAD, nbSavedLits, quasiSoftConflicts, fixedByQuasiConfl);
compare	Build baseline and candidate	2026-10-07T13:50:32.5688458Z       |                                                                                                                                                          ~~~~~~~~~~~~~~~~~~
compare	Build baseline and candidate	2026-10-07T13:50:32.5690401Z       |                                                                                                                                                          |
compare	Build baseline and candidate	2026-10-07T13:50:32.5691800Z       |                                                                                                                                                          uint64_t {aka long unsigned int}
compare	Build baseline and candidate	2026-10-07T13:50:32.5694390Z src/solver/Solver.cc:3825:172: warning: format ‘%llu’ expects argument of type ‘long long unsigned int’, but argument 12 has type ‘uint64_t’ {aka ‘long unsigned int’} [-Wformat=]
compare	Build baseline and candidate	2026-10-07T13:50:32.5696803Z  3825 |               printf("c nbHardens %d (fixed %llu), shorten: %llu, prunedLB %4.2f, dev %4.2f, succRate %4.2f, nbSucc %llu, lk: %llu, shorten: %llu, quasiC: %llu (fixed: %llu)\n\n",
compare	Build baseline and candidate	2026-10-07T13:50:32.5699012Z       |                                                                                                                                                                         ~~~^
compare	Build baseline and candidate	2026-10-07T13:50:32.5700467Z       |                                                                                                                                                                            |
compare	Build baseline and candidate	2026-10-07T13:50:32.5701917Z       |                                                                                                                                                                            long long unsigned int
compare	Build baseline and candidate	2026-10-07T13:50:32.5703359Z       |                                                                                                                                                                         %lu
compare	Build baseline and candidate	2026-10-07T13:50:32.5705420Z  3826 |                      nbHardens, fixedByHardens, nbSavedLits, meanLB, dev, succRate, nbLKsuccess-savednbLKsuccess, LOOKAHEAD-savedLOOKAHEAD, nbSavedLits, quasiSoftConflicts, fixedByQuasiConfl);
compare	Build baseline and candidate	2026-10-07T13:50:32.5707543Z       |                                                                                                                                                                              ~~~~~~~~~~~~~~~~~
compare	Build baseline and candidate	2026-10-07T13:50:32.5709133Z       |                                                                                                                                                                              |
compare	Build baseline and candidate	2026-10-07T13:50:32.5710523Z       |                                                                                                                                                                              uint64_t {aka long unsigned int}
compare	Build baseline and candidate	2026-10-07T13:50:32.5712214Z src/solver/Solver.cc: In member function ‘Minisat::CRef Minisat::Solver::propagateForLK()’:
compare	Build baseline and candidate	2026-10-07T13:50:32.5714197Z src/solver/Solver.cc:3984:27: warning: comparison of integer expressions of different signedness: ‘unsigned int’ and ‘int’ [-Wsign-compare]
compare	Build baseline and candidate	2026-10-07T13:50:32.5715669Z  3984 |         if (c.lastPoint() > c.size())
compare	Build baseline and candidate	2026-10-07T13:50:32.5716445Z       |             ~~~~~~~~~~~~~~^~~~~~~~~~
compare	Build baseline and candidate	2026-10-07T13:50:32.5718046Z src/solver/Solver.cc:4003:27: warning: comparison of integer expressions of different signedness: ‘int’ and ‘unsigned int’ [-Wsign-compare]
compare	Build baseline and candidate	2026-10-07T13:50:32.5719824Z  4003 |         for (int k = 2; k < c.lastPoint(); k++) {
compare	Build baseline and candidate	2026-10-07T13:50:32.5720671Z       |                         ~~^~~~~~~~~~~~~~~
compare	Build baseline and candidate	2026-10-07T13:50:32.5722358Z src/solver/Solver.cc: In member function ‘void Minisat::Solver::analyzeQuasiSoftConflict(Minisat::vec<Minisat::Lit>&, int&, int&)’:
compare	Build baseline and candidate	2026-10-07T13:50:32.5724700Z src/solver/Solver.cc:4502:26: warning: comparison of integer expressions of different signedness: ‘int’ and ‘uint64_t’ {aka ‘long unsigned int’} [-Wsign-compare]
compare	Build baseline and candidate	2026-10-07T13:50:32.5726277Z  4502 |     if (falseLits.size() > UB) {
compare	Build baseline and candidate	2026-10-07T13:50:32.5727026Z       |         ~~~~~~~~~~~~~~~~~^~~~
compare	Build baseline and candidate	2026-10-07T13:50:32.5735097Z src/solver/Solver.cc: In member function ‘bool Minisat::Solver::lookahead()’:
compare	Build baseline and candidate	2026-10-07T13:50:32.5737551Z src/solver/Solver.cc:4843:17: warning: comparison of integer expressions of different signedness: ‘uint64_t’ {aka ‘long unsigned int’} and ‘int’ [-Wsign-compare]
compare	Build baseline and candidate	2026-10-07T13:50:32.5739461Z  4843 |   if (conflicts > prevConflicts) {
compare	Build baseline and candidate	2026-10-07T13:50:32.5740234Z       |       ~~~~~~~~~~^~~~~~~~~~~~~~~
compare	Build baseline and candidate	2026-10-07T13:50:32.5765505Z src/solver/Solver.cc: In member function ‘void Minisat::Solver::addHardClausesForSoftClauses()’:
compare	Build baseline and candidate	2026-10-07T13:50:32.5768001Z src/solver/Solver.cc:5088:70: warning: format ‘%llu’ expects argument of type ‘long long unsigned int’, but argument 5 has type ‘uint64_t’ {aka ‘long unsigned int’} [-Wformat=]
compare	Build baseline and candidate	2026-10-07T13:50:32.5770146Z  5088 |   printf("c nb soft clauses: %d, of which %d unit, %d nonUnit and %llu empty\n",
compare	Build baseline and candidate	2026-10-07T13:50:32.5771235Z       |                                                                   ~~~^
compare	Build baseline and candidate	2026-10-07T13:50:32.5772103Z       |                                                                      |
compare	Build baseline and candidate	2026-10-07T13:50:32.5773026Z       |                                                                      long long unsigned int
compare	Build baseline and candidate	2026-10-07T13:50:32.5773964Z       |                                                                   %lu
compare	Build baseline and candidate	2026-10-07T13:50:32.5774925Z  5089 |          softClauses.size(), nbUnitSoft, nbNonUnitSoft, solutionCost);
compare	Build baseline and candidate	2026-10-07T13:50:32.5775942Z       |                                                         ~~~~~~~~~~~~  
compare	Build baseline and candidate	2026-10-07T13:50:32.5776892Z       |                                                         |
compare	Build baseline and candidate	2026-10-07T13:50:32.5777778Z       |                                                         uint64_t {aka long unsigned int}
compare	Build baseline and candidate	2026-10-07T13:50:32.5791344Z src/solver/Solver.cc: In member function ‘void Minisat::Solver::printBestSolution() const’:
compare	Build baseline and candidate	2026-10-07T13:50:32.5793358Z src/solver/Solver.cc:5239:49: warning: format ‘%llu’ expects argument of type ‘long long unsigned int’, but argument 2 has type ‘long unsigned int’ [-Wformat=]
compare	Build baseline and candidate	2026-10-07T13:50:32.5795045Z  5239 |     printf("c   unsat soft clauses (search): %llu\n", bestSup);
compare	Build baseline and candidate	2026-10-07T13:50:32.5796019Z       |                                              ~~~^     ~~~~~~~
compare	Build baseline and candidate	2026-10-07T13:50:32.5796825Z       |                                                 |     |
compare	Build baseline and candidate	2026-10-07T13:50:32.5797664Z       |                                                 |     long unsigned int
compare	Build baseline and candidate	2026-10-07T13:50:32.5798836Z       |                                                 long long unsigned int
compare	Build baseline and candidate	2026-10-07T13:50:32.5799734Z       |                                              %lu
compare	Build baseline and candidate	2026-10-07T13:50:32.5801640Z src/solver/Solver.cc:5240:53: warning: format ‘%llu’ expects argument of type ‘long long unsigned int’, but argument 2 has type ‘uint64_t’ {aka ‘long unsigned int’} [-Wformat=]
compare	Build baseline and candidate	2026-10-07T13:50:32.5803412Z  5240 |     printf("c   satisfied soft clauses (maxsat): %llu\n", maxsat);
compare	Build baseline and candidate	2026-10-07T13:50:32.5804312Z       |                                                  ~~~^     ~~~~~~
compare	Build baseline and candidate	2026-10-07T13:50:32.5805151Z       |                                                     |     |
compare	Build baseline and candidate	2026-10-07T13:50:32.5806114Z       |                                                     |     uint64_t {aka long unsigned int}
compare	Build baseline and candidate	2026-10-07T13:50:32.5807087Z       |                                                     long long unsigned int
compare	Build baseline and candidate	2026-10-07T13:50:32.5807969Z       |                                                  %lu
compare	Build baseline and candidate	2026-10-07T13:50:32.5810105Z src/solver/Solver.cc:5241:39: warning: format ‘%llu’ expects argument of type ‘long long unsigned int’, but argument 2 has type ‘uint64_t’ {aka ‘long unsigned int’} [-Wformat=]
compare	Build baseline and candidate	2026-10-07T13:50:32.5811834Z  5241 |     printf("c   total weight cost: %llu\n", optimal);
compare	Build baseline and candidate	2026-10-07T13:50:32.5812722Z       |                                    ~~~^     ~~~~~~~
compare	Build baseline and candidate	2026-10-07T13:50:32.5813487Z       |                                       |     |
compare	Build baseline and candidate	2026-10-07T13:50:32.5814320Z       |                                       |     uint64_t {aka long unsigned int}
compare	Build baseline and candidate	2026-10-07T13:50:32.5815241Z       |                                       long long unsigned int
compare	Build baseline and candidate	2026-10-07T13:50:32.5816424Z       |                                    %lu
compare	Build baseline and candidate	2026-10-07T13:50:32.5817694Z src/solver/Solver.cc: In member function ‘void Minisat::Solver::checkSolution()’:
compare	Build baseline and candidate	2026-10-07T13:50:32.5820070Z src/solver/Solver.cc:5257:15: warning: comparison of integer expressions of different signedness: ‘int’ and ‘uint64_t’ {aka ‘long unsigned int’} [-Wsign-compare]
compare	Build baseline and candidate	2026-10-07T13:50:32.5822135Z  5257 |   if (nbFalse != falseLits.size()+fixedCostBySearch + relaxedCost)
compare	Build baseline and candidate	2026-10-07T13:50:32.5823159Z       |       ~~~~~~~~^~~~~~~~~~~~~~~~~~~~~~~~~~~~~~~~~~~~~~~~~~~~~~~~~~~
compare	Build baseline and candidate	2026-10-07T13:50:32.5825163Z src/solver/Solver.cc:5258:92: warning: format ‘%llu’ expects argument of type ‘long long unsigned int’, but argument 3 has type ‘uint64_t’ {aka ‘long unsigned int’} [-Wformat=]
compare	Build baseline and candidate	2026-10-07T13:50:32.5827152Z  5258 |     printf("c **** error nb of false soft clauses real nbfalse: %d, recorded falseLits: %llu****\n",
compare	Build baseline and candidate	2026-10-07T13:50:32.5828378Z       |                                                                                         ~~~^
compare	Build baseline and candidate	2026-10-07T13:50:32.5829705Z       |                                                                                            |
compare	Build baseline and candidate	2026-10-07T13:50:32.5830752Z       |                                                                                            long long unsigned int
compare	Build baseline and candidate	2026-10-07T13:50:32.5831780Z       |                                                                                         %lu
compare	Build baseline and candidate	2026-10-07T13:50:32.5832849Z  5259 |            nbFalse, falseLits.size()+fixedCostBySearch+relaxedCost);
compare	Build baseline and candidate	2026-10-07T13:50:32.5833921Z       |                     ~~~~~~~~~~~~~~~~~~~~~~~~~~~~~~~~~~~~~~~~~~~~~~                          
compare	Build baseline and candidate	2026-10-07T13:50:32.5834876Z       |                                                       |
compare	Build baseline and candidate	2026-10-07T13:50:32.5835775Z       |                                                       uint64_t {aka long unsigned int}
compare	Build baseline and candidate	2026-10-07T13:50:32.5837188Z src/solver/Solver.cc: In member function ‘void Minisat::Solver::partition()’:
compare	Build baseline and candidate	2026-10-07T13:50:32.5839335Z src/solver/Solver.cc:5379:31: warning: comparison of integer expressions of different signedness: ‘unsigned int’ and ‘int’ [-Wsign-compare]
compare	Build baseline and candidate	2026-10-07T13:50:32.5840836Z  5379 |         if (conflicted[var(q)]==iset.size()) {
compare	Build baseline and candidate	2026-10-07T13:50:32.5842510Z src/solver/Solver.cc:5389:32: warning: comparison of integer expressions of different signedness: ‘unsigned int’ and ‘int’ [-Wsign-compare]
compare	Build baseline and candidate	2026-10-07T13:50:32.5844022Z  5389 |         if (conflicted[var(q)] < iset.size())
compare	Build baseline and candidate	2026-10-07T13:50:32.5845703Z src/solver/Solver.cc:5448:50: warning: comparison of integer expressions of different signedness: ‘unsigned int’ and ‘int’ [-Wsign-compare]
compare	Build baseline and candidate	2026-10-07T13:50:32.5847230Z  5448 |         if (q != lit_Undef && conflicted[var(q)] == iset.size()) {
compare	Build baseline and candidate	2026-10-07T13:50:32.5849465Z src/solver/Solver.cc:5513:38: warning: format ‘%llu’ expects argument of type ‘long long unsigned int’, but argument 3 has type ‘uint64_t’ {aka ‘long unsigned int’} [-Wformat=]
compare	Build baseline and candidate	2026-10-07T13:50:32.5851217Z  5513 |   printf("c isets %d, derivedCost %llu\n", nbIsets, derivedCost);
compare	Build baseline and candidate	2026-10-07T13:50:32.5852126Z       |                                   ~~~^              ~~~~~~~~~~~
compare	Build baseline and candidate	2026-10-07T13:50:32.5852860Z       |                                      |              |
compare	Build baseline and candidate	2026-10-07T13:50:32.5853634Z       |                                      |              uint64_t {aka long unsigned int}
compare	Build baseline and candidate	2026-10-07T13:50:32.5854470Z       |                                      long long unsigned int
compare	Build baseline and candidate	2026-10-07T13:50:32.5855191Z       |                                   %lu
compare	Build baseline and candidate	2026-10-07T13:50:32.5877802Z src/solver/Solver.cc: In member function ‘Minisat::CRef Minisat::Solver::simplepropagateForLK()’:
compare	Build baseline and candidate	2026-10-07T13:50:32.5880089Z src/solver/Solver.cc:5660:27: warning: comparison of integer expressions of different signedness: ‘unsigned int’ and ‘int’ [-Wsign-compare]
compare	Build baseline and candidate	2026-10-07T13:50:32.5881572Z  5660 |         if (c.lastPoint() > c.size())
compare	Build baseline and candidate	2026-10-07T13:50:32.5882328Z       |             ~~~~~~~~~~~~~~^~~~~~~~~~
compare	Build baseline and candidate	2026-10-07T13:50:32.5883945Z src/solver/Solver.cc:5674:27: warning: comparison of integer expressions of different signedness: ‘int’ and ‘unsigned int’ [-Wsign-compare]
compare	Build baseline and candidate	2026-10-07T13:50:32.5885746Z  5674 |         for (int k = 2; k < c.lastPoint(); k++) {
compare	Build baseline and candidate	2026-10-07T13:50:32.5886573Z       |                         ~~^~~~~~~~~~~~~~~
compare	Build baseline and candidate	2026-10-07T13:50:32.5958994Z src/solver/Solver.cc: In member function ‘void Minisat::Solver::addCardinalityConstraints()’:
compare	Build baseline and candidate	2026-10-07T13:50:32.5961845Z src/solver/Solver.cc:6204:64: warning: format ‘%llu’ expects argument of type ‘long long unsigned int’, but argument 2 has type ‘uint64_t’ {aka ‘long unsigned int’} [-Wformat=]
compare	Build baseline and candidate	2026-10-07T13:50:32.5979086Z  6204 |       printf("\nc Cardinality: off (soft-conflict only), UB %llu\n", UB);
compare	Build baseline and candidate	2026-10-07T13:50:32.5980197Z       |                                                             ~~~^     ~~
compare	Build baseline and candidate	2026-10-07T13:50:32.5981818Z       |                                                                |     |
compare	Build baseline and candidate	2026-10-07T13:50:32.5983320Z       |                                                                |     uint64_t {aka long unsigned int}
compare	Build baseline and candidate	2026-10-07T13:50:32.5985107Z       |                                                                long long unsigned int
compare	Build baseline and candidate	2026-10-07T13:50:32.5986566Z       |                                                             %lu
compare	Build baseline and candidate	2026-10-07T13:50:32.5988910Z src/solver/Solver.cc:6234:82: warning: comparison of integer expressions of different signedness: ‘int’ and ‘uint64_t’ {aka ‘long unsigned int’} [-Wsign-compare]
compare	Build baseline and candidate	2026-10-07T13:50:32.5990864Z  6234 |   if (activeSoftLits.size() < 2 || UB - 1 - nbFalse < 1 || activeSoftLits.size() <= UB - 1 - nbFalse
compare	Build baseline and candidate	2026-10-07T13:50:32.5992080Z       |                                                            ~~~~~~~~~~~~~~~~~~~~~~^~~~~~~~~~~~~~~~~~~
compare	Build baseline and candidate	2026-10-07T13:50:32.5994065Z src/solver/Solver.cc:6253:46: warning: format ‘%llu’ expects argument of type ‘long long unsigned int’, but argument 4 has type ‘uint64_t’ {aka ‘long unsigned int’} [-Wformat=]
compare	Build baseline and candidate	2026-10-07T13:50:32.5995913Z  6253 |   printf("\nc Cardinality: %d (%s) for UB %llu\n", cardinalityC.size(), enc, UB);
compare	Build baseline and candidate	2026-10-07T13:50:32.5997025Z       |                                           ~~~^                               ~~
compare	Build baseline and candidate	2026-10-07T13:50:32.5997918Z       |                                              |                               |
compare	Build baseline and candidate	2026-10-07T13:50:32.5999327Z       |                                              long long unsigned int          uint64_t {aka long unsigned int}
compare	Build baseline and candidate	2026-10-07T13:50:32.6000387Z       |                                           %lu
compare	Build baseline and candidate	2026-10-07T13:50:32.6018365Z src/solver/Solver.cc: In member function ‘Minisat::lbool Minisat::Solver::solve_()’:
compare	Build baseline and candidate	2026-10-07T13:50:32.6020811Z src/solver/Solver.cc:6602:79: warning: format ‘%llu’ expects argument of type ‘long long unsigned int’, but argument 5 has type ‘uint64_t’ {aka ‘long unsigned int’} [-Wformat=]
compare	Build baseline and candidate	2026-10-07T13:50:32.6022734Z  6602 |     printf("c fixedCost %d, nbSatLits %d, totalFixedVars %d, objForSearch: %llu\n\n",
compare	Build baseline and candidate	2026-10-07T13:50:32.6023858Z       |                                                                            ~~~^
compare	Build baseline and candidate	2026-10-07T13:50:32.6024791Z       |                                                                               |
compare	Build baseline and candidate	2026-10-07T13:50:32.6025734Z       |                                                                               long long unsigned int
compare	Build baseline and candidate	2026-10-07T13:50:32.6026683Z       |                                                                            %lu
compare	Build baseline and candidate	2026-10-07T13:50:32.6027586Z  6603 |                 fixedCost, nbSatLits, trail.size(), objForSearch);
compare	Build baseline and candidate	2026-10-07T13:50:32.6028416Z       |                                                     ~~~~~~~~~~~~               
compare	Build baseline and candidate	2026-10-07T13:50:32.6029457Z       |                                                     |
compare	Build baseline and candidate	2026-10-07T13:50:32.6030233Z       |                                                     uint64_t {aka long unsigned int}
compare	Build baseline and candidate	2026-10-07T13:50:32.6032216Z src/solver/Solver.cc:6631:35: warning: format ‘%llu’ expects argument of type ‘long long unsigned int’, but argument 2 has type ‘uint64_t’ {aka ‘long unsigned int’} [-Wformat=]
compare	Build baseline and candidate	2026-10-07T13:50:32.6034293Z  6631 |         printf("c provided UB: %llu\n", providedUB);
compare	Build baseline and candidate	2026-10-07T13:50:32.6035602Z       |                                ~~~^     ~~~~~~~~~~
compare	Build baseline and candidate	2026-10-07T13:50:32.6037566Z       |                                   |     |
compare	Build baseline and candidate	2026-10-07T13:50:32.6039135Z       |                                   |     uint64_t {aka long unsigned int}
compare	Build baseline and candidate	2026-10-07T13:50:32.6040536Z       |                                   long long unsigned int
compare	Build baseline and candidate	2026-10-07T13:50:32.6041217Z       |                                %lu
compare	Build baseline and candidate	2026-10-07T13:50:32.6042922Z src/solver/Solver.cc:6634:54: warning: format ‘%llu’ expects argument of type ‘long long unsigned int’, but argument 2 has type ‘uint64_t’ {aka ‘long unsigned int’} [-Wformat=]
compare	Build baseline and candidate	2026-10-07T13:50:32.6045342Z  6634 |         printf("c provided UB is invalide: initUB %llu, solCost %llu, costbySearch %llu, derivedCost %llu, relaxedCost: %llu\n", initUB, solutionCost, fixedCostBySearch, derivedCost, relaxedCost);
compare	Build baseline and candidate	2026-10-07T13:50:32.6047241Z       |                                                   ~~~^                                                                           ~~~~~~
compare	Build baseline and candidate	2026-10-07T13:50:32.6048416Z       |                                                      |                                                                           |
compare	Build baseline and candidate	2026-10-07T13:50:32.6050073Z       |                                                      long long unsigned int                                                      uint64_t {aka long unsigned int}
compare	Build baseline and candidate	2026-10-07T13:50:32.6051168Z       |                                                   %lu
compare	Build baseline and candidate	2026-10-07T13:50:32.6052892Z src/solver/Solver.cc:6634:68: warning: format ‘%llu’ expects argument of type ‘long long unsigned int’, but argument 3 has type ‘uint64_t’ {aka ‘long unsigned int’} [-Wformat=]
compare	Build baseline and candidate	2026-10-07T13:50:32.6055251Z  6634 |         printf("c provided UB is invalide: initUB %llu, solCost %llu, costbySearch %llu, derivedCost %llu, relaxedCost: %llu\n", initUB, solutionCost, fixedCostBySearch, derivedCost, relaxedCost);
compare	Build baseline and candidate	2026-10-07T13:50:32.6057143Z       |                                                                 ~~~^                                                                     ~~~~~~~~~~~~
compare	Build baseline and candidate	2026-10-07T13:50:32.6058232Z       |                                                                    |                                                                     |
compare	Build baseline and candidate	2026-10-07T13:50:32.6059738Z       |                                                                    long long unsigned int                                                uint64_t {aka long unsigned int}
compare	Build baseline and candidate	2026-10-07T13:50:32.6060818Z       |                                                                 %lu
compare	Build baseline and candidate	2026-10-07T13:50:32.6062582Z src/solver/Solver.cc:6634:87: warning: format ‘%llu’ expects argument of type ‘long long unsigned int’, but argument 4 has type ‘uint64_t’ {aka ‘long unsigned int’} [-Wformat=]
compare	Build baseline and candidate	2026-10-07T13:50:32.6065078Z  6634 |         printf("c provided UB is invalide: initUB %llu, solCost %llu, costbySearch %llu, derivedCost %llu, relaxedCost: %llu\n", initUB, solutionCost, fixedCostBySearch, derivedCost, relaxedCost);
compare	Build baseline and candidate	2026-10-07T13:50:32.6067112Z       |                                                                                    ~~~^                                                                ~~~~~~~~~~~~~~~~~
compare	Build baseline and candidate	2026-10-07T13:50:32.6068363Z       |                                                                                       |                                                                |
compare	Build baseline and candidate	2026-10-07T13:50:32.6070055Z       |                                                                                       long long unsigned int                                           uint64_t {aka long unsigned int}
compare	Build baseline and candidate	2026-10-07T13:50:32.6071252Z       |                                                                                    %lu
compare	Build baseline and candidate	2026-10-07T13:50:32.6073204Z src/solver/Solver.cc:6634:105: warning: format ‘%llu’ expects argument of type ‘long long unsigned int’, but argument 5 has type ‘uint64_t’ {aka ‘long unsigned int’} [-Wformat=]
compare	Build baseline and candidate	2026-10-07T13:50:32.6076167Z  6634 |         printf("c provided UB is invalide: initUB %llu, solCost %llu, costbySearch %llu, derivedCost %llu, relaxedCost: %llu\n", initUB, solutionCost, fixedCostBySearch, derivedCost, relaxedCost);
compare	Build baseline and candidate	2026-10-07T13:50:32.6078120Z       |                                                                                                      ~~~^                                                                 ~~~~~~~~~~~
compare	Build baseline and candidate	2026-10-07T13:50:32.6080035Z       |                                                                                                         |                                                                 |
compare	Build baseline and candidate	2026-10-07T13:50:32.6081540Z       |                                                                                                         long long unsigned int                                            uint64_t {aka long unsigned int}
compare	Build baseline and candidate	2026-10-07T13:50:32.6082861Z       |                                                                                                      %lu
compare	Build baseline and candidate	2026-10-07T13:50:32.6084803Z src/solver/Solver.cc:6634:124: warning: format ‘%llu’ expects argument of type ‘long long unsigned int’, but argument 6 has type ‘uint64_t’ {aka ‘long unsigned int’} [-Wformat=]
compare	Build baseline and candidate	2026-10-07T13:50:32.6087158Z  6634 |         printf("c provided UB is invalide: initUB %llu, solCost %llu, costbySearch %llu, derivedCost %llu, relaxedCost: %llu\n", initUB, solutionCost, fixedCostBySearch, derivedCost, relaxedCost);
compare	Build baseline and candidate	2026-10-07T13:50:32.6089602Z       |                                                                                                                         ~~~^                                                           ~~~~~~~~~~~
compare	Build baseline and candidate	2026-10-07T13:50:32.6090919Z       |                                                                                                                            |                                                           |
compare	Build baseline and candidate	2026-10-07T13:50:32.6092484Z       |                                                                                                                            long long unsigned int                                      uint64_t {aka long unsigned int}
compare	Build baseline and candidate	2026-10-07T13:50:32.6093832Z       |                                                                                                                         %lu
compare	Build baseline and candidate	2026-10-07T13:50:32.6095843Z src/solver/Solver.cc:6656:58: warning: format ‘%llu’ expects argument of type ‘long long unsigned int’, but argument 2 has type ‘uint64_t’ {aka ‘long unsigned int’} [-Wformat=]
compare	Build baseline and candidate	2026-10-07T13:50:32.6097643Z  6656 |       printf("c ends of initiationization by VSIDS at %llu conflicts with init %d\n\n",
compare	Build baseline and candidate	2026-10-07T13:50:32.6098900Z       |                                                       ~~~^
compare	Build baseline and candidate	2026-10-07T13:50:32.6099669Z       |                                                          |
compare	Build baseline and candidate	2026-10-07T13:50:32.6100429Z       |                                                          long long unsigned int
compare	Build baseline and candidate	2026-10-07T13:50:32.6101208Z       |                                                       %lu
compare	Build baseline and candidate	2026-10-07T13:50:32.6101920Z  6657 |              conflicts, init);
compare	Build baseline and candidate	2026-10-07T13:50:32.6102589Z       |              ~~~~~~~~~                                    
compare	Build baseline and candidate	2026-10-07T13:50:32.6103227Z       |              |
compare	Build baseline and candidate	2026-10-07T13:50:32.6103788Z       |              uint64_t {aka long unsigned int}
compare	Build baseline and candidate	2026-10-07T13:50:32.6105525Z src/solver/Solver.cc:6686:50: warning: format ‘%llu’ expects argument of type ‘long long unsigned int’, but argument 3 has type ‘uint64_t’ {aka ‘long unsigned int’} [-Wformat=]
compare	Build baseline and candidate	2026-10-07T13:50:32.6107449Z  6686 |           printf("c VSIDS phase %d: conflicts %llu, phase %llu, starts %llu, UP %llu\n",
compare	Build baseline and candidate	2026-10-07T13:50:32.6108497Z       |                                               ~~~^
compare	Build baseline and candidate	2026-10-07T13:50:32.6109563Z       |                                                  |
compare	Build baseline and candidate	2026-10-07T13:50:32.6110470Z       |                                                  long long unsigned int
compare	Build baseline and candidate	2026-10-07T13:50:32.6111321Z       |                                               %lu
compare	Build baseline and candidate	2026-10-07T13:50:32.6112648Z  6687 |                  nbVSIDSphase, conflicts-savedConfl, phase_allotment,
compare	Build baseline and candidate	2026-10-07T13:50:32.6113601Z       |                                ~~~~~~~~~~~~~~~~~~~~
compare	Build baseline and candidate	2026-10-07T13:50:32.6114378Z       |                                         |
compare	Build baseline and candidate	2026-10-07T13:50:32.6115214Z       |                                         uint64_t {aka long unsigned int}
compare	Build baseline and candidate	2026-10-07T13:50:32.6117569Z src/solver/Solver.cc:6686:62: warning: format ‘%llu’ expects argument of type ‘long long unsigned int’, but argument 4 has type ‘uint64_t’ {aka ‘long unsigned int’} [-Wformat=]
compare	Build baseline and candidate	2026-10-07T13:50:32.6119784Z  6686 |           printf("c VSIDS phase %d: conflicts %llu, phase %llu, starts %llu, UP %llu\n",
compare	Build baseline and candidate	2026-10-07T13:50:32.6120905Z       |                                                           ~~~^
compare	Build baseline and candidate	2026-10-07T13:50:32.6121823Z       |                                                              |
compare	Build baseline and candidate	2026-10-07T13:50:32.6122739Z       |                                                              long long unsigned int
compare	Build baseline and candidate	2026-10-07T13:50:32.6123672Z       |                                                           %lu
compare	Build baseline and candidate	2026-10-07T13:50:32.6124685Z  6687 |                  nbVSIDSphase, conflicts-savedConfl, phase_allotment,
compare	Build baseline and candidate	2026-10-07T13:50:32.6125662Z       |                                                      ~~~~~~~~~~~~~~~
compare	Build baseline and candidate	2026-10-07T13:50:32.6126502Z       |                                                      |
compare	Build baseline and candidate	2026-10-07T13:50:32.6127324Z       |                                                      uint64_t {aka long unsigned int}
compare	Build baseline and candidate	2026-10-07T13:50:32.6129544Z src/solver/Solver.cc:6686:75: warning: format ‘%llu’ expects argument of type ‘long long unsigned int’, but argument 5 has type ‘uint64_t’ {aka ‘long unsigned int’} [-Wformat=]
compare	Build baseline and candidate	2026-10-07T13:50:32.6131411Z  6686 |           printf("c VSIDS phase %d: conflicts %llu, phase %llu, starts %llu, UP %llu\n",
compare	Build baseline and candidate	2026-10-07T13:50:32.6132444Z       |                                                                        ~~~^
compare	Build baseline and candidate	2026-10-07T13:50:32.6133245Z       |                                                                           |
compare	Build baseline and candidate	2026-10-07T13:50:32.6134125Z       |                                                                           long long unsigned int
compare	Build baseline and candidate	2026-10-07T13:50:32.6134997Z       |                                                                        %lu
compare	Build baseline and candidate	2026-10-07T13:50:32.6135939Z  6687 |                  nbVSIDSphase, conflicts-savedConfl, phase_allotment,
compare	Build baseline and candidate	2026-10-07T13:50:32.6137002Z  6688 |                  starts-savedRestarts, propagations-savedUP);
compare	Build baseline and candidate	2026-10-07T13:50:32.6137946Z       |                  ~~~~~~~~~~~~~~~~~~~~                                      
compare	Build baseline and candidate	2026-10-07T13:50:32.6139196Z       |                        |
compare	Build baseline and candidate	2026-10-07T13:50:32.6139739Z       |                        uint64_t {aka long unsigned int}
compare	Build baseline and candidate	2026-10-07T13:50:32.6141311Z src/solver/Solver.cc:6686:84: warning: format ‘%llu’ expects argument of type ‘long long unsigned int’, but argument 6 has type ‘uint64_t’ {aka ‘long unsigned int’} [-Wformat=]
compare	Build baseline and candidate	2026-10-07T13:50:32.6142831Z  6686 |           printf("c VSIDS phase %d: conflicts %llu, phase %llu, starts %llu, UP %llu\n",
compare	Build baseline and candidate	2026-10-07T13:50:32.6143647Z       |                                                                                 ~~~^
compare	Build baseline and candidate	2026-10-07T13:50:32.6144257Z       |                                                                                    |
compare	Build baseline and candidate	2026-10-07T13:50:32.6144851Z       |                                                                                    long long unsigned int
compare	Build baseline and candidate	2026-10-07T13:50:32.6145259Z       |                                                                                 %lu
compare	Build baseline and candidate	2026-10-07T13:50:32.6145689Z  6687 |                  nbVSIDSphase, conflicts-savedConfl, phase_allotment,
compare	Build baseline and candidate	2026-10-07T13:50:32.6146125Z  6688 |                  starts-savedRestarts, propagations-savedUP);
compare	Build baseline and candidate	2026-10-07T13:50:32.6146510Z       |                                        ~~~~~~~~~~~~~~~~~~~~                         
compare	Build baseline and candidate	2026-10-07T13:50:32.6146843Z       |                                                    |
compare	Build baseline and candidate	2026-10-07T13:50:32.6147428Z       |                                                    uint64_t {aka long unsigned int}
compare	Build baseline and candidate	2026-10-07T13:50:32.6148374Z src/solver/Solver.cc:6692:48: warning: format ‘%llu’ expects argument of type ‘long long unsigned int’, but argument 3 has type ‘uint64_t’ {aka ‘long unsigned int’} [-Wformat=]
compare	Build baseline and candidate	2026-10-07T13:50:32.6150457Z  6692 |           printf("c LRB phase %d: conflicts %llu, phase %llu, starts %llu, UP %llu\n",
compare	Build baseline and candidate	2026-10-07T13:50:32.6151255Z       |                                             ~~~^
compare	Build baseline and candidate	2026-10-07T13:50:32.6151808Z       |                                                |
compare	Build baseline and candidate	2026-10-07T13:50:32.6152389Z       |                                                long long unsigned int
compare	Build baseline and candidate	2026-10-07T13:50:32.6153002Z       |                                             %lu
compare	Build baseline and candidate	2026-10-07T13:50:32.6153660Z  6693 |                  nbLRBphase, conflicts-savedConfl, phase_allotment,
compare	Build baseline and candidate	2026-10-07T13:50:32.6154310Z       |                              ~~~~~~~~~~~~~~~~~~~~
compare	Build baseline and candidate	2026-10-07T13:50:32.6154818Z       |                                       |
compare	Build baseline and candidate	2026-10-07T13:50:32.6155362Z       |                                       uint64_t {aka long unsigned int}
compare	Build baseline and candidate	2026-10-07T13:50:32.6157034Z src/solver/Solver.cc:6692:60: warning: format ‘%llu’ expects argument of type ‘long long unsigned int’, but argument 4 has type ‘uint64_t’ {aka ‘long unsigned int’} [-Wformat=]
compare	Build baseline and candidate	2026-10-07T13:50:32.6158930Z  6692 |           printf("c LRB phase %d: conflicts %llu, phase %llu, starts %llu, UP %llu\n",
compare	Build baseline and candidate	2026-10-07T13:50:32.6159761Z       |                                                         ~~~^
compare	Build baseline and candidate	2026-10-07T13:50:32.6160338Z       |                                                            |
compare	Build baseline and candidate	2026-10-07T13:50:32.6160969Z       |                                                            long long unsigned int
compare	Build baseline and candidate	2026-10-07T13:50:32.6161629Z       |                                                         %lu
compare	Build baseline and candidate	2026-10-07T13:50:32.6162317Z  6693 |                  nbLRBphase, conflicts-savedConfl, phase_allotment,
compare	Build baseline and candidate	2026-10-07T13:50:32.6163045Z       |                                                    ~~~~~~~~~~~~~~~
compare	Build baseline and candidate	2026-10-07T13:50:32.6163627Z       |                                                    |
compare	Build baseline and candidate	2026-10-07T13:50:32.6164246Z       |                                                    uint64_t {aka long unsigned int}
compare	Build baseline and candidate	2026-10-07T13:50:32.6165953Z src/solver/Solver.cc:6692:73: warning: format ‘%llu’ expects argument of type ‘long long unsigned int’, but argument 5 has type ‘uint64_t’ {aka ‘long unsigned int’} [-Wformat=]
compare	Build baseline and candidate	2026-10-07T13:50:32.6167556Z  6692 |           printf("c LRB phase %d: conflicts %llu, phase %llu, starts %llu, UP %llu\n",
compare	Build baseline and candidate	2026-10-07T13:50:32.6168397Z       |                                                                      ~~~^
compare	Build baseline and candidate	2026-10-07T13:50:32.6169329Z       |                                                                         |
compare	Build baseline and candidate	2026-10-07T13:50:32.6170023Z       |                                                                         long long unsigned int
compare	Build baseline and candidate	2026-10-07T13:50:32.6170757Z       |                                                                      %lu
compare	Build baseline and candidate	2026-10-07T13:50:32.6171496Z  6693 |                  nbLRBphase, conflicts-savedConfl, phase_allotment,
compare	Build baseline and candidate	2026-10-07T13:50:32.6172263Z  6694 |                  starts-savedRestarts, propagations-savedUP);
compare	Build baseline and candidate	2026-10-07T13:50:32.6172967Z       |                  ~~~~~~~~~~~~~~~~~~~~                                    
compare	Build baseline and candidate	2026-10-07T13:50:32.6173566Z       |                        |
compare	Build baseline and candidate	2026-10-07T13:50:32.6174060Z       |                        uint64_t {aka long unsigned int}
compare	Build baseline and candidate	2026-10-07T13:50:32.6175817Z src/solver/Solver.cc:6692:82: warning: format ‘%llu’ expects argument of type ‘long long unsigned int’, but argument 6 has type ‘uint64_t’ {aka ‘long unsigned int’} [-Wformat=]
compare	Build baseline and candidate	2026-10-07T13:50:32.6177436Z  6692 |           printf("c LRB phase %d: conflicts %llu, phase %llu, starts %llu, UP %llu\n",
compare	Build baseline and candidate	2026-10-07T13:50:32.6178274Z       |                                                                               ~~~^
compare	Build baseline and candidate	2026-10-07T13:50:32.6179551Z       |                                                                                  |
compare	Build baseline and candidate	2026-10-07T13:50:32.6180302Z       |                                                                                  long long unsigned int
compare	Build baseline and candidate	2026-10-07T13:50:32.6181046Z       |                                                                               %lu
compare	Build baseline and candidate	2026-10-07T13:50:32.6182043Z  6693 |                  nbLRBphase, conflicts-savedConfl, phase_allotment,
compare	Build baseline and candidate	2026-10-07T13:50:32.6182823Z  6694 |                  starts-savedRestarts, propagations-savedUP);
compare	Build baseline and candidate	2026-10-07T13:50:32.6183515Z       |                                        ~~~~~~~~~~~~~~~~~~~~                       
compare	Build baseline and candidate	2026-10-07T13:50:32.6184113Z       |                                                    |
compare	Build baseline and candidate	2026-10-07T13:50:32.6184703Z       |                                                    uint64_t {aka long unsigned int}
compare	Build baseline and candidate	2026-10-07T13:50:32.6186403Z src/solver/Solver.cc:6739:25: warning: format ‘%llu’ expects argument of type ‘long long unsigned int’, but argument 2 has type ‘uint64_t’ {aka ‘long unsigned int’} [-Wformat=]
compare	Build baseline and candidate	2026-10-07T13:50:32.6188083Z  6739 |         printf("c UB=%llu fails, cnfls=%llu, hcnfls=%llu, core %d, tier2 %d, local %d, quasiC: %llu (fixed: %llu)\n",
compare	Build baseline and candidate	2026-10-07T13:50:32.6189266Z       |                      ~~~^
compare	Build baseline and candidate	2026-10-07T13:50:32.6189706Z       |                         |
compare	Build baseline and candidate	2026-10-07T13:50:32.6190107Z       |                         long long unsigned int
compare	Build baseline and candidate	2026-10-07T13:50:32.6190530Z       |                      %lu
compare	Build baseline and candidate	2026-10-07T13:50:32.6191734Z  6740 |                UB, conflicts, conflicts-softConflicts, learnts_core.size(), learnts_tier2.size(), learnts_local.size(), quasiSoftConflicts, fixedByQuasiConfl);
compare	Build baseline and candidate	2026-10-07T13:50:32.6192960Z       |                ~~        
compare	Build baseline and candidate	2026-10-07T13:50:32.6193390Z       |                |
compare	Build baseline and candidate	2026-10-07T13:50:32.6193827Z       |                uint64_t {aka long unsigned int}
compare	Build baseline and candidate	2026-10-07T13:50:32.6195493Z src/solver/Solver.cc:6739:43: warning: format ‘%llu’ expects argument of type ‘long long unsigned int’, but argument 3 has type ‘uint64_t’ {aka ‘long unsigned int’} [-Wformat=]
compare	Build baseline and candidate	2026-10-07T13:50:32.6197229Z  6739 |         printf("c UB=%llu fails, cnfls=%llu, hcnfls=%llu, core %d, tier2 %d, local %d, quasiC: %llu (fixed: %llu)\n",
compare	Build baseline and candidate	2026-10-07T13:50:32.6198156Z       |                                        ~~~^
compare	Build baseline and candidate	2026-10-07T13:50:32.6198952Z       |                                           |
compare	Build baseline and candidate	2026-10-07T13:50:32.6199545Z       |                                           long long unsigned int
compare	Build baseline and candidate	2026-10-07T13:50:32.6200119Z       |                                        %lu
compare	Build baseline and candidate	2026-10-07T13:50:32.6201339Z  6740 |                UB, conflicts, conflicts-softConflicts, learnts_core.size(), learnts_tier2.size(), learnts_local.size(), quasiSoftConflicts, fixedByQuasiConfl);
compare	Build baseline and candidate	2026-10-07T13:50:32.6202600Z       |                    ~~~~~~~~~               
compare	Build baseline and candidate	2026-10-07T13:50:32.6203090Z       |                    |
compare	Build baseline and candidate	2026-10-07T13:50:32.6203540Z       |                    uint64_t {aka long unsigned int}
compare	Build baseline and candidate	2026-10-07T13:50:32.6205492Z src/solver/Solver.cc:6739:56: warning: format ‘%llu’ expects argument of type ‘long long unsigned int’, but argument 4 has type ‘uint64_t’ {aka ‘long unsigned int’} [-Wformat=]
compare	Build baseline and candidate	2026-10-07T13:50:32.6207265Z  6739 |         printf("c UB=%llu fails, cnfls=%llu, hcnfls=%llu, core %d, tier2 %d, local %d, quasiC: %llu (fixed: %llu)\n",
compare	Build baseline and candidate	2026-10-07T13:50:32.6208493Z       |                                                     ~~~^
compare	Build baseline and candidate	2026-10-07T13:50:32.6209341Z       |                                                        |
compare	Build baseline and candidate	2026-10-07T13:50:32.6209965Z       |                                                        long long unsigned int
compare	Build baseline and candidate	2026-10-07T13:50:32.6210601Z       |                                                     %lu
compare	Build baseline and candidate	2026-10-07T13:50:32.6211856Z  6740 |                UB, conflicts, conflicts-softConflicts, learnts_core.size(), learnts_tier2.size(), learnts_local.size(), quasiSoftConflicts, fixedByQuasiConfl);
compare	Build baseline and candidate	2026-10-07T13:50:32.6213145Z       |                               ~~~~~~~~~~~~~~~~~~~~~~~   
compare	Build baseline and candidate	2026-10-07T13:50:32.6213830Z       |                                        |
compare	Build baseline and candidate	2026-10-07T13:50:32.6214404Z       |                                        uint64_t {aka long unsigned int}
compare	Build baseline and candidate	2026-10-07T13:50:32.6216121Z src/solver/Solver.cc:6739:99: warning: format ‘%llu’ expects argument of type ‘long long unsigned int’, but argument 8 has type ‘uint64_t’ {aka ‘long unsigned int’} [-Wformat=]
compare	Build baseline and candidate	2026-10-07T13:50:32.6217894Z  6739 |         printf("c UB=%llu fails, cnfls=%llu, hcnfls=%llu, core %d, tier2 %d, local %d, quasiC: %llu (fixed: %llu)\n",
compare	Build baseline and candidate	2026-10-07T13:50:32.6219221Z       |                                                                                                ~~~^
compare	Build baseline and candidate	2026-10-07T13:50:32.6219983Z       |                                                                                                   |
compare	Build baseline and candidate	2026-10-07T13:50:32.6220799Z       |                                                                                                   long long unsigned int
compare	Build baseline and candidate	2026-10-07T13:50:32.6221634Z       |                                                                                                %lu
compare	Build baseline and candidate	2026-10-07T13:50:32.6223017Z  6740 |                UB, conflicts, conflicts-softConflicts, learnts_core.size(), learnts_tier2.size(), learnts_local.size(), quasiSoftConflicts, fixedByQuasiConfl);
compare	Build baseline and candidate	2026-10-07T13:50:32.6224477Z       |                                                                                                                         ~~~~~~~~~~~~~~~~~~
compare	Build baseline and candidate	2026-10-07T13:50:32.6225393Z       |                                                                                                                         |
compare	Build baseline and candidate	2026-10-07T13:50:32.6226330Z       |                                                                                                                         uint64_t {aka long unsigned int}
compare	Build baseline and candidate	2026-10-07T13:50:32.6228194Z src/solver/Solver.cc:6739:112: warning: format ‘%llu’ expects argument of type ‘long long unsigned int’, but argument 9 has type ‘uint64_t’ {aka ‘long unsigned int’} [-Wformat=]
compare	Build baseline and candidate	2026-10-07T13:50:32.6230243Z  6739 |         printf("c UB=%llu fails, cnfls=%llu, hcnfls=%llu, core %d, tier2 %d, local %d, quasiC: %llu (fixed: %llu)\n",
compare	Build baseline and candidate	2026-10-07T13:50:32.6231320Z       |                                                                                                             ~~~^
compare	Build baseline and candidate	2026-10-07T13:50:32.6232128Z       |                                                                                                                |
compare	Build baseline and candidate	2026-10-07T13:50:32.6233020Z       |                                                                                                                long long unsigned int
compare	Build baseline and candidate	2026-10-07T13:50:32.6233970Z       |                                                                                                             %lu
compare	Build baseline and candidate	2026-10-07T13:50:32.6235371Z  6740 |                UB, conflicts, conflicts-softConflicts, learnts_core.size(), learnts_tier2.size(), learnts_local.size(), quasiSoftConflicts, fixedByQuasiConfl);
compare	Build baseline and candidate	2026-10-07T13:50:32.6236862Z       |                                                                                                                                             ~~~~~~~~~~~~~~~~~
compare	Build baseline and candidate	2026-10-07T13:50:32.6238159Z       |                                                                                                                                             |
compare	Build baseline and candidate	2026-10-07T13:50:32.6239689Z       |                                                                                                                                             uint64_t {aka long unsigned int}
compare	Build baseline and candidate	2026-10-07T13:50:32.6241656Z src/solver/Solver.cc:6741:72: warning: format ‘%llu’ expects argument of type ‘long long unsigned int’, but argument 5 has type ‘uint64_t’ {aka ‘long unsigned int’} [-Wformat=]
compare	Build baseline and candidate	2026-10-07T13:50:32.6243665Z  6741 |         printf("c prunedLB %4.2f, dev %4.2f, succRate %4.2f, nbSucc %llu, nbHardens %d (fixed %llu), lk: %llu, shorten: %llu, pureSo %d, nbFlyRd %d, nbFixedLH %llu\n",
compare	Build baseline and candidate	2026-10-07T13:50:32.6244921Z       |                                                                     ~~~^
compare	Build baseline and candidate	2026-10-07T13:50:32.6245579Z       |                                                                        |
compare	Build baseline and candidate	2026-10-07T13:50:32.6246263Z       |                                                                        long long unsigned int
compare	Build baseline and candidate	2026-10-07T13:50:32.6246951Z       |                                                                     %lu
compare	Build baseline and candidate	2026-10-07T13:50:32.6247571Z  6742 |                meanLB, dev, succRate,
compare	Build baseline and candidate	2026-10-07T13:50:32.6249127Z  6743 |                nbLKsuccess-savednbLKsuccess, nbHardens, fixedByHardens, LOOKAHEAD-savedLOOKAHEAD, nbSavedLits, pureSoftConfl, nbFlyReduced, nbFixedByLH);
compare	Build baseline and candidate	2026-10-07T13:50:32.6250517Z       |                ~~~~~~~~~~~~~~~~~~~~~~~~~~~~                             
compare	Build baseline and candidate	2026-10-07T13:50:32.6251097Z       |                           |
compare	Build baseline and candidate	2026-10-07T13:50:32.6251605Z       |                           uint64_t {aka long unsigned int}
compare	Build baseline and candidate	2026-10-07T13:50:32.6253288Z src/solver/Solver.cc:6741:98: warning: format ‘%llu’ expects argument of type ‘long long unsigned int’, but argument 7 has type ‘uint64_t’ {aka ‘long unsigned int’} [-Wformat=]
compare	Build baseline and candidate	2026-10-07T13:50:32.6255311Z  6741 |         printf("c prunedLB %4.2f, dev %4.2f, succRate %4.2f, nbSucc %llu, nbHardens %d (fixed %llu), lk: %llu, shorten: %llu, pureSo %d, nbFlyRd %d, nbFixedLH %llu\n",
compare	Build baseline and candidate	2026-10-07T13:50:32.6256619Z       |                                                                                               ~~~^
compare	Build baseline and candidate	2026-10-07T13:50:32.6257406Z       |                                                                                                  |
compare	Build baseline and candidate	2026-10-07T13:50:32.6258218Z       |                                                                                                  long long unsigned int
compare	Build baseline and candidate	2026-10-07T13:50:32.6259307Z       |                                                                                               %lu
compare	Build baseline and candidate	2026-10-07T13:50:32.6259976Z  6742 |                meanLB, dev, succRate,
compare	Build baseline and candidate	2026-10-07T13:50:32.6261259Z  6743 |                nbLKsuccess-savednbLKsuccess, nbHardens, fixedByHardens, LOOKAHEAD-savedLOOKAHEAD, nbSavedLits, pureSoftConfl, nbFlyReduced, nbFixedByLH);
compare	Build baseline and candidate	2026-10-07T13:50:32.6262709Z       |                                                         ~~~~~~~~~~~~~~                            
compare	Build baseline and candidate	2026-10-07T13:50:32.6263389Z       |                                                         |
compare	Build baseline and candidate	2026-10-07T13:50:32.6264056Z       |                                                         uint64_t {aka long unsigned int}
compare	Build baseline and candidate	2026-10-07T13:50:32.6265828Z src/solver/Solver.cc:6741:109: warning: format ‘%llu’ expects argument of type ‘long long unsigned int’, but argument 8 has type ‘uint64_t’ {aka ‘long unsigned int’} [-Wformat=]
compare	Build baseline and candidate	2026-10-07T13:50:32.6267864Z  6741 |         printf("c prunedLB %4.2f, dev %4.2f, succRate %4.2f, nbSucc %llu, nbHardens %d (fixed %llu), lk: %llu, shorten: %llu, pureSo %d, nbFlyRd %d, nbFixedLH %llu\n",
compare	Build baseline and candidate	2026-10-07T13:50:32.6269465Z       |                                                                                                          ~~~^
compare	Build baseline and candidate	2026-10-07T13:50:32.6270657Z       |                                                                                                             |
compare	Build baseline and candidate	2026-10-07T13:50:32.6271536Z       |                                                                                                             long long unsigned int
compare	Build baseline and candidate	2026-10-07T13:50:32.6272418Z       |                                                                                                          %lu
compare	Build baseline and candidate	2026-10-07T13:50:32.6273352Z  6742 |                meanLB, dev, succRate,
compare	Build baseline and candidate	2026-10-07T13:50:32.6274614Z  6743 |                nbLKsuccess-savednbLKsuccess, nbHardens, fixedByHardens, LOOKAHEAD-savedLOOKAHEAD, nbSavedLits, pureSoftConfl, nbFlyReduced, nbFixedByLH);
compare	Build baseline and candidate	2026-10-07T13:50:32.6276121Z       |                                                                         ~~~~~~~~~~~~~~~~~~~~~~~~             
compare	Build baseline and candidate	2026-10-07T13:50:32.6276881Z       |                                                                                  |
compare	Build baseline and candidate	2026-10-07T13:50:32.6277666Z       |                                                                                  uint64_t {aka long unsigned int}
compare	Build baseline and candidate	2026-10-07T13:50:32.6280399Z src/solver/Solver.cc:6741:124: warning: format ‘%llu’ expects argument of type ‘long long unsigned int’, but argument 9 has type ‘uint64_t’ {aka ‘long unsigned int’} [-Wformat=]
compare	Build baseline and candidate	2026-10-07T13:50:32.6283250Z  6741 |         printf("c prunedLB %4.2f, dev %4.2f, succRate %4.2f, nbSucc %llu, nbHardens %d (fixed %llu), lk: %llu, shorten: %llu, pureSo %d, nbFlyRd %d, nbFixedLH %llu\n",
compare	Build baseline and candidate	2026-10-07T13:50:32.6285183Z       |                                                                                                                         ~~~^
compare	Build baseline and candidate	2026-10-07T13:50:32.6286407Z       |                                                                                                                            |
compare	Build baseline and candidate	2026-10-07T13:50:32.6287538Z       |                                                                                                                            long long unsigned int
compare	Build baseline and candidate	2026-10-07T13:50:32.6288473Z       |                                                                                                                         %lu
compare	Build baseline and candidate	2026-10-07T13:50:32.6289464Z  6742 |                meanLB, dev, succRate,
compare	Build baseline and candidate	2026-10-07T13:50:32.6290752Z  6743 |                nbLKsuccess-savednbLKsuccess, nbHardens, fixedByHardens, LOOKAHEAD-savedLOOKAHEAD, nbSavedLits, pureSoftConfl, nbFlyReduced, nbFixedByLH);
compare	Build baseline and candidate	2026-10-07T13:50:32.6292225Z       |                                                                                                   ~~~~~~~~~~~               
compare	Build baseline and candidate	2026-10-07T13:50:32.6293054Z       |                                                                                                   |
compare	Build baseline and candidate	2026-10-07T13:50:32.6293904Z       |                                                                                                   uint64_t {aka long unsigned int}
compare	Build baseline and candidate	2026-10-07T13:50:32.6295812Z src/solver/Solver.cc:6741:163: warning: format ‘%llu’ expects argument of type ‘long long unsigned int’, but argument 12 has type ‘uint64_t’ {aka ‘long unsigned int’} [-Wformat=]
compare	Build baseline and candidate	2026-10-07T13:50:32.6297915Z  6741 |         printf("c prunedLB %4.2f, dev %4.2f, succRate %4.2f, nbSucc %llu, nbHardens %d (fixed %llu), lk: %llu, shorten: %llu, pureSo %d, nbFlyRd %d, nbFixedLH %llu\n",
compare	Build baseline and candidate	2026-10-07T13:50:32.6299670Z       |                                                                                                                                                                ~~~^
compare	Build baseline and candidate	2026-10-07T13:50:32.6300747Z       |                                                                                                                                                                   |
compare	Build baseline and candidate	2026-10-07T13:50:32.6301900Z       |                                                                                                                                                                   long long unsigned int
compare	Build baseline and candidate	2026-10-07T13:50:32.6302978Z       |                                                                                                                                                                %lu
compare	Build baseline and candidate	2026-10-07T13:50:32.6304052Z  6742 |                meanLB, dev, succRate,
compare	Build baseline and candidate	2026-10-07T13:50:32.6305327Z  6743 |                nbLKsuccess-savednbLKsuccess, nbHardens, fixedByHardens, LOOKAHEAD-savedLOOKAHEAD, nbSavedLits, pureSoftConfl, nbFlyReduced, nbFixedByLH);
compare	Build baseline and candidate	2026-10-07T13:50:32.6307083Z       |                                                                                                                                             ~~~~~~~~~~~            
compare	Build baseline and candidate	2026-10-07T13:50:32.6308083Z       |                                                                                                                                             |
compare	Build baseline and candidate	2026-10-07T13:50:32.6309402Z       |                                                                                                                                             uint64_t {aka long unsigned int}
compare	Build baseline and candidate	2026-10-07T13:50:32.6311314Z src/solver/Solver.cc:6769:25: warning: format ‘%llu’ expects argument of type ‘long long unsigned int’, but argument 2 has type ‘uint64_t’ {aka ‘long unsigned int’} [-Wformat=]
compare	Build baseline and candidate	2026-10-07T13:50:32.6313554Z  6769 |         printf("c UB=%llu succ, confls=%llu and hconfls=%llu with %d soft clauses unsat (%d at level 0) and %d fixed vars at level 0,  prunedLB %4.2f, dev %4.2f, succRate %4.2f, nbSucc %llu, shortened : %llu\n",
compare	Build baseline and candidate	2026-10-07T13:50:32.6314959Z       |                      ~~~^
compare	Build baseline and candidate	2026-10-07T13:50:32.6315400Z       |                         |
compare	Build baseline and candidate	2026-10-07T13:50:32.6315866Z       |                         long long unsigned int
compare	Build baseline and candidate	2026-10-07T13:50:32.6316369Z       |                      %lu
compare	Build baseline and candidate	2026-10-07T13:50:32.6317098Z  6770 |                UB, conflicts, conflicts-softConflicts, falseLits.size(), nbFalses, nbFixeds,
compare	Build baseline and candidate	2026-10-07T13:50:32.6317882Z       |                ~~        
compare	Build baseline and candidate	2026-10-07T13:50:32.6318304Z       |                |
compare	Build baseline and candidate	2026-10-07T13:50:32.6319029Z       |                uint64_t {aka long unsigned int}
compare	Build baseline and candidate	2026-10-07T13:50:32.6320703Z src/solver/Solver.cc:6769:43: warning: format ‘%llu’ expects argument of type ‘long long unsigned int’, but argument 3 has type ‘uint64_t’ {aka ‘long unsigned int’} [-Wformat=]
compare	Build baseline and candidate	2026-10-07T13:50:32.6322975Z  6769 |         printf("c UB=%llu succ, confls=%llu and hconfls=%llu with %d soft clauses unsat (%d at level 0) and %d fixed vars at level 0,  prunedLB %4.2f, dev %4.2f, succRate %4.2f, nbSucc %llu, shortened : %llu\n",
compare	Build baseline and candidate	2026-10-07T13:50:32.6324435Z       |                                        ~~~^
compare	Build baseline and candidate	2026-10-07T13:50:32.6324942Z       |                                           |
compare	Build baseline and candidate	2026-10-07T13:50:32.6325487Z       |                                           long long unsigned int
compare	Build baseline and candidate	2026-10-07T13:50:32.6326048Z       |                                        %lu
compare	Build baseline and candidate	2026-10-07T13:50:32.6326837Z  6770 |                UB, conflicts, conflicts-softConflicts, falseLits.size(), nbFalses, nbFixeds,
compare	Build baseline and candidate	2026-10-07T13:50:32.6327633Z       |                    ~~~~~~~~~               
compare	Build baseline and candidate	2026-10-07T13:50:32.6328122Z       |                    |
compare	Build baseline and candidate	2026-10-07T13:50:32.6329003Z       |                    uint64_t {aka long unsigned int}
compare	Build baseline and candidate	2026-10-07T13:50:32.6330728Z src/solver/Solver.cc:6769:60: warning: format ‘%llu’ expects argument of type ‘long long unsigned int’, but argument 4 has type ‘uint64_t’ {aka ‘long unsigned int’} [-Wformat=]
compare	Build baseline and candidate	2026-10-07T13:50:32.6332961Z  6769 |         printf("c UB=%llu succ, confls=%llu and hconfls=%llu with %d soft clauses unsat (%d at level 0) and %d fixed vars at level 0,  prunedLB %4.2f, dev %4.2f, succRate %4.2f, nbSucc %llu, shortened : %llu\n",
compare	Build baseline and candidate	2026-10-07T13:50:32.6334472Z       |                                                         ~~~^
compare	Build baseline and candidate	2026-10-07T13:50:32.6335061Z       |                                                            |
compare	Build baseline and candidate	2026-10-07T13:50:32.6335694Z       |                                                            long long unsigned int
compare	Build baseline and candidate	2026-10-07T13:50:32.6336324Z       |                                                         %lu
compare	Build baseline and candidate	2026-10-07T13:50:32.6337151Z  6770 |                UB, conflicts, conflicts-softConflicts, falseLits.size(), nbFalses, nbFixeds,
compare	Build baseline and candidate	2026-10-07T13:50:32.6338322Z       |                               ~~~~~~~~~~~~~~~~~~~~~~~       
compare	Build baseline and candidate	2026-10-07T13:50:32.6339162Z       |                                        |
compare	Build baseline and candidate	2026-10-07T13:50:32.6339739Z       |                                        uint64_t {aka long unsigned int}
compare	Build baseline and candidate	2026-10-07T13:50:32.6341725Z src/solver/Solver.cc:6769:189: warning: format ‘%llu’ expects argument of type ‘long long unsigned int’, but argument 11 has type ‘uint64_t’ {aka ‘long unsigned int’} [-Wformat=]
compare	Build baseline and candidate	2026-10-07T13:50:32.6344010Z  6769 |         printf("c UB=%llu succ, confls=%llu and hconfls=%llu with %d soft clauses unsat (%d at level 0) and %d fixed vars at level 0,  prunedLB %4.2f, dev %4.2f, succRate %4.2f, nbSucc %llu, shortened : %llu\n",
compare	Build baseline and candidate	2026-10-07T13:50:32.6345771Z       |                                                                                                                                                                                          ~~~^
compare	Build baseline and candidate	2026-10-07T13:50:32.6346965Z       |                                                                                                                                                                                             |
compare	Build baseline and candidate	2026-10-07T13:50:32.6348201Z       |                                                                                                                                                                                             long long unsigned int
compare	Build baseline and candidate	2026-10-07T13:50:32.6349719Z       |                                                                                                                                                                                          %lu
compare	Build baseline and candidate	2026-10-07T13:50:32.6350902Z  6770 |                UB, conflicts, conflicts-softConflicts, falseLits.size(), nbFalses, nbFixeds,
compare	Build baseline and candidate	2026-10-07T13:50:32.6351845Z  6771 |                meanLB, dev, succRate, nbLKsuccess, nbSavedLits);
compare	Build baseline and candidate	2026-10-07T13:50:32.6352806Z       |                                       ~~~~~~~~~~~                                                                                                                                            
compare	Build baseline and candidate	2026-10-07T13:50:32.6353676Z       |                                       |
compare	Build baseline and candidate	2026-10-07T13:50:32.6354268Z       |                                       uint64_t {aka long unsigned int}
compare	Build baseline and candidate	2026-10-07T13:50:32.6355993Z src/solver/Solver.cc:6769:207: warning: format ‘%llu’ expects argument of type ‘long long unsigned int’, but argument 12 has type ‘uint64_t’ {aka ‘long unsigned int’} [-Wformat=]
compare	Build baseline and candidate	2026-10-07T13:50:32.6358264Z  6769 |         printf("c UB=%llu succ, confls=%llu and hconfls=%llu with %d soft clauses unsat (%d at level 0) and %d fixed vars at level 0,  prunedLB %4.2f, dev %4.2f, succRate %4.2f, nbSucc %llu, shortened : %llu\n",
compare	Build baseline and candidate	2026-10-07T13:50:32.6360317Z       |                                                                                                                                                                                                            ~~~^
compare	Build baseline and candidate	2026-10-07T13:50:32.6361599Z       |                                                                                                                                                                                                               |
compare	Build baseline and candidate	2026-10-07T13:50:32.6362940Z       |                                                                                                                                                                                                               long long unsigned int
compare	Build baseline and candidate	2026-10-07T13:50:32.6364290Z       |                                                                                                                                                                                                            %lu
compare	Build baseline and candidate	2026-10-07T13:50:32.6365492Z  6770 |                UB, conflicts, conflicts-softConflicts, falseLits.size(), nbFalses, nbFixeds,
compare	Build baseline and candidate	2026-10-07T13:50:32.6366441Z  6771 |                meanLB, dev, succRate, nbLKsuccess, nbSavedLits);
compare	Build baseline and candidate	2026-10-07T13:50:32.6367728Z       |                                                    ~~~~~~~~~~~                                                                                                                                                 
compare	Build baseline and candidate	2026-10-07T13:50:32.6368925Z       |                                                    |
compare	Build baseline and candidate	2026-10-07T13:50:32.6369586Z       |                                                    uint64_t {aka long unsigned int}
compare	Build baseline and candidate	2026-10-07T13:50:32.6371532Z src/solver/Solver.cc:6798:17: warning: comparison of integer expressions of different signedness: ‘uint64_t’ {aka ‘long unsigned int’} and ‘int’ [-Wsign-compare]
compare	Build baseline and candidate	2026-10-07T13:50:32.6372856Z  6798 |         if (inf > falseLits.size())
compare	Build baseline and candidate	2026-10-07T13:50:32.6373362Z       |             ~~~~^~~~~~~~~~~~~~~~~~
compare	Build baseline and candidate	2026-10-07T13:50:32.6375032Z src/solver/Solver.cc:6806:34: warning: format ‘%llu’ expects argument of type ‘long long unsigned int’, but argument 2 has type ‘uint64_t’ {aka ‘long unsigned int’} [-Wformat=]
compare	Build baseline and candidate	2026-10-07T13:50:32.6376605Z  6806 |       else printf("c error UB %llu, inf %llu, sup %llu\n", UB, inf, sup);
compare	Build baseline and candidate	2026-10-07T13:50:32.6377361Z       |                               ~~~^                         ~~
compare	Build baseline and candidate	2026-10-07T13:50:32.6377945Z       |                                  |                         |
compare	Build baseline and candidate	2026-10-07T13:50:32.6378929Z       |                                  long long unsigned int    uint64_t {aka long unsigned int}
compare	Build baseline and candidate	2026-10-07T13:50:32.6379652Z       |                               %lu
compare	Build baseline and candidate	2026-10-07T13:50:32.6381233Z src/solver/Solver.cc:6806:44: warning: format ‘%llu’ expects argument of type ‘long long unsigned int’, but argument 3 has type ‘uint64_t’ {aka ‘long unsigned int’} [-Wformat=]
compare	Build baseline and candidate	2026-10-07T13:50:32.6382750Z  6806 |       else printf("c error UB %llu, inf %llu, sup %llu\n", UB, inf, sup);
compare	Build baseline and candidate	2026-10-07T13:50:32.6383494Z       |                                         ~~~^                   ~~~
compare	Build baseline and candidate	2026-10-07T13:50:32.6384095Z       |                                            |                   |
compare	Build baseline and candidate	2026-10-07T13:50:32.6384809Z       |                                            |                   uint64_t {aka long unsigned int}
compare	Build baseline and candidate	2026-10-07T13:50:32.6385515Z       |                                            long long unsigned int
compare	Build baseline and candidate	2026-10-07T13:50:32.6386111Z       |                                         %lu
compare	Build baseline and candidate	2026-10-07T13:50:32.6387726Z src/solver/Solver.cc:6806:54: warning: format ‘%llu’ expects argument of type ‘long long unsigned int’, but argument 4 has type ‘uint64_t’ {aka ‘long unsigned int’} [-Wformat=]
compare	Build baseline and candidate	2026-10-07T13:50:32.6389572Z  6806 |       else printf("c error UB %llu, inf %llu, sup %llu\n", UB, inf, sup);
compare	Build baseline and candidate	2026-10-07T13:50:32.6390350Z       |                                                   ~~~^              ~~~
compare	Build baseline and candidate	2026-10-07T13:50:32.6390979Z       |                                                      |              |
compare	Build baseline and candidate	2026-10-07T13:50:32.6391691Z       |                                                      |              uint64_t {aka long unsigned int}
compare	Build baseline and candidate	2026-10-07T13:50:32.6392434Z       |                                                      long long unsigned int
compare	Build baseline and candidate	2026-10-07T13:50:32.6393081Z       |                                                   %lu
compare	Build baseline and candidate	2026-10-07T13:50:32.6394715Z src/solver/Solver.cc:6828:57: warning: format ‘%llu’ expects argument of type ‘long long unsigned int’, but argument 2 has type ‘uint64_t’ {aka ‘long unsigned int’} [-Wformat=]
compare	Build baseline and candidate	2026-10-07T13:50:32.6396418Z  6828 |       printf("c no feasible solution, hardConflicts: %llu\n", conflicts - softConflicts);
compare	Build baseline and candidate	2026-10-07T13:50:32.6397345Z       |                                                      ~~~^     ~~~~~~~~~~~~~~~~~~~~~~~~~
compare	Build baseline and candidate	2026-10-07T13:50:32.6398003Z       |                                                         |               |
compare	Build baseline and candidate	2026-10-07T13:50:32.6398969Z       |                                                         |               uint64_t {aka long unsigned int}
compare	Build baseline and candidate	2026-10-07T13:50:32.6399750Z       |                                                         long long unsigned int
compare	Build baseline and candidate	2026-10-07T13:50:32.6400381Z       |                                                      %lu
compare	Build baseline and candidate	2026-10-07T13:50:32.6402232Z src/solver/Solver.cc:6831:30: warning: format ‘%llu’ expects argument of type ‘long long unsigned int’, but argument 2 has type ‘uint64_t’ {aka ‘long unsigned int’} [-Wformat=]
compare	Build baseline and candidate	2026-10-07T13:50:32.6403876Z  6831 |       printf("c initCost: %llu, fixedBySearch: %llu, optimal: %llu, maxsat: %llu, hardConflicts: %llu\n",
compare	Build baseline and candidate	2026-10-07T13:50:32.6405040Z       |                           ~~~^
compare	Build baseline and candidate	2026-10-07T13:50:32.6405487Z       |                              |
compare	Build baseline and candidate	2026-10-07T13:50:32.6405985Z       |                              long long unsigned int
compare	Build baseline and candidate	2026-10-07T13:50:32.6406501Z       |                           %lu
compare	Build baseline and candidate	2026-10-07T13:50:32.6407018Z  6832 |              solutionCost, fixedCostBySearch,
compare	Build baseline and candidate	2026-10-07T13:50:32.6407536Z       |              ~~~~~~~~~~~~     
compare	Build baseline and candidate	2026-10-07T13:50:32.6407978Z       |              |
compare	Build baseline and candidate	2026-10-07T13:50:32.6408399Z       |              uint64_t {aka long unsigned int}
compare	Build baseline and candidate	2026-10-07T13:50:32.6410308Z src/solver/Solver.cc:6831:51: warning: format ‘%llu’ expects argument of type ‘long long unsigned int’, but argument 3 has type ‘uint64_t’ {aka ‘long unsigned int’} [-Wformat=]
compare	Build baseline and candidate	2026-10-07T13:50:32.6412109Z  6831 |       printf("c initCost: %llu, fixedBySearch: %llu, optimal: %llu, maxsat: %llu, hardConflicts: %llu\n",
compare	Build baseline and candidate	2026-10-07T13:50:32.6413031Z       |                                                ~~~^
compare	Build baseline and candidate	2026-10-07T13:50:32.6413577Z       |                                                   |
compare	Build baseline and candidate	2026-10-07T13:50:32.6414157Z       |                                                   long long unsigned int
compare	Build baseline and candidate	2026-10-07T13:50:32.6414759Z       |                                                %lu
compare	Build baseline and candidate	2026-10-07T13:50:32.6415309Z  6832 |              solutionCost, fixedCostBySearch,
compare	Build baseline and candidate	2026-10-07T13:50:32.6415864Z       |                            ~~~~~~~~~~~~~~~~~       
compare	Build baseline and candidate	2026-10-07T13:50:32.6416370Z       |                            |
compare	Build baseline and candidate	2026-10-07T13:50:32.6416876Z       |                            uint64_t {aka long unsigned int}
compare	Build baseline and candidate	2026-10-07T13:50:32.6417505Z In file included from src/solver/mtl/Sort.h:24,
compare	Build baseline and candidate	2026-10-07T13:50:32.6418086Z                  from src/solver/SimpSolver.cc:33:
compare	Build baseline and candidate	2026-10-07T13:50:32.6419778Z src/solver/mtl/Vec.h: In instantiation of ‘void Minisat::vec<T>::capacity(int) [with T = Minisat::vec<unsigned int>]’:
compare	Build baseline and candidate	2026-10-07T13:50:32.6421457Z src/solver/mtl/Vec.h:115:13:   required from ‘void Minisat::vec<T>::growTo(int) [with T = Minisat::vec<unsigned int>]’
compare	Build baseline and candidate	2026-10-07T13:50:32.6423750Z src/solver/SolverTypes.h:339:50:   required from ‘void Minisat::OccLists<Idx, Vec, Deleted>::init(const Idx&) [with Idx = int; Vec = Minisat::vec<unsigned int>; Deleted = Minisat::SimpSolver::ClauseDeleted]’
compare	Build baseline and candidate	2026-10-07T13:50:32.6425340Z src/solver/SimpSolver.cc:98:24:   required from here
compare	Build baseline and candidate	2026-10-07T13:50:32.6427357Z src/solver/mtl/Vec.h:99:54: warning: ‘void* realloc(void*, size_t)’ moving an object of non-trivially copyable type ‘class Minisat::vec<unsigned int>’; use ‘new’ and ‘delete’ instead [-Wclass-memaccess]
compare	Build baseline and candidate	2026-10-07T13:50:32.6429608Z    99 |     if (add > INT_MAX - cap || ((data = (T*)::realloc(data, (cap += add) * sizeof(T))) == NULL) && errno == ENOMEM)
compare	Build baseline and candidate	2026-10-07T13:50:32.6430584Z       |                                             ~~~~~~~~~^~~~~~~~~~~~~~~~~~~~~~~~~~~~~~~~
compare	Build baseline and candidate	2026-10-07T13:50:32.6431637Z src/solver/mtl/Vec.h:38:7: note: ‘class Minisat::vec<unsigned int>’ declared here
compare	Build baseline and candidate	2026-10-07T13:50:32.6432396Z    38 | class vec {
compare	Build baseline and candidate	2026-10-07T13:50:32.6432761Z       |       ^~~
compare	Build baseline and candidate	2026-10-07T13:50:32.6434225Z src/solver/Solver.cc:6831:66: warning: format ‘%llu’ expects argument of type ‘long long unsigned int’, but argument 4 has type ‘uint64_t’ {aka ‘long unsigned int’} [-Wformat=]
compare	Build baseline and candidate	2026-10-07T13:50:32.6435969Z  6831 |       printf("c initCost: %llu, fixedBySearch: %llu, optimal: %llu, maxsat: %llu, hardConflicts: %llu\n",
compare	Build baseline and candidate	2026-10-07T13:50:32.6436914Z       |                                                               ~~~^
compare	Build baseline and candidate	2026-10-07T13:50:32.6437512Z       |                                                                  |
compare	Build baseline and candidate	2026-10-07T13:50:32.6438476Z       |                                                                  long long unsigned int
compare	Build baseline and candidate	2026-10-07T13:50:32.6439637Z       |                                                               %lu
compare	Build baseline and candidate	2026-10-07T13:50:32.6440244Z  6832 |              solutionCost, fixedCostBySearch,
compare	Build baseline and candidate	2026-10-07T13:50:32.6440783Z  6833 |              lastOptimalCost,
compare	Build baseline and candidate	2026-10-07T13:50:32.6441597Z       |              ~~~~~~~~~~~~~~~                                      
compare	Build baseline and candidate	2026-10-07T13:50:32.6442165Z       |              |
compare	Build baseline and candidate	2026-10-07T13:50:32.6442597Z       |              uint64_t {aka long unsigned int}
compare	Build baseline and candidate	2026-10-07T13:50:32.6444254Z src/solver/Solver.cc:6831:80: warning: format ‘%llu’ expects argument of type ‘long long unsigned int’, but argument 5 has type ‘uint64_t’ {aka ‘long unsigned int’} [-Wformat=]
compare	Build baseline and candidate	2026-10-07T13:50:32.6446006Z  6831 |       printf("c initCost: %llu, fixedBySearch: %llu, optimal: %llu, maxsat: %llu, hardConflicts: %llu\n",
compare	Build baseline and candidate	2026-10-07T13:50:32.6446984Z       |                                                                             ~~~^
compare	Build baseline and candidate	2026-10-07T13:50:32.6447653Z       |                                                                                |
compare	Build baseline and candidate	2026-10-07T13:50:32.6448366Z       |                                                                                long long unsigned int
compare	Build baseline and candidate	2026-10-07T13:50:32.6449343Z       |                                                                             %lu
compare	Build baseline and candidate	2026-10-07T13:50:32.6449913Z ......
compare	Build baseline and candidate	2026-10-07T13:50:32.6450410Z  6834 |              objForSearch-sup + nbSatLits, conflicts - softConflicts);
compare	Build baseline and candidate	2026-10-07T13:50:32.6451167Z       |              ~~~~~~~~~~~~~~~~~~~~~~~~~~~~                                       
compare	Build baseline and candidate	2026-10-07T13:50:32.6451783Z       |                               |
compare	Build baseline and candidate	2026-10-07T13:50:32.6452312Z       |                               uint64_t {aka long unsigned int}
compare	Build baseline and candidate	2026-10-07T13:50:32.6454001Z src/solver/Solver.cc:6831:101: warning: format ‘%llu’ expects argument of type ‘long long unsigned int’, but argument 6 has type ‘uint64_t’ {aka ‘long unsigned int’} [-Wformat=]
compare	Build baseline and candidate	2026-10-07T13:50:32.6455767Z  6831 |       printf("c initCost: %llu, fixedBySearch: %llu, optimal: %llu, maxsat: %llu, hardConflicts: %llu\n",
compare	Build baseline and candidate	2026-10-07T13:50:32.6456787Z       |                                                                                                  ~~~^
compare	Build baseline and candidate	2026-10-07T13:50:32.6457550Z       |                                                                                                     |
compare	Build baseline and candidate	2026-10-07T13:50:32.6458391Z       |                                                                                                     long long unsigned int
compare	Build baseline and candidate	2026-10-07T13:50:32.6459518Z       |                                                                                                  %lu
compare	Build baseline and candidate	2026-10-07T13:50:32.6460175Z ......
compare	Build baseline and candidate	2026-10-07T13:50:32.6460702Z  6834 |              objForSearch-sup + nbSatLits, conflicts - softConflicts);
compare	Build baseline and candidate	2026-10-07T13:50:32.6461546Z       |                                            ~~~~~~~~~~~~~~~~~~~~~~~~~                                 
compare	Build baseline and candidate	2026-10-07T13:50:32.6462266Z       |                                                      |
compare	Build baseline and candidate	2026-10-07T13:50:32.6462897Z       |                                                      uint64_t {aka long unsigned int}
compare	Build baseline and candidate	2026-10-07T13:50:32.6464615Z src/solver/Solver.cc:6836:24: warning: format ‘%llu’ expects argument of type ‘long long unsigned int’, but argument 2 has type ‘uint64_t’ {aka ‘long unsigned int’} [-Wformat=]
compare	Build baseline and candidate	2026-10-07T13:50:32.6466407Z  6836 |     printf("c nbLK: %llu, nbSuccLK: %llu(%4.2f%%), nbLKup: %llu(%4.2f%%), hardens %u (fixed %llu), dynVars %d, shorten: %llu\n",
compare	Build baseline and candidate	2026-10-07T13:50:32.6467341Z       |                     ~~~^
compare	Build baseline and candidate	2026-10-07T13:50:32.6467774Z       |                        |
compare	Build baseline and candidate	2026-10-07T13:50:32.6468246Z       |                        long long unsigned int
compare	Build baseline and candidate	2026-10-07T13:50:32.6469182Z       |                     %lu
compare	Build baseline and candidate	2026-10-07T13:50:32.6469873Z  6837 |            LOOKAHEAD, nbLKsuccess, 100.0*nbLKsuccess/LOOKAHEAD, lk_propagations,
compare	Build baseline and candidate	2026-10-07T13:50:32.6470627Z       |            ~~~~~~~~~    
compare	Build baseline and candidate	2026-10-07T13:50:32.6471344Z       |            |
compare	Build baseline and candidate	2026-10-07T13:50:32.6471769Z       |            uint64_t {aka long unsigned int}
compare	Build baseline and candidate	2026-10-07T13:50:32.6473428Z src/solver/Solver.cc:6836:40: warning: format ‘%llu’ expects argument of type ‘long long unsigned int’, but argument 3 has type ‘uint64_t’ {aka ‘long unsigned int’} [-Wformat=]
compare	Build baseline and candidate	2026-10-07T13:50:32.6475636Z  6836 |     printf("c nbLK: %llu, nbSuccLK: %llu(%4.2f%%), nbLKup: %llu(%4.2f%%), hardens %u (fixed %llu), dynVars %d, shorten: %llu\n",
compare	Build baseline and candidate	2026-10-07T13:50:32.6476625Z       |                                     ~~~^
compare	Build baseline and candidate	2026-10-07T13:50:32.6477130Z       |                                        |
compare	Build baseline and candidate	2026-10-07T13:50:32.6477689Z       |                                        long long unsigned int
compare	Build baseline and candidate	2026-10-07T13:50:32.6478273Z       |                                     %lu
compare	Build baseline and candidate	2026-10-07T13:50:32.6479310Z  6837 |            LOOKAHEAD, nbLKsuccess, 100.0*nbLKsuccess/LOOKAHEAD, lk_propagations,
compare	Build baseline and candidate	2026-10-07T13:50:32.6480077Z       |                       ~~~~~~~~~~~       
compare	Build baseline and candidate	2026-10-07T13:50:32.6480564Z       |                       |
compare	Build baseline and candidate	2026-10-07T13:50:32.6481031Z       |                       uint64_t {aka long unsigned int}
compare	Build baseline and candidate	2026-10-07T13:50:32.6482655Z src/solver/Solver.cc:6836:63: warning: format ‘%llu’ expects argument of type ‘long long unsigned int’, but argument 5 has type ‘uint64_t’ {aka ‘long unsigned int’} [-Wformat=]
compare	Build baseline and candidate	2026-10-07T13:50:32.6484449Z  6836 |     printf("c nbLK: %llu, nbSuccLK: %llu(%4.2f%%), nbLKup: %llu(%4.2f%%), hardens %u (fixed %llu), dynVars %d, shorten: %llu\n",
compare	Build baseline and candidate	2026-10-07T13:50:32.6485462Z       |                                                            ~~~^
compare	Build baseline and candidate	2026-10-07T13:50:32.6486080Z       |                                                               |
compare	Build baseline and candidate	2026-10-07T13:50:32.6486713Z       |                                                               long long unsigned int
compare	Build baseline and candidate	2026-10-07T13:50:32.6487351Z       |                                                            %lu
compare	Build baseline and candidate	2026-10-07T13:50:32.6488127Z  6837 |            LOOKAHEAD, nbLKsuccess, 100.0*nbLKsuccess/LOOKAHEAD, lk_propagations,
compare	Build baseline and candidate	2026-10-07T13:50:32.6489260Z       |                                                                 ~~~~~~~~~~~~~~~
compare	Build baseline and candidate	2026-10-07T13:50:32.6489932Z       |                                                                 |
compare	Build baseline and candidate	2026-10-07T13:50:32.6490616Z       |                                                                 uint64_t {aka long unsigned int}
compare	Build baseline and candidate	2026-10-07T13:50:32.6492424Z src/solver/Solver.cc:6836:96: warning: format ‘%llu’ expects argument of type ‘long long unsigned int’, but argument 8 has type ‘uint64_t’ {aka ‘long unsigned int’} [-Wformat=]
compare	Build baseline and candidate	2026-10-07T13:50:32.6494233Z  6836 |     printf("c nbLK: %llu, nbSuccLK: %llu(%4.2f%%), nbLKup: %llu(%4.2f%%), hardens %u (fixed %llu), dynVars %d, shorten: %llu\n",
compare	Build baseline and candidate	2026-10-07T13:50:32.6495311Z       |                                                                                             ~~~^
compare	Build baseline and candidate	2026-10-07T13:50:32.6496050Z       |                                                                                                |
compare	Build baseline and candidate	2026-10-07T13:50:32.6496867Z       |                                                                                                long long unsigned int
compare	Build baseline and candidate	2026-10-07T13:50:32.6497669Z       |                                                                                             %lu
compare	Build baseline and candidate	2026-10-07T13:50:32.6498868Z  6837 |            LOOKAHEAD, nbLKsuccess, 100.0*nbLKsuccess/LOOKAHEAD, lk_propagations,
compare	Build baseline and candidate	2026-10-07T13:50:32.6500105Z  6838 |            100.0*lk_propagations/propagations, nbHardens, fixedByHardens, nVars()-staticNbVars, nbSavedLits);
compare	Build baseline and candidate	2026-10-07T13:50:32.6501174Z       |                                                           ~~~~~~~~~~~~~~                        
compare	Build baseline and candidate	2026-10-07T13:50:32.6501817Z       |                                                           |
compare	Build baseline and candidate	2026-10-07T13:50:32.6502458Z       |                                                           uint64_t {aka long unsigned int}
compare	Build baseline and candidate	2026-10-07T13:50:32.6504197Z src/solver/Solver.cc:6836:124: warning: format ‘%llu’ expects argument of type ‘long long unsigned int’, but argument 10 has type ‘uint64_t’ {aka ‘long unsigned int’} [-Wformat=]
compare	Build baseline and candidate	2026-10-07T13:50:32.6506235Z  6836 |     printf("c nbLK: %llu, nbSuccLK: %llu(%4.2f%%), nbLKup: %llu(%4.2f%%), hardens %u (fixed %llu), dynVars %d, shorten: %llu\n",
compare	Build baseline and candidate	2026-10-07T13:50:32.6507372Z       |                                                                                                                         ~~~^
compare	Build baseline and candidate	2026-10-07T13:50:32.6508477Z       |                                                                                                                            |
compare	Build baseline and candidate	2026-10-07T13:50:32.6509884Z       |                                                                                                                            long long unsigned int
compare	Build baseline and candidate	2026-10-07T13:50:32.6510857Z       |                                                                                                                         %lu
compare	Build baseline and candidate	2026-10-07T13:50:32.6511781Z  6837 |            LOOKAHEAD, nbLKsuccess, 100.0*nbLKsuccess/LOOKAHEAD, lk_propagations,
compare	Build baseline and candidate	2026-10-07T13:50:32.6513008Z  6838 |            100.0*lk_propagations/propagations, nbHardens, fixedByHardens, nVars()-staticNbVars, nbSavedLits);
compare	Build baseline and candidate	2026-10-07T13:50:32.6514146Z       |                                                                                                 ~~~~~~~~~~~                 
compare	Build baseline and candidate	2026-10-07T13:50:32.6514971Z       |                                                                                                 |
compare	Build baseline and candidate	2026-10-07T13:50:32.6515825Z       |                                                                                                 uint64_t {aka long unsigned int}
compare	Build baseline and candidate	2026-10-07T13:50:32.6682710Z In file included from src/solver/mtl/Sort.h:24,
compare	Build baseline and candidate	2026-10-07T13:50:32.6709395Z                  from src/solver/Solver.cc:106:
compare	Build baseline and candidate	2026-10-07T13:50:32.6740319Z src/solver/mtl/Vec.h: In instantiation of ‘void Minisat::vec<T>::capacity(int) [with T = Minisat::vec<Minisat::Solver::Watcher>]’:
compare	Build baseline and candidate	2026-10-07T13:50:32.6760281Z src/solver/mtl/Vec.h:115:13:   required from ‘void Minisat::vec<T>::growTo(int) [with T = Minisat::vec<Minisat::Solver::Watcher>]’
compare	Build baseline and candidate	2026-10-07T13:50:32.6783131Z src/solver/SolverTypes.h:339:50:   required from ‘void Minisat::OccLists<Idx, Vec, Deleted>::init(const Idx&) [with Idx = Minisat::Lit; Vec = Minisat::vec<Minisat::Solver::Watcher>; Deleted = Minisat::Solver::WatcherDeleted]’
compare	Build baseline and candidate	2026-10-07T13:50:32.6785054Z src/solver/Solver.cc:1272:21:   required from here
compare	Build baseline and candidate	2026-10-07T13:50:32.6787321Z src/solver/mtl/Vec.h:99:54: warning: ‘void* realloc(void*, size_t)’ moving an object of non-trivially copyable type ‘class Minisat::vec<Minisat::Solver::Watcher>’; use ‘new’ and ‘delete’ instead [-Wclass-memaccess]
compare	Build baseline and candidate	2026-10-07T13:50:32.6789756Z    99 |     if (add > INT_MAX - cap || ((data = (T*)::realloc(data, (cap += add) * sizeof(T))) == NULL) && errno == ENOMEM)
compare	Build baseline and candidate	2026-10-07T13:50:32.6790929Z       |                                             ~~~~~~~~~^~~~~~~~~~~~~~~~~~~~~~~~~~~~~~~~
compare	Build baseline and candidate	2026-10-07T13:50:32.6792408Z src/solver/mtl/Vec.h:38:7: note: ‘class Minisat::vec<Minisat::Solver::Watcher>’ declared here
compare	Build baseline and candidate	2026-10-07T13:50:32.6793392Z    38 | class vec {
compare	Build baseline and candidate	2026-10-07T13:50:32.6793911Z       |       ^~~
compare	Build baseline and candidate	2026-10-07T13:50:32.6795123Z src/solver/mtl/Vec.h: In instantiation of ‘void Minisat::vec<T>::capacity(int) [with T = Minisat::vec<Minisat::Lit>]’:
compare	Build baseline and candidate	2026-10-07T13:50:32.6796912Z src/solver/mtl/Vec.h:115:13:   required from ‘void Minisat::vec<T>::growTo(int) [with T = Minisat::vec<Minisat::Lit>]’
compare	Build baseline and candidate	2026-10-07T13:50:32.6799804Z src/solver/Solver.h:72:50:   required from ‘void Minisat::vec2<Idx, Vec>::init(const Idx&) [with Idx = Minisat::Lit; Vec = Minisat::vec<Minisat::Lit>]’
compare	Build baseline and candidate	2026-10-07T13:50:32.6801224Z src/solver/Solver.cc:1312:22:   required from here
compare	Build baseline and candidate	2026-10-07T13:50:32.6803270Z src/solver/mtl/Vec.h:99:54: warning: ‘void* realloc(void*, size_t)’ moving an object of non-trivially copyable type ‘class Minisat::vec<Minisat::Lit>’; use ‘new’ and ‘delete’ instead [-Wclass-memaccess]
compare	Build baseline and candidate	2026-10-07T13:50:32.6805233Z    99 |     if (add > INT_MAX - cap || ((data = (T*)::realloc(data, (cap += add) * sizeof(T))) == NULL) && errno == ENOMEM)
compare	Build baseline and candidate	2026-10-07T13:50:32.6806777Z       |                                             ~~~~~~~~~^~~~~~~~~~~~~~~~~~~~~~~~~~~~~~~~
compare	Build baseline and candidate	2026-10-07T13:50:32.6808031Z src/solver/mtl/Vec.h:38:7: note: ‘class Minisat::vec<Minisat::Lit>’ declared here
compare	Build baseline and candidate	2026-10-07T13:50:32.6809240Z    38 | class vec {
compare	Build baseline and candidate	2026-10-07T13:50:32.6810104Z       |       ^~~
compare	Build baseline and candidate	2026-10-07T13:50:32.6811431Z src/solver/mtl/Vec.h: In instantiation of ‘void Minisat::vec<T>::capacity(int) [with T = Minisat::vec<int>]’:
compare	Build baseline and candidate	2026-10-07T13:50:32.6813211Z src/solver/mtl/Vec.h:115:13:   required from ‘void Minisat::vec<T>::growTo(int) [with T = Minisat::vec<int>]’
compare	Build baseline and candidate	2026-10-07T13:50:32.6815089Z src/solver/Solver.h:72:50:   required from ‘void Minisat::vec2<Idx, Vec>::init(const Idx&) [with Idx = int; Vec = Minisat::vec<int>]’
compare	Build baseline and candidate	2026-10-07T13:50:32.6816433Z src/solver/Solver.cc:4250:13:   required from here
compare	Build baseline and candidate	2026-10-07T13:50:32.6818779Z src/solver/mtl/Vec.h:99:54: warning: ‘void* realloc(void*, size_t)’ moving an object of non-trivially copyable type ‘class Minisat::vec<int>’; use ‘new’ and ‘delete’ instead [-Wclass-memaccess]
compare	Build baseline and candidate	2026-10-07T13:50:32.6820896Z    99 |     if (add > INT_MAX - cap || ((data = (T*)::realloc(data, (cap += add) * sizeof(T))) == NULL) && errno == ENOMEM)
compare	Build baseline and candidate	2026-10-07T13:50:32.6822061Z       |                                             ~~~~~~~~~^~~~~~~~~~~~~~~~~~~~~~~~~~~~~~~~
compare	Build baseline and candidate	2026-10-07T13:50:32.6823303Z src/solver/mtl/Vec.h:38:7: note: ‘class Minisat::vec<int>’ declared here
compare	Build baseline and candidate	2026-10-07T13:50:32.6824196Z    38 | class vec {
compare	Build baseline and candidate	2026-10-07T13:50:32.6824709Z       |       ^~~
compare	Build baseline and candidate	2026-10-07T13:50:32.7155440Z src/solver/Solver.cc: In member function ‘void Minisat::Solver::emitBoundsUpdate()’:
compare	Build baseline and candidate	2026-10-07T13:50:32.7157451Z src/solver/Solver.cc:5204:24: warning: ignoring return value of ‘ssize_t write(int, const void*, size_t)’ declared with attribute ‘warn_unused_result’ [-Wunused-result]
compare	Build baseline and candidate	2026-10-07T13:50:32.7159140Z  5204 |             (void)write(bounds_pipe_w, buf, (size_t)n);
compare	Build baseline and candidate	2026-10-07T13:50:32.7159818Z       |                   ~~~~~^~~~~~~~~~~~~~~~~~~~~~~~~~~~~~~
compare	Build baseline and candidate	2026-10-07T13:50:32.7161512Z src/solver/Solver.cc:5210:24: warning: ignoring return value of ‘ssize_t write(int, const void*, size_t)’ declared with attribute ‘warn_unused_result’ [-Wunused-result]
compare	Build baseline and candidate	2026-10-07T13:50:32.7162927Z  5210 |             (void)write(bounds_pipe_w, buf, (size_t)n);
compare	Build baseline and candidate	2026-10-07T13:50:32.7163566Z       |                   ~~~~~^~~~~~~~~~~~~~~~~~~~~~~~~~~~~~~
compare	Build baseline and candidate	2026-10-07T13:50:32.7164671Z src/solver/Solver.cc: In member function ‘void Minisat::Solver::emitTryUpdate(uint64_t)’:
compare	Build baseline and candidate	2026-10-07T13:50:32.7166487Z src/solver/Solver.cc:5220:20: warning: ignoring return value of ‘ssize_t write(int, const void*, size_t)’ declared with attribute ‘warn_unused_result’ [-Wunused-result]
compare	Build baseline and candidate	2026-10-07T13:50:32.7167895Z  5220 |         (void)write(bounds_pipe_w, buf, (size_t)n);
compare	Build baseline and candidate	2026-10-07T13:50:32.7169128Z       |               ~~~~~^~~~~~~~~~~~~~~~~~~~~~~~~~~~~~~
compare	Build baseline and candidate	2026-10-07T13:50:35.4534566Z In file included from src/solver/Solver.h:54:
compare	Build baseline and candidate	2026-10-07T13:50:35.4535764Z In function ‘Minisat::Lit Minisat::operator~(Lit)’,
compare	Build baseline and candidate	2026-10-07T13:50:35.4537166Z     inlined from ‘void Minisat::Solver::analyze(Minisat::CRef, Minisat::vec<Minisat::Lit>&, int&, int&)’ at src/solver/Solver.cc:1757:22:
compare	Build baseline and candidate	2026-10-07T13:50:35.4539242Z src/solver/SolverTypes.h:73:64: warning: ‘p.Minisat::Lit::x’ may be used uninitialized [-Wmaybe-uninitialized]
compare	Build baseline and candidate	2026-10-07T13:50:35.4540391Z    73 | inline  Lit  operator ~(Lit p)              { Lit q; q.x = p.x ^ 1; return q; }
compare	Build baseline and candidate	2026-10-07T13:50:35.4541139Z       |                                                            ~~~~^~~
compare	Build baseline and candidate	2026-10-07T13:50:35.4542609Z src/solver/Solver.cc: In member function ‘void Minisat::Solver::analyze(Minisat::CRef, Minisat::vec<Minisat::Lit>&, int&, int&)’:
compare	Build baseline and candidate	2026-10-07T13:50:35.4543902Z src/solver/Solver.cc:1671:9: note: ‘p.Minisat::Lit::x’ was declared here
compare	Build baseline and candidate	2026-10-07T13:50:35.4544585Z  1671 |     Lit p; //     = lit_Undef;
compare	Build baseline and candidate	2026-10-07T13:50:35.4545032Z       |         ^
compare	Build baseline and candidate	2026-10-07T13:50:35.5373009Z In function ‘Minisat::Lit Minisat::operator~(Lit)’,
compare	Build baseline and candidate	2026-10-07T13:50:35.5374756Z     inlined from ‘void Minisat::Solver::analyzeSoftConflict(Minisat::vec<Minisat::Lit>&, int&, int&)’ at src/solver/Solver.cc:2396:22:
compare	Build baseline and candidate	2026-10-07T13:50:35.5376696Z src/solver/SolverTypes.h:73:64: warning: ‘p.Minisat::Lit::x’ may be used uninitialized [-Wmaybe-uninitialized]
compare	Build baseline and candidate	2026-10-07T13:50:35.5378650Z    73 | inline  Lit  operator ~(Lit p)              { Lit q; q.x = p.x ^ 1; return q; }
compare	Build baseline and candidate	2026-10-07T13:50:35.5379611Z       |                                                            ~~~~^~~
compare	Build baseline and candidate	2026-10-07T13:50:35.5381308Z src/solver/Solver.cc: In member function ‘void Minisat::Solver::analyzeSoftConflict(Minisat::vec<Minisat::Lit>&, int&, int&)’:
compare	Build baseline and candidate	2026-10-07T13:50:35.5382757Z src/solver/Solver.cc:2193:9: note: ‘p.Minisat::Lit::x’ was declared here
compare	Build baseline and candidate	2026-10-07T13:50:35.5383406Z  2193 |     Lit p;
compare	Build baseline and candidate	2026-10-07T13:50:35.5383734Z       |         ^
compare	Build baseline and candidate	2026-10-07T13:50:35.6731490Z In function ‘Minisat::Lit Minisat::operator~(Lit)’,
compare	Build baseline and candidate	2026-10-07T13:50:35.6733298Z     inlined from ‘void Minisat::Solver::analyzeQuasiSoftConflict(Minisat::vec<Minisat::Lit>&, int&, int&)’ at src/solver/Solver.cc:4664:22:
compare	Build baseline and candidate	2026-10-07T13:50:35.6735319Z src/solver/SolverTypes.h:73:64: warning: ‘p.Minisat::Lit::x’ may be used uninitialized [-Wmaybe-uninitialized]
compare	Build baseline and candidate	2026-10-07T13:50:35.6736675Z    73 | inline  Lit  operator ~(Lit p)              { Lit q; q.x = p.x ^ 1; return q; }
compare	Build baseline and candidate	2026-10-07T13:50:35.6737603Z       |                                                            ~~~~^~~
compare	Build baseline and candidate	2026-10-07T13:50:35.6739526Z src/solver/Solver.cc: In member function ‘void Minisat::Solver::analyzeQuasiSoftConflict(Minisat::vec<Minisat::Lit>&, int&, int&)’:
compare	Build baseline and candidate	2026-10-07T13:50:35.6741214Z src/solver/Solver.cc:4492:9: note: ‘p.Minisat::Lit::x’ was declared here
compare	Build baseline and candidate	2026-10-07T13:50:35.6749071Z  4492 |     Lit p;
compare	Build baseline and candidate	2026-10-07T13:50:35.6749641Z       |         ^
compare	Build baseline and candidate	2026-10-07T13:50:38.4278076Z g++ -Isrc/solver -Wall -Wno-parentheses -O3 -g -D __STDC_LIMIT_MACROS -D __STDC_FORMAT_MACROS -DNDEBUG -o bin/distqldpc src/core/distqldpc.cc build/SimpSolver.o build/Solver.o build/Options.o build/System.o -lz
compare	Build baseline and candidate	2026-10-07T13:50:38.4282126Z g++ -Isrc/solver -Wall -Wno-parentheses -O3 -g -D __STDC_LIMIT_MACROS -D __STDC_FORMAT_MACROS -DNDEBUG -o bin/maxcdcl src/solver/Main.cc build/SimpSolver.o build/Solver.o build/Options.o build/System.o -lz
compare	Build baseline and candidate	2026-10-07T13:50:38.4733708Z In file included from src/solver/Main.cc:51:
compare	Build baseline and candidate	2026-10-07T13:50:38.4734663Z src/solver/utils/Options.h:285:29: warning: invalid suffix on literal; C++11 requires a space between literal and string macro [-Wliteral-suffix]
compare	Build baseline and candidate	2026-10-07T13:50:38.4735406Z   285 |             fprintf(stderr, "%4"PRIi64, range.begin);
compare	Build baseline and candidate	2026-10-07T13:50:38.4735748Z       |                             ^
compare	Build baseline and candidate	2026-10-07T13:50:38.4736899Z src/solver/utils/Options.h:291:29: warning: invalid suffix on literal; C++11 requires a space between literal and string macro [-Wliteral-suffix]
compare	Build baseline and candidate	2026-10-07T13:50:38.4737659Z   291 |             fprintf(stderr, "%4"PRIi64, range.end);
compare	Build baseline and candidate	2026-10-07T13:50:38.4738043Z       |                             ^
compare	Build baseline and candidate	2026-10-07T13:50:38.4739071Z src/solver/utils/Options.h:293:25: warning: invalid suffix on literal; C++11 requires a space between literal and string macro [-Wliteral-suffix]
compare	Build baseline and candidate	2026-10-07T13:50:38.4740258Z   293 |         fprintf(stderr, "] (default: %"PRIi64")\n", value);
compare	Build baseline and candidate	2026-10-07T13:50:38.4740836Z       |                         ^
compare	Build baseline and candidate	2026-10-07T13:50:38.4752479Z src/solver/Main.cc:84:16: warning: invalid suffix on literal; C++11 requires a space between literal and string macro [-Wliteral-suffix]
compare	Build baseline and candidate	2026-10-07T13:50:38.4753694Z    84 |         printf("c restarts              : %"PRIu64"\n", solver.starts);
compare	Build baseline and candidate	2026-10-07T13:50:38.4754355Z       |                ^
compare	Build baseline and candidate	2026-10-07T13:50:38.4755524Z src/solver/Main.cc:85:16: warning: invalid suffix on literal; C++11 requires a space between literal and string macro [-Wliteral-suffix]
compare	Build baseline and candidate	2026-10-07T13:50:38.4757356Z    85 |         printf("c conflicts             : %-12"PRIu64"   (%.0f /sec)\n", solver.conflicts, solver.conflicts / cpu_time);
compare	Build baseline and candidate	2026-10-07T13:50:38.4759513Z       |                ^
compare	Build baseline and candidate	2026-10-07T13:50:38.4760436Z src/solver/Main.cc:86:16: warning: invalid suffix on literal; C++11 requires a space between literal and string macro [-Wliteral-suffix]
compare	Build baseline and candidate	2026-10-07T13:50:38.4761953Z    86 |         printf("c decisions             : %-12"PRIu64"   (%4.2f %% random) (%.0f /sec)\n", solver.decisions, (float)solver.rnd_decisions * 100 / (float)solver.decisions, solver.decisions / cpu_time);
compare	Build baseline and candidate	2026-10-07T13:50:38.4762899Z       |                ^
compare	Build baseline and candidate	2026-10-07T13:50:38.4763435Z src/solver/Main.cc:87:16: warning: invalid suffix on literal; C++11 requires a space between literal and string macro [-Wliteral-suffix]
compare	Build baseline and candidate	2026-10-07T13:50:38.4764245Z    87 |         printf("c propagations          : %-12"PRIu64"   (%.0f /sec)\n", solver.propagations, solver.propagations / cpu_time);
compare	Build baseline and candidate	2026-10-07T13:50:38.4765151Z       |                ^
compare	Build baseline and candidate	2026-10-07T13:50:38.4766142Z src/solver/Main.cc:88:16: warning: invalid suffix on literal; C++11 requires a space between literal and string macro [-Wliteral-suffix]
compare	Build baseline and candidate	2026-10-07T13:50:38.4767929Z    88 |         printf("c conflict literals     : %-12"PRIu64"   (%4.2f %% deleted)\n", solver.tot_literals, (solver.max_literals - solver.tot_literals) * 100 / (double)solver.max_literals);
compare	Build baseline and candidate	2026-10-07T13:50:38.4769450Z       |                ^
compare	Build baseline and candidate	2026-10-07T13:50:38.4770378Z src/solver/Main.cc:93:16: warning: invalid suffix on literal; C++11 requires a space between literal and string macro [-Wliteral-suffix]
compare	Build baseline and candidate	2026-10-07T13:50:38.4771629Z    93 |         printf("c s_propagations        : %-12"PRIu64"\n", solver.s_propagations);
compare	Build baseline and candidate	2026-10-07T13:50:38.4772303Z       |                ^
compare	Build baseline and candidate	2026-10-07T13:50:38.5106628Z In file included from src/solver/Solver.h:53,
compare	Build baseline and candidate	2026-10-07T13:50:38.5107294Z                  from src/solver/SimpSolver.h:37,
compare	Build baseline and candidate	2026-10-07T13:50:38.5107826Z                  from src/core/distqldpc.cc:40:
compare	Build baseline and candidate	2026-10-07T13:50:38.5109233Z src/solver/utils/Options.h:285:29: warning: invalid suffix on literal; C++11 requires a space between literal and string macro [-Wliteral-suffix]
compare	Build baseline and candidate	2026-10-07T13:50:38.5110489Z   285 |             fprintf(stderr, "%4"PRIi64, range.begin);
compare	Build baseline and candidate	2026-10-07T13:50:38.5111031Z       |                             ^
compare	Build baseline and candidate	2026-10-07T13:50:38.5112086Z src/solver/utils/Options.h:291:29: warning: invalid suffix on literal; C++11 requires a space between literal and string macro [-Wliteral-suffix]
compare	Build baseline and candidate	2026-10-07T13:50:38.5113255Z   291 |             fprintf(stderr, "%4"PRIi64, range.end);
compare	Build baseline and candidate	2026-10-07T13:50:38.5113769Z       |                             ^
compare	Build baseline and candidate	2026-10-07T13:50:38.5114791Z src/solver/utils/Options.h:293:25: warning: invalid suffix on literal; C++11 requires a space between literal and string macro [-Wliteral-suffix]
compare	Build baseline and candidate	2026-10-07T13:50:38.5115977Z   293 |         fprintf(stderr, "] (default: %"PRIi64")\n", value);
compare	Build baseline and candidate	2026-10-07T13:50:38.5116532Z       |                         ^
compare	Build baseline and candidate	2026-10-07T13:50:38.5807602Z src/solver/Main.cc: In function ‘void printStats(Minisat::Solver&)’:
compare	Build baseline and candidate	2026-10-07T13:50:38.5809750Z src/solver/Main.cc:92:46: warning: format ‘%llu’ expects argument of type ‘long long unsigned int’, but argument 2 has type ‘uint64_t’ {aka ‘long unsigned int’} [-Wformat=]
compare	Build baseline and candidate	2026-10-07T13:50:38.5811576Z    92 |         printf("c nbSimplifyAll         : %llu\n", solver.nbSimplifyAll);
compare	Build baseline and candidate	2026-10-07T13:50:38.5812372Z       |                                           ~~~^     ~~~~~~~~~~~~~~~~~~~~
compare	Build baseline and candidate	2026-10-07T13:50:38.5813000Z       |                                              |            |
compare	Build baseline and candidate	2026-10-07T13:50:38.5813665Z       |                                              |            uint64_t {aka long unsigned int}
compare	Build baseline and candidate	2026-10-07T13:50:38.5814372Z       |                                              long long unsigned int
compare	Build baseline and candidate	2026-10-07T13:50:38.5814979Z       |                                           %lu
compare	Build baseline and candidate	2026-10-07T13:50:38.5828824Z src/solver/Main.cc: In function ‘int main(int, char**)’:
compare	Build baseline and candidate	2026-10-07T13:50:38.5830947Z src/solver/Main.cc:187:34: warning: format ‘%llu’ expects argument of type ‘long long unsigned int’, but argument 2 has type ‘uint64_t’ {aka ‘long unsigned int’} [-Wformat=]
compare	Build baseline and candidate	2026-10-07T13:50:38.5833121Z   187 |         printf("c initial UB: %llu\n", S.initUB);
compare	Build baseline and candidate	2026-10-07T13:50:38.5833988Z       |                               ~~~^     ~~~~~~~~
compare	Build baseline and candidate	2026-10-07T13:50:38.5834575Z       |                                  |       |
compare	Build baseline and candidate	2026-10-07T13:50:38.5835192Z       |                                  |       uint64_t {aka long unsigned int}
compare	Build baseline and candidate	2026-10-07T13:50:38.5836216Z       |                                  long long unsigned int
compare	Build baseline and candidate	2026-10-07T13:50:38.5836791Z       |                               %lu
compare	Build baseline and candidate	2026-10-07T13:50:38.6234108Z src/solver/Main.cc: At global scope:
compare	Build baseline and candidate	2026-10-07T13:50:38.6235850Z src/solver/Main.cc:108:13: warning: ‘void SIGINT_exit(int)’ defined but not used [-Wunused-function]
compare	Build baseline and candidate	2026-10-07T13:50:38.6237118Z   108 | static void SIGINT_exit(int signum) {
compare	Build baseline and candidate	2026-10-07T13:50:38.6237950Z       |             ^~~~~~~~~~~
compare	Build baseline and candidate	2026-10-07T13:50:38.8477876Z src/core/distqldpc.cc: In function ‘void pipe_write_result(int, int, bool)’:
compare	Build baseline and candidate	2026-10-07T13:50:38.8479308Z src/core/distqldpc.cc:162:20: warning: ignoring return value of ‘ssize_t write(int, const void*, size_t)’ declared with attribute ‘warn_unused_result’ [-Wunused-result]
compare	Build baseline and candidate	2026-10-07T13:50:38.8480568Z   162 |         (void)write(pipe_w, buf, (size_t)n);
compare	Build baseline and candidate	2026-10-07T13:50:38.8480992Z       |               ~~~~~^~~~~~~~~~~~~~~~~~~~~~~~
compare	Build baseline and candidate	2026-10-07T13:50:39.8541626Z make: Leaving directory '/home/runner/work/DistQLDPC/DistQLDPC/baseline'
compare	Build baseline and candidate	2026-10-07T13:50:39.8572170Z make: Entering directory '/home/runner/work/DistQLDPC/DistQLDPC/candidate'
compare	Build baseline and candidate	2026-10-07T13:50:39.8585029Z g++ -Isrc/solver -Wall -Wno-parentheses -O3 -g -D __STDC_LIMIT_MACROS -D __STDC_FORMAT_MACROS -DNDEBUG -flto=1 -c -o build/SimpSolver.o src/solver/SimpSolver.cc
compare	Build baseline and candidate	2026-10-07T13:50:39.8587143Z g++ -Isrc/solver -Wall -Wno-parentheses -O3 -g -D __STDC_LIMIT_MACROS -D __STDC_FORMAT_MACROS -DNDEBUG -flto=1 -c -o build/Solver.o src/solver/Solver.cc
compare	Build baseline and candidate	2026-10-07T13:50:39.8590850Z g++ -Isrc/solver -Wall -Wno-parentheses -O3 -g -D __STDC_LIMIT_MACROS -D __STDC_FORMAT_MACROS -DNDEBUG -flto=1 -c -o build/Options.o src/solver/utils/Options.cc
compare	Build baseline and candidate	2026-10-07T13:50:39.8603674Z g++ -Isrc/solver -Wall -Wno-parentheses -O3 -g -D __STDC_LIMIT_MACROS -D __STDC_FORMAT_MACROS -DNDEBUG -flto=1 -c -o build/System.o src/solver/utils/System.cc
compare	Build baseline and candidate	2026-10-07T13:50:39.9277455Z In file included from src/solver/Solver.h:53,
compare	Build baseline and candidate	2026-10-07T13:50:39.9290047Z                  from src/solver/SimpSolver.h:37,
compare	Build baseline and candidate	2026-10-07T13:50:39.9319696Z                  from src/solver/SimpSolver.cc:34:
compare	Build baseline and candidate	2026-10-07T13:50:39.9330476Z src/solver/utils/Options.h:285:29: warning: invalid suffix on literal; C++11 requires a space between literal and string macro [-Wliteral-suffix]
compare	Build baseline and candidate	2026-10-07T13:50:39.9331983Z   285 |             fprintf(stderr, "%4"PRIi64, range.begin);
compare	Build baseline and candidate	2026-10-07T13:50:39.9332737Z       |                             ^
compare	Build baseline and candidate	2026-10-07T13:50:39.9334083Z src/solver/utils/Options.h:291:29: warning: invalid suffix on literal; C++11 requires a space between literal and string macro [-Wliteral-suffix]
compare	Build baseline and candidate	2026-10-07T13:50:39.9335515Z   291 |             fprintf(stderr, "%4"PRIi64, range.end);
compare	Build baseline and candidate	2026-10-07T13:50:39.9336241Z       |                             ^
compare	Build baseline and candidate	2026-10-07T13:50:39.9337530Z src/solver/utils/Options.h:293:25: warning: invalid suffix on literal; C++11 requires a space between literal and string macro [-Wliteral-suffix]
compare	Build baseline and candidate	2026-10-07T13:50:39.9339209Z   293 |         fprintf(stderr, "] (default: %"PRIi64")\n", value);
compare	Build baseline and candidate	2026-10-07T13:50:39.9339993Z       |                         ^
compare	Build baseline and candidate	2026-10-07T13:50:39.9340678Z In file included from src/solver/utils/Options.cc:21:
compare	Build baseline and candidate	2026-10-07T13:50:39.9342059Z src/solver/utils/Options.h:285:29: warning: invalid suffix on literal; C++11 requires a space between literal and string macro [-Wliteral-suffix]
compare	Build baseline and candidate	2026-10-07T13:50:39.9343554Z   285 |             fprintf(stderr, "%4"PRIi64, range.begin);
compare	Build baseline and candidate	2026-10-07T13:50:39.9344270Z       |                             ^
compare	Build baseline and candidate	2026-10-07T13:50:39.9345538Z src/solver/utils/Options.h:291:29: warning: invalid suffix on literal; C++11 requires a space between literal and string macro [-Wliteral-suffix]
compare	Build baseline and candidate	2026-10-07T13:50:39.9347306Z   291 |             fprintf(stderr, "%4"PRIi64, range.end);
compare	Build baseline and candidate	2026-10-07T13:50:39.9348018Z       |                             ^
compare	Build baseline and candidate	2026-10-07T13:50:39.9349588Z src/solver/utils/Options.h:293:25: warning: invalid suffix on literal; C++11 requires a space between literal and string macro [-Wliteral-suffix]
compare	Build baseline and candidate	2026-10-07T13:50:39.9351396Z   293 |         fprintf(stderr, "] (default: %"PRIi64")\n", value);
compare	Build baseline and candidate	2026-10-07T13:50:39.9352158Z       |                         ^
compare	Build baseline and candidate	2026-10-07T13:50:39.9352803Z In file included from src/solver/Solver.h:53,
compare	Build baseline and candidate	2026-10-07T13:50:39.9353515Z                  from src/solver/Solver.cc:107:
compare	Build baseline and candidate	2026-10-07T13:50:39.9354869Z src/solver/utils/Options.h:285:29: warning: invalid suffix on literal; C++11 requires a space between literal and string macro [-Wliteral-suffix]
compare	Build baseline and candidate	2026-10-07T13:50:39.9356292Z   285 |             fprintf(stderr, "%4"PRIi64, range.begin);
compare	Build baseline and candidate	2026-10-07T13:50:39.9357011Z       |                             ^
compare	Build baseline and candidate	2026-10-07T13:50:39.9358300Z src/solver/utils/Options.h:291:29: warning: invalid suffix on literal; C++11 requires a space between literal and string macro [-Wliteral-suffix]
compare	Build baseline and candidate	2026-10-07T13:50:39.9360242Z   291 |             fprintf(stderr, "%4"PRIi64, range.end);
compare	Build baseline and candidate	2026-10-07T13:50:39.9360950Z       |                             ^
compare	Build baseline and candidate	2026-10-07T13:50:39.9362211Z src/solver/utils/Options.h:293:25: warning: invalid suffix on literal; C++11 requires a space between literal and string macro [-Wliteral-suffix]
compare	Build baseline and candidate	2026-10-07T13:50:39.9363791Z   293 |         fprintf(stderr, "] (default: %"PRIi64")\n", value);
compare	Build baseline and candidate	2026-10-07T13:50:39.9364547Z       |                         ^
compare	Build baseline and candidate	2026-10-07T13:50:40.0434749Z src/solver/Solver.h: In constructor ‘Minisat::Solver::Solver()’:
compare	Build baseline and candidate	2026-10-07T13:50:40.0436350Z src/solver/Solver.h:480:15: warning: ‘Minisat::Solver::my_var_decay’ will be initialized after [-Wreorder]
compare	Build baseline and candidate	2026-10-07T13:50:40.0437453Z   480 |     double    my_var_decay;
compare	Build baseline and candidate	2026-10-07T13:50:40.0438058Z       |               ^~~~~~~~~~~~
compare	Build baseline and candidate	2026-10-07T13:50:40.0439896Z src/solver/Solver.h:293:42: warning:   ‘Minisat::Heap<Minisat::Solver::VarOrderLt> Minisat::Solver::order_heap_distance’ [-Wreorder]
compare	Build baseline and candidate	2026-10-07T13:50:40.0441388Z   293 |                         order_heap_VSIDS,order_heap_distance;
compare	Build baseline and candidate	2026-10-07T13:50:40.0442279Z       |                                          ^~~~~~~~~~~~~~~~~~~
compare	Build baseline and candidate	2026-10-07T13:50:40.0443310Z src/solver/Solver.cc:143:1: warning:   when initialized here [-Wreorder]
compare	Build baseline and candidate	2026-10-07T13:50:40.0444263Z   143 | Solver::Solver() :
compare	Build baseline and candidate	2026-10-07T13:50:40.0444886Z       | ^~~~~~
compare	Build baseline and candidate	2026-10-07T13:50:40.0446204Z src/solver/Solver.h:514:14: warning: ‘Minisat::Solver::lastOptimalCost’ will be initialized after [-Wreorder]
compare	Build baseline and candidate	2026-10-07T13:50:40.0447448Z   514 |     uint64_t lastOptimalCost;
compare	Build baseline and candidate	2026-10-07T13:50:40.0448127Z       |              ^~~~~~~~~~~~~~~
compare	Build baseline and candidate	2026-10-07T13:50:40.0449615Z src/solver/Solver.h:513:40: warning:   ‘uint64_t Minisat::Solver::totalWeight’ [-Wreorder]
compare	Build baseline and candidate	2026-10-07T13:50:40.0450917Z   513 |     uint64_t hardWeight, solutionCost, totalWeight, UB;
compare	Build baseline and candidate	2026-10-07T13:50:40.0451818Z       |                                        ^~~~~~~~~~~
compare	Build baseline and candidate	2026-10-07T13:50:40.0452792Z src/solver/Solver.cc:143:1: warning:   when initialized here [-Wreorder]
compare	Build baseline and candidate	2026-10-07T13:50:40.0453750Z   143 | Solver::Solver() :
compare	Build baseline and candidate	2026-10-07T13:50:40.0454365Z       | ^~~~~~
compare	Build baseline and candidate	2026-10-07T13:50:40.0455635Z src/solver/Solver.h:707:25: warning: ‘Minisat::Solver::orderHeapAuxi’ will be initialized after [-Wreorder]
compare	Build baseline and candidate	2026-10-07T13:50:40.0456859Z   707 |     Heap<VarOrderGt>    orderHeapAuxi;
compare	Build baseline and candidate	2026-10-07T13:50:40.0457568Z       |                         ^~~~~~~~~~~~~
compare	Build baseline and candidate	2026-10-07T13:50:40.0458940Z src/solver/Solver.h:619:25: warning:   ‘int Minisat::Solver::tier2_lbd_cut’ [-Wreorder]
compare	Build baseline and candidate	2026-10-07T13:50:40.0459937Z   619 |     int                 tier2_lbd_cut;
compare	Build baseline and candidate	2026-10-07T13:50:40.0460589Z       |                         ^~~~~~~~~~~~~
compare	Build baseline and candidate	2026-10-07T13:50:40.0461412Z src/solver/Solver.cc:143:1: warning:   when initialized here [-Wreorder]
compare	Build baseline and candidate	2026-10-07T13:50:40.0462278Z   143 | Solver::Solver() :
compare	Build baseline and candidate	2026-10-07T13:50:40.0463240Z       | ^~~~~~
compare	Build baseline and candidate	2026-10-07T13:50:40.0464458Z src/solver/Solver.h:663:9: warning: ‘Minisat::Solver::cardinalityEncMode’ will be initialized after [-Wreorder]
compare	Build baseline and candidate	2026-10-07T13:50:40.0465632Z   663 |     int cardinalityEncMode;
compare	Build baseline and candidate	2026-10-07T13:50:40.0466242Z       |         ^~~~~~~~~~~~~~~~~~
compare	Build baseline and candidate	2026-10-07T13:50:40.0467409Z src/solver/Solver.h:644:14: warning:   ‘uint64_t Minisat::Solver::quasiSoftConflicts’ [-Wreorder]
compare	Build baseline and candidate	2026-10-07T13:50:40.0468991Z   644 |     uint64_t quasiSoftConflicts;
compare	Build baseline and candidate	2026-10-07T13:50:40.0469699Z       |              ^~~~~~~~~~~~~~~~~~
compare	Build baseline and candidate	2026-10-07T13:50:40.0470546Z src/solver/Solver.cc:143:1: warning:   when initialized here [-Wreorder]
compare	Build baseline and candidate	2026-10-07T13:50:40.0471438Z   143 | Solver::Solver() :
compare	Build baseline and candidate	2026-10-07T13:50:40.0471989Z       | ^~~~~~
compare	Build baseline and candidate	2026-10-07T13:50:40.0473311Z src/solver/Solver.h:696:14: warning: ‘Minisat::Solver::nbFixedByLH’ will be initialized after [-Wreorder]
compare	Build baseline and candidate	2026-10-07T13:50:40.0474518Z   696 |     uint64_t nbFixedByLH;
compare	Build baseline and candidate	2026-10-07T13:50:40.0481141Z       |              ^~~~~~~~~~~
compare	Build baseline and candidate	2026-10-07T13:50:40.0482520Z src/solver/Solver.h:562:10: warning:   ‘bool Minisat::Solver::bestSolutionFound’ [-Wreorder]
compare	Build baseline and candidate	2026-10-07T13:50:40.0483666Z   562 |     bool bestSolutionFound;
compare	Build baseline and candidate	2026-10-07T13:50:40.0484382Z       |          ^~~~~~~~~~~~~~~~~
compare	Build baseline and candidate	2026-10-07T13:50:40.0485309Z src/solver/Solver.cc:143:1: warning:   when initialized here [-Wreorder]
compare	Build baseline and candidate	2026-10-07T13:50:40.0486296Z   143 | Solver::Solver() :
compare	Build baseline and candidate	2026-10-07T13:50:40.0486919Z       | ^~~~~~
compare	Build baseline and candidate	2026-10-07T13:50:40.0488222Z src/solver/Solver.h:564:9: warning: ‘Minisat::Solver::nbSatLitsAtStart’ will be initialized after [-Wreorder]
compare	Build baseline and candidate	2026-10-07T13:50:40.0489786Z   564 |     int nbSatLitsAtStart;
compare	Build baseline and candidate	2026-10-07T13:50:40.0490477Z       |         ^~~~~~~~~~~~~~~~
compare	Build baseline and candidate	2026-10-07T13:50:40.0491706Z src/solver/Solver.h:560:9: warning:   ‘int Minisat::Solver::bounds_pipe_w’ [-Wreorder]
compare	Build baseline and candidate	2026-10-07T13:50:40.0492811Z   560 |     int bounds_pipe_w;
compare	Build baseline and candidate	2026-10-07T13:50:40.0493435Z       |         ^~~~~~~~~~~~~
compare	Build baseline and candidate	2026-10-07T13:50:40.0494343Z src/solver/Solver.cc:143:1: warning:   when initialized here [-Wreorder]
compare	Build baseline and candidate	2026-10-07T13:50:40.0495329Z   143 | Solver::Solver() :
compare	Build baseline and candidate	2026-10-07T13:50:40.0495964Z       | ^~~~~~
compare	Build baseline and candidate	2026-10-07T13:50:40.0497144Z src/solver/Solver.cc: In member function ‘Minisat::CRef Minisat::Solver::simplePropagate()’:
compare	Build baseline and candidate	2026-10-07T13:50:40.0499431Z src/solver/Solver.cc:316:27: warning: comparison of integer expressions of different signedness: ‘unsigned int’ and ‘int’ [-Wsign-compare]
compare	Build baseline and candidate	2026-10-07T13:50:40.0500872Z   316 |         if (c.lastPoint() > c.size())
compare	Build baseline and candidate	2026-10-07T13:50:40.0501546Z       |             ~~~~~~~~~~~~~~^~~~~~~~~~
compare	Build baseline and candidate	2026-10-07T13:50:40.0503052Z src/solver/Solver.cc:335:27: warning: comparison of integer expressions of different signedness: ‘int’ and ‘unsigned int’ [-Wsign-compare]
compare	Build baseline and candidate	2026-10-07T13:50:40.0504548Z   335 |         for (int k = 2; k < c.lastPoint(); k++) {
compare	Build baseline and candidate	2026-10-07T13:50:40.0505452Z       |                         ~~^~~~~~~~~~~~~~~
compare	Build baseline and candidate	2026-10-07T13:50:40.0507408Z src/solver/Solver.cc:381:63: warning: comparison of integer expressions of different signedness: ‘int’ and ‘uint64_t’ {aka ‘long unsigned int’} [-Wsign-compare]
compare	Build baseline and candidate	2026-10-07T13:50:40.0509500Z   381 |     if (confl == CRef_Undef && falseLits.size() + rootNbIsets >= UB)
compare	Build baseline and candidate	2026-10-07T13:50:40.0510469Z       |                                ~~~~~~~~~~~~~~~~~~~~~~~~~~~~~~~^~~~~
compare	Build baseline and candidate	2026-10-07T13:50:40.0555924Z src/solver/Solver.cc: In member function ‘bool Minisat::Solver::simplifyLearnt_core()’:
compare	Build baseline and candidate	2026-10-07T13:50:40.0557917Z src/solver/Solver.cc:787:34: warning: comparison of integer expressions of different signedness: ‘unsigned int’ and ‘int’ [-Wsign-compare]
compare	Build baseline and candidate	2026-10-07T13:50:40.0559741Z   787 |                     if (nblevels < c.lbd()){
compare	Build baseline and candidate	2026-10-07T13:50:40.0560514Z       |                         ~~~~~~~~~^~~~~~~~~
compare	Build baseline and candidate	2026-10-07T13:50:40.0561860Z src/solver/Solver.cc:721:9: warning: unused variable ‘learnts_core_size_before’ [-Wunused-variable]
compare	Build baseline and candidate	2026-10-07T13:50:40.0563164Z   721 |     int learnts_core_size_before = learnts_core.size();
compare	Build baseline and candidate	2026-10-07T13:50:40.0564035Z       |         ^~~~~~~~~~~~~~~~~~~~~~~~
compare	Build baseline and candidate	2026-10-07T13:50:40.0572409Z src/solver/Solver.cc: In member function ‘bool Minisat::Solver::simplifyLearnt_tier2()’:
compare	Build baseline and candidate	2026-10-07T13:50:40.0574373Z src/solver/Solver.cc:895:34: warning: comparison of integer expressions of different signedness: ‘unsigned int’ and ‘int’ [-Wsign-compare]
compare	Build baseline and candidate	2026-10-07T13:50:40.0575798Z   895 |                     if (nblevels < c.lbd()){
compare	Build baseline and candidate	2026-10-07T13:50:40.0576941Z       |                         ~~~~~~~~~^~~~~~~~~
compare	Build baseline and candidate	2026-10-07T13:50:40.0578339Z src/solver/Solver.cc:823:9: warning: unused variable ‘learnts_tier2_size_before’ [-Wunused-variable]
compare	Build baseline and candidate	2026-10-07T13:50:40.0579948Z   823 |     int learnts_tier2_size_before = learnts_tier2.size();
compare	Build baseline and candidate	2026-10-07T13:50:40.0580798Z       |         ^~~~~~~~~~~~~~~~~~~~~~~~~
compare	Build baseline and candidate	2026-10-07T13:50:40.0582127Z src/solver/Solver.cc:828:9: warning: variable ‘limit’ set but not used [-Wunused-but-set-variable]
compare	Build baseline and candidate	2026-10-07T13:50:40.0583288Z   828 |     int limit;
compare	Build baseline and candidate	2026-10-07T13:50:40.0583904Z       |         ^~~~~
compare	Build baseline and candidate	2026-10-07T13:50:40.0596901Z src/solver/Solver.cc: In member function ‘bool Minisat::Solver::failedLiteralDetection()’:
compare	Build baseline and candidate	2026-10-07T13:50:40.0599355Z src/solver/Solver.cc:1038:100: warning: format ‘%llu’ expects argument of type ‘long long unsigned int’, but argument 7 has type ‘uint64_t’ {aka ‘long unsigned int’} [-Wformat=]
compare	Build baseline and candidate	2026-10-07T13:50:40.0601508Z  1038 |   printf("c nbFailedLits %d, nbI %d, fixedVarsByFL %d, totalFixedVars %d, nbTested: %d, counter %llu\n",
compare	Build baseline and candidate	2026-10-07T13:50:40.0602940Z       |                                                                                                 ~~~^
compare	Build baseline and candidate	2026-10-07T13:50:40.0603961Z       |                                                                                                    |
compare	Build baseline and candidate	2026-10-07T13:50:40.0605110Z       |                                                                                                    long long unsigned int
compare	Build baseline and candidate	2026-10-07T13:50:40.0606303Z       |                                                                                                 %lu
compare	Build baseline and candidate	2026-10-07T13:50:40.0607555Z  1039 |          nbFailedLits, nbI, trail.size()-initTrail, trail.size(), nbTested, counter);
compare	Build baseline and candidate	2026-10-07T13:50:40.0609043Z       |                                                                             ~~~~~~~                 
compare	Build baseline and candidate	2026-10-07T13:50:40.0610084Z       |                                                                             |
compare	Build baseline and candidate	2026-10-07T13:50:40.0611163Z       |                                                                             uint64_t {aka long unsigned int}
compare	Build baseline and candidate	2026-10-07T13:50:40.0612735Z src/solver/Solver.cc: In member function ‘bool Minisat::Solver::simplifyOriginalClauses()’:
compare	Build baseline and candidate	2026-10-07T13:50:40.0614919Z src/solver/Solver.cc:1179:40: warning: format ‘%llu’ expects argument of type ‘long long unsigned int’, but argument 2 has type ‘uint64_t’ {aka ‘long unsigned int’} [-Wformat=]
compare	Build baseline and candidate	2026-10-07T13:50:40.0616765Z  1179 |     printf("c total nb of literals: %llu\n", clauses_literals);
compare	Build baseline and candidate	2026-10-07T13:50:40.0617725Z       |                                     ~~~^     ~~~~~~~~~~~~~~~~
compare	Build baseline and candidate	2026-10-07T13:50:40.0618820Z       |                                        |     |
compare	Build baseline and candidate	2026-10-07T13:50:40.0619701Z       |                                        |     uint64_t {aka long unsigned int}
compare	Build baseline and candidate	2026-10-07T13:50:40.0620625Z       |                                        long long unsigned int
compare	Build baseline and candidate	2026-10-07T13:50:40.0621400Z       |                                     %lu
compare	Build baseline and candidate	2026-10-07T13:50:40.0622666Z src/solver/Solver.cc:1173:25: warning: unused variable ‘nbOriginalClauses_before’ [-Wunused-variable]
compare	Build baseline and candidate	2026-10-07T13:50:40.0624060Z  1173 |     int last_shorten=0, nbOriginalClauses_before = clauses.size();
compare	Build baseline and candidate	2026-10-07T13:50:40.0625067Z       |                         ^~~~~~~~~~~~~~~~~~~~~~~~
compare	Build baseline and candidate	2026-10-07T13:50:40.0626413Z src/solver/Solver.cc:1185:17: warning: unused variable ‘begin_simp_time’ [-Wunused-variable]
compare	Build baseline and candidate	2026-10-07T13:50:40.0627594Z  1185 |     double      begin_simp_time = cpuTime();
compare	Build baseline and candidate	2026-10-07T13:50:40.0628378Z       |                 ^~~~~~~~~~~~~~~
compare	Build baseline and candidate	2026-10-07T13:50:40.0629959Z src/solver/Solver.cc:1250:12: warning: variable ‘avg’ set but not used [-Wunused-but-set-variable]
compare	Build baseline and candidate	2026-10-07T13:50:40.0631447Z  1250 |     double avg;
compare	Build baseline and candidate	2026-10-07T13:50:40.0632007Z       |            ^~~
compare	Build baseline and candidate	2026-10-07T13:50:40.0701991Z src/solver/Solver.cc: In member function ‘Minisat::CRef Minisat::Solver::propagate()’:
compare	Build baseline and candidate	2026-10-07T13:50:40.0704058Z src/solver/Solver.cc:2005:31: warning: comparison of integer expressions of different signedness: ‘unsigned int’ and ‘int’ [-Wsign-compare]
compare	Build baseline and candidate	2026-10-07T13:50:40.0705951Z  2005 |             if (c.lastPoint() > c.size())
compare	Build baseline and candidate	2026-10-07T13:50:40.0706761Z       |                 ~~~~~~~~~~~~~~^~~~~~~~~~
compare	Build baseline and candidate	2026-10-07T13:50:40.0708443Z src/solver/Solver.cc:2024:31: warning: comparison of integer expressions of different signedness: ‘int’ and ‘unsigned int’ [-Wsign-compare]
compare	Build baseline and candidate	2026-10-07T13:50:40.0710276Z  2024 |             for (int k = 2; k < c.lastPoint(); k++) {
compare	Build baseline and candidate	2026-10-07T13:50:40.0711086Z       |                             ~~^~~~~~~~~~~~~~~
compare	Build baseline and candidate	2026-10-07T13:50:40.0712885Z src/solver/Solver.cc:2076:49: warning: comparison of integer expressions of different signedness: ‘int’ and ‘uint64_t’ {aka ‘long unsigned int’} [-Wsign-compare]
compare	Build baseline and candidate	2026-10-07T13:50:40.0714499Z  2076 |     if (confl == CRef_Undef && falseLits.size() >= UB)
compare	Build baseline and candidate	2026-10-07T13:50:40.0715314Z       |                                ~~~~~~~~~~~~~~~~~^~~~~
compare	Build baseline and candidate	2026-10-07T13:50:40.0716615Z src/solver/Solver.cc:2072:1: warning: label ‘ExitProp’ defined but not used [-Wunused-label]
compare	Build baseline and candidate	2026-10-07T13:50:40.0717746Z  2072 | ExitProp:;
compare	Build baseline and candidate	2026-10-07T13:50:40.0718352Z       | ^~~~~~~~
compare	Build baseline and candidate	2026-10-07T13:50:40.0732286Z src/solver/Solver.cc: In member function ‘void Minisat::Solver::getAllUIP(Minisat::vec<Minisat::Lit>&, int&, int&)’:
compare	Build baseline and candidate	2026-10-07T13:50:40.0734068Z src/solver/Solver.cc:2177:9: warning: variable ‘myLevel’ set but not used [-Wunused-but-set-variable]
compare	Build baseline and candidate	2026-10-07T13:50:40.0735272Z  2177 |     int myLevel = decisionLevel() +1;
compare	Build baseline and candidate	2026-10-07T13:50:40.0736034Z       |         ^~~~~~~
compare	Build baseline and candidate	2026-10-07T13:50:40.0737542Z src/solver/Solver.cc: In member function ‘void Minisat::Solver::analyzeSoftConflict(Minisat::vec<Minisat::Lit>&, int&, int&)’:
compare	Build baseline and candidate	2026-10-07T13:50:40.0740312Z src/solver/Solver.cc:2196:26: warning: comparison of integer expressions of different signedness: ‘int’ and ‘uint64_t’ {aka ‘long unsigned int’} [-Wsign-compare]
compare	Build baseline and candidate	2026-10-07T13:50:40.0741943Z  2196 |     if (falseLits.size() >= UB)
compare	Build baseline and candidate	2026-10-07T13:50:40.0742669Z       |         ~~~~~~~~~~~~~~~~~^~~~~
compare	Build baseline and candidate	2026-10-07T13:50:40.0744470Z src/solver/Solver.cc:2206:26: warning: comparison of integer expressions of different signedness: ‘int’ and ‘uint64_t’ {aka ‘long unsigned int’} [-Wsign-compare]
compare	Build baseline and candidate	2026-10-07T13:50:40.0746059Z  2206 |     if (falseLits.size() > UB) {
compare	Build baseline and candidate	2026-10-07T13:50:40.0746792Z       |         ~~~~~~~~~~~~~~~~~^~~~
compare	Build baseline and candidate	2026-10-07T13:50:40.0782994Z src/solver/Solver.cc: In member function ‘bool Minisat::Solver::simplifyLearnt_local()’:
compare	Build baseline and candidate	2026-10-07T13:50:40.0784972Z src/solver/Solver.cc:2631:34: warning: comparison of integer expressions of different signedness: ‘unsigned int’ and ‘int’ [-Wsign-compare]
compare	Build baseline and candidate	2026-10-07T13:50:40.0786430Z  2631 |                     if (nblevels < c.lbd()){
compare	Build baseline and candidate	2026-10-07T13:50:40.0787229Z       |                         ~~~~~~~~~^~~~~~~~~
compare	Build baseline and candidate	2026-10-07T13:50:40.0788918Z src/solver/Solver.cc:2559:7: warning: unused variable ‘learnts_local_size_before’ [-Wunused-variable]
compare	Build baseline and candidate	2026-10-07T13:50:40.0790283Z  2559 |   int learnts_local_size_before = learnts_local.size();
compare	Build baseline and candidate	2026-10-07T13:50:40.0791162Z       |       ^~~~~~~~~~~~~~~~~~~~~~~~~
compare	Build baseline and candidate	2026-10-07T13:50:40.0792311Z src/solver/Solver.cc:2560:7: warning: unused variable ‘savedTrail’ [-Wunused-variable]
compare	Build baseline and candidate	2026-10-07T13:50:40.0793430Z  2560 |   int savedTrail = trail.size();
compare	Build baseline and candidate	2026-10-07T13:50:40.0794160Z       |       ^~~~~~~~~~
compare	Build baseline and candidate	2026-10-07T13:50:40.0802668Z src/solver/Solver.cc: In member function ‘void Minisat::Solver::reduceDB_core()’:
compare	Build baseline and candidate	2026-10-07T13:50:40.0804249Z src/solver/Solver.cc:2772:9: warning: unused variable ‘totalLocalSize’ [-Wunused-variable]
compare	Build baseline and candidate	2026-10-07T13:50:40.0805476Z  2772 |     int totalLocalSize=0, removedSize=0;
compare	Build baseline and candidate	2026-10-07T13:50:40.0806968Z       |         ^~~~~~~~~~~~~~
compare	Build baseline and candidate	2026-10-07T13:50:40.0814452Z src/solver/Solver.cc:2772:27: warning: unused variable ‘removedSize’ [-Wunused-variable]
compare	Build baseline and candidate	2026-10-07T13:50:40.0815619Z  2772 |     int totalLocalSize=0, removedSize=0;
compare	Build baseline and candidate	2026-10-07T13:50:40.0816418Z       |                           ^~~~~~~~~~~
compare	Build baseline and candidate	2026-10-07T13:50:40.0832253Z src/solver/Solver.cc: In member function ‘Minisat::CRef Minisat::Solver::lPropagate()’:
compare	Build baseline and candidate	2026-10-07T13:50:40.0834738Z src/solver/Solver.cc:3022:20: warning: comparison of integer expressions of different signedness: ‘uint64_t’ {aka ‘long unsigned int’} and ‘int’ [-Wsign-compare]
compare	Build baseline and candidate	2026-10-07T13:50:40.0836582Z  3022 |   if (UB > 1 && UB == falseLits.size() + 1 && decisionLevel() < hardenLevel) {
compare	Build baseline and candidate	2026-10-07T13:50:40.0837601Z       |                 ~~~^~~~~~~~~~~~~~~~~~~~~~~
compare	Build baseline and candidate	2026-10-07T13:50:40.0855293Z src/solver/Solver.cc: In member function ‘void Minisat::Solver::identifyClausesToSplit(Minisat::vec<unsigned int>&)’:
compare	Build baseline and candidate	2026-10-07T13:50:40.0857722Z src/solver/Solver.cc:3170:46: warning: comparison of integer expressions of different signedness: ‘int’ and ‘uint64_t’ {aka ‘long unsigned int’} [-Wsign-compare]
compare	Build baseline and candidate	2026-10-07T13:50:40.0859861Z  3170 |     for(j=i+1; j<cs.size() && 2*nbCommunLits >= UB; j++) {
compare	Build baseline and candidate	2026-10-07T13:50:40.0860730Z       |                               ~~~~~~~~~~~~~~~^~~~~
compare	Build baseline and candidate	2026-10-07T13:50:40.0917038Z src/solver/Solver.cc: In member function ‘Minisat::lbool Minisat::Solver::search(int&)’:
compare	Build baseline and candidate	2026-10-07T13:50:40.0919567Z src/solver/Solver.cc:3821:31: warning: format ‘%llu’ expects argument of type ‘long long unsigned int’, but argument 2 has type ‘uint64_t’ {aka ‘long unsigned int’} [-Wformat=]
compare	Build baseline and candidate	2026-10-07T13:50:40.0922517Z  3821 |               printf("c UB=%llu succs, confls=%llu, hconfls=%llu, core %d, tier2 %d, local %d,  %d soft cls unsat (%d at L0), %d fixed vars at L0, softCnfl %d, nbFlyRd %d, nbFixedLH %llu\n",
compare	Build baseline and candidate	2026-10-07T13:50:40.0926261Z       |                            ~~~^
compare	Build baseline and candidate	2026-10-07T13:50:40.0927055Z       |                               |
compare	Build baseline and candidate	2026-10-07T13:50:40.0927903Z       |                               long long unsigned int
compare	Build baseline and candidate	2026-10-07T13:50:40.0929160Z       |                            %lu
compare	Build baseline and candidate	2026-10-07T13:50:40.0930440Z  3822 |                      UB, conflicts, conflicts-softConflicts, learnts_core.size(), learnts_tier2.size(), learnts_local.size(),
compare	Build baseline and candidate	2026-10-07T13:50:40.0931696Z       |                      ~~        
compare	Build baseline and candidate	2026-10-07T13:50:40.0932374Z       |                      |
compare	Build baseline and candidate	2026-10-07T13:50:40.0933070Z       |                      uint64_t {aka long unsigned int}
compare	Build baseline and candidate	2026-10-07T13:50:40.0935063Z src/solver/Solver.cc:3821:50: warning: format ‘%llu’ expects argument of type ‘long long unsigned int’, but argument 3 has type ‘uint64_t’ {aka ‘long unsigned int’} [-Wformat=]
compare	Build baseline and candidate	2026-10-07T13:50:40.0937524Z  3821 |               printf("c UB=%llu succs, confls=%llu, hconfls=%llu, core %d, tier2 %d, local %d,  %d soft cls unsat (%d at L0), %d fixed vars at L0, softCnfl %d, nbFlyRd %d, nbFixedLH %llu\n",
compare	Build baseline and candidate	2026-10-07T13:50:40.0939513Z       |                                               ~~~^
compare	Build baseline and candidate	2026-10-07T13:50:40.0940825Z       |                                                  |
compare	Build baseline and candidate	2026-10-07T13:50:40.0941726Z       |                                                  long long unsigned int
compare	Build baseline and candidate	2026-10-07T13:50:40.0942656Z       |                                               %lu
compare	Build baseline and candidate	2026-10-07T13:50:40.0944011Z  3822 |                      UB, conflicts, conflicts-softConflicts, learnts_core.size(), learnts_tier2.size(), learnts_local.size(),
compare	Build baseline and candidate	2026-10-07T13:50:40.0945694Z       |                          ~~~~~~~~~                
compare	Build baseline and candidate	2026-10-07T13:50:40.0946530Z       |                          |
compare	Build baseline and candidate	2026-10-07T13:50:40.0947353Z       |                          uint64_t {aka long unsigned int}
compare	Build baseline and candidate	2026-10-07T13:50:40.0949689Z src/solver/Solver.cc:3821:64: warning: format ‘%llu’ expects argument of type ‘long long unsigned int’, but argument 4 has type ‘uint64_t’ {aka ‘long unsigned int’} [-Wformat=]
compare	Build baseline and candidate	2026-10-07T13:50:40.0952315Z  3821 |               printf("c UB=%llu succs, confls=%llu, hconfls=%llu, core %d, tier2 %d, local %d,  %d soft cls unsat (%d at L0), %d fixed vars at L0, softCnfl %d, nbFlyRd %d, nbFixedLH %llu\n",
compare	Build baseline and candidate	2026-10-07T13:50:40.0954055Z       |                                                             ~~~^
compare	Build baseline and candidate	2026-10-07T13:50:40.0954986Z       |                                                                |
compare	Build baseline and candidate	2026-10-07T13:50:40.0955979Z       |                                                                long long unsigned int
compare	Build baseline and candidate	2026-10-07T13:50:40.0957025Z       |                                                             %lu
compare	Build baseline and candidate	2026-10-07T13:50:40.0958424Z  3822 |                      UB, conflicts, conflicts-softConflicts, learnts_core.size(), learnts_tier2.size(), learnts_local.size(),
compare	Build baseline and candidate	2026-10-07T13:50:40.0960238Z       |                                     ~~~~~~~~~~~~~~~~~~~~~~~     
compare	Build baseline and candidate	2026-10-07T13:50:40.0961128Z       |                                              |
compare	Build baseline and candidate	2026-10-07T13:50:40.0962019Z       |                                              uint64_t {aka long unsigned int}
compare	Build baseline and candidate	2026-10-07T13:50:40.0964117Z src/solver/Solver.cc:3821:186: warning: format ‘%llu’ expects argument of type ‘long long unsigned int’, but argument 13 has type ‘uint64_t’ {aka ‘long unsigned int’} [-Wformat=]
compare	Build baseline and candidate	2026-10-07T13:50:40.0966666Z  3821 |               printf("c UB=%llu succs, confls=%llu, hconfls=%llu, core %d, tier2 %d, local %d,  %d soft cls unsat (%d at L0), %d fixed vars at L0, softCnfl %d, nbFlyRd %d, nbFixedLH %llu\n",
compare	Build baseline and candidate	2026-10-07T13:50:40.0968996Z       |                                                                                                                                                                                       ~~~^
compare	Build baseline and candidate	2026-10-07T13:50:40.0970581Z       |                                                                                                                                                                                          |
compare	Build baseline and candidate	2026-10-07T13:50:40.0972158Z       |                                                                                                                                                                                          long long unsigned int
compare	Build baseline and candidate	2026-10-07T13:50:40.0973741Z       |                                                                                                                                                                                       %lu
compare	Build baseline and candidate	2026-10-07T13:50:40.0975535Z  3822 |                      UB, conflicts, conflicts-softConflicts, learnts_core.size(), learnts_tier2.size(), learnts_local.size(),
compare	Build baseline and candidate	2026-10-07T13:50:40.0977267Z  3823 |                      falseLits.size(), nbFalses, nbFixeds, pureSoftConfl, nbFlyReduced, nbFixedByLH);
compare	Build baseline and candidate	2026-10-07T13:50:40.0979151Z       |                                                                                         ~~~~~~~~~~~                                                                                       
compare	Build baseline and candidate	2026-10-07T13:50:40.0980550Z       |                                                                                         |
compare	Build baseline and candidate	2026-10-07T13:50:40.0981732Z       |                                                                                         uint64_t {aka long unsigned int}
compare	Build baseline and candidate	2026-10-07T13:50:40.0984240Z src/solver/Solver.cc:3825:48: warning: format ‘%llu’ expects argument of type ‘long long unsigned int’, but argument 3 has type ‘uint64_t’ {aka ‘long unsigned int’} [-Wformat=]
compare	Build baseline and candidate	2026-10-07T13:50:40.0986812Z  3825 |               printf("c nbHardens %d (fixed %llu), shorten: %llu, prunedLB %4.2f, dev %4.2f, succRate %4.2f, nbSucc %llu, lk: %llu, shorten: %llu, quasiC: %llu (fixed: %llu)\n\n",
compare	Build baseline and candidate	2026-10-07T13:50:40.0989030Z       |                                             ~~~^
compare	Build baseline and candidate	2026-10-07T13:50:40.0989848Z       |                                                |
compare	Build baseline and candidate	2026-10-07T13:50:40.0990745Z       |                                                long long unsigned int
compare	Build baseline and candidate	2026-10-07T13:50:40.0991606Z       |                                             %lu
compare	Build baseline and candidate	2026-10-07T13:50:40.0993301Z  3826 |                      nbHardens, fixedByHardens, nbSavedLits, meanLB, dev, succRate, nbLKsuccess-savednbLKsuccess, LOOKAHEAD-savedLOOKAHEAD, nbSavedLits, quasiSoftConflicts, fixedByQuasiConfl);
compare	Build baseline and candidate	2026-10-07T13:50:40.0995047Z       |                                 ~~~~~~~~~~~~~~  
compare	Build baseline and candidate	2026-10-07T13:50:40.0995726Z       |                                 |
compare	Build baseline and candidate	2026-10-07T13:50:40.0996412Z       |                                 uint64_t {aka long unsigned int}
compare	Build baseline and candidate	2026-10-07T13:50:40.0998272Z src/solver/Solver.cc:3825:64: warning: format ‘%llu’ expects argument of type ‘long long unsigned int’, but argument 4 has type ‘uint64_t’ {aka ‘long unsigned int’} [-Wformat=]
compare	Build baseline and candidate	2026-10-07T13:50:40.1000863Z  3825 |               printf("c nbHardens %d (fixed %llu), shorten: %llu, prunedLB %4.2f, dev %4.2f, succRate %4.2f, nbSucc %llu, lk: %llu, shorten: %llu, quasiC: %llu (fixed: %llu)\n\n",
compare	Build baseline and candidate	2026-10-07T13:50:40.1002442Z       |                                                             ~~~^
compare	Build baseline and candidate	2026-10-07T13:50:40.1003254Z       |                                                                |
compare	Build baseline and candidate	2026-10-07T13:50:40.1004104Z       |                                                                long long unsigned int
compare	Build baseline and candidate	2026-10-07T13:50:40.1005076Z       |                                                             %lu
compare	Build baseline and candidate	2026-10-07T13:50:40.1007028Z  3826 |                      nbHardens, fixedByHardens, nbSavedLits, meanLB, dev, succRate, nbLKsuccess-savednbLKsuccess, LOOKAHEAD-savedLOOKAHEAD, nbSavedLits, quasiSoftConflicts, fixedByQuasiConfl);
compare	Build baseline and candidate	2026-10-07T13:50:40.1009398Z       |                                                 ~~~~~~~~~~~     
compare	Build baseline and candidate	2026-10-07T13:50:40.1010304Z       |                                                 |
compare	Build baseline and candidate	2026-10-07T13:50:40.1011248Z       |                                                 uint64_t {aka long unsigned int}
compare	Build baseline and candidate	2026-10-07T13:50:40.1013358Z src/solver/Solver.cc:3825:120: warning: format ‘%llu’ expects argument of type ‘long long unsigned int’, but argument 8 has type ‘uint64_t’ {aka ‘long unsigned int’} [-Wformat=]
compare	Build baseline and candidate	2026-10-07T13:50:40.1015869Z  3825 |               printf("c nbHardens %d (fixed %llu), shorten: %llu, prunedLB %4.2f, dev %4.2f, succRate %4.2f, nbSucc %llu, lk: %llu, shorten: %llu, quasiC: %llu (fixed: %llu)\n\n",
compare	Build baseline and candidate	2026-10-07T13:50:40.1017657Z       |                                                                                                                     ~~~^
compare	Build baseline and candidate	2026-10-07T13:50:40.1019073Z       |                                                                                                                        |
compare	Build baseline and candidate	2026-10-07T13:50:40.1020507Z       |                                                                                                                        long long unsigned int
compare	Build baseline and candidate	2026-10-07T13:50:40.1021863Z       |                                                                                                                     %lu
compare	Build baseline and candidate	2026-10-07T13:50:40.1023935Z  3826 |                      nbHardens, fixedByHardens, nbSavedLits, meanLB, dev, succRate, nbLKsuccess-savednbLKsuccess, LOOKAHEAD-savedLOOKAHEAD, nbSavedLits, quasiSoftConflicts, fixedByQuasiConfl);
compare	Build baseline and candidate	2026-10-07T13:50:40.1026383Z       |                                                                                     ~~~~~~~~~~~~~~~~~~~~~~~~~~~~        
compare	Build baseline and candidate	2026-10-07T13:50:40.1027535Z       |                                                                                                |
compare	Build baseline and candidate	2026-10-07T13:50:40.1029022Z       |                                                                                                uint64_t {aka long unsigned int}
compare	Build baseline and candidate	2026-10-07T13:50:40.1042580Z src/solver/Solver.cc:3825:130: warning: format ‘%llu’ expects argument of type ‘long long unsigned int’, but argument 9 has type ‘uint64_t’ {aka ‘long unsigned int’} [-Wformat=]
compare	Build baseline and candidate	2026-10-07T13:50:40.1045121Z  3825 |               printf("c nbHardens %d (fixed %llu), shorten: %llu, prunedLB %4.2f, dev %4.2f, succRate %4.2f, nbSucc %llu, lk: %llu, shorten: %llu, quasiC: %llu (fixed: %llu)\n\n",
compare	Build baseline and candidate	2026-10-07T13:50:40.1046987Z       |                                                                                                                               ~~~^
compare	Build baseline and candidate	2026-10-07T13:50:40.1048320Z       |                                                                                                                                  |
compare	Build baseline and candidate	2026-10-07T13:50:40.1050154Z       |                                                                                                                                  long long unsigned int
compare	Build baseline and candidate	2026-10-07T13:50:40.1051576Z       |                                                                                                                               %lu
compare	Build baseline and candidate	2026-10-07T13:50:40.1053680Z  3826 |                      nbHardens, fixedByHardens, nbSavedLits, meanLB, dev, succRate, nbLKsuccess-savednbLKsuccess, LOOKAHEAD-savedLOOKAHEAD, nbSavedLits, quasiSoftConflicts, fixedByQuasiConfl);
compare	Build baseline and candidate	2026-10-07T13:50:40.1055843Z       |                                                                                                                   ~~~~~~~~~~~~~~~~~~~~~~~~
compare	Build baseline and candidate	2026-10-07T13:50:40.1057142Z       |                                                                                                                            |
compare	Build baseline and candidate	2026-10-07T13:50:40.1058750Z       |                                                                                                                            uint64_t {aka long unsigned int}
compare	Build baseline and candidate	2026-10-07T13:50:40.1061012Z src/solver/Solver.cc:3825:145: warning: format ‘%llu’ expects argument of type ‘long long unsigned int’, but argument 10 has type ‘uint64_t’ {aka ‘long unsigned int’} [-Wformat=]
compare	Build baseline and candidate	2026-10-07T13:50:40.1063529Z  3825 |               printf("c nbHardens %d (fixed %llu), shorten: %llu, prunedLB %4.2f, dev %4.2f, succRate %4.2f, nbSucc %llu, lk: %llu, shorten: %llu, quasiC: %llu (fixed: %llu)\n\n",
compare	Build baseline and candidate	2026-10-07T13:50:40.1065418Z       |                                                                                                                                              ~~~^
compare	Build baseline and candidate	2026-10-07T13:50:40.1066800Z       |                                                                                                                                                 |
compare	Build baseline and candidate	2026-10-07T13:50:40.1068252Z       |                                                                                                                                                 long long unsigned int
compare	Build baseline and candidate	2026-10-07T13:50:40.1069999Z       |                                                                                                                                              %lu
compare	Build baseline and candidate	2026-10-07T13:50:40.1072181Z  3826 |                      nbHardens, fixedByHardens, nbSavedLits, meanLB, dev, succRate, nbLKsuccess-savednbLKsuccess, LOOKAHEAD-savedLOOKAHEAD, nbSavedLits, quasiSoftConflicts, fixedByQuasiConfl);
compare	Build baseline and candidate	2026-10-07T13:50:40.1074311Z       |                                                                                                                                             ~~~~~~~~~~~
compare	Build baseline and candidate	2026-10-07T13:50:40.1075658Z       |                                                                                                                                             |
compare	Build baseline and candidate	2026-10-07T13:50:40.1077366Z       |                                                                                                                                             uint64_t {aka long unsigned int}
compare	Build baseline and candidate	2026-10-07T13:50:40.1080063Z src/solver/Solver.cc:3825:159: warning: format ‘%llu’ expects argument of type ‘long long unsigned int’, but argument 11 has type ‘uint64_t’ {aka ‘long unsigned int’} [-Wformat=]
compare	Build baseline and candidate	2026-10-07T13:50:40.1082852Z  3825 |               printf("c nbHardens %d (fixed %llu), shorten: %llu, prunedLB %4.2f, dev %4.2f, succRate %4.2f, nbSucc %llu, lk: %llu, shorten: %llu, quasiC: %llu (fixed: %llu)\n\n",
compare	Build baseline and candidate	2026-10-07T13:50:40.1084799Z       |                                                                                                                                                            ~~~^
compare	Build baseline and candidate	2026-10-07T13:50:40.1086269Z       |                                                                                                                                                               |
compare	Build baseline and candidate	2026-10-07T13:50:40.1087827Z       |                                                                                                                                                               long long unsigned int
compare	Build baseline and candidate	2026-10-07T13:50:40.1089630Z       |                                                                                                                                                            %lu
compare	Build baseline and candidate	2026-10-07T13:50:40.1091832Z  3826 |                      nbHardens, fixedByHardens, nbSavedLits, meanLB, dev, succRate, nbLKsuccess-savednbLKsuccess, LOOKAHEAD-savedLOOKAHEAD, nbSavedLits, quasiSoftConflicts, fixedByQuasiConfl);
compare	Build baseline and candidate	2026-10-07T13:50:40.1094058Z       |                                                                                                                                                          ~~~~~~~~~~~~~~~~~~
compare	Build baseline and candidate	2026-10-07T13:50:40.1095575Z       |                                                                                                                                                          |
compare	Build baseline and candidate	2026-10-07T13:50:40.1097015Z       |                                                                                                                                                          uint64_t {aka long unsigned int}
compare	Build baseline and candidate	2026-10-07T13:50:40.1099553Z src/solver/Solver.cc:3825:172: warning: format ‘%llu’ expects argument of type ‘long long unsigned int’, but argument 12 has type ‘uint64_t’ {aka ‘long unsigned int’} [-Wformat=]
compare	Build baseline and candidate	2026-10-07T13:50:40.1102097Z  3825 |               printf("c nbHardens %d (fixed %llu), shorten: %llu, prunedLB %4.2f, dev %4.2f, succRate %4.2f, nbSucc %llu, lk: %llu, shorten: %llu, quasiC: %llu (fixed: %llu)\n\n",
compare	Build baseline and candidate	2026-10-07T13:50:40.1104075Z       |                                                                                                                                                                         ~~~^
compare	Build baseline and candidate	2026-10-07T13:50:40.1105611Z       |                                                                                                                                                                            |
compare	Build baseline and candidate	2026-10-07T13:50:40.1107290Z       |                                                                                                                                                                            long long unsigned int
compare	Build baseline and candidate	2026-10-07T13:50:40.1109227Z       |                                                                                                                                                                         %lu
compare	Build baseline and candidate	2026-10-07T13:50:40.1111413Z  3826 |                      nbHardens, fixedByHardens, nbSavedLits, meanLB, dev, succRate, nbLKsuccess-savednbLKsuccess, LOOKAHEAD-savedLOOKAHEAD, nbSavedLits, quasiSoftConflicts, fixedByQuasiConfl);
compare	Build baseline and candidate	2026-10-07T13:50:40.1113697Z       |                                                                                                                                                                              ~~~~~~~~~~~~~~~~~
compare	Build baseline and candidate	2026-10-07T13:50:40.1115288Z       |                                                                                                                                                                              |
compare	Build baseline and candidate	2026-10-07T13:50:40.1117169Z       |                                                                                                                                                                              uint64_t {aka long unsigned int}
compare	Build baseline and candidate	2026-10-07T13:50:40.1119637Z src/solver/Solver.cc: In member function ‘Minisat::CRef Minisat::Solver::propagateForLK()’:
compare	Build baseline and candidate	2026-10-07T13:50:40.1121752Z src/solver/Solver.cc:3984:27: warning: comparison of integer expressions of different signedness: ‘unsigned int’ and ‘int’ [-Wsign-compare]
compare	Build baseline and candidate	2026-10-07T13:50:40.1123264Z  3984 |         if (c.lastPoint() > c.size())
compare	Build baseline and candidate	2026-10-07T13:50:40.1124082Z       |             ~~~~~~~~~~~~~~^~~~~~~~~~
compare	Build baseline and candidate	2026-10-07T13:50:40.1125754Z src/solver/Solver.cc:4003:27: warning: comparison of integer expressions of different signedness: ‘int’ and ‘unsigned int’ [-Wsign-compare]
compare	Build baseline and candidate	2026-10-07T13:50:40.1127380Z  4003 |         for (int k = 2; k < c.lastPoint(); k++) {
compare	Build baseline and candidate	2026-10-07T13:50:40.1128252Z       |                         ~~^~~~~~~~~~~~~~~
compare	Build baseline and candidate	2026-10-07T13:50:40.1130348Z src/solver/Solver.cc: In member function ‘void Minisat::Solver::analyzeQuasiSoftConflict(Minisat::vec<Minisat::Lit>&, int&, int&)’:
compare	Build baseline and candidate	2026-10-07T13:50:40.1132842Z src/solver/Solver.cc:4502:26: warning: comparison of integer expressions of different signedness: ‘int’ and ‘uint64_t’ {aka ‘long unsigned int’} [-Wsign-compare]
compare	Build baseline and candidate	2026-10-07T13:50:40.1134605Z  4502 |     if (falseLits.size() > UB) {
compare	Build baseline and candidate	2026-10-07T13:50:40.1135398Z       |         ~~~~~~~~~~~~~~~~~^~~~
compare	Build baseline and candidate	2026-10-07T13:50:40.1136699Z src/solver/Solver.cc: In member function ‘bool Minisat::Solver::lookahead()’:
compare	Build baseline and candidate	2026-10-07T13:50:40.1139068Z src/solver/Solver.cc:4843:17: warning: comparison of integer expressions of different signedness: ‘uint64_t’ {aka ‘long unsigned int’} and ‘int’ [-Wsign-compare]
compare	Build baseline and candidate	2026-10-07T13:50:40.1140776Z  4843 |   if (conflicts > prevConflicts) {
compare	Build baseline and candidate	2026-10-07T13:50:40.1141587Z       |       ~~~~~~~~~~^~~~~~~~~~~~~~~
compare	Build baseline and candidate	2026-10-07T13:50:40.1155652Z src/solver/Solver.cc: In member function ‘void Minisat::Solver::addHardClausesForSoftClauses()’:
compare	Build baseline and candidate	2026-10-07T13:50:40.1157927Z src/solver/Solver.cc:5088:70: warning: format ‘%llu’ expects argument of type ‘long long unsigned int’, but argument 5 has type ‘uint64_t’ {aka ‘long unsigned int’} [-Wformat=]
compare	Build baseline and candidate	2026-10-07T13:50:40.1160246Z  5088 |   printf("c nb soft clauses: %d, of which %d unit, %d nonUnit and %llu empty\n",
compare	Build baseline and candidate	2026-10-07T13:50:40.1161445Z       |                                                                   ~~~^
compare	Build baseline and candidate	2026-10-07T13:50:40.1162401Z       |                                                                      |
compare	Build baseline and candidate	2026-10-07T13:50:40.1163410Z       |                                                                      long long unsigned int
compare	Build baseline and candidate	2026-10-07T13:50:40.1164403Z       |                                                                   %lu
compare	Build baseline and candidate	2026-10-07T13:50:40.1165433Z  5089 |          softClauses.size(), nbUnitSoft, nbNonUnitSoft, solutionCost);
compare	Build baseline and candidate	2026-10-07T13:50:40.1166542Z       |                                                         ~~~~~~~~~~~~  
compare	Build baseline and candidate	2026-10-07T13:50:40.1167446Z       |                                                         |
compare	Build baseline and candidate	2026-10-07T13:50:40.1168413Z       |                                                         uint64_t {aka long unsigned int}
compare	Build baseline and candidate	2026-10-07T13:50:40.1182179Z src/solver/Solver.cc: In member function ‘void Minisat::Solver::printBestSolution() const’:
compare	Build baseline and candidate	2026-10-07T13:50:40.1184249Z src/solver/Solver.cc:5239:49: warning: format ‘%llu’ expects argument of type ‘long long unsigned int’, but argument 2 has type ‘long unsigned int’ [-Wformat=]
compare	Build baseline and candidate	2026-10-07T13:50:40.1186074Z  5239 |     printf("c   unsat soft clauses (search): %llu\n", bestSup);
compare	Build baseline and candidate	2026-10-07T13:50:40.1187101Z       |                                              ~~~^     ~~~~~~~
compare	Build baseline and candidate	2026-10-07T13:50:40.1187943Z       |                                                 |     |
compare	Build baseline and candidate	2026-10-07T13:50:40.1189261Z       |                                                 |     long unsigned int
compare	Build baseline and candidate	2026-10-07T13:50:40.1190625Z       |                                                 long long unsigned int
compare	Build baseline and candidate	2026-10-07T13:50:40.1191526Z       |                                              %lu
compare	Build baseline and candidate	2026-10-07T13:50:40.1193554Z src/solver/Solver.cc:5240:53: warning: format ‘%llu’ expects argument of type ‘long long unsigned int’, but argument 2 has type ‘uint64_t’ {aka ‘long unsigned int’} [-Wformat=]
compare	Build baseline and candidate	2026-10-07T13:50:40.1195785Z  5240 |     printf("c   satisfied soft clauses (maxsat): %llu\n", maxsat);
compare	Build baseline and candidate	2026-10-07T13:50:40.1196851Z       |                                                  ~~~^     ~~~~~~
compare	Build baseline and candidate	2026-10-07T13:50:40.1197751Z       |                                                     |     |
compare	Build baseline and candidate	2026-10-07T13:50:40.1199015Z       |                                                     |     uint64_t {aka long unsigned int}
compare	Build baseline and candidate	2026-10-07T13:50:40.1200106Z       |                                                     long long unsigned int
compare	Build baseline and candidate	2026-10-07T13:50:40.1200970Z       |                                                  %lu
compare	Build baseline and candidate	2026-10-07T13:50:40.1202941Z src/solver/Solver.cc:5241:39: warning: format ‘%llu’ expects argument of type ‘long long unsigned int’, but argument 2 has type ‘uint64_t’ {aka ‘long unsigned int’} [-Wformat=]
compare	Build baseline and candidate	2026-10-07T13:50:40.1204786Z  5241 |     printf("c   total weight cost: %llu\n", optimal);
compare	Build baseline and candidate	2026-10-07T13:50:40.1205739Z       |                                    ~~~^     ~~~~~~~
compare	Build baseline and candidate	2026-10-07T13:50:40.1206594Z       |                                       |     |
compare	Build baseline and candidate	2026-10-07T13:50:40.1207497Z       |                                       |     uint64_t {aka long unsigned int}
compare	Build baseline and candidate	2026-10-07T13:50:40.1208757Z       |                                       long long unsigned int
compare	Build baseline and candidate	2026-10-07T13:50:40.1209756Z       |                                    %lu
compare	Build baseline and candidate	2026-10-07T13:50:40.1211056Z src/solver/Solver.cc: In member function ‘void Minisat::Solver::checkSolution()’:
compare	Build baseline and candidate	2026-10-07T13:50:40.1213217Z src/solver/Solver.cc:5257:15: warning: comparison of integer expressions of different signedness: ‘int’ and ‘uint64_t’ {aka ‘long unsigned int’} [-Wsign-compare]
compare	Build baseline and candidate	2026-10-07T13:50:40.1215093Z  5257 |   if (nbFalse != falseLits.size()+fixedCostBySearch + relaxedCost)
compare	Build baseline and candidate	2026-10-07T13:50:40.1216168Z       |       ~~~~~~~~^~~~~~~~~~~~~~~~~~~~~~~~~~~~~~~~~~~~~~~~~~~~~~~~~~~
compare	Build baseline and candidate	2026-10-07T13:50:40.1218204Z src/solver/Solver.cc:5258:92: warning: format ‘%llu’ expects argument of type ‘long long unsigned int’, but argument 3 has type ‘uint64_t’ {aka ‘long unsigned int’} [-Wformat=]
compare	Build baseline and candidate	2026-10-07T13:50:40.1220559Z  5258 |     printf("c **** error nb of false soft clauses real nbfalse: %d, recorded falseLits: %llu****\n",
compare	Build baseline and candidate	2026-10-07T13:50:40.1221905Z       |                                                                                         ~~~^
compare	Build baseline and candidate	2026-10-07T13:50:40.1222975Z       |                                                                                            |
compare	Build baseline and candidate	2026-10-07T13:50:40.1224108Z       |                                                                                            long long unsigned int
compare	Build baseline and candidate	2026-10-07T13:50:40.1225262Z       |                                                                                         %lu
compare	Build baseline and candidate	2026-10-07T13:50:40.1226406Z  5259 |            nbFalse, falseLits.size()+fixedCostBySearch+relaxedCost);
compare	Build baseline and candidate	2026-10-07T13:50:40.1227568Z       |                     ~~~~~~~~~~~~~~~~~~~~~~~~~~~~~~~~~~~~~~~~~~~~~~                          
compare	Build baseline and candidate	2026-10-07T13:50:40.1228845Z       |                                                       |
compare	Build baseline and candidate	2026-10-07T13:50:40.1229833Z       |                                                       uint64_t {aka long unsigned int}
compare	Build baseline and candidate	2026-10-07T13:50:40.1231297Z src/solver/Solver.cc: In member function ‘void Minisat::Solver::partition()’:
compare	Build baseline and candidate	2026-10-07T13:50:40.1233236Z src/solver/Solver.cc:5379:31: warning: comparison of integer expressions of different signedness: ‘unsigned int’ and ‘int’ [-Wsign-compare]
compare	Build baseline and candidate	2026-10-07T13:50:40.1234809Z  5379 |         if (conflicted[var(q)]==iset.size()) {
compare	Build baseline and candidate	2026-10-07T13:50:40.1236564Z src/solver/Solver.cc:5389:32: warning: comparison of integer expressions of different signedness: ‘unsigned int’ and ‘int’ [-Wsign-compare]
compare	Build baseline and candidate	2026-10-07T13:50:40.1238344Z  5389 |         if (conflicted[var(q)] < iset.size())
compare	Build baseline and candidate	2026-10-07T13:50:40.1240338Z src/solver/Solver.cc:5448:50: warning: comparison of integer expressions of different signedness: ‘unsigned int’ and ‘int’ [-Wsign-compare]
compare	Build baseline and candidate	2026-10-07T13:50:40.1242199Z  5448 |         if (q != lit_Undef && conflicted[var(q)] == iset.size()) {
compare	Build baseline and candidate	2026-10-07T13:50:40.1244226Z src/solver/Solver.cc:5513:38: warning: format ‘%llu’ expects argument of type ‘long long unsigned int’, but argument 3 has type ‘uint64_t’ {aka ‘long unsigned int’} [-Wformat=]
compare	Build baseline and candidate	2026-10-07T13:50:40.1245996Z  5513 |   printf("c isets %d, derivedCost %llu\n", nbIsets, derivedCost);
compare	Build baseline and candidate	2026-10-07T13:50:40.1246941Z       |                                   ~~~^              ~~~~~~~~~~~
compare	Build baseline and candidate	2026-10-07T13:50:40.1247710Z       |                                      |              |
compare	Build baseline and candidate	2026-10-07T13:50:40.1248785Z       |                                      |              uint64_t {aka long unsigned int}
compare	Build baseline and candidate	2026-10-07T13:50:40.1249789Z       |                                      long long unsigned int
compare	Build baseline and candidate	2026-10-07T13:50:40.1250744Z       |                                   %lu
compare	Build baseline and candidate	2026-10-07T13:50:40.1270959Z src/solver/Solver.cc: In member function ‘Minisat::CRef Minisat::Solver::simplepropagateForLK()’:
compare	Build baseline and candidate	2026-10-07T13:50:40.1273057Z src/solver/Solver.cc:5660:27: warning: comparison of integer expressions of different signedness: ‘unsigned int’ and ‘int’ [-Wsign-compare]
compare	Build baseline and candidate	2026-10-07T13:50:40.1274628Z  5660 |         if (c.lastPoint() > c.size())
compare	Build baseline and candidate	2026-10-07T13:50:40.1275512Z       |             ~~~~~~~~~~~~~~^~~~~~~~~~
compare	Build baseline and candidate	2026-10-07T13:50:40.1277238Z src/solver/Solver.cc:5674:27: warning: comparison of integer expressions of different signedness: ‘int’ and ‘unsigned int’ [-Wsign-compare]
compare	Build baseline and candidate	2026-10-07T13:50:40.1279083Z  5674 |         for (int k = 2; k < c.lastPoint(); k++) {
compare	Build baseline and candidate	2026-10-07T13:50:40.1279945Z       |                         ~~^~~~~~~~~~~~~~~
compare	Build baseline and candidate	2026-10-07T13:50:40.1342747Z src/solver/Solver.cc: In member function ‘void Minisat::Solver::addCardinalityConstraints()’:
compare	Build baseline and candidate	2026-10-07T13:50:40.1345115Z src/solver/Solver.cc:6204:64: warning: format ‘%llu’ expects argument of type ‘long long unsigned int’, but argument 2 has type ‘uint64_t’ {aka ‘long unsigned int’} [-Wformat=]
compare	Build baseline and candidate	2026-10-07T13:50:40.1347103Z  6204 |       printf("\nc Cardinality: off (soft-conflict only), UB %llu\n", UB);
compare	Build baseline and candidate	2026-10-07T13:50:40.1348295Z       |                                                             ~~~^     ~~
compare	Build baseline and candidate	2026-10-07T13:50:40.1349525Z       |                                                                |     |
compare	Build baseline and candidate	2026-10-07T13:50:40.1350623Z       |                                                                |     uint64_t {aka long unsigned int}
compare	Build baseline and candidate	2026-10-07T13:50:40.1351661Z       |                                                                long long unsigned int
compare	Build baseline and candidate	2026-10-07T13:50:40.1352593Z       |                                                             %lu
compare	Build baseline and candidate	2026-10-07T13:50:40.1354541Z src/solver/Solver.cc:6234:82: warning: comparison of integer expressions of different signedness: ‘int’ and ‘uint64_t’ {aka ‘long unsigned int’} [-Wsign-compare]
compare	Build baseline and candidate	2026-10-07T13:50:40.1356577Z  6234 |   if (activeSoftLits.size() < 2 || UB - 1 - nbFalse < 1 || activeSoftLits.size() <= UB - 1 - nbFalse
compare	Build baseline and candidate	2026-10-07T13:50:40.1357982Z       |                                                            ~~~~~~~~~~~~~~~~~~~~~~^~~~~~~~~~~~~~~~~~~
compare	Build baseline and candidate	2026-10-07T13:50:40.1360362Z src/solver/Solver.cc:6253:46: warning: format ‘%llu’ expects argument of type ‘long long unsigned int’, but argument 4 has type ‘uint64_t’ {aka ‘long unsigned int’} [-Wformat=]
compare	Build baseline and candidate	2026-10-07T13:50:40.1362382Z  6253 |   printf("\nc Cardinality: %d (%s) for UB %llu\n", cardinalityC.size(), enc, UB);
compare	Build baseline and candidate	2026-10-07T13:50:40.1363579Z       |                                           ~~~^                               ~~
compare	Build baseline and candidate	2026-10-07T13:50:40.1364555Z       |                                              |                               |
compare	Build baseline and candidate	2026-10-07T13:50:40.1366155Z       |                                              long long unsigned int          uint64_t {aka long unsigned int}
compare	Build baseline and candidate	2026-10-07T13:50:40.1367263Z       |                                           %lu
compare	Build baseline and candidate	2026-10-07T13:50:40.1396632Z src/solver/Solver.cc: In member function ‘Minisat::lbool Minisat::Solver::solve_()’:
compare	Build baseline and candidate	2026-10-07T13:50:40.1399237Z src/solver/Solver.cc:6602:79: warning: format ‘%llu’ expects argument of type ‘long long unsigned int’, but argument 5 has type ‘uint64_t’ {aka ‘long unsigned int’} [-Wformat=]
compare	Build baseline and candidate	2026-10-07T13:50:40.1401614Z  6602 |     printf("c fixedCost %d, nbSatLits %d, totalFixedVars %d, objForSearch: %llu\n\n",
compare	Build baseline and candidate	2026-10-07T13:50:40.1402908Z       |                                                                            ~~~^
compare	Build baseline and candidate	2026-10-07T13:50:40.1403880Z       |                                                                               |
compare	Build baseline and candidate	2026-10-07T13:50:40.1404937Z       |                                                                               long long unsigned int
compare	Build baseline and candidate	2026-10-07T13:50:40.1405931Z       |                                                                            %lu
compare	Build baseline and candidate	2026-10-07T13:50:40.1406858Z  6603 |                 fixedCost, nbSatLits, trail.size(), objForSearch);
compare	Build baseline and candidate	2026-10-07T13:50:40.1407761Z       |                                                     ~~~~~~~~~~~~               
compare	Build baseline and candidate	2026-10-07T13:50:40.1408842Z       |                                                     |
compare	Build baseline and candidate	2026-10-07T13:50:40.1409808Z       |                                                     uint64_t {aka long unsigned int}
compare	Build baseline and candidate	2026-10-07T13:50:40.1411991Z src/solver/Solver.cc:6631:35: warning: format ‘%llu’ expects argument of type ‘long long unsigned int’, but argument 2 has type ‘uint64_t’ {aka ‘long unsigned int’} [-Wformat=]
compare	Build baseline and candidate	2026-10-07T13:50:40.1413796Z  6631 |         printf("c provided UB: %llu\n", providedUB);
compare	Build baseline and candidate	2026-10-07T13:50:40.1414726Z       |                                ~~~^     ~~~~~~~~~~
compare	Build baseline and candidate	2026-10-07T13:50:40.1415544Z       |                                   |     |
compare	Build baseline and candidate	2026-10-07T13:50:40.1416421Z       |                                   |     uint64_t {aka long unsigned int}
compare	Build baseline and candidate	2026-10-07T13:50:40.1417261Z       |                                   long long unsigned int
compare	Build baseline and candidate	2026-10-07T13:50:40.1417997Z       |                                %lu
compare	Build baseline and candidate	2026-10-07T13:50:40.1420039Z src/solver/Solver.cc:6634:54: warning: format ‘%llu’ expects argument of type ‘long long unsigned int’, but argument 2 has type ‘uint64_t’ {aka ‘long unsigned int’} [-Wformat=]
compare	Build baseline and candidate	2026-10-07T13:50:40.1422648Z  6634 |         printf("c provided UB is invalide: initUB %llu, solCost %llu, costbySearch %llu, derivedCost %llu, relaxedCost: %llu\n", initUB, solutionCost, fixedCostBySearch, derivedCost, relaxedCost);
compare	Build baseline and candidate	2026-10-07T13:50:40.1424736Z       |                                                   ~~~^                                                                           ~~~~~~
compare	Build baseline and candidate	2026-10-07T13:50:40.1426015Z       |                                                      |                                                                           |
compare	Build baseline and candidate	2026-10-07T13:50:40.1427451Z       |                                                      long long unsigned int                                                      uint64_t {aka long unsigned int}
compare	Build baseline and candidate	2026-10-07T13:50:40.1428850Z       |                                                   %lu
compare	Build baseline and candidate	2026-10-07T13:50:40.1430700Z src/solver/Solver.cc:6634:68: warning: format ‘%llu’ expects argument of type ‘long long unsigned int’, but argument 3 has type ‘uint64_t’ {aka ‘long unsigned int’} [-Wformat=]
compare	Build baseline and candidate	2026-10-07T13:50:40.1433224Z  6634 |         printf("c provided UB is invalide: initUB %llu, solCost %llu, costbySearch %llu, derivedCost %llu, relaxedCost: %llu\n", initUB, solutionCost, fixedCostBySearch, derivedCost, relaxedCost);
compare	Build baseline and candidate	2026-10-07T13:50:40.1435212Z       |                                                                 ~~~^                                                                     ~~~~~~~~~~~~
compare	Build baseline and candidate	2026-10-07T13:50:40.1436426Z       |                                                                    |                                                                     |
compare	Build baseline and candidate	2026-10-07T13:50:40.1438069Z       |                                                                    long long unsigned int                                                uint64_t {aka long unsigned int}
compare	Build baseline and candidate	2026-10-07T13:50:40.1439545Z       |                                                                 %lu
compare	Build baseline and candidate	2026-10-07T13:50:40.1441762Z src/solver/Solver.cc:6634:87: warning: format ‘%llu’ expects argument of type ‘long long unsigned int’, but argument 4 has type ‘uint64_t’ {aka ‘long unsigned int’} [-Wformat=]
compare	Build baseline and candidate	2026-10-07T13:50:40.1444461Z  6634 |         printf("c provided UB is invalide: initUB %llu, solCost %llu, costbySearch %llu, derivedCost %llu, relaxedCost: %llu\n", initUB, solutionCost, fixedCostBySearch, derivedCost, relaxedCost);
compare	Build baseline and candidate	2026-10-07T13:50:40.1446564Z       |                                                                                    ~~~^                                                                ~~~~~~~~~~~~~~~~~
compare	Build baseline and candidate	2026-10-07T13:50:40.1447942Z       |                                                                                       |                                                                |
compare	Build baseline and candidate	2026-10-07T13:50:40.1449864Z       |                                                                                       long long unsigned int                                           uint64_t {aka long unsigned int}
compare	Build baseline and candidate	2026-10-07T13:50:40.1451364Z       |                                                                                    %lu
compare	Build baseline and candidate	2026-10-07T13:50:40.1453419Z src/solver/Solver.cc:6634:105: warning: format ‘%llu’ expects argument of type ‘long long unsigned int’, but argument 5 has type ‘uint64_t’ {aka ‘long unsigned int’} [-Wformat=]
compare	Build baseline and candidate	2026-10-07T13:50:40.1455977Z  6634 |         printf("c provided UB is invalide: initUB %llu, solCost %llu, costbySearch %llu, derivedCost %llu, relaxedCost: %llu\n", initUB, solutionCost, fixedCostBySearch, derivedCost, relaxedCost);
compare	Build baseline and candidate	2026-10-07T13:50:40.1458155Z       |                                                                                                      ~~~^                                                                 ~~~~~~~~~~~
compare	Build baseline and candidate	2026-10-07T13:50:40.1460003Z       |                                                                                                         |                                                                 |
compare	Build baseline and candidate	2026-10-07T13:50:40.1461634Z       |                                                                                                         long long unsigned int                                            uint64_t {aka long unsigned int}
compare	Build baseline and candidate	2026-10-07T13:50:40.1463006Z       |                                                                                                      %lu
compare	Build baseline and candidate	2026-10-07T13:50:40.1464952Z src/solver/Solver.cc:6634:124: warning: format ‘%llu’ expects argument of type ‘long long unsigned int’, but argument 6 has type ‘uint64_t’ {aka ‘long unsigned int’} [-Wformat=]
compare	Build baseline and candidate	2026-10-07T13:50:40.1467483Z  6634 |         printf("c provided UB is invalide: initUB %llu, solCost %llu, costbySearch %llu, derivedCost %llu, relaxedCost: %llu\n", initUB, solutionCost, fixedCostBySearch, derivedCost, relaxedCost);
compare	Build baseline and candidate	2026-10-07T13:50:40.1469917Z       |                                                                                                                         ~~~^                                                           ~~~~~~~~~~~
compare	Build baseline and candidate	2026-10-07T13:50:40.1471509Z       |                                                                                                                            |                                                           |
compare	Build baseline and candidate	2026-10-07T13:50:40.1473167Z       |                                                                                                                            long long unsigned int                                      uint64_t {aka long unsigned int}
compare	Build baseline and candidate	2026-10-07T13:50:40.1474685Z       |                                                                                                                         %lu
compare	Build baseline and candidate	2026-10-07T13:50:40.1477040Z src/solver/Solver.cc:6656:58: warning: format ‘%llu’ expects argument of type ‘long long unsigned int’, but argument 2 has type ‘uint64_t’ {aka ‘long unsigned int’} [-Wformat=]
compare	Build baseline and candidate	2026-10-07T13:50:40.1479175Z  6656 |       printf("c ends of initiationization by VSIDS at %llu conflicts with init %d\n\n",
compare	Build baseline and candidate	2026-10-07T13:50:40.1480501Z       |                                                       ~~~^
compare	Build baseline and candidate	2026-10-07T13:50:40.1481329Z       |                                                          |
compare	Build baseline and candidate	2026-10-07T13:50:40.1482318Z       |                                                          long long unsigned int
compare	Build baseline and candidate	2026-10-07T13:50:40.1483316Z       |                                                       %lu
compare	Build baseline and candidate	2026-10-07T13:50:40.1484187Z  6657 |              conflicts, init);
compare	Build baseline and candidate	2026-10-07T13:50:40.1485023Z       |              ~~~~~~~~~                                    
compare	Build baseline and candidate	2026-10-07T13:50:40.1485829Z       |              |
compare	Build baseline and candidate	2026-10-07T13:50:40.1486576Z       |              uint64_t {aka long unsigned int}
compare	Build baseline and candidate	2026-10-07T13:50:40.1488859Z src/solver/Solver.cc:6686:50: warning: format ‘%llu’ expects argument of type ‘long long unsigned int’, but argument 3 has type ‘uint64_t’ {aka ‘long unsigned int’} [-Wformat=]
compare	Build baseline and candidate	2026-10-07T13:50:40.1490905Z  6686 |           printf("c VSIDS phase %d: conflicts %llu, phase %llu, starts %llu, UP %llu\n",
compare	Build baseline and candidate	2026-10-07T13:50:40.1492091Z       |                                               ~~~^
compare	Build baseline and candidate	2026-10-07T13:50:40.1492942Z       |                                                  |
compare	Build baseline and candidate	2026-10-07T13:50:40.1493821Z       |                                                  long long unsigned int
compare	Build baseline and candidate	2026-10-07T13:50:40.1494767Z       |                                               %lu
compare	Build baseline and candidate	2026-10-07T13:50:40.1495761Z  6687 |                  nbVSIDSphase, conflicts-savedConfl, phase_allotment,
compare	Build baseline and candidate	2026-10-07T13:50:40.1496794Z       |                                ~~~~~~~~~~~~~~~~~~~~
compare	Build baseline and candidate	2026-10-07T13:50:40.1497626Z       |                                         |
compare	Build baseline and candidate	2026-10-07T13:50:40.1499043Z       |                                         uint64_t {aka long unsigned int}
compare	Build baseline and candidate	2026-10-07T13:50:40.1501967Z src/solver/Solver.cc:6686:62: warning: format ‘%llu’ expects argument of type ‘long long unsigned int’, but argument 4 has type ‘uint64_t’ {aka ‘long unsigned int’} [-Wformat=]
compare	Build baseline and candidate	2026-10-07T13:50:40.1503947Z  6686 |           printf("c VSIDS phase %d: conflicts %llu, phase %llu, starts %llu, UP %llu\n",
compare	Build baseline and candidate	2026-10-07T13:50:40.1506053Z       |                                                           ~~~^
compare	Build baseline and candidate	2026-10-07T13:50:40.1507035Z       |                                                              |
compare	Build baseline and candidate	2026-10-07T13:50:40.1508023Z       |                                                              long long unsigned int
compare	Build baseline and candidate	2026-10-07T13:50:40.1509268Z       |                                                           %lu
compare	Build baseline and candidate	2026-10-07T13:50:40.1510319Z  6687 |                  nbVSIDSphase, conflicts-savedConfl, phase_allotment,
compare	Build baseline and candidate	2026-10-07T13:50:40.1511384Z       |                                                      ~~~~~~~~~~~~~~~
compare	Build baseline and candidate	2026-10-07T13:50:40.1512296Z       |                                                      |
compare	Build baseline and candidate	2026-10-07T13:50:40.1513260Z       |                                                      uint64_t {aka long unsigned int}
compare	Build baseline and candidate	2026-10-07T13:50:40.1515478Z src/solver/Solver.cc:6686:75: warning: format ‘%llu’ expects argument of type ‘long long unsigned int’, but argument 5 has type ‘uint64_t’ {aka ‘long unsigned int’} [-Wformat=]
compare	Build baseline and candidate	2026-10-07T13:50:40.1517499Z  6686 |           printf("c VSIDS phase %d: conflicts %llu, phase %llu, starts %llu, UP %llu\n",
compare	Build baseline and candidate	2026-10-07T13:50:40.1518890Z       |                                                                        ~~~^
compare	Build baseline and candidate	2026-10-07T13:50:40.1519797Z       |                                                                           |
compare	Build baseline and candidate	2026-10-07T13:50:40.1520798Z       |                                                                           long long unsigned int
compare	Build baseline and candidate	2026-10-07T13:50:40.1521849Z       |                                                                        %lu
compare	Build baseline and candidate	2026-10-07T13:50:40.1523289Z  6687 |                  nbVSIDSphase, conflicts-savedConfl, phase_allotment,
compare	Build baseline and candidate	2026-10-07T13:50:40.1524408Z  6688 |                  starts-savedRestarts, propagations-savedUP);
compare	Build baseline and candidate	2026-10-07T13:50:40.1525452Z       |                  ~~~~~~~~~~~~~~~~~~~~                                      
compare	Build baseline and candidate	2026-10-07T13:50:40.1526622Z       |                        |
compare	Build baseline and candidate	2026-10-07T13:50:40.1527423Z       |                        uint64_t {aka long unsigned int}
compare	Build baseline and candidate	2026-10-07T13:50:40.1529674Z src/solver/Solver.cc:6686:84: warning: format ‘%llu’ expects argument of type ‘long long unsigned int’, but argument 6 has type ‘uint64_t’ {aka ‘long unsigned int’} [-Wformat=]
compare	Build baseline and candidate	2026-10-07T13:50:40.1531666Z  6686 |           printf("c VSIDS phase %d: conflicts %llu, phase %llu, starts %llu, UP %llu\n",
compare	Build baseline and candidate	2026-10-07T13:50:40.1532878Z       |                                                                                 ~~~^
compare	Build baseline and candidate	2026-10-07T13:50:40.1533935Z       |                                                                                    |
compare	Build baseline and candidate	2026-10-07T13:50:40.1535026Z       |                                                                                    long long unsigned int
compare	Build baseline and candidate	2026-10-07T13:50:40.1536107Z       |                                                                                 %lu
compare	Build baseline and candidate	2026-10-07T13:50:40.1537215Z  6687 |                  nbVSIDSphase, conflicts-savedConfl, phase_allotment,
compare	Build baseline and candidate	2026-10-07T13:50:40.1538305Z  6688 |                  starts-savedRestarts, propagations-savedUP);
compare	Build baseline and candidate	2026-10-07T13:50:40.1539613Z       |                                        ~~~~~~~~~~~~~~~~~~~~                         
compare	Build baseline and candidate	2026-10-07T13:50:40.1540552Z       |                                                    |
compare	Build baseline and candidate	2026-10-07T13:50:40.1541459Z       |                                                    uint64_t {aka long unsigned int}
compare	Build baseline and candidate	2026-10-07T13:50:40.1543531Z src/solver/Solver.cc:6692:48: warning: format ‘%llu’ expects argument of type ‘long long unsigned int’, but argument 3 has type ‘uint64_t’ {aka ‘long unsigned int’} [-Wformat=]
compare	Build baseline and candidate	2026-10-07T13:50:40.1545504Z  6692 |           printf("c LRB phase %d: conflicts %llu, phase %llu, starts %llu, UP %llu\n",
compare	Build baseline and candidate	2026-10-07T13:50:40.1546598Z       |                                             ~~~^
compare	Build baseline and candidate	2026-10-07T13:50:40.1547408Z       |                                                |
compare	Build baseline and candidate	2026-10-07T13:50:40.1548290Z       |                                                long long unsigned int
compare	Build baseline and candidate	2026-10-07T13:50:40.1549384Z       |                                             %lu
compare	Build baseline and candidate	2026-10-07T13:50:40.1550340Z  6693 |                  nbLRBphase, conflicts-savedConfl, phase_allotment,
compare	Build baseline and candidate	2026-10-07T13:50:40.1551234Z       |                              ~~~~~~~~~~~~~~~~~~~~
compare	Build baseline and candidate	2026-10-07T13:50:40.1551957Z       |                                       |
compare	Build baseline and candidate	2026-10-07T13:50:40.1552723Z       |                                       uint64_t {aka long unsigned int}
compare	Build baseline and candidate	2026-10-07T13:50:40.1554644Z src/solver/Solver.cc:6692:60: warning: format ‘%llu’ expects argument of type ‘long long unsigned int’, but argument 4 has type ‘uint64_t’ {aka ‘long unsigned int’} [-Wformat=]
compare	Build baseline and candidate	2026-10-07T13:50:40.1556542Z  6692 |           printf("c LRB phase %d: conflicts %llu, phase %llu, starts %llu, UP %llu\n",
compare	Build baseline and candidate	2026-10-07T13:50:40.1557643Z       |                                                         ~~~^
compare	Build baseline and candidate	2026-10-07T13:50:40.1558784Z       |                                                            |
compare	Build baseline and candidate	2026-10-07T13:50:40.1559734Z       |                                                            long long unsigned int
compare	Build baseline and candidate	2026-10-07T13:50:40.1560687Z       |                                                         %lu
compare	Build baseline and candidate	2026-10-07T13:50:40.1561695Z  6693 |                  nbLRBphase, conflicts-savedConfl, phase_allotment,
compare	Build baseline and candidate	2026-10-07T13:50:40.1562702Z       |                                                    ~~~~~~~~~~~~~~~
compare	Build baseline and candidate	2026-10-07T13:50:40.1563562Z       |                                                    |
compare	Build baseline and candidate	2026-10-07T13:50:40.1564451Z       |                                                    uint64_t {aka long unsigned int}
compare	Build baseline and candidate	2026-10-07T13:50:40.1566873Z src/solver/Solver.cc:6692:73: warning: format ‘%llu’ expects argument of type ‘long long unsigned int’, but argument 5 has type ‘uint64_t’ {aka ‘long unsigned int’} [-Wformat=]
compare	Build baseline and candidate	2026-10-07T13:50:40.1569088Z  6692 |           printf("c LRB phase %d: conflicts %llu, phase %llu, starts %llu, UP %llu\n",
compare	Build baseline and candidate	2026-10-07T13:50:40.1570538Z       |                                                                      ~~~^
compare	Build baseline and candidate	2026-10-07T13:50:40.1571558Z       |                                                                         |
compare	Build baseline and candidate	2026-10-07T13:50:40.1572602Z       |                                                                         long long unsigned int
compare	Build baseline and candidate	2026-10-07T13:50:40.1573636Z       |                                                                      %lu
compare	Build baseline and candidate	2026-10-07T13:50:40.1574684Z  6693 |                  nbLRBphase, conflicts-savedConfl, phase_allotment,
compare	Build baseline and candidate	2026-10-07T13:50:40.1575776Z  6694 |                  starts-savedRestarts, propagations-savedUP);
compare	Build baseline and candidate	2026-10-07T13:50:40.1576824Z       |                  ~~~~~~~~~~~~~~~~~~~~                                    
compare	Build baseline and candidate	2026-10-07T13:50:40.1577722Z       |                        |
compare	Build baseline and candidate	2026-10-07T13:50:40.1578492Z       |                        uint64_t {aka long unsigned int}
compare	Build baseline and candidate	2026-10-07T13:50:40.1580776Z src/solver/Solver.cc:6692:82: warning: format ‘%llu’ expects argument of type ‘long long unsigned int’, but argument 6 has type ‘uint64_t’ {aka ‘long unsigned int’} [-Wformat=]
compare	Build baseline and candidate	2026-10-07T13:50:40.1582940Z  6692 |           printf("c LRB phase %d: conflicts %llu, phase %llu, starts %llu, UP %llu\n",
compare	Build baseline and candidate	2026-10-07T13:50:40.1584186Z       |                                                                               ~~~^
compare	Build baseline and candidate	2026-10-07T13:50:40.1585182Z       |                                                                                  |
compare	Build baseline and candidate	2026-10-07T13:50:40.1586269Z       |                                                                                  long long unsigned int
compare	Build baseline and candidate	2026-10-07T13:50:40.1587361Z       |                                                                               %lu
compare	Build baseline and candidate	2026-10-07T13:50:40.1588433Z  6693 |                  nbLRBphase, conflicts-savedConfl, phase_allotment,
compare	Build baseline and candidate	2026-10-07T13:50:40.1589799Z  6694 |                  starts-savedRestarts, propagations-savedUP);
compare	Build baseline and candidate	2026-10-07T13:50:40.1590803Z       |                                        ~~~~~~~~~~~~~~~~~~~~                       
compare	Build baseline and candidate	2026-10-07T13:50:40.1591755Z       |                                                    |
compare	Build baseline and candidate	2026-10-07T13:50:40.1592669Z       |                                                    uint64_t {aka long unsigned int}
compare	Build baseline and candidate	2026-10-07T13:50:40.1594701Z src/solver/Solver.cc:6739:25: warning: format ‘%llu’ expects argument of type ‘long long unsigned int’, but argument 2 has type ‘uint64_t’ {aka ‘long unsigned int’} [-Wformat=]
compare	Build baseline and candidate	2026-10-07T13:50:40.1596843Z  6739 |         printf("c UB=%llu fails, cnfls=%llu, hcnfls=%llu, core %d, tier2 %d, local %d, quasiC: %llu (fixed: %llu)\n",
compare	Build baseline and candidate	2026-10-07T13:50:40.1598109Z       |                      ~~~^
compare	Build baseline and candidate	2026-10-07T13:50:40.1599065Z       |                         |
compare	Build baseline and candidate	2026-10-07T13:50:40.1599808Z       |                         long long unsigned int
compare	Build baseline and candidate	2026-10-07T13:50:40.1600619Z       |                      %lu
compare	Build baseline and candidate	2026-10-07T13:50:40.1602092Z  6740 |                UB, conflicts, conflicts-softConflicts, learnts_core.size(), learnts_tier2.size(), learnts_local.size(), quasiSoftConflicts, fixedByQuasiConfl);
compare	Build baseline and candidate	2026-10-07T13:50:40.1603706Z       |                ~~        
compare	Build baseline and candidate	2026-10-07T13:50:40.1604396Z       |                |
compare	Build baseline and candidate	2026-10-07T13:50:40.1605094Z       |                uint64_t {aka long unsigned int}
compare	Build baseline and candidate	2026-10-07T13:50:40.1607028Z src/solver/Solver.cc:6739:43: warning: format ‘%llu’ expects argument of type ‘long long unsigned int’, but argument 3 has type ‘uint64_t’ {aka ‘long unsigned int’} [-Wformat=]
compare	Build baseline and candidate	2026-10-07T13:50:40.1609398Z  6739 |         printf("c UB=%llu fails, cnfls=%llu, hcnfls=%llu, core %d, tier2 %d, local %d, quasiC: %llu (fixed: %llu)\n",
compare	Build baseline and candidate	2026-10-07T13:50:40.1610966Z       |                                        ~~~^
compare	Build baseline and candidate	2026-10-07T13:50:40.1611786Z       |                                           |
compare	Build baseline and candidate	2026-10-07T13:50:40.1612644Z       |                                           long long unsigned int
compare	Build baseline and candidate	2026-10-07T13:50:40.1613508Z       |                                        %lu
compare	Build baseline and candidate	2026-10-07T13:50:40.1615065Z  6740 |                UB, conflicts, conflicts-softConflicts, learnts_core.size(), learnts_tier2.size(), learnts_local.size(), quasiSoftConflicts, fixedByQuasiConfl);
compare	Build baseline and candidate	2026-10-07T13:50:40.1616942Z       |                    ~~~~~~~~~               
compare	Build baseline and candidate	2026-10-07T13:50:40.1617706Z       |                    |
compare	Build baseline and candidate	2026-10-07T13:50:40.1618488Z       |                    uint64_t {aka long unsigned int}
compare	Build baseline and candidate	2026-10-07T13:50:40.1620755Z src/solver/Solver.cc:6739:56: warning: format ‘%llu’ expects argument of type ‘long long unsigned int’, but argument 4 has type ‘uint64_t’ {aka ‘long unsigned int’} [-Wformat=]
compare	Build baseline and candidate	2026-10-07T13:50:40.1622898Z  6739 |         printf("c UB=%llu fails, cnfls=%llu, hcnfls=%llu, core %d, tier2 %d, local %d, quasiC: %llu (fixed: %llu)\n",
compare	Build baseline and candidate	2026-10-07T13:50:40.1624225Z       |                                                     ~~~^
compare	Build baseline and candidate	2026-10-07T13:50:40.1625113Z       |                                                        |
compare	Build baseline and candidate	2026-10-07T13:50:40.1625995Z       |                                                        long long unsigned int
compare	Build baseline and candidate	2026-10-07T13:50:40.1626952Z       |                                                     %lu
compare	Build baseline and candidate	2026-10-07T13:50:40.1628813Z  6740 |                UB, conflicts, conflicts-softConflicts, learnts_core.size(), learnts_tier2.size(), learnts_local.size(), quasiSoftConflicts, fixedByQuasiConfl);
compare	Build baseline and candidate	2026-10-07T13:50:40.1630478Z       |                               ~~~~~~~~~~~~~~~~~~~~~~~   
compare	Build baseline and candidate	2026-10-07T13:50:40.1631421Z       |                                        |
compare	Build baseline and candidate	2026-10-07T13:50:40.1632303Z       |                                        uint64_t {aka long unsigned int}
compare	Build baseline and candidate	2026-10-07T13:50:40.1634350Z src/solver/Solver.cc:6739:99: warning: format ‘%llu’ expects argument of type ‘long long unsigned int’, but argument 8 has type ‘uint64_t’ {aka ‘long unsigned int’} [-Wformat=]
compare	Build baseline and candidate	2026-10-07T13:50:40.1636487Z  6739 |         printf("c UB=%llu fails, cnfls=%llu, hcnfls=%llu, core %d, tier2 %d, local %d, quasiC: %llu (fixed: %llu)\n",
compare	Build baseline and candidate	2026-10-07T13:50:40.1637900Z       |                                                                                                ~~~^
compare	Build baseline and candidate	2026-10-07T13:50:40.1639289Z       |                                                                                                   |
compare	Build baseline and candidate	2026-10-07T13:50:40.1640467Z       |                                                                                                   long long unsigned int
compare	Build baseline and candidate	2026-10-07T13:50:40.1641623Z       |                                                                                                %lu
compare	Build baseline and candidate	2026-10-07T13:50:40.1643295Z  6740 |                UB, conflicts, conflicts-softConflicts, learnts_core.size(), learnts_tier2.size(), learnts_local.size(), quasiSoftConflicts, fixedByQuasiConfl);
compare	Build baseline and candidate	2026-10-07T13:50:40.1645173Z       |                                                                                                                         ~~~~~~~~~~~~~~~~~~
compare	Build baseline and candidate	2026-10-07T13:50:40.1646469Z       |                                                                                                                         |
compare	Build baseline and candidate	2026-10-07T13:50:40.1647821Z       |                                                                                                                         uint64_t {aka long unsigned int}
compare	Build baseline and candidate	2026-10-07T13:50:40.1650435Z src/solver/Solver.cc:6739:112: warning: format ‘%llu’ expects argument of type ‘long long unsigned int’, but argument 9 has type ‘uint64_t’ {aka ‘long unsigned int’} [-Wformat=]
compare	Build baseline and candidate	2026-10-07T13:50:40.1652626Z  6739 |         printf("c UB=%llu fails, cnfls=%llu, hcnfls=%llu, core %d, tier2 %d, local %d, quasiC: %llu (fixed: %llu)\n",
compare	Build baseline and candidate	2026-10-07T13:50:40.1654080Z       |                                                                                                             ~~~^
compare	Build baseline and candidate	2026-10-07T13:50:40.1655490Z       |                                                                                                                |
compare	Build baseline and candidate	2026-10-07T13:50:40.1656710Z       |                                                                                                                long long unsigned int
compare	Build baseline and candidate	2026-10-07T13:50:40.1658237Z       |                                                                                                             %lu
compare	Build baseline and candidate	2026-10-07T13:50:40.1660200Z  6740 |                UB, conflicts, conflicts-softConflicts, learnts_core.size(), learnts_tier2.size(), learnts_local.size(), quasiSoftConflicts, fixedByQuasiConfl);
compare	Build baseline and candidate	2026-10-07T13:50:40.1662081Z       |                                                                                                                                             ~~~~~~~~~~~~~~~~~
compare	Build baseline and candidate	2026-10-07T13:50:40.1663445Z       |                                                                                                                                             |
compare	Build baseline and candidate	2026-10-07T13:50:40.1664852Z       |                                                                                                                                             uint64_t {aka long unsigned int}
compare	Build baseline and candidate	2026-10-07T13:50:40.1667157Z src/solver/Solver.cc:6741:72: warning: format ‘%llu’ expects argument of type ‘long long unsigned int’, but argument 5 has type ‘uint64_t’ {aka ‘long unsigned int’} [-Wformat=]
compare	Build baseline and candidate	2026-10-07T13:50:40.1670084Z  6741 |         printf("c prunedLB %4.2f, dev %4.2f, succRate %4.2f, nbSucc %llu, nbHardens %d (fixed %llu), lk: %llu, shorten: %llu, pureSo %d, nbFlyRd %d, nbFixedLH %llu\n",
compare	Build baseline and candidate	2026-10-07T13:50:40.1671699Z       |                                                                     ~~~^
compare	Build baseline and candidate	2026-10-07T13:50:40.1672651Z       |                                                                        |
compare	Build baseline and candidate	2026-10-07T13:50:40.1673662Z       |                                                                        long long unsigned int
compare	Build baseline and candidate	2026-10-07T13:50:40.1674911Z       |                                                                     %lu
compare	Build baseline and candidate	2026-10-07T13:50:40.1675861Z  6742 |                meanLB, dev, succRate,
compare	Build baseline and candidate	2026-10-07T13:50:40.1677453Z  6743 |                nbLKsuccess-savednbLKsuccess, nbHardens, fixedByHardens, LOOKAHEAD-savedLOOKAHEAD, nbSavedLits, pureSoftConfl, nbFlyReduced, nbFixedByLH);
compare	Build baseline and candidate	2026-10-07T13:50:40.1679566Z       |                ~~~~~~~~~~~~~~~~~~~~~~~~~~~~                             
compare	Build baseline and candidate	2026-10-07T13:50:40.1680452Z       |                           |
compare	Build baseline and candidate	2026-10-07T13:50:40.1681257Z       |                           uint64_t {aka long unsigned int}
compare	Build baseline and candidate	2026-10-07T13:50:40.1683345Z src/solver/Solver.cc:6741:98: warning: format ‘%llu’ expects argument of type ‘long long unsigned int’, but argument 7 has type ‘uint64_t’ {aka ‘long unsigned int’} [-Wformat=]
compare	Build baseline and candidate	2026-10-07T13:50:40.1685781Z  6741 |         printf("c prunedLB %4.2f, dev %4.2f, succRate %4.2f, nbSucc %llu, nbHardens %d (fixed %llu), lk: %llu, shorten: %llu, pureSo %d, nbFlyRd %d, nbFixedLH %llu\n",
compare	Build baseline and candidate	2026-10-07T13:50:40.1687487Z       |                                                                                               ~~~^
compare	Build baseline and candidate	2026-10-07T13:50:40.1688837Z       |                                                                                                  |
compare	Build baseline and candidate	2026-10-07T13:50:40.1690049Z       |                                                                                                  long long unsigned int
compare	Build baseline and candidate	2026-10-07T13:50:40.1691268Z       |                                                                                               %lu
compare	Build baseline and candidate	2026-10-07T13:50:40.1692271Z  6742 |                meanLB, dev, succRate,
compare	Build baseline and candidate	2026-10-07T13:50:40.1693842Z  6743 |                nbLKsuccess-savednbLKsuccess, nbHardens, fixedByHardens, LOOKAHEAD-savedLOOKAHEAD, nbSavedLits, pureSoftConfl, nbFlyReduced, nbFixedByLH);
compare	Build baseline and candidate	2026-10-07T13:50:40.1695580Z       |                                                         ~~~~~~~~~~~~~~                            
compare	Build baseline and candidate	2026-10-07T13:50:40.1696835Z       |                                                         |
compare	Build baseline and candidate	2026-10-07T13:50:40.1697768Z       |                                                         uint64_t {aka long unsigned int}
compare	Build baseline and candidate	2026-10-07T13:50:40.1700115Z src/solver/Solver.cc:6741:109: warning: format ‘%llu’ expects argument of type ‘long long unsigned int’, but argument 8 has type ‘uint64_t’ {aka ‘long unsigned int’} [-Wformat=]
compare	Build baseline and candidate	2026-10-07T13:50:40.1702801Z  6741 |         printf("c prunedLB %4.2f, dev %4.2f, succRate %4.2f, nbSucc %llu, nbHardens %d (fixed %llu), lk: %llu, shorten: %llu, pureSo %d, nbFlyRd %d, nbFixedLH %llu\n",
compare	Build baseline and candidate	2026-10-07T13:50:40.1704535Z       |                                                                                                          ~~~^
compare	Build baseline and candidate	2026-10-07T13:50:40.1705700Z       |                                                                                                             |
compare	Build baseline and candidate	2026-10-07T13:50:40.1706931Z       |                                                                                                             long long unsigned int
compare	Build baseline and candidate	2026-10-07T13:50:40.1708194Z       |                                                                                                          %lu
compare	Build baseline and candidate	2026-10-07T13:50:40.1709491Z  6742 |                meanLB, dev, succRate,
compare	Build baseline and candidate	2026-10-07T13:50:40.1724119Z  6743 |                nbLKsuccess-savednbLKsuccess, nbHardens, fixedByHardens, LOOKAHEAD-savedLOOKAHEAD, nbSavedLits, pureSoftConfl, nbFlyReduced, nbFixedByLH);
compare	Build baseline and candidate	2026-10-07T13:50:40.1725958Z       |                                                                         ~~~~~~~~~~~~~~~~~~~~~~~~             
compare	Build baseline and candidate	2026-10-07T13:50:40.1727058Z       |                                                                                  |
compare	Build baseline and candidate	2026-10-07T13:50:40.1728163Z       |                                                                                  uint64_t {aka long unsigned int}
compare	Build baseline and candidate	2026-10-07T13:50:40.1730636Z src/solver/Solver.cc:6741:124: warning: format ‘%llu’ expects argument of type ‘long long unsigned int’, but argument 9 has type ‘uint64_t’ {aka ‘long unsigned int’} [-Wformat=]
compare	Build baseline and candidate	2026-10-07T13:50:40.1733122Z  6741 |         printf("c prunedLB %4.2f, dev %4.2f, succRate %4.2f, nbSucc %llu, nbHardens %d (fixed %llu), lk: %llu, shorten: %llu, pureSo %d, nbFlyRd %d, nbFixedLH %llu\n",
compare	Build baseline and candidate	2026-10-07T13:50:40.1734894Z       |                                                                                                                         ~~~^
compare	Build baseline and candidate	2026-10-07T13:50:40.1736216Z       |                                                                                                                            |
compare	Build baseline and candidate	2026-10-07T13:50:40.1737567Z       |                                                                                                                            long long unsigned int
compare	Build baseline and candidate	2026-10-07T13:50:40.1739144Z       |                                                                                                                         %lu
compare	Build baseline and candidate	2026-10-07T13:50:40.1740244Z  6742 |                meanLB, dev, succRate,
compare	Build baseline and candidate	2026-10-07T13:50:40.1741871Z  6743 |                nbLKsuccess-savednbLKsuccess, nbHardens, fixedByHardens, LOOKAHEAD-savedLOOKAHEAD, nbSavedLits, pureSoftConfl, nbFlyReduced, nbFixedByLH);
compare	Build baseline and candidate	2026-10-07T13:50:40.1743737Z       |                                                                                                   ~~~~~~~~~~~               
compare	Build baseline and candidate	2026-10-07T13:50:40.1744951Z       |                                                                                                   |
compare	Build baseline and candidate	2026-10-07T13:50:40.1746255Z       |                                                                                                   uint64_t {aka long unsigned int}
compare	Build baseline and candidate	2026-10-07T13:50:40.1748769Z src/solver/Solver.cc:6741:163: warning: format ‘%llu’ expects argument of type ‘long long unsigned int’, but argument 12 has type ‘uint64_t’ {aka ‘long unsigned int’} [-Wformat=]
compare	Build baseline and candidate	2026-10-07T13:50:40.1751319Z  6741 |         printf("c prunedLB %4.2f, dev %4.2f, succRate %4.2f, nbSucc %llu, nbHardens %d (fixed %llu), lk: %llu, shorten: %llu, pureSo %d, nbFlyRd %d, nbFixedLH %llu\n",
compare	Build baseline and candidate	2026-10-07T13:50:40.1753501Z       |                                                                                                                                                                ~~~^
compare	Build baseline and candidate	2026-10-07T13:50:40.1754980Z       |                                                                                                                                                                   |
compare	Build baseline and candidate	2026-10-07T13:50:40.1756785Z       |                                                                                                                                                                   long long unsigned int
compare	Build baseline and candidate	2026-10-07T13:50:40.1758332Z       |                                                                                                                                                                %lu
compare	Build baseline and candidate	2026-10-07T13:50:40.1759805Z  6742 |                meanLB, dev, succRate,
compare	Build baseline and candidate	2026-10-07T13:50:40.1761433Z  6743 |                nbLKsuccess-savednbLKsuccess, nbHardens, fixedByHardens, LOOKAHEAD-savedLOOKAHEAD, nbSavedLits, pureSoftConfl, nbFlyReduced, nbFixedByLH);
compare	Build baseline and candidate	2026-10-07T13:50:40.1763410Z       |                                                                                                                                             ~~~~~~~~~~~            
compare	Build baseline and candidate	2026-10-07T13:50:40.1764838Z       |                                                                                                                                             |
compare	Build baseline and candidate	2026-10-07T13:50:40.1766305Z       |                                                                                                                                             uint64_t {aka long unsigned int}
compare	Build baseline and candidate	2026-10-07T13:50:40.1768914Z src/solver/Solver.cc:6769:25: warning: format ‘%llu’ expects argument of type ‘long long unsigned int’, but argument 2 has type ‘uint64_t’ {aka ‘long unsigned int’} [-Wformat=]
compare	Build baseline and candidate	2026-10-07T13:50:40.1771617Z  6769 |         printf("c UB=%llu succ, confls=%llu and hconfls=%llu with %d soft clauses unsat (%d at level 0) and %d fixed vars at level 0,  prunedLB %4.2f, dev %4.2f, succRate %4.2f, nbSucc %llu, shortened : %llu\n",
compare	Build baseline and candidate	2026-10-07T13:50:40.1773347Z       |                      ~~~^
compare	Build baseline and candidate	2026-10-07T13:50:40.1774057Z       |                         |
compare	Build baseline and candidate	2026-10-07T13:50:40.1774804Z       |                         long long unsigned int
compare	Build baseline and candidate	2026-10-07T13:50:40.1775608Z       |                      %lu
compare	Build baseline and candidate	2026-10-07T13:50:40.1776616Z  6770 |                UB, conflicts, conflicts-softConflicts, falseLits.size(), nbFalses, nbFixeds,
compare	Build baseline and candidate	2026-10-07T13:50:40.1777671Z       |                ~~        
compare	Build baseline and candidate	2026-10-07T13:50:40.1778341Z       |                |
compare	Build baseline and candidate	2026-10-07T13:50:40.1779351Z       |                uint64_t {aka long unsigned int}
compare	Build baseline and candidate	2026-10-07T13:50:40.1781327Z src/solver/Solver.cc:6769:43: warning: format ‘%llu’ expects argument of type ‘long long unsigned int’, but argument 3 has type ‘uint64_t’ {aka ‘long unsigned int’} [-Wformat=]
compare	Build baseline and candidate	2026-10-07T13:50:40.1784027Z  6769 |         printf("c UB=%llu succ, confls=%llu and hconfls=%llu with %d soft clauses unsat (%d at level 0) and %d fixed vars at level 0,  prunedLB %4.2f, dev %4.2f, succRate %4.2f, nbSucc %llu, shortened : %llu\n",
compare	Build baseline and candidate	2026-10-07T13:50:40.1785942Z       |                                        ~~~^
compare	Build baseline and candidate	2026-10-07T13:50:40.1786732Z       |                                           |
compare	Build baseline and candidate	2026-10-07T13:50:40.1787614Z       |                                           long long unsigned int
compare	Build baseline and candidate	2026-10-07T13:50:40.1788987Z       |                                        %lu
compare	Build baseline and candidate	2026-10-07T13:50:40.1790214Z  6770 |                UB, conflicts, conflicts-softConflicts, falseLits.size(), nbFalses, nbFixeds,
compare	Build baseline and candidate	2026-10-07T13:50:40.1791362Z       |                    ~~~~~~~~~               
compare	Build baseline and candidate	2026-10-07T13:50:40.1792397Z       |                    |
compare	Build baseline and candidate	2026-10-07T13:50:40.1793093Z       |                    uint64_t {aka long unsigned int}
compare	Build baseline and candidate	2026-10-07T13:50:40.1795050Z src/solver/Solver.cc:6769:60: warning: format ‘%llu’ expects argument of type ‘long long unsigned int’, but argument 4 has type ‘uint64_t’ {aka ‘long unsigned int’} [-Wformat=]
compare	Build baseline and candidate	2026-10-07T13:50:40.1798034Z  6769 |         printf("c UB=%llu succ, confls=%llu and hconfls=%llu with %d soft clauses unsat (%d at level 0) and %d fixed vars at level 0,  prunedLB %4.2f, dev %4.2f, succRate %4.2f, nbSucc %llu, shortened : %llu\n",
compare	Build baseline and candidate	2026-10-07T13:50:40.1800208Z       |                                                         ~~~^
compare	Build baseline and candidate	2026-10-07T13:50:40.1801447Z       |                                                            |
compare	Build baseline and candidate	2026-10-07T13:50:40.1802345Z       |                                                            long long unsigned int
compare	Build baseline and candidate	2026-10-07T13:50:40.1803326Z       |                                                         %lu
compare	Build baseline and candidate	2026-10-07T13:50:40.1804462Z  6770 |                UB, conflicts, conflicts-softConflicts, falseLits.size(), nbFalses, nbFixeds,
compare	Build baseline and candidate	2026-10-07T13:50:40.1805619Z       |                               ~~~~~~~~~~~~~~~~~~~~~~~       
compare	Build baseline and candidate	2026-10-07T13:50:40.1806483Z       |                                        |
compare	Build baseline and candidate	2026-10-07T13:50:40.1807347Z       |                                        uint64_t {aka long unsigned int}
compare	Build baseline and candidate	2026-10-07T13:50:40.1809676Z src/solver/Solver.cc:6769:189: warning: format ‘%llu’ expects argument of type ‘long long unsigned int’, but argument 11 has type ‘uint64_t’ {aka ‘long unsigned int’} [-Wformat=]
compare	Build baseline and candidate	2026-10-07T13:50:40.1812333Z  6769 |         printf("c UB=%llu succ, confls=%llu and hconfls=%llu with %d soft clauses unsat (%d at level 0) and %d fixed vars at level 0,  prunedLB %4.2f, dev %4.2f, succRate %4.2f, nbSucc %llu, shortened : %llu\n",
compare	Build baseline and candidate	2026-10-07T13:50:40.1814574Z       |                                                                                                                                                                                          ~~~^
compare	Build baseline and candidate	2026-10-07T13:50:40.1816202Z       |                                                                                                                                                                                             |
compare	Build baseline and candidate	2026-10-07T13:50:40.1817894Z       |                                                                                                                                                                                             long long unsigned int
compare	Build baseline and candidate	2026-10-07T13:50:40.1819831Z       |                                                                                                                                                                                          %lu
compare	Build baseline and candidate	2026-10-07T13:50:40.1821216Z  6770 |                UB, conflicts, conflicts-softConflicts, falseLits.size(), nbFalses, nbFixeds,
compare	Build baseline and candidate	2026-10-07T13:50:40.1822201Z  6771 |                meanLB, dev, succRate, nbLKsuccess, nbSavedLits);
compare	Build baseline and candidate	2026-10-07T13:50:40.1823248Z       |                                       ~~~~~~~~~~~                                                                                                                                            
compare	Build baseline and candidate	2026-10-07T13:50:40.1824196Z       |                                       |
compare	Build baseline and candidate	2026-10-07T13:50:40.1824809Z       |                                       uint64_t {aka long unsigned int}
compare	Build baseline and candidate	2026-10-07T13:50:40.1826577Z src/solver/Solver.cc:6769:207: warning: format ‘%llu’ expects argument of type ‘long long unsigned int’, but argument 12 has type ‘uint64_t’ {aka ‘long unsigned int’} [-Wformat=]
compare	Build baseline and candidate	2026-10-07T13:50:40.1829711Z  6769 |         printf("c UB=%llu succ, confls=%llu and hconfls=%llu with %d soft clauses unsat (%d at level 0) and %d fixed vars at level 0,  prunedLB %4.2f, dev %4.2f, succRate %4.2f, nbSucc %llu, shortened : %llu\n",
compare	Build baseline and candidate	2026-10-07T13:50:40.1831699Z       |                                                                                                                                                                                                            ~~~^
compare	Build baseline and candidate	2026-10-07T13:50:40.1833097Z       |                                                                                                                                                                                                               |
compare	Build baseline and candidate	2026-10-07T13:50:40.1834841Z       |                                                                                                                                                                                                               long long unsigned int
compare	Build baseline and candidate	2026-10-07T13:50:40.1836357Z       |                                                                                                                                                                                                            %lu
compare	Build baseline and candidate	2026-10-07T13:50:40.1837847Z  6770 |                UB, conflicts, conflicts-softConflicts, falseLits.size(), nbFalses, nbFixeds,
compare	Build baseline and candidate	2026-10-07T13:50:40.1839093Z  6771 |                meanLB, dev, succRate, nbLKsuccess, nbSavedLits);
compare	Build baseline and candidate	2026-10-07T13:50:40.1840200Z       |                                                    ~~~~~~~~~~~                                                                                                                                                 
compare	Build baseline and candidate	2026-10-07T13:50:40.1841241Z       |                                                    |
compare	Build baseline and candidate	2026-10-07T13:50:40.1841895Z       |                                                    uint64_t {aka long unsigned int}
compare	Build baseline and candidate	2026-10-07T13:50:40.1843618Z src/solver/Solver.cc:6798:17: warning: comparison of integer expressions of different signedness: ‘uint64_t’ {aka ‘long unsigned int’} and ‘int’ [-Wsign-compare]
compare	Build baseline and candidate	2026-10-07T13:50:40.1844972Z  6798 |         if (inf > falseLits.size())
compare	Build baseline and candidate	2026-10-07T13:50:40.1845489Z       |             ~~~~^~~~~~~~~~~~~~~~~~
compare	Build baseline and candidate	2026-10-07T13:50:40.1847051Z src/solver/Solver.cc:6806:34: warning: format ‘%llu’ expects argument of type ‘long long unsigned int’, but argument 2 has type ‘uint64_t’ {aka ‘long unsigned int’} [-Wformat=]
compare	Build baseline and candidate	2026-10-07T13:50:40.1848839Z  6806 |       else printf("c error UB %llu, inf %llu, sup %llu\n", UB, inf, sup);
compare	Build baseline and candidate	2026-10-07T13:50:40.1849594Z       |                               ~~~^                         ~~
compare	Build baseline and candidate	2026-10-07T13:50:40.1850171Z       |                                  |                         |
compare	Build baseline and candidate	2026-10-07T13:50:40.1850897Z       |                                  long long unsigned int    uint64_t {aka long unsigned int}
compare	Build baseline and candidate	2026-10-07T13:50:40.1851547Z       |                               %lu
compare	Build baseline and candidate	2026-10-07T13:50:40.1852952Z src/solver/Solver.cc:6806:44: warning: format ‘%llu’ expects argument of type ‘long long unsigned int’, but argument 3 has type ‘uint64_t’ {aka ‘long unsigned int’} [-Wformat=]
compare	Build baseline and candidate	2026-10-07T13:50:40.1854438Z  6806 |       else printf("c error UB %llu, inf %llu, sup %llu\n", UB, inf, sup);
compare	Build baseline and candidate	2026-10-07T13:50:40.1855168Z       |                                         ~~~^                   ~~~
compare	Build baseline and candidate	2026-10-07T13:50:40.1855763Z       |                                            |                   |
compare	Build baseline and candidate	2026-10-07T13:50:40.1856455Z       |                                            |                   uint64_t {aka long unsigned int}
compare	Build baseline and candidate	2026-10-07T13:50:40.1857176Z       |                                            long long unsigned int
compare	Build baseline and candidate	2026-10-07T13:50:40.1857758Z       |                                         %lu
compare	Build baseline and candidate	2026-10-07T13:50:40.1859684Z src/solver/Solver.cc:6806:54: warning: format ‘%llu’ expects argument of type ‘long long unsigned int’, but argument 4 has type ‘uint64_t’ {aka ‘long unsigned int’} [-Wformat=]
compare	Build baseline and candidate	2026-10-07T13:50:40.1861239Z  6806 |       else printf("c error UB %llu, inf %llu, sup %llu\n", UB, inf, sup);
compare	Build baseline and candidate	2026-10-07T13:50:40.1862321Z       |                                                   ~~~^              ~~~
compare	Build baseline and candidate	2026-10-07T13:50:40.1862950Z       |                                                      |              |
compare	Build baseline and candidate	2026-10-07T13:50:40.1863665Z       |                                                      |              uint64_t {aka long unsigned int}
compare	Build baseline and candidate	2026-10-07T13:50:40.1864460Z       |                                                      long long unsigned int
compare	Build baseline and candidate	2026-10-07T13:50:40.1865115Z       |                                                   %lu
compare	Build baseline and candidate	2026-10-07T13:50:40.1866777Z src/solver/Solver.cc:6828:57: warning: format ‘%llu’ expects argument of type ‘long long unsigned int’, but argument 2 has type ‘uint64_t’ {aka ‘long unsigned int’} [-Wformat=]
compare	Build baseline and candidate	2026-10-07T13:50:40.1869018Z  6828 |       printf("c no feasible solution, hardConflicts: %llu\n", conflicts - softConflicts);
compare	Build baseline and candidate	2026-10-07T13:50:40.1869952Z       |                                                      ~~~^     ~~~~~~~~~~~~~~~~~~~~~~~~~
compare	Build baseline and candidate	2026-10-07T13:50:40.1870668Z       |                                                         |               |
compare	Build baseline and candidate	2026-10-07T13:50:40.1871433Z       |                                                         |               uint64_t {aka long unsigned int}
compare	Build baseline and candidate	2026-10-07T13:50:40.1872236Z       |                                                         long long unsigned int
compare	Build baseline and candidate	2026-10-07T13:50:40.1872898Z       |                                                      %lu
compare	Build baseline and candidate	2026-10-07T13:50:40.1874561Z src/solver/Solver.cc:6831:30: warning: format ‘%llu’ expects argument of type ‘long long unsigned int’, but argument 2 has type ‘uint64_t’ {aka ‘long unsigned int’} [-Wformat=]
compare	Build baseline and candidate	2026-10-07T13:50:40.1876373Z  6831 |       printf("c initCost: %llu, fixedBySearch: %llu, optimal: %llu, maxsat: %llu, hardConflicts: %llu\n",
compare	Build baseline and candidate	2026-10-07T13:50:40.1877297Z       |                           ~~~^
compare	Build baseline and candidate	2026-10-07T13:50:40.1877747Z       |                              |
compare	Build baseline and candidate	2026-10-07T13:50:40.1878247Z       |                              long long unsigned int
compare	Build baseline and candidate	2026-10-07T13:50:40.1879088Z       |                           %lu
compare	Build baseline and candidate	2026-10-07T13:50:40.1879621Z  6832 |              solutionCost, fixedCostBySearch,
compare	Build baseline and candidate	2026-10-07T13:50:40.1880170Z       |              ~~~~~~~~~~~~     
compare	Build baseline and candidate	2026-10-07T13:50:40.1880603Z       |              |
compare	Build baseline and candidate	2026-10-07T13:50:40.1881035Z       |              uint64_t {aka long unsigned int}
compare	Build baseline and candidate	2026-10-07T13:50:40.1882662Z src/solver/Solver.cc:6831:51: warning: format ‘%llu’ expects argument of type ‘long long unsigned int’, but argument 3 has type ‘uint64_t’ {aka ‘long unsigned int’} [-Wformat=]
compare	Build baseline and candidate	2026-10-07T13:50:40.1884431Z  6831 |       printf("c initCost: %llu, fixedBySearch: %llu, optimal: %llu, maxsat: %llu, hardConflicts: %llu\n",
compare	Build baseline and candidate	2026-10-07T13:50:40.1885497Z       |                                                ~~~^
compare	Build baseline and candidate	2026-10-07T13:50:40.1886051Z       |                                                   |
compare	Build baseline and candidate	2026-10-07T13:50:40.1886650Z       |                                                   long long unsigned int
compare	Build baseline and candidate	2026-10-07T13:50:40.1887292Z       |                                                %lu
compare	Build baseline and candidate	2026-10-07T13:50:40.1887909Z  6832 |              solutionCost, fixedCostBySearch,
compare	Build baseline and candidate	2026-10-07T13:50:40.1888483Z       |                            ~~~~~~~~~~~~~~~~~       
compare	Build baseline and candidate	2026-10-07T13:50:40.1889264Z       |                            |
compare	Build baseline and candidate	2026-10-07T13:50:40.1889790Z       |                            uint64_t {aka long unsigned int}
compare	Build baseline and candidate	2026-10-07T13:50:40.1891487Z src/solver/Solver.cc:6831:66: warning: format ‘%llu’ expects argument of type ‘long long unsigned int’, but argument 4 has type ‘uint64_t’ {aka ‘long unsigned int’} [-Wformat=]
compare	Build baseline and candidate	2026-10-07T13:50:40.1893224Z  6831 |       printf("c initCost: %llu, fixedBySearch: %llu, optimal: %llu, maxsat: %llu, hardConflicts: %llu\n",
compare	Build baseline and candidate	2026-10-07T13:50:40.1894477Z       |                                                               ~~~^
compare	Build baseline and candidate	2026-10-07T13:50:40.1895122Z       |                                                                  |
compare	Build baseline and candidate	2026-10-07T13:50:40.1895814Z       |                                                                  long long unsigned int
compare	Build baseline and candidate	2026-10-07T13:50:40.1896752Z       |                                                               %lu
compare	Build baseline and candidate	2026-10-07T13:50:40.1897390Z  6832 |              solutionCost, fixedCostBySearch,
compare	Build baseline and candidate	2026-10-07T13:50:40.1897955Z  6833 |              lastOptimalCost,
compare	Build baseline and candidate	2026-10-07T13:50:40.1898498Z       |              ~~~~~~~~~~~~~~~                                      
compare	Build baseline and candidate	2026-10-07T13:50:40.1899398Z       |              |
compare	Build baseline and candidate	2026-10-07T13:50:40.1899818Z       |              uint64_t {aka long unsigned int}
compare	Build baseline and candidate	2026-10-07T13:50:40.1901479Z src/solver/Solver.cc:6831:80: warning: format ‘%llu’ expects argument of type ‘long long unsigned int’, but argument 5 has type ‘uint64_t’ {aka ‘long unsigned int’} [-Wformat=]
compare	Build baseline and candidate	2026-10-07T13:50:40.1903293Z  6831 |       printf("c initCost: %llu, fixedBySearch: %llu, optimal: %llu, maxsat: %llu, hardConflicts: %llu\n",
compare	Build baseline and candidate	2026-10-07T13:50:40.1904352Z       |                                                                             ~~~^
compare	Build baseline and candidate	2026-10-07T13:50:40.1905062Z       |                                                                                |
compare	Build baseline and candidate	2026-10-07T13:50:40.1905846Z       |                                                                                long long unsigned int
compare	Build baseline and candidate	2026-10-07T13:50:40.1906626Z       |                                                                             %lu
compare	Build baseline and candidate	2026-10-07T13:50:40.1907191Z ......
compare	Build baseline and candidate	2026-10-07T13:50:40.1907721Z  6834 |              objForSearch-sup + nbSatLits, conflicts - softConflicts);
compare	Build baseline and candidate	2026-10-07T13:50:40.1908905Z       |              ~~~~~~~~~~~~~~~~~~~~~~~~~~~~                                       
compare	Build baseline and candidate	2026-10-07T13:50:40.1909554Z       |                               |
compare	Build baseline and candidate	2026-10-07T13:50:40.1910116Z       |                               uint64_t {aka long unsigned int}
compare	Build baseline and candidate	2026-10-07T13:50:40.1911839Z src/solver/Solver.cc:6831:101: warning: format ‘%llu’ expects argument of type ‘long long unsigned int’, but argument 6 has type ‘uint64_t’ {aka ‘long unsigned int’} [-Wformat=]
compare	Build baseline and candidate	2026-10-07T13:50:40.1913631Z  6831 |       printf("c initCost: %llu, fixedBySearch: %llu, optimal: %llu, maxsat: %llu, hardConflicts: %llu\n",
compare	Build baseline and candidate	2026-10-07T13:50:40.1914914Z       |                                                                                                  ~~~^
compare	Build baseline and candidate	2026-10-07T13:50:40.1915757Z       |                                                                                                     |
compare	Build baseline and candidate	2026-10-07T13:50:40.1916637Z       |                                                                                                     long long unsigned int
compare	Build baseline and candidate	2026-10-07T13:50:40.1917524Z       |                                                                                                  %lu
compare	Build baseline and candidate	2026-10-07T13:50:40.1918175Z ......
compare	Build baseline and candidate	2026-10-07T13:50:40.1919087Z  6834 |              objForSearch-sup + nbSatLits, conflicts - softConflicts);
compare	Build baseline and candidate	2026-10-07T13:50:40.1919974Z       |                                            ~~~~~~~~~~~~~~~~~~~~~~~~~                                 
compare	Build baseline and candidate	2026-10-07T13:50:40.1920710Z       |                                                      |
compare	Build baseline and candidate	2026-10-07T13:50:40.1921395Z       |                                                      uint64_t {aka long unsigned int}
compare	Build baseline and candidate	2026-10-07T13:50:40.1923065Z src/solver/Solver.cc:6836:24: warning: format ‘%llu’ expects argument of type ‘long long unsigned int’, but argument 2 has type ‘uint64_t’ {aka ‘long unsigned int’} [-Wformat=]
compare	Build baseline and candidate	2026-10-07T13:50:40.1924897Z  6836 |     printf("c nbLK: %llu, nbSuccLK: %llu(%4.2f%%), nbLKup: %llu(%4.2f%%), hardens %u (fixed %llu), dynVars %d, shorten: %llu\n",
compare	Build baseline and candidate	2026-10-07T13:50:40.1925905Z       |                     ~~~^
compare	Build baseline and candidate	2026-10-07T13:50:40.1926325Z       |                        |
compare	Build baseline and candidate	2026-10-07T13:50:40.1927098Z       |                        long long unsigned int
compare	Build baseline and candidate	2026-10-07T13:50:40.1927626Z       |                     %lu
compare	Build baseline and candidate	2026-10-07T13:50:40.1928322Z  6837 |            LOOKAHEAD, nbLKsuccess, 100.0*nbLKsuccess/LOOKAHEAD, lk_propagations,
compare	Build baseline and candidate	2026-10-07T13:50:40.1929398Z       |            ~~~~~~~~~    
compare	Build baseline and candidate	2026-10-07T13:50:40.1929817Z       |            |
compare	Build baseline and candidate	2026-10-07T13:50:40.1930481Z       |            uint64_t {aka long unsigned int}
compare	Build baseline and candidate	2026-10-07T13:50:40.1932235Z src/solver/Solver.cc:6836:40: warning: format ‘%llu’ expects argument of type ‘long long unsigned int’, but argument 3 has type ‘uint64_t’ {aka ‘long unsigned int’} [-Wformat=]
compare	Build baseline and candidate	2026-10-07T13:50:40.1934111Z  6836 |     printf("c nbLK: %llu, nbSuccLK: %llu(%4.2f%%), nbLKup: %llu(%4.2f%%), hardens %u (fixed %llu), dynVars %d, shorten: %llu\n",
compare	Build baseline and candidate	2026-10-07T13:50:40.1935147Z       |                                     ~~~^
compare	Build baseline and candidate	2026-10-07T13:50:40.1935655Z       |                                        |
compare	Build baseline and candidate	2026-10-07T13:50:40.1936220Z       |                                        long long unsigned int
compare	Build baseline and candidate	2026-10-07T13:50:40.1936818Z       |                                     %lu
compare	Build baseline and candidate	2026-10-07T13:50:40.1937565Z  6837 |            LOOKAHEAD, nbLKsuccess, 100.0*nbLKsuccess/LOOKAHEAD, lk_propagations,
compare	Build baseline and candidate	2026-10-07T13:50:40.1938274Z       |                       ~~~~~~~~~~~       
compare	Build baseline and candidate	2026-10-07T13:50:40.1938967Z       |                       |
compare	Build baseline and candidate	2026-10-07T13:50:40.1939421Z       |                       uint64_t {aka long unsigned int}
compare	Build baseline and candidate	2026-10-07T13:50:40.1940975Z src/solver/Solver.cc:6836:63: warning: format ‘%llu’ expects argument of type ‘long long unsigned int’, but argument 5 has type ‘uint64_t’ {aka ‘long unsigned int’} [-Wformat=]
compare	Build baseline and candidate	2026-10-07T13:50:40.1942691Z  6836 |     printf("c nbLK: %llu, nbSuccLK: %llu(%4.2f%%), nbLKup: %llu(%4.2f%%), hardens %u (fixed %llu), dynVars %d, shorten: %llu\n",
compare	Build baseline and candidate	2026-10-07T13:50:40.1943737Z       |                                                            ~~~^
compare	Build baseline and candidate	2026-10-07T13:50:40.1944310Z       |                                                               |
compare	Build baseline and candidate	2026-10-07T13:50:40.1944962Z       |                                                               long long unsigned int
compare	Build baseline and candidate	2026-10-07T13:50:40.1945603Z       |                                                            %lu
compare	Build baseline and candidate	2026-10-07T13:50:40.1946347Z  6837 |            LOOKAHEAD, nbLKsuccess, 100.0*nbLKsuccess/LOOKAHEAD, lk_propagations,
compare	Build baseline and candidate	2026-10-07T13:50:40.1947157Z       |                                                                 ~~~~~~~~~~~~~~~
compare	Build baseline and candidate	2026-10-07T13:50:40.1947769Z       |                                                                 |
compare	Build baseline and candidate	2026-10-07T13:50:40.1948447Z       |                                                                 uint64_t {aka long unsigned int}
compare	Build baseline and candidate	2026-10-07T13:50:40.1950504Z src/solver/Solver.cc:6836:96: warning: format ‘%llu’ expects argument of type ‘long long unsigned int’, but argument 8 has type ‘uint64_t’ {aka ‘long unsigned int’} [-Wformat=]
compare	Build baseline and candidate	2026-10-07T13:50:40.1952295Z  6836 |     printf("c nbLK: %llu, nbSuccLK: %llu(%4.2f%%), nbLKup: %llu(%4.2f%%), hardens %u (fixed %llu), dynVars %d, shorten: %llu\n",
compare	Build baseline and candidate	2026-10-07T13:50:40.1953397Z       |                                                                                             ~~~^
compare	Build baseline and candidate	2026-10-07T13:50:40.1954137Z       |                                                                                                |
compare	Build baseline and candidate	2026-10-07T13:50:40.1954944Z       |                                                                                                long long unsigned int
compare	Build baseline and candidate	2026-10-07T13:50:40.1955779Z       |                                                                                             %lu
compare	Build baseline and candidate	2026-10-07T13:50:40.1956638Z  6837 |            LOOKAHEAD, nbLKsuccess, 100.0*nbLKsuccess/LOOKAHEAD, lk_propagations,
compare	Build baseline and candidate	2026-10-07T13:50:40.1957722Z  6838 |            100.0*lk_propagations/propagations, nbHardens, fixedByHardens, nVars()-staticNbVars, nbSavedLits);
compare	Build baseline and candidate	2026-10-07T13:50:40.1958956Z       |                                                           ~~~~~~~~~~~~~~                        
compare	Build baseline and candidate	2026-10-07T13:50:40.1959832Z       |                                                           |
compare	Build baseline and candidate	2026-10-07T13:50:40.1960478Z       |                                                           uint64_t {aka long unsigned int}
compare	Build baseline and candidate	2026-10-07T13:50:40.1962171Z src/solver/Solver.cc:6836:124: warning: format ‘%llu’ expects argument of type ‘long long unsigned int’, but argument 10 has type ‘uint64_t’ {aka ‘long unsigned int’} [-Wformat=]
compare	Build baseline and candidate	2026-10-07T13:50:40.1964146Z  6836 |     printf("c nbLK: %llu, nbSuccLK: %llu(%4.2f%%), nbLKup: %llu(%4.2f%%), hardens %u (fixed %llu), dynVars %d, shorten: %llu\n",
compare	Build baseline and candidate	2026-10-07T13:50:40.1965290Z       |                                                                                                                         ~~~^
compare	Build baseline and candidate	2026-10-07T13:50:40.1966181Z       |                                                                                                                            |
compare	Build baseline and candidate	2026-10-07T13:50:40.1967144Z       |                                                                                                                            long long unsigned int
compare	Build baseline and candidate	2026-10-07T13:50:40.1968121Z       |                                                                                                                         %lu
compare	Build baseline and candidate	2026-10-07T13:50:40.1969268Z  6837 |            LOOKAHEAD, nbLKsuccess, 100.0*nbLKsuccess/LOOKAHEAD, lk_propagations,
compare	Build baseline and candidate	2026-10-07T13:50:40.1970434Z  6838 |            100.0*lk_propagations/propagations, nbHardens, fixedByHardens, nVars()-staticNbVars, nbSavedLits);
compare	Build baseline and candidate	2026-10-07T13:50:40.1971550Z       |                                                                                                 ~~~~~~~~~~~                 
compare	Build baseline and candidate	2026-10-07T13:50:40.1972360Z       |                                                                                                 |
compare	Build baseline and candidate	2026-10-07T13:50:40.1973197Z       |                                                                                                 uint64_t {aka long unsigned int}
compare	Build baseline and candidate	2026-10-07T13:50:40.1973961Z In file included from src/solver/mtl/Sort.h:24,
compare	Build baseline and candidate	2026-10-07T13:50:40.1974512Z                  from src/solver/SimpSolver.cc:33:
compare	Build baseline and candidate	2026-10-07T13:50:40.1975768Z src/solver/mtl/Vec.h: In instantiation of ‘void Minisat::vec<T>::capacity(int) [with T = Minisat::vec<unsigned int>]’:
compare	Build baseline and candidate	2026-10-07T13:50:40.1977473Z src/solver/mtl/Vec.h:115:13:   required from ‘void Minisat::vec<T>::growTo(int) [with T = Minisat::vec<unsigned int>]’
compare	Build baseline and candidate	2026-10-07T13:50:40.1979859Z src/solver/SolverTypes.h:339:50:   required from ‘void Minisat::OccLists<Idx, Vec, Deleted>::init(const Idx&) [with Idx = int; Vec = Minisat::vec<unsigned int>; Deleted = Minisat::SimpSolver::ClauseDeleted]’
compare	Build baseline and candidate	2026-10-07T13:50:40.1981377Z src/solver/SimpSolver.cc:98:24:   required from here
compare	Build baseline and candidate	2026-10-07T13:50:40.1983262Z src/solver/mtl/Vec.h:99:54: warning: ‘void* realloc(void*, size_t)’ moving an object of non-trivially copyable type ‘class Minisat::vec<unsigned int>’; use ‘new’ and ‘delete’ instead [-Wclass-memaccess]
compare	Build baseline and candidate	2026-10-07T13:50:40.1985282Z    99 |     if (add > INT_MAX - cap || ((data = (T*)::realloc(data, (cap += add) * sizeof(T))) == NULL) && errno == ENOMEM)
compare	Build baseline and candidate	2026-10-07T13:50:40.1986392Z       |                                             ~~~~~~~~~^~~~~~~~~~~~~~~~~~~~~~~~~~~~~~~~
compare	Build baseline and candidate	2026-10-07T13:50:40.1987486Z src/solver/mtl/Vec.h:38:7: note: ‘class Minisat::vec<unsigned int>’ declared here
compare	Build baseline and candidate	2026-10-07T13:50:40.1988205Z    38 | class vec {
compare	Build baseline and candidate	2026-10-07T13:50:40.1988750Z       |       ^~~
compare	Build baseline and candidate	2026-10-07T13:50:40.2038732Z In file included from src/solver/mtl/Sort.h:24,
compare	Build baseline and candidate	2026-10-07T13:50:40.2039630Z                  from src/solver/Solver.cc:106:
compare	Build baseline and candidate	2026-10-07T13:50:40.2040977Z src/solver/mtl/Vec.h: In instantiation of ‘void Minisat::vec<T>::capacity(int) [with T = Minisat::vec<Minisat::Solver::Watcher>]’:
compare	Build baseline and candidate	2026-10-07T13:50:40.2042835Z src/solver/mtl/Vec.h:115:13:   required from ‘void Minisat::vec<T>::growTo(int) [with T = Minisat::vec<Minisat::Solver::Watcher>]’
compare	Build baseline and candidate	2026-10-07T13:50:40.2045254Z src/solver/SolverTypes.h:339:50:   required from ‘void Minisat::OccLists<Idx, Vec, Deleted>::init(const Idx&) [with Idx = Minisat::Lit; Vec = Minisat::vec<Minisat::Solver::Watcher>; Deleted = Minisat::Solver::WatcherDeleted]’
compare	Build baseline and candidate	2026-10-07T13:50:40.2047315Z src/solver/Solver.cc:1272:21:   required from here
compare	Build baseline and candidate	2026-10-07T13:50:40.2049555Z src/solver/mtl/Vec.h:99:54: warning: ‘void* realloc(void*, size_t)’ moving an object of non-trivially copyable type ‘class Minisat::vec<Minisat::Solver::Watcher>’; use ‘new’ and ‘delete’ instead [-Wclass-memaccess]
compare	Build baseline and candidate	2026-10-07T13:50:40.2051847Z    99 |     if (add > INT_MAX - cap || ((data = (T*)::realloc(data, (cap += add) * sizeof(T))) == NULL) && errno == ENOMEM)
compare	Build baseline and candidate	2026-10-07T13:50:40.2052870Z       |                                             ~~~~~~~~~^~~~~~~~~~~~~~~~~~~~~~~~~~~~~~~~
compare	Build baseline and candidate	2026-10-07T13:50:40.2054029Z src/solver/mtl/Vec.h:38:7: note: ‘class Minisat::vec<Minisat::Solver::Watcher>’ declared here
compare	Build baseline and candidate	2026-10-07T13:50:40.2054860Z    38 | class vec {
compare	Build baseline and candidate	2026-10-07T13:50:40.2055207Z       |       ^~~
compare	Build baseline and candidate	2026-10-07T13:50:40.2056259Z src/solver/mtl/Vec.h: In instantiation of ‘void Minisat::vec<T>::capacity(int) [with T = Minisat::vec<Minisat::Lit>]’:
compare	Build baseline and candidate	2026-10-07T13:50:40.2057901Z src/solver/mtl/Vec.h:115:13:   required from ‘void Minisat::vec<T>::growTo(int) [with T = Minisat::vec<Minisat::Lit>]’
compare	Build baseline and candidate	2026-10-07T13:50:40.2059952Z src/solver/Solver.h:72:50:   required from ‘void Minisat::vec2<Idx, Vec>::init(const Idx&) [with Idx = Minisat::Lit; Vec = Minisat::vec<Minisat::Lit>]’
compare	Build baseline and candidate	2026-10-07T13:50:40.2061202Z src/solver/Solver.cc:1312:22:   required from here
compare	Build baseline and candidate	2026-10-07T13:50:40.2063030Z src/solver/mtl/Vec.h:99:54: warning: ‘void* realloc(void*, size_t)’ moving an object of non-trivially copyable type ‘class Minisat::vec<Minisat::Lit>’; use ‘new’ and ‘delete’ instead [-Wclass-memaccess]
compare	Build baseline and candidate	2026-10-07T13:50:40.2064916Z    99 |     if (add > INT_MAX - cap || ((data = (T*)::realloc(data, (cap += add) * sizeof(T))) == NULL) && errno == ENOMEM)
compare	Build baseline and candidate	2026-10-07T13:50:40.2065926Z       |                                             ~~~~~~~~~^~~~~~~~~~~~~~~~~~~~~~~~~~~~~~~~
compare	Build baseline and candidate	2026-10-07T13:50:40.2066931Z src/solver/mtl/Vec.h:38:7: note: ‘class Minisat::vec<Minisat::Lit>’ declared here
compare	Build baseline and candidate	2026-10-07T13:50:40.2067692Z    38 | class vec {
compare	Build baseline and candidate	2026-10-07T13:50:40.2068021Z       |       ^~~
compare	Build baseline and candidate	2026-10-07T13:50:40.2069439Z src/solver/mtl/Vec.h: In instantiation of ‘void Minisat::vec<T>::capacity(int) [with T = Minisat::vec<int>]’:
compare	Build baseline and candidate	2026-10-07T13:50:40.2070933Z src/solver/mtl/Vec.h:115:13:   required from ‘void Minisat::vec<T>::growTo(int) [with T = Minisat::vec<int>]’
compare	Build baseline and candidate	2026-10-07T13:50:40.2072547Z src/solver/Solver.h:72:50:   required from ‘void Minisat::vec2<Idx, Vec>::init(const Idx&) [with Idx = int; Vec = Minisat::vec<int>]’
compare	Build baseline and candidate	2026-10-07T13:50:40.2073603Z src/solver/Solver.cc:4250:13:   required from here
compare	Build baseline and candidate	2026-10-07T13:50:40.2075332Z src/solver/mtl/Vec.h:99:54: warning: ‘void* realloc(void*, size_t)’ moving an object of non-trivially copyable type ‘class Minisat::vec<int>’; use ‘new’ and ‘delete’ instead [-Wclass-memaccess]
compare	Build baseline and candidate	2026-10-07T13:50:40.2077080Z    99 |     if (add > INT_MAX - cap || ((data = (T*)::realloc(data, (cap += add) * sizeof(T))) == NULL) && errno == ENOMEM)
compare	Build baseline and candidate	2026-10-07T13:50:40.2078049Z       |                                             ~~~~~~~~~^~~~~~~~~~~~~~~~~~~~~~~~~~~~~~~~
compare	Build baseline and candidate	2026-10-07T13:50:40.2079263Z src/solver/mtl/Vec.h:38:7: note: ‘class Minisat::vec<int>’ declared here
compare	Build baseline and candidate	2026-10-07T13:50:40.2079917Z    38 | class vec {
compare	Build baseline and candidate	2026-10-07T13:50:40.2080252Z       |       ^~~
compare	Build baseline and candidate	2026-10-07T13:50:40.2475879Z src/solver/Solver.cc: In member function ‘void Minisat::Solver::emitBoundsUpdate()’:
compare	Build baseline and candidate	2026-10-07T13:50:40.2477989Z src/solver/Solver.cc:5204:24: warning: ignoring return value of ‘ssize_t write(int, const void*, size_t)’ declared with attribute ‘warn_unused_result’ [-Wunused-result]
compare	Build baseline and candidate	2026-10-07T13:50:40.2479827Z  5204 |             (void)write(bounds_pipe_w, buf, (size_t)n);
compare	Build baseline and candidate	2026-10-07T13:50:40.2480510Z       |                   ~~~~~^~~~~~~~~~~~~~~~~~~~~~~~~~~~~~~
compare	Build baseline and candidate	2026-10-07T13:50:40.2482173Z src/solver/Solver.cc:5210:24: warning: ignoring return value of ‘ssize_t write(int, const void*, size_t)’ declared with attribute ‘warn_unused_result’ [-Wunused-result]
compare	Build baseline and candidate	2026-10-07T13:50:40.2484178Z  5210 |             (void)write(bounds_pipe_w, buf, (size_t)n);
compare	Build baseline and candidate	2026-10-07T13:50:40.2484836Z       |                   ~~~~~^~~~~~~~~~~~~~~~~~~~~~~~~~~~~~~
compare	Build baseline and candidate	2026-10-07T13:50:40.2486011Z src/solver/Solver.cc: In member function ‘void Minisat::Solver::emitTryUpdate(uint64_t)’:
compare	Build baseline and candidate	2026-10-07T13:50:40.2487985Z src/solver/Solver.cc:5220:20: warning: ignoring return value of ‘ssize_t write(int, const void*, size_t)’ declared with attribute ‘warn_unused_result’ [-Wunused-result]
compare	Build baseline and candidate	2026-10-07T13:50:40.2490095Z  5220 |         (void)write(bounds_pipe_w, buf, (size_t)n);
compare	Build baseline and candidate	2026-10-07T13:50:40.2490766Z       |               ~~~~~^~~~~~~~~~~~~~~~~~~~~~~~~~~~~~~
compare	Build baseline and candidate	2026-10-07T13:50:41.0314169Z g++ -Isrc/solver -Wall -Wno-parentheses -O3 -g -D __STDC_LIMIT_MACROS -D __STDC_FORMAT_MACROS -DNDEBUG -flto=1 -o bin/distqldpc src/core/distqldpc.cc build/SimpSolver.o build/Solver.o build/Options.o build/System.o -lz
compare	Build baseline and candidate	2026-10-07T13:50:41.0316934Z g++ -Isrc/solver -Wall -Wno-parentheses -O3 -g -D __STDC_LIMIT_MACROS -D __STDC_FORMAT_MACROS -DNDEBUG -flto=1 -o bin/maxcdcl src/solver/Main.cc build/SimpSolver.o build/Solver.o build/Options.o build/System.o -lz
compare	Build baseline and candidate	2026-10-07T13:50:41.0773296Z In file included from src/solver/Main.cc:51:
compare	Build baseline and candidate	2026-10-07T13:50:41.0774620Z src/solver/utils/Options.h:285:29: warning: invalid suffix on literal; C++11 requires a space between literal and string macro [-Wliteral-suffix]
compare	Build baseline and candidate	2026-10-07T13:50:41.0775949Z   285 |             fprintf(stderr, "%4"PRIi64, range.begin);
compare	Build baseline and candidate	2026-10-07T13:50:41.0776528Z       |                             ^
compare	Build baseline and candidate	2026-10-07T13:50:41.0777652Z src/solver/utils/Options.h:291:29: warning: invalid suffix on literal; C++11 requires a space between literal and string macro [-Wliteral-suffix]
compare	Build baseline and candidate	2026-10-07T13:50:41.0779135Z   291 |             fprintf(stderr, "%4"PRIi64, range.end);
compare	Build baseline and candidate	2026-10-07T13:50:41.0779691Z       |                             ^
compare	Build baseline and candidate	2026-10-07T13:50:41.0780789Z src/solver/utils/Options.h:293:25: warning: invalid suffix on literal; C++11 requires a space between literal and string macro [-Wliteral-suffix]
compare	Build baseline and candidate	2026-10-07T13:50:41.0782090Z   293 |         fprintf(stderr, "] (default: %"PRIi64")\n", value);
compare	Build baseline and candidate	2026-10-07T13:50:41.0782681Z       |                         ^
compare	Build baseline and candidate	2026-10-07T13:50:41.0791399Z src/solver/Main.cc:84:16: warning: invalid suffix on literal; C++11 requires a space between literal and string macro [-Wliteral-suffix]
compare	Build baseline and candidate	2026-10-07T13:50:41.0792725Z    84 |         printf("c restarts              : %"PRIu64"\n", solver.starts);
compare	Build baseline and candidate	2026-10-07T13:50:41.0793379Z       |                ^
compare	Build baseline and candidate	2026-10-07T13:50:41.0794376Z src/solver/Main.cc:85:16: warning: invalid suffix on literal; C++11 requires a space between literal and string macro [-Wliteral-suffix]
compare	Build baseline and candidate	2026-10-07T13:50:41.0795873Z    85 |         printf("c conflicts             : %-12"PRIu64"   (%.0f /sec)\n", solver.conflicts, solver.conflicts / cpu_time);
compare	Build baseline and candidate	2026-10-07T13:50:41.0796778Z       |                ^
compare	Build baseline and candidate	2026-10-07T13:50:41.0797778Z src/solver/Main.cc:86:16: warning: invalid suffix on literal; C++11 requires a space between literal and string macro [-Wliteral-suffix]
compare	Build baseline and candidate	2026-10-07T13:50:41.0800040Z    86 |         printf("c decisions             : %-12"PRIu64"   (%4.2f %% random) (%.0f /sec)\n", solver.decisions, (float)solver.rnd_decisions * 100 / (float)solver.decisions, solver.decisions / cpu_time);
compare	Build baseline and candidate	2026-10-07T13:50:41.0801442Z       |                ^
compare	Build baseline and candidate	2026-10-07T13:50:41.0802437Z src/solver/Main.cc:87:16: warning: invalid suffix on literal; C++11 requires a space between literal and string macro [-Wliteral-suffix]
compare	Build baseline and candidate	2026-10-07T13:50:41.0804007Z    87 |         printf("c propagations          : %-12"PRIu64"   (%.0f /sec)\n", solver.propagations, solver.propagations / cpu_time);
compare	Build baseline and candidate	2026-10-07T13:50:41.0805017Z       |                ^
compare	Build baseline and candidate	2026-10-07T13:50:41.0805995Z src/solver/Main.cc:88:16: warning: invalid suffix on literal; C++11 requires a space between literal and string macro [-Wliteral-suffix]
compare	Build baseline and candidate	2026-10-07T13:50:41.0807937Z    88 |         printf("c conflict literals     : %-12"PRIu64"   (%4.2f %% deleted)\n", solver.tot_literals, (solver.max_literals - solver.tot_literals) * 100 / (double)solver.max_literals);
compare	Build baseline and candidate	2026-10-07T13:50:41.0809862Z       |                ^
compare	Build baseline and candidate	2026-10-07T13:50:41.0810846Z src/solver/Main.cc:93:16: warning: invalid suffix on literal; C++11 requires a space between literal and string macro [-Wliteral-suffix]
compare	Build baseline and candidate	2026-10-07T13:50:41.0812177Z    93 |         printf("c s_propagations        : %-12"PRIu64"\n", solver.s_propagations);
compare	Build baseline and candidate	2026-10-07T13:50:41.0813108Z       |                ^
compare	Build baseline and candidate	2026-10-07T13:50:41.0915652Z In file included from src/solver/Solver.h:53,
compare	Build baseline and candidate	2026-10-07T13:50:41.0916305Z                  from src/solver/SimpSolver.h:37,
compare	Build baseline and candidate	2026-10-07T13:50:41.0916866Z                  from src/core/distqldpc.cc:40:
compare	Build baseline and candidate	2026-10-07T13:50:41.0918056Z src/solver/utils/Options.h:285:29: warning: invalid suffix on literal; C++11 requires a space between literal and string macro [-Wliteral-suffix]
compare	Build baseline and candidate	2026-10-07T13:50:41.0919542Z   285 |             fprintf(stderr, "%4"PRIi64, range.begin);
compare	Build baseline and candidate	2026-10-07T13:50:41.0920111Z       |                             ^
compare	Build baseline and candidate	2026-10-07T13:50:41.0921261Z src/solver/utils/Options.h:291:29: warning: invalid suffix on literal; C++11 requires a space between literal and string macro [-Wliteral-suffix]
compare	Build baseline and candidate	2026-10-07T13:50:41.0922483Z   291 |             fprintf(stderr, "%4"PRIi64, range.end);
compare	Build baseline and candidate	2026-10-07T13:50:41.0923018Z       |                             ^
compare	Build baseline and candidate	2026-10-07T13:50:41.0924118Z src/solver/utils/Options.h:293:25: warning: invalid suffix on literal; C++11 requires a space between literal and string macro [-Wliteral-suffix]
compare	Build baseline and candidate	2026-10-07T13:50:41.0925368Z   293 |         fprintf(stderr, "] (default: %"PRIi64")\n", value);
compare	Build baseline and candidate	2026-10-07T13:50:41.0925946Z       |                         ^
compare	Build baseline and candidate	2026-10-07T13:50:41.1863472Z src/solver/Main.cc: In function ‘void printStats(Minisat::Solver&)’:
compare	Build baseline and candidate	2026-10-07T13:50:41.1865485Z src/solver/Main.cc:92:46: warning: format ‘%llu’ expects argument of type ‘long long unsigned int’, but argument 2 has type ‘uint64_t’ {aka ‘long unsigned int’} [-Wformat=]
compare	Build baseline and candidate	2026-10-07T13:50:41.1867156Z    92 |         printf("c nbSimplifyAll         : %llu\n", solver.nbSimplifyAll);
compare	Build baseline and candidate	2026-10-07T13:50:41.1867956Z       |                                           ~~~^     ~~~~~~~~~~~~~~~~~~~~
compare	Build baseline and candidate	2026-10-07T13:50:41.1868916Z       |                                              |            |
compare	Build baseline and candidate	2026-10-07T13:50:41.1869653Z       |                                              |            uint64_t {aka long unsigned int}
compare	Build baseline and candidate	2026-10-07T13:50:41.1870435Z       |                                              long long unsigned int
compare	Build baseline and candidate	2026-10-07T13:50:41.1871147Z       |                                           %lu
compare	Build baseline and candidate	2026-10-07T13:50:41.1878390Z src/solver/Main.cc: In function ‘int main(int, char**)’:
compare	Build baseline and candidate	2026-10-07T13:50:41.1880461Z src/solver/Main.cc:187:34: warning: format ‘%llu’ expects argument of type ‘long long unsigned int’, but argument 2 has type ‘uint64_t’ {aka ‘long unsigned int’} [-Wformat=]
compare	Build baseline and candidate	2026-10-07T13:50:41.1881958Z   187 |         printf("c initial UB: %llu\n", S.initUB);
compare	Build baseline and candidate	2026-10-07T13:50:41.1882560Z       |                               ~~~^     ~~~~~~~~
compare	Build baseline and candidate	2026-10-07T13:50:41.1883091Z       |                                  |       |
compare	Build baseline and candidate	2026-10-07T13:50:41.1883674Z       |                                  |       uint64_t {aka long unsigned int}
compare	Build baseline and candidate	2026-10-07T13:50:41.1884318Z       |                                  long long unsigned int
compare	Build baseline and candidate	2026-10-07T13:50:41.1884890Z       |                               %lu
compare	Build baseline and candidate	2026-10-07T13:50:41.2274331Z src/solver/Main.cc: At global scope:
compare	Build baseline and candidate	2026-10-07T13:50:41.2276022Z src/solver/Main.cc:108:13: warning: ‘void SIGINT_exit(int)’ defined but not used [-Wunused-function]
compare	Build baseline and candidate	2026-10-07T13:50:41.2276986Z   108 | static void SIGINT_exit(int signum) {
compare	Build baseline and candidate	2026-10-07T13:50:41.2277535Z       |             ^~~~~~~~~~~
compare	Build baseline and candidate	2026-10-07T13:50:41.4181867Z src/core/distqldpc.cc: In function ‘void pipe_write_result(int, int, bool)’:
compare	Build baseline and candidate	2026-10-07T13:50:41.4183839Z src/core/distqldpc.cc:162:20: warning: ignoring return value of ‘ssize_t write(int, const void*, size_t)’ declared with attribute ‘warn_unused_result’ [-Wunused-result]
compare	Build baseline and candidate	2026-10-07T13:50:41.4185707Z   162 |         (void)write(pipe_w, buf, (size_t)n);
compare	Build baseline and candidate	2026-10-07T13:50:41.4186293Z       |               ~~~~~^~~~~~~~~~~~~~~~~~~~~~~~
compare	Build baseline and candidate	2026-10-07T13:50:41.5340941Z lto-wrapper: warning: using serial compilation of 3 LTRANS jobs
compare	Build baseline and candidate	2026-10-07T13:50:41.5342624Z lto-wrapper: note: see the ‘-flto’ option documentation for more information
compare	Build baseline and candidate	2026-10-07T13:50:41.7603712Z lto-wrapper: warning: using serial compilation of 4 LTRANS jobs
compare	Build baseline and candidate	2026-10-07T13:50:41.7605059Z lto-wrapper: note: see the ‘-flto’ option documentation for more information
compare	Build baseline and candidate	2026-10-07T13:50:48.3560357Z make: Leaving directory '/home/runner/work/DistQLDPC/DistQLDPC/candidate'
compare	Compare on selected QDistSAT instances	﻿2026-10-07T13:50:48.3598912Z ##[group]Run set +e
compare	Compare on selected QDistSAT instances	2026-10-07T13:50:48.3599285Z ^[[36;1mset +e^[[0m
compare	Compare on selected QDistSAT instances	2026-10-07T13:50:48.3601175Z ^[[36;1mpython3 qdistsat/benchmarks/compare_distqldpc_binaries.py             --baseline-bin "$GITHUB_WORKSPACE/baseline/bin/distqldpc"             --candidate-bin "$GITHUB_WORKSPACE/candidate/bin/distqldpc"             --data-root "$GITHUB_WORKSPACE/qdistsat/data"             --stems LP_136_32_4 BB_108_8_10             --timeout 45             --json-out "$GITHUB_WORKSPACE/benchmark-results/result.json"             --markdown-out "$GITHUB_WORKSPACE/benchmark-results/summary.md"^[[0m
compare	Compare on selected QDistSAT instances	2026-10-07T13:50:48.3603151Z ^[[36;1mcode=$?^[[0m
compare	Compare on selected QDistSAT instances	2026-10-07T13:50:48.3603556Z ^[[36;1mcat "$GITHUB_WORKSPACE/benchmark-results/summary.md" >> "$GITHUB_STEP_SUMMARY"^[[0m
compare	Compare on selected QDistSAT instances	2026-10-07T13:50:48.3604104Z ^[[36;1mecho "exit_code=$code" >> "$GITHUB_OUTPUT"^[[0m
compare	Compare on selected QDistSAT instances	2026-10-07T13:50:48.3604436Z ^[[36;1mexit 0^[[0m
compare	Compare on selected QDistSAT instances	2026-10-07T13:50:48.3668041Z shell: /usr/bin/bash --noprofile --norc -e -o pipefail {0}
compare	Compare on selected QDistSAT instances	2026-10-07T13:50:48.3668448Z ##[endgroup]
compare	Compare on selected QDistSAT instances	2026-10-07T13:51:08.4745261Z # DistQLDPC cross-repo benchmark
compare	Compare on selected QDistSAT instances	2026-10-07T13:51:08.4745656Z 
compare	Compare on selected QDistSAT instances	2026-10-07T13:51:08.4745825Z Scientific results match: **YES**
compare	Compare on selected QDistSAT instances	2026-10-07T13:51:08.4746122Z 
compare	Compare on selected QDistSAT instances	2026-10-07T13:51:08.4746404Z Timing is informational only; shared CI runners are noisy.
compare	Compare on selected QDistSAT instances	2026-10-07T13:51:08.4746856Z 
compare	Compare on selected QDistSAT instances	2026-10-07T13:51:08.4747207Z | Stem | Config | Baseline | Candidate | Cand/Base time | Semantic match |
compare	Compare on selected QDistSAT instances	2026-10-07T13:51:08.4747876Z |---|---|---:|---:|---:|---|
compare	Compare on selected QDistSAT instances	2026-10-07T13:51:08.4748378Z | LP_136_32_4 | no-card | d=4 (0.18s) | d=4 (0.18s) | 1.00x | YES |
compare	Compare on selected QDistSAT instances	2026-10-07T13:51:08.4749492Z | LP_136_32_4 | card-mto | d=4 (0.29s) | d=4 (0.29s) | 0.97x | YES |
compare	Compare on selected QDistSAT instances	2026-10-07T13:51:08.4750212Z | BB_108_8_10 | no-card | d=10 (4.19s) | d=10 (4.15s) | 0.99x | YES |
compare	Compare on selected QDistSAT instances	2026-10-07T13:51:08.4750841Z | BB_108_8_10 | card-mto | d=10 (5.40s) | d=10 (5.36s) | 0.99x | YES |
compare	Upload benchmark report	﻿2026-10-07T13:51:08.4923735Z ##[group]Run actions/upload-artifact@v4
compare	Upload benchmark report	2026-10-07T13:51:08.4924088Z with:
compare	Upload benchmark report	2026-10-07T13:51:08.4924314Z   name: qdistsat-cross-repo-benchmark
compare	Upload benchmark report	2026-10-07T13:51:08.4924632Z   path: benchmark-results/
compare	Upload benchmark report	2026-10-07T13:51:08.4924886Z   retention-days: 14
compare	Upload benchmark report	2026-10-07T13:51:08.4925113Z   if-no-files-found: warn
compare	Upload benchmark report	2026-10-07T13:51:08.4925368Z   compression-level: 6
compare	Upload benchmark report	2026-10-07T13:51:08.4925588Z   overwrite: false
compare	Upload benchmark report	2026-10-07T13:51:08.4925815Z   include-hidden-files: false
compare	Upload benchmark report	2026-10-07T13:51:08.4926099Z ##[endgroup]
compare	Upload benchmark report	2026-10-07T13:51:08.6591510Z (node:3080) [DEP0040] DeprecationWarning: The `punycode` module is deprecated. Please use a userland alternative instead.
compare	Upload benchmark report	2026-10-07T13:51:08.6592620Z (Use `node --trace-deprecation ...` to show where the warning was created)
compare	Upload benchmark report	2026-10-07T13:51:08.6680165Z With the provided path, there will be 2 files uploaded
compare	Upload benchmark report	2026-10-07T13:51:08.6689077Z Artifact name is valid!
compare	Upload benchmark report	2026-10-07T13:51:08.6709382Z Root directory input is valid!
compare	Upload benchmark report	2026-10-07T13:51:08.8803142Z Beginning upload of artifact content to blob storage
compare	Upload benchmark report	2026-10-07T13:51:08.9076267Z (node:3080) [DEP0169] DeprecationWarning: `url.parse()` behavior is not standardized and prone to errors that have security implications. Use the WHATWG URL API instead. CVEs are not issued for `url.parse()` vulnerabilities.
compare	Upload benchmark report	2026-10-07T13:51:08.9530414Z Uploaded bytes 1046
compare	Upload benchmark report	2026-10-07T13:51:08.9731693Z Finished uploading artifact content to blob storage!
compare	Upload benchmark report	2026-10-07T13:51:08.9733396Z SHA256 digest of uploaded artifact zip is 2ff6a2b10a9400fbdf583c7794d169f83038297f5e0f6131d4a5d477729b6df5
compare	Upload benchmark report	2026-10-07T13:51:08.9735317Z Finalizing artifact upload
compare	Upload benchmark report	2026-10-07T13:51:09.2057002Z Artifact qdistsat-cross-repo-benchmark.zip successfully finalized. Artifact ID 11486103627
compare	Upload benchmark report	2026-10-07T13:51:09.2058217Z Artifact qdistsat-cross-repo-benchmark has been successfully uploaded! Final size is 1046 bytes. Artifact ID is 11486103627
compare	Upload benchmark report	2026-10-07T13:51:09.2064309Z Artifact download URL: https://github.com/guluchen/DistQLDPC/actions/runs/37631691653/artifacts/11486103627
compare	Enforce scientific-result consistency	﻿2026-10-07T13:51:09.2243605Z ##[group]Run if [ "0" != "0" ]; then
compare	Enforce scientific-result consistency	2026-10-07T13:51:09.2243938Z ^[[36;1mif [ "0" != "0" ]; then^[[0m
compare	Enforce scientific-result consistency	2026-10-07T13:51:09.2244430Z ^[[36;1m  echo "QDistSAT detected a scientific-result mismatch between baseline and candidate DistQLDPC."^[[0m
compare	Enforce scientific-result consistency	2026-10-07T13:51:09.2244926Z ^[[36;1m  exit 1^[[0m
compare	Enforce scientific-result consistency	2026-10-07T13:51:09.2245132Z ^[[36;1mfi^[[0m
compare	Enforce scientific-result consistency	2026-10-07T13:51:09.2306368Z shell: /usr/bin/bash --noprofile --norc -e -o pipefail {0}
compare	Enforce scientific-result consistency	2026-10-07T13:51:09.2306730Z ##[endgroup]
compare	Post Check out QDistSAT benchmark platform	﻿2026-10-07T13:51:09.2480307Z Post job cleanup.
compare	Post Check out QDistSAT benchmark platform	2026-10-07T13:51:09.3358164Z [command]/usr/bin/git version
compare	Post Check out QDistSAT benchmark platform	2026-10-07T13:51:09.3408333Z git version 2.55.0
compare	Post Check out QDistSAT benchmark platform	2026-10-07T13:51:09.3455917Z Temporarily overriding HOME='/home/runner/work/_temp/9d8757be-3f18-409f-80c7-74ea3a3c5a50' before making global git config changes
compare	Post Check out QDistSAT benchmark platform	2026-10-07T13:51:09.3457544Z Adding repository directory to the temporary git global config as a safe directory
compare	Post Check out QDistSAT benchmark platform	2026-10-07T13:51:09.3461799Z [command]/usr/bin/git config --global --add safe.directory /home/runner/work/DistQLDPC/DistQLDPC/qdistsat
compare	Post Check out QDistSAT benchmark platform	2026-10-07T13:51:09.3499831Z Removing SSH command configuration
compare	Post Check out QDistSAT benchmark platform	2026-10-07T13:51:09.3507082Z [command]/usr/bin/git config --local --name-only --get-regexp core\.sshCommand
compare	Post Check out QDistSAT benchmark platform	2026-10-07T13:51:09.3549213Z [command]/usr/bin/git submodule foreach --recursive sh -c "git config --local --name-only --get-regexp 'core\.sshCommand' && git config --local --unset-all 'core.sshCommand' || :"
compare	Post Check out QDistSAT benchmark platform	2026-10-07T13:51:09.3805506Z Removing HTTP extra header
compare	Post Check out QDistSAT benchmark platform	2026-10-07T13:51:09.3811588Z [command]/usr/bin/git config --local --name-only --get-regexp http\.https\:\/\/github\.com\/\.extraheader
compare	Post Check out QDistSAT benchmark platform	2026-10-07T13:51:09.3854730Z [command]/usr/bin/git submodule foreach --recursive sh -c "git config --local --name-only --get-regexp 'http\.https\:\/\/github\.com\/\.extraheader' && git config --local --unset-all 'http.https://github.com/.extraheader' || :"
compare	Post Check out QDistSAT benchmark platform	2026-10-07T13:51:09.4127257Z Removing includeIf entries pointing to credentials config files
compare	Post Check out QDistSAT benchmark platform	2026-10-07T13:51:09.4135970Z [command]/usr/bin/git config --local --name-only --get-regexp ^includeIf\.gitdir:
compare	Post Check out QDistSAT benchmark platform	2026-10-07T13:51:09.4175638Z includeif.gitdir:/home/runner/work/DistQLDPC/DistQLDPC/qdistsat/.git.path
compare	Post Check out QDistSAT benchmark platform	2026-10-07T13:51:09.4177337Z includeif.gitdir:/home/runner/work/DistQLDPC/DistQLDPC/qdistsat/.git/worktrees/*.path
compare	Post Check out QDistSAT benchmark platform	2026-10-07T13:51:09.4179164Z includeif.gitdir:/github/workspace/qdistsat/.git.path
compare	Post Check out QDistSAT benchmark platform	2026-10-07T13:51:09.4180535Z includeif.gitdir:/github/workspace/qdistsat/.git/worktrees/*.path
compare	Post Check out QDistSAT benchmark platform	2026-10-07T13:51:09.4187663Z [command]/usr/bin/git config --local --get-all includeif.gitdir:/home/runner/work/DistQLDPC/DistQLDPC/qdistsat/.git.path
compare	Post Check out QDistSAT benchmark platform	2026-10-07T13:51:09.4227149Z /home/runner/work/_temp/git-credentials-291cf729-0148-4064-b22e-7e58161f775f.config
compare	Post Check out QDistSAT benchmark platform	2026-10-07T13:51:09.4257423Z [command]/usr/bin/git config --local --unset includeif.gitdir:/home/runner/work/DistQLDPC/DistQLDPC/qdistsat/.git.path \/home\/runner\/work\/_temp\/git\-credentials\-291cf729\-0148\-4064\-b22e\-7e58161f775f\.config
compare	Post Check out QDistSAT benchmark platform	2026-10-07T13:51:09.4321072Z [command]/usr/bin/git config --local --get-all includeif.gitdir:/home/runner/work/DistQLDPC/DistQLDPC/qdistsat/.git/worktrees/*.path
compare	Post Check out QDistSAT benchmark platform	2026-10-07T13:51:09.4349742Z /home/runner/work/_temp/git-credentials-291cf729-0148-4064-b22e-7e58161f775f.config
compare	Post Check out QDistSAT benchmark platform	2026-10-07T13:51:09.4378431Z [command]/usr/bin/git config --local --unset includeif.gitdir:/home/runner/work/DistQLDPC/DistQLDPC/qdistsat/.git/worktrees/*.path \/home\/runner\/work\/_temp\/git\-credentials\-291cf729\-0148\-4064\-b22e\-7e58161f775f\.config
compare	Post Check out QDistSAT benchmark platform	2026-10-07T13:51:09.4415379Z [command]/usr/bin/git config --local --get-all includeif.gitdir:/github/workspace/qdistsat/.git.path
compare	Post Check out QDistSAT benchmark platform	2026-10-07T13:51:09.4447493Z /github/runner_temp/git-credentials-291cf729-0148-4064-b22e-7e58161f775f.config
compare	Post Check out QDistSAT benchmark platform	2026-10-07T13:51:09.4458163Z [command]/usr/bin/git config --local --unset includeif.gitdir:/github/workspace/qdistsat/.git.path \/github\/runner_temp\/git\-credentials\-291cf729\-0148\-4064\-b22e\-7e58161f775f\.config
compare	Post Check out QDistSAT benchmark platform	2026-10-07T13:51:09.4497216Z [command]/usr/bin/git config --local --get-all includeif.gitdir:/github/workspace/qdistsat/.git/worktrees/*.path
compare	Post Check out QDistSAT benchmark platform	2026-10-07T13:51:09.4524084Z /github/runner_temp/git-credentials-291cf729-0148-4064-b22e-7e58161f775f.config
compare	Post Check out QDistSAT benchmark platform	2026-10-07T13:51:09.4534266Z [command]/usr/bin/git config --local --unset includeif.gitdir:/github/workspace/qdistsat/.git/worktrees/*.path \/github\/runner_temp\/git\-credentials\-291cf729\-0148\-4064\-b22e\-7e58161f775f\.config
compare	Post Check out QDistSAT benchmark platform	2026-10-07T13:51:09.4573455Z [command]/usr/bin/git submodule foreach --recursive git config --local --show-origin --name-only --get-regexp remote.origin.url
compare	Post Check out QDistSAT benchmark platform	2026-10-07T13:51:09.4807177Z Removing credentials config '/home/runner/work/_temp/git-credentials-291cf729-0148-4064-b22e-7e58161f775f.config'
compare	Post Check out baseline DistQLDPC	﻿2026-10-07T13:51:09.4980064Z Post job cleanup.
compare	Post Check out baseline DistQLDPC	2026-10-07T13:51:09.5859345Z [command]/usr/bin/git version
compare	Post Check out baseline DistQLDPC	2026-10-07T13:51:09.5906143Z git version 2.55.0
compare	Post Check out baseline DistQLDPC	2026-10-07T13:51:09.5954809Z Temporarily overriding HOME='/home/runner/work/_temp/59251e89-90c9-4c54-9cd3-b9857d6b9cd7' before making global git config changes
compare	Post Check out baseline DistQLDPC	2026-10-07T13:51:09.5956155Z Adding repository directory to the temporary git global config as a safe directory
compare	Post Check out baseline DistQLDPC	2026-10-07T13:51:09.5963097Z [command]/usr/bin/git config --global --add safe.directory /home/runner/work/DistQLDPC/DistQLDPC/baseline
compare	Post Check out baseline DistQLDPC	2026-10-07T13:51:09.6000180Z Removing SSH command configuration
compare	Post Check out baseline DistQLDPC	2026-10-07T13:51:09.6007740Z [command]/usr/bin/git config --local --name-only --get-regexp core\.sshCommand
compare	Post Check out baseline DistQLDPC	2026-10-07T13:51:09.6053815Z [command]/usr/bin/git submodule foreach --recursive sh -c "git config --local --name-only --get-regexp 'core\.sshCommand' && git config --local --unset-all 'core.sshCommand' || :"
compare	Post Check out baseline DistQLDPC	2026-10-07T13:51:09.6317165Z Removing HTTP extra header
compare	Post Check out baseline DistQLDPC	2026-10-07T13:51:09.6324697Z [command]/usr/bin/git config --local --name-only --get-regexp http\.https\:\/\/github\.com\/\.extraheader
compare	Post Check out baseline DistQLDPC	2026-10-07T13:51:09.6364057Z [command]/usr/bin/git submodule foreach --recursive sh -c "git config --local --name-only --get-regexp 'http\.https\:\/\/github\.com\/\.extraheader' && git config --local --unset-all 'http.https://github.com/.extraheader' || :"
compare	Post Check out baseline DistQLDPC	2026-10-07T13:51:09.6634566Z Removing includeIf entries pointing to credentials config files
compare	Post Check out baseline DistQLDPC	2026-10-07T13:51:09.6643115Z [command]/usr/bin/git config --local --name-only --get-regexp ^includeIf\.gitdir:
compare	Post Check out baseline DistQLDPC	2026-10-07T13:51:09.6674848Z includeif.gitdir:/home/runner/work/DistQLDPC/DistQLDPC/baseline/.git.path
compare	Post Check out baseline DistQLDPC	2026-10-07T13:51:09.6676197Z includeif.gitdir:/home/runner/work/DistQLDPC/DistQLDPC/baseline/.git/worktrees/*.path
compare	Post Check out baseline DistQLDPC	2026-10-07T13:51:09.6677537Z includeif.gitdir:/github/workspace/baseline/.git.path
compare	Post Check out baseline DistQLDPC	2026-10-07T13:51:09.6678967Z includeif.gitdir:/github/workspace/baseline/.git/worktrees/*.path
compare	Post Check out baseline DistQLDPC	2026-10-07T13:51:09.6687057Z [command]/usr/bin/git config --local --get-all includeif.gitdir:/home/runner/work/DistQLDPC/DistQLDPC/baseline/.git.path
compare	Post Check out baseline DistQLDPC	2026-10-07T13:51:09.6714733Z /home/runner/work/_temp/git-credentials-922fc978-17ad-4c85-baca-4f115d84bdcd.config
compare	Post Check out baseline DistQLDPC	2026-10-07T13:51:09.6725613Z [command]/usr/bin/git config --local --unset includeif.gitdir:/home/runner/work/DistQLDPC/DistQLDPC/baseline/.git.path \/home\/runner\/work\/_temp\/git\-credentials\-922fc978\-17ad\-4c85\-baca\-4f115d84bdcd\.config
compare	Post Check out baseline DistQLDPC	2026-10-07T13:51:09.6778772Z [command]/usr/bin/git config --local --get-all includeif.gitdir:/home/runner/work/DistQLDPC/DistQLDPC/baseline/.git/worktrees/*.path
compare	Post Check out baseline DistQLDPC	2026-10-07T13:51:09.6803764Z /home/runner/work/_temp/git-credentials-922fc978-17ad-4c85-baca-4f115d84bdcd.config
compare	Post Check out baseline DistQLDPC	2026-10-07T13:51:09.6815287Z [command]/usr/bin/git config --local --unset includeif.gitdir:/home/runner/work/DistQLDPC/DistQLDPC/baseline/.git/worktrees/*.path \/home\/runner\/work\/_temp\/git\-credentials\-922fc978\-17ad\-4c85\-baca\-4f115d84bdcd\.config
compare	Post Check out baseline DistQLDPC	2026-10-07T13:51:09.6866881Z [command]/usr/bin/git config --local --get-all includeif.gitdir:/github/workspace/baseline/.git.path
compare	Post Check out baseline DistQLDPC	2026-10-07T13:51:09.6896391Z /github/runner_temp/git-credentials-922fc978-17ad-4c85-baca-4f115d84bdcd.config
compare	Post Check out baseline DistQLDPC	2026-10-07T13:51:09.6906474Z [command]/usr/bin/git config --local --unset includeif.gitdir:/github/workspace/baseline/.git.path \/github\/runner_temp\/git\-credentials\-922fc978\-17ad\-4c85\-baca\-4f115d84bdcd\.config
compare	Post Check out baseline DistQLDPC	2026-10-07T13:51:09.6947786Z [command]/usr/bin/git config --local --get-all includeif.gitdir:/github/workspace/baseline/.git/worktrees/*.path
compare	Post Check out baseline DistQLDPC	2026-10-07T13:51:09.6974909Z /github/runner_temp/git-credentials-922fc978-17ad-4c85-baca-4f115d84bdcd.config
compare	Post Check out baseline DistQLDPC	2026-10-07T13:51:09.6984449Z [command]/usr/bin/git config --local --unset includeif.gitdir:/github/workspace/baseline/.git/worktrees/*.path \/github\/runner_temp\/git\-credentials\-922fc978\-17ad\-4c85\-baca\-4f115d84bdcd\.config
compare	Post Check out baseline DistQLDPC	2026-10-07T13:51:09.7024004Z [command]/usr/bin/git submodule foreach --recursive git config --local --show-origin --name-only --get-regexp remote.origin.url
compare	Post Check out baseline DistQLDPC	2026-10-07T13:51:09.7254518Z Removing credentials config '/home/runner/work/_temp/git-credentials-922fc978-17ad-4c85-baca-4f115d84bdcd.config'
compare	Post Check out candidate DistQLDPC	﻿2026-10-07T13:51:09.7426022Z Post job cleanup.
compare	Post Check out candidate DistQLDPC	2026-10-07T13:51:09.8348120Z [command]/usr/bin/git version
compare	Post Check out candidate DistQLDPC	2026-10-07T13:51:09.8394908Z git version 2.55.0
compare	Post Check out candidate DistQLDPC	2026-10-07T13:51:09.8478334Z Temporarily overriding HOME='/home/runner/work/_temp/4412e22d-58a4-4258-8e5e-f5930fa8024c' before making global git config changes
compare	Post Check out candidate DistQLDPC	2026-10-07T13:51:09.8492162Z Adding repository directory to the temporary git global config as a safe directory
compare	Post Check out candidate DistQLDPC	2026-10-07T13:51:09.8493277Z [command]/usr/bin/git config --global --add safe.directory /home/runner/work/DistQLDPC/DistQLDPC/candidate
compare	Post Check out candidate DistQLDPC	2026-10-07T13:51:09.8510932Z Removing SSH command configuration
compare	Post Check out candidate DistQLDPC	2026-10-07T13:51:09.8519033Z [command]/usr/bin/git config --local --name-only --get-regexp core\.sshCommand
compare	Post Check out candidate DistQLDPC	2026-10-07T13:51:09.8561555Z [command]/usr/bin/git submodule foreach --recursive sh -c "git config --local --name-only --get-regexp 'core\.sshCommand' && git config --local --unset-all 'core.sshCommand' || :"
compare	Post Check out candidate DistQLDPC	2026-10-07T13:51:09.8817930Z Removing HTTP extra header
compare	Post Check out candidate DistQLDPC	2026-10-07T13:51:09.8824546Z [command]/usr/bin/git config --local --name-only --get-regexp http\.https\:\/\/github\.com\/\.extraheader
compare	Post Check out candidate DistQLDPC	2026-10-07T13:51:09.8865244Z [command]/usr/bin/git submodule foreach --recursive sh -c "git config --local --name-only --get-regexp 'http\.https\:\/\/github\.com\/\.extraheader' && git config --local --unset-all 'http.https://github.com/.extraheader' || :"
compare	Post Check out candidate DistQLDPC	2026-10-07T13:51:09.9126577Z Removing includeIf entries pointing to credentials config files
compare	Post Check out candidate DistQLDPC	2026-10-07T13:51:09.9135596Z [command]/usr/bin/git config --local --name-only --get-regexp ^includeIf\.gitdir:
compare	Post Check out candidate DistQLDPC	2026-10-07T13:51:09.9166900Z includeif.gitdir:/home/runner/work/DistQLDPC/DistQLDPC/candidate/.git.path
compare	Post Check out candidate DistQLDPC	2026-10-07T13:51:09.9168319Z includeif.gitdir:/home/runner/work/DistQLDPC/DistQLDPC/candidate/.git/worktrees/*.path
compare	Post Check out candidate DistQLDPC	2026-10-07T13:51:09.9169755Z includeif.gitdir:/github/workspace/candidate/.git.path
compare	Post Check out candidate DistQLDPC	2026-10-07T13:51:09.9170888Z includeif.gitdir:/github/workspace/candidate/.git/worktrees/*.path
compare	Post Check out candidate DistQLDPC	2026-10-07T13:51:09.9176273Z [command]/usr/bin/git config --local --get-all includeif.gitdir:/home/runner/work/DistQLDPC/DistQLDPC/candidate/.git.path
compare	Post Check out candidate DistQLDPC	2026-10-07T13:51:09.9214038Z /home/runner/work/_temp/git-credentials-26daa3e7-f46f-437a-b8af-5d71f0c3c7d3.config
compare	Post Check out candidate DistQLDPC	2026-10-07T13:51:09.9230742Z [command]/usr/bin/git config --local --unset includeif.gitdir:/home/runner/work/DistQLDPC/DistQLDPC/candidate/.git.path \/home\/runner\/work\/_temp\/git\-credentials\-26daa3e7\-f46f\-437a\-b8af\-5d71f0c3c7d3\.config
compare	Post Check out candidate DistQLDPC	2026-10-07T13:51:09.9281922Z [command]/usr/bin/git config --local --get-all includeif.gitdir:/home/runner/work/DistQLDPC/DistQLDPC/candidate/.git/worktrees/*.path
compare	Post Check out candidate DistQLDPC	2026-10-07T13:51:09.9312535Z /home/runner/work/_temp/git-credentials-26daa3e7-f46f-437a-b8af-5d71f0c3c7d3.config
compare	Post Check out candidate DistQLDPC	2026-10-07T13:51:09.9324369Z [command]/usr/bin/git config --local --unset includeif.gitdir:/home/runner/work/DistQLDPC/DistQLDPC/candidate/.git/worktrees/*.path \/home\/runner\/work\/_temp\/git\-credentials\-26daa3e7\-f46f\-437a\-b8af\-5d71f0c3c7d3\.config
compare	Post Check out candidate DistQLDPC	2026-10-07T13:51:09.9394143Z [command]/usr/bin/git config --local --get-all includeif.gitdir:/github/workspace/candidate/.git.path
compare	Post Check out candidate DistQLDPC	2026-10-07T13:51:09.9423154Z /github/runner_temp/git-credentials-26daa3e7-f46f-437a-b8af-5d71f0c3c7d3.config
compare	Post Check out candidate DistQLDPC	2026-10-07T13:51:09.9431807Z [command]/usr/bin/git config --local --unset includeif.gitdir:/github/workspace/candidate/.git.path \/github\/runner_temp\/git\-credentials\-26daa3e7\-f46f\-437a\-b8af\-5d71f0c3c7d3\.config
compare	Post Check out candidate DistQLDPC	2026-10-07T13:51:09.9479106Z [command]/usr/bin/git config --local --get-all includeif.gitdir:/github/workspace/candidate/.git/worktrees/*.path
compare	Post Check out candidate DistQLDPC	2026-10-07T13:51:09.9497103Z /github/runner_temp/git-credentials-26daa3e7-f46f-437a-b8af-5d71f0c3c7d3.config
compare	Post Check out candidate DistQLDPC	2026-10-07T13:51:09.9505894Z [command]/usr/bin/git config --local --unset includeif.gitdir:/github/workspace/candidate/.git/worktrees/*.path \/github\/runner_temp\/git\-credentials\-26daa3e7\-f46f\-437a\-b8af\-5d71f0c3c7d3\.config
compare	Post Check out candidate DistQLDPC	2026-10-07T13:51:09.9545567Z [command]/usr/bin/git submodule foreach --recursive git config --local --show-origin --name-only --get-regexp remote.origin.url
compare	Post Check out candidate DistQLDPC	2026-10-07T13:51:09.9773126Z Removing credentials config '/home/runner/work/_temp/git-credentials-26daa3e7-f46f-437a-b8af-5d71f0c3c7d3.config'
compare	Complete job	﻿2026-10-07T13:51:09.9921494Z Cleaning up orphan processes
compare	Complete job	2026-10-07T13:51:10.0228288Z ##[warning]Node.js 20 is deprecated. The following actions target Node.js 20 but are being forced to run on Node.js 24: actions/upload-artifact@v4. For more information see: https://github.blog/changelog/2025-09-19-deprecation-of-node-20-on-github-actions-runners/
