2026-10-08T17:00:59.4018109Z Current runner version: '2.337.0'
2026-10-08T17:00:59.4049868Z ##[group]Runner Image Provisioner
2026-10-08T17:00:59.4051002Z Hosted Compute Agent
2026-10-08T17:00:59.4051781Z Version: 20261002.596
2026-10-08T17:00:59.4052451Z Commit: c3d12f3313a95f25162a1503be624f3b0617f8c0
2026-10-08T17:00:59.4053214Z Build Date: 2026-10-02T22:28:27Z
2026-10-08T17:00:59.4053975Z Worker ID: {0f13c50f-8681-4f15-8039-368328b016df}
2026-10-08T17:00:59.4054726Z Region: eastus2
2026-10-08T17:00:59.4055322Z Cloud: Azure
2026-10-08T17:00:59.4056026Z ##[endgroup]
2026-10-08T17:00:59.4057481Z ##[group]Operating System
2026-10-08T17:00:59.4058185Z Ubuntu
2026-10-08T17:00:59.4058754Z 24.04.5
2026-10-08T17:00:59.4059332Z LTS
2026-10-08T17:00:59.4059970Z ##[endgroup]
2026-10-08T17:00:59.4060798Z ##[group]Runner Image
2026-10-08T17:00:59.4061522Z Image: ubuntu-24.04
2026-10-08T17:00:59.4062148Z Version: 20261004.327.1
2026-10-08T17:00:59.4063545Z Included Software: https://github.com/actions/runner-images/blob/ubuntu24/20261004.327/images/ubuntu/Ubuntu2404-Readme.md
2026-10-08T17:00:59.4065163Z Image Release: https://github.com/actions/runner-images/releases/tag/ubuntu24%2F20261004.327
2026-10-08T17:00:59.4066201Z ##[endgroup]
2026-10-08T17:00:59.4067387Z ##[group]GITHUB_TOKEN Permissions
2026-10-08T17:00:59.4069419Z Contents: read
2026-10-08T17:00:59.4070058Z Metadata: read
2026-10-08T17:00:59.4070896Z ##[endgroup]
2026-10-08T17:00:59.4073068Z Secret source: Actions
2026-10-08T17:00:59.4074119Z Cache mode: write
2026-10-08T17:00:59.4075001Z Prepare workflow directory
2026-10-08T17:00:59.4529148Z Prepare all required actions
2026-10-08T17:00:59.4596183Z Getting action download info
2026-10-08T17:00:59.6769923Z Download action repository 'actions/checkout@v7' (SHA:3d3c42e5aac5ba805825da76410c181273ba90b1)
2026-10-08T17:00:59.8662460Z Complete job name: build-and-smoke
2026-10-08T17:00:59.9482498Z ##[group]Run actions/checkout@v7
2026-10-08T17:00:59.9483332Z with:
2026-10-08T17:00:59.9483788Z   repository: guluchen/DistQLDPC
2026-10-08T17:00:59.9487786Z   token: ***
2026-10-08T17:00:59.9488239Z   ssh-strict: true
2026-10-08T17:00:59.9488693Z   ssh-user: git
2026-10-08T17:00:59.9489155Z   persist-credentials: true
2026-10-08T17:00:59.9489655Z   clean: true
2026-10-08T17:00:59.9490116Z   sparse-checkout-cone-mode: true
2026-10-08T17:00:59.9490908Z   fetch-depth: 1
2026-10-08T17:00:59.9491356Z   fetch-tags: false
2026-10-08T17:00:59.9491825Z   show-progress: true
2026-10-08T17:00:59.9492282Z   lfs: false
2026-10-08T17:00:59.9492710Z   submodules: false
2026-10-08T17:00:59.9493171Z   set-safe-directory: true
2026-10-08T17:00:59.9493684Z   allow-unsafe-pr-checkout: false
2026-10-08T17:00:59.9494433Z ##[endgroup]
2026-10-08T17:01:00.0523340Z Syncing repository: guluchen/DistQLDPC
2026-10-08T17:01:00.0525951Z ##[group]Getting Git version info
2026-10-08T17:01:00.0527166Z Working directory is '/home/runner/work/DistQLDPC/DistQLDPC'
2026-10-08T17:01:00.0528828Z [command]/usr/bin/git version
2026-10-08T17:01:00.0607438Z git version 2.55.0
2026-10-08T17:01:00.0626793Z ##[endgroup]
2026-10-08T17:01:00.0638630Z Temporarily overriding HOME='/home/runner/work/_temp/23193db5-38ae-458f-bcc6-086caaf2e108' before making global git config changes
2026-10-08T17:01:00.0641336Z Adding repository directory to the temporary git global config as a safe directory
2026-10-08T17:01:00.0645133Z [command]/usr/bin/git config --global --add safe.directory /home/runner/work/DistQLDPC/DistQLDPC
2026-10-08T17:01:00.0695174Z Deleting the contents of '/home/runner/work/DistQLDPC/DistQLDPC'
2026-10-08T17:01:00.0698883Z ##[group]Determining repository object format
2026-10-08T17:01:00.0700680Z ##[endgroup]
2026-10-08T17:01:00.0701988Z ##[group]Initializing the repository
2026-10-08T17:01:00.0705204Z [command]/usr/bin/git init /home/runner/work/DistQLDPC/DistQLDPC
2026-10-08T17:01:00.0815644Z hint: Using 'master' as the name for the initial branch. This default branch name
2026-10-08T17:01:00.0818869Z hint: will change to "main" in Git 3.0. To configure the initial branch name
2026-10-08T17:01:00.0821743Z hint: to use in all of your new repositories, which will suppress this warning,
2026-10-08T17:01:00.0823283Z hint: call:
2026-10-08T17:01:00.0824205Z hint:
2026-10-08T17:01:00.0825298Z hint: 	git config --global init.defaultBranch <name>
2026-10-08T17:01:00.0826514Z hint:
2026-10-08T17:01:00.0827709Z hint: Names commonly chosen instead of 'master' are 'main', 'trunk' and
2026-10-08T17:01:00.0829518Z hint: 'development'. The just-created branch can be renamed via this command:
2026-10-08T17:01:00.0831254Z hint:
2026-10-08T17:01:00.0832160Z hint: 	git branch -m <name>
2026-10-08T17:01:00.0833212Z hint:
2026-10-08T17:01:00.0834502Z hint: Disable this message with "git config set advice.defaultBranchName false"
2026-10-08T17:01:00.0836625Z Initialized empty Git repository in /home/runner/work/DistQLDPC/DistQLDPC/.git/
2026-10-08T17:01:00.0840509Z [command]/usr/bin/git remote add origin https://github.com/guluchen/DistQLDPC
2026-10-08T17:01:00.0883443Z ##[endgroup]
2026-10-08T17:01:00.0884635Z ##[group]Disabling automatic garbage collection
2026-10-08T17:01:00.0887854Z [command]/usr/bin/git config --local gc.auto 0
2026-10-08T17:01:00.0922623Z ##[endgroup]
2026-10-08T17:01:00.0923733Z ##[group]Setting up auth
2026-10-08T17:01:00.0929254Z Removing SSH command configuration
2026-10-08T17:01:00.0931376Z [command]/usr/bin/git config --local --name-only --get-regexp core\.sshCommand
2026-10-08T17:01:00.0977688Z [command]/usr/bin/git submodule foreach --recursive sh -c "git config --local --name-only --get-regexp 'core\.sshCommand' && git config --local --unset-all 'core.sshCommand' || :"
2026-10-08T17:01:00.1360383Z Removing HTTP extra header
2026-10-08T17:01:00.1367715Z [command]/usr/bin/git config --local --name-only --get-regexp http\.https\:\/\/github\.com\/\.extraheader
2026-10-08T17:01:00.1410051Z [command]/usr/bin/git submodule foreach --recursive sh -c "git config --local --name-only --get-regexp 'http\.https\:\/\/github\.com\/\.extraheader' && git config --local --unset-all 'http.https://github.com/.extraheader' || :"
2026-10-08T17:01:00.1654909Z Removing includeIf entries pointing to credentials config files
2026-10-08T17:01:00.1660508Z [command]/usr/bin/git config --local --name-only --get-regexp ^includeIf\.gitdir:
2026-10-08T17:01:00.1706825Z [command]/usr/bin/git submodule foreach --recursive git config --local --show-origin --name-only --get-regexp remote.origin.url
2026-10-08T17:01:00.1952863Z [command]/usr/bin/git config --file /home/runner/work/_temp/git-credentials-49e2391b-10bf-416e-b6de-b4730e54cc60.config http.https://github.com/.extraheader AUTHORIZATION: basic ***
2026-10-08T17:01:00.1996087Z [command]/usr/bin/git config --local includeIf.gitdir:/home/runner/work/DistQLDPC/DistQLDPC/.git.path /home/runner/work/_temp/git-credentials-49e2391b-10bf-416e-b6de-b4730e54cc60.config
2026-10-08T17:01:00.2034231Z [command]/usr/bin/git config --local includeIf.gitdir:/home/runner/work/DistQLDPC/DistQLDPC/.git/worktrees/*.path /home/runner/work/_temp/git-credentials-49e2391b-10bf-416e-b6de-b4730e54cc60.config
2026-10-08T17:01:00.2074531Z [command]/usr/bin/git config --local includeIf.gitdir:/github/workspace/.git.path /github/runner_temp/git-credentials-49e2391b-10bf-416e-b6de-b4730e54cc60.config
2026-10-08T17:01:00.2113802Z [command]/usr/bin/git config --local includeIf.gitdir:/github/workspace/.git/worktrees/*.path /github/runner_temp/git-credentials-49e2391b-10bf-416e-b6de-b4730e54cc60.config
2026-10-08T17:01:00.2146990Z ##[endgroup]
2026-10-08T17:01:00.2148115Z ##[group]Fetching the repository
2026-10-08T17:01:00.2155170Z [command]/usr/bin/git -c protocol.version=2 fetch --no-tags --prune --no-recurse-submodules --depth=1 origin +f6fef43db78f69b0245fdf32bbe54204afb43b65:refs/remotes/pull/33/merge
2026-10-08T17:01:00.5480524Z From https://github.com/guluchen/DistQLDPC
2026-10-08T17:01:00.5482216Z  * [new ref]         f6fef43db78f69b0245fdf32bbe54204afb43b65 -> pull/33/merge
2026-10-08T17:01:00.5485515Z ##[endgroup]
2026-10-08T17:01:00.5486931Z ##[group]Determining the checkout info
2026-10-08T17:01:00.5488904Z ##[endgroup]
2026-10-08T17:01:00.5493389Z [command]/usr/bin/git sparse-checkout disable
2026-10-08T17:01:00.5553384Z [command]/usr/bin/git config --local --unset-all extensions.worktreeConfig
2026-10-08T17:01:00.5588607Z ##[group]Checking out the ref
2026-10-08T17:01:00.5592113Z [command]/usr/bin/git checkout --progress --force refs/remotes/pull/33/merge
2026-10-08T17:01:00.6165482Z Note: switching to 'refs/remotes/pull/33/merge'.
2026-10-08T17:01:00.6166179Z 
2026-10-08T17:01:00.6166613Z You are in 'detached HEAD' state. You can look around, make experimental
2026-10-08T17:01:00.6167687Z changes and commit them, and you can discard any commits you make in this
2026-10-08T17:01:00.6168779Z state without impacting any branches by switching back to a branch.
2026-10-08T17:01:00.6169429Z 
2026-10-08T17:01:00.6169932Z If you want to create a new branch to retain commits you create, you may
2026-10-08T17:01:00.6171708Z do so (now or later) by using -c with the switch command. Example:
2026-10-08T17:01:00.6172332Z 
2026-10-08T17:01:00.6172589Z   git switch -c <new-branch-name>
2026-10-08T17:01:00.6173014Z 
2026-10-08T17:01:00.6173265Z Or undo this operation with:
2026-10-08T17:01:00.6173658Z 
2026-10-08T17:01:00.6173880Z   git switch -
2026-10-08T17:01:00.6174228Z 
2026-10-08T17:01:00.6174676Z Turn off this advice by setting config variable advice.detachedHead to false
2026-10-08T17:01:00.6175355Z 
2026-10-08T17:01:00.6176043Z HEAD is now at f6fef43 Merge 99f53a62acf4e08b5febd96479f460091825be02 into 24572d6d09cce9a4a5faa58300a89e0feba9da6a
2026-10-08T17:01:00.6196697Z ##[endgroup]
2026-10-08T17:01:00.6248383Z [command]/usr/bin/git log -1 --format=%H
2026-10-08T17:01:00.6279787Z f6fef43db78f69b0245fdf32bbe54204afb43b65
2026-10-08T17:01:00.6527299Z ##[group]Run sudo apt-get update
2026-10-08T17:01:00.6528045Z [36;1msudo apt-get update[0m
2026-10-08T17:01:00.6528768Z [36;1msudo apt-get install --yes build-essential zlib1g-dev[0m
2026-10-08T17:01:00.6780401Z shell: /usr/bin/bash -e {0}
2026-10-08T17:01:00.6781097Z ##[endgroup]
2026-10-08T17:01:00.7732614Z Get:1 file:/etc/apt/apt-mirrors.txt Mirrorlist [144 B]
2026-10-08T17:01:00.8010190Z Get:6 https://packages.microsoft.com/ubuntu/24.04/prod noble InRelease [3600 B]
2026-10-08T17:01:00.8119585Z Hit:2 http://azure.archive.ubuntu.com/ubuntu noble InRelease
2026-10-08T17:01:00.8134997Z Get:3 http://azure.archive.ubuntu.com/ubuntu noble-updates InRelease [126 kB]
2026-10-08T17:01:00.8172780Z Get:4 http://azure.archive.ubuntu.com/ubuntu noble-backports InRelease [126 kB]
2026-10-08T17:01:00.8235912Z Get:5 http://azure.archive.ubuntu.com/ubuntu noble-security InRelease [126 kB]
2026-10-08T17:01:00.8901872Z Get:7 https://packages.microsoft.com/ubuntu/24.04/prod noble/main amd64 Packages [531 kB]
2026-10-08T17:01:00.9072613Z Get:8 https://packages.microsoft.com/ubuntu/24.04/prod noble/main arm64 Packages [474 kB]
2026-10-08T17:01:00.9204403Z Get:9 https://packages.microsoft.com/ubuntu/24.04/prod noble/main armhf Packages [12.3 kB]
2026-10-08T17:01:00.9261095Z Get:10 https://packages.microsoft.com/ubuntu/24.04/prod noble/main all Packages [640 B]
2026-10-08T17:01:01.0066171Z Get:11 http://azure.archive.ubuntu.com/ubuntu noble-updates/main amd64 Packages [1375 kB]
2026-10-08T17:01:01.0149490Z Get:12 http://azure.archive.ubuntu.com/ubuntu noble-updates/main Translation-en [306 kB]
2026-10-08T17:01:01.0170698Z Get:13 http://azure.archive.ubuntu.com/ubuntu noble-updates/universe amd64 Packages [1702 kB]
2026-10-08T17:01:01.0275571Z Get:14 http://azure.archive.ubuntu.com/ubuntu noble-updates/universe Translation-en [342 kB]
2026-10-08T17:01:01.0297304Z Get:15 http://azure.archive.ubuntu.com/ubuntu noble-updates/restricted amd64 Packages [1761 kB]
2026-10-08T17:01:01.0408704Z Get:16 http://azure.archive.ubuntu.com/ubuntu noble-updates/restricted Translation-en [401 kB]
2026-10-08T17:01:01.0413932Z Get:17 http://azure.archive.ubuntu.com/ubuntu noble-updates/multiverse amd64 Packages [55.0 kB]
2026-10-08T17:01:01.0425102Z Get:18 http://azure.archive.ubuntu.com/ubuntu noble-updates/multiverse Translation-en [14.3 kB]
2026-10-08T17:01:01.1453766Z Get:19 http://azure.archive.ubuntu.com/ubuntu noble-security/main amd64 Packages [1115 kB]
2026-10-08T17:01:01.1502409Z Get:20 http://azure.archive.ubuntu.com/ubuntu noble-security/main Translation-en [227 kB]
2026-10-08T17:01:01.1949490Z Get:21 http://azure.archive.ubuntu.com/ubuntu noble-security/universe amd64 Packages [1218 kB]
2026-10-08T17:01:01.2016049Z Get:22 http://azure.archive.ubuntu.com/ubuntu noble-security/universe Translation-en [245 kB]
2026-10-08T17:01:01.2035795Z Get:23 http://azure.archive.ubuntu.com/ubuntu noble-security/restricted amd64 Packages [1632 kB]
2026-10-08T17:01:01.2122907Z Get:24 http://azure.archive.ubuntu.com/ubuntu noble-security/restricted Translation-en [376 kB]
2026-10-08T17:01:01.2147948Z Get:25 http://azure.archive.ubuntu.com/ubuntu noble-security/multiverse Translation-en [11.6 kB]
2026-10-08T17:01:04.3364977Z Fetched 12.2 MB in 1s (8967 kB/s)
2026-10-08T17:01:05.2072712Z Reading package lists...
2026-10-08T17:01:05.2406662Z Reading package lists...
2026-10-08T17:01:05.4627873Z Building dependency tree...
2026-10-08T17:01:05.4634921Z Reading state information...
2026-10-08T17:01:05.6495923Z zlib1g-dev is already the newest version (1:1.3.dfsg-3.1ubuntu2.2).
2026-10-08T17:01:05.6496901Z The following NEW packages will be installed:
2026-10-08T17:01:05.6502818Z   build-essential
2026-10-08T17:01:05.6689490Z 0 upgraded, 1 newly installed, 0 to remove and 21 not upgraded.
2026-10-08T17:01:05.6690384Z Need to get 4928 B of archives.
2026-10-08T17:01:05.6691076Z After this operation, 17.4 kB of additional disk space will be used.
2026-10-08T17:01:05.6691812Z Get:1 file:/etc/apt/apt-mirrors.txt Mirrorlist [144 B]
2026-10-08T17:01:05.7833675Z Get:2 http://azure.archive.ubuntu.com/ubuntu noble/main amd64 build-essential amd64 12.10ubuntu1 [4928 B]
2026-10-08T17:01:06.0519433Z Fetched 4928 B in 0s (39.2 kB/s)
2026-10-08T17:01:06.0764435Z Selecting previously unselected package build-essential.
2026-10-08T17:01:06.1081187Z (Reading database ... 
2026-10-08T17:01:06.1082079Z (Reading database ... 5%
2026-10-08T17:01:06.1082632Z (Reading database ... 10%
2026-10-08T17:01:06.1083196Z (Reading database ... 15%
2026-10-08T17:01:06.1083614Z (Reading database ... 20%
2026-10-08T17:01:06.1083958Z (Reading database ... 25%
2026-10-08T17:01:06.1084475Z (Reading database ... 30%
2026-10-08T17:01:06.1084841Z (Reading database ... 35%
2026-10-08T17:01:06.1085188Z (Reading database ... 40%
2026-10-08T17:01:06.1085522Z (Reading database ... 45%
2026-10-08T17:01:06.1085866Z (Reading database ... 50%
2026-10-08T17:01:06.1146751Z (Reading database ... 55%
2026-10-08T17:01:06.4701482Z (Reading database ... 60%
2026-10-08T17:01:06.6753491Z (Reading database ... 65%
2026-10-08T17:01:06.8667550Z (Reading database ... 70%
2026-10-08T17:01:07.0269901Z (Reading database ... 75%
2026-10-08T17:01:07.1711513Z (Reading database ... 80%
2026-10-08T17:01:07.3693895Z (Reading database ... 85%
2026-10-08T17:01:07.5341218Z (Reading database ... 90%
2026-10-08T17:01:07.6791990Z (Reading database ... 95%
2026-10-08T17:01:07.6842621Z (Reading database ... 100%
2026-10-08T17:01:07.6843216Z (Reading database ... 203191 files and directories currently installed.)
2026-10-08T17:01:07.6843903Z Preparing to unpack .../build-essential_12.10ubuntu1_amd64.deb ...
2026-10-08T17:01:07.6946721Z Unpacking build-essential (12.10ubuntu1) ...
2026-10-08T17:01:07.7268342Z Setting up build-essential (12.10ubuntu1) ...
2026-10-08T17:01:08.3617496Z 
2026-10-08T17:01:08.3618225Z Running kernel seems to be up-to-date.
2026-10-08T17:01:08.3618603Z 
2026-10-08T17:01:08.3618756Z No services need to be restarted.
2026-10-08T17:01:08.3619020Z 
2026-10-08T17:01:08.3619211Z No containers need to be restarted.
2026-10-08T17:01:08.3619472Z 
2026-10-08T17:01:08.3619657Z No user sessions are running outdated binaries.
2026-10-08T17:01:08.3619976Z 
2026-10-08T17:01:08.3620561Z No VM guests are running outdated hypervisor (qemu) binaries on this host.
2026-10-08T17:01:09.6254003Z ##[group]Run make --jobs="$(nproc)"
2026-10-08T17:01:09.6254566Z [36;1mmake --jobs="$(nproc)"[0m
2026-10-08T17:01:09.6327659Z shell: /usr/bin/bash -e {0}
2026-10-08T17:01:09.6327952Z ##[endgroup]
2026-10-08T17:01:09.6769184Z g++ -Isrc/solver -Wall -Wno-parentheses -O3 -mtune=native -g -D __STDC_LIMIT_MACROS -D __STDC_FORMAT_MACROS -DNDEBUG -c -o build/SimpSolver.o src/solver/SimpSolver.cc
2026-10-08T17:01:09.6838984Z g++ -Isrc/solver -Wall -Wno-parentheses -O3 -mtune=native -g -D __STDC_LIMIT_MACROS -D __STDC_FORMAT_MACROS -DNDEBUG -c -o build/Solver.o src/solver/Solver.cc
2026-10-08T17:01:09.6841860Z g++ -Isrc/solver -Wall -Wno-parentheses -O3 -mtune=native -g -D __STDC_LIMIT_MACROS -D __STDC_FORMAT_MACROS -DNDEBUG -c -o build/Options.o src/solver/utils/Options.cc
2026-10-08T17:01:09.6844602Z g++ -Isrc/solver -Wall -Wno-parentheses -O3 -mtune=native -g -D __STDC_LIMIT_MACROS -D __STDC_FORMAT_MACROS -DNDEBUG -c -o build/System.o src/solver/utils/System.cc
2026-10-08T17:01:10.7865517Z In file included from src/solver/Solver.h:53,
2026-10-08T17:01:10.7866442Z                  from src/solver/Solver.cc:107:
2026-10-08T17:01:10.7868007Z src/solver/utils/Options.h:285:29: warning: invalid suffix on literal; C++11 requires a space between literal and string macro [-Wliteral-suffix]
2026-10-08T17:01:10.7869327Z   285 |             fprintf(stderr, "%4"PRIi64, range.begin);
2026-10-08T17:01:10.7870032Z       |                             ^
2026-10-08T17:01:10.7871349Z src/solver/utils/Options.h:291:29: warning: invalid suffix on literal; C++11 requires a space between literal and string macro [-Wliteral-suffix]
2026-10-08T17:01:10.7872614Z   291 |             fprintf(stderr, "%4"PRIi64, range.end);
2026-10-08T17:01:10.7873299Z       |                             ^
2026-10-08T17:01:10.7874407Z src/solver/utils/Options.h:293:25: warning: invalid suffix on literal; C++11 requires a space between literal and string macro [-Wliteral-suffix]
2026-10-08T17:01:10.7875740Z   293 |         fprintf(stderr, "] (default: %"PRIi64")\n", value);
2026-10-08T17:01:10.7876567Z       |                         ^
2026-10-08T17:01:10.7891575Z In file included from src/solver/utils/Options.cc:21:
2026-10-08T17:01:10.7892777Z src/solver/utils/Options.h:285:29: warning: invalid suffix on literal; C++11 requires a space between literal and string macro [-Wliteral-suffix]
2026-10-08T17:01:10.7894218Z   285 |             fprintf(stderr, "%4"PRIi64, range.begin);
2026-10-08T17:01:10.7894860Z       |                             ^
2026-10-08T17:01:10.7896226Z src/solver/utils/Options.h:291:29: warning: invalid suffix on literal; C++11 requires a space between literal and string macro [-Wliteral-suffix]
2026-10-08T17:01:10.7897227Z   291 |             fprintf(stderr, "%4"PRIi64, range.end);
2026-10-08T17:01:10.7897698Z       |                             ^
2026-10-08T17:01:10.7898619Z src/solver/utils/Options.h:293:25: warning: invalid suffix on literal; C++11 requires a space between literal and string macro [-Wliteral-suffix]
2026-10-08T17:01:10.7899643Z   293 |         fprintf(stderr, "] (default: %"PRIi64")\n", value);
2026-10-08T17:01:10.7900158Z       |                         ^
2026-10-08T17:01:10.7900771Z In file included from src/solver/Solver.h:53,
2026-10-08T17:01:10.7901251Z                  from src/solver/SimpSolver.h:37,
2026-10-08T17:01:10.7901727Z                  from src/solver/SimpSolver.cc:34:
2026-10-08T17:01:10.7902790Z src/solver/utils/Options.h:285:29: warning: invalid suffix on literal; C++11 requires a space between literal and string macro [-Wliteral-suffix]
2026-10-08T17:01:10.7903750Z   285 |             fprintf(stderr, "%4"PRIi64, range.begin);
2026-10-08T17:01:10.7904230Z       |                             ^
2026-10-08T17:01:10.7905129Z src/solver/utils/Options.h:291:29: warning: invalid suffix on literal; C++11 requires a space between literal and string macro [-Wliteral-suffix]
2026-10-08T17:01:10.7906122Z   291 |             fprintf(stderr, "%4"PRIi64, range.end);
2026-10-08T17:01:10.7906931Z       |                             ^
2026-10-08T17:01:10.7907645Z src/solver/utils/Options.h:293:25: warning: invalid suffix on literal; C++11 requires a space between literal and string macro [-Wliteral-suffix]
2026-10-08T17:01:10.7908283Z   293 |         fprintf(stderr, "] (default: %"PRIi64")\n", value);
2026-10-08T17:01:10.7908608Z       |                         ^
2026-10-08T17:01:11.0043219Z src/solver/Solver.h: In constructor ‘Minisat::Solver::Solver()’:
2026-10-08T17:01:11.0045545Z src/solver/Solver.h:480:15: warning: ‘Minisat::Solver::my_var_decay’ will be initialized after [-Wreorder]
2026-10-08T17:01:11.0048316Z   480 |     double    my_var_decay;
2026-10-08T17:01:11.0049048Z       |               ^~~~~~~~~~~~
2026-10-08T17:01:11.0050879Z src/solver/Solver.h:293:42: warning:   ‘Minisat::Heap<Minisat::Solver::VarOrderLt> Minisat::Solver::order_heap_distance’ [-Wreorder]
2026-10-08T17:01:11.0052340Z   293 |                         order_heap_VSIDS,order_heap_distance;
2026-10-08T17:01:11.0053214Z       |                                          ^~~~~~~~~~~~~~~~~~~
2026-10-08T17:01:11.0054197Z src/solver/Solver.cc:143:1: warning:   when initialized here [-Wreorder]
2026-10-08T17:01:11.0055078Z   143 | Solver::Solver() :
2026-10-08T17:01:11.0055661Z       | ^~~~~~
2026-10-08T17:01:11.0056873Z src/solver/Solver.h:514:14: warning: ‘Minisat::Solver::lastOptimalCost’ will be initialized after [-Wreorder]
2026-10-08T17:01:11.0057999Z   514 |     uint64_t lastOptimalCost;
2026-10-08T17:01:11.0058626Z       |              ^~~~~~~~~~~~~~~
2026-10-08T17:01:11.0059757Z src/solver/Solver.h:513:40: warning:   ‘uint64_t Minisat::Solver::totalWeight’ [-Wreorder]
2026-10-08T17:01:11.0061100Z   513 |     uint64_t hardWeight, solutionCost, totalWeight, UB;
2026-10-08T17:01:11.0061888Z       |                                        ^~~~~~~~~~~
2026-10-08T17:01:11.0062755Z src/solver/Solver.cc:143:1: warning:   when initialized here [-Wreorder]
2026-10-08T17:01:11.0063639Z   143 | Solver::Solver() :
2026-10-08T17:01:11.0064233Z       | ^~~~~~
2026-10-08T17:01:11.0065476Z src/solver/Solver.h:707:25: warning: ‘Minisat::Solver::orderHeapAuxi’ will be initialized after [-Wreorder]
2026-10-08T17:01:11.0066612Z   707 |     Heap<VarOrderGt>    orderHeapAuxi;
2026-10-08T17:01:11.0067306Z       |                         ^~~~~~~~~~~~~
2026-10-08T17:01:11.0068418Z src/solver/Solver.h:619:25: warning:   ‘int Minisat::Solver::tier2_lbd_cut’ [-Wreorder]
2026-10-08T17:01:11.0069343Z   619 |     int                 tier2_lbd_cut;
2026-10-08T17:01:11.0070025Z       |                         ^~~~~~~~~~~~~
2026-10-08T17:01:11.0071054Z src/solver/Solver.cc:143:1: warning:   when initialized here [-Wreorder]
2026-10-08T17:01:11.0071906Z   143 | Solver::Solver() :
2026-10-08T17:01:11.0072457Z       | ^~~~~~
2026-10-08T17:01:11.0073691Z src/solver/Solver.h:663:9: warning: ‘Minisat::Solver::cardinalityEncMode’ will be initialized after [-Wreorder]
2026-10-08T17:01:11.0074808Z   663 |     int cardinalityEncMode;
2026-10-08T17:01:11.0075460Z       |         ^~~~~~~~~~~~~~~~~~
2026-10-08T17:01:11.0076627Z src/solver/Solver.h:644:14: warning:   ‘uint64_t Minisat::Solver::quasiSoftConflicts’ [-Wreorder]
2026-10-08T17:01:11.0077607Z   644 |     uint64_t quasiSoftConflicts;
2026-10-08T17:01:11.0078239Z       |              ^~~~~~~~~~~~~~~~~~
2026-10-08T17:01:11.0078999Z src/solver/Solver.cc:143:1: warning:   when initialized here [-Wreorder]
2026-10-08T17:01:11.0079778Z   143 | Solver::Solver() :
2026-10-08T17:01:11.0080498Z       | ^~~~~~
2026-10-08T17:01:11.0081565Z src/solver/Solver.h:696:14: warning: ‘Minisat::Solver::nbFixedByLH’ will be initialized after [-Wreorder]
2026-10-08T17:01:11.0082334Z   696 |     uint64_t nbFixedByLH;
2026-10-08T17:01:11.0082706Z       |              ^~~~~~~~~~~
2026-10-08T17:01:11.0083406Z src/solver/Solver.h:562:10: warning:   ‘bool Minisat::Solver::bestSolutionFound’ [-Wreorder]
2026-10-08T17:01:11.0083842Z   562 |     bool bestSolutionFound;
2026-10-08T17:01:11.0084093Z       |          ^~~~~~~~~~~~~~~~~
2026-10-08T17:01:11.0084833Z src/solver/Solver.cc:143:1: warning:   when initialized here [-Wreorder]
2026-10-08T17:01:11.0085371Z   143 | Solver::Solver() :
2026-10-08T17:01:11.0085593Z       | ^~~~~~
2026-10-08T17:01:11.0086139Z src/solver/Solver.h:564:9: warning: ‘Minisat::Solver::nbSatLitsAtStart’ will be initialized after [-Wreorder]
2026-10-08T17:01:11.0086618Z   564 |     int nbSatLitsAtStart;
2026-10-08T17:01:11.0086867Z       |         ^~~~~~~~~~~~~~~~
2026-10-08T17:01:11.0087339Z src/solver/Solver.h:560:9: warning:   ‘int Minisat::Solver::bounds_pipe_w’ [-Wreorder]
2026-10-08T17:01:11.0087753Z   560 |     int bounds_pipe_w;
2026-10-08T17:01:11.0087990Z       |         ^~~~~~~~~~~~~
2026-10-08T17:01:11.0088321Z src/solver/Solver.cc:143:1: warning:   when initialized here [-Wreorder]
2026-10-08T17:01:11.0088681Z   143 | Solver::Solver() :
2026-10-08T17:01:11.0088900Z       | ^~~~~~
2026-10-08T17:01:11.0130738Z src/solver/Solver.cc: In member function ‘Minisat::CRef Minisat::Solver::simplePropagate()’:
2026-10-08T17:01:11.0132415Z src/solver/Solver.cc:316:27: warning: comparison of integer expressions of different signedness: ‘unsigned int’ and ‘int’ [-Wsign-compare]
2026-10-08T17:01:11.0133400Z   316 |         if (c.lastPoint() > c.size())
2026-10-08T17:01:11.0133844Z       |             ~~~~~~~~~~~~~~^~~~~~~~~~
2026-10-08T17:01:11.0134910Z src/solver/Solver.cc:335:27: warning: comparison of integer expressions of different signedness: ‘int’ and ‘unsigned int’ [-Wsign-compare]
2026-10-08T17:01:11.0135904Z   335 |         for (int k = 2; k < c.lastPoint(); k++) {
2026-10-08T17:01:11.0136381Z       |                         ~~^~~~~~~~~~~~~~~
2026-10-08T17:01:11.0139905Z src/solver/Solver.cc:381:63: warning: comparison of integer expressions of different signedness: ‘int’ and ‘uint64_t’ {aka ‘long unsigned int’} [-Wsign-compare]
2026-10-08T17:01:11.0141283Z   381 |     if (confl == CRef_Undef && falseLits.size() + rootNbIsets >= UB)
2026-10-08T17:01:11.0141920Z       |                                ~~~~~~~~~~~~~~~~~~~~~~~~~~~~~~~^~~~~
2026-10-08T17:01:11.0208488Z src/solver/Solver.cc: In member function ‘bool Minisat::Solver::simplifyLearnt_core()’:
2026-10-08T17:01:11.0209855Z src/solver/Solver.cc:787:34: warning: comparison of integer expressions of different signedness: ‘unsigned int’ and ‘int’ [-Wsign-compare]
2026-10-08T17:01:11.0210606Z   787 |                     if (nblevels < c.lbd()){
2026-10-08T17:01:11.0210921Z       |                         ~~~~~~~~~^~~~~~~~~
2026-10-08T17:01:11.0211465Z src/solver/Solver.cc:721:9: warning: unused variable ‘learnts_core_size_before’ [-Wunused-variable]
2026-10-08T17:01:11.0211978Z   721 |     int learnts_core_size_before = learnts_core.size();
2026-10-08T17:01:11.0212304Z       |         ^~~~~~~~~~~~~~~~~~~~~~~~
2026-10-08T17:01:11.0224743Z src/solver/Solver.cc: In member function ‘bool Minisat::Solver::simplifyLearnt_tier2()’:
2026-10-08T17:01:11.0226122Z src/solver/Solver.cc:895:34: warning: comparison of integer expressions of different signedness: ‘unsigned int’ and ‘int’ [-Wsign-compare]
2026-10-08T17:01:11.0227182Z   895 |                     if (nblevels < c.lbd()){
2026-10-08T17:01:11.0227495Z       |                         ~~~~~~~~~^~~~~~~~~
2026-10-08T17:01:11.0228061Z src/solver/Solver.cc:823:9: warning: unused variable ‘learnts_tier2_size_before’ [-Wunused-variable]
2026-10-08T17:01:11.0228573Z   823 |     int learnts_tier2_size_before = learnts_tier2.size();
2026-10-08T17:01:11.0228898Z       |         ^~~~~~~~~~~~~~~~~~~~~~~~~
2026-10-08T17:01:11.0229409Z src/solver/Solver.cc:828:9: warning: variable ‘limit’ set but not used [-Wunused-but-set-variable]
2026-10-08T17:01:11.0229884Z   828 |     int limit;
2026-10-08T17:01:11.0230099Z       |         ^~~~~
2026-10-08T17:01:11.0480657Z src/solver/Solver.cc: In member function ‘bool Minisat::Solver::failedLiteralDetection()’:
2026-10-08T17:01:11.0481829Z src/solver/Solver.cc:1038:100: warning: format ‘%llu’ expects argument of type ‘long long unsigned int’, but argument 7 has type ‘uint64_t’ {aka ‘long unsigned int’} [-Wformat=]
2026-10-08T17:01:11.0483169Z  1038 |   printf("c nbFailedLits %d, nbI %d, fixedVarsByFL %d, totalFixedVars %d, nbTested: %d, counter %llu\n",
2026-10-08T17:01:11.0483960Z       |                                                                                                 ~~~^
2026-10-08T17:01:11.0484400Z       |                                                                                                    |
2026-10-08T17:01:11.0484820Z       |                                                                                                    long long unsigned int
2026-10-08T17:01:11.0485256Z       |                                                                                                 %lu
2026-10-08T17:01:11.0485791Z  1039 |          nbFailedLits, nbI, trail.size()-initTrail, trail.size(), nbTested, counter);
2026-10-08T17:01:11.0486286Z       |                                                                             ~~~~~~~                 
2026-10-08T17:01:11.0486676Z       |                                                                             |
2026-10-08T17:01:11.0487082Z       |                                                                             uint64_t {aka long unsigned int}
2026-10-08T17:01:11.0489486Z src/solver/Solver.cc: In member function ‘bool Minisat::Solver::simplifyOriginalClauses()’:
2026-10-08T17:01:11.0491034Z src/solver/Solver.cc:1179:40: warning: format ‘%llu’ expects argument of type ‘long long unsigned int’, but argument 2 has type ‘uint64_t’ {aka ‘long unsigned int’} [-Wformat=]
2026-10-08T17:01:11.0491797Z  1179 |     printf("c total nb of literals: %llu\n", clauses_literals);
2026-10-08T17:01:11.0492178Z       |                                     ~~~^     ~~~~~~~~~~~~~~~~
2026-10-08T17:01:11.0492491Z       |                                        |     |
2026-10-08T17:01:11.0492817Z       |                                        |     uint64_t {aka long unsigned int}
2026-10-08T17:01:11.0493192Z       |                                        long long unsigned int
2026-10-08T17:01:11.0493499Z       |                                     %lu
2026-10-08T17:01:11.0497457Z src/solver/Solver.cc:1173:25: warning: unused variable ‘nbOriginalClauses_before’ [-Wunused-variable]
2026-10-08T17:01:11.0498707Z  1173 |     int last_shorten=0, nbOriginalClauses_before = clauses.size();
2026-10-08T17:01:11.0499287Z       |                         ^~~~~~~~~~~~~~~~~~~~~~~~
2026-10-08T17:01:11.0500035Z src/solver/Solver.cc:1185:17: warning: unused variable ‘begin_simp_time’ [-Wunused-variable]
2026-10-08T17:01:11.0500732Z  1185 |     double      begin_simp_time = cpuTime();
2026-10-08T17:01:11.0501041Z       |                 ^~~~~~~~~~~~~~~
2026-10-08T17:01:11.0501571Z src/solver/Solver.cc:1250:12: warning: variable ‘avg’ set but not used [-Wunused-but-set-variable]
2026-10-08T17:01:11.0502025Z  1250 |     double avg;
2026-10-08T17:01:11.0502247Z       |            ^~~
2026-10-08T17:01:11.0600823Z src/solver/Solver.cc: In member function ‘Minisat::CRef Minisat::Solver::propagate()’:
2026-10-08T17:01:11.0602413Z src/solver/Solver.cc:2005:31: warning: comparison of integer expressions of different signedness: ‘unsigned int’ and ‘int’ [-Wsign-compare]
2026-10-08T17:01:11.0603481Z  2005 |             if (c.lastPoint() > c.size())
2026-10-08T17:01:11.0603957Z       |                 ~~~~~~~~~~~~~~^~~~~~~~~~
2026-10-08T17:01:11.0605176Z src/solver/Solver.cc:2024:31: warning: comparison of integer expressions of different signedness: ‘int’ and ‘unsigned int’ [-Wsign-compare]
2026-10-08T17:01:11.0606242Z  2024 |             for (int k = 2; k < c.lastPoint(); k++) {
2026-10-08T17:01:11.0606778Z       |                             ~~^~~~~~~~~~~~~~~
2026-10-08T17:01:11.0608105Z src/solver/Solver.cc:2076:49: warning: comparison of integer expressions of different signedness: ‘int’ and ‘uint64_t’ {aka ‘long unsigned int’} [-Wsign-compare]
2026-10-08T17:01:11.0609288Z  2076 |     if (confl == CRef_Undef && falseLits.size() >= UB)
2026-10-08T17:01:11.0610517Z       |                                ~~~~~~~~~~~~~~~~~^~~~~
2026-10-08T17:01:11.0611651Z src/solver/Solver.cc:2072:1: warning: label ‘ExitProp’ defined but not used [-Wunused-label]
2026-10-08T17:01:11.0612379Z  2072 | ExitProp:;
2026-10-08T17:01:11.0612698Z       | ^~~~~~~~
2026-10-08T17:01:11.0625394Z In file included from src/solver/mtl/Sort.h:24,
2026-10-08T17:01:11.0625947Z                  from src/solver/SimpSolver.cc:33:
2026-10-08T17:01:11.0626986Z src/solver/mtl/Vec.h: In instantiation of ‘void Minisat::vec<T>::capacity(int) [with T = Minisat::vec<unsigned int>]’:
2026-10-08T17:01:11.0627862Z src/solver/mtl/Vec.h:115:13:   required from ‘void Minisat::vec<T>::growTo(int) [with T = Minisat::vec<unsigned int>]’
2026-10-08T17:01:11.0629039Z src/solver/SolverTypes.h:339:50:   required from ‘void Minisat::OccLists<Idx, Vec, Deleted>::init(const Idx&) [with Idx = int; Vec = Minisat::vec<unsigned int>; Deleted = Minisat::SimpSolver::ClauseDeleted]’
2026-10-08T17:01:11.0629948Z src/solver/SimpSolver.cc:98:24:   required from here
2026-10-08T17:01:11.0631798Z src/solver/mtl/Vec.h:99:54: warning: ‘void* realloc(void*, size_t)’ moving an object of non-trivially copyable type ‘class Minisat::vec<unsigned int>’; use ‘new’ and ‘delete’ instead [-Wclass-memaccess]
2026-10-08T17:01:11.0633102Z    99 |     if (add > INT_MAX - cap || ((data = (T*)::realloc(data, (cap += add) * sizeof(T))) == NULL) && errno == ENOMEM)
2026-10-08T17:01:11.0633643Z       |                                             ~~~~~~~~~^~~~~~~~~~~~~~~~~~~~~~~~~~~~~~~~
2026-10-08T17:01:11.0634217Z src/solver/mtl/Vec.h:38:7: note: ‘class Minisat::vec<unsigned int>’ declared here
2026-10-08T17:01:11.0634594Z    38 | class vec {
2026-10-08T17:01:11.0634798Z       |       ^~~
2026-10-08T17:01:11.0635371Z src/solver/Solver.cc: In member function ‘void Minisat::Solver::getAllUIP(Minisat::vec<Minisat::Lit>&, int&, int&)’:
2026-10-08T17:01:11.0636144Z src/solver/Solver.cc:2177:9: warning: variable ‘myLevel’ set but not used [-Wunused-but-set-variable]
2026-10-08T17:01:11.0636654Z  2177 |     int myLevel = decisionLevel() +1;
2026-10-08T17:01:11.0636945Z       |         ^~~~~~~
2026-10-08T17:01:11.0637560Z src/solver/Solver.cc: In member function ‘void Minisat::Solver::analyzeSoftConflict(Minisat::vec<Minisat::Lit>&, int&, int&)’:
2026-10-08T17:01:11.0638578Z src/solver/Solver.cc:2196:26: warning: comparison of integer expressions of different signedness: ‘int’ and ‘uint64_t’ {aka ‘long unsigned int’} [-Wsign-compare]
2026-10-08T17:01:11.0639223Z  2196 |     if (falseLits.size() >= UB)
2026-10-08T17:01:11.0639490Z       |         ~~~~~~~~~~~~~~~~~^~~~~
2026-10-08T17:01:11.0640412Z src/solver/Solver.cc:2206:26: warning: comparison of integer expressions of different signedness: ‘int’ and ‘uint64_t’ {aka ‘long unsigned int’} [-Wsign-compare]
2026-10-08T17:01:11.0641076Z  2206 |     if (falseLits.size() > UB) {
2026-10-08T17:01:11.0641341Z       |         ~~~~~~~~~~~~~~~~~^~~~
2026-10-08T17:01:11.0686833Z src/solver/Solver.cc: In member function ‘bool Minisat::Solver::simplifyLearnt_local()’:
2026-10-08T17:01:11.0688625Z src/solver/Solver.cc:2631:34: warning: comparison of integer expressions of different signedness: ‘unsigned int’ and ‘int’ [-Wsign-compare]
2026-10-08T17:01:11.0690026Z  2631 |                     if (nblevels < c.lbd()){
2026-10-08T17:01:11.0690971Z       |                         ~~~~~~~~~^~~~~~~~~
2026-10-08T17:01:11.0692169Z src/solver/Solver.cc:2559:7: warning: unused variable ‘learnts_local_size_before’ [-Wunused-variable]
2026-10-08T17:01:11.0693235Z  2559 |   int learnts_local_size_before = learnts_local.size();
2026-10-08T17:01:11.0693940Z       |       ^~~~~~~~~~~~~~~~~~~~~~~~~
2026-10-08T17:01:11.0694881Z src/solver/Solver.cc:2560:7: warning: unused variable ‘savedTrail’ [-Wunused-variable]
2026-10-08T17:01:11.0695727Z  2560 |   int savedTrail = trail.size();
2026-10-08T17:01:11.0696283Z       |       ^~~~~~~~~~
2026-10-08T17:01:11.0705143Z src/solver/Solver.cc: In member function ‘void Minisat::Solver::reduceDB_core()’:
2026-10-08T17:01:11.0706792Z src/solver/Solver.cc:2772:9: warning: unused variable ‘totalLocalSize’ [-Wunused-variable]
2026-10-08T17:01:11.0707615Z  2772 |     int totalLocalSize=0, removedSize=0;
2026-10-08T17:01:11.0707914Z       |         ^~~~~~~~~~~~~~
2026-10-08T17:01:11.0708411Z src/solver/Solver.cc:2772:27: warning: unused variable ‘removedSize’ [-Wunused-variable]
2026-10-08T17:01:11.0708855Z  2772 |     int totalLocalSize=0, removedSize=0;
2026-10-08T17:01:11.0709146Z       |                           ^~~~~~~~~~~
2026-10-08T17:01:11.0737022Z src/solver/Solver.cc: In member function ‘Minisat::CRef Minisat::Solver::lPropagate()’:
2026-10-08T17:01:11.0738292Z src/solver/Solver.cc:3022:20: warning: comparison of integer expressions of different signedness: ‘uint64_t’ {aka ‘long unsigned int’} and ‘int’ [-Wsign-compare]
2026-10-08T17:01:11.0739086Z  3022 |   if (UB > 1 && UB == falseLits.size() + 1 && decisionLevel() < hardenLevel) {
2026-10-08T17:01:11.0739482Z       |                 ~~~^~~~~~~~~~~~~~~~~~~~~~~
2026-10-08T17:01:11.0764360Z src/solver/Solver.cc: In member function ‘void Minisat::Solver::identifyClausesToSplit(Minisat::vec<unsigned int>&)’:
2026-10-08T17:01:11.0766296Z src/solver/Solver.cc:3170:46: warning: comparison of integer expressions of different signedness: ‘int’ and ‘uint64_t’ {aka ‘long unsigned int’} [-Wsign-compare]
2026-10-08T17:01:11.0767734Z  3170 |     for(j=i+1; j<cs.size() && 2*nbCommunLits >= UB; j++) {
2026-10-08T17:01:11.0768482Z       |                               ~~~~~~~~~~~~~~~^~~~~
2026-10-08T17:01:11.0847762Z src/solver/Solver.cc: In member function ‘Minisat::lbool Minisat::Solver::search(int&)’:
2026-10-08T17:01:11.0849162Z src/solver/Solver.cc:3821:31: warning: format ‘%llu’ expects argument of type ‘long long unsigned int’, but argument 2 has type ‘uint64_t’ {aka ‘long unsigned int’} [-Wformat=]
2026-10-08T17:01:11.0850833Z  3821 |               printf("c UB=%llu succs, confls=%llu, hconfls=%llu, core %d, tier2 %d, local %d,  %d soft cls unsat (%d at L0), %d fixed vars at L0, softCnfl %d, nbFlyRd %d, nbFixedLH %llu\n",
2026-10-08T17:01:11.0851637Z       |                            ~~~^
2026-10-08T17:01:11.0852050Z       |                               |
2026-10-08T17:01:11.0852457Z       |                               long long unsigned int
2026-10-08T17:01:11.0852880Z       |                            %lu
2026-10-08T17:01:11.0853555Z  3822 |                      UB, conflicts, conflicts-softConflicts, learnts_core.size(), learnts_tier2.size(), learnts_local.size(),
2026-10-08T17:01:11.0854206Z       |                      ~~        
2026-10-08T17:01:11.0854592Z       |                      |
2026-10-08T17:01:11.0854995Z       |                      uint64_t {aka long unsigned int}
2026-10-08T17:01:11.0856065Z src/solver/Solver.cc:3821:50: warning: format ‘%llu’ expects argument of type ‘long long unsigned int’, but argument 3 has type ‘uint64_t’ {aka ‘long unsigned int’} [-Wformat=]
2026-10-08T17:01:11.0857274Z  3821 |               printf("c UB=%llu succs, confls=%llu, hconfls=%llu, core %d, tier2 %d, local %d,  %d soft cls unsat (%d at L0), %d fixed vars at L0, softCnfl %d, nbFlyRd %d, nbFixedLH %llu\n",
2026-10-08T17:01:11.0858068Z       |                                               ~~~^
2026-10-08T17:01:11.0858491Z       |                                                  |
2026-10-08T17:01:11.0858937Z       |                                                  long long unsigned int
2026-10-08T17:01:11.0859400Z       |                                               %lu
2026-10-08T17:01:11.0860065Z  3822 |                      UB, conflicts, conflicts-softConflicts, learnts_core.size(), learnts_tier2.size(), learnts_local.size(),
2026-10-08T17:01:11.0861043Z       |                          ~~~~~~~~~                
2026-10-08T17:01:11.0861484Z       |                          |
2026-10-08T17:01:11.0861904Z       |                          uint64_t {aka long unsigned int}
2026-10-08T17:01:11.0863432Z src/solver/Solver.cc:3821:64: warning: format ‘%llu’ expects argument of type ‘long long unsigned int’, but argument 4 has type ‘uint64_t’ {aka ‘long unsigned int’} [-Wformat=]
2026-10-08T17:01:11.0864641Z  3821 |               printf("c UB=%llu succs, confls=%llu, hconfls=%llu, core %d, tier2 %d, local %d,  %d soft cls unsat (%d at L0), %d fixed vars at L0, softCnfl %d, nbFlyRd %d, nbFixedLH %llu\n",
2026-10-08T17:01:11.0865306Z       |                                                             ~~~^
2026-10-08T17:01:11.0865635Z       |                                                                |
2026-10-08T17:01:11.0865977Z       |                                                                long long unsigned int
2026-10-08T17:01:11.0866332Z       |                                                             %lu
2026-10-08T17:01:11.0866879Z  3822 |                      UB, conflicts, conflicts-softConflicts, learnts_core.size(), learnts_tier2.size(), learnts_local.size(),
2026-10-08T17:01:11.0867408Z       |                                     ~~~~~~~~~~~~~~~~~~~~~~~     
2026-10-08T17:01:11.0867723Z       |                                              |
2026-10-08T17:01:11.0868056Z       |                                              uint64_t {aka long unsigned int}
2026-10-08T17:01:11.0868934Z src/solver/Solver.cc:3821:186: warning: format ‘%llu’ expects argument of type ‘long long unsigned int’, but argument 13 has type ‘uint64_t’ {aka ‘long unsigned int’} [-Wformat=]
2026-10-08T17:01:11.0869968Z  3821 |               printf("c UB=%llu succs, confls=%llu, hconfls=%llu, core %d, tier2 %d, local %d,  %d soft cls unsat (%d at L0), %d fixed vars at L0, softCnfl %d, nbFlyRd %d, nbFixedLH %llu\n",
2026-10-08T17:01:11.0871040Z       |                                                                                                                                                                                       ~~~^
2026-10-08T17:01:11.0871662Z       |                                                                                                                                                                                          |
2026-10-08T17:01:11.0872304Z       |                                                                                                                                                                                          long long unsigned int
2026-10-08T17:01:11.0872946Z       |                                                                                                                                                                                       %lu
2026-10-08T17:01:11.0873652Z  3822 |                      UB, conflicts, conflicts-softConflicts, learnts_core.size(), learnts_tier2.size(), learnts_local.size(),
2026-10-08T17:01:11.0874352Z  3823 |                      falseLits.size(), nbFalses, nbFixeds, pureSoftConfl, nbFlyReduced, nbFixedByLH);
2026-10-08T17:01:11.0874960Z       |                                                                                         ~~~~~~~~~~~                                                                                       
2026-10-08T17:01:11.0875457Z       |                                                                                         |
2026-10-08T17:01:11.0875937Z       |                                                                                         uint64_t {aka long unsigned int}
2026-10-08T17:01:11.0876856Z src/solver/Solver.cc:3825:48: warning: format ‘%llu’ expects argument of type ‘long long unsigned int’, but argument 3 has type ‘uint64_t’ {aka ‘long unsigned int’} [-Wformat=]
2026-10-08T17:01:11.0877883Z  3825 |               printf("c nbHardens %d (fixed %llu), shorten: %llu, prunedLB %4.2f, dev %4.2f, succRate %4.2f, nbSucc %llu, lk: %llu, shorten: %llu, quasiC: %llu (fixed: %llu)\n\n",
2026-10-08T17:01:11.0878518Z       |                                             ~~~^
2026-10-08T17:01:11.0878804Z       |                                                |
2026-10-08T17:01:11.0879123Z       |                                                long long unsigned int
2026-10-08T17:01:11.0879608Z       |                                             %lu
2026-10-08T17:01:11.0880912Z  3826 |                      nbHardens, fixedByHardens, nbSavedLits, meanLB, dev, succRate, nbLKsuccess-savednbLKsuccess, LOOKAHEAD-savedLOOKAHEAD, nbSavedLits, quasiSoftConflicts, fixedByQuasiConfl);
2026-10-08T17:01:11.0881689Z       |                                 ~~~~~~~~~~~~~~  
2026-10-08T17:01:11.0881962Z       |                                 |
2026-10-08T17:01:11.0882267Z       |                                 uint64_t {aka long unsigned int}
2026-10-08T17:01:11.0883122Z src/solver/Solver.cc:3825:64: warning: format ‘%llu’ expects argument of type ‘long long unsigned int’, but argument 4 has type ‘uint64_t’ {aka ‘long unsigned int’} [-Wformat=]
2026-10-08T17:01:11.0884141Z  3825 |               printf("c nbHardens %d (fixed %llu), shorten: %llu, prunedLB %4.2f, dev %4.2f, succRate %4.2f, nbSucc %llu, lk: %llu, shorten: %llu, quasiC: %llu (fixed: %llu)\n\n",
2026-10-08T17:01:11.0884801Z       |                                                             ~~~^
2026-10-08T17:01:11.0885129Z       |                                                                |
2026-10-08T17:01:11.0885488Z       |                                                                long long unsigned int
2026-10-08T17:01:11.0885847Z       |                                                             %lu
2026-10-08T17:01:11.0886648Z  3826 |                      nbHardens, fixedByHardens, nbSavedLits, meanLB, dev, succRate, nbLKsuccess-savednbLKsuccess, LOOKAHEAD-savedLOOKAHEAD, nbSavedLits, quasiSoftConflicts, fixedByQuasiConfl);
2026-10-08T17:01:11.0887418Z       |                                                 ~~~~~~~~~~~     
2026-10-08T17:01:11.0887722Z       |                                                 |
2026-10-08T17:01:11.0888045Z       |                                                 uint64_t {aka long unsigned int}
2026-10-08T17:01:11.0889172Z src/solver/Solver.cc:3825:120: warning: format ‘%llu’ expects argument of type ‘long long unsigned int’, but argument 8 has type ‘uint64_t’ {aka ‘long unsigned int’} [-Wformat=]
2026-10-08T17:01:11.0891039Z  3825 |               printf("c nbHardens %d (fixed %llu), shorten: %llu, prunedLB %4.2f, dev %4.2f, succRate %4.2f, nbSucc %llu, lk: %llu, shorten: %llu, quasiC: %llu (fixed: %llu)\n\n",
2026-10-08T17:01:11.0892044Z       |                                                                                                                     ~~~^
2026-10-08T17:01:11.0892509Z       |                                                                                                                        |
2026-10-08T17:01:11.0892991Z       |                                                                                                                        long long unsigned int
2026-10-08T17:01:11.0893481Z       |                                                                                                                     %lu
2026-10-08T17:01:11.0894467Z  3826 |                      nbHardens, fixedByHardens, nbSavedLits, meanLB, dev, succRate, nbLKsuccess-savednbLKsuccess, LOOKAHEAD-savedLOOKAHEAD, nbSavedLits, quasiSoftConflicts, fixedByQuasiConfl);
2026-10-08T17:01:11.0895915Z       |                                                                                     ~~~~~~~~~~~~~~~~~~~~~~~~~~~~        
2026-10-08T17:01:11.0896349Z       |                                                                                                |
2026-10-08T17:01:11.0896798Z       |                                                                                                uint64_t {aka long unsigned int}
2026-10-08T17:01:11.0897784Z src/solver/Solver.cc:3825:130: warning: format ‘%llu’ expects argument of type ‘long long unsigned int’, but argument 9 has type ‘uint64_t’ {aka ‘long unsigned int’} [-Wformat=]
2026-10-08T17:01:11.0898846Z  3825 |               printf("c nbHardens %d (fixed %llu), shorten: %llu, prunedLB %4.2f, dev %4.2f, succRate %4.2f, nbSucc %llu, lk: %llu, shorten: %llu, quasiC: %llu (fixed: %llu)\n\n",
2026-10-08T17:01:11.0899768Z       |                                                                                                                               ~~~^
2026-10-08T17:01:11.0901127Z       |                                                                                                                                  |
2026-10-08T17:01:11.0901649Z       |                                                                                                                                  long long unsigned int
2026-10-08T17:01:11.0902164Z       |                                                                                                                               %lu
2026-10-08T17:01:11.0903043Z  3826 |                      nbHardens, fixedByHardens, nbSavedLits, meanLB, dev, succRate, nbLKsuccess-savednbLKsuccess, LOOKAHEAD-savedLOOKAHEAD, nbSavedLits, quasiSoftConflicts, fixedByQuasiConfl);
2026-10-08T17:01:11.0903914Z       |                                                                                                                   ~~~~~~~~~~~~~~~~~~~~~~~~
2026-10-08T17:01:11.0904405Z       |                                                                                                                            |
2026-10-08T17:01:11.0904909Z       |                                                                                                                            uint64_t {aka long unsigned int}
2026-10-08T17:01:11.0905871Z src/solver/Solver.cc:3825:145: warning: format ‘%llu’ expects argument of type ‘long long unsigned int’, but argument 10 has type ‘uint64_t’ {aka ‘long unsigned int’} [-Wformat=]
2026-10-08T17:01:11.0906896Z  3825 |               printf("c nbHardens %d (fixed %llu), shorten: %llu, prunedLB %4.2f, dev %4.2f, succRate %4.2f, nbSucc %llu, lk: %llu, shorten: %llu, quasiC: %llu (fixed: %llu)\n\n",
2026-10-08T17:01:11.0907641Z       |                                                                                                                                              ~~~^
2026-10-08T17:01:11.0908156Z       |                                                                                                                                                 |
2026-10-08T17:01:11.0908693Z       |                                                                                                                                                 long long unsigned int
2026-10-08T17:01:11.0909227Z       |                                                                                                                                              %lu
2026-10-08T17:01:11.0910091Z  3826 |                      nbHardens, fixedByHardens, nbSavedLits, meanLB, dev, succRate, nbLKsuccess-savednbLKsuccess, LOOKAHEAD-savedLOOKAHEAD, nbSavedLits, quasiSoftConflicts, fixedByQuasiConfl);
2026-10-08T17:01:11.0911089Z       |                                                                                                                                             ~~~~~~~~~~~
2026-10-08T17:01:11.0911603Z       |                                                                                                                                             |
2026-10-08T17:01:11.0912143Z       |                                                                                                                                             uint64_t {aka long unsigned int}
2026-10-08T17:01:11.0913095Z src/solver/Solver.cc:3825:159: warning: format ‘%llu’ expects argument of type ‘long long unsigned int’, but argument 11 has type ‘uint64_t’ {aka ‘long unsigned int’} [-Wformat=]
2026-10-08T17:01:11.0914129Z  3825 |               printf("c nbHardens %d (fixed %llu), shorten: %llu, prunedLB %4.2f, dev %4.2f, succRate %4.2f, nbSucc %llu, lk: %llu, shorten: %llu, quasiC: %llu (fixed: %llu)\n\n",
2026-10-08T17:01:11.0914874Z       |                                                                                                                                                            ~~~^
2026-10-08T17:01:11.0915558Z       |                                                                                                                                                               |
2026-10-08T17:01:11.0916237Z       |                                                                                                                                                               long long unsigned int
2026-10-08T17:01:11.0916800Z       |                                                                                                                                                            %lu
2026-10-08T17:01:11.0917685Z  3826 |                      nbHardens, fixedByHardens, nbSavedLits, meanLB, dev, succRate, nbLKsuccess-savednbLKsuccess, LOOKAHEAD-savedLOOKAHEAD, nbSavedLits, quasiSoftConflicts, fixedByQuasiConfl);
2026-10-08T17:01:11.0918570Z       |                                                                                                                                                          ~~~~~~~~~~~~~~~~~~
2026-10-08T17:01:11.0919116Z       |                                                                                                                                                          |
2026-10-08T17:01:11.0919678Z       |                                                                                                                                                          uint64_t {aka long unsigned int}
2026-10-08T17:01:11.0920871Z src/solver/Solver.cc:3825:172: warning: format ‘%llu’ expects argument of type ‘long long unsigned int’, but argument 12 has type ‘uint64_t’ {aka ‘long unsigned int’} [-Wformat=]
2026-10-08T17:01:11.0922164Z  3825 |               printf("c nbHardens %d (fixed %llu), shorten: %llu, prunedLB %4.2f, dev %4.2f, succRate %4.2f, nbSucc %llu, lk: %llu, shorten: %llu, quasiC: %llu (fixed: %llu)\n\n",
2026-10-08T17:01:11.0923141Z       |                                                                                                                                                                         ~~~^
2026-10-08T17:01:11.0923847Z       |                                                                                                                                                                            |
2026-10-08T17:01:11.0924609Z       |                                                                                                                                                                            long long unsigned int
2026-10-08T17:01:11.0925356Z       |                                                                                                                                                                         %lu
2026-10-08T17:01:11.0926511Z  3826 |                      nbHardens, fixedByHardens, nbSavedLits, meanLB, dev, succRate, nbLKsuccess-savednbLKsuccess, LOOKAHEAD-savedLOOKAHEAD, nbSavedLits, quasiSoftConflicts, fixedByQuasiConfl);
2026-10-08T17:01:11.0927643Z       |                                                                                                                                                                              ~~~~~~~~~~~~~~~~~
2026-10-08T17:01:11.0928369Z       |                                                                                                                                                                              |
2026-10-08T17:01:11.0929431Z       |                                                                                                                                                                              uint64_t {aka long unsigned int}
2026-10-08T17:01:11.0930902Z src/solver/Solver.cc: In member function ‘Minisat::CRef Minisat::Solver::propagateForLK()’:
2026-10-08T17:01:11.0931783Z src/solver/Solver.cc:3984:27: warning: comparison of integer expressions of different signedness: ‘unsigned int’ and ‘int’ [-Wsign-compare]
2026-10-08T17:01:11.0932404Z  3984 |         if (c.lastPoint() > c.size())
2026-10-08T17:01:11.0932901Z       |             ~~~~~~~~~~~~~~^~~~~~~~~~
2026-10-08T17:01:11.0934141Z src/solver/Solver.cc:4003:27: warning: comparison of integer expressions of different signedness: ‘int’ and ‘unsigned int’ [-Wsign-compare]
2026-10-08T17:01:11.0934899Z  4003 |         for (int k = 2; k < c.lastPoint(); k++) {
2026-10-08T17:01:11.0935214Z       |                         ~~^~~~~~~~~~~~~~~
2026-10-08T17:01:11.1007367Z src/solver/Solver.cc: In member function ‘void Minisat::Solver::analyzeQuasiSoftConflict(Minisat::vec<Minisat::Lit>&, int&, int&)’:
2026-10-08T17:01:11.1008594Z src/solver/Solver.cc:4502:26: warning: comparison of integer expressions of different signedness: ‘int’ and ‘uint64_t’ {aka ‘long unsigned int’} [-Wsign-compare]
2026-10-08T17:01:11.1009287Z  4502 |     if (falseLits.size() > UB) {
2026-10-08T17:01:11.1009558Z       |         ~~~~~~~~~~~~~~~~~^~~~
2026-10-08T17:01:11.1051575Z src/solver/Solver.cc: In member function ‘bool Minisat::Solver::lookahead()’:
2026-10-08T17:01:11.1052844Z src/solver/Solver.cc:4843:17: warning: comparison of integer expressions of different signedness: ‘uint64_t’ {aka ‘long unsigned int’} and ‘int’ [-Wsign-compare]
2026-10-08T17:01:11.1053560Z  4843 |   if (conflicts > prevConflicts) {
2026-10-08T17:01:11.1053846Z       |       ~~~~~~~~~~^~~~~~~~~~~~~~~
2026-10-08T17:01:11.1087779Z src/solver/Solver.cc: In member function ‘void Minisat::Solver::addHardClausesForSoftClauses()’:
2026-10-08T17:01:11.1089078Z src/solver/Solver.cc:5088:70: warning: format ‘%llu’ expects argument of type ‘long long unsigned int’, but argument 5 has type ‘uint64_t’ {aka ‘long unsigned int’} [-Wformat=]
2026-10-08T17:01:11.1089866Z  5088 |   printf("c nb soft clauses: %d, of which %d unit, %d nonUnit and %llu empty\n",
2026-10-08T17:01:11.1090524Z       |                                                                   ~~~^
2026-10-08T17:01:11.1090876Z       |                                                                      |
2026-10-08T17:01:11.1091242Z       |                                                                      long long unsigned int
2026-10-08T17:01:11.1091637Z       |                                                                   %lu
2026-10-08T17:01:11.1092057Z  5089 |          softClauses.size(), nbUnitSoft, nbNonUnitSoft, solutionCost);
2026-10-08T17:01:11.1092437Z       |                                                         ~~~~~~~~~~~~  
2026-10-08T17:01:11.1092753Z       |                                                         |
2026-10-08T17:01:11.1093109Z       |                                                         uint64_t {aka long unsigned int}
2026-10-08T17:01:11.1115504Z src/solver/Solver.cc: In member function ‘void Minisat::Solver::printBestSolution() const’:
2026-10-08T17:01:11.1117024Z src/solver/Solver.cc:5239:49: warning: format ‘%llu’ expects argument of type ‘long long unsigned int’, but argument 2 has type ‘long unsigned int’ [-Wformat=]
2026-10-08T17:01:11.1118135Z  5239 |     printf("c   unsat soft clauses (search): %llu\n", bestSup);
2026-10-08T17:01:11.1118738Z       |                                              ~~~^     ~~~~~~~
2026-10-08T17:01:11.1119167Z       |                                                 |     |
2026-10-08T17:01:11.1119633Z       |                                                 |     long unsigned int
2026-10-08T17:01:11.1120120Z       |                                                 long long unsigned int
2026-10-08T17:01:11.1120781Z       |                                              %lu
2026-10-08T17:01:11.1122117Z src/solver/Solver.cc:5240:53: warning: format ‘%llu’ expects argument of type ‘long long unsigned int’, but argument 2 has type ‘uint64_t’ {aka ‘long unsigned int’} [-Wformat=]
2026-10-08T17:01:11.1123278Z  5240 |     printf("c   satisfied soft clauses (maxsat): %llu\n", maxsat);
2026-10-08T17:01:11.1123853Z       |                                                  ~~~^     ~~~~~~
2026-10-08T17:01:11.1124342Z       |                                                     |     |
2026-10-08T17:01:11.1125305Z       |                                                     |     uint64_t {aka long unsigned int}
2026-10-08T17:01:11.1125881Z       |                                                     long long unsigned int
2026-10-08T17:01:11.1126544Z       |                                                  %lu
2026-10-08T17:01:11.1127834Z src/solver/Solver.cc:5241:39: warning: format ‘%llu’ expects argument of type ‘long long unsigned int’, but argument 2 has type ‘uint64_t’ {aka ‘long unsigned int’} [-Wformat=]
2026-10-08T17:01:11.1131253Z  5241 |     printf("c   total weight cost: %llu\n", optimal);
2026-10-08T17:01:11.1131993Z       |                                    ~~~^     ~~~~~~~
2026-10-08T17:01:11.1132624Z       |                                       |     |
2026-10-08T17:01:11.1133306Z       |                                       |     uint64_t {aka long unsigned int}
2026-10-08T17:01:11.1134052Z       |                                       long long unsigned int
2026-10-08T17:01:11.1134712Z       |                                    %lu
2026-10-08T17:01:11.1135875Z src/solver/Solver.cc: In member function ‘void Minisat::Solver::checkSolution()’:
2026-10-08T17:01:11.1137861Z src/solver/Solver.cc:5257:15: warning: comparison of integer expressions of different signedness: ‘int’ and ‘uint64_t’ {aka ‘long unsigned int’} [-Wsign-compare]
2026-10-08T17:01:11.1142537Z  5257 |   if (nbFalse != falseLits.size()+fixedCostBySearch + relaxedCost)
2026-10-08T17:01:11.1143440Z       |       ~~~~~~~~^~~~~~~~~~~~~~~~~~~~~~~~~~~~~~~~~~~~~~~~~~~~~~~~~~~
2026-10-08T17:01:11.1145370Z src/solver/Solver.cc:5258:92: warning: format ‘%llu’ expects argument of type ‘long long unsigned int’, but argument 3 has type ‘uint64_t’ {aka ‘long unsigned int’} [-Wformat=]
2026-10-08T17:01:11.1147363Z  5258 |     printf("c **** error nb of false soft clauses real nbfalse: %d, recorded falseLits: %llu****\n",
2026-10-08T17:01:11.1148491Z       |                                                                                         ~~~^
2026-10-08T17:01:11.1149346Z       |                                                                                            |
2026-10-08T17:01:11.1150618Z       |                                                                                            long long unsigned int
2026-10-08T17:01:11.1151514Z       |                                                                                         %lu
2026-10-08T17:01:11.1152432Z  5259 |            nbFalse, falseLits.size()+fixedCostBySearch+relaxedCost);
2026-10-08T17:01:11.1153352Z       |                     ~~~~~~~~~~~~~~~~~~~~~~~~~~~~~~~~~~~~~~~~~~~~~~                          
2026-10-08T17:01:11.1154131Z       |                                                       |
2026-10-08T17:01:11.1154871Z       |                                                       uint64_t {aka long unsigned int}
2026-10-08T17:01:11.1156101Z src/solver/Solver.cc: In member function ‘void Minisat::Solver::partition()’:
2026-10-08T17:01:11.1157680Z src/solver/Solver.cc:5379:31: warning: comparison of integer expressions of different signedness: ‘unsigned int’ and ‘int’ [-Wsign-compare]
2026-10-08T17:01:11.1158921Z  5379 |         if (conflicted[var(q)]==iset.size()) {
2026-10-08T17:01:11.1160561Z src/solver/Solver.cc:5389:32: warning: comparison of integer expressions of different signedness: ‘unsigned int’ and ‘int’ [-Wsign-compare]
2026-10-08T17:01:11.1161776Z  5389 |         if (conflicted[var(q)] < iset.size())
2026-10-08T17:01:11.1163227Z src/solver/Solver.cc:5448:50: warning: comparison of integer expressions of different signedness: ‘unsigned int’ and ‘int’ [-Wsign-compare]
2026-10-08T17:01:11.1164540Z  5448 |         if (q != lit_Undef && conflicted[var(q)] == iset.size()) {
2026-10-08T17:01:11.1172177Z src/solver/Solver.cc:5513:38: warning: format ‘%llu’ expects argument of type ‘long long unsigned int’, but argument 3 has type ‘uint64_t’ {aka ‘long unsigned int’} [-Wformat=]
2026-10-08T17:01:11.1173741Z  5513 |   printf("c isets %d, derivedCost %llu\n", nbIsets, derivedCost);
2026-10-08T17:01:11.1174967Z       |                                   ~~~^              ~~~~~~~~~~~
2026-10-08T17:01:11.1175904Z       |                                      |              |
2026-10-08T17:01:11.1176636Z       |                                      |              uint64_t {aka long unsigned int}
2026-10-08T17:01:11.1177528Z       |                                      long long unsigned int
2026-10-08T17:01:11.1178187Z       |                                   %lu
2026-10-08T17:01:11.1209936Z src/solver/Solver.cc: In member function ‘Minisat::CRef Minisat::Solver::simplepropagateForLK()’:
2026-10-08T17:01:11.1211970Z src/solver/Solver.cc:5660:27: warning: comparison of integer expressions of different signedness: ‘unsigned int’ and ‘int’ [-Wsign-compare]
2026-10-08T17:01:11.1213276Z  5660 |         if (c.lastPoint() > c.size())
2026-10-08T17:01:11.1213920Z       |             ~~~~~~~~~~~~~~^~~~~~~~~~
2026-10-08T17:01:11.1215357Z src/solver/Solver.cc:5674:27: warning: comparison of integer expressions of different signedness: ‘int’ and ‘unsigned int’ [-Wsign-compare]
2026-10-08T17:01:11.1216727Z  5674 |         for (int k = 2; k < c.lastPoint(); k++) {
2026-10-08T17:01:11.1217427Z       |                         ~~^~~~~~~~~~~~~~~
2026-10-08T17:01:11.1287964Z src/solver/Solver.cc: In member function ‘void Minisat::Solver::addCardinalityConstraints()’:
2026-10-08T17:01:11.1297026Z src/solver/Solver.cc:6204:64: warning: format ‘%llu’ expects argument of type ‘long long unsigned int’, but argument 2 has type ‘uint64_t’ {aka ‘long unsigned int’} [-Wformat=]
2026-10-08T17:01:11.1303603Z  6204 |       printf("\nc Cardinality: off (soft-conflict only), UB %llu\n", UB);
2026-10-08T17:01:11.1304534Z       |                                                             ~~~^     ~~
2026-10-08T17:01:11.1307002Z       |                                                                |     |
2026-10-08T17:01:11.1307867Z       |                                                                |     uint64_t {aka long unsigned int}
2026-10-08T17:01:11.1308770Z       |                                                                long long unsigned int
2026-10-08T17:01:11.1309307Z       |                                                             %lu
2026-10-08T17:01:11.1311116Z src/solver/Solver.cc:6234:82: warning: comparison of integer expressions of different signedness: ‘int’ and ‘uint64_t’ {aka ‘long unsigned int’} [-Wsign-compare]
2026-10-08T17:01:11.1312761Z  6234 |   if (activeSoftLits.size() < 2 || UB - 1 - nbFalse < 1 || activeSoftLits.size() <= UB - 1 - nbFalse
2026-10-08T17:01:11.1313776Z       |                                                            ~~~~~~~~~~~~~~~~~~~~~~^~~~~~~~~~~~~~~~~~~
2026-10-08T17:01:11.1315476Z src/solver/Solver.cc:6253:46: warning: format ‘%llu’ expects argument of type ‘long long unsigned int’, but argument 4 has type ‘uint64_t’ {aka ‘long unsigned int’} [-Wformat=]
2026-10-08T17:01:11.1317081Z  6253 |   printf("\nc Cardinality: %d (%s) for UB %llu\n", cardinalityC.size(), enc, UB);
2026-10-08T17:01:11.1318100Z       |                                           ~~~^                               ~~
2026-10-08T17:01:11.1318845Z       |                                              |                               |
2026-10-08T17:01:11.1319696Z       |                                              long long unsigned int          uint64_t {aka long unsigned int}
2026-10-08T17:01:11.1320772Z       |                                           %lu
2026-10-08T17:01:11.1352379Z src/solver/Solver.cc: In member function ‘Minisat::lbool Minisat::Solver::solve_()’:
2026-10-08T17:01:11.1353657Z src/solver/Solver.cc:6602:79: warning: format ‘%llu’ expects argument of type ‘long long unsigned int’, but argument 5 has type ‘uint64_t’ {aka ‘long unsigned int’} [-Wformat=]
2026-10-08T17:01:11.1355101Z  6602 |     printf("c fixedCost %d, nbSatLits %d, totalFixedVars %d, objForSearch: %llu\n\n",
2026-10-08T17:01:11.1355880Z       |                                                                            ~~~^
2026-10-08T17:01:11.1356909Z       |                                                                               |
2026-10-08T17:01:11.1357804Z       |                                                                               long long unsigned int
2026-10-08T17:01:11.1358463Z       |                                                                            %lu
2026-10-08T17:01:11.1359107Z  6603 |                 fixedCost, nbSatLits, trail.size(), objForSearch);
2026-10-08T17:01:11.1359734Z       |                                                     ~~~~~~~~~~~~               
2026-10-08T17:01:11.1360488Z       |                                                     |
2026-10-08T17:01:11.1361041Z       |                                                     uint64_t {aka long unsigned int}
2026-10-08T17:01:11.1364393Z src/solver/Solver.cc:6631:35: warning: format ‘%llu’ expects argument of type ‘long long unsigned int’, but argument 2 has type ‘uint64_t’ {aka ‘long unsigned int’} [-Wformat=]
2026-10-08T17:01:11.1365689Z  6631 |         printf("c provided UB: %llu\n", providedUB);
2026-10-08T17:01:11.1366190Z       |                                ~~~^     ~~~~~~~~~~
2026-10-08T17:01:11.1366498Z       |                                   |     |
2026-10-08T17:01:11.1366819Z       |                                   |     uint64_t {aka long unsigned int}
2026-10-08T17:01:11.1367171Z       |                                   long long unsigned int
2026-10-08T17:01:11.1367470Z       |                                %lu
2026-10-08T17:01:11.1368335Z src/solver/Solver.cc:6634:54: warning: format ‘%llu’ expects argument of type ‘long long unsigned int’, but argument 2 has type ‘uint64_t’ {aka ‘long unsigned int’} [-Wformat=]
2026-10-08T17:01:11.1369511Z  6634 |         printf("c provided UB is invalide: initUB %llu, solCost %llu, costbySearch %llu, derivedCost %llu, relaxedCost: %llu\n", initUB, solutionCost, fixedCostBySearch, derivedCost, relaxedCost);
2026-10-08T17:01:11.1371137Z       |                                                   ~~~^                                                                           ~~~~~~
2026-10-08T17:01:11.1371834Z       |                                                      |                                                                           |
2026-10-08T17:01:11.1372396Z       |                                                      long long unsigned int                                                      uint64_t {aka long unsigned int}
2026-10-08T17:01:11.1372893Z       |                                                   %lu
2026-10-08T17:01:11.1373719Z src/solver/Solver.cc:6634:68: warning: format ‘%llu’ expects argument of type ‘long long unsigned int’, but argument 3 has type ‘uint64_t’ {aka ‘long unsigned int’} [-Wformat=]
2026-10-08T17:01:11.1374884Z  6634 |         printf("c provided UB is invalide: initUB %llu, solCost %llu, costbySearch %llu, derivedCost %llu, relaxedCost: %llu\n", initUB, solutionCost, fixedCostBySearch, derivedCost, relaxedCost);
2026-10-08T17:01:11.1376383Z       |                                                                 ~~~^                                                                     ~~~~~~~~~~~~
2026-10-08T17:01:11.1377218Z       |                                                                    |                                                                     |
2026-10-08T17:01:11.1378176Z       |                                                                    long long unsigned int                                                uint64_t {aka long unsigned int}
2026-10-08T17:01:11.1378966Z       |                                                                 %lu
2026-10-08T17:01:11.1380480Z src/solver/Solver.cc:6634:87: warning: format ‘%llu’ expects argument of type ‘long long unsigned int’, but argument 4 has type ‘uint64_t’ {aka ‘long unsigned int’} [-Wformat=]
2026-10-08T17:01:11.1382368Z  6634 |         printf("c provided UB is invalide: initUB %llu, solCost %llu, costbySearch %llu, derivedCost %llu, relaxedCost: %llu\n", initUB, solutionCost, fixedCostBySearch, derivedCost, relaxedCost);
2026-10-08T17:01:11.1383794Z       |                                                                                    ~~~^                                                                ~~~~~~~~~~~~~~~~~
2026-10-08T17:01:11.1384482Z       |                                                                                       |                                                                |
2026-10-08T17:01:11.1385091Z       |                                                                                       long long unsigned int                                           uint64_t {aka long unsigned int}
2026-10-08T17:01:11.1385632Z       |                                                                                    %lu
2026-10-08T17:01:11.1386925Z src/solver/Solver.cc:6634:105: warning: format ‘%llu’ expects argument of type ‘long long unsigned int’, but argument 5 has type ‘uint64_t’ {aka ‘long unsigned int’} [-Wformat=]
2026-10-08T17:01:11.1388817Z  6634 |         printf("c provided UB is invalide: initUB %llu, solCost %llu, costbySearch %llu, derivedCost %llu, relaxedCost: %llu\n", initUB, solutionCost, fixedCostBySearch, derivedCost, relaxedCost);
2026-10-08T17:01:11.1390447Z       |                                                                                                      ~~~^                                                                 ~~~~~~~~~~~
2026-10-08T17:01:11.1391410Z       |                                                                                                         |                                                                 |
2026-10-08T17:01:11.1392478Z       |                                                                                                         long long unsigned int                                            uint64_t {aka long unsigned int}
2026-10-08T17:01:11.1393413Z       |                                                                                                      %lu
2026-10-08T17:01:11.1394904Z src/solver/Solver.cc:6634:124: warning: format ‘%llu’ expects argument of type ‘long long unsigned int’, but argument 6 has type ‘uint64_t’ {aka ‘long unsigned int’} [-Wformat=]
2026-10-08T17:01:11.1396784Z  6634 |         printf("c provided UB is invalide: initUB %llu, solCost %llu, costbySearch %llu, derivedCost %llu, relaxedCost: %llu\n", initUB, solutionCost, fixedCostBySearch, derivedCost, relaxedCost);
2026-10-08T17:01:11.1398314Z       |                                                                                                                         ~~~^                                                           ~~~~~~~~~~~
2026-10-08T17:01:11.1399231Z       |                                                                                                                            |                                                           |
2026-10-08T17:01:11.1400533Z       |                                                                                                                            long long unsigned int                                      uint64_t {aka long unsigned int}
2026-10-08T17:01:11.1401556Z       |                                                                                                                         %lu
2026-10-08T17:01:11.1402518Z src/solver/Solver.cc:6656:58: warning: format ‘%llu’ expects argument of type ‘long long unsigned int’, but argument 2 has type ‘uint64_t’ {aka ‘long unsigned int’} [-Wformat=]
2026-10-08T17:01:11.1403831Z  6656 |       printf("c ends of initiationization by VSIDS at %llu conflicts with init %d\n\n",
2026-10-08T17:01:11.1404562Z       |                                                       ~~~^
2026-10-08T17:01:11.1405085Z       |                                                          |
2026-10-08T17:01:11.1405612Z       |                                                          long long unsigned int
2026-10-08T17:01:11.1406130Z       |                                                       %lu
2026-10-08T17:01:11.1406841Z  6657 |              conflicts, init);
2026-10-08T17:01:11.1407287Z       |              ~~~~~~~~~                                    
2026-10-08T17:01:11.1407908Z       |              |
2026-10-08T17:01:11.1408265Z       |              uint64_t {aka long unsigned int}
2026-10-08T17:01:11.1409276Z src/solver/Solver.cc:6686:50: warning: format ‘%llu’ expects argument of type ‘long long unsigned int’, but argument 3 has type ‘uint64_t’ {aka ‘long unsigned int’} [-Wformat=]
2026-10-08T17:01:11.1410107Z  6686 |           printf("c VSIDS phase %d: conflicts %llu, phase %llu, starts %llu, UP %llu\n",
2026-10-08T17:01:11.1410793Z       |                                               ~~~^
2026-10-08T17:01:11.1411092Z       |                                                  |
2026-10-08T17:01:11.1411535Z       |                                                  long long unsigned int
2026-10-08T17:01:11.1412053Z       |                                               %lu
2026-10-08T17:01:11.1412634Z  6687 |                  nbVSIDSphase, conflicts-savedConfl, phase_allotment,
2026-10-08T17:01:11.1413024Z       |                                ~~~~~~~~~~~~~~~~~~~~
2026-10-08T17:01:11.1413352Z       |                                         |
2026-10-08T17:01:11.1413840Z       |                                         uint64_t {aka long unsigned int}
2026-10-08T17:01:11.1415290Z src/solver/Solver.cc:6686:62: warning: format ‘%llu’ expects argument of type ‘long long unsigned int’, but argument 4 has type ‘uint64_t’ {aka ‘long unsigned int’} [-Wformat=]
2026-10-08T17:01:11.1416599Z  6686 |           printf("c VSIDS phase %d: conflicts %llu, phase %llu, starts %llu, UP %llu\n",
2026-10-08T17:01:11.1417119Z       |                                                           ~~~^
2026-10-08T17:01:11.1417450Z       |                                                              |
2026-10-08T17:01:11.1417801Z       |                                                              long long unsigned int
2026-10-08T17:01:11.1418176Z       |                                                           %lu
2026-10-08T17:01:11.1418575Z  6687 |                  nbVSIDSphase, conflicts-savedConfl, phase_allotment,
2026-10-08T17:01:11.1418951Z       |                                                      ~~~~~~~~~~~~~~~
2026-10-08T17:01:11.1419269Z       |                                                      |
2026-10-08T17:01:11.1419762Z       |                                                      uint64_t {aka long unsigned int}
2026-10-08T17:01:11.1421194Z src/solver/Solver.cc:6686:75: warning: format ‘%llu’ expects argument of type ‘long long unsigned int’, but argument 5 has type ‘uint64_t’ {aka ‘long unsigned int’} [-Wformat=]
2026-10-08T17:01:11.1422091Z  6686 |           printf("c VSIDS phase %d: conflicts %llu, phase %llu, starts %llu, UP %llu\n",
2026-10-08T17:01:11.1422810Z       |                                                                        ~~~^
2026-10-08T17:01:11.1423341Z       |                                                                           |
2026-10-08T17:01:11.1423982Z       |                                                                           long long unsigned int
2026-10-08T17:01:11.1424594Z       |                                                                        %lu
2026-10-08T17:01:11.1425223Z  6687 |                  nbVSIDSphase, conflicts-savedConfl, phase_allotment,
2026-10-08T17:01:11.1425882Z  6688 |                  starts-savedRestarts, propagations-savedUP);
2026-10-08T17:01:11.1426448Z       |                  ~~~~~~~~~~~~~~~~~~~~                                      
2026-10-08T17:01:11.1426945Z       |                        |
2026-10-08T17:01:11.1427354Z       |                        uint64_t {aka long unsigned int}
2026-10-08T17:01:11.1428679Z src/solver/Solver.cc:6686:84: warning: format ‘%llu’ expects argument of type ‘long long unsigned int’, but argument 6 has type ‘uint64_t’ {aka ‘long unsigned int’} [-Wformat=]
2026-10-08T17:01:11.1430164Z  6686 |           printf("c VSIDS phase %d: conflicts %llu, phase %llu, starts %llu, UP %llu\n",
2026-10-08T17:01:11.1431153Z       |                                                                                 ~~~^
2026-10-08T17:01:11.1431716Z       |                                                                                    |
2026-10-08T17:01:11.1432342Z       |                                                                                    long long unsigned int
2026-10-08T17:01:11.1432838Z       |                                                                                 %lu
2026-10-08T17:01:11.1433241Z  6687 |                  nbVSIDSphase, conflicts-savedConfl, phase_allotment,
2026-10-08T17:01:11.1433653Z  6688 |                  starts-savedRestarts, propagations-savedUP);
2026-10-08T17:01:11.1434020Z       |                                        ~~~~~~~~~~~~~~~~~~~~                         
2026-10-08T17:01:11.1434373Z       |                                                    |
2026-10-08T17:01:11.1434704Z       |                                                    uint64_t {aka long unsigned int}
2026-10-08T17:01:11.1435612Z src/solver/Solver.cc:6692:48: warning: format ‘%llu’ expects argument of type ‘long long unsigned int’, but argument 3 has type ‘uint64_t’ {aka ‘long unsigned int’} [-Wformat=]
2026-10-08T17:01:11.1436411Z  6692 |           printf("c LRB phase %d: conflicts %llu, phase %llu, starts %llu, UP %llu\n",
2026-10-08T17:01:11.1436836Z       |                                             ~~~^
2026-10-08T17:01:11.1437132Z       |                                                |
2026-10-08T17:01:11.1437459Z       |                                                long long unsigned int
2026-10-08T17:01:11.1437794Z       |                                             %lu
2026-10-08T17:01:11.1438158Z  6693 |                  nbLRBphase, conflicts-savedConfl, phase_allotment,
2026-10-08T17:01:11.1438518Z       |                              ~~~~~~~~~~~~~~~~~~~~
2026-10-08T17:01:11.1438818Z       |                                       |
2026-10-08T17:01:11.1439143Z       |                                       uint64_t {aka long unsigned int}
2026-10-08T17:01:11.1439994Z src/solver/Solver.cc:6692:60: warning: format ‘%llu’ expects argument of type ‘long long unsigned int’, but argument 4 has type ‘uint64_t’ {aka ‘long unsigned int’} [-Wformat=]
2026-10-08T17:01:11.1441018Z  6692 |           printf("c LRB phase %d: conflicts %llu, phase %llu, starts %llu, UP %llu\n",
2026-10-08T17:01:11.1441433Z       |                                                         ~~~^
2026-10-08T17:01:11.1442182Z       |                                                            |
2026-10-08T17:01:11.1467910Z       |                                                            long long unsigned int
2026-10-08T17:01:11.1468318Z       |                                                         %lu
2026-10-08T17:01:11.1468716Z  6693 |                  nbLRBphase, conflicts-savedConfl, phase_allotment,
2026-10-08T17:01:11.1469125Z       |                                                    ~~~~~~~~~~~~~~~
2026-10-08T17:01:11.1469441Z       |                                                    |
2026-10-08T17:01:11.1469792Z       |                                                    uint64_t {aka long unsigned int}
2026-10-08T17:01:11.1470996Z src/solver/Solver.cc:6692:73: warning: format ‘%llu’ expects argument of type ‘long long unsigned int’, but argument 5 has type ‘uint64_t’ {aka ‘long unsigned int’} [-Wformat=]
2026-10-08T17:01:11.1471857Z  6692 |           printf("c LRB phase %d: conflicts %llu, phase %llu, starts %llu, UP %llu\n",
2026-10-08T17:01:11.1472299Z       |                                                                      ~~~^
2026-10-08T17:01:11.1472631Z       |                                                                         |
2026-10-08T17:01:11.1472990Z       |                                                                         long long unsigned int
2026-10-08T17:01:11.1473378Z       |                                                                      %lu
2026-10-08T17:01:11.1474020Z  6693 |                  nbLRBphase, conflicts-savedConfl, phase_allotment,
2026-10-08T17:01:11.1474630Z  6694 |                  starts-savedRestarts, propagations-savedUP);
2026-10-08T17:01:11.1475014Z       |                  ~~~~~~~~~~~~~~~~~~~~                                    
2026-10-08T17:01:11.1475338Z       |                        |
2026-10-08T17:01:11.1475603Z       |                        uint64_t {aka long unsigned int}
2026-10-08T17:01:11.1476454Z src/solver/Solver.cc:6692:82: warning: format ‘%llu’ expects argument of type ‘long long unsigned int’, but argument 6 has type ‘uint64_t’ {aka ‘long unsigned int’} [-Wformat=]
2026-10-08T17:01:11.1477248Z  6692 |           printf("c LRB phase %d: conflicts %llu, phase %llu, starts %llu, UP %llu\n",
2026-10-08T17:01:11.1477696Z       |                                                                               ~~~^
2026-10-08T17:01:11.1478064Z       |                                                                                  |
2026-10-08T17:01:11.1478451Z       |                                                                                  long long unsigned int
2026-10-08T17:01:11.1478852Z       |                                                                               %lu
2026-10-08T17:01:11.1479250Z  6693 |                  nbLRBphase, conflicts-savedConfl, phase_allotment,
2026-10-08T17:01:11.1479653Z  6694 |                  starts-savedRestarts, propagations-savedUP);
2026-10-08T17:01:11.1480037Z       |                                        ~~~~~~~~~~~~~~~~~~~~                       
2026-10-08T17:01:11.1480597Z       |                                                    |
2026-10-08T17:01:11.1480936Z       |                                                    uint64_t {aka long unsigned int}
2026-10-08T17:01:11.1481824Z src/solver/Solver.cc:6739:25: warning: format ‘%llu’ expects argument of type ‘long long unsigned int’, but argument 2 has type ‘uint64_t’ {aka ‘long unsigned int’} [-Wformat=]
2026-10-08T17:01:11.1482707Z  6739 |         printf("c UB=%llu fails, cnfls=%llu, hcnfls=%llu, core %d, tier2 %d, local %d, quasiC: %llu (fixed: %llu)\n",
2026-10-08T17:01:11.1483200Z       |                      ~~~^
2026-10-08T17:01:11.1483439Z       |                         |
2026-10-08T17:01:11.1483691Z       |                         long long unsigned int
2026-10-08T17:01:11.1483976Z       |                      %lu
2026-10-08T17:01:11.1484591Z  6740 |                UB, conflicts, conflicts-softConflicts, learnts_core.size(), learnts_tier2.size(), learnts_local.size(), quasiSoftConflicts, fixedByQuasiConfl);
2026-10-08T17:01:11.1485216Z       |                ~~        
2026-10-08T17:01:11.1485448Z       |                |
2026-10-08T17:01:11.1485699Z       |                uint64_t {aka long unsigned int}
2026-10-08T17:01:11.1486505Z src/solver/Solver.cc:6739:43: warning: format ‘%llu’ expects argument of type ‘long long unsigned int’, but argument 3 has type ‘uint64_t’ {aka ‘long unsigned int’} [-Wformat=]
2026-10-08T17:01:11.1487513Z  6739 |         printf("c UB=%llu fails, cnfls=%llu, hcnfls=%llu, core %d, tier2 %d, local %d, quasiC: %llu (fixed: %llu)\n",
2026-10-08T17:01:11.1488152Z       |                                        ~~~^
2026-10-08T17:01:11.1488437Z       |                                           |
2026-10-08T17:01:11.1488744Z       |                                           long long unsigned int
2026-10-08T17:01:11.1489065Z       |                                        %lu
2026-10-08T17:01:11.1489729Z  6740 |                UB, conflicts, conflicts-softConflicts, learnts_core.size(), learnts_tier2.size(), learnts_local.size(), quasiSoftConflicts, fixedByQuasiConfl);
2026-10-08T17:01:11.1490483Z       |                    ~~~~~~~~~               
2026-10-08T17:01:11.1490749Z       |                    |
2026-10-08T17:01:11.1491014Z       |                    uint64_t {aka long unsigned int}
2026-10-08T17:01:11.1491836Z src/solver/Solver.cc:6739:56: warning: format ‘%llu’ expects argument of type ‘long long unsigned int’, but argument 4 has type ‘uint64_t’ {aka ‘long unsigned int’} [-Wformat=]
2026-10-08T17:01:11.1492713Z  6739 |         printf("c UB=%llu fails, cnfls=%llu, hcnfls=%llu, core %d, tier2 %d, local %d, quasiC: %llu (fixed: %llu)\n",
2026-10-08T17:01:11.1493439Z       |                                                     ~~~^
2026-10-08T17:01:11.1493931Z       |                                                        |
2026-10-08T17:01:11.1494339Z       |                                                        long long unsigned int
2026-10-08T17:01:11.1494691Z       |                                                     %lu
2026-10-08T17:01:11.1495349Z  6740 |                UB, conflicts, conflicts-softConflicts, learnts_core.size(), learnts_tier2.size(), learnts_local.size(), quasiSoftConflicts, fixedByQuasiConfl);
2026-10-08T17:01:11.1495992Z       |                               ~~~~~~~~~~~~~~~~~~~~~~~   
2026-10-08T17:01:11.1496293Z       |                                        |
2026-10-08T17:01:11.1496614Z       |                                        uint64_t {aka long unsigned int}
2026-10-08T17:01:11.1497492Z src/solver/Solver.cc:6739:99: warning: format ‘%llu’ expects argument of type ‘long long unsigned int’, but argument 8 has type ‘uint64_t’ {aka ‘long unsigned int’} [-Wformat=]
2026-10-08T17:01:11.1498365Z  6739 |         printf("c UB=%llu fails, cnfls=%llu, hcnfls=%llu, core %d, tier2 %d, local %d, quasiC: %llu (fixed: %llu)\n",
2026-10-08T17:01:11.1498904Z       |                                                                                                ~~~^
2026-10-08T17:01:11.1499298Z       |                                                                                                   |
2026-10-08T17:01:11.1499717Z       |                                                                                                   long long unsigned int
2026-10-08T17:01:11.1500148Z       |                                                                                                %lu
2026-10-08T17:01:11.1501152Z  6740 |                UB, conflicts, conflicts-softConflicts, learnts_core.size(), learnts_tier2.size(), learnts_local.size(), quasiSoftConflicts, fixedByQuasiConfl);
2026-10-08T17:01:11.1501895Z       |                                                                                                                         ~~~~~~~~~~~~~~~~~~
2026-10-08T17:01:11.1502361Z       |                                                                                                                         |
2026-10-08T17:01:11.1502857Z       |                                                                                                                         uint64_t {aka long unsigned int}
2026-10-08T17:01:11.1503804Z src/solver/Solver.cc:6739:112: warning: format ‘%llu’ expects argument of type ‘long long unsigned int’, but argument 9 has type ‘uint64_t’ {aka ‘long unsigned int’} [-Wformat=]
2026-10-08T17:01:11.1504852Z  6739 |         printf("c UB=%llu fails, cnfls=%llu, hcnfls=%llu, core %d, tier2 %d, local %d, quasiC: %llu (fixed: %llu)\n",
2026-10-08T17:01:11.1505554Z       |                                                                                                             ~~~^
2026-10-08T17:01:11.1505985Z       |                                                                                                                |
2026-10-08T17:01:11.1506448Z       |                                                                                                                long long unsigned int
2026-10-08T17:01:11.1506913Z       |                                                                                                             %lu
2026-10-08T17:01:11.1507631Z  6740 |                UB, conflicts, conflicts-softConflicts, learnts_core.size(), learnts_tier2.size(), learnts_local.size(), quasiSoftConflicts, fixedByQuasiConfl);
2026-10-08T17:01:11.1508386Z       |                                                                                                                                             ~~~~~~~~~~~~~~~~~
2026-10-08T17:01:11.1508911Z       |                                                                                                                                             |
2026-10-08T17:01:11.1509448Z       |                                                                                                                                             uint64_t {aka long unsigned int}
2026-10-08T17:01:11.1510529Z src/solver/Solver.cc:6741:72: warning: format ‘%llu’ expects argument of type ‘long long unsigned int’, but argument 5 has type ‘uint64_t’ {aka ‘long unsigned int’} [-Wformat=]
2026-10-08T17:01:11.1511553Z  6741 |         printf("c prunedLB %4.2f, dev %4.2f, succRate %4.2f, nbSucc %llu, nbHardens %d (fixed %llu), lk: %llu, shorten: %llu, pureSo %d, nbFlyRd %d, nbFixedLH %llu\n",
2026-10-08T17:01:11.1512184Z       |                                                                     ~~~^
2026-10-08T17:01:11.1512526Z       |                                                                        |
2026-10-08T17:01:11.1513132Z       |                                                                        long long unsigned int
2026-10-08T17:01:11.1513736Z       |                                                                     %lu
2026-10-08T17:01:11.1514233Z  6742 |                meanLB, dev, succRate,
2026-10-08T17:01:11.1515360Z  6743 |                nbLKsuccess-savednbLKsuccess, nbHardens, fixedByHardens, LOOKAHEAD-savedLOOKAHEAD, nbSavedLits, pureSoftConfl, nbFlyReduced, nbFixedByLH);
2026-10-08T17:01:11.1516540Z       |                ~~~~~~~~~~~~~~~~~~~~~~~~~~~~                             
2026-10-08T17:01:11.1517046Z       |                           |
2026-10-08T17:01:11.1517490Z       |                           uint64_t {aka long unsigned int}
2026-10-08T17:01:11.1518930Z src/solver/Solver.cc:6741:98: warning: format ‘%llu’ expects argument of type ‘long long unsigned int’, but argument 7 has type ‘uint64_t’ {aka ‘long unsigned int’} [-Wformat=]
2026-10-08T17:01:11.1520894Z  6741 |         printf("c prunedLB %4.2f, dev %4.2f, succRate %4.2f, nbSucc %llu, nbHardens %d (fixed %llu), lk: %llu, shorten: %llu, pureSo %d, nbFlyRd %d, nbFixedLH %llu\n",
2026-10-08T17:01:11.1522059Z       |                                                                                               ~~~^
2026-10-08T17:01:11.1522719Z       |                                                                                                  |
2026-10-08T17:01:11.1523416Z       |                                                                                                  long long unsigned int
2026-10-08T17:01:11.1524128Z       |                                                                                               %lu
2026-10-08T17:01:11.1524700Z  6742 |                meanLB, dev, succRate,
2026-10-08T17:01:11.1526044Z  6743 |                nbLKsuccess-savednbLKsuccess, nbHardens, fixedByHardens, LOOKAHEAD-savedLOOKAHEAD, nbSavedLits, pureSoftConfl, nbFlyReduced, nbFixedByLH);
2026-10-08T17:01:11.1527472Z       |                                                         ~~~~~~~~~~~~~~                            
2026-10-08T17:01:11.1528118Z       |                                                         |
2026-10-08T17:01:11.1528691Z       |                                                         uint64_t {aka long unsigned int}
2026-10-08T17:01:11.1530500Z src/solver/Solver.cc:6741:109: warning: format ‘%llu’ expects argument of type ‘long long unsigned int’, but argument 8 has type ‘uint64_t’ {aka ‘long unsigned int’} [-Wformat=]
2026-10-08T17:01:11.1532264Z  6741 |         printf("c prunedLB %4.2f, dev %4.2f, succRate %4.2f, nbSucc %llu, nbHardens %d (fixed %llu), lk: %llu, shorten: %llu, pureSo %d, nbFlyRd %d, nbFixedLH %llu\n",
2026-10-08T17:01:11.1533354Z       |                                                                                                          ~~~^
2026-10-08T17:01:11.1533808Z       |                                                                                                             |
2026-10-08T17:01:11.1534324Z       |                                                                                                             long long unsigned int
2026-10-08T17:01:11.1534847Z       |                                                                                                          %lu
2026-10-08T17:01:11.1535338Z  6742 |                meanLB, dev, succRate,
2026-10-08T17:01:11.1536482Z  6743 |                nbLKsuccess-savednbLKsuccess, nbHardens, fixedByHardens, LOOKAHEAD-savedLOOKAHEAD, nbSavedLits, pureSoftConfl, nbFlyReduced, nbFixedByLH);
2026-10-08T17:01:11.1537746Z       |                                                                         ~~~~~~~~~~~~~~~~~~~~~~~~             
2026-10-08T17:01:11.1538449Z       |                                                                                  |
2026-10-08T17:01:11.1539155Z       |                                                                                  uint64_t {aka long unsigned int}
2026-10-08T17:01:11.1540837Z src/solver/Solver.cc:6741:124: warning: format ‘%llu’ expects argument of type ‘long long unsigned int’, but argument 9 has type ‘uint64_t’ {aka ‘long unsigned int’} [-Wformat=]
2026-10-08T17:01:11.1542637Z  6741 |         printf("c prunedLB %4.2f, dev %4.2f, succRate %4.2f, nbSucc %llu, nbHardens %d (fixed %llu), lk: %llu, shorten: %llu, pureSo %d, nbFlyRd %d, nbFixedLH %llu\n",
2026-10-08T17:01:11.1543842Z       |                                                                                                                         ~~~^
2026-10-08T17:01:11.1544615Z       |                                                                                                                            |
2026-10-08T17:01:11.1545451Z       |                                                                                                                            long long unsigned int
2026-10-08T17:01:11.1546287Z       |                                                                                                                         %lu
2026-10-08T17:01:11.1546939Z  6742 |                meanLB, dev, succRate,
2026-10-08T17:01:11.1548059Z  6743 |                nbLKsuccess-savednbLKsuccess, nbHardens, fixedByHardens, LOOKAHEAD-savedLOOKAHEAD, nbSavedLits, pureSoftConfl, nbFlyReduced, nbFixedByLH);
2026-10-08T17:01:11.1549341Z       |                                                                                                   ~~~~~~~~~~~               
2026-10-08T17:01:11.1550029Z       |                                                                                                   |
2026-10-08T17:01:11.1551008Z       |                                                                                                   uint64_t {aka long unsigned int}
2026-10-08T17:01:11.1552849Z src/solver/Solver.cc:6741:163: warning: format ‘%llu’ expects argument of type ‘long long unsigned int’, but argument 12 has type ‘uint64_t’ {aka ‘long unsigned int’} [-Wformat=]
2026-10-08T17:01:11.1554058Z  6741 |         printf("c prunedLB %4.2f, dev %4.2f, succRate %4.2f, nbSucc %llu, nbHardens %d (fixed %llu), lk: %llu, shorten: %llu, pureSo %d, nbFlyRd %d, nbFixedLH %llu\n",
2026-10-08T17:01:11.1554984Z       |                                                                                                                                                                ~~~^
2026-10-08T17:01:11.1555527Z       |                                                                                                                                                                   |
2026-10-08T17:01:11.1556100Z       |                                                                                                                                                                   long long unsigned int
2026-10-08T17:01:11.1556684Z       |                                                                                                                                                                %lu
2026-10-08T17:01:11.1557116Z  6742 |                meanLB, dev, succRate,
2026-10-08T17:01:11.1557784Z  6743 |                nbLKsuccess-savednbLKsuccess, nbHardens, fixedByHardens, LOOKAHEAD-savedLOOKAHEAD, nbSavedLits, pureSoftConfl, nbFlyReduced, nbFixedByLH);
2026-10-08T17:01:11.1558548Z       |                                                                                                                                             ~~~~~~~~~~~            
2026-10-08T17:01:11.1559059Z       |                                                                                                                                             |
2026-10-08T17:01:11.1559605Z       |                                                                                                                                             uint64_t {aka long unsigned int}
2026-10-08T17:01:11.1560870Z src/solver/Solver.cc:6769:25: warning: format ‘%llu’ expects argument of type ‘long long unsigned int’, but argument 2 has type ‘uint64_t’ {aka ‘long unsigned int’} [-Wformat=]
2026-10-08T17:01:11.1562016Z  6769 |         printf("c UB=%llu succ, confls=%llu and hconfls=%llu with %d soft clauses unsat (%d at level 0) and %d fixed vars at level 0,  prunedLB %4.2f, dev %4.2f, succRate %4.2f, nbSucc %llu, shortened : %llu\n",
2026-10-08T17:01:11.1562721Z       |                      ~~~^
2026-10-08T17:01:11.1562958Z       |                         |
2026-10-08T17:01:11.1563218Z       |                         long long unsigned int
2026-10-08T17:01:11.1563511Z       |                      %lu
2026-10-08T17:01:11.1563908Z  6770 |                UB, conflicts, conflicts-softConflicts, falseLits.size(), nbFalses, nbFixeds,
2026-10-08T17:01:11.1564323Z       |                ~~        
2026-10-08T17:01:11.1564551Z       |                |
2026-10-08T17:01:11.1564793Z       |                uint64_t {aka long unsigned int}
2026-10-08T17:01:11.1565611Z src/solver/Solver.cc:6769:43: warning: format ‘%llu’ expects argument of type ‘long long unsigned int’, but argument 3 has type ‘uint64_t’ {aka ‘long unsigned int’} [-Wformat=]
2026-10-08T17:01:11.1566725Z  6769 |         printf("c UB=%llu succ, confls=%llu and hconfls=%llu with %d soft clauses unsat (%d at level 0) and %d fixed vars at level 0,  prunedLB %4.2f, dev %4.2f, succRate %4.2f, nbSucc %llu, shortened : %llu\n",
2026-10-08T17:01:11.1567465Z       |                                        ~~~^
2026-10-08T17:01:11.1567754Z       |                                           |
2026-10-08T17:01:11.1568051Z       |                                           long long unsigned int
2026-10-08T17:01:11.1568364Z       |                                        %lu
2026-10-08T17:01:11.1568781Z  6770 |                UB, conflicts, conflicts-softConflicts, falseLits.size(), nbFalses, nbFixeds,
2026-10-08T17:01:11.1569202Z       |                    ~~~~~~~~~               
2026-10-08T17:01:11.1569458Z       |                    |
2026-10-08T17:01:11.1569869Z       |                    uint64_t {aka long unsigned int}
2026-10-08T17:01:11.1571057Z src/solver/Solver.cc:6769:60: warning: format ‘%llu’ expects argument of type ‘long long unsigned int’, but argument 4 has type ‘uint64_t’ {aka ‘long unsigned int’} [-Wformat=]
2026-10-08T17:01:11.1572179Z  6769 |         printf("c UB=%llu succ, confls=%llu and hconfls=%llu with %d soft clauses unsat (%d at level 0) and %d fixed vars at level 0,  prunedLB %4.2f, dev %4.2f, succRate %4.2f, nbSucc %llu, shortened : %llu\n",
2026-10-08T17:01:11.1572914Z       |                                                         ~~~^
2026-10-08T17:01:11.1573229Z       |                                                            |
2026-10-08T17:01:11.1573557Z       |                                                            long long unsigned int
2026-10-08T17:01:11.1573900Z       |                                                         %lu
2026-10-08T17:01:11.1574332Z  6770 |                UB, conflicts, conflicts-softConflicts, falseLits.size(), nbFalses, nbFixeds,
2026-10-08T17:01:11.1574775Z       |                               ~~~~~~~~~~~~~~~~~~~~~~~       
2026-10-08T17:01:11.1575074Z       |                                        |
2026-10-08T17:01:11.1575390Z       |                                        uint64_t {aka long unsigned int}
2026-10-08T17:01:11.1576225Z src/solver/Solver.cc:6769:189: warning: format ‘%llu’ expects argument of type ‘long long unsigned int’, but argument 11 has type ‘uint64_t’ {aka ‘long unsigned int’} [-Wformat=]
2026-10-08T17:01:11.1577336Z  6769 |         printf("c UB=%llu succ, confls=%llu and hconfls=%llu with %d soft clauses unsat (%d at level 0) and %d fixed vars at level 0,  prunedLB %4.2f, dev %4.2f, succRate %4.2f, nbSucc %llu, shortened : %llu\n",
2026-10-08T17:01:11.1578204Z       |                                                                                                                                                                                          ~~~^
2026-10-08T17:01:11.1578821Z       |                                                                                                                                                                                             |
2026-10-08T17:01:11.1579479Z       |                                                                                                                                                                                             long long unsigned int
2026-10-08T17:01:11.1580113Z       |                                                                                                                                                                                          %lu
2026-10-08T17:01:11.1580950Z  6770 |                UB, conflicts, conflicts-softConflicts, falseLits.size(), nbFalses, nbFixeds,
2026-10-08T17:01:11.1581447Z  6771 |                meanLB, dev, succRate, nbLKsuccess, nbSavedLits);
2026-10-08T17:01:11.1581968Z       |                                       ~~~~~~~~~~~                                                                                                                                            
2026-10-08T17:01:11.1582429Z       |                                       |
2026-10-08T17:01:11.1582751Z       |                                       uint64_t {aka long unsigned int}
2026-10-08T17:01:11.1583600Z src/solver/Solver.cc:6769:207: warning: format ‘%llu’ expects argument of type ‘long long unsigned int’, but argument 12 has type ‘uint64_t’ {aka ‘long unsigned int’} [-Wformat=]
2026-10-08T17:01:11.1584736Z  6769 |         printf("c UB=%llu succ, confls=%llu and hconfls=%llu with %d soft clauses unsat (%d at level 0) and %d fixed vars at level 0,  prunedLB %4.2f, dev %4.2f, succRate %4.2f, nbSucc %llu, shortened : %llu\n",
2026-10-08T17:01:11.1585623Z       |                                                                                                                                                                                                            ~~~^
2026-10-08T17:01:11.1586434Z       |                                                                                                                                                                                                               |
2026-10-08T17:01:11.1587268Z       |                                                                                                                                                                                                               long long unsigned int
2026-10-08T17:01:11.1587997Z       |                                                                                                                                                                                                            %lu
2026-10-08T17:01:11.1588604Z  6770 |                UB, conflicts, conflicts-softConflicts, falseLits.size(), nbFalses, nbFixeds,
2026-10-08T17:01:11.1589079Z  6771 |                meanLB, dev, succRate, nbLKsuccess, nbSavedLits);
2026-10-08T17:01:11.1589608Z       |                                                    ~~~~~~~~~~~                                                                                                                                                 
2026-10-08T17:01:11.1590094Z       |                                                    |
2026-10-08T17:01:11.1590543Z       |                                                    uint64_t {aka long unsigned int}
2026-10-08T17:01:11.1591390Z src/solver/Solver.cc:6798:17: warning: comparison of integer expressions of different signedness: ‘uint64_t’ {aka ‘long unsigned int’} and ‘int’ [-Wsign-compare]
2026-10-08T17:01:11.1592036Z  6798 |         if (inf > falseLits.size())
2026-10-08T17:01:11.1592420Z       |             ~~~~^~~~~~~~~~~~~~~~~~
2026-10-08T17:01:11.1593657Z src/solver/Solver.cc:6806:34: warning: format ‘%llu’ expects argument of type ‘long long unsigned int’, but argument 2 has type ‘uint64_t’ {aka ‘long unsigned int’} [-Wformat=]
2026-10-08T17:01:11.1594912Z  6806 |       else printf("c error UB %llu, inf %llu, sup %llu\n", UB, inf, sup);
2026-10-08T17:01:11.1595552Z       |                               ~~~^                         ~~
2026-10-08T17:01:11.1595929Z       |                                  |                         |
2026-10-08T17:01:11.1596322Z       |                                  long long unsigned int    uint64_t {aka long unsigned int}
2026-10-08T17:01:11.1596698Z       |                               %lu
2026-10-08T17:01:11.1597579Z src/solver/Solver.cc:6806:44: warning: format ‘%llu’ expects argument of type ‘long long unsigned int’, but argument 3 has type ‘uint64_t’ {aka ‘long unsigned int’} [-Wformat=]
2026-10-08T17:01:11.1598324Z  6806 |       else printf("c error UB %llu, inf %llu, sup %llu\n", UB, inf, sup);
2026-10-08T17:01:11.1598715Z       |                                         ~~~^                   ~~~
2026-10-08T17:01:11.1599036Z       |                                            |                   |
2026-10-08T17:01:11.1599407Z       |                                            |                   uint64_t {aka long unsigned int}
2026-10-08T17:01:11.1599795Z       |                                            long long unsigned int
2026-10-08T17:01:11.1600119Z       |                                         %lu
2026-10-08T17:01:11.1601044Z src/solver/Solver.cc:6806:54: warning: format ‘%llu’ expects argument of type ‘long long unsigned int’, but argument 4 has type ‘uint64_t’ {aka ‘long unsigned int’} [-Wformat=]
2026-10-08T17:01:11.1601785Z  6806 |       else printf("c error UB %llu, inf %llu, sup %llu\n", UB, inf, sup);
2026-10-08T17:01:11.1602185Z       |                                                   ~~~^              ~~~
2026-10-08T17:01:11.1602519Z       |                                                      |              |
2026-10-08T17:01:11.1602890Z       |                                                      |              uint64_t {aka long unsigned int}
2026-10-08T17:01:11.1603281Z       |                                                      long long unsigned int
2026-10-08T17:01:11.1603941Z       |                                                   %lu
2026-10-08T17:01:11.1605369Z src/solver/Solver.cc:6828:57: warning: format ‘%llu’ expects argument of type ‘long long unsigned int’, but argument 2 has type ‘uint64_t’ {aka ‘long unsigned int’} [-Wformat=]
2026-10-08T17:01:11.1606207Z  6828 |       printf("c no feasible solution, hardConflicts: %llu\n", conflicts - softConflicts);
2026-10-08T17:01:11.1606690Z       |                                                      ~~~^     ~~~~~~~~~~~~~~~~~~~~~~~~~
2026-10-08T17:01:11.1607138Z       |                                                         |               |
2026-10-08T17:01:11.1607753Z       |                                                         |               uint64_t {aka long unsigned int}
2026-10-08T17:01:11.1608315Z       |                                                         long long unsigned int
2026-10-08T17:01:11.1608663Z       |                                                      %lu
2026-10-08T17:01:11.1609491Z src/solver/Solver.cc:6831:30: warning: format ‘%llu’ expects argument of type ‘long long unsigned int’, but argument 2 has type ‘uint64_t’ {aka ‘long unsigned int’} [-Wformat=]
2026-10-08T17:01:11.1610586Z  6831 |       printf("c initCost: %llu, fixedBySearch: %llu, optimal: %llu, maxsat: %llu, hardConflicts: %llu\n",
2026-10-08T17:01:11.1611068Z       |                           ~~~^
2026-10-08T17:01:11.1611317Z       |                              |
2026-10-08T17:01:11.1611581Z       |                              long long unsigned int
2026-10-08T17:01:11.1612049Z       |                           %lu
2026-10-08T17:01:11.1612444Z  6832 |              solutionCost, fixedCostBySearch,
2026-10-08T17:01:11.1612866Z       |              ~~~~~~~~~~~~     
2026-10-08T17:01:11.1613239Z       |              |
2026-10-08T17:01:11.1613596Z       |              uint64_t {aka long unsigned int}
2026-10-08T17:01:11.1614767Z src/solver/Solver.cc:6831:51: warning: format ‘%llu’ expects argument of type ‘long long unsigned int’, but argument 3 has type ‘uint64_t’ {aka ‘long unsigned int’} [-Wformat=]
2026-10-08T17:01:11.1616061Z  6831 |       printf("c initCost: %llu, fixedBySearch: %llu, optimal: %llu, maxsat: %llu, hardConflicts: %llu\n",
2026-10-08T17:01:11.1616713Z       |                                                ~~~^
2026-10-08T17:01:11.1617111Z       |                                                   |
2026-10-08T17:01:11.1617565Z       |                                                   long long unsigned int
2026-10-08T17:01:11.1618081Z       |                                                %lu
2026-10-08T17:01:11.1618558Z  6832 |              solutionCost, fixedCostBySearch,
2026-10-08T17:01:11.1619046Z       |                            ~~~~~~~~~~~~~~~~~       
2026-10-08T17:01:11.1619516Z       |                            |
2026-10-08T17:01:11.1619976Z       |                            uint64_t {aka long unsigned int}
2026-10-08T17:01:11.1621616Z src/solver/Solver.cc:6831:66: warning: format ‘%llu’ expects argument of type ‘long long unsigned int’, but argument 4 has type ‘uint64_t’ {aka ‘long unsigned int’} [-Wformat=]
2026-10-08T17:01:11.1623066Z  6831 |       printf("c initCost: %llu, fixedBySearch: %llu, optimal: %llu, maxsat: %llu, hardConflicts: %llu\n",
2026-10-08T17:01:11.1623853Z       |                                                               ~~~^
2026-10-08T17:01:11.1624379Z       |                                                                  |
2026-10-08T17:01:11.1624942Z       |                                                                  long long unsigned int
2026-10-08T17:01:11.1625526Z       |                                                               %lu
2026-10-08T17:01:11.1626080Z  6832 |              solutionCost, fixedCostBySearch,
2026-10-08T17:01:11.1626586Z  6833 |              lastOptimalCost,
2026-10-08T17:01:11.1627051Z       |              ~~~~~~~~~~~~~~~                                      
2026-10-08T17:01:11.1627534Z       |              |
2026-10-08T17:01:11.1628176Z       |              uint64_t {aka long unsigned int}
2026-10-08T17:01:11.1629736Z src/solver/Solver.cc:6831:80: warning: format ‘%llu’ expects argument of type ‘long long unsigned int’, but argument 5 has type ‘uint64_t’ {aka ‘long unsigned int’} [-Wformat=]
2026-10-08T17:01:11.1631276Z  6831 |       printf("c initCost: %llu, fixedBySearch: %llu, optimal: %llu, maxsat: %llu, hardConflicts: %llu\n",
2026-10-08T17:01:11.1632007Z       |                                                                             ~~~^
2026-10-08T17:01:11.1632567Z       |                                                                                |
2026-10-08T17:01:11.1633152Z       |                                                                                long long unsigned int
2026-10-08T17:01:11.1633772Z       |                                                                             %lu
2026-10-08T17:01:11.1634233Z ......
2026-10-08T17:01:11.1634639Z  6834 |              objForSearch-sup + nbSatLits, conflicts - softConflicts);
2026-10-08T17:01:11.1635277Z       |              ~~~~~~~~~~~~~~~~~~~~~~~~~~~~                                       
2026-10-08T17:01:11.1635762Z       |                               |
2026-10-08T17:01:11.1636209Z       |                               uint64_t {aka long unsigned int}
2026-10-08T17:01:11.1637589Z src/solver/Solver.cc:6831:101: warning: format ‘%llu’ expects argument of type ‘long long unsigned int’, but argument 6 has type ‘uint64_t’ {aka ‘long unsigned int’} [-Wformat=]
2026-10-08T17:01:11.1638985Z  6831 |       printf("c initCost: %llu, fixedBySearch: %llu, optimal: %llu, maxsat: %llu, hardConflicts: %llu\n",
2026-10-08T17:01:11.1639803Z       |                                                                                                  ~~~^
2026-10-08T17:01:11.1640656Z       |                                                                                                     |
2026-10-08T17:01:11.1641399Z       |                                                                                                     long long unsigned int
2026-10-08T17:01:11.1642126Z       |                                                                                                  %lu
2026-10-08T17:01:11.1642724Z ......
2026-10-08T17:01:11.1643156Z  6834 |              objForSearch-sup + nbSatLits, conflicts - softConflicts);
2026-10-08T17:01:11.1643880Z       |                                            ~~~~~~~~~~~~~~~~~~~~~~~~~                                 
2026-10-08T17:01:11.1644494Z       |                                                      |
2026-10-08T17:01:11.1645047Z       |                                                      uint64_t {aka long unsigned int}
2026-10-08T17:01:11.1646560Z src/solver/Solver.cc:6836:24: warning: format ‘%llu’ expects argument of type ‘long long unsigned int’, but argument 2 has type ‘uint64_t’ {aka ‘long unsigned int’} [-Wformat=]
2026-10-08T17:01:11.1648110Z  6836 |     printf("c nbLK: %llu, nbSuccLK: %llu(%4.2f%%), nbLKup: %llu(%4.2f%%), hardens %u (fixed %llu), dynVars %d, shorten: %llu\n",
2026-10-08T17:01:11.1648924Z       |                     ~~~^
2026-10-08T17:01:11.1649293Z       |                        |
2026-10-08T17:01:11.1649704Z       |                        long long unsigned int
2026-10-08T17:01:11.1650145Z       |                     %lu
2026-10-08T17:01:11.1650856Z  6837 |            LOOKAHEAD, nbLKsuccess, 100.0*nbLKsuccess/LOOKAHEAD, lk_propagations,
2026-10-08T17:01:11.1651485Z       |            ~~~~~~~~~    
2026-10-08T17:01:11.1651816Z       |            |
2026-10-08T17:01:11.1652155Z       |            uint64_t {aka long unsigned int}
2026-10-08T17:01:11.1653581Z src/solver/Solver.cc:6836:40: warning: format ‘%llu’ expects argument of type ‘long long unsigned int’, but argument 3 has type ‘uint64_t’ {aka ‘long unsigned int’} [-Wformat=]
2026-10-08T17:01:11.1655084Z  6836 |     printf("c nbLK: %llu, nbSuccLK: %llu(%4.2f%%), nbLKup: %llu(%4.2f%%), hardens %u (fixed %llu), dynVars %d, shorten: %llu\n",
2026-10-08T17:01:11.1656169Z       |                                     ~~~^
2026-10-08T17:01:11.1656753Z       |                                        |
2026-10-08T17:01:11.1657218Z       |                                        long long unsigned int
2026-10-08T17:01:11.1657700Z       |                                     %lu
2026-10-08T17:01:11.1658342Z  6837 |            LOOKAHEAD, nbLKsuccess, 100.0*nbLKsuccess/LOOKAHEAD, lk_propagations,
2026-10-08T17:01:11.1659009Z       |                       ~~~~~~~~~~~       
2026-10-08T17:01:11.1659431Z       |                       |
2026-10-08T17:01:11.1659864Z       |                       uint64_t {aka long unsigned int}
2026-10-08T17:01:11.1661543Z src/solver/Solver.cc:6836:63: warning: format ‘%llu’ expects argument of type ‘long long unsigned int’, but argument 5 has type ‘uint64_t’ {aka ‘long unsigned int’} [-Wformat=]
2026-10-08T17:01:11.1663061Z  6836 |     printf("c nbLK: %llu, nbSuccLK: %llu(%4.2f%%), nbLKup: %llu(%4.2f%%), hardens %u (fixed %llu), dynVars %d, shorten: %llu\n",
2026-10-08T17:01:11.1663951Z       |                                                            ~~~^
2026-10-08T17:01:11.1664490Z       |                                                               |
2026-10-08T17:01:11.1665063Z       |                                                               long long unsigned int
2026-10-08T17:01:11.1665651Z       |                                                            %lu
2026-10-08T17:01:11.1666330Z  6837 |            LOOKAHEAD, nbLKsuccess, 100.0*nbLKsuccess/LOOKAHEAD, lk_propagations,
2026-10-08T17:01:11.1667040Z       |                                                                 ~~~~~~~~~~~~~~~
2026-10-08T17:01:11.1667601Z       |                                                                 |
2026-10-08T17:01:11.1668217Z       |                                                                 uint64_t {aka long unsigned int}
2026-10-08T17:01:11.1669741Z src/solver/Solver.cc:6836:96: warning: format ‘%llu’ expects argument of type ‘long long unsigned int’, but argument 8 has type ‘uint64_t’ {aka ‘long unsigned int’} [-Wformat=]
2026-10-08T17:01:11.1671498Z  6836 |     printf("c nbLK: %llu, nbSuccLK: %llu(%4.2f%%), nbLKup: %llu(%4.2f%%), hardens %u (fixed %llu), dynVars %d, shorten: %llu\n",
2026-10-08T17:01:11.1673660Z       |                                                                                             ~~~^
2026-10-08T17:01:11.1674658Z       |                                                                                                |
2026-10-08T17:01:11.1675877Z       |                                                                                                long long unsigned int
2026-10-08T17:01:11.1676585Z       |                                                                                             %lu
2026-10-08T17:01:11.1677355Z  6837 |            LOOKAHEAD, nbLKsuccess, 100.0*nbLKsuccess/LOOKAHEAD, lk_propagations,
2026-10-08T17:01:11.1678434Z  6838 |            100.0*lk_propagations/propagations, nbHardens, fixedByHardens, nVars()-staticNbVars, nbSavedLits);
2026-10-08T17:01:11.1679365Z       |                                                           ~~~~~~~~~~~~~~                        
2026-10-08T17:01:11.1679956Z       |                                                           |
2026-10-08T17:01:11.1680768Z       |                                                           uint64_t {aka long unsigned int}
2026-10-08T17:01:11.1682332Z src/solver/Solver.cc:6836:124: warning: format ‘%llu’ expects argument of type ‘long long unsigned int’, but argument 10 has type ‘uint64_t’ {aka ‘long unsigned int’} [-Wformat=]
2026-10-08T17:01:11.1683901Z  6836 |     printf("c nbLK: %llu, nbSuccLK: %llu(%4.2f%%), nbLKup: %llu(%4.2f%%), hardens %u (fixed %llu), dynVars %d, shorten: %llu\n",
2026-10-08T17:01:11.1684924Z       |                                                                                                                         ~~~^
2026-10-08T17:01:11.1685999Z       |                                                                                                                            |
2026-10-08T17:01:11.1686983Z       |                                                                                                                            long long unsigned int
2026-10-08T17:01:11.1687815Z       |                                                                                                                         %lu
2026-10-08T17:01:11.1688649Z  6837 |            LOOKAHEAD, nbLKsuccess, 100.0*nbLKsuccess/LOOKAHEAD, lk_propagations,
2026-10-08T17:01:11.1689709Z  6838 |            100.0*lk_propagations/propagations, nbHardens, fixedByHardens, nVars()-staticNbVars, nbSavedLits);
2026-10-08T17:01:11.1690958Z       |                                                                                                 ~~~~~~~~~~~                 
2026-10-08T17:01:11.1691679Z       |                                                                                                 |
2026-10-08T17:01:11.1692445Z       |                                                                                                 uint64_t {aka long unsigned int}
2026-10-08T17:01:11.2109477Z In file included from src/solver/mtl/Sort.h:24,
2026-10-08T17:01:11.2110730Z                  from src/solver/Solver.cc:106:
2026-10-08T17:01:11.2112439Z src/solver/mtl/Vec.h: In instantiation of ‘void Minisat::vec<T>::capacity(int) [with T = Minisat::vec<Minisat::Solver::Watcher>]’:
2026-10-08T17:01:11.2114258Z src/solver/mtl/Vec.h:115:13:   required from ‘void Minisat::vec<T>::growTo(int) [with T = Minisat::vec<Minisat::Solver::Watcher>]’
2026-10-08T17:01:11.2116381Z src/solver/SolverTypes.h:339:50:   required from ‘void Minisat::OccLists<Idx, Vec, Deleted>::init(const Idx&) [with Idx = Minisat::Lit; Vec = Minisat::vec<Minisat::Solver::Watcher>; Deleted = Minisat::Solver::WatcherDeleted]’
2026-10-08T17:01:11.2117936Z src/solver/Solver.cc:1272:21:   required from here
2026-10-08T17:01:11.2119064Z src/solver/mtl/Vec.h:99:54: warning: ‘void* realloc(void*, size_t)’ moving an object of non-trivially copyable type ‘class Minisat::vec<Minisat::Solver::Watcher>’; use ‘new’ and ‘delete’ instead [-Wclass-memaccess]
2026-10-08T17:01:11.2120164Z    99 |     if (add > INT_MAX - cap || ((data = (T*)::realloc(data, (cap += add) * sizeof(T))) == NULL) && errno == ENOMEM)
2026-10-08T17:01:11.2120948Z       |                                             ~~~~~~~~~^~~~~~~~~~~~~~~~~~~~~~~~~~~~~~~~
2026-10-08T17:01:11.2121571Z src/solver/mtl/Vec.h:38:7: note: ‘class Minisat::vec<Minisat::Solver::Watcher>’ declared here
2026-10-08T17:01:11.2121975Z    38 | class vec {
2026-10-08T17:01:11.2122182Z       |       ^~~
2026-10-08T17:01:11.2122743Z src/solver/mtl/Vec.h: In instantiation of ‘void Minisat::vec<T>::capacity(int) [with T = Minisat::vec<Minisat::Lit>]’:
2026-10-08T17:01:11.2123762Z src/solver/mtl/Vec.h:115:13:   required from ‘void Minisat::vec<T>::growTo(int) [with T = Minisat::vec<Minisat::Lit>]’
2026-10-08T17:01:11.2125111Z src/solver/Solver.h:72:50:   required from ‘void Minisat::vec2<Idx, Vec>::init(const Idx&) [with Idx = Minisat::Lit; Vec = Minisat::vec<Minisat::Lit>]’
2026-10-08T17:01:11.2125724Z src/solver/Solver.cc:1312:22:   required from here
2026-10-08T17:01:11.2126700Z src/solver/mtl/Vec.h:99:54: warning: ‘void* realloc(void*, size_t)’ moving an object of non-trivially copyable type ‘class Minisat::vec<Minisat::Lit>’; use ‘new’ and ‘delete’ instead [-Wclass-memaccess]
2026-10-08T17:01:11.2127619Z    99 |     if (add > INT_MAX - cap || ((data = (T*)::realloc(data, (cap += add) * sizeof(T))) == NULL) && errno == ENOMEM)
2026-10-08T17:01:11.2128115Z       |                                             ~~~~~~~~~^~~~~~~~~~~~~~~~~~~~~~~~~~~~~~~~
2026-10-08T17:01:11.2128638Z src/solver/mtl/Vec.h:38:7: note: ‘class Minisat::vec<Minisat::Lit>’ declared here
2026-10-08T17:01:11.2129025Z    38 | class vec {
2026-10-08T17:01:11.2129225Z       |       ^~~
2026-10-08T17:01:11.2129756Z src/solver/mtl/Vec.h: In instantiation of ‘void Minisat::vec<T>::capacity(int) [with T = Minisat::vec<int>]’:
2026-10-08T17:01:11.2131062Z src/solver/mtl/Vec.h:115:13:   required from ‘void Minisat::vec<T>::growTo(int) [with T = Minisat::vec<int>]’
2026-10-08T17:01:11.2132074Z src/solver/Solver.h:72:50:   required from ‘void Minisat::vec2<Idx, Vec>::init(const Idx&) [with Idx = int; Vec = Minisat::vec<int>]’
2026-10-08T17:01:11.2132633Z src/solver/Solver.cc:4250:13:   required from here
2026-10-08T17:01:11.2133573Z src/solver/mtl/Vec.h:99:54: warning: ‘void* realloc(void*, size_t)’ moving an object of non-trivially copyable type ‘class Minisat::vec<int>’; use ‘new’ and ‘delete’ instead [-Wclass-memaccess]
2026-10-08T17:01:11.2134480Z    99 |     if (add > INT_MAX - cap || ((data = (T*)::realloc(data, (cap += add) * sizeof(T))) == NULL) && errno == ENOMEM)
2026-10-08T17:01:11.2134975Z       |                                             ~~~~~~~~~^~~~~~~~~~~~~~~~~~~~~~~~~~~~~~~~
2026-10-08T17:01:11.2135476Z src/solver/mtl/Vec.h:38:7: note: ‘class Minisat::vec<int>’ declared here
2026-10-08T17:01:11.2135840Z    38 | class vec {
2026-10-08T17:01:11.2136045Z       |       ^~~
2026-10-08T17:01:11.2788497Z src/solver/Solver.cc: In member function ‘void Minisat::Solver::emitBoundsUpdate()’:
2026-10-08T17:01:11.2790678Z src/solver/Solver.cc:5204:24: warning: ignoring return value of ‘ssize_t write(int, const void*, size_t)’ declared with attribute ‘warn_unused_result’ [-Wunused-result]
2026-10-08T17:01:11.2792172Z  5204 |             (void)write(bounds_pipe_w, buf, (size_t)n);
2026-10-08T17:01:11.2792830Z       |                   ~~~~~^~~~~~~~~~~~~~~~~~~~~~~~~~~~~~~
2026-10-08T17:01:11.2794431Z src/solver/Solver.cc:5210:24: warning: ignoring return value of ‘ssize_t write(int, const void*, size_t)’ declared with attribute ‘warn_unused_result’ [-Wunused-result]
2026-10-08T17:01:11.2795777Z  5210 |             (void)write(bounds_pipe_w, buf, (size_t)n);
2026-10-08T17:01:11.2796435Z       |                   ~~~~~^~~~~~~~~~~~~~~~~~~~~~~~~~~~~~~
2026-10-08T17:01:11.2797561Z src/solver/Solver.cc: In member function ‘void Minisat::Solver::emitTryUpdate(uint64_t)’:
2026-10-08T17:01:11.2799314Z src/solver/Solver.cc:5220:20: warning: ignoring return value of ‘ssize_t write(int, const void*, size_t)’ declared with attribute ‘warn_unused_result’ [-Wunused-result]
2026-10-08T17:01:11.2800880Z  5220 |         (void)write(bounds_pipe_w, buf, (size_t)n);
2026-10-08T17:01:11.2801550Z       |               ~~~~~^~~~~~~~~~~~~~~~~~~~~~~~~~~~~~~
2026-10-08T17:01:13.9974988Z In file included from src/solver/Solver.h:54:
2026-10-08T17:01:13.9976375Z In function ‘Minisat::Lit Minisat::operator~(Lit)’,
2026-10-08T17:01:13.9977998Z     inlined from ‘void Minisat::Solver::analyze(Minisat::CRef, Minisat::vec<Minisat::Lit>&, int&, int&)’ at src/solver/Solver.cc:1757:22:
2026-10-08T17:01:13.9979560Z src/solver/SolverTypes.h:73:64: warning: ‘p.Minisat::Lit::x’ may be used uninitialized [-Wmaybe-uninitialized]
2026-10-08T17:01:13.9980876Z    73 | inline  Lit  operator ~(Lit p)              { Lit q; q.x = p.x ^ 1; return q; }
2026-10-08T17:01:13.9981624Z       |                                                            ~~~~^~~
2026-10-08T17:01:13.9982723Z src/solver/Solver.cc: In member function ‘void Minisat::Solver::analyze(Minisat::CRef, Minisat::vec<Minisat::Lit>&, int&, int&)’:
2026-10-08T17:01:13.9983994Z src/solver/Solver.cc:1671:9: note: ‘p.Minisat::Lit::x’ was declared here
2026-10-08T17:01:13.9984578Z  1671 |     Lit p; //     = lit_Undef;
2026-10-08T17:01:13.9984976Z       |         ^
2026-10-08T17:01:14.0792276Z In function ‘Minisat::Lit Minisat::operator~(Lit)’,
2026-10-08T17:01:14.0793618Z     inlined from ‘void Minisat::Solver::analyzeSoftConflict(Minisat::vec<Minisat::Lit>&, int&, int&)’ at src/solver/Solver.cc:2396:22:
2026-10-08T17:01:14.0795451Z src/solver/SolverTypes.h:73:64: warning: ‘p.Minisat::Lit::x’ may be used uninitialized [-Wmaybe-uninitialized]
2026-10-08T17:01:14.0796519Z    73 | inline  Lit  operator ~(Lit p)              { Lit q; q.x = p.x ^ 1; return q; }
2026-10-08T17:01:14.0797749Z       |                                                            ~~~~^~~
2026-10-08T17:01:14.0798991Z src/solver/Solver.cc: In member function ‘void Minisat::Solver::analyzeSoftConflict(Minisat::vec<Minisat::Lit>&, int&, int&)’:
2026-10-08T17:01:14.0800689Z src/solver/Solver.cc:2193:9: note: ‘p.Minisat::Lit::x’ was declared here
2026-10-08T17:01:14.0801261Z  2193 |     Lit p;
2026-10-08T17:01:14.0801573Z       |         ^
2026-10-08T17:01:14.2173402Z In function ‘Minisat::Lit Minisat::operator~(Lit)’,
2026-10-08T17:01:14.2174771Z     inlined from ‘void Minisat::Solver::analyzeQuasiSoftConflict(Minisat::vec<Minisat::Lit>&, int&, int&)’ at src/solver/Solver.cc:4664:22:
2026-10-08T17:01:14.2176318Z src/solver/SolverTypes.h:73:64: warning: ‘p.Minisat::Lit::x’ may be used uninitialized [-Wmaybe-uninitialized]
2026-10-08T17:01:14.2177295Z    73 | inline  Lit  operator ~(Lit p)              { Lit q; q.x = p.x ^ 1; return q; }
2026-10-08T17:01:14.2177933Z       |                                                            ~~~~^~~
2026-10-08T17:01:14.2179113Z src/solver/Solver.cc: In member function ‘void Minisat::Solver::analyzeQuasiSoftConflict(Minisat::vec<Minisat::Lit>&, int&, int&)’:
2026-10-08T17:01:14.2179885Z src/solver/Solver.cc:4492:9: note: ‘p.Minisat::Lit::x’ was declared here
2026-10-08T17:01:14.2180464Z  4492 |     Lit p;
2026-10-08T17:01:14.2180772Z       |         ^
2026-10-08T17:01:16.9736975Z g++ -Isrc/solver -Wall -Wno-parentheses -O3 -mtune=native -g -D __STDC_LIMIT_MACROS -D __STDC_FORMAT_MACROS -DNDEBUG -o bin/distqldpc src/core/distqldpc.cc build/SimpSolver.o build/Solver.o build/Options.o build/System.o -lz
2026-10-08T17:01:16.9753858Z g++ -Isrc/solver -Wall -Wno-parentheses -O3 -mtune=native -g -D __STDC_LIMIT_MACROS -D __STDC_FORMAT_MACROS -DNDEBUG -o bin/maxcdcl src/solver/Main.cc build/SimpSolver.o build/Solver.o build/Options.o build/System.o -lz
2026-10-08T17:01:17.0214187Z In file included from src/solver/Main.cc:51:
2026-10-08T17:01:17.0215362Z src/solver/utils/Options.h:285:29: warning: invalid suffix on literal; C++11 requires a space between literal and string macro [-Wliteral-suffix]
2026-10-08T17:01:17.0216454Z   285 |             fprintf(stderr, "%4"PRIi64, range.begin);
2026-10-08T17:01:17.0216959Z       |                             ^
2026-10-08T17:01:17.0218093Z src/solver/utils/Options.h:291:29: warning: invalid suffix on literal; C++11 requires a space between literal and string macro [-Wliteral-suffix]
2026-10-08T17:01:17.0219235Z   291 |             fprintf(stderr, "%4"PRIi64, range.end);
2026-10-08T17:01:17.0219810Z       |                             ^
2026-10-08T17:01:17.0221389Z src/solver/utils/Options.h:293:25: warning: invalid suffix on literal; C++11 requires a space between literal and string macro [-Wliteral-suffix]
2026-10-08T17:01:17.0222516Z   293 |         fprintf(stderr, "] (default: %"PRIi64")\n", value);
2026-10-08T17:01:17.0223035Z       |                         ^
2026-10-08T17:01:17.0241727Z src/solver/Main.cc:84:16: warning: invalid suffix on literal; C++11 requires a space between literal and string macro [-Wliteral-suffix]
2026-10-08T17:01:17.0261086Z    84 |         printf("c restarts              : %"PRIu64"\n", solver.starts);
2026-10-08T17:01:17.0266693Z       |                ^
2026-10-08T17:01:17.0267793Z src/solver/Main.cc:85:16: warning: invalid suffix on literal; C++11 requires a space between literal and string macro [-Wliteral-suffix]
2026-10-08T17:01:17.0269497Z    85 |         printf("c conflicts             : %-12"PRIu64"   (%.0f /sec)\n", solver.conflicts, solver.conflicts / cpu_time);
2026-10-08T17:01:17.0270860Z       |                ^
2026-10-08T17:01:17.0271950Z src/solver/Main.cc:86:16: warning: invalid suffix on literal; C++11 requires a space between literal and string macro [-Wliteral-suffix]
2026-10-08T17:01:17.0273847Z    86 |         printf("c decisions             : %-12"PRIu64"   (%4.2f %% random) (%.0f /sec)\n", solver.decisions, (float)solver.rnd_decisions * 100 / (float)solver.decisions, solver.decisions / cpu_time);
2026-10-08T17:01:17.0275127Z       |                ^
2026-10-08T17:01:17.0276494Z src/solver/Main.cc:87:16: warning: invalid suffix on literal; C++11 requires a space between literal and string macro [-Wliteral-suffix]
2026-10-08T17:01:17.0278288Z    87 |         printf("c propagations          : %-12"PRIu64"   (%.0f /sec)\n", solver.propagations, solver.propagations / cpu_time);
2026-10-08T17:01:17.0279313Z       |                ^
2026-10-08T17:01:17.0280520Z src/solver/Main.cc:88:16: warning: invalid suffix on literal; C++11 requires a space between literal and string macro [-Wliteral-suffix]
2026-10-08T17:01:17.0282550Z    88 |         printf("c conflict literals     : %-12"PRIu64"   (%4.2f %% deleted)\n", solver.tot_literals, (solver.max_literals - solver.tot_literals) * 100 / (double)solver.max_literals);
2026-10-08T17:01:17.0283929Z       |                ^
2026-10-08T17:01:17.0285023Z src/solver/Main.cc:93:16: warning: invalid suffix on literal; C++11 requires a space between literal and string macro [-Wliteral-suffix]
2026-10-08T17:01:17.0286377Z    93 |         printf("c s_propagations        : %-12"PRIu64"\n", solver.s_propagations);
2026-10-08T17:01:17.0287235Z       |                ^
2026-10-08T17:01:17.1194314Z src/solver/Main.cc: In function ‘void printStats(Minisat::Solver&)’:
2026-10-08T17:01:17.1196277Z src/solver/Main.cc:92:46: warning: format ‘%llu’ expects argument of type ‘long long unsigned int’, but argument 2 has type ‘uint64_t’ {aka ‘long unsigned int’} [-Wformat=]
2026-10-08T17:01:17.1197997Z    92 |         printf("c nbSimplifyAll         : %llu\n", solver.nbSimplifyAll);
2026-10-08T17:01:17.1198974Z       |                                           ~~~^     ~~~~~~~~~~~~~~~~~~~~
2026-10-08T17:01:17.1199731Z       |                                              |            |
2026-10-08T17:01:17.1200828Z       |                                              |            uint64_t {aka long unsigned int}
2026-10-08T17:01:17.1201659Z       |                                              long long unsigned int
2026-10-08T17:01:17.1202434Z       |                                           %lu
2026-10-08T17:01:17.1211313Z src/solver/Main.cc: In function ‘int main(int, char**)’:
2026-10-08T17:01:17.1213208Z src/solver/Main.cc:187:34: warning: format ‘%llu’ expects argument of type ‘long long unsigned int’, but argument 2 has type ‘uint64_t’ {aka ‘long unsigned int’} [-Wformat=]
2026-10-08T17:01:17.1214877Z   187 |         printf("c initial UB: %llu\n", S.initUB);
2026-10-08T17:01:17.1215680Z       |                               ~~~^     ~~~~~~~~
2026-10-08T17:01:17.1216376Z       |                                  |       |
2026-10-08T17:01:17.1217189Z       |                                  |       uint64_t {aka long unsigned int}
2026-10-08T17:01:17.1218006Z       |                                  long long unsigned int
2026-10-08T17:01:17.1218752Z       |                               %lu
2026-10-08T17:01:17.1570187Z src/solver/Main.cc: At global scope:
2026-10-08T17:01:17.1573368Z src/solver/Main.cc:108:13: warning: ‘void SIGINT_exit(int)’ defined but not used [-Wunused-function]
2026-10-08T17:01:17.1574428Z   108 | static void SIGINT_exit(int signum) {
2026-10-08T17:01:17.1575141Z       |             ^~~~~~~~~~~
2026-10-08T17:01:17.2240696Z In file included from src/solver/Solver.h:53,
2026-10-08T17:01:17.2241601Z                  from src/solver/SimpSolver.h:37,
2026-10-08T17:01:17.2242347Z                  from src/core/distqldpc.cc:40:
2026-10-08T17:01:17.2243579Z src/solver/utils/Options.h:285:29: warning: invalid suffix on literal; C++11 requires a space between literal and string macro [-Wliteral-suffix]
2026-10-08T17:01:17.2244829Z   285 |             fprintf(stderr, "%4"PRIi64, range.begin);
2026-10-08T17:01:17.2245494Z       |                             ^
2026-10-08T17:01:17.2246615Z src/solver/utils/Options.h:291:29: warning: invalid suffix on literal; C++11 requires a space between literal and string macro [-Wliteral-suffix]
2026-10-08T17:01:17.2247860Z   291 |             fprintf(stderr, "%4"PRIi64, range.end);
2026-10-08T17:01:17.2248908Z       |                             ^
2026-10-08T17:01:17.2250517Z src/solver/utils/Options.h:293:25: warning: invalid suffix on literal; C++11 requires a space between literal and string macro [-Wliteral-suffix]
2026-10-08T17:01:17.2251894Z   293 |         fprintf(stderr, "] (default: %"PRIi64")\n", value);
2026-10-08T17:01:17.2252612Z       |                         ^
2026-10-08T17:01:17.5718810Z src/core/distqldpc.cc: In function ‘void pipe_write_result(int, int, bool)’:
2026-10-08T17:01:17.5719879Z src/core/distqldpc.cc:162:20: warning: ignoring return value of ‘ssize_t write(int, const void*, size_t)’ declared with attribute ‘warn_unused_result’ [-Wunused-result]
2026-10-08T17:01:17.5720901Z   162 |         (void)write(pipe_w, buf, (size_t)n);
2026-10-08T17:01:17.5721212Z       |               ~~~~~^~~~~~~~~~~~~~~~~~~~~~~~
2026-10-08T17:01:18.5960071Z ##[group]Run bash scripts/smoke_test.sh
2026-10-08T17:01:18.5960697Z [36;1mbash scripts/smoke_test.sh[0m
2026-10-08T17:01:18.6028948Z shell: /usr/bin/bash -e {0}
2026-10-08T17:01:18.6029226Z ##[endgroup]
2026-10-08T17:01:18.6364350Z DistQLDPC smoke validation passed
2026-10-08T17:01:18.6544275Z Post job cleanup.
2026-10-08T17:01:18.7406172Z [command]/usr/bin/git version
2026-10-08T17:01:18.7459273Z git version 2.55.0
2026-10-08T17:01:18.7496270Z Temporarily overriding HOME='/home/runner/work/_temp/43063129-7837-4c90-b56d-8338fbeebb8e' before making global git config changes
2026-10-08T17:01:18.7497849Z Adding repository directory to the temporary git global config as a safe directory
2026-10-08T17:01:18.7502010Z [command]/usr/bin/git config --global --add safe.directory /home/runner/work/DistQLDPC/DistQLDPC
2026-10-08T17:01:18.7535471Z Removing SSH command configuration
2026-10-08T17:01:18.7542252Z [command]/usr/bin/git config --local --name-only --get-regexp core\.sshCommand
2026-10-08T17:01:18.7581406Z [command]/usr/bin/git submodule foreach --recursive sh -c "git config --local --name-only --get-regexp 'core\.sshCommand' && git config --local --unset-all 'core.sshCommand' || :"
2026-10-08T17:01:18.7838862Z Removing HTTP extra header
2026-10-08T17:01:18.7845530Z [command]/usr/bin/git config --local --name-only --get-regexp http\.https\:\/\/github\.com\/\.extraheader
2026-10-08T17:01:18.7886066Z [command]/usr/bin/git submodule foreach --recursive sh -c "git config --local --name-only --get-regexp 'http\.https\:\/\/github\.com\/\.extraheader' && git config --local --unset-all 'http.https://github.com/.extraheader' || :"
2026-10-08T17:01:18.8229541Z Removing includeIf entries pointing to credentials config files
2026-10-08T17:01:18.8239238Z [command]/usr/bin/git config --local --name-only --get-regexp ^includeIf\.gitdir:
2026-10-08T17:01:18.8287878Z includeif.gitdir:/home/runner/work/DistQLDPC/DistQLDPC/.git.path
2026-10-08T17:01:18.8291740Z includeif.gitdir:/home/runner/work/DistQLDPC/DistQLDPC/.git/worktrees/*.path
2026-10-08T17:01:18.8292722Z includeif.gitdir:/github/workspace/.git.path
2026-10-08T17:01:18.8293550Z includeif.gitdir:/github/workspace/.git/worktrees/*.path
2026-10-08T17:01:18.8302983Z [command]/usr/bin/git config --local --get-all includeif.gitdir:/home/runner/work/DistQLDPC/DistQLDPC/.git.path
2026-10-08T17:01:18.8345969Z /home/runner/work/_temp/git-credentials-49e2391b-10bf-416e-b6de-b4730e54cc60.config
2026-10-08T17:01:18.8358098Z [command]/usr/bin/git config --local --unset includeif.gitdir:/home/runner/work/DistQLDPC/DistQLDPC/.git.path \/home\/runner\/work\/_temp\/git\-credentials\-49e2391b\-10bf\-416e\-b6de\-b4730e54cc60\.config
2026-10-08T17:01:18.8423925Z [command]/usr/bin/git config --local --get-all includeif.gitdir:/home/runner/work/DistQLDPC/DistQLDPC/.git/worktrees/*.path
2026-10-08T17:01:18.8468522Z /home/runner/work/_temp/git-credentials-49e2391b-10bf-416e-b6de-b4730e54cc60.config
2026-10-08T17:01:18.8478440Z [command]/usr/bin/git config --local --unset includeif.gitdir:/home/runner/work/DistQLDPC/DistQLDPC/.git/worktrees/*.path \/home\/runner\/work\/_temp\/git\-credentials\-49e2391b\-10bf\-416e\-b6de\-b4730e54cc60\.config
2026-10-08T17:01:18.8551648Z [command]/usr/bin/git config --local --get-all includeif.gitdir:/github/workspace/.git.path
2026-10-08T17:01:18.8582159Z /github/runner_temp/git-credentials-49e2391b-10bf-416e-b6de-b4730e54cc60.config
2026-10-08T17:01:18.8589800Z [command]/usr/bin/git config --local --unset includeif.gitdir:/github/workspace/.git.path \/github\/runner_temp\/git\-credentials\-49e2391b\-10bf\-416e\-b6de\-b4730e54cc60\.config
2026-10-08T17:01:18.8630555Z [command]/usr/bin/git config --local --get-all includeif.gitdir:/github/workspace/.git/worktrees/*.path
2026-10-08T17:01:18.8661130Z /github/runner_temp/git-credentials-49e2391b-10bf-416e-b6de-b4730e54cc60.config
2026-10-08T17:01:18.8667188Z [command]/usr/bin/git config --local --unset includeif.gitdir:/github/workspace/.git/worktrees/*.path \/github\/runner_temp\/git\-credentials\-49e2391b\-10bf\-416e\-b6de\-b4730e54cc60\.config
2026-10-08T17:01:18.8709980Z [command]/usr/bin/git submodule foreach --recursive git config --local --show-origin --name-only --get-regexp remote.origin.url
2026-10-08T17:01:18.8973195Z Removing credentials config '/home/runner/work/_temp/git-credentials-49e2391b-10bf-416e-b6de-b4730e54cc60.config'
2026-10-08T17:01:18.9122413Z Cleaning up orphan processes

