2026-10-08T11:31:52.9308931Z Current runner version: '2.337.0'
2026-10-08T11:31:52.9346067Z ##[group]Runner Image Provisioner
2026-10-08T11:31:52.9347812Z Hosted Compute Agent
2026-10-08T11:31:52.9348875Z Version: 20260901.588
2026-10-08T11:31:52.9350030Z Commit: f88ec8081b781fac6c440065ac7ff9e710ce3d0b
2026-10-08T11:31:52.9351304Z Build Date: 2026-09-01T19:56:44Z
2026-10-08T11:31:52.9352514Z Worker ID: {22238597-8c78-4586-abec-a042f98a6288}
2026-10-08T11:31:52.9353835Z Azure Region: eastus
2026-10-08T11:31:52.9354880Z ##[endgroup]
2026-10-08T11:31:52.9358599Z ##[group]Operating System
2026-10-08T11:31:52.9359788Z Ubuntu
2026-10-08T11:31:52.9360720Z 24.04.5
2026-10-08T11:31:52.9361794Z LTS
2026-10-08T11:31:52.9362758Z ##[endgroup]
2026-10-08T11:31:52.9363897Z ##[group]Runner Image
2026-10-08T11:31:52.9365020Z Image: ubuntu-24.04
2026-10-08T11:31:52.9366045Z Version: 20260927.320.1
2026-10-08T11:31:52.9368883Z Included Software: https://github.com/actions/runner-images/blob/ubuntu24/20260927.320/images/ubuntu/Ubuntu2404-Readme.md
2026-10-08T11:31:52.9371856Z Image Release: https://github.com/actions/runner-images/releases/tag/ubuntu24%2F20260927.320
2026-10-08T11:31:52.9373677Z ##[endgroup]
2026-10-08T11:31:52.9375573Z ##[group]GITHUB_TOKEN Permissions
2026-10-08T11:31:52.9379316Z Contents: write
2026-10-08T11:31:52.9380412Z Metadata: read
2026-10-08T11:31:52.9381593Z ##[endgroup]
2026-10-08T11:31:52.9384544Z Secret source: Actions
2026-10-08T11:31:52.9386322Z Cache mode: write
2026-10-08T11:31:52.9387997Z Prepare workflow directory
2026-10-08T11:31:52.9876424Z Prepare all required actions
2026-10-08T11:31:52.9949435Z Getting action download info
2026-10-08T11:31:53.1975425Z Download action repository 'actions/checkout@v7' (SHA:3d3c42e5aac5ba805825da76410c181273ba90b1)
2026-10-08T11:31:53.3084679Z Download action repository 'actions/upload-artifact@v4' (SHA:ea165f8d65b6e75b540449e92b4886f43607fa02)
2026-10-08T11:31:53.5796498Z Complete job name: compare
2026-10-08T11:31:53.6634976Z ##[group]Run actions/checkout@v7
2026-10-08T11:31:53.6635936Z with:
2026-10-08T11:31:53.6636372Z   path: candidate
2026-10-08T11:31:53.6636830Z   fetch-depth: 0
2026-10-08T11:31:53.6637532Z   repository: guluchen/DistQLDPC
2026-10-08T11:31:53.6641382Z   token: ***
2026-10-08T11:31:53.6641819Z   ssh-strict: true
2026-10-08T11:31:53.6642255Z   ssh-user: git
2026-10-08T11:31:53.6642704Z   persist-credentials: true
2026-10-08T11:31:53.6643196Z   clean: true
2026-10-08T11:31:53.6643638Z   sparse-checkout-cone-mode: true
2026-10-08T11:31:53.6644165Z   fetch-tags: false
2026-10-08T11:31:53.6644619Z   show-progress: true
2026-10-08T11:31:53.6645060Z   lfs: false
2026-10-08T11:31:53.6645477Z   submodules: false
2026-10-08T11:31:53.6645929Z   set-safe-directory: true
2026-10-08T11:31:53.6646428Z   allow-unsafe-pr-checkout: false
2026-10-08T11:31:53.6647485Z ##[endgroup]
2026-10-08T11:31:53.7697743Z Syncing repository: guluchen/DistQLDPC
2026-10-08T11:31:53.7701304Z ##[group]Getting Git version info
2026-10-08T11:31:53.7702759Z Working directory is '/home/runner/work/DistQLDPC/DistQLDPC/candidate'
2026-10-08T11:31:53.7704708Z [command]/usr/bin/git version
2026-10-08T11:31:53.7817990Z git version 2.55.0
2026-10-08T11:31:53.7848856Z ##[endgroup]
2026-10-08T11:31:53.7862357Z Temporarily overriding HOME='/home/runner/work/_temp/12cecdb3-03de-45d3-89e4-09968f9409a2' before making global git config changes
2026-10-08T11:31:53.7865411Z Adding repository directory to the temporary git global config as a safe directory
2026-10-08T11:31:53.7868240Z [command]/usr/bin/git config --global --add safe.directory /home/runner/work/DistQLDPC/DistQLDPC/candidate
2026-10-08T11:31:53.7921205Z ##[group]Determining repository object format
2026-10-08T11:31:53.7923562Z ##[endgroup]
2026-10-08T11:31:53.7924832Z ##[group]Initializing the repository
2026-10-08T11:31:53.7930020Z [command]/usr/bin/git init /home/runner/work/DistQLDPC/DistQLDPC/candidate
2026-10-08T11:31:53.8052198Z hint: Using 'master' as the name for the initial branch. This default branch name
2026-10-08T11:31:53.8054153Z hint: will change to "main" in Git 3.0. To configure the initial branch name
2026-10-08T11:31:53.8056340Z hint: to use in all of your new repositories, which will suppress this warning,
2026-10-08T11:31:53.8057876Z hint: call:
2026-10-08T11:31:53.8058510Z hint:
2026-10-08T11:31:53.8059313Z hint: 	git config --global init.defaultBranch <name>
2026-10-08T11:31:53.8060320Z hint:
2026-10-08T11:31:53.8061372Z hint: Names commonly chosen instead of 'master' are 'main', 'trunk' and
2026-10-08T11:31:53.8063045Z hint: 'development'. The just-created branch can be renamed via this command:
2026-10-08T11:31:53.8064411Z hint:
2026-10-08T11:31:53.8065185Z hint: 	git branch -m <name>
2026-10-08T11:31:53.8066010Z hint:
2026-10-08T11:31:53.8067352Z hint: Disable this message with "git config set advice.defaultBranchName false"
2026-10-08T11:31:53.8069240Z Initialized empty Git repository in /home/runner/work/DistQLDPC/DistQLDPC/candidate/.git/
2026-10-08T11:31:53.8076886Z [command]/usr/bin/git remote add origin https://github.com/guluchen/DistQLDPC
2026-10-08T11:31:53.8138304Z ##[endgroup]
2026-10-08T11:31:53.8139610Z ##[group]Disabling automatic garbage collection
2026-10-08T11:31:53.8140928Z [command]/usr/bin/git config --local gc.auto 0
2026-10-08T11:31:53.8186181Z ##[endgroup]
2026-10-08T11:31:53.8187594Z ##[group]Setting up auth
2026-10-08T11:31:53.8188805Z Removing SSH command configuration
2026-10-08T11:31:53.8193393Z [command]/usr/bin/git config --local --name-only --get-regexp core\.sshCommand
2026-10-08T11:31:53.8235537Z [command]/usr/bin/git submodule foreach --recursive sh -c "git config --local --name-only --get-regexp 'core\.sshCommand' && git config --local --unset-all 'core.sshCommand' || :"
2026-10-08T11:31:53.8629167Z Removing HTTP extra header
2026-10-08T11:31:53.8635568Z [command]/usr/bin/git config --local --name-only --get-regexp http\.https\:\/\/github\.com\/\.extraheader
2026-10-08T11:31:53.8675701Z [command]/usr/bin/git submodule foreach --recursive sh -c "git config --local --name-only --get-regexp 'http\.https\:\/\/github\.com\/\.extraheader' && git config --local --unset-all 'http.https://github.com/.extraheader' || :"
2026-10-08T11:31:53.8911279Z Removing includeIf entries pointing to credentials config files
2026-10-08T11:31:53.8920852Z [command]/usr/bin/git config --local --name-only --get-regexp ^includeIf\.gitdir:
2026-10-08T11:31:53.8971146Z [command]/usr/bin/git submodule foreach --recursive git config --local --show-origin --name-only --get-regexp remote.origin.url
2026-10-08T11:31:53.9223534Z [command]/usr/bin/git config --file /home/runner/work/_temp/git-credentials-4211c0ee-bcd4-4198-a9dc-fd840c62e6fa.config http.https://github.com/.extraheader AUTHORIZATION: basic ***
2026-10-08T11:31:53.9269734Z [command]/usr/bin/git config --local includeIf.gitdir:/home/runner/work/DistQLDPC/DistQLDPC/candidate/.git.path /home/runner/work/_temp/git-credentials-4211c0ee-bcd4-4198-a9dc-fd840c62e6fa.config
2026-10-08T11:31:53.9403759Z [command]/usr/bin/git config --local includeIf.gitdir:/home/runner/work/DistQLDPC/DistQLDPC/candidate/.git/worktrees/*.path /home/runner/work/_temp/git-credentials-4211c0ee-bcd4-4198-a9dc-fd840c62e6fa.config
2026-10-08T11:31:53.9409469Z [command]/usr/bin/git config --local includeIf.gitdir:/github/workspace/candidate/.git.path /github/runner_temp/git-credentials-4211c0ee-bcd4-4198-a9dc-fd840c62e6fa.config
2026-10-08T11:31:53.9412352Z [command]/usr/bin/git config --local includeIf.gitdir:/github/workspace/candidate/.git/worktrees/*.path /github/runner_temp/git-credentials-4211c0ee-bcd4-4198-a9dc-fd840c62e6fa.config
2026-10-08T11:31:53.9446336Z ##[endgroup]
2026-10-08T11:31:53.9448214Z ##[group]Fetching the repository
2026-10-08T11:31:53.9456650Z [command]/usr/bin/git -c protocol.version=2 fetch --no-tags --prune --no-recurse-submodules origin +refs/heads/*:refs/remotes/origin/* +refs/tags/*:refs/tags/* +de39eb24bee7ac034aaf0910bc5a0a34f2329121:refs/remotes/pull/14/merge
2026-10-08T11:31:54.4014558Z From https://github.com/guluchen/DistQLDPC
2026-10-08T11:31:54.4016894Z  * [new branch]      chore/autonomous-workflow-pilot          -> origin/chore/autonomous-workflow-pilot
2026-10-08T11:31:54.4020056Z  * [new branch]      chore/codex-integration-probe            -> origin/chore/codex-integration-probe
2026-10-08T11:31:54.4022573Z  * [new branch]      ci/cleanup-pi-escalation-test            -> origin/ci/cleanup-pi-escalation-test
2026-10-08T11:31:54.4024996Z  * [new branch]      ci/fire-pi-escalation-test               -> origin/ci/fire-pi-escalation-test
2026-10-08T11:31:54.4027752Z  * [new branch]      ci/pi-escalation-dispatch                -> origin/ci/pi-escalation-dispatch
2026-10-08T11:31:54.4030275Z  * [new branch]      ci/qdist-cross-repo-benchmark            -> origin/ci/qdist-cross-repo-benchmark
2026-10-08T11:31:54.4032902Z  * [new branch]      ci/test-pi-escalation-slack              -> origin/ci/test-pi-escalation-slack
2026-10-08T11:31:54.4035807Z  * [new branch]      docs/optimization-loop-policy            -> origin/docs/optimization-loop-policy
2026-10-08T11:31:54.4038895Z  * [new branch]      docs/require-cross-repo-benchmark        -> origin/docs/require-cross-repo-benchmark
2026-10-08T11:31:54.4041605Z  * [new branch]      experiment/h001-logical-row-xor          -> origin/experiment/h001-logical-row-xor
2026-10-08T11:31:54.4043776Z  * [new branch]      experiment/h007-lto                      -> origin/experiment/h007-lto
2026-10-08T11:31:54.4045964Z  * [new branch]      experiment/h008-sls-warm-start           -> origin/experiment/h008-sls-warm-start
2026-10-08T11:31:54.4048573Z  * [new branch]      experiment/h009-bdd-bound                -> origin/experiment/h009-bdd-bound
2026-10-08T11:31:54.4050554Z  * [new branch]      main                                     -> origin/main
2026-10-08T11:31:54.4052634Z  * [new branch]      policy/compute-cost-guardrails           -> origin/policy/compute-cost-guardrails
2026-10-08T11:31:54.4055003Z  * [new ref]         de39eb24bee7ac034aaf0910bc5a0a34f2329121 -> pull/14/merge
2026-10-08T11:31:54.4058820Z ##[endgroup]
2026-10-08T11:31:54.4060287Z ##[group]Determining the checkout info
2026-10-08T11:31:54.4061861Z ##[endgroup]
2026-10-08T11:31:54.4062817Z [command]/usr/bin/git sparse-checkout disable
2026-10-08T11:31:54.4085992Z [command]/usr/bin/git config --local --unset-all extensions.worktreeConfig
2026-10-08T11:31:54.4124651Z ##[group]Checking out the ref
2026-10-08T11:31:54.4128117Z [command]/usr/bin/git checkout --progress --force refs/remotes/pull/14/merge
2026-10-08T11:31:54.4697911Z Note: switching to 'refs/remotes/pull/14/merge'.
2026-10-08T11:31:54.4699429Z 
2026-10-08T11:31:54.4700401Z You are in 'detached HEAD' state. You can look around, make experimental
2026-10-08T11:31:54.4702012Z changes and commit them, and you can discard any commits you make in this
2026-10-08T11:31:54.4703464Z state without impacting any branches by switching back to a branch.
2026-10-08T11:31:54.4704371Z 
2026-10-08T11:31:54.4705015Z If you want to create a new branch to retain commits you create, you may
2026-10-08T11:31:54.4706456Z do so (now or later) by using -c with the switch command. Example:
2026-10-08T11:31:54.4707654Z 
2026-10-08T11:31:54.4708058Z   git switch -c <new-branch-name>
2026-10-08T11:31:54.4708669Z 
2026-10-08T11:31:54.4709013Z Or undo this operation with:
2026-10-08T11:31:54.4709538Z 
2026-10-08T11:31:54.4709853Z   git switch -
2026-10-08T11:31:54.4710249Z 
2026-10-08T11:31:54.4710985Z Turn off this advice by setting config variable advice.detachedHead to false
2026-10-08T11:31:54.4712055Z 
2026-10-08T11:31:54.4713252Z HEAD is now at de39eb2 Merge c91b19bbf29a28a6e808c8ef2c328cb9cef784e8 into 24572d6d09cce9a4a5faa58300a89e0feba9da6a
2026-10-08T11:31:54.4722632Z ##[endgroup]
2026-10-08T11:31:54.4773607Z [command]/usr/bin/git log -1 --format=%H
2026-10-08T11:31:54.4804907Z de39eb24bee7ac034aaf0910bc5a0a34f2329121
2026-10-08T11:31:54.5101845Z ##[group]Run set -euo pipefail
2026-10-08T11:31:54.5103299Z [36;1mset -euo pipefail[0m
2026-10-08T11:31:54.5104655Z [36;1mif [ "pull_request" = "pull_request" ]; then[0m
2026-10-08T11:31:54.5106363Z [36;1m  base="24572d6d09cce9a4a5faa58300a89e0feba9da6a"[0m
2026-10-08T11:31:54.5108716Z [36;1melif [ -n "" ] && [ "" != "0000000000000000000000000000000000000000" ]; then[0m
2026-10-08T11:31:54.5110431Z [36;1m  base=""[0m
2026-10-08T11:31:54.5111445Z [36;1melse[0m
2026-10-08T11:31:54.5112495Z [36;1m  base="$(git rev-parse HEAD^)"[0m
2026-10-08T11:31:54.5113796Z [36;1mfi[0m
2026-10-08T11:31:54.5114865Z [36;1mecho "base=$base" >> "$GITHUB_OUTPUT"[0m
2026-10-08T11:31:54.5116670Z [36;1mecho "candidate=$(git rev-parse HEAD)" >> "$GITHUB_OUTPUT"[0m
2026-10-08T11:31:54.5391941Z shell: /usr/bin/bash --noprofile --norc -e -o pipefail {0}
2026-10-08T11:31:54.5393693Z ##[endgroup]
2026-10-08T11:31:54.5824507Z ##[group]Run actions/checkout@v7
2026-10-08T11:31:54.5825697Z with:
2026-10-08T11:31:54.5826667Z   ref: 24572d6d09cce9a4a5faa58300a89e0feba9da6a
2026-10-08T11:31:54.5828279Z   path: baseline
2026-10-08T11:31:54.5829203Z   fetch-depth: 1
2026-10-08T11:31:54.5830186Z   repository: guluchen/DistQLDPC
2026-10-08T11:31:54.5841896Z   token: ***
2026-10-08T11:31:54.5842820Z   ssh-strict: true
2026-10-08T11:31:54.5843743Z   ssh-user: git
2026-10-08T11:31:54.5844686Z   persist-credentials: true
2026-10-08T11:31:54.5845733Z   clean: true
2026-10-08T11:31:54.5846685Z   sparse-checkout-cone-mode: true
2026-10-08T11:31:54.5848235Z   fetch-tags: false
2026-10-08T11:31:54.5849197Z   show-progress: true
2026-10-08T11:31:54.5850193Z   lfs: false
2026-10-08T11:31:54.5851096Z   submodules: false
2026-10-08T11:31:54.5852086Z   set-safe-directory: true
2026-10-08T11:31:54.5853213Z   allow-unsafe-pr-checkout: false
2026-10-08T11:31:54.5854360Z ##[endgroup]
2026-10-08T11:31:54.6733208Z Syncing repository: guluchen/DistQLDPC
2026-10-08T11:31:54.6738606Z ##[group]Getting Git version info
2026-10-08T11:31:54.6741458Z Working directory is '/home/runner/work/DistQLDPC/DistQLDPC/baseline'
2026-10-08T11:31:54.6789744Z [command]/usr/bin/git version
2026-10-08T11:31:54.6837329Z git version 2.55.0
2026-10-08T11:31:54.6863820Z ##[endgroup]
2026-10-08T11:31:54.6889825Z Temporarily overriding HOME='/home/runner/work/_temp/ee357a6e-b614-4785-84fa-690894dfe8b3' before making global git config changes
2026-10-08T11:31:54.6893452Z Adding repository directory to the temporary git global config as a safe directory
2026-10-08T11:31:54.6919923Z [command]/usr/bin/git config --global --add safe.directory /home/runner/work/DistQLDPC/DistQLDPC/baseline
2026-10-08T11:31:54.6926385Z ##[group]Determining repository object format
2026-10-08T11:31:54.6928654Z ##[endgroup]
2026-10-08T11:31:54.6931638Z ##[group]Initializing the repository
2026-10-08T11:31:54.6935072Z [command]/usr/bin/git init /home/runner/work/DistQLDPC/DistQLDPC/baseline
2026-10-08T11:31:54.6987793Z hint: Using 'master' as the name for the initial branch. This default branch name
2026-10-08T11:31:54.6991755Z hint: will change to "main" in Git 3.0. To configure the initial branch name
2026-10-08T11:31:54.6995357Z hint: to use in all of your new repositories, which will suppress this warning,
2026-10-08T11:31:54.6998675Z hint: call:
2026-10-08T11:31:54.7000277Z hint:
2026-10-08T11:31:54.7002299Z hint: 	git config --global init.defaultBranch <name>
2026-10-08T11:31:54.7005740Z hint:
2026-10-08T11:31:54.7008653Z hint: Names commonly chosen instead of 'master' are 'main', 'trunk' and
2026-10-08T11:31:54.7012649Z hint: 'development'. The just-created branch can be renamed via this command:
2026-10-08T11:31:54.7015630Z hint:
2026-10-08T11:31:54.7017671Z hint: 	git branch -m <name>
2026-10-08T11:31:54.7019643Z hint:
2026-10-08T11:31:54.7022189Z hint: Disable this message with "git config set advice.defaultBranchName false"
2026-10-08T11:31:54.7026648Z Initialized empty Git repository in /home/runner/work/DistQLDPC/DistQLDPC/baseline/.git/
2026-10-08T11:31:54.7034467Z [command]/usr/bin/git remote add origin https://github.com/guluchen/DistQLDPC
2026-10-08T11:31:54.7046748Z ##[endgroup]
2026-10-08T11:31:54.7049970Z ##[group]Disabling automatic garbage collection
2026-10-08T11:31:54.7052542Z [command]/usr/bin/git config --local gc.auto 0
2026-10-08T11:31:54.7086500Z ##[endgroup]
2026-10-08T11:31:54.7089191Z ##[group]Setting up auth
2026-10-08T11:31:54.7091006Z Removing SSH command configuration
2026-10-08T11:31:54.7093776Z [command]/usr/bin/git config --local --name-only --get-regexp core\.sshCommand
2026-10-08T11:31:54.7136379Z [command]/usr/bin/git submodule foreach --recursive sh -c "git config --local --name-only --get-regexp 'core\.sshCommand' && git config --local --unset-all 'core.sshCommand' || :"
2026-10-08T11:31:54.7383836Z Removing HTTP extra header
2026-10-08T11:31:54.7391051Z [command]/usr/bin/git config --local --name-only --get-regexp http\.https\:\/\/github\.com\/\.extraheader
2026-10-08T11:31:54.7434358Z [command]/usr/bin/git submodule foreach --recursive sh -c "git config --local --name-only --get-regexp 'http\.https\:\/\/github\.com\/\.extraheader' && git config --local --unset-all 'http.https://github.com/.extraheader' || :"
2026-10-08T11:31:54.7695787Z Removing includeIf entries pointing to credentials config files
2026-10-08T11:31:54.7708253Z [command]/usr/bin/git config --local --name-only --get-regexp ^includeIf\.gitdir:
2026-10-08T11:31:54.7753285Z [command]/usr/bin/git submodule foreach --recursive git config --local --show-origin --name-only --get-regexp remote.origin.url
2026-10-08T11:31:54.8010000Z [command]/usr/bin/git config --file /home/runner/work/_temp/git-credentials-f0a114a5-31b3-4a06-b50f-2ed070822fb7.config http.https://github.com/.extraheader AUTHORIZATION: basic ***
2026-10-08T11:31:54.8059686Z [command]/usr/bin/git config --local includeIf.gitdir:/home/runner/work/DistQLDPC/DistQLDPC/baseline/.git.path /home/runner/work/_temp/git-credentials-f0a114a5-31b3-4a06-b50f-2ed070822fb7.config
2026-10-08T11:31:54.8097745Z [command]/usr/bin/git config --local includeIf.gitdir:/home/runner/work/DistQLDPC/DistQLDPC/baseline/.git/worktrees/*.path /home/runner/work/_temp/git-credentials-f0a114a5-31b3-4a06-b50f-2ed070822fb7.config
2026-10-08T11:31:54.8143485Z [command]/usr/bin/git config --local includeIf.gitdir:/github/workspace/baseline/.git.path /github/runner_temp/git-credentials-f0a114a5-31b3-4a06-b50f-2ed070822fb7.config
2026-10-08T11:31:54.8185302Z [command]/usr/bin/git config --local includeIf.gitdir:/github/workspace/baseline/.git/worktrees/*.path /github/runner_temp/git-credentials-f0a114a5-31b3-4a06-b50f-2ed070822fb7.config
2026-10-08T11:31:54.8221791Z ##[endgroup]
2026-10-08T11:31:54.8223382Z ##[group]Fetching the repository
2026-10-08T11:31:54.8229276Z [command]/usr/bin/git -c protocol.version=2 fetch --no-tags --prune --no-recurse-submodules --depth=1 origin 24572d6d09cce9a4a5faa58300a89e0feba9da6a
2026-10-08T11:31:55.0889703Z From https://github.com/guluchen/DistQLDPC
2026-10-08T11:31:55.0891105Z  * branch            24572d6d09cce9a4a5faa58300a89e0feba9da6a -> FETCH_HEAD
2026-10-08T11:31:55.0899313Z [command]/usr/bin/git rev-parse --verify --quiet 24572d6d09cce9a4a5faa58300a89e0feba9da6a^{object}
2026-10-08T11:31:55.0930858Z 24572d6d09cce9a4a5faa58300a89e0feba9da6a
2026-10-08T11:31:55.0935956Z ##[endgroup]
2026-10-08T11:31:55.0937733Z ##[group]Determining the checkout info
2026-10-08T11:31:55.0939111Z ##[endgroup]
2026-10-08T11:31:55.0941053Z [command]/usr/bin/git sparse-checkout disable
2026-10-08T11:31:55.0988668Z [command]/usr/bin/git config --local --unset-all extensions.worktreeConfig
2026-10-08T11:31:55.1029331Z ##[group]Checking out the ref
2026-10-08T11:31:55.1030694Z [command]/usr/bin/git checkout --progress --force 24572d6d09cce9a4a5faa58300a89e0feba9da6a
2026-10-08T11:31:55.1557769Z Note: switching to '24572d6d09cce9a4a5faa58300a89e0feba9da6a'.
2026-10-08T11:31:55.1558880Z 
2026-10-08T11:31:55.1559657Z You are in 'detached HEAD' state. You can look around, make experimental
2026-10-08T11:31:55.1562149Z changes and commit them, and you can discard any commits you make in this
2026-10-08T11:31:55.1563673Z state without impacting any branches by switching back to a branch.
2026-10-08T11:31:55.1564453Z 
2026-10-08T11:31:55.1565137Z If you want to create a new branch to retain commits you create, you may
2026-10-08T11:31:55.1566851Z do so (now or later) by using -c with the switch command. Example:
2026-10-08T11:31:55.1567808Z 
2026-10-08T11:31:55.1568246Z   git switch -c <new-branch-name>
2026-10-08T11:31:55.1568854Z 
2026-10-08T11:31:55.1569267Z Or undo this operation with:
2026-10-08T11:31:55.1569817Z 
2026-10-08T11:31:55.1570200Z   git switch -
2026-10-08T11:31:55.1570644Z 
2026-10-08T11:31:55.1571267Z Turn off this advice by setting config variable advice.detachedHead to false
2026-10-08T11:31:55.1571996Z 
2026-10-08T11:31:55.1572589Z HEAD is now at 24572d6 Point CI smoke at LP_34_20_2 after the QDistSAT rename.
2026-10-08T11:31:55.1581142Z ##[endgroup]
2026-10-08T11:31:55.1632307Z [command]/usr/bin/git log -1 --format=%H
2026-10-08T11:31:55.1663762Z 24572d6d09cce9a4a5faa58300a89e0feba9da6a
2026-10-08T11:31:55.1913446Z ##[group]Run actions/checkout@v7
2026-10-08T11:31:55.1914329Z with:
2026-10-08T11:31:55.1915090Z   repository: guluchen/QDistSAT
2026-10-08T11:31:55.1915902Z   ref: main
2026-10-08T11:31:55.1916659Z   path: qdistsat
2026-10-08T11:31:55.1917579Z   fetch-depth: 1
2026-10-08T11:31:55.1921060Z   token: ***
2026-10-08T11:31:55.1921830Z   ssh-strict: true
2026-10-08T11:31:55.1922593Z   ssh-user: git
2026-10-08T11:31:55.1923371Z   persist-credentials: true
2026-10-08T11:31:55.1924185Z   clean: true
2026-10-08T11:31:55.1924973Z   sparse-checkout-cone-mode: true
2026-10-08T11:31:55.1925806Z   fetch-tags: false
2026-10-08T11:31:55.1926574Z   show-progress: true
2026-10-08T11:31:55.1927480Z   lfs: false
2026-10-08T11:31:55.1928236Z   submodules: false
2026-10-08T11:31:55.1929009Z   set-safe-directory: true
2026-10-08T11:31:55.1929841Z   allow-unsafe-pr-checkout: false
2026-10-08T11:31:55.1930678Z ##[endgroup]
2026-10-08T11:31:55.2828292Z Syncing repository: guluchen/QDistSAT
2026-10-08T11:31:55.2837984Z ##[group]Getting Git version info
2026-10-08T11:31:55.2839888Z Working directory is '/home/runner/work/DistQLDPC/DistQLDPC/qdistsat'
2026-10-08T11:31:55.2894813Z [command]/usr/bin/git version
2026-10-08T11:31:55.2948676Z git version 2.55.0
2026-10-08T11:31:55.2982220Z ##[endgroup]
2026-10-08T11:31:55.3019976Z Temporarily overriding HOME='/home/runner/work/_temp/12ca6e95-a92d-4dd7-ac77-27acb5168ac1' before making global git config changes
2026-10-08T11:31:55.3022137Z Adding repository directory to the temporary git global config as a safe directory
2026-10-08T11:31:55.3030784Z [command]/usr/bin/git config --global --add safe.directory /home/runner/work/DistQLDPC/DistQLDPC/qdistsat
2026-10-08T11:31:55.3121255Z ##[group]Determining repository object format
2026-10-08T11:31:55.5720992Z ##[endgroup]
2026-10-08T11:31:55.5721943Z ##[group]Initializing the repository
2026-10-08T11:31:55.5728247Z [command]/usr/bin/git init /home/runner/work/DistQLDPC/DistQLDPC/qdistsat
2026-10-08T11:31:55.5792487Z hint: Using 'master' as the name for the initial branch. This default branch name
2026-10-08T11:31:55.5793982Z hint: will change to "main" in Git 3.0. To configure the initial branch name
2026-10-08T11:31:55.5795697Z hint: to use in all of your new repositories, which will suppress this warning,
2026-10-08T11:31:55.5796728Z hint: call:
2026-10-08T11:31:55.5798412Z hint:
2026-10-08T11:31:55.5799086Z hint: 	git config --global init.defaultBranch <name>
2026-10-08T11:31:55.5799751Z hint:
2026-10-08T11:31:55.5800363Z hint: Names commonly chosen instead of 'master' are 'main', 'trunk' and
2026-10-08T11:31:55.5801360Z hint: 'development'. The just-created branch can be renamed via this command:
2026-10-08T11:31:55.5802151Z hint:
2026-10-08T11:31:55.5802580Z hint: 	git branch -m <name>
2026-10-08T11:31:55.5803095Z hint:
2026-10-08T11:31:55.5803754Z hint: Disable this message with "git config set advice.defaultBranchName false"
2026-10-08T11:31:55.5804878Z Initialized empty Git repository in /home/runner/work/DistQLDPC/DistQLDPC/qdistsat/.git/
2026-10-08T11:31:55.5809858Z [command]/usr/bin/git remote add origin https://github.com/guluchen/QDistSAT
2026-10-08T11:31:55.5856675Z ##[endgroup]
2026-10-08T11:31:55.5857506Z ##[group]Disabling automatic garbage collection
2026-10-08T11:31:55.5862611Z [command]/usr/bin/git config --local gc.auto 0
2026-10-08T11:31:55.5906349Z ##[endgroup]
2026-10-08T11:31:55.5907201Z ##[group]Setting up auth
2026-10-08T11:31:55.5907785Z Removing SSH command configuration
2026-10-08T11:31:55.5914957Z [command]/usr/bin/git config --local --name-only --get-regexp core\.sshCommand
2026-10-08T11:31:55.5963761Z [command]/usr/bin/git submodule foreach --recursive sh -c "git config --local --name-only --get-regexp 'core\.sshCommand' && git config --local --unset-all 'core.sshCommand' || :"
2026-10-08T11:31:55.6218543Z Removing HTTP extra header
2026-10-08T11:31:55.6224361Z [command]/usr/bin/git config --local --name-only --get-regexp http\.https\:\/\/github\.com\/\.extraheader
2026-10-08T11:31:55.6266006Z [command]/usr/bin/git submodule foreach --recursive sh -c "git config --local --name-only --get-regexp 'http\.https\:\/\/github\.com\/\.extraheader' && git config --local --unset-all 'http.https://github.com/.extraheader' || :"
2026-10-08T11:31:55.6500775Z Removing includeIf entries pointing to credentials config files
2026-10-08T11:31:55.6506550Z [command]/usr/bin/git config --local --name-only --get-regexp ^includeIf\.gitdir:
2026-10-08T11:31:55.6546706Z [command]/usr/bin/git submodule foreach --recursive git config --local --show-origin --name-only --get-regexp remote.origin.url
2026-10-08T11:31:55.6784049Z [command]/usr/bin/git config --file /home/runner/work/_temp/git-credentials-249876c2-a177-48de-a440-6f4cc7710a17.config http.https://github.com/.extraheader AUTHORIZATION: basic ***
2026-10-08T11:31:55.6830573Z [command]/usr/bin/git config --local includeIf.gitdir:/home/runner/work/DistQLDPC/DistQLDPC/qdistsat/.git.path /home/runner/work/_temp/git-credentials-249876c2-a177-48de-a440-6f4cc7710a17.config
2026-10-08T11:31:55.6869133Z [command]/usr/bin/git config --local includeIf.gitdir:/home/runner/work/DistQLDPC/DistQLDPC/qdistsat/.git/worktrees/*.path /home/runner/work/_temp/git-credentials-249876c2-a177-48de-a440-6f4cc7710a17.config
2026-10-08T11:31:55.6908878Z [command]/usr/bin/git config --local includeIf.gitdir:/github/workspace/qdistsat/.git.path /github/runner_temp/git-credentials-249876c2-a177-48de-a440-6f4cc7710a17.config
2026-10-08T11:31:55.6948520Z [command]/usr/bin/git config --local includeIf.gitdir:/github/workspace/qdistsat/.git/worktrees/*.path /github/runner_temp/git-credentials-249876c2-a177-48de-a440-6f4cc7710a17.config
2026-10-08T11:31:55.6982718Z ##[endgroup]
2026-10-08T11:31:55.6983231Z ##[group]Fetching the repository
2026-10-08T11:31:55.6990975Z [command]/usr/bin/git -c protocol.version=2 fetch --no-tags --prune --no-recurse-submodules --depth=1 origin +refs/heads/main*:refs/remotes/origin/main* +refs/tags/main*:refs/tags/main*
2026-10-08T11:31:56.2255086Z From https://github.com/guluchen/QDistSAT
2026-10-08T11:31:56.2256026Z  * [new branch]      main       -> origin/main
2026-10-08T11:31:56.2262463Z ##[endgroup]
2026-10-08T11:31:56.2263507Z ##[group]Determining the checkout info
2026-10-08T11:31:56.2270097Z [command]/usr/bin/git branch --list --remote origin/main
2026-10-08T11:31:56.2306740Z   origin/main
2026-10-08T11:31:56.2312467Z ##[endgroup]
2026-10-08T11:31:56.2317704Z [command]/usr/bin/git sparse-checkout disable
2026-10-08T11:31:56.2368354Z [command]/usr/bin/git config --local --unset-all extensions.worktreeConfig
2026-10-08T11:31:56.2457464Z ##[group]Checking out the ref
2026-10-08T11:31:56.2479917Z [command]/usr/bin/git checkout --progress --force -B main refs/remotes/origin/main
2026-10-08T11:31:56.2835768Z Switched to a new branch 'main'
2026-10-08T11:31:56.2837328Z branch 'main' set up to track 'origin/main'.
2026-10-08T11:31:56.2853193Z ##[endgroup]
2026-10-08T11:31:56.2904757Z [command]/usr/bin/git log -1 --format=%H
2026-10-08T11:31:56.2939995Z 7c4774fffc49856f48a22ae5f9063d00b2661aaa
2026-10-08T11:31:56.3109595Z ##[group]Run sudo apt-get update
2026-10-08T11:31:56.3109947Z [36;1msudo apt-get update[0m
2026-10-08T11:31:56.3110281Z [36;1msudo apt-get install --yes build-essential zlib1g-dev[0m
2026-10-08T11:31:56.3177670Z shell: /usr/bin/bash -e {0}
2026-10-08T11:31:56.3177933Z ##[endgroup]
2026-10-08T11:31:56.4025130Z Get:1 file:/etc/apt/apt-mirrors.txt Mirrorlist [144 B]
2026-10-08T11:31:56.4371178Z Hit:2 http://azure.archive.ubuntu.com/ubuntu noble InRelease
2026-10-08T11:31:56.4373025Z Get:6 https://packages.microsoft.com/ubuntu/24.04/prod noble InRelease [3600 B]
2026-10-08T11:31:56.4391013Z Get:3 http://azure.archive.ubuntu.com/ubuntu noble-updates InRelease [126 kB]
2026-10-08T11:31:56.4438677Z Get:4 http://azure.archive.ubuntu.com/ubuntu noble-backports InRelease [126 kB]
2026-10-08T11:31:56.4476177Z Get:5 http://azure.archive.ubuntu.com/ubuntu noble-security InRelease [126 kB]
2026-10-08T11:31:56.5757765Z Get:7 https://packages.microsoft.com/ubuntu/24.04/prod noble/main armhf Packages [12.3 kB]
2026-10-08T11:31:56.5861980Z Get:8 https://packages.microsoft.com/ubuntu/24.04/prod noble/main arm64 Packages [475 kB]
2026-10-08T11:31:56.5918330Z Get:9 https://packages.microsoft.com/ubuntu/24.04/prod noble/main amd64 Packages [530 kB]
2026-10-08T11:31:56.5978480Z Get:10 https://packages.microsoft.com/ubuntu/24.04/prod noble/main all Packages [640 B]
2026-10-08T11:31:56.6290334Z Get:11 http://azure.archive.ubuntu.com/ubuntu noble-updates/main amd64 Packages [1375 kB]
2026-10-08T11:31:56.6369621Z Get:12 http://azure.archive.ubuntu.com/ubuntu noble-updates/main Translation-en [306 kB]
2026-10-08T11:31:56.6414212Z Get:13 http://azure.archive.ubuntu.com/ubuntu noble-updates/main amd64 Components [181 kB]
2026-10-08T11:31:56.6439351Z Get:14 http://azure.archive.ubuntu.com/ubuntu noble-updates/universe amd64 Packages [1702 kB]
2026-10-08T11:31:56.6525212Z Get:15 http://azure.archive.ubuntu.com/ubuntu noble-updates/universe Translation-en [341 kB]
2026-10-08T11:31:56.6553648Z Get:16 http://azure.archive.ubuntu.com/ubuntu noble-updates/universe amd64 Components [388 kB]
2026-10-08T11:31:56.6584024Z Get:17 http://azure.archive.ubuntu.com/ubuntu noble-updates/restricted amd64 Packages [1761 kB]
2026-10-08T11:31:56.6686141Z Get:18 http://azure.archive.ubuntu.com/ubuntu noble-updates/restricted Translation-en [401 kB]
2026-10-08T11:31:56.6787846Z Get:19 http://azure.archive.ubuntu.com/ubuntu noble-updates/multiverse amd64 Packages [55.0 kB]
2026-10-08T11:31:56.6800564Z Get:20 http://azure.archive.ubuntu.com/ubuntu noble-updates/multiverse Translation-en [14.3 kB]
2026-10-08T11:31:56.7231262Z Get:21 http://azure.archive.ubuntu.com/ubuntu noble-updates/multiverse amd64 Components [940 B]
2026-10-08T11:31:56.7253270Z Get:22 http://azure.archive.ubuntu.com/ubuntu noble-backports/main amd64 Components [5764 B]
2026-10-08T11:31:56.7266091Z Get:23 http://azure.archive.ubuntu.com/ubuntu noble-backports/universe amd64 Components [12.6 kB]
2026-10-08T11:31:56.7632017Z Get:24 http://azure.archive.ubuntu.com/ubuntu noble-security/main amd64 Packages [1074 kB]
2026-10-08T11:31:56.7699375Z Get:25 http://azure.archive.ubuntu.com/ubuntu noble-security/main Translation-en [223 kB]
2026-10-08T11:31:56.7722990Z Get:26 http://azure.archive.ubuntu.com/ubuntu noble-security/main amd64 Components [46.3 kB]
2026-10-08T11:31:56.7741586Z Get:27 http://azure.archive.ubuntu.com/ubuntu noble-security/universe amd64 Packages [1218 kB]
2026-10-08T11:31:56.7822198Z Get:28 http://azure.archive.ubuntu.com/ubuntu noble-security/universe Translation-en [245 kB]
2026-10-08T11:31:56.7849922Z Get:29 http://azure.archive.ubuntu.com/ubuntu noble-security/universe amd64 Components [76.3 kB]
2026-10-08T11:31:56.7871301Z Get:30 http://azure.archive.ubuntu.com/ubuntu noble-security/restricted amd64 Packages [1566 kB]
2026-10-08T11:31:56.7976739Z Get:31 http://azure.archive.ubuntu.com/ubuntu noble-security/restricted Translation-en [361 kB]
2026-10-08T11:31:56.8007144Z Get:32 http://azure.archive.ubuntu.com/ubuntu noble-security/multiverse Translation-en [11.6 kB]
2026-10-08T11:32:01.6446357Z Fetched 12.8 MB in 1s (9043 kB/s)
2026-10-08T11:32:02.6088838Z Reading package lists...
2026-10-08T11:32:02.6399921Z Reading package lists...
2026-10-08T11:32:02.8715935Z Building dependency tree...
2026-10-08T11:32:02.8724125Z Reading state information...
2026-10-08T11:32:03.0705859Z zlib1g-dev is already the newest version (1:1.3.dfsg-3.1ubuntu2.2).
2026-10-08T11:32:03.0707461Z The following NEW packages will be installed:
2026-10-08T11:32:03.0717114Z   build-essential
2026-10-08T11:32:03.0903060Z 0 upgraded, 1 newly installed, 0 to remove and 36 not upgraded.
2026-10-08T11:32:03.0903849Z Need to get 4928 B of archives.
2026-10-08T11:32:03.0904557Z After this operation, 17.4 kB of additional disk space will be used.
2026-10-08T11:32:03.0905542Z Get:1 file:/etc/apt/apt-mirrors.txt Mirrorlist [144 B]
2026-10-08T11:32:03.1234785Z Get:2 http://azure.archive.ubuntu.com/ubuntu noble/main amd64 build-essential amd64 12.10ubuntu1 [4928 B]
2026-10-08T11:32:03.3834765Z Fetched 4928 B in 0s (112 kB/s)
2026-10-08T11:32:03.4069091Z Selecting previously unselected package build-essential.
2026-10-08T11:32:03.4350578Z (Reading database ... 
2026-10-08T11:32:03.4351339Z (Reading database ... 5%
2026-10-08T11:32:03.4352009Z (Reading database ... 10%
2026-10-08T11:32:03.4352444Z (Reading database ... 15%
2026-10-08T11:32:03.4352877Z (Reading database ... 20%
2026-10-08T11:32:03.4353280Z (Reading database ... 25%
2026-10-08T11:32:03.4353668Z (Reading database ... 30%
2026-10-08T11:32:03.4354048Z (Reading database ... 35%
2026-10-08T11:32:03.4354454Z (Reading database ... 40%
2026-10-08T11:32:03.4354852Z (Reading database ... 45%
2026-10-08T11:32:03.4355269Z (Reading database ... 50%
2026-10-08T11:32:03.4406095Z (Reading database ... 55%
2026-10-08T11:32:03.5881706Z (Reading database ... 60%
2026-10-08T11:32:03.7926449Z (Reading database ... 65%
2026-10-08T11:32:04.2730501Z (Reading database ... 70%
2026-10-08T11:32:05.0873638Z (Reading database ... 75%
2026-10-08T11:32:05.2272018Z (Reading database ... 80%
2026-10-08T11:32:05.4743808Z (Reading database ... 85%
2026-10-08T11:32:05.6818028Z (Reading database ... 90%
2026-10-08T11:32:05.8330610Z (Reading database ... 95%
2026-10-08T11:32:05.8331224Z (Reading database ... 100%
2026-10-08T11:32:05.8331920Z (Reading database ... 202296 files and directories currently installed.)
2026-10-08T11:32:05.8375262Z Preparing to unpack .../build-essential_12.10ubuntu1_amd64.deb ...
2026-10-08T11:32:05.8422602Z Unpacking build-essential (12.10ubuntu1) ...
2026-10-08T11:32:05.8792465Z Setting up build-essential (12.10ubuntu1) ...
2026-10-08T11:32:06.5141163Z 
2026-10-08T11:32:06.5141933Z Running kernel seems to be up-to-date.
2026-10-08T11:32:06.5142375Z 
2026-10-08T11:32:06.5142536Z No services need to be restarted.
2026-10-08T11:32:06.5142767Z 
2026-10-08T11:32:06.5142900Z No containers need to be restarted.
2026-10-08T11:32:06.5143137Z 
2026-10-08T11:32:06.5143291Z No user sessions are running outdated binaries.
2026-10-08T11:32:06.5143568Z 
2026-10-08T11:32:06.5143850Z No VM guests are running outdated hypervisor (qemu) binaries on this host.
2026-10-08T11:32:07.5679510Z ##[group]Run set -euo pipefail
2026-10-08T11:32:07.5679843Z [36;1mset -euo pipefail[0m
2026-10-08T11:32:07.5680125Z [36;1mmake -C baseline --jobs="$(nproc)"[0m
2026-10-08T11:32:07.5680425Z [36;1mmake -C candidate --jobs="$(nproc)"[0m
2026-10-08T11:32:07.5743557Z shell: /usr/bin/bash --noprofile --norc -e -o pipefail {0}
2026-10-08T11:32:07.5743903Z ##[endgroup]
2026-10-08T11:32:07.5921752Z make: Entering directory '/home/runner/work/DistQLDPC/DistQLDPC/baseline'
2026-10-08T11:32:07.5934312Z g++ -Isrc/solver -Wall -Wno-parentheses -O3 -g -D __STDC_LIMIT_MACROS -D __STDC_FORMAT_MACROS -DNDEBUG -c -o build/SimpSolver.o src/solver/SimpSolver.cc
2026-10-08T11:32:07.5939549Z g++ -Isrc/solver -Wall -Wno-parentheses -O3 -g -D __STDC_LIMIT_MACROS -D __STDC_FORMAT_MACROS -DNDEBUG -c -o build/Solver.o src/solver/Solver.cc
2026-10-08T11:32:07.5942568Z g++ -Isrc/solver -Wall -Wno-parentheses -O3 -g -D __STDC_LIMIT_MACROS -D __STDC_FORMAT_MACROS -DNDEBUG -c -o build/Options.o src/solver/utils/Options.cc
2026-10-08T11:32:07.5944820Z g++ -Isrc/solver -Wall -Wno-parentheses -O3 -g -D __STDC_LIMIT_MACROS -D __STDC_FORMAT_MACROS -DNDEBUG -c -o build/System.o src/solver/utils/System.cc
2026-10-08T11:32:07.7997816Z In file included from src/solver/utils/Options.cc:21:
2026-10-08T11:32:07.7998948Z src/solver/utils/Options.h:285:29: warning: invalid suffix on literal; C++11 requires a space between literal and string macro [-Wliteral-suffix]
2026-10-08T11:32:07.7999993Z   285 |             fprintf(stderr, "%4"PRIi64, range.begin);
2026-10-08T11:32:07.8000494Z       |                             ^
2026-10-08T11:32:07.8000968Z In file included from src/solver/Solver.h:53,
2026-10-08T11:32:07.8001472Z                  from src/solver/SimpSolver.h:37,
2026-10-08T11:32:07.8001989Z                  from src/solver/SimpSolver.cc:34:
2026-10-08T11:32:07.8003059Z src/solver/utils/Options.h:285:29: warning: invalid suffix on literal; C++11 requires a space between literal and string macro [-Wliteral-suffix]
2026-10-08T11:32:07.8004152Z   285 |             fprintf(stderr, "%4"PRIi64, range.begin);
2026-10-08T11:32:07.8004487Z       |                             ^
2026-10-08T11:32:07.8005116Z src/solver/utils/Options.h:291:29: warning: invalid suffix on literal; C++11 requires a space between literal and string macro [-Wliteral-suffix]
2026-10-08T11:32:07.8005766Z   291 |             fprintf(stderr, "%4"PRIi64, range.end);
2026-10-08T11:32:07.8006063Z       |                             ^
2026-10-08T11:32:07.8006627Z src/solver/utils/Options.h:291:29: warning: invalid suffix on literal; C++11 requires a space between literal and string macro [-Wliteral-suffix]
2026-10-08T11:32:07.8007591Z   291 |             fprintf(stderr, "%4"PRIi64, range.end);
2026-10-08T11:32:07.8007875Z       |                             ^
2026-10-08T11:32:07.8008427Z src/solver/utils/Options.h:293:25: warning: invalid suffix on literal; C++11 requires a space between literal and string macro [-Wliteral-suffix]
2026-10-08T11:32:07.8009067Z   293 |         fprintf(stderr, "] (default: %"PRIi64")\n", value);
2026-10-08T11:32:07.8009376Z       |                         ^
2026-10-08T11:32:07.8009926Z src/solver/utils/Options.h:293:25: warning: invalid suffix on literal; C++11 requires a space between literal and string macro [-Wliteral-suffix]
2026-10-08T11:32:07.8010548Z   293 |         fprintf(stderr, "] (default: %"PRIi64")\n", value);
2026-10-08T11:32:07.8010843Z       |                         ^
2026-10-08T11:32:07.8088073Z In file included from src/solver/Solver.h:53,
2026-10-08T11:32:07.8107749Z                  from src/solver/Solver.cc:107:
2026-10-08T11:32:07.8108924Z src/solver/utils/Options.h:285:29: warning: invalid suffix on literal; C++11 requires a space between literal and string macro [-Wliteral-suffix]
2026-10-08T11:32:07.8110079Z   285 |             fprintf(stderr, "%4"PRIi64, range.begin);
2026-10-08T11:32:07.8110577Z       |                             ^
2026-10-08T11:32:07.8111903Z src/solver/utils/Options.h:291:29: warning: invalid suffix on literal; C++11 requires a space between literal and string macro [-Wliteral-suffix]
2026-10-08T11:32:07.8112976Z   291 |             fprintf(stderr, "%4"PRIi64, range.end);
2026-10-08T11:32:07.8113470Z       |                             ^
2026-10-08T11:32:07.8114487Z src/solver/utils/Options.h:293:25: warning: invalid suffix on literal; C++11 requires a space between literal and string macro [-Wliteral-suffix]
2026-10-08T11:32:07.8115637Z   293 |         fprintf(stderr, "] (default: %"PRIi64")\n", value);
2026-10-08T11:32:07.8116191Z       |                         ^
2026-10-08T11:32:07.9963038Z src/solver/Solver.h: In constructor ‘Minisat::Solver::Solver()’:
2026-10-08T11:32:07.9964624Z src/solver/Solver.h:480:15: warning: ‘Minisat::Solver::my_var_decay’ will be initialized after [-Wreorder]
2026-10-08T11:32:07.9965524Z   480 |     double    my_var_decay;
2026-10-08T11:32:07.9965940Z       |               ^~~~~~~~~~~~
2026-10-08T11:32:07.9967487Z src/solver/Solver.h:293:42: warning:   ‘Minisat::Heap<Minisat::Solver::VarOrderLt> Minisat::Solver::order_heap_distance’ [-Wreorder]
2026-10-08T11:32:07.9968514Z   293 |                         order_heap_VSIDS,order_heap_distance;
2026-10-08T11:32:07.9968861Z       |                                          ^~~~~~~~~~~~~~~~~~~
2026-10-08T11:32:07.9969248Z src/solver/Solver.cc:143:1: warning:   when initialized here [-Wreorder]
2026-10-08T11:32:07.9969629Z   143 | Solver::Solver() :
2026-10-08T11:32:07.9969843Z       | ^~~~~~
2026-10-08T11:32:07.9970422Z src/solver/Solver.h:514:14: warning: ‘Minisat::Solver::lastOptimalCost’ will be initialized after [-Wreorder]
2026-10-08T11:32:07.9970924Z   514 |     uint64_t lastOptimalCost;
2026-10-08T11:32:07.9971179Z       |              ^~~~~~~~~~~~~~~
2026-10-08T11:32:07.9971689Z src/solver/Solver.h:513:40: warning:   ‘uint64_t Minisat::Solver::totalWeight’ [-Wreorder]
2026-10-08T11:32:07.9972180Z   513 |     uint64_t hardWeight, solutionCost, totalWeight, UB;
2026-10-08T11:32:07.9972527Z       |                                        ^~~~~~~~~~~
2026-10-08T11:32:07.9972903Z src/solver/Solver.cc:143:1: warning:   when initialized here [-Wreorder]
2026-10-08T11:32:07.9973298Z   143 | Solver::Solver() :
2026-10-08T11:32:07.9973504Z       | ^~~~~~
2026-10-08T11:32:07.9974023Z src/solver/Solver.h:707:25: warning: ‘Minisat::Solver::orderHeapAuxi’ will be initialized after [-Wreorder]
2026-10-08T11:32:07.9974551Z   707 |     Heap<VarOrderGt>    orderHeapAuxi;
2026-10-08T11:32:07.9974839Z       |                         ^~~~~~~~~~~~~
2026-10-08T11:32:07.9975354Z src/solver/Solver.h:619:25: warning:   ‘int Minisat::Solver::tier2_lbd_cut’ [-Wreorder]
2026-10-08T11:32:07.9975774Z   619 |     int                 tier2_lbd_cut;
2026-10-08T11:32:07.9976041Z       |                         ^~~~~~~~~~~~~
2026-10-08T11:32:07.9976390Z src/solver/Solver.cc:143:1: warning:   when initialized here [-Wreorder]
2026-10-08T11:32:07.9976754Z   143 | Solver::Solver() :
2026-10-08T11:32:07.9977201Z       | ^~~~~~
2026-10-08T11:32:07.9978254Z src/solver/Solver.h:663:9: warning: ‘Minisat::Solver::cardinalityEncMode’ will be initialized after [-Wreorder]
2026-10-08T11:32:07.9979234Z   663 |     int cardinalityEncMode;
2026-10-08T11:32:07.9979684Z       |         ^~~~~~~~~~~~~~~~~~
2026-10-08T11:32:07.9980672Z src/solver/Solver.h:644:14: warning:   ‘uint64_t Minisat::Solver::quasiSoftConflicts’ [-Wreorder]
2026-10-08T11:32:07.9981491Z   644 |     uint64_t quasiSoftConflicts;
2026-10-08T11:32:07.9981965Z       |              ^~~~~~~~~~~~~~~~~~
2026-10-08T11:32:07.9982588Z src/solver/Solver.cc:143:1: warning:   when initialized here [-Wreorder]
2026-10-08T11:32:07.9983283Z   143 | Solver::Solver() :
2026-10-08T11:32:07.9983668Z       | ^~~~~~
2026-10-08T11:32:07.9984672Z src/solver/Solver.h:696:14: warning: ‘Minisat::Solver::nbFixedByLH’ will be initialized after [-Wreorder]
2026-10-08T11:32:07.9985559Z   696 |     uint64_t nbFixedByLH;
2026-10-08T11:32:07.9985992Z       |              ^~~~~~~~~~~
2026-10-08T11:32:07.9987684Z src/solver/Solver.h:562:10: warning:   ‘bool Minisat::Solver::bestSolutionFound’ [-Wreorder]
2026-10-08T11:32:07.9988556Z   562 |     bool bestSolutionFound;
2026-10-08T11:32:07.9989043Z       |          ^~~~~~~~~~~~~~~~~
2026-10-08T11:32:07.9989663Z src/solver/Solver.cc:143:1: warning:   when initialized here [-Wreorder]
2026-10-08T11:32:07.9990363Z   143 | Solver::Solver() :
2026-10-08T11:32:07.9990756Z       | ^~~~~~
2026-10-08T11:32:07.9991830Z src/solver/Solver.h:564:9: warning: ‘Minisat::Solver::nbSatLitsAtStart’ will be initialized after [-Wreorder]
2026-10-08T11:32:07.9992768Z   564 |     int nbSatLitsAtStart;
2026-10-08T11:32:07.9993207Z       |         ^~~~~~~~~~~~~~~~
2026-10-08T11:32:07.9994112Z src/solver/Solver.h:560:9: warning:   ‘int Minisat::Solver::bounds_pipe_w’ [-Wreorder]
2026-10-08T11:32:07.9994861Z   560 |     int bounds_pipe_w;
2026-10-08T11:32:07.9995279Z       |         ^~~~~~~~~~~~~
2026-10-08T11:32:07.9995876Z src/solver/Solver.cc:143:1: warning:   when initialized here [-Wreorder]
2026-10-08T11:32:07.9996566Z   143 | Solver::Solver() :
2026-10-08T11:32:07.9997204Z       | ^~~~~~
2026-10-08T11:32:08.0035975Z src/solver/Solver.cc: In member function ‘Minisat::CRef Minisat::Solver::simplePropagate()’:
2026-10-08T11:32:08.0049744Z src/solver/Solver.cc:316:27: warning: comparison of integer expressions of different signedness: ‘unsigned int’ and ‘int’ [-Wsign-compare]
2026-10-08T11:32:08.0051205Z   316 |         if (c.lastPoint() > c.size())
2026-10-08T11:32:08.0052092Z       |             ~~~~~~~~~~~~~~^~~~~~~~~~
2026-10-08T11:32:08.0053725Z src/solver/Solver.cc:335:27: warning: comparison of integer expressions of different signedness: ‘int’ and ‘unsigned int’ [-Wsign-compare]
2026-10-08T11:32:08.0055166Z   335 |         for (int k = 2; k < c.lastPoint(); k++) {
2026-10-08T11:32:08.0055960Z       |                         ~~^~~~~~~~~~~~~~~
2026-10-08T11:32:08.0058016Z src/solver/Solver.cc:381:63: warning: comparison of integer expressions of different signedness: ‘int’ and ‘uint64_t’ {aka ‘long unsigned int’} [-Wsign-compare]
2026-10-08T11:32:08.0059684Z   381 |     if (confl == CRef_Undef && falseLits.size() + rootNbIsets >= UB)
2026-10-08T11:32:08.0060627Z       |                                ~~~~~~~~~~~~~~~~~~~~~~~~~~~~~~~^~~~~
2026-10-08T11:32:08.0121175Z src/solver/Solver.cc: In member function ‘bool Minisat::Solver::simplifyLearnt_core()’:
2026-10-08T11:32:08.0123204Z src/solver/Solver.cc:787:34: warning: comparison of integer expressions of different signedness: ‘unsigned int’ and ‘int’ [-Wsign-compare]
2026-10-08T11:32:08.0124641Z   787 |                     if (nblevels < c.lbd()){
2026-10-08T11:32:08.0125389Z       |                         ~~~~~~~~~^~~~~~~~~
2026-10-08T11:32:08.0126650Z src/solver/Solver.cc:721:9: warning: unused variable ‘learnts_core_size_before’ [-Wunused-variable]
2026-10-08T11:32:08.0128205Z   721 |     int learnts_core_size_before = learnts_core.size();
2026-10-08T11:32:08.0129002Z       |         ^~~~~~~~~~~~~~~~~~~~~~~~
2026-10-08T11:32:08.0138954Z src/solver/Solver.cc: In member function ‘bool Minisat::Solver::simplifyLearnt_tier2()’:
2026-10-08T11:32:08.0140868Z src/solver/Solver.cc:895:34: warning: comparison of integer expressions of different signedness: ‘unsigned int’ and ‘int’ [-Wsign-compare]
2026-10-08T11:32:08.0142373Z   895 |                     if (nblevels < c.lbd()){
2026-10-08T11:32:08.0143101Z       |                         ~~~~~~~~~^~~~~~~~~
2026-10-08T11:32:08.0144340Z src/solver/Solver.cc:823:9: warning: unused variable ‘learnts_tier2_size_before’ [-Wunused-variable]
2026-10-08T11:32:08.0145503Z   823 |     int learnts_tier2_size_before = learnts_tier2.size();
2026-10-08T11:32:08.0146271Z       |         ^~~~~~~~~~~~~~~~~~~~~~~~~
2026-10-08T11:32:08.0147663Z src/solver/Solver.cc:828:9: warning: variable ‘limit’ set but not used [-Wunused-but-set-variable]
2026-10-08T11:32:08.0148810Z   828 |     int limit;
2026-10-08T11:32:08.0149397Z       |         ^~~~~
2026-10-08T11:32:08.0219865Z src/solver/Solver.cc: In member function ‘bool Minisat::Solver::failedLiteralDetection()’:
2026-10-08T11:32:08.0222177Z src/solver/Solver.cc:1038:100: warning: format ‘%llu’ expects argument of type ‘long long unsigned int’, but argument 7 has type ‘uint64_t’ {aka ‘long unsigned int’} [-Wformat=]
2026-10-08T11:32:08.0224205Z  1038 |   printf("c nbFailedLits %d, nbI %d, fixedVarsByFL %d, totalFixedVars %d, nbTested: %d, counter %llu\n",
2026-10-08T11:32:08.0225578Z       |                                                                                                 ~~~^
2026-10-08T11:32:08.0226581Z       |                                                                                                    |
2026-10-08T11:32:08.0227965Z       |                                                                                                    long long unsigned int
2026-10-08T11:32:08.0228999Z       |                                                                                                 %lu
2026-10-08T11:32:08.0230168Z  1039 |          nbFailedLits, nbI, trail.size()-initTrail, trail.size(), nbTested, counter);
2026-10-08T11:32:08.0231324Z       |                                                                             ~~~~~~~                 
2026-10-08T11:32:08.0232650Z       |                                                                             |
2026-10-08T11:32:08.0233619Z       |                                                                             uint64_t {aka long unsigned int}
2026-10-08T11:32:08.0235195Z src/solver/Solver.cc: In member function ‘bool Minisat::Solver::simplifyOriginalClauses()’:
2026-10-08T11:32:08.0237628Z src/solver/Solver.cc:1179:40: warning: format ‘%llu’ expects argument of type ‘long long unsigned int’, but argument 2 has type ‘uint64_t’ {aka ‘long unsigned int’} [-Wformat=]
2026-10-08T11:32:08.0239334Z  1179 |     printf("c total nb of literals: %llu\n", clauses_literals);
2026-10-08T11:32:08.0240236Z       |                                     ~~~^     ~~~~~~~~~~~~~~~~
2026-10-08T11:32:08.0241020Z       |                                        |     |
2026-10-08T11:32:08.0241885Z       |                                        |     uint64_t {aka long unsigned int}
2026-10-08T11:32:08.0242751Z       |                                        long long unsigned int
2026-10-08T11:32:08.0243197Z       |                                     %lu
2026-10-08T11:32:08.0243954Z src/solver/Solver.cc:1173:25: warning: unused variable ‘nbOriginalClauses_before’ [-Wunused-variable]
2026-10-08T11:32:08.0244665Z  1173 |     int last_shorten=0, nbOriginalClauses_before = clauses.size();
2026-10-08T11:32:08.0245150Z       |                         ^~~~~~~~~~~~~~~~~~~~~~~~
2026-10-08T11:32:08.0245777Z src/solver/Solver.cc:1185:17: warning: unused variable ‘begin_simp_time’ [-Wunused-variable]
2026-10-08T11:32:08.0246365Z  1185 |     double      begin_simp_time = cpuTime();
2026-10-08T11:32:08.0246777Z       |                 ^~~~~~~~~~~~~~~
2026-10-08T11:32:08.0248038Z src/solver/Solver.cc:1250:12: warning: variable ‘avg’ set but not used [-Wunused-but-set-variable]
2026-10-08T11:32:08.0249038Z  1250 |     double avg;
2026-10-08T11:32:08.0249538Z       |            ^~~
2026-10-08T11:32:08.0286161Z In file included from src/solver/mtl/Sort.h:24,
2026-10-08T11:32:08.0286931Z                  from src/solver/SimpSolver.cc:33:
2026-10-08T11:32:08.0288799Z src/solver/mtl/Vec.h: In instantiation of ‘void Minisat::vec<T>::capacity(int) [with T = Minisat::vec<unsigned int>]’:
2026-10-08T11:32:08.0290772Z src/solver/mtl/Vec.h:115:13:   required from ‘void Minisat::vec<T>::growTo(int) [with T = Minisat::vec<unsigned int>]’
2026-10-08T11:32:08.0293382Z src/solver/SolverTypes.h:339:50:   required from ‘void Minisat::OccLists<Idx, Vec, Deleted>::init(const Idx&) [with Idx = int; Vec = Minisat::vec<unsigned int>; Deleted = Minisat::SimpSolver::ClauseDeleted]’
2026-10-08T11:32:08.0295195Z src/solver/SimpSolver.cc:98:24:   required from here
2026-10-08T11:32:08.0298020Z src/solver/mtl/Vec.h:99:54: warning: ‘void* realloc(void*, size_t)’ moving an object of non-trivially copyable type ‘class Minisat::vec<unsigned int>’; use ‘new’ and ‘delete’ instead [-Wclass-memaccess]
2026-10-08T11:32:08.0300180Z    99 |     if (add > INT_MAX - cap || ((data = (T*)::realloc(data, (cap += add) * sizeof(T))) == NULL) && errno == ENOMEM)
2026-10-08T11:32:08.0301363Z       |                                             ~~~~~~~~~^~~~~~~~~~~~~~~~~~~~~~~~~~~~~~~~
2026-10-08T11:32:08.0302677Z src/solver/mtl/Vec.h:38:7: note: ‘class Minisat::vec<unsigned int>’ declared here
2026-10-08T11:32:08.0303637Z    38 | class vec {
2026-10-08T11:32:08.0304191Z       |       ^~~
2026-10-08T11:32:08.0376901Z src/solver/Solver.cc: In member function ‘Minisat::CRef Minisat::Solver::propagate()’:
2026-10-08T11:32:08.0379171Z src/solver/Solver.cc:2005:31: warning: comparison of integer expressions of different signedness: ‘unsigned int’ and ‘int’ [-Wsign-compare]
2026-10-08T11:32:08.0380604Z  2005 |             if (c.lastPoint() > c.size())
2026-10-08T11:32:08.0381341Z       |                 ~~~~~~~~~~~~~~^~~~~~~~~~
2026-10-08T11:32:08.0382955Z src/solver/Solver.cc:2024:31: warning: comparison of integer expressions of different signedness: ‘int’ and ‘unsigned int’ [-Wsign-compare]
2026-10-08T11:32:08.0384764Z  2024 |             for (int k = 2; k < c.lastPoint(); k++) {
2026-10-08T11:32:08.0385499Z       |                             ~~^~~~~~~~~~~~~~~
2026-10-08T11:32:08.0388667Z src/solver/Solver.cc:2076:49: warning: comparison of integer expressions of different signedness: ‘int’ and ‘uint64_t’ {aka ‘long unsigned int’} [-Wsign-compare]
2026-10-08T11:32:08.0390162Z  2076 |     if (confl == CRef_Undef && falseLits.size() >= UB)
2026-10-08T11:32:08.0390922Z       |                                ~~~~~~~~~~~~~~~~~^~~~~
2026-10-08T11:32:08.0392111Z src/solver/Solver.cc:2072:1: warning: label ‘ExitProp’ defined but not used [-Wunused-label]
2026-10-08T11:32:08.0393086Z  2072 | ExitProp:;
2026-10-08T11:32:08.0393649Z       | ^~~~~~~~
2026-10-08T11:32:08.0414862Z src/solver/Solver.cc: In member function ‘void Minisat::Solver::getAllUIP(Minisat::vec<Minisat::Lit>&, int&, int&)’:
2026-10-08T11:32:08.0438878Z src/solver/Solver.cc:2177:9: warning: variable ‘myLevel’ set but not used [-Wunused-but-set-variable]
2026-10-08T11:32:08.0450737Z  2177 |     int myLevel = decisionLevel() +1;
2026-10-08T11:32:08.0451474Z       |         ^~~~~~~
2026-10-08T11:32:08.0452844Z src/solver/Solver.cc: In member function ‘void Minisat::Solver::analyzeSoftConflict(Minisat::vec<Minisat::Lit>&, int&, int&)’:
2026-10-08T11:32:08.0454865Z src/solver/Solver.cc:2196:26: warning: comparison of integer expressions of different signedness: ‘int’ and ‘uint64_t’ {aka ‘long unsigned int’} [-Wsign-compare]
2026-10-08T11:32:08.0456221Z  2196 |     if (falseLits.size() >= UB)
2026-10-08T11:32:08.0456841Z       |         ~~~~~~~~~~~~~~~~~^~~~~
2026-10-08T11:32:08.0458645Z src/solver/Solver.cc:2206:26: warning: comparison of integer expressions of different signedness: ‘int’ and ‘uint64_t’ {aka ‘long unsigned int’} [-Wsign-compare]
2026-10-08T11:32:08.0460146Z  2206 |     if (falseLits.size() > UB) {
2026-10-08T11:32:08.0460826Z       |         ~~~~~~~~~~~~~~~~~^~~~
2026-10-08T11:32:08.0491312Z src/solver/Solver.cc: In member function ‘bool Minisat::Solver::simplifyLearnt_local()’:
2026-10-08T11:32:08.0493202Z src/solver/Solver.cc:2631:34: warning: comparison of integer expressions of different signedness: ‘unsigned int’ and ‘int’ [-Wsign-compare]
2026-10-08T11:32:08.0494602Z  2631 |                     if (nblevels < c.lbd()){
2026-10-08T11:32:08.0495313Z       |                         ~~~~~~~~~^~~~~~~~~
2026-10-08T11:32:08.0496589Z src/solver/Solver.cc:2559:7: warning: unused variable ‘learnts_local_size_before’ [-Wunused-variable]
2026-10-08T11:32:08.0498035Z  2559 |   int learnts_local_size_before = learnts_local.size();
2026-10-08T11:32:08.0498835Z       |       ^~~~~~~~~~~~~~~~~~~~~~~~~
2026-10-08T11:32:08.0499929Z src/solver/Solver.cc:2560:7: warning: unused variable ‘savedTrail’ [-Wunused-variable]
2026-10-08T11:32:08.0500954Z  2560 |   int savedTrail = trail.size();
2026-10-08T11:32:08.0502073Z       |       ^~~~~~~~~~
2026-10-08T11:32:08.0511231Z src/solver/Solver.cc: In member function ‘void Minisat::Solver::reduceDB_core()’:
2026-10-08T11:32:08.0512616Z src/solver/Solver.cc:2772:9: warning: unused variable ‘totalLocalSize’ [-Wunused-variable]
2026-10-08T11:32:08.0513543Z  2772 |     int totalLocalSize=0, removedSize=0;
2026-10-08T11:32:08.0514226Z       |         ^~~~~~~~~~~~~~
2026-10-08T11:32:08.0515302Z src/solver/Solver.cc:2772:27: warning: unused variable ‘removedSize’ [-Wunused-variable]
2026-10-08T11:32:08.0516345Z  2772 |     int totalLocalSize=0, removedSize=0;
2026-10-08T11:32:08.0517411Z       |                           ^~~~~~~~~~~
2026-10-08T11:32:08.0544187Z src/solver/Solver.cc: In member function ‘Minisat::CRef Minisat::Solver::lPropagate()’:
2026-10-08T11:32:08.0545958Z src/solver/Solver.cc:3022:20: warning: comparison of integer expressions of different signedness: ‘uint64_t’ {aka ‘long unsigned int’} and ‘int’ [-Wsign-compare]
2026-10-08T11:32:08.0547690Z  3022 |   if (UB > 1 && UB == falseLits.size() + 1 && decisionLevel() < hardenLevel) {
2026-10-08T11:32:08.0548904Z       |                 ~~~^~~~~~~~~~~~~~~~~~~~~~~
2026-10-08T11:32:08.0574574Z src/solver/Solver.cc: In member function ‘void Minisat::Solver::identifyClausesToSplit(Minisat::vec<unsigned int>&)’:
2026-10-08T11:32:08.0576697Z src/solver/Solver.cc:3170:46: warning: comparison of integer expressions of different signedness: ‘int’ and ‘uint64_t’ {aka ‘long unsigned int’} [-Wsign-compare]
2026-10-08T11:32:08.0578503Z  3170 |     for(j=i+1; j<cs.size() && 2*nbCommunLits >= UB; j++) {
2026-10-08T11:32:08.0579354Z       |                               ~~~~~~~~~~~~~~~^~~~~
2026-10-08T11:32:08.0672525Z src/solver/Solver.cc: In member function ‘Minisat::lbool Minisat::Solver::search(int&)’:
2026-10-08T11:32:08.0674886Z src/solver/Solver.cc:3821:31: warning: format ‘%llu’ expects argument of type ‘long long unsigned int’, but argument 2 has type ‘uint64_t’ {aka ‘long unsigned int’} [-Wformat=]
2026-10-08T11:32:08.0677695Z  3821 |               printf("c UB=%llu succs, confls=%llu, hconfls=%llu, core %d, tier2 %d, local %d,  %d soft cls unsat (%d at L0), %d fixed vars at L0, softCnfl %d, nbFlyRd %d, nbFixedLH %llu\n",
2026-10-08T11:32:08.0679241Z       |                            ~~~^
2026-10-08T11:32:08.0679901Z       |                               |
2026-10-08T11:32:08.0680608Z       |                               long long unsigned int
2026-10-08T11:32:08.0681340Z       |                            %lu
2026-10-08T11:32:08.0682506Z  3822 |                      UB, conflicts, conflicts-softConflicts, learnts_core.size(), learnts_tier2.size(), learnts_local.size(),
2026-10-08T11:32:08.0683719Z       |                      ~~        
2026-10-08T11:32:08.0684336Z       |                      |
2026-10-08T11:32:08.0684996Z       |                      uint64_t {aka long unsigned int}
2026-10-08T11:32:08.0687485Z src/solver/Solver.cc:3821:50: warning: format ‘%llu’ expects argument of type ‘long long unsigned int’, but argument 3 has type ‘uint64_t’ {aka ‘long unsigned int’} [-Wformat=]
2026-10-08T11:32:08.0689876Z  3821 |               printf("c UB=%llu succs, confls=%llu, hconfls=%llu, core %d, tier2 %d, local %d,  %d soft cls unsat (%d at L0), %d fixed vars at L0, softCnfl %d, nbFlyRd %d, nbFixedLH %llu\n",
2026-10-08T11:32:08.0691410Z       |                                               ~~~^
2026-10-08T11:32:08.0692186Z       |                                                  |
2026-10-08T11:32:08.0693003Z       |                                                  long long unsigned int
2026-10-08T11:32:08.0693800Z       |                                               %lu
2026-10-08T11:32:08.0694975Z  3822 |                      UB, conflicts, conflicts-softConflicts, learnts_core.size(), learnts_tier2.size(), learnts_local.size(),
2026-10-08T11:32:08.0696183Z       |                          ~~~~~~~~~                
2026-10-08T11:32:08.0696866Z       |                          |
2026-10-08T11:32:08.0698338Z       |                          uint64_t {aka long unsigned int}
2026-10-08T11:32:08.0700273Z src/solver/Solver.cc:3821:64: warning: format ‘%llu’ expects argument of type ‘long long unsigned int’, but argument 4 has type ‘uint64_t’ {aka ‘long unsigned int’} [-Wformat=]
2026-10-08T11:32:08.0702619Z  3821 |               printf("c UB=%llu succs, confls=%llu, hconfls=%llu, core %d, tier2 %d, local %d,  %d soft cls unsat (%d at L0), %d fixed vars at L0, softCnfl %d, nbFlyRd %d, nbFixedLH %llu\n",
2026-10-08T11:32:08.0704188Z       |                                                             ~~~^
2026-10-08T11:32:08.0705017Z       |                                                                |
2026-10-08T11:32:08.0705892Z       |                                                                long long unsigned int
2026-10-08T11:32:08.0706795Z       |                                                             %lu
2026-10-08T11:32:08.0708376Z  3822 |                      UB, conflicts, conflicts-softConflicts, learnts_core.size(), learnts_tier2.size(), learnts_local.size(),
2026-10-08T11:32:08.0709629Z       |                                     ~~~~~~~~~~~~~~~~~~~~~~~     
2026-10-08T11:32:08.0710680Z       |                                              |
2026-10-08T11:32:08.0711450Z       |                                              uint64_t {aka long unsigned int}
2026-10-08T11:32:08.0713373Z src/solver/Solver.cc:3821:186: warning: format ‘%llu’ expects argument of type ‘long long unsigned int’, but argument 13 has type ‘uint64_t’ {aka ‘long unsigned int’} [-Wformat=]
2026-10-08T11:32:08.0715695Z  3821 |               printf("c UB=%llu succs, confls=%llu, hconfls=%llu, core %d, tier2 %d, local %d,  %d soft cls unsat (%d at L0), %d fixed vars at L0, softCnfl %d, nbFlyRd %d, nbFixedLH %llu\n",
2026-10-08T11:32:08.0717765Z       |                                                                                                                                                                                       ~~~^
2026-10-08T11:32:08.0719207Z       |                                                                                                                                                                                          |
2026-10-08T11:32:08.0720629Z       |                                                                                                                                                                                          long long unsigned int
2026-10-08T11:32:08.0722071Z       |                                                                                                                                                                                       %lu
2026-10-08T11:32:08.0723662Z  3822 |                      UB, conflicts, conflicts-softConflicts, learnts_core.size(), learnts_tier2.size(), learnts_local.size(),
2026-10-08T11:32:08.0725506Z  3823 |                      falseLits.size(), nbFalses, nbFixeds, pureSoftConfl, nbFlyReduced, nbFixedByLH);
2026-10-08T11:32:08.0726922Z       |                                                                                         ~~~~~~~~~~~                                                                                       
2026-10-08T11:32:08.0728388Z       |                                                                                         |
2026-10-08T11:32:08.0729364Z       |                                                                                         uint64_t {aka long unsigned int}
2026-10-08T11:32:08.0731489Z src/solver/Solver.cc:3825:48: warning: format ‘%llu’ expects argument of type ‘long long unsigned int’, but argument 3 has type ‘uint64_t’ {aka ‘long unsigned int’} [-Wformat=]
2026-10-08T11:32:08.0733887Z  3825 |               printf("c nbHardens %d (fixed %llu), shorten: %llu, prunedLB %4.2f, dev %4.2f, succRate %4.2f, nbSucc %llu, lk: %llu, shorten: %llu, quasiC: %llu (fixed: %llu)\n\n",
2026-10-08T11:32:08.0735392Z       |                                             ~~~^
2026-10-08T11:32:08.0736449Z       |                                                |
2026-10-08T11:32:08.0737583Z       |                                                long long unsigned int
2026-10-08T11:32:08.0738448Z       |                                             %lu
2026-10-08T11:32:08.0740130Z  3826 |                      nbHardens, fixedByHardens, nbSavedLits, meanLB, dev, succRate, nbLKsuccess-savednbLKsuccess, LOOKAHEAD-savedLOOKAHEAD, nbSavedLits, quasiSoftConflicts, fixedByQuasiConfl);
2026-10-08T11:32:08.0742171Z       |                                 ~~~~~~~~~~~~~~  
2026-10-08T11:32:08.0743109Z       |                                 |
2026-10-08T11:32:08.0744198Z       |                                 uint64_t {aka long unsigned int}
2026-10-08T11:32:08.0746781Z src/solver/Solver.cc:3825:64: warning: format ‘%llu’ expects argument of type ‘long long unsigned int’, but argument 4 has type ‘uint64_t’ {aka ‘long unsigned int’} [-Wformat=]
2026-10-08T11:32:08.0750567Z  3825 |               printf("c nbHardens %d (fixed %llu), shorten: %llu, prunedLB %4.2f, dev %4.2f, succRate %4.2f, nbSucc %llu, lk: %llu, shorten: %llu, quasiC: %llu (fixed: %llu)\n\n",
2026-10-08T11:32:08.0753594Z       |                                                             ~~~^
2026-10-08T11:32:08.0755011Z       |                                                                |
2026-10-08T11:32:08.0756221Z       |                                                                long long unsigned int
2026-10-08T11:32:08.0757699Z       |                                                             %lu
2026-10-08T11:32:08.0759893Z  3826 |                      nbHardens, fixedByHardens, nbSavedLits, meanLB, dev, succRate, nbLKsuccess-savednbLKsuccess, LOOKAHEAD-savedLOOKAHEAD, nbSavedLits, quasiSoftConflicts, fixedByQuasiConfl);
2026-10-08T11:32:08.0762147Z       |                                                 ~~~~~~~~~~~     
2026-10-08T11:32:08.0790103Z       |                                                 |
2026-10-08T11:32:08.0791018Z       |                                                 uint64_t {aka long unsigned int}
2026-10-08T11:32:08.0793073Z src/solver/Solver.cc:3825:120: warning: format ‘%llu’ expects argument of type ‘long long unsigned int’, but argument 8 has type ‘uint64_t’ {aka ‘long unsigned int’} [-Wformat=]
2026-10-08T11:32:08.0795463Z  3825 |               printf("c nbHardens %d (fixed %llu), shorten: %llu, prunedLB %4.2f, dev %4.2f, succRate %4.2f, nbSucc %llu, lk: %llu, shorten: %llu, quasiC: %llu (fixed: %llu)\n\n",
2026-10-08T11:32:08.0797400Z       |                                                                                                                     ~~~^
2026-10-08T11:32:08.0798536Z       |                                                                                                                        |
2026-10-08T11:32:08.0799685Z       |                                                                                                                        long long unsigned int
2026-10-08T11:32:08.0800859Z       |                                                                                                                     %lu
2026-10-08T11:32:08.0803027Z  3826 |                      nbHardens, fixedByHardens, nbSavedLits, meanLB, dev, succRate, nbLKsuccess-savednbLKsuccess, LOOKAHEAD-savedLOOKAHEAD, nbSavedLits, quasiSoftConflicts, fixedByQuasiConfl);
2026-10-08T11:32:08.0804959Z       |                                                                                     ~~~~~~~~~~~~~~~~~~~~~~~~~~~~        
2026-10-08T11:32:08.0806013Z       |                                                                                                |
2026-10-08T11:32:08.0807353Z       |                                                                                                uint64_t {aka long unsigned int}
2026-10-08T11:32:08.0809488Z src/solver/Solver.cc:3825:130: warning: format ‘%llu’ expects argument of type ‘long long unsigned int’, but argument 9 has type ‘uint64_t’ {aka ‘long unsigned int’} [-Wformat=]
2026-10-08T11:32:08.0812116Z  3825 |               printf("c nbHardens %d (fixed %llu), shorten: %llu, prunedLB %4.2f, dev %4.2f, succRate %4.2f, nbSucc %llu, lk: %llu, shorten: %llu, quasiC: %llu (fixed: %llu)\n\n",
2026-10-08T11:32:08.0813849Z       |                                                                                                                               ~~~^
2026-10-08T11:32:08.0815007Z       |                                                                                                                                  |
2026-10-08T11:32:08.0816349Z       |                                                                                                                                  long long unsigned int
2026-10-08T11:32:08.0817829Z       |                                                                                                                               %lu
2026-10-08T11:32:08.0819780Z  3826 |                      nbHardens, fixedByHardens, nbSavedLits, meanLB, dev, succRate, nbLKsuccess-savednbLKsuccess, LOOKAHEAD-savedLOOKAHEAD, nbSavedLits, quasiSoftConflicts, fixedByQuasiConfl);
2026-10-08T11:32:08.0822064Z       |                                                                                                                   ~~~~~~~~~~~~~~~~~~~~~~~~
2026-10-08T11:32:08.0823233Z       |                                                                                                                            |
2026-10-08T11:32:08.0824488Z       |                                                                                                                            uint64_t {aka long unsigned int}
2026-10-08T11:32:08.0826632Z src/solver/Solver.cc:3825:145: warning: format ‘%llu’ expects argument of type ‘long long unsigned int’, but argument 10 has type ‘uint64_t’ {aka ‘long unsigned int’} [-Wformat=]
2026-10-08T11:32:08.0829220Z  3825 |               printf("c nbHardens %d (fixed %llu), shorten: %llu, prunedLB %4.2f, dev %4.2f, succRate %4.2f, nbSucc %llu, lk: %llu, shorten: %llu, quasiC: %llu (fixed: %llu)\n\n",
2026-10-08T11:32:08.0830914Z       |                                                                                                                                              ~~~^
2026-10-08T11:32:08.0832161Z       |                                                                                                                                                 |
2026-10-08T11:32:08.0833406Z       |                                                                                                                                                 long long unsigned int
2026-10-08T11:32:08.0834659Z       |                                                                                                                                              %lu
2026-10-08T11:32:08.0836568Z  3826 |                      nbHardens, fixedByHardens, nbSavedLits, meanLB, dev, succRate, nbLKsuccess-savednbLKsuccess, LOOKAHEAD-savedLOOKAHEAD, nbSavedLits, quasiSoftConflicts, fixedByQuasiConfl);
2026-10-08T11:32:08.0838859Z       |                                                                                                                                             ~~~~~~~~~~~
2026-10-08T11:32:08.0840053Z       |                                                                                                                                             |
2026-10-08T11:32:08.0841285Z       |                                                                                                                                             uint64_t {aka long unsigned int}
2026-10-08T11:32:08.0843498Z src/solver/Solver.cc:3825:159: warning: format ‘%llu’ expects argument of type ‘long long unsigned int’, but argument 11 has type ‘uint64_t’ {aka ‘long unsigned int’} [-Wformat=]
2026-10-08T11:32:08.0845895Z  3825 |               printf("c nbHardens %d (fixed %llu), shorten: %llu, prunedLB %4.2f, dev %4.2f, succRate %4.2f, nbSucc %llu, lk: %llu, shorten: %llu, quasiC: %llu (fixed: %llu)\n\n",
2026-10-08T11:32:08.0848299Z       |                                                                                                                                                            ~~~^
2026-10-08T11:32:08.0849658Z       |                                                                                                                                                               |
2026-10-08T11:32:08.0850993Z       |                                                                                                                                                               long long unsigned int
2026-10-08T11:32:08.0852331Z       |                                                                                                                                                            %lu
2026-10-08T11:32:08.0854327Z  3826 |                      nbHardens, fixedByHardens, nbSavedLits, meanLB, dev, succRate, nbLKsuccess-savednbLKsuccess, LOOKAHEAD-savedLOOKAHEAD, nbSavedLits, quasiSoftConflicts, fixedByQuasiConfl);
2026-10-08T11:32:08.0856358Z       |                                                                                                                                                          ~~~~~~~~~~~~~~~~~~
2026-10-08T11:32:08.0858242Z       |                                                                                                                                                          |
2026-10-08T11:32:08.0859542Z       |                                                                                                                                                          uint64_t {aka long unsigned int}
2026-10-08T11:32:08.0861654Z src/solver/Solver.cc:3825:172: warning: format ‘%llu’ expects argument of type ‘long long unsigned int’, but argument 12 has type ‘uint64_t’ {aka ‘long unsigned int’} [-Wformat=]
2026-10-08T11:32:08.0863962Z  3825 |               printf("c nbHardens %d (fixed %llu), shorten: %llu, prunedLB %4.2f, dev %4.2f, succRate %4.2f, nbSucc %llu, lk: %llu, shorten: %llu, quasiC: %llu (fixed: %llu)\n\n",
2026-10-08T11:32:08.0865698Z       |                                                                                                                                                                         ~~~^
2026-10-08T11:32:08.0867335Z       |                                                                                                                                                                            |
2026-10-08T11:32:08.0868750Z       |                                                                                                                                                                            long long unsigned int
2026-10-08T11:32:08.0870129Z       |                                                                                                                                                                         %lu
2026-10-08T11:32:08.0872148Z  3826 |                      nbHardens, fixedByHardens, nbSavedLits, meanLB, dev, succRate, nbLKsuccess-savednbLKsuccess, LOOKAHEAD-savedLOOKAHEAD, nbSavedLits, quasiSoftConflicts, fixedByQuasiConfl);
2026-10-08T11:32:08.0874327Z       |                                                                                                                                                                              ~~~~~~~~~~~~~~~~~
2026-10-08T11:32:08.0875710Z       |                                                                                                                                                                              |
2026-10-08T11:32:08.0877422Z       |                                                                                                                                                                              uint64_t {aka long unsigned int}
2026-10-08T11:32:08.0879252Z src/solver/Solver.cc: In member function ‘Minisat::CRef Minisat::Solver::propagateForLK()’:
2026-10-08T11:32:08.0881474Z src/solver/Solver.cc:3984:27: warning: comparison of integer expressions of different signedness: ‘unsigned int’ and ‘int’ [-Wsign-compare]
2026-10-08T11:32:08.0882960Z  3984 |         if (c.lastPoint() > c.size())
2026-10-08T11:32:08.0883721Z       |             ~~~~~~~~~~~~~~^~~~~~~~~~
2026-10-08T11:32:08.0885276Z src/solver/Solver.cc:4003:27: warning: comparison of integer expressions of different signedness: ‘int’ and ‘unsigned int’ [-Wsign-compare]
2026-10-08T11:32:08.0886705Z  4003 |         for (int k = 2; k < c.lastPoint(); k++) {
2026-10-08T11:32:08.0887758Z       |                         ~~^~~~~~~~~~~~~~~
2026-10-08T11:32:08.0889371Z src/solver/Solver.cc: In member function ‘void Minisat::Solver::analyzeQuasiSoftConflict(Minisat::vec<Minisat::Lit>&, int&, int&)’:
2026-10-08T11:32:08.0891732Z src/solver/Solver.cc:4502:26: warning: comparison of integer expressions of different signedness: ‘int’ and ‘uint64_t’ {aka ‘long unsigned int’} [-Wsign-compare]
2026-10-08T11:32:08.0893329Z  4502 |     if (falseLits.size() > UB) {
2026-10-08T11:32:08.0894030Z       |         ~~~~~~~~~~~~~~~~~^~~~
2026-10-08T11:32:08.0897670Z src/solver/Solver.cc: In member function ‘bool Minisat::Solver::lookahead()’:
2026-10-08T11:32:08.0899884Z src/solver/Solver.cc:4843:17: warning: comparison of integer expressions of different signedness: ‘uint64_t’ {aka ‘long unsigned int’} and ‘int’ [-Wsign-compare]
2026-10-08T11:32:08.0901364Z  4843 |   if (conflicts > prevConflicts) {
2026-10-08T11:32:08.0902064Z       |       ~~~~~~~~~~^~~~~~~~~~~~~~~
2026-10-08T11:32:08.0938114Z src/solver/Solver.cc: In member function ‘void Minisat::Solver::addHardClausesForSoftClauses()’:
2026-10-08T11:32:08.0940385Z src/solver/Solver.cc:5088:70: warning: format ‘%llu’ expects argument of type ‘long long unsigned int’, but argument 5 has type ‘uint64_t’ {aka ‘long unsigned int’} [-Wformat=]
2026-10-08T11:32:08.0942227Z  5088 |   printf("c nb soft clauses: %d, of which %d unit, %d nonUnit and %llu empty\n",
2026-10-08T11:32:08.0943304Z       |                                                                   ~~~^
2026-10-08T11:32:08.0944193Z       |                                                                      |
2026-10-08T11:32:08.0945129Z       |                                                                      long long unsigned int
2026-10-08T11:32:08.0946064Z       |                                                                   %lu
2026-10-08T11:32:08.0947307Z  5089 |          softClauses.size(), nbUnitSoft, nbNonUnitSoft, solutionCost);
2026-10-08T11:32:08.0948355Z       |                                                         ~~~~~~~~~~~~  
2026-10-08T11:32:08.0949243Z       |                                                         |
2026-10-08T11:32:08.0950250Z       |                                                         uint64_t {aka long unsigned int}
2026-10-08T11:32:08.0969180Z src/solver/Solver.cc: In member function ‘void Minisat::Solver::printBestSolution() const’:
2026-10-08T11:32:08.0971347Z src/solver/Solver.cc:5239:49: warning: format ‘%llu’ expects argument of type ‘long long unsigned int’, but argument 2 has type ‘long unsigned int’ [-Wformat=]
2026-10-08T11:32:08.0972942Z  5239 |     printf("c   unsat soft clauses (search): %llu\n", bestSup);
2026-10-08T11:32:08.0973833Z       |                                              ~~~^     ~~~~~~~
2026-10-08T11:32:08.0974684Z       |                                                 |     |
2026-10-08T11:32:08.0975487Z       |                                                 |     long unsigned int
2026-10-08T11:32:08.0976311Z       |                                                 long long unsigned int
2026-10-08T11:32:08.0977341Z       |                                              %lu
2026-10-08T11:32:08.0979210Z src/solver/Solver.cc:5240:53: warning: format ‘%llu’ expects argument of type ‘long long unsigned int’, but argument 2 has type ‘uint64_t’ {aka ‘long unsigned int’} [-Wformat=]
2026-10-08T11:32:08.0980901Z  5240 |     printf("c   satisfied soft clauses (maxsat): %llu\n", maxsat);
2026-10-08T11:32:08.0981827Z       |                                                  ~~~^     ~~~~~~
2026-10-08T11:32:08.0982297Z       |                                                     |     |
2026-10-08T11:32:08.0982771Z       |                                                     |     uint64_t {aka long unsigned int}
2026-10-08T11:32:08.0983266Z       |                                                     long long unsigned int
2026-10-08T11:32:08.0984245Z       |                                                  %lu
2026-10-08T11:32:08.0986055Z src/solver/Solver.cc:5241:39: warning: format ‘%llu’ expects argument of type ‘long long unsigned int’, but argument 2 has type ‘uint64_t’ {aka ‘long unsigned int’} [-Wformat=]
2026-10-08T11:32:08.0987997Z  5241 |     printf("c   total weight cost: %llu\n", optimal);
2026-10-08T11:32:08.0988819Z       |                                    ~~~^     ~~~~~~~
2026-10-08T11:32:08.0989549Z       |                                       |     |
2026-10-08T11:32:08.0990340Z       |                                       |     uint64_t {aka long unsigned int}
2026-10-08T11:32:08.0991245Z       |                                       long long unsigned int
2026-10-08T11:32:08.0992332Z       |                                    %lu
2026-10-08T11:32:08.0993621Z src/solver/Solver.cc: In member function ‘void Minisat::Solver::checkSolution()’:
2026-10-08T11:32:08.0995659Z src/solver/Solver.cc:5257:15: warning: comparison of integer expressions of different signedness: ‘int’ and ‘uint64_t’ {aka ‘long unsigned int’} [-Wsign-compare]
2026-10-08T11:32:08.0997564Z  5257 |   if (nbFalse != falseLits.size()+fixedCostBySearch + relaxedCost)
2026-10-08T11:32:08.0998537Z       |       ~~~~~~~~^~~~~~~~~~~~~~~~~~~~~~~~~~~~~~~~~~~~~~~~~~~~~~~~~~~
2026-10-08T11:32:08.1000404Z src/solver/Solver.cc:5258:92: warning: format ‘%llu’ expects argument of type ‘long long unsigned int’, but argument 3 has type ‘uint64_t’ {aka ‘long unsigned int’} [-Wformat=]
2026-10-08T11:32:08.1002302Z  5258 |     printf("c **** error nb of false soft clauses real nbfalse: %d, recorded falseLits: %llu****\n",
2026-10-08T11:32:08.1003460Z       |                                                                                         ~~~^
2026-10-08T11:32:08.1004362Z       |                                                                                            |
2026-10-08T11:32:08.1005315Z       |                                                                                            long long unsigned int
2026-10-08T11:32:08.1006296Z       |                                                                                         %lu
2026-10-08T11:32:08.1007554Z  5259 |            nbFalse, falseLits.size()+fixedCostBySearch+relaxedCost);
2026-10-08T11:32:08.1008573Z       |                     ~~~~~~~~~~~~~~~~~~~~~~~~~~~~~~~~~~~~~~~~~~~~~~                          
2026-10-08T11:32:08.1009451Z       |                                                       |
2026-10-08T11:32:08.1010271Z       |                                                       uint64_t {aka long unsigned int}
2026-10-08T11:32:08.1011674Z src/solver/Solver.cc: In member function ‘void Minisat::Solver::partition()’:
2026-10-08T11:32:08.1013551Z src/solver/Solver.cc:5379:31: warning: comparison of integer expressions of different signedness: ‘unsigned int’ and ‘int’ [-Wsign-compare]
2026-10-08T11:32:08.1015203Z  5379 |         if (conflicted[var(q)]==iset.size()) {
2026-10-08T11:32:08.1016920Z src/solver/Solver.cc:5389:32: warning: comparison of integer expressions of different signedness: ‘unsigned int’ and ‘int’ [-Wsign-compare]
2026-10-08T11:32:08.1018883Z  5389 |         if (conflicted[var(q)] < iset.size())
2026-10-08T11:32:08.1020583Z src/solver/Solver.cc:5448:50: warning: comparison of integer expressions of different signedness: ‘unsigned int’ and ‘int’ [-Wsign-compare]
2026-10-08T11:32:08.1022100Z  5448 |         if (q != lit_Undef && conflicted[var(q)] == iset.size()) {
2026-10-08T11:32:08.1032763Z src/solver/Solver.cc:5513:38: warning: format ‘%llu’ expects argument of type ‘long long unsigned int’, but argument 3 has type ‘uint64_t’ {aka ‘long unsigned int’} [-Wformat=]
2026-10-08T11:32:08.1034520Z  5513 |   printf("c isets %d, derivedCost %llu\n", nbIsets, derivedCost);
2026-10-08T11:32:08.1035497Z       |                                   ~~~^              ~~~~~~~~~~~
2026-10-08T11:32:08.1036297Z       |                                      |              |
2026-10-08T11:32:08.1037398Z       |                                      |              uint64_t {aka long unsigned int}
2026-10-08T11:32:08.1038301Z       |                                      long long unsigned int
2026-10-08T11:32:08.1039036Z       |                                   %lu
2026-10-08T11:32:08.1071001Z src/solver/Solver.cc: In member function ‘Minisat::CRef Minisat::Solver::simplepropagateForLK()’:
2026-10-08T11:32:08.1073052Z src/solver/Solver.cc:5660:27: warning: comparison of integer expressions of different signedness: ‘unsigned int’ and ‘int’ [-Wsign-compare]
2026-10-08T11:32:08.1074500Z  5660 |         if (c.lastPoint() > c.size())
2026-10-08T11:32:08.1075293Z       |             ~~~~~~~~~~~~~~^~~~~~~~~~
2026-10-08T11:32:08.1077210Z src/solver/Solver.cc:5674:27: warning: comparison of integer expressions of different signedness: ‘int’ and ‘unsigned int’ [-Wsign-compare]
2026-10-08T11:32:08.1079021Z  5674 |         for (int k = 2; k < c.lastPoint(); k++) {
2026-10-08T11:32:08.1079830Z       |                         ~~^~~~~~~~~~~~~~~
2026-10-08T11:32:08.1175223Z src/solver/Solver.cc: In member function ‘void Minisat::Solver::addCardinalityConstraints()’:
2026-10-08T11:32:08.1177822Z src/solver/Solver.cc:6204:64: warning: format ‘%llu’ expects argument of type ‘long long unsigned int’, but argument 2 has type ‘uint64_t’ {aka ‘long unsigned int’} [-Wformat=]
2026-10-08T11:32:08.1179689Z  6204 |       printf("\nc Cardinality: off (soft-conflict only), UB %llu\n", UB);
2026-10-08T11:32:08.1180720Z       |                                                             ~~~^     ~~
2026-10-08T11:32:08.1181675Z       |                                                                |     |
2026-10-08T11:32:08.1182595Z       |                                                                |     uint64_t {aka long unsigned int}
2026-10-08T11:32:08.1183584Z       |                                                                long long unsigned int
2026-10-08T11:32:08.1184487Z       |                                                             %lu
2026-10-08T11:32:08.1186413Z src/solver/Solver.cc:6234:82: warning: comparison of integer expressions of different signedness: ‘int’ and ‘uint64_t’ {aka ‘long unsigned int’} [-Wsign-compare]
2026-10-08T11:32:08.1188523Z  6234 |   if (activeSoftLits.size() < 2 || UB - 1 - nbFalse < 1 || activeSoftLits.size() <= UB - 1 - nbFalse
2026-10-08T11:32:08.1189746Z       |                                                            ~~~~~~~~~~~~~~~~~~~~~~^~~~~~~~~~~~~~~~~~~
2026-10-08T11:32:08.1191696Z src/solver/Solver.cc:6253:46: warning: format ‘%llu’ expects argument of type ‘long long unsigned int’, but argument 4 has type ‘uint64_t’ {aka ‘long unsigned int’} [-Wformat=]
2026-10-08T11:32:08.1193456Z  6253 |   printf("\nc Cardinality: %d (%s) for UB %llu\n", cardinalityC.size(), enc, UB);
2026-10-08T11:32:08.1194501Z       |                                           ~~~^                               ~~
2026-10-08T11:32:08.1195342Z       |                                              |                               |
2026-10-08T11:32:08.1196356Z       |                                              long long unsigned int          uint64_t {aka long unsigned int}
2026-10-08T11:32:08.1197603Z       |                                           %lu
2026-10-08T11:32:08.1244786Z src/solver/Solver.cc: In member function ‘Minisat::lbool Minisat::Solver::solve_()’:
2026-10-08T11:32:08.1247304Z src/solver/Solver.cc:6602:79: warning: format ‘%llu’ expects argument of type ‘long long unsigned int’, but argument 5 has type ‘uint64_t’ {aka ‘long unsigned int’} [-Wformat=]
2026-10-08T11:32:08.1250393Z  6602 |     printf("c fixedCost %d, nbSatLits %d, totalFixedVars %d, objForSearch: %llu\n\n",
2026-10-08T11:32:08.1251622Z       |                                                                            ~~~^
2026-10-08T11:32:08.1252532Z       |                                                                               |
2026-10-08T11:32:08.1253441Z       |                                                                               long long unsigned int
2026-10-08T11:32:08.1254354Z       |                                                                            %lu
2026-10-08T11:32:08.1255263Z  6603 |                 fixedCost, nbSatLits, trail.size(), objForSearch);
2026-10-08T11:32:08.1256133Z       |                                                     ~~~~~~~~~~~~               
2026-10-08T11:32:08.1256935Z       |                                                     |
2026-10-08T11:32:08.1258158Z       |                                                     uint64_t {aka long unsigned int}
2026-10-08T11:32:08.1260241Z src/solver/Solver.cc:6631:35: warning: format ‘%llu’ expects argument of type ‘long long unsigned int’, but argument 2 has type ‘uint64_t’ {aka ‘long unsigned int’} [-Wformat=]
2026-10-08T11:32:08.1262163Z  6631 |         printf("c provided UB: %llu\n", providedUB);
2026-10-08T11:32:08.1262928Z       |                                ~~~^     ~~~~~~~~~~
2026-10-08T11:32:08.1263599Z       |                                   |     |
2026-10-08T11:32:08.1264361Z       |                                   |     uint64_t {aka long unsigned int}
2026-10-08T11:32:08.1265154Z       |                                   long long unsigned int
2026-10-08T11:32:08.1265871Z       |                                %lu
2026-10-08T11:32:08.1267879Z src/solver/Solver.cc:6634:54: warning: format ‘%llu’ expects argument of type ‘long long unsigned int’, but argument 2 has type ‘uint64_t’ {aka ‘long unsigned int’} [-Wformat=]
2026-10-08T11:32:08.1270386Z  6634 |         printf("c provided UB is invalide: initUB %llu, solCost %llu, costbySearch %llu, derivedCost %llu, relaxedCost: %llu\n", initUB, solutionCost, fixedCostBySearch, derivedCost, relaxedCost);
2026-10-08T11:32:08.1272306Z       |                                                   ~~~^                                                                           ~~~~~~
2026-10-08T11:32:08.1273444Z       |                                                      |                                                                           |
2026-10-08T11:32:08.1274751Z       |                                                      long long unsigned int                                                      uint64_t {aka long unsigned int}
2026-10-08T11:32:08.1275898Z       |                                                   %lu
2026-10-08T11:32:08.1278039Z src/solver/Solver.cc:6634:68: warning: format ‘%llu’ expects argument of type ‘long long unsigned int’, but argument 3 has type ‘uint64_t’ {aka ‘long unsigned int’} [-Wformat=]
2026-10-08T11:32:08.1280484Z  6634 |         printf("c provided UB is invalide: initUB %llu, solCost %llu, costbySearch %llu, derivedCost %llu, relaxedCost: %llu\n", initUB, solutionCost, fixedCostBySearch, derivedCost, relaxedCost);
2026-10-08T11:32:08.1282378Z       |                                                                 ~~~^                                                                     ~~~~~~~~~~~~
2026-10-08T11:32:08.1283513Z       |                                                                    |                                                                     |
2026-10-08T11:32:08.1284815Z       |                                                                    long long unsigned int                                                uint64_t {aka long unsigned int}
2026-10-08T11:32:08.1285999Z       |                                                                 %lu
2026-10-08T11:32:08.1288112Z src/solver/Solver.cc:6634:87: warning: format ‘%llu’ expects argument of type ‘long long unsigned int’, but argument 4 has type ‘uint64_t’ {aka ‘long unsigned int’} [-Wformat=]
2026-10-08T11:32:08.1290936Z  6634 |         printf("c provided UB is invalide: initUB %llu, solCost %llu, costbySearch %llu, derivedCost %llu, relaxedCost: %llu\n", initUB, solutionCost, fixedCostBySearch, derivedCost, relaxedCost);
2026-10-08T11:32:08.1292958Z       |                                                                                    ~~~^                                                                ~~~~~~~~~~~~~~~~~
2026-10-08T11:32:08.1294214Z       |                                                                                       |                                                                |
2026-10-08T11:32:08.1295638Z       |                                                                                       long long unsigned int                                           uint64_t {aka long unsigned int}
2026-10-08T11:32:08.1296942Z       |                                                                                    %lu
2026-10-08T11:32:08.1299148Z src/solver/Solver.cc:6634:105: warning: format ‘%llu’ expects argument of type ‘long long unsigned int’, but argument 5 has type ‘uint64_t’ {aka ‘long unsigned int’} [-Wformat=]
2026-10-08T11:32:08.1302009Z  6634 |         printf("c provided UB is invalide: initUB %llu, solCost %llu, costbySearch %llu, derivedCost %llu, relaxedCost: %llu\n", initUB, solutionCost, fixedCostBySearch, derivedCost, relaxedCost);
2026-10-08T11:32:08.1304003Z       |                                                                                                      ~~~^                                                                 ~~~~~~~~~~~
2026-10-08T11:32:08.1305413Z       |                                                                                                         |                                                                 |
2026-10-08T11:32:08.1307197Z       |                                                                                                         long long unsigned int                                            uint64_t {aka long unsigned int}
2026-10-08T11:32:08.1308565Z       |                                                                                                      %lu
2026-10-08T11:32:08.1310562Z src/solver/Solver.cc:6634:124: warning: format ‘%llu’ expects argument of type ‘long long unsigned int’, but argument 6 has type ‘uint64_t’ {aka ‘long unsigned int’} [-Wformat=]
2026-10-08T11:32:08.1313083Z  6634 |         printf("c provided UB is invalide: initUB %llu, solCost %llu, costbySearch %llu, derivedCost %llu, relaxedCost: %llu\n", initUB, solutionCost, fixedCostBySearch, derivedCost, relaxedCost);
2026-10-08T11:32:08.1315147Z       |                                                                                                                         ~~~^                                                           ~~~~~~~~~~~
2026-10-08T11:32:08.1316557Z       |                                                                                                                            |                                                           |
2026-10-08T11:32:08.1318380Z       |                                                                                                                            long long unsigned int                                      uint64_t {aka long unsigned int}
2026-10-08T11:32:08.1319829Z       |                                                                                                                         %lu
2026-10-08T11:32:08.1321836Z src/solver/Solver.cc:6656:58: warning: format ‘%llu’ expects argument of type ‘long long unsigned int’, but argument 2 has type ‘uint64_t’ {aka ‘long unsigned int’} [-Wformat=]
2026-10-08T11:32:08.1323696Z  6656 |       printf("c ends of initiationization by VSIDS at %llu conflicts with init %d\n\n",
2026-10-08T11:32:08.1324760Z       |                                                       ~~~^
2026-10-08T11:32:08.1325520Z       |                                                          |
2026-10-08T11:32:08.1326610Z       |                                                          long long unsigned int
2026-10-08T11:32:08.1327761Z       |                                                       %lu
2026-10-08T11:32:08.1328545Z  6657 |              conflicts, init);
2026-10-08T11:32:08.1329228Z       |              ~~~~~~~~~                                    
2026-10-08T11:32:08.1329908Z       |              |
2026-10-08T11:32:08.1330492Z       |              uint64_t {aka long unsigned int}
2026-10-08T11:32:08.1332225Z src/solver/Solver.cc:6686:50: warning: format ‘%llu’ expects argument of type ‘long long unsigned int’, but argument 3 has type ‘uint64_t’ {aka ‘long unsigned int’} [-Wformat=]
2026-10-08T11:32:08.1333977Z  6686 |           printf("c VSIDS phase %d: conflicts %llu, phase %llu, starts %llu, UP %llu\n",
2026-10-08T11:32:08.1334950Z       |                                               ~~~^
2026-10-08T11:32:08.1335625Z       |                                                  |
2026-10-08T11:32:08.1336378Z       |                                                  long long unsigned int
2026-10-08T11:32:08.1337437Z       |                                               %lu
2026-10-08T11:32:08.1338547Z  6687 |                  nbVSIDSphase, conflicts-savedConfl, phase_allotment,
2026-10-08T11:32:08.1339399Z       |                                ~~~~~~~~~~~~~~~~~~~~
2026-10-08T11:32:08.1340116Z       |                                         |
2026-10-08T11:32:08.1340838Z       |                                         uint64_t {aka long unsigned int}
2026-10-08T11:32:08.1342631Z src/solver/Solver.cc:6686:62: warning: format ‘%llu’ expects argument of type ‘long long unsigned int’, but argument 4 has type ‘uint64_t’ {aka ‘long unsigned int’} [-Wformat=]
2026-10-08T11:32:08.1344378Z  6686 |           printf("c VSIDS phase %d: conflicts %llu, phase %llu, starts %llu, UP %llu\n",
2026-10-08T11:32:08.1345356Z       |                                                           ~~~^
2026-10-08T11:32:08.1346117Z       |                                                              |
2026-10-08T11:32:08.1346892Z       |                                                              long long unsigned int
2026-10-08T11:32:08.1347971Z       |                                                           %lu
2026-10-08T11:32:08.1348826Z  6687 |                  nbVSIDSphase, conflicts-savedConfl, phase_allotment,
2026-10-08T11:32:08.1349721Z       |                                                      ~~~~~~~~~~~~~~~
2026-10-08T11:32:08.1350525Z       |                                                      |
2026-10-08T11:32:08.1351338Z       |                                                      uint64_t {aka long unsigned int}
2026-10-08T11:32:08.1353261Z src/solver/Solver.cc:6686:75: warning: format ‘%llu’ expects argument of type ‘long long unsigned int’, but argument 5 has type ‘uint64_t’ {aka ‘long unsigned int’} [-Wformat=]
2026-10-08T11:32:08.1355041Z  6686 |           printf("c VSIDS phase %d: conflicts %llu, phase %llu, starts %llu, UP %llu\n",
2026-10-08T11:32:08.1356082Z       |                                                                        ~~~^
2026-10-08T11:32:08.1356927Z       |                                                                           |
2026-10-08T11:32:08.1358097Z       |                                                                           long long unsigned int
2026-10-08T11:32:08.1358994Z       |                                                                        %lu
2026-10-08T11:32:08.1359922Z  6687 |                  nbVSIDSphase, conflicts-savedConfl, phase_allotment,
2026-10-08T11:32:08.1360950Z  6688 |                  starts-savedRestarts, propagations-savedUP);
2026-10-08T11:32:08.1361849Z       |                  ~~~~~~~~~~~~~~~~~~~~                                      
2026-10-08T11:32:08.1362633Z       |                        |
2026-10-08T11:32:08.1363313Z       |                        uint64_t {aka long unsigned int}
2026-10-08T11:32:08.1365415Z src/solver/Solver.cc:6686:84: warning: format ‘%llu’ expects argument of type ‘long long unsigned int’, but argument 6 has type ‘uint64_t’ {aka ‘long unsigned int’} [-Wformat=]
2026-10-08T11:32:08.1367548Z  6686 |           printf("c VSIDS phase %d: conflicts %llu, phase %llu, starts %llu, UP %llu\n",
2026-10-08T11:32:08.1368661Z       |                                                                                 ~~~^
2026-10-08T11:32:08.1369569Z       |                                                                                    |
2026-10-08T11:32:08.1370480Z       |                                                                                    long long unsigned int
2026-10-08T11:32:08.1371431Z       |                                                                                 %lu
2026-10-08T11:32:08.1372441Z  6687 |                  nbVSIDSphase, conflicts-savedConfl, phase_allotment,
2026-10-08T11:32:08.1373392Z  6688 |                  starts-savedRestarts, propagations-savedUP);
2026-10-08T11:32:08.1374343Z       |                                        ~~~~~~~~~~~~~~~~~~~~                         
2026-10-08T11:32:08.1375169Z       |                                                    |
2026-10-08T11:32:08.1376414Z       |                                                    uint64_t {aka long unsigned int}
2026-10-08T11:32:08.1378707Z src/solver/Solver.cc:6692:48: warning: format ‘%llu’ expects argument of type ‘long long unsigned int’, but argument 3 has type ‘uint64_t’ {aka ‘long unsigned int’} [-Wformat=]
2026-10-08T11:32:08.1380508Z  6692 |           printf("c LRB phase %d: conflicts %llu, phase %llu, starts %llu, UP %llu\n",
2026-10-08T11:32:08.1381530Z       |                                             ~~~^
2026-10-08T11:32:08.1382305Z       |                                                |
2026-10-08T11:32:08.1383115Z       |                                                long long unsigned int
2026-10-08T11:32:08.1383934Z       |                                             %lu
2026-10-08T11:32:08.1384803Z  6693 |                  nbLRBphase, conflicts-savedConfl, phase_allotment,
2026-10-08T11:32:08.1385751Z       |                              ~~~~~~~~~~~~~~~~~~~~
2026-10-08T11:32:08.1386497Z       |                                       |
2026-10-08T11:32:08.1387558Z       |                                       uint64_t {aka long unsigned int}
2026-10-08T11:32:08.1389304Z src/solver/Solver.cc:6692:60: warning: format ‘%llu’ expects argument of type ‘long long unsigned int’, but argument 4 has type ‘uint64_t’ {aka ‘long unsigned int’} [-Wformat=]
2026-10-08T11:32:08.1390968Z  6692 |           printf("c LRB phase %d: conflicts %llu, phase %llu, starts %llu, UP %llu\n",
2026-10-08T11:32:08.1391846Z       |                                                         ~~~^
2026-10-08T11:32:08.1392555Z       |                                                            |
2026-10-08T11:32:08.1393268Z       |                                                            long long unsigned int
2026-10-08T11:32:08.1394008Z       |                                                         %lu
2026-10-08T11:32:08.1394790Z  6693 |                  nbLRBphase, conflicts-savedConfl, phase_allotment,
2026-10-08T11:32:08.1395597Z       |                                                    ~~~~~~~~~~~~~~~
2026-10-08T11:32:08.1396296Z       |                                                    |
2026-10-08T11:32:08.1397354Z       |                                                    uint64_t {aka long unsigned int}
2026-10-08T11:32:08.1399231Z src/solver/Solver.cc:6692:73: warning: format ‘%llu’ expects argument of type ‘long long unsigned int’, but argument 5 has type ‘uint64_t’ {aka ‘long unsigned int’} [-Wformat=]
2026-10-08T11:32:08.1400940Z  6692 |           printf("c LRB phase %d: conflicts %llu, phase %llu, starts %llu, UP %llu\n",
2026-10-08T11:32:08.1401878Z       |                                                                      ~~~^
2026-10-08T11:32:08.1402720Z       |                                                                         |
2026-10-08T11:32:08.1403796Z       |                                                                         long long unsigned int
2026-10-08T11:32:08.1404883Z       |                                                                      %lu
2026-10-08T11:32:08.1405778Z  6693 |                  nbLRBphase, conflicts-savedConfl, phase_allotment,
2026-10-08T11:32:08.1406733Z  6694 |                  starts-savedRestarts, propagations-savedUP);
2026-10-08T11:32:08.1407879Z       |                  ~~~~~~~~~~~~~~~~~~~~                                    
2026-10-08T11:32:08.1408635Z       |                        |
2026-10-08T11:32:08.1409237Z       |                        uint64_t {aka long unsigned int}
2026-10-08T11:32:08.1411030Z src/solver/Solver.cc:6692:82: warning: format ‘%llu’ expects argument of type ‘long long unsigned int’, but argument 6 has type ‘uint64_t’ {aka ‘long unsigned int’} [-Wformat=]
2026-10-08T11:32:08.1412779Z  6692 |           printf("c LRB phase %d: conflicts %llu, phase %llu, starts %llu, UP %llu\n",
2026-10-08T11:32:08.1413799Z       |                                                                               ~~~^
2026-10-08T11:32:08.1414627Z       |                                                                                  |
2026-10-08T11:32:08.1415536Z       |                                                                                  long long unsigned int
2026-10-08T11:32:08.1416448Z       |                                                                               %lu
2026-10-08T11:32:08.1417591Z  6693 |                  nbLRBphase, conflicts-savedConfl, phase_allotment,
2026-10-08T11:32:08.1418500Z  6694 |                  starts-savedRestarts, propagations-savedUP);
2026-10-08T11:32:08.1419390Z       |                                        ~~~~~~~~~~~~~~~~~~~~                       
2026-10-08T11:32:08.1420135Z       |                                                    |
2026-10-08T11:32:08.1420879Z       |                                                    uint64_t {aka long unsigned int}
2026-10-08T11:32:08.1422782Z src/solver/Solver.cc:6739:25: warning: format ‘%llu’ expects argument of type ‘long long unsigned int’, but argument 2 has type ‘uint64_t’ {aka ‘long unsigned int’} [-Wformat=]
2026-10-08T11:32:08.1424761Z  6739 |         printf("c UB=%llu fails, cnfls=%llu, hcnfls=%llu, core %d, tier2 %d, local %d, quasiC: %llu (fixed: %llu)\n",
2026-10-08T11:32:08.1425841Z       |                      ~~~^
2026-10-08T11:32:08.1426413Z       |                         |
2026-10-08T11:32:08.1427260Z       |                         long long unsigned int
2026-10-08T11:32:08.1427955Z       |                      %lu
2026-10-08T11:32:08.1429287Z  6740 |                UB, conflicts, conflicts-softConflicts, learnts_core.size(), learnts_tier2.size(), learnts_local.size(), quasiSoftConflicts, fixedByQuasiConfl);
2026-10-08T11:32:08.1430656Z       |                ~~        
2026-10-08T11:32:08.1431205Z       |                |
2026-10-08T11:32:08.1432023Z       |                uint64_t {aka long unsigned int}
2026-10-08T11:32:08.1433746Z src/solver/Solver.cc:6739:43: warning: format ‘%llu’ expects argument of type ‘long long unsigned int’, but argument 3 has type ‘uint64_t’ {aka ‘long unsigned int’} [-Wformat=]
2026-10-08T11:32:08.1435623Z  6739 |         printf("c UB=%llu fails, cnfls=%llu, hcnfls=%llu, core %d, tier2 %d, local %d, quasiC: %llu (fixed: %llu)\n",
2026-10-08T11:32:08.1436671Z       |                                        ~~~^
2026-10-08T11:32:08.1437588Z       |                                           |
2026-10-08T11:32:08.1438263Z       |                                           long long unsigned int
2026-10-08T11:32:08.1438929Z       |                                        %lu
2026-10-08T11:32:08.1440270Z  6740 |                UB, conflicts, conflicts-softConflicts, learnts_core.size(), learnts_tier2.size(), learnts_local.size(), quasiSoftConflicts, fixedByQuasiConfl);
2026-10-08T11:32:08.1441670Z       |                    ~~~~~~~~~               
2026-10-08T11:32:08.1442261Z       |                    |
2026-10-08T11:32:08.1442806Z       |                    uint64_t {aka long unsigned int}
2026-10-08T11:32:08.1444915Z src/solver/Solver.cc:6739:56: warning: format ‘%llu’ expects argument of type ‘long long unsigned int’, but argument 4 has type ‘uint64_t’ {aka ‘long unsigned int’} [-Wformat=]
2026-10-08T11:32:08.1446876Z  6739 |         printf("c UB=%llu fails, cnfls=%llu, hcnfls=%llu, core %d, tier2 %d, local %d, quasiC: %llu (fixed: %llu)\n",
2026-10-08T11:32:08.1448248Z       |                                                     ~~~^
2026-10-08T11:32:08.1448958Z       |                                                        |
2026-10-08T11:32:08.1449700Z       |                                                        long long unsigned int
2026-10-08T11:32:08.1450454Z       |                                                     %lu
2026-10-08T11:32:08.1451839Z  6740 |                UB, conflicts, conflicts-softConflicts, learnts_core.size(), learnts_tier2.size(), learnts_local.size(), quasiSoftConflicts, fixedByQuasiConfl);
2026-10-08T11:32:08.1453283Z       |                               ~~~~~~~~~~~~~~~~~~~~~~~   
2026-10-08T11:32:08.1454095Z       |                                        |
2026-10-08T11:32:08.1454837Z       |                                        uint64_t {aka long unsigned int}
2026-10-08T11:32:08.1456702Z src/solver/Solver.cc:6739:99: warning: format ‘%llu’ expects argument of type ‘long long unsigned int’, but argument 8 has type ‘uint64_t’ {aka ‘long unsigned int’} [-Wformat=]
2026-10-08T11:32:08.1458882Z  6739 |         printf("c UB=%llu fails, cnfls=%llu, hcnfls=%llu, core %d, tier2 %d, local %d, quasiC: %llu (fixed: %llu)\n",
2026-10-08T11:32:08.1460071Z       |                                                                                                ~~~^
2026-10-08T11:32:08.1460984Z       |                                                                                                   |
2026-10-08T11:32:08.1461947Z       |                                                                                                   long long unsigned int
2026-10-08T11:32:08.1462931Z       |                                                                                                %lu
2026-10-08T11:32:08.1464450Z  6740 |                UB, conflicts, conflicts-softConflicts, learnts_core.size(), learnts_tier2.size(), learnts_local.size(), quasiSoftConflicts, fixedByQuasiConfl);
2026-10-08T11:32:08.1466088Z       |                                                                                                                         ~~~~~~~~~~~~~~~~~~
2026-10-08T11:32:08.1467356Z       |                                                                                                                         |
2026-10-08T11:32:08.1468407Z       |                                                                                                                         uint64_t {aka long unsigned int}
2026-10-08T11:32:08.1470624Z src/solver/Solver.cc:6739:112: warning: format ‘%llu’ expects argument of type ‘long long unsigned int’, but argument 9 has type ‘uint64_t’ {aka ‘long unsigned int’} [-Wformat=]
2026-10-08T11:32:08.1472615Z  6739 |         printf("c UB=%llu fails, cnfls=%llu, hcnfls=%llu, core %d, tier2 %d, local %d, quasiC: %llu (fixed: %llu)\n",
2026-10-08T11:32:08.1473806Z       |                                                                                                             ~~~^
2026-10-08T11:32:08.1474731Z       |                                                                                                                |
2026-10-08T11:32:08.1475791Z       |                                                                                                                long long unsigned int
2026-10-08T11:32:08.1476890Z       |                                                                                                             %lu
2026-10-08T11:32:08.1478699Z  6740 |                UB, conflicts, conflicts-softConflicts, learnts_core.size(), learnts_tier2.size(), learnts_local.size(), quasiSoftConflicts, fixedByQuasiConfl);
2026-10-08T11:32:08.1480612Z       |                                                                                                                                             ~~~~~~~~~~~~~~~~~
2026-10-08T11:32:08.1481751Z       |                                                                                                                                             |
2026-10-08T11:32:08.1482924Z       |                                                                                                                                             uint64_t {aka long unsigned int}
2026-10-08T11:32:08.1485053Z src/solver/Solver.cc:6741:72: warning: format ‘%llu’ expects argument of type ‘long long unsigned int’, but argument 5 has type ‘uint64_t’ {aka ‘long unsigned int’} [-Wformat=]
2026-10-08T11:32:08.1487447Z  6741 |         printf("c prunedLB %4.2f, dev %4.2f, succRate %4.2f, nbSucc %llu, nbHardens %d (fixed %llu), lk: %llu, shorten: %llu, pureSo %d, nbFlyRd %d, nbFixedLH %llu\n",
2026-10-08T11:32:08.1488816Z       |                                                                     ~~~^
2026-10-08T11:32:08.1489590Z       |                                                                        |
2026-10-08T11:32:08.1490392Z       |                                                                        long long unsigned int
2026-10-08T11:32:08.1491214Z       |                                                                     %lu
2026-10-08T11:32:08.1491925Z  6742 |                meanLB, dev, succRate,
2026-10-08T11:32:08.1493303Z  6743 |                nbLKsuccess-savednbLKsuccess, nbHardens, fixedByHardens, LOOKAHEAD-savedLOOKAHEAD, nbSavedLits, pureSoftConfl, nbFlyReduced, nbFixedByLH);
2026-10-08T11:32:08.1494857Z       |                ~~~~~~~~~~~~~~~~~~~~~~~~~~~~                             
2026-10-08T11:32:08.1495571Z       |                           |
2026-10-08T11:32:08.1496238Z       |                           uint64_t {aka long unsigned int}
2026-10-08T11:32:08.1498433Z src/solver/Solver.cc:6741:98: warning: format ‘%llu’ expects argument of type ‘long long unsigned int’, but argument 7 has type ‘uint64_t’ {aka ‘long unsigned int’} [-Wformat=]
2026-10-08T11:32:08.1500662Z  6741 |         printf("c prunedLB %4.2f, dev %4.2f, succRate %4.2f, nbSucc %llu, nbHardens %d (fixed %llu), lk: %llu, shorten: %llu, pureSo %d, nbFlyRd %d, nbFixedLH %llu\n",
2026-10-08T11:32:08.1502089Z       |                                                                                               ~~~^
2026-10-08T11:32:08.1502948Z       |                                                                                                  |
2026-10-08T11:32:08.1503893Z       |                                                                                                  long long unsigned int
2026-10-08T11:32:08.1504833Z       |                                                                                               %lu
2026-10-08T11:32:08.1505905Z  6742 |                meanLB, dev, succRate,
2026-10-08T11:32:08.1507692Z  6743 |                nbLKsuccess-savednbLKsuccess, nbHardens, fixedByHardens, LOOKAHEAD-savedLOOKAHEAD, nbSavedLits, pureSoftConfl, nbFlyReduced, nbFixedByLH);
2026-10-08T11:32:08.1509325Z       |                                                         ~~~~~~~~~~~~~~                            
2026-10-08T11:32:08.1510130Z       |                                                         |
2026-10-08T11:32:08.1510913Z       |                                                         uint64_t {aka long unsigned int}
2026-10-08T11:32:08.1512778Z src/solver/Solver.cc:6741:109: warning: format ‘%llu’ expects argument of type ‘long long unsigned int’, but argument 8 has type ‘uint64_t’ {aka ‘long unsigned int’} [-Wformat=]
2026-10-08T11:32:08.1515011Z  6741 |         printf("c prunedLB %4.2f, dev %4.2f, succRate %4.2f, nbSucc %llu, nbHardens %d (fixed %llu), lk: %llu, shorten: %llu, pureSo %d, nbFlyRd %d, nbFixedLH %llu\n",
2026-10-08T11:32:08.1516551Z       |                                                                                                          ~~~^
2026-10-08T11:32:08.1518048Z       |                                                                                                             |
2026-10-08T11:32:08.1519068Z       |                                                                                                             long long unsigned int
2026-10-08T11:32:08.1520102Z       |                                                                                                          %lu
2026-10-08T11:32:08.1520899Z  6742 |                meanLB, dev, succRate,
2026-10-08T11:32:08.1522255Z  6743 |                nbLKsuccess-savednbLKsuccess, nbHardens, fixedByHardens, LOOKAHEAD-savedLOOKAHEAD, nbSavedLits, pureSoftConfl, nbFlyReduced, nbFixedByLH);
2026-10-08T11:32:08.1523750Z       |                                                                         ~~~~~~~~~~~~~~~~~~~~~~~~             
2026-10-08T11:32:08.1524598Z       |                                                                                  |
2026-10-08T11:32:08.1525479Z       |                                                                                  uint64_t {aka long unsigned int}
2026-10-08T11:32:08.1527666Z src/solver/Solver.cc:6741:124: warning: format ‘%llu’ expects argument of type ‘long long unsigned int’, but argument 9 has type ‘uint64_t’ {aka ‘long unsigned int’} [-Wformat=]
2026-10-08T11:32:08.1529868Z  6741 |         printf("c prunedLB %4.2f, dev %4.2f, succRate %4.2f, nbSucc %llu, nbHardens %d (fixed %llu), lk: %llu, shorten: %llu, pureSo %d, nbFlyRd %d, nbFixedLH %llu\n",
2026-10-08T11:32:08.1531412Z       |                                                                                                                         ~~~^
2026-10-08T11:32:08.1532438Z       |                                                                                                                            |
2026-10-08T11:32:08.1533530Z       |                                                                                                                            long long unsigned int
2026-10-08T11:32:08.1534608Z       |                                                                                                                         %lu
2026-10-08T11:32:08.1535478Z  6742 |                meanLB, dev, succRate,
2026-10-08T11:32:08.1536875Z  6743 |                nbLKsuccess-savednbLKsuccess, nbHardens, fixedByHardens, LOOKAHEAD-savedLOOKAHEAD, nbSavedLits, pureSoftConfl, nbFlyReduced, nbFixedByLH);
2026-10-08T11:32:08.1538736Z       |                                                                                                   ~~~~~~~~~~~               
2026-10-08T11:32:08.1539701Z       |                                                                                                   |
2026-10-08T11:32:08.1541086Z       |                                                                                                   uint64_t {aka long unsigned int}
2026-10-08T11:32:08.1543149Z src/solver/Solver.cc:6741:163: warning: format ‘%llu’ expects argument of type ‘long long unsigned int’, but argument 12 has type ‘uint64_t’ {aka ‘long unsigned int’} [-Wformat=]
2026-10-08T11:32:08.1545254Z  6741 |         printf("c prunedLB %4.2f, dev %4.2f, succRate %4.2f, nbSucc %llu, nbHardens %d (fixed %llu), lk: %llu, shorten: %llu, pureSo %d, nbFlyRd %d, nbFixedLH %llu\n",
2026-10-08T11:32:08.1546786Z       |                                                                                                                                                                ~~~^
2026-10-08T11:32:08.1548260Z       |                                                                                                                                                                   |
2026-10-08T11:32:08.1549549Z       |                                                                                                                                                                   long long unsigned int
2026-10-08T11:32:08.1550783Z       |                                                                                                                                                                %lu
2026-10-08T11:32:08.1552045Z  6742 |                meanLB, dev, succRate,
2026-10-08T11:32:08.1553481Z  6743 |                nbLKsuccess-savednbLKsuccess, nbHardens, fixedByHardens, LOOKAHEAD-savedLOOKAHEAD, nbSavedLits, pureSoftConfl, nbFlyReduced, nbFixedByLH);
2026-10-08T11:32:08.1555245Z       |                                                                                                                                             ~~~~~~~~~~~            
2026-10-08T11:32:08.1556430Z       |                                                                                                                                             |
2026-10-08T11:32:08.1557913Z       |                                                                                                                                             uint64_t {aka long unsigned int}
2026-10-08T11:32:08.1559959Z src/solver/Solver.cc:6769:25: warning: format ‘%llu’ expects argument of type ‘long long unsigned int’, but argument 2 has type ‘uint64_t’ {aka ‘long unsigned int’} [-Wformat=]
2026-10-08T11:32:08.1562257Z  6769 |         printf("c UB=%llu succ, confls=%llu and hconfls=%llu with %d soft clauses unsat (%d at level 0) and %d fixed vars at level 0,  prunedLB %4.2f, dev %4.2f, succRate %4.2f, nbSucc %llu, shortened : %llu\n",
2026-10-08T11:32:08.1563727Z       |                      ~~~^
2026-10-08T11:32:08.1564282Z       |                         |
2026-10-08T11:32:08.1564867Z       |                         long long unsigned int
2026-10-08T11:32:08.1565472Z       |                      %lu
2026-10-08T11:32:08.1566305Z  6770 |                UB, conflicts, conflicts-softConflicts, falseLits.size(), nbFalses, nbFixeds,
2026-10-08T11:32:08.1567501Z       |                ~~        
2026-10-08T11:32:08.1568050Z       |                |
2026-10-08T11:32:08.1568569Z       |                uint64_t {aka long unsigned int}
2026-10-08T11:32:08.1570306Z src/solver/Solver.cc:6769:43: warning: format ‘%llu’ expects argument of type ‘long long unsigned int’, but argument 3 has type ‘uint64_t’ {aka ‘long unsigned int’} [-Wformat=]
2026-10-08T11:32:08.1572724Z  6769 |         printf("c UB=%llu succ, confls=%llu and hconfls=%llu with %d soft clauses unsat (%d at level 0) and %d fixed vars at level 0,  prunedLB %4.2f, dev %4.2f, succRate %4.2f, nbSucc %llu, shortened : %llu\n",
2026-10-08T11:32:08.1574265Z       |                                        ~~~^
2026-10-08T11:32:08.1574910Z       |                                           |
2026-10-08T11:32:08.1575590Z       |                                           long long unsigned int
2026-10-08T11:32:08.1576291Z       |                                        %lu
2026-10-08T11:32:08.1577830Z  6770 |                UB, conflicts, conflicts-softConflicts, falseLits.size(), nbFalses, nbFixeds,
2026-10-08T11:32:08.1578856Z       |                    ~~~~~~~~~               
2026-10-08T11:32:08.1579503Z       |                    |
2026-10-08T11:32:08.1580112Z       |                    uint64_t {aka long unsigned int}
2026-10-08T11:32:08.1581953Z src/solver/Solver.cc:6769:60: warning: format ‘%llu’ expects argument of type ‘long long unsigned int’, but argument 4 has type ‘uint64_t’ {aka ‘long unsigned int’} [-Wformat=]
2026-10-08T11:32:08.1584350Z  6769 |         printf("c UB=%llu succ, confls=%llu and hconfls=%llu with %d soft clauses unsat (%d at level 0) and %d fixed vars at level 0,  prunedLB %4.2f, dev %4.2f, succRate %4.2f, nbSucc %llu, shortened : %llu\n",
2026-10-08T11:32:08.1586829Z       |                                                         ~~~^
2026-10-08T11:32:08.1587919Z       |                                                            |
2026-10-08T11:32:08.1588667Z       |                                                            long long unsigned int
2026-10-08T11:32:08.1589462Z       |                                                         %lu
2026-10-08T11:32:08.1590785Z  6770 |                UB, conflicts, conflicts-softConflicts, falseLits.size(), nbFalses, nbFixeds,
2026-10-08T11:32:08.1591789Z       |                               ~~~~~~~~~~~~~~~~~~~~~~~       
2026-10-08T11:32:08.1592470Z       |                                        |
2026-10-08T11:32:08.1593133Z       |                                        uint64_t {aka long unsigned int}
2026-10-08T11:32:08.1595018Z src/solver/Solver.cc:6769:189: warning: format ‘%llu’ expects argument of type ‘long long unsigned int’, but argument 11 has type ‘uint64_t’ {aka ‘long unsigned int’} [-Wformat=]
2026-10-08T11:32:08.1597736Z  6769 |         printf("c UB=%llu succ, confls=%llu and hconfls=%llu with %d soft clauses unsat (%d at level 0) and %d fixed vars at level 0,  prunedLB %4.2f, dev %4.2f, succRate %4.2f, nbSucc %llu, shortened : %llu\n",
2026-10-08T11:32:08.1599777Z       |                                                                                                                                                                                          ~~~^
2026-10-08T11:32:08.1601074Z       |                                                                                                                                                                                             |
2026-10-08T11:32:08.1602398Z       |                                                                                                                                                                                             long long unsigned int
2026-10-08T11:32:08.1603778Z       |                                                                                                                                                                                          %lu
2026-10-08T11:32:08.1605023Z  6770 |                UB, conflicts, conflicts-softConflicts, falseLits.size(), nbFalses, nbFixeds,
2026-10-08T11:32:08.1606089Z  6771 |                meanLB, dev, succRate, nbLKsuccess, nbSavedLits);
2026-10-08T11:32:08.1607516Z       |                                       ~~~~~~~~~~~                                                                                                                                            
2026-10-08T11:32:08.1608542Z       |                                       |
2026-10-08T11:32:08.1609256Z       |                                       uint64_t {aka long unsigned int}
2026-10-08T11:32:08.1611122Z src/solver/Solver.cc:6769:207: warning: format ‘%llu’ expects argument of type ‘long long unsigned int’, but argument 12 has type ‘uint64_t’ {aka ‘long unsigned int’} [-Wformat=]
2026-10-08T11:32:08.1613594Z  6769 |         printf("c UB=%llu succ, confls=%llu and hconfls=%llu with %d soft clauses unsat (%d at level 0) and %d fixed vars at level 0,  prunedLB %4.2f, dev %4.2f, succRate %4.2f, nbSucc %llu, shortened : %llu\n",
2026-10-08T11:32:08.1615803Z       |                                                                                                                                                                                                            ~~~^
2026-10-08T11:32:08.1617565Z       |                                                                                                                                                                                                               |
2026-10-08T11:32:08.1619061Z       |                                                                                                                                                                                                               long long unsigned int
2026-10-08T11:32:08.1620501Z       |                                                                                                                                                                                                            %lu
2026-10-08T11:32:08.1621838Z  6770 |                UB, conflicts, conflicts-softConflicts, falseLits.size(), nbFalses, nbFixeds,
2026-10-08T11:32:08.1622941Z  6771 |                meanLB, dev, succRate, nbLKsuccess, nbSavedLits);
2026-10-08T11:32:08.1624381Z       |                                                    ~~~~~~~~~~~                                                                                                                                                 
2026-10-08T11:32:08.1625463Z       |                                                    |
2026-10-08T11:32:08.1626233Z       |                                                    uint64_t {aka long unsigned int}
2026-10-08T11:32:08.1628502Z src/solver/Solver.cc:6798:17: warning: comparison of integer expressions of different signedness: ‘uint64_t’ {aka ‘long unsigned int’} and ‘int’ [-Wsign-compare]
2026-10-08T11:32:08.1630020Z  6798 |         if (inf > falseLits.size())
2026-10-08T11:32:08.1630683Z       |             ~~~~^~~~~~~~~~~~~~~~~~
2026-10-08T11:32:08.1632417Z src/solver/Solver.cc:6806:34: warning: format ‘%llu’ expects argument of type ‘long long unsigned int’, but argument 2 has type ‘uint64_t’ {aka ‘long unsigned int’} [-Wformat=]
2026-10-08T11:32:08.1634145Z  6806 |       else printf("c error UB %llu, inf %llu, sup %llu\n", UB, inf, sup);
2026-10-08T11:32:08.1635046Z       |                               ~~~^                         ~~
2026-10-08T11:32:08.1635769Z       |                                  |                         |
2026-10-08T11:32:08.1636674Z       |                                  long long unsigned int    uint64_t {aka long unsigned int}
2026-10-08T11:32:08.1637833Z       |                               %lu
2026-10-08T11:32:08.1639607Z src/solver/Solver.cc:6806:44: warning: format ‘%llu’ expects argument of type ‘long long unsigned int’, but argument 3 has type ‘uint64_t’ {aka ‘long unsigned int’} [-Wformat=]
2026-10-08T11:32:08.1641346Z  6806 |       else printf("c error UB %llu, inf %llu, sup %llu\n", UB, inf, sup);
2026-10-08T11:32:08.1642253Z       |                                         ~~~^                   ~~~
2026-10-08T11:32:08.1643043Z       |                                            |                   |
2026-10-08T11:32:08.1643912Z       |                                            |                   uint64_t {aka long unsigned int}
2026-10-08T11:32:08.1644792Z       |                                            long long unsigned int
2026-10-08T11:32:08.1645551Z       |                                         %lu
2026-10-08T11:32:08.1647592Z src/solver/Solver.cc:6806:54: warning: format ‘%llu’ expects argument of type ‘long long unsigned int’, but argument 4 has type ‘uint64_t’ {aka ‘long unsigned int’} [-Wformat=]
2026-10-08T11:32:08.1649378Z  6806 |       else printf("c error UB %llu, inf %llu, sup %llu\n", UB, inf, sup);
2026-10-08T11:32:08.1650299Z       |                                                   ~~~^              ~~~
2026-10-08T11:32:08.1651066Z       |                                                      |              |
2026-10-08T11:32:08.1652204Z       |                                                      |              uint64_t {aka long unsigned int}
2026-10-08T11:32:08.1653132Z       |                                                      long long unsigned int
2026-10-08T11:32:08.1653898Z       |                                                   %lu
2026-10-08T11:32:08.1655688Z src/solver/Solver.cc:6828:57: warning: format ‘%llu’ expects argument of type ‘long long unsigned int’, but argument 2 has type ‘uint64_t’ {aka ‘long unsigned int’} [-Wformat=]
2026-10-08T11:32:08.1657831Z  6828 |       printf("c no feasible solution, hardConflicts: %llu\n", conflicts - softConflicts);
2026-10-08T11:32:08.1658928Z       |                                                      ~~~^     ~~~~~~~~~~~~~~~~~~~~~~~~~
2026-10-08T11:32:08.1659754Z       |                                                         |               |
2026-10-08T11:32:08.1660618Z       |                                                         |               uint64_t {aka long unsigned int}
2026-10-08T11:32:08.1661554Z       |                                                         long long unsigned int
2026-10-08T11:32:08.1662346Z       |                                                      %lu
2026-10-08T11:32:08.1664483Z src/solver/Solver.cc:6831:30: warning: format ‘%llu’ expects argument of type ‘long long unsigned int’, but argument 2 has type ‘uint64_t’ {aka ‘long unsigned int’} [-Wformat=]
2026-10-08T11:32:08.1666410Z  6831 |       printf("c initCost: %llu, fixedBySearch: %llu, optimal: %llu, maxsat: %llu, hardConflicts: %llu\n",
2026-10-08T11:32:08.1667737Z       |                           ~~~^
2026-10-08T11:32:08.1668272Z       |                              |
2026-10-08T11:32:08.1668844Z       |                              long long unsigned int
2026-10-08T11:32:08.1669445Z       |                           %lu
2026-10-08T11:32:08.1670069Z  6832 |              solutionCost, fixedCostBySearch,
2026-10-08T11:32:08.1670669Z       |              ~~~~~~~~~~~~     
2026-10-08T11:32:08.1671161Z       |              |
2026-10-08T11:32:08.1671678Z       |              uint64_t {aka long unsigned int}
2026-10-08T11:32:08.1673350Z src/solver/Solver.cc:6831:51: warning: format ‘%llu’ expects argument of type ‘long long unsigned int’, but argument 3 has type ‘uint64_t’ {aka ‘long unsigned int’} [-Wformat=]
2026-10-08T11:32:08.1675106Z  6831 |       printf("c initCost: %llu, fixedBySearch: %llu, optimal: %llu, maxsat: %llu, hardConflicts: %llu\n",
2026-10-08T11:32:08.1676131Z       |                                                ~~~^
2026-10-08T11:32:08.1676868Z       |                                                   |
2026-10-08T11:32:08.1677809Z       |                                                   long long unsigned int
2026-10-08T11:32:08.1678531Z       |                                                %lu
2026-10-08T11:32:08.1679298Z  6832 |              solutionCost, fixedCostBySearch,
2026-10-08T11:32:08.1679975Z       |                            ~~~~~~~~~~~~~~~~~       
2026-10-08T11:32:08.1680598Z       |                            |
2026-10-08T11:32:08.1681164Z       |                            uint64_t {aka long unsigned int}
2026-10-08T11:32:08.1682893Z src/solver/Solver.cc:6831:66: warning: format ‘%llu’ expects argument of type ‘long long unsigned int’, but argument 4 has type ‘uint64_t’ {aka ‘long unsigned int’} [-Wformat=]
2026-10-08T11:32:08.1684702Z  6831 |       printf("c initCost: %llu, fixedBySearch: %llu, optimal: %llu, maxsat: %llu, hardConflicts: %llu\n",
2026-10-08T11:32:08.1685743Z       |                                                               ~~~^
2026-10-08T11:32:08.1686436Z       |                                                                  |
2026-10-08T11:32:08.1687542Z       |                                                                  long long unsigned int
2026-10-08T11:32:08.1688348Z       |                                                               %lu
2026-10-08T11:32:08.1689090Z  6832 |              solutionCost, fixedCostBySearch,
2026-10-08T11:32:08.1690084Z  6833 |              lastOptimalCost,
2026-10-08T11:32:08.1690726Z       |              ~~~~~~~~~~~~~~~                                      
2026-10-08T11:32:08.1691339Z       |              |
2026-10-08T11:32:08.1691826Z       |              uint64_t {aka long unsigned int}
2026-10-08T11:32:08.1693477Z src/solver/Solver.cc:6831:80: warning: format ‘%llu’ expects argument of type ‘long long unsigned int’, but argument 5 has type ‘uint64_t’ {aka ‘long unsigned int’} [-Wformat=]
2026-10-08T11:32:08.1695231Z  6831 |       printf("c initCost: %llu, fixedBySearch: %llu, optimal: %llu, maxsat: %llu, hardConflicts: %llu\n",
2026-10-08T11:32:08.1696275Z       |                                                                             ~~~^
2026-10-08T11:32:08.1697425Z       |                                                                                |
2026-10-08T11:32:08.1698270Z       |                                                                                long long unsigned int
2026-10-08T11:32:08.1699098Z       |                                                                             %lu
2026-10-08T11:32:08.1699774Z ......
2026-10-08T11:32:08.1700702Z  6834 |              objForSearch-sup + nbSatLits, conflicts - softConflicts);
2026-10-08T11:32:08.1701608Z       |              ~~~~~~~~~~~~~~~~~~~~~~~~~~~~                                       
2026-10-08T11:32:08.1702311Z       |                               |
2026-10-08T11:32:08.1702942Z       |                               uint64_t {aka long unsigned int}
2026-10-08T11:32:08.1704749Z src/solver/Solver.cc:6831:101: warning: format ‘%llu’ expects argument of type ‘long long unsigned int’, but argument 6 has type ‘uint64_t’ {aka ‘long unsigned int’} [-Wformat=]
2026-10-08T11:32:08.1706643Z  6831 |       printf("c initCost: %llu, fixedBySearch: %llu, optimal: %llu, maxsat: %llu, hardConflicts: %llu\n",
2026-10-08T11:32:08.1708142Z       |                                                                                                  ~~~^
2026-10-08T11:32:08.1709064Z       |                                                                                                     |
2026-10-08T11:32:08.1710028Z       |                                                                                                     long long unsigned int
2026-10-08T11:32:08.1711000Z       |                                                                                                  %lu
2026-10-08T11:32:08.1711746Z ......
2026-10-08T11:32:08.1712420Z  6834 |              objForSearch-sup + nbSatLits, conflicts - softConflicts);
2026-10-08T11:32:08.1713433Z       |                                            ~~~~~~~~~~~~~~~~~~~~~~~~~                                 
2026-10-08T11:32:08.1714259Z       |                                                      |
2026-10-08T11:32:08.1715043Z       |                                                      uint64_t {aka long unsigned int}
2026-10-08T11:32:08.1716932Z src/solver/Solver.cc:6836:24: warning: format ‘%llu’ expects argument of type ‘long long unsigned int’, but argument 2 has type ‘uint64_t’ {aka ‘long unsigned int’} [-Wformat=]
2026-10-08T11:32:08.1719137Z  6836 |     printf("c nbLK: %llu, nbSuccLK: %llu(%4.2f%%), nbLKup: %llu(%4.2f%%), hardens %u (fixed %llu), dynVars %d, shorten: %llu\n",
2026-10-08T11:32:08.1720182Z       |                     ~~~^
2026-10-08T11:32:08.1720723Z       |                        |
2026-10-08T11:32:08.1721310Z       |                        long long unsigned int
2026-10-08T11:32:08.1721921Z       |                     %lu
2026-10-08T11:32:08.1722689Z  6837 |            LOOKAHEAD, nbLKsuccess, 100.0*nbLKsuccess/LOOKAHEAD, lk_propagations,
2026-10-08T11:32:08.1723565Z       |            ~~~~~~~~~    
2026-10-08T11:32:08.1724119Z       |            |
2026-10-08T11:32:08.1724657Z       |            uint64_t {aka long unsigned int}
2026-10-08T11:32:08.1726664Z src/solver/Solver.cc:6836:40: warning: format ‘%llu’ expects argument of type ‘long long unsigned int’, but argument 3 has type ‘uint64_t’ {aka ‘long unsigned int’} [-Wformat=]
2026-10-08T11:32:08.1729033Z  6836 |     printf("c nbLK: %llu, nbSuccLK: %llu(%4.2f%%), nbLKup: %llu(%4.2f%%), hardens %u (fixed %llu), dynVars %d, shorten: %llu\n",
2026-10-08T11:32:08.1730186Z       |                                     ~~~^
2026-10-08T11:32:08.1730819Z       |                                        |
2026-10-08T11:32:08.1731488Z       |                                        long long unsigned int
2026-10-08T11:32:08.1732165Z       |                                     %lu
2026-10-08T11:32:08.1732983Z  6837 |            LOOKAHEAD, nbLKsuccess, 100.0*nbLKsuccess/LOOKAHEAD, lk_propagations,
2026-10-08T11:32:08.1733847Z       |                       ~~~~~~~~~~~       
2026-10-08T11:32:08.1734440Z       |                       |
2026-10-08T11:32:08.1735002Z       |                       uint64_t {aka long unsigned int}
2026-10-08T11:32:08.1736683Z src/solver/Solver.cc:6836:63: warning: format ‘%llu’ expects argument of type ‘long long unsigned int’, but argument 5 has type ‘uint64_t’ {aka ‘long unsigned int’} [-Wformat=]
2026-10-08T11:32:08.1738868Z  6836 |     printf("c nbLK: %llu, nbSuccLK: %llu(%4.2f%%), nbLKup: %llu(%4.2f%%), hardens %u (fixed %llu), dynVars %d, shorten: %llu\n",
2026-10-08T11:32:08.1740263Z       |                                                            ~~~^
2026-10-08T11:32:08.1740975Z       |                                                               |
2026-10-08T11:32:08.1741996Z       |                                                               long long unsigned int
2026-10-08T11:32:08.1742842Z       |                                                            %lu
2026-10-08T11:32:08.1743820Z  6837 |            LOOKAHEAD, nbLKsuccess, 100.0*nbLKsuccess/LOOKAHEAD, lk_propagations,
2026-10-08T11:32:08.1744768Z       |                                                                 ~~~~~~~~~~~~~~~
2026-10-08T11:32:08.1745470Z       |                                                                 |
2026-10-08T11:32:08.1746310Z       |                                                                 uint64_t {aka long unsigned int}
2026-10-08T11:32:08.1748477Z src/solver/Solver.cc:6836:96: warning: format ‘%llu’ expects argument of type ‘long long unsigned int’, but argument 8 has type ‘uint64_t’ {aka ‘long unsigned int’} [-Wformat=]
2026-10-08T11:32:08.1750658Z  6836 |     printf("c nbLK: %llu, nbSuccLK: %llu(%4.2f%%), nbLKup: %llu(%4.2f%%), hardens %u (fixed %llu), dynVars %d, shorten: %llu\n",
2026-10-08T11:32:08.1752038Z       |                                                                                             ~~~^
2026-10-08T11:32:08.1753028Z       |                                                                                                |
2026-10-08T11:32:08.1753870Z       |                                                                                                long long unsigned int
2026-10-08T11:32:08.1754680Z       |                                                                                             %lu
2026-10-08T11:32:08.1755581Z  6837 |            LOOKAHEAD, nbLKsuccess, 100.0*nbLKsuccess/LOOKAHEAD, lk_propagations,
2026-10-08T11:32:08.1756782Z  6838 |            100.0*lk_propagations/propagations, nbHardens, fixedByHardens, nVars()-staticNbVars, nbSavedLits);
2026-10-08T11:32:08.1758082Z       |                                                           ~~~~~~~~~~~~~~                        
2026-10-08T11:32:08.1758757Z       |                                                           |
2026-10-08T11:32:08.1759409Z       |                                                           uint64_t {aka long unsigned int}
2026-10-08T11:32:08.1761191Z src/solver/Solver.cc:6836:124: warning: format ‘%llu’ expects argument of type ‘long long unsigned int’, but argument 10 has type ‘uint64_t’ {aka ‘long unsigned int’} [-Wformat=]
2026-10-08T11:32:08.1762994Z  6836 |     printf("c nbLK: %llu, nbSuccLK: %llu(%4.2f%%), nbLKup: %llu(%4.2f%%), hardens %u (fixed %llu), dynVars %d, shorten: %llu\n",
2026-10-08T11:32:08.1764384Z       |                                                                                                                         ~~~^
2026-10-08T11:32:08.1765269Z       |                                                                                                                            |
2026-10-08T11:32:08.1766191Z       |                                                                                                                            long long unsigned int
2026-10-08T11:32:08.1767365Z       |                                                                                                                         %lu
2026-10-08T11:32:08.1768296Z  6837 |            LOOKAHEAD, nbLKsuccess, 100.0*nbLKsuccess/LOOKAHEAD, lk_propagations,
2026-10-08T11:32:08.1769470Z  6838 |            100.0*lk_propagations/propagations, nbHardens, fixedByHardens, nVars()-staticNbVars, nbSavedLits);
2026-10-08T11:32:08.1770586Z       |                                                                                                 ~~~~~~~~~~~                 
2026-10-08T11:32:08.1771369Z       |                                                                                                 |
2026-10-08T11:32:08.1772468Z       |                                                                                                 uint64_t {aka long unsigned int}
2026-10-08T11:32:08.1931818Z In file included from src/solver/mtl/Sort.h:24,
2026-10-08T11:32:08.1932488Z                  from src/solver/Solver.cc:106:
2026-10-08T11:32:08.1934130Z src/solver/mtl/Vec.h: In instantiation of ‘void Minisat::vec<T>::capacity(int) [with T = Minisat::vec<Minisat::Solver::Watcher>]’:
2026-10-08T11:32:08.1936018Z src/solver/mtl/Vec.h:115:13:   required from ‘void Minisat::vec<T>::growTo(int) [with T = Minisat::vec<Minisat::Solver::Watcher>]’
2026-10-08T11:32:08.1938811Z src/solver/SolverTypes.h:339:50:   required from ‘void Minisat::OccLists<Idx, Vec, Deleted>::init(const Idx&) [with Idx = Minisat::Lit; Vec = Minisat::vec<Minisat::Solver::Watcher>; Deleted = Minisat::Solver::WatcherDeleted]’
2026-10-08T11:32:08.1940524Z src/solver/Solver.cc:1272:21:   required from here
2026-10-08T11:32:08.1942597Z src/solver/mtl/Vec.h:99:54: warning: ‘void* realloc(void*, size_t)’ moving an object of non-trivially copyable type ‘class Minisat::vec<Minisat::Solver::Watcher>’; use ‘new’ and ‘delete’ instead [-Wclass-memaccess]
2026-10-08T11:32:08.1944589Z    99 |     if (add > INT_MAX - cap || ((data = (T*)::realloc(data, (cap += add) * sizeof(T))) == NULL) && errno == ENOMEM)
2026-10-08T11:32:08.1945524Z       |                                             ~~~~~~~~~^~~~~~~~~~~~~~~~~~~~~~~~~~~~~~~~
2026-10-08T11:32:08.1946684Z src/solver/mtl/Vec.h:38:7: note: ‘class Minisat::vec<Minisat::Solver::Watcher>’ declared here
2026-10-08T11:32:08.1947803Z    38 | class vec {
2026-10-08T11:32:08.1948166Z       |       ^~~
2026-10-08T11:32:08.1949287Z src/solver/mtl/Vec.h: In instantiation of ‘void Minisat::vec<T>::capacity(int) [with T = Minisat::vec<Minisat::Lit>]’:
2026-10-08T11:32:08.1950961Z src/solver/mtl/Vec.h:115:13:   required from ‘void Minisat::vec<T>::growTo(int) [with T = Minisat::vec<Minisat::Lit>]’
2026-10-08T11:32:08.1952837Z src/solver/Solver.h:72:50:   required from ‘void Minisat::vec2<Idx, Vec>::init(const Idx&) [with Idx = Minisat::Lit; Vec = Minisat::vec<Minisat::Lit>]’
2026-10-08T11:32:08.1954017Z src/solver/Solver.cc:1312:22:   required from here
2026-10-08T11:32:08.1955958Z src/solver/mtl/Vec.h:99:54: warning: ‘void* realloc(void*, size_t)’ moving an object of non-trivially copyable type ‘class Minisat::vec<Minisat::Lit>’; use ‘new’ and ‘delete’ instead [-Wclass-memaccess]
2026-10-08T11:32:08.1958185Z    99 |     if (add > INT_MAX - cap || ((data = (T*)::realloc(data, (cap += add) * sizeof(T))) == NULL) && errno == ENOMEM)
2026-10-08T11:32:08.1959151Z       |                                             ~~~~~~~~~^~~~~~~~~~~~~~~~~~~~~~~~~~~~~~~~
2026-10-08T11:32:08.1960227Z src/solver/mtl/Vec.h:38:7: note: ‘class Minisat::vec<Minisat::Lit>’ declared here
2026-10-08T11:32:08.1961389Z    38 | class vec {
2026-10-08T11:32:08.1961784Z       |       ^~~
2026-10-08T11:32:08.1962879Z src/solver/mtl/Vec.h: In instantiation of ‘void Minisat::vec<T>::capacity(int) [with T = Minisat::vec<int>]’:
2026-10-08T11:32:08.1964480Z src/solver/mtl/Vec.h:115:13:   required from ‘void Minisat::vec<T>::growTo(int) [with T = Minisat::vec<int>]’
2026-10-08T11:32:08.1966221Z src/solver/Solver.h:72:50:   required from ‘void Minisat::vec2<Idx, Vec>::init(const Idx&) [with Idx = int; Vec = Minisat::vec<int>]’
2026-10-08T11:32:08.1967865Z src/solver/Solver.cc:4250:13:   required from here
2026-10-08T11:32:08.1969837Z src/solver/mtl/Vec.h:99:54: warning: ‘void* realloc(void*, size_t)’ moving an object of non-trivially copyable type ‘class Minisat::vec<int>’; use ‘new’ and ‘delete’ instead [-Wclass-memaccess]
2026-10-08T11:32:08.1971683Z    99 |     if (add > INT_MAX - cap || ((data = (T*)::realloc(data, (cap += add) * sizeof(T))) == NULL) && errno == ENOMEM)
2026-10-08T11:32:08.1972659Z       |                                             ~~~~~~~~~^~~~~~~~~~~~~~~~~~~~~~~~~~~~~~~~
2026-10-08T11:32:08.1973649Z src/solver/mtl/Vec.h:38:7: note: ‘class Minisat::vec<int>’ declared here
2026-10-08T11:32:08.1974712Z    38 | class vec {
2026-10-08T11:32:08.1975066Z       |       ^~~
2026-10-08T11:32:08.2442167Z src/solver/Solver.cc: In member function ‘void Minisat::Solver::emitBoundsUpdate()’:
2026-10-08T11:32:08.2444427Z src/solver/Solver.cc:5204:24: warning: ignoring return value of ‘ssize_t write(int, const void*, size_t)’ declared with attribute ‘warn_unused_result’ [-Wunused-result]
2026-10-08T11:32:08.2446026Z  5204 |             (void)write(bounds_pipe_w, buf, (size_t)n);
2026-10-08T11:32:08.2446792Z       |                   ~~~~~^~~~~~~~~~~~~~~~~~~~~~~~~~~~~~~
2026-10-08T11:32:08.2448777Z src/solver/Solver.cc:5210:24: warning: ignoring return value of ‘ssize_t write(int, const void*, size_t)’ declared with attribute ‘warn_unused_result’ [-Wunused-result]
2026-10-08T11:32:08.2450297Z  5210 |             (void)write(bounds_pipe_w, buf, (size_t)n);
2026-10-08T11:32:08.2451024Z       |                   ~~~~~^~~~~~~~~~~~~~~~~~~~~~~~~~~~~~~
2026-10-08T11:32:08.2452109Z src/solver/Solver.cc: In member function ‘void Minisat::Solver::emitTryUpdate(uint64_t)’:
2026-10-08T11:32:08.2453866Z src/solver/Solver.cc:5220:20: warning: ignoring return value of ‘ssize_t write(int, const void*, size_t)’ declared with attribute ‘warn_unused_result’ [-Wunused-result]
2026-10-08T11:32:08.2455359Z  5220 |         (void)write(bounds_pipe_w, buf, (size_t)n);
2026-10-08T11:32:08.2456058Z       |               ~~~~~^~~~~~~~~~~~~~~~~~~~~~~~~~~~~~~
2026-10-08T11:32:10.9452229Z In file included from src/solver/Solver.h:54:
2026-10-08T11:32:10.9453152Z In function ‘Minisat::Lit Minisat::operator~(Lit)’,
2026-10-08T11:32:10.9454058Z     inlined from ‘void Minisat::Solver::analyze(Minisat::CRef, Minisat::vec<Minisat::Lit>&, int&, int&)’ at src/solver/Solver.cc:1757:22:
2026-10-08T11:32:10.9455240Z src/solver/SolverTypes.h:73:64: warning: ‘p.Minisat::Lit::x’ may be used uninitialized [-Wmaybe-uninitialized]
2026-10-08T11:32:10.9455995Z    73 | inline  Lit  operator ~(Lit p)              { Lit q; q.x = p.x ^ 1; return q; }
2026-10-08T11:32:10.9456509Z       |                                                            ~~~~^~~
2026-10-08T11:32:10.9457765Z src/solver/Solver.cc: In member function ‘void Minisat::Solver::analyze(Minisat::CRef, Minisat::vec<Minisat::Lit>&, int&, int&)’:
2026-10-08T11:32:10.9458697Z src/solver/Solver.cc:1671:9: note: ‘p.Minisat::Lit::x’ was declared here
2026-10-08T11:32:10.9459157Z  1671 |     Lit p; //     = lit_Undef;
2026-10-08T11:32:10.9459462Z       |         ^
2026-10-08T11:32:11.0270483Z In function ‘Minisat::Lit Minisat::operator~(Lit)’,
2026-10-08T11:32:11.0271935Z     inlined from ‘void Minisat::Solver::analyzeSoftConflict(Minisat::vec<Minisat::Lit>&, int&, int&)’ at src/solver/Solver.cc:2396:22:
2026-10-08T11:32:11.0274403Z src/solver/SolverTypes.h:73:64: warning: ‘p.Minisat::Lit::x’ may be used uninitialized [-Wmaybe-uninitialized]
2026-10-08T11:32:11.0275637Z    73 | inline  Lit  operator ~(Lit p)              { Lit q; q.x = p.x ^ 1; return q; }
2026-10-08T11:32:11.0276404Z       |                                                            ~~~~^~~
2026-10-08T11:32:11.0279428Z src/solver/Solver.cc: In member function ‘void Minisat::Solver::analyzeSoftConflict(Minisat::vec<Minisat::Lit>&, int&, int&)’:
2026-10-08T11:32:11.0280795Z src/solver/Solver.cc:2193:9: note: ‘p.Minisat::Lit::x’ was declared here
2026-10-08T11:32:11.0281437Z  2193 |     Lit p;
2026-10-08T11:32:11.0281753Z       |         ^
2026-10-08T11:32:11.1631073Z In function ‘Minisat::Lit Minisat::operator~(Lit)’,
2026-10-08T11:32:11.1632541Z     inlined from ‘void Minisat::Solver::analyzeQuasiSoftConflict(Minisat::vec<Minisat::Lit>&, int&, int&)’ at src/solver/Solver.cc:4664:22:
2026-10-08T11:32:11.1634237Z src/solver/SolverTypes.h:73:64: warning: ‘p.Minisat::Lit::x’ may be used uninitialized [-Wmaybe-uninitialized]
2026-10-08T11:32:11.1635430Z    73 | inline  Lit  operator ~(Lit p)              { Lit q; q.x = p.x ^ 1; return q; }
2026-10-08T11:32:11.1636160Z       |                                                            ~~~~^~~
2026-10-08T11:32:11.1638357Z src/solver/Solver.cc: In member function ‘void Minisat::Solver::analyzeQuasiSoftConflict(Minisat::vec<Minisat::Lit>&, int&, int&)’:
2026-10-08T11:32:11.1639721Z src/solver/Solver.cc:4492:9: note: ‘p.Minisat::Lit::x’ was declared here
2026-10-08T11:32:11.1640360Z  4492 |     Lit p;
2026-10-08T11:32:11.1640683Z       |         ^
2026-10-08T11:32:13.9466141Z g++ -Isrc/solver -Wall -Wno-parentheses -O3 -g -D __STDC_LIMIT_MACROS -D __STDC_FORMAT_MACROS -DNDEBUG -o bin/distqldpc src/core/distqldpc.cc build/SimpSolver.o build/Solver.o build/Options.o build/System.o -lz
2026-10-08T11:32:13.9469337Z g++ -Isrc/solver -Wall -Wno-parentheses -O3 -g -D __STDC_LIMIT_MACROS -D __STDC_FORMAT_MACROS -DNDEBUG -o bin/maxcdcl src/solver/Main.cc build/SimpSolver.o build/Solver.o build/Options.o build/System.o -lz
2026-10-08T11:32:13.9922594Z In file included from src/solver/Main.cc:51:
2026-10-08T11:32:13.9923928Z src/solver/utils/Options.h:285:29: warning: invalid suffix on literal; C++11 requires a space between literal and string macro [-Wliteral-suffix]
2026-10-08T11:32:13.9925230Z   285 |             fprintf(stderr, "%4"PRIi64, range.begin);
2026-10-08T11:32:13.9925838Z       |                             ^
2026-10-08T11:32:13.9930368Z src/solver/utils/Options.h:291:29: warning: invalid suffix on literal; C++11 requires a space between literal and string macro [-Wliteral-suffix]
2026-10-08T11:32:13.9931536Z   291 |             fprintf(stderr, "%4"PRIi64, range.end);
2026-10-08T11:32:13.9932063Z       |                             ^
2026-10-08T11:32:13.9933085Z src/solver/utils/Options.h:293:25: warning: invalid suffix on literal; C++11 requires a space between literal and string macro [-Wliteral-suffix]
2026-10-08T11:32:13.9934240Z   293 |         fprintf(stderr, "] (default: %"PRIi64")\n", value);
2026-10-08T11:32:13.9934801Z       |                         ^
2026-10-08T11:32:13.9947923Z src/solver/Main.cc:84:16: warning: invalid suffix on literal; C++11 requires a space between literal and string macro [-Wliteral-suffix]
2026-10-08T11:32:13.9949149Z    84 |         printf("c restarts              : %"PRIu64"\n", solver.starts);
2026-10-08T11:32:13.9949710Z       |                ^
2026-10-08T11:32:13.9950599Z src/solver/Main.cc:85:16: warning: invalid suffix on literal; C++11 requires a space between literal and string macro [-Wliteral-suffix]
2026-10-08T11:32:13.9951928Z    85 |         printf("c conflicts             : %-12"PRIu64"   (%.0f /sec)\n", solver.conflicts, solver.conflicts / cpu_time);
2026-10-08T11:32:13.9952753Z       |                ^
2026-10-08T11:32:13.9953687Z src/solver/Main.cc:86:16: warning: invalid suffix on literal; C++11 requires a space between literal and string macro [-Wliteral-suffix]
2026-10-08T11:32:13.9955942Z    86 |         printf("c decisions             : %-12"PRIu64"   (%4.2f %% random) (%.0f /sec)\n", solver.decisions, (float)solver.rnd_decisions * 100 / (float)solver.decisions, solver.decisions / cpu_time);
2026-10-08T11:32:13.9957505Z       |                ^
2026-10-08T11:32:13.9958444Z src/solver/Main.cc:87:16: warning: invalid suffix on literal; C++11 requires a space between literal and string macro [-Wliteral-suffix]
2026-10-08T11:32:13.9959924Z    87 |         printf("c propagations          : %-12"PRIu64"   (%.0f /sec)\n", solver.propagations, solver.propagations / cpu_time);
2026-10-08T11:32:13.9960847Z       |                ^
2026-10-08T11:32:13.9961803Z src/solver/Main.cc:88:16: warning: invalid suffix on literal; C++11 requires a space between literal and string macro [-Wliteral-suffix]
2026-10-08T11:32:13.9963646Z    88 |         printf("c conflict literals     : %-12"PRIu64"   (%4.2f %% deleted)\n", solver.tot_literals, (solver.max_literals - solver.tot_literals) * 100 / (double)solver.max_literals);
2026-10-08T11:32:13.9964898Z       |                ^
2026-10-08T11:32:13.9965844Z src/solver/Main.cc:93:16: warning: invalid suffix on literal; C++11 requires a space between literal and string macro [-Wliteral-suffix]
2026-10-08T11:32:13.9967658Z    93 |         printf("c s_propagations        : %-12"PRIu64"\n", solver.s_propagations);
2026-10-08T11:32:13.9968372Z       |                ^
2026-10-08T11:32:14.0243481Z In file included from src/solver/Solver.h:53,
2026-10-08T11:32:14.0244177Z                  from src/solver/SimpSolver.h:37,
2026-10-08T11:32:14.0244745Z                  from src/core/distqldpc.cc:40:
2026-10-08T11:32:14.0245902Z src/solver/utils/Options.h:285:29: warning: invalid suffix on literal; C++11 requires a space between literal and string macro [-Wliteral-suffix]
2026-10-08T11:32:14.0247449Z   285 |             fprintf(stderr, "%4"PRIi64, range.begin);
2026-10-08T11:32:14.0248053Z       |                             ^
2026-10-08T11:32:14.0249174Z src/solver/utils/Options.h:291:29: warning: invalid suffix on literal; C++11 requires a space between literal and string macro [-Wliteral-suffix]
2026-10-08T11:32:14.0250384Z   291 |             fprintf(stderr, "%4"PRIi64, range.end);
2026-10-08T11:32:14.0250959Z       |                             ^
2026-10-08T11:32:14.0252042Z src/solver/utils/Options.h:293:25: warning: invalid suffix on literal; C++11 requires a space between literal and string macro [-Wliteral-suffix]
2026-10-08T11:32:14.0253265Z   293 |         fprintf(stderr, "] (default: %"PRIi64")\n", value);
2026-10-08T11:32:14.0253864Z       |                         ^
2026-10-08T11:32:14.1018512Z src/solver/Main.cc: In function ‘void printStats(Minisat::Solver&)’:
2026-10-08T11:32:14.1020423Z src/solver/Main.cc:92:46: warning: format ‘%llu’ expects argument of type ‘long long unsigned int’, but argument 2 has type ‘uint64_t’ {aka ‘long unsigned int’} [-Wformat=]
2026-10-08T11:32:14.1022140Z    92 |         printf("c nbSimplifyAll         : %llu\n", solver.nbSimplifyAll);
2026-10-08T11:32:14.1022941Z       |                                           ~~~^     ~~~~~~~~~~~~~~~~~~~~
2026-10-08T11:32:14.1023555Z       |                                              |            |
2026-10-08T11:32:14.1024214Z       |                                              |            uint64_t {aka long unsigned int}
2026-10-08T11:32:14.1024885Z       |                                              long long unsigned int
2026-10-08T11:32:14.1025452Z       |                                           %lu
2026-10-08T11:32:14.1034637Z src/solver/Main.cc: In function ‘int main(int, char**)’:
2026-10-08T11:32:14.1036534Z src/solver/Main.cc:187:34: warning: format ‘%llu’ expects argument of type ‘long long unsigned int’, but argument 2 has type ‘uint64_t’ {aka ‘long unsigned int’} [-Wformat=]
2026-10-08T11:32:14.1038351Z   187 |         printf("c initial UB: %llu\n", S.initUB);
2026-10-08T11:32:14.1039115Z       |                               ~~~^     ~~~~~~~~
2026-10-08T11:32:14.1039801Z       |                                  |       |
2026-10-08T11:32:14.1041127Z       |                                  |       uint64_t {aka long unsigned int}
2026-10-08T11:32:14.1041809Z       |                                  long long unsigned int
2026-10-08T11:32:14.1042364Z       |                               %lu
2026-10-08T11:32:14.1435911Z src/solver/Main.cc: At global scope:
2026-10-08T11:32:14.1437546Z src/solver/Main.cc:108:13: warning: ‘void SIGINT_exit(int)’ defined but not used [-Wunused-function]
2026-10-08T11:32:14.1438424Z   108 | static void SIGINT_exit(int signum) {
2026-10-08T11:32:14.1438929Z       |             ^~~~~~~~~~~
2026-10-08T11:32:14.3618310Z src/core/distqldpc.cc: In function ‘void pipe_write_result(int, int, bool)’:
2026-10-08T11:32:14.3620361Z src/core/distqldpc.cc:162:20: warning: ignoring return value of ‘ssize_t write(int, const void*, size_t)’ declared with attribute ‘warn_unused_result’ [-Wunused-result]
2026-10-08T11:32:14.3621642Z   162 |         (void)write(pipe_w, buf, (size_t)n);
2026-10-08T11:32:14.3622175Z       |               ~~~~~^~~~~~~~~~~~~~~~~~~~~~~~
2026-10-08T11:32:15.3796626Z make: Leaving directory '/home/runner/work/DistQLDPC/DistQLDPC/baseline'
2026-10-08T11:32:15.3827565Z make: Entering directory '/home/runner/work/DistQLDPC/DistQLDPC/candidate'
2026-10-08T11:32:15.3840624Z g++ -Isrc/solver -Wall -Wno-parentheses -O3 -g -D __STDC_LIMIT_MACROS -D __STDC_FORMAT_MACROS -DNDEBUG -c -o build/SimpSolver.o src/solver/SimpSolver.cc
2026-10-08T11:32:15.3842717Z g++ -Isrc/solver -Wall -Wno-parentheses -O3 -g -D __STDC_LIMIT_MACROS -D __STDC_FORMAT_MACROS -DNDEBUG -c -o build/Solver.o src/solver/Solver.cc
2026-10-08T11:32:15.3868606Z g++ -Isrc/solver -Wall -Wno-parentheses -O3 -g -D __STDC_LIMIT_MACROS -D __STDC_FORMAT_MACROS -DNDEBUG -c -o build/Options.o src/solver/utils/Options.cc
2026-10-08T11:32:15.3898408Z g++ -Isrc/solver -Wall -Wno-parentheses -O3 -g -D __STDC_LIMIT_MACROS -D __STDC_FORMAT_MACROS -DNDEBUG -c -o build/System.o src/solver/utils/System.cc
2026-10-08T11:32:15.4518075Z In file included from src/solver/utils/Options.cc:21:
2026-10-08T11:32:15.4548373Z src/solver/utils/Options.h:285:29: warning: invalid suffix on literal; C++11 requires a space between literal and string macro [-Wliteral-suffix]
2026-10-08T11:32:15.4577792Z   285 |             fprintf(stderr, "%4"PRIi64, range.begin);
2026-10-08T11:32:15.4607584Z       |                             ^
2026-10-08T11:32:15.4638316Z src/solver/utils/Options.h:291:29: warning: invalid suffix on literal; C++11 requires a space between literal and string macro [-Wliteral-suffix]
2026-10-08T11:32:15.4697889Z   291 |             fprintf(stderr, "%4"PRIi64, range.end);
2026-10-08T11:32:15.4787957Z       |                             ^
2026-10-08T11:32:15.4821649Z src/solver/utils/Options.h:293:25: warning: invalid suffix on literal; C++11 requires a space between literal and string macro [-Wliteral-suffix]
2026-10-08T11:32:15.4878197Z   293 |         fprintf(stderr, "] (default: %"PRIi64")\n", value);
2026-10-08T11:32:15.4878857Z       |                         ^
2026-10-08T11:32:15.4879361Z In file included from src/solver/Solver.h:53,
2026-10-08T11:32:15.4879906Z                  from src/solver/SimpSolver.h:37,
2026-10-08T11:32:15.4880644Z                  from src/solver/SimpSolver.cc:34:
2026-10-08T11:32:15.4881741Z src/solver/utils/Options.h:285:29: warning: invalid suffix on literal; C++11 requires a space between literal and string macro [-Wliteral-suffix]
2026-10-08T11:32:15.4882871Z   285 |             fprintf(stderr, "%4"PRIi64, range.begin);
2026-10-08T11:32:15.4883398Z       |                             ^
2026-10-08T11:32:15.4884402Z src/solver/utils/Options.h:291:29: warning: invalid suffix on literal; C++11 requires a space between literal and string macro [-Wliteral-suffix]
2026-10-08T11:32:15.4885623Z   291 |             fprintf(stderr, "%4"PRIi64, range.end);
2026-10-08T11:32:15.4886135Z       |                             ^
2026-10-08T11:32:15.4887765Z src/solver/utils/Options.h:293:25: warning: invalid suffix on literal; C++11 requires a space between literal and string macro [-Wliteral-suffix]
2026-10-08T11:32:15.4888957Z   293 |         fprintf(stderr, "] (default: %"PRIi64")\n", value);
2026-10-08T11:32:15.4889520Z       |                         ^
2026-10-08T11:32:15.4889981Z In file included from src/solver/Solver.h:53,
2026-10-08T11:32:15.4890507Z                  from src/solver/Solver.cc:107:
2026-10-08T11:32:15.4891666Z src/solver/utils/Options.h:285:29: warning: invalid suffix on literal; C++11 requires a space between literal and string macro [-Wliteral-suffix]
2026-10-08T11:32:15.4892782Z   285 |             fprintf(stderr, "%4"PRIi64, range.begin);
2026-10-08T11:32:15.4893322Z       |                             ^
2026-10-08T11:32:15.4894343Z src/solver/utils/Options.h:291:29: warning: invalid suffix on literal; C++11 requires a space between literal and string macro [-Wliteral-suffix]
2026-10-08T11:32:15.4895656Z   291 |             fprintf(stderr, "%4"PRIi64, range.end);
2026-10-08T11:32:15.4896350Z       |                             ^
2026-10-08T11:32:15.4897698Z src/solver/utils/Options.h:293:25: warning: invalid suffix on literal; C++11 requires a space between literal and string macro [-Wliteral-suffix]
2026-10-08T11:32:15.4899202Z   293 |         fprintf(stderr, "] (default: %"PRIi64")\n", value);
2026-10-08T11:32:15.4899814Z       |                         ^
2026-10-08T11:32:15.6641014Z src/solver/Solver.h: In constructor ‘Minisat::Solver::Solver()’:
2026-10-08T11:32:15.6642748Z src/solver/Solver.h:480:15: warning: ‘Minisat::Solver::my_var_decay’ will be initialized after [-Wreorder]
2026-10-08T11:32:15.6643932Z   480 |     double    my_var_decay;
2026-10-08T11:32:15.6644606Z       |               ^~~~~~~~~~~~
2026-10-08T11:32:15.6646065Z src/solver/Solver.h:293:42: warning:   ‘Minisat::Heap<Minisat::Solver::VarOrderLt> Minisat::Solver::order_heap_distance’ [-Wreorder]
2026-10-08T11:32:15.6647889Z   293 |                         order_heap_VSIDS,order_heap_distance;
2026-10-08T11:32:15.6648723Z       |                                          ^~~~~~~~~~~~~~~~~~~
2026-10-08T11:32:15.6649710Z src/solver/Solver.cc:144:1: warning:   when initialized here [-Wreorder]
2026-10-08T11:32:15.6650656Z   144 | Solver::Solver() :
2026-10-08T11:32:15.6651265Z       | ^~~~~~
2026-10-08T11:32:15.6652534Z src/solver/Solver.h:514:14: warning: ‘Minisat::Solver::lastOptimalCost’ will be initialized after [-Wreorder]
2026-10-08T11:32:15.6653742Z   514 |     uint64_t lastOptimalCost;
2026-10-08T11:32:15.6654453Z       |              ^~~~~~~~~~~~~~~
2026-10-08T11:32:15.6655695Z src/solver/Solver.h:513:40: warning:   ‘uint64_t Minisat::Solver::totalWeight’ [-Wreorder]
2026-10-08T11:32:15.6656857Z   513 |     uint64_t hardWeight, solutionCost, totalWeight, UB;
2026-10-08T11:32:15.6657968Z       |                                        ^~~~~~~~~~~
2026-10-08T11:32:15.6658935Z src/solver/Solver.cc:144:1: warning:   when initialized here [-Wreorder]
2026-10-08T11:32:15.6659857Z   144 | Solver::Solver() :
2026-10-08T11:32:15.6660470Z       | ^~~~~~
2026-10-08T11:32:15.6661942Z src/solver/Solver.h:708:25: warning: ‘Minisat::Solver::orderHeapAuxi’ will be initialized after [-Wreorder]
2026-10-08T11:32:15.6663283Z   708 |     Heap<VarOrderGt>    orderHeapAuxi;
2026-10-08T11:32:15.6669955Z       |                         ^~~~~~~~~~~~~
2026-10-08T11:32:15.6671186Z src/solver/Solver.h:619:25: warning:   ‘int Minisat::Solver::tier2_lbd_cut’ [-Wreorder]
2026-10-08T11:32:15.6672156Z   619 |     int                 tier2_lbd_cut;
2026-10-08T11:32:15.6672816Z       |                         ^~~~~~~~~~~~~
2026-10-08T11:32:15.6673636Z src/solver/Solver.cc:144:1: warning:   when initialized here [-Wreorder]
2026-10-08T11:32:15.6674504Z   144 | Solver::Solver() :
2026-10-08T11:32:15.6675064Z       | ^~~~~~
2026-10-08T11:32:15.6676237Z src/solver/Solver.h:663:9: warning: ‘Minisat::Solver::cardinalityEncMode’ will be initialized after [-Wreorder]
2026-10-08T11:32:15.6677803Z   663 |     int cardinalityEncMode;
2026-10-08T11:32:15.6678497Z       |         ^~~~~~~~~~~~~~~~~~
2026-10-08T11:32:15.6680233Z src/solver/Solver.h:644:14: warning:   ‘uint64_t Minisat::Solver::quasiSoftConflicts’ [-Wreorder]
2026-10-08T11:32:15.6681332Z   644 |     uint64_t quasiSoftConflicts;
2026-10-08T11:32:15.6682012Z       |              ^~~~~~~~~~~~~~~~~~
2026-10-08T11:32:15.6682875Z src/solver/Solver.cc:144:1: warning:   when initialized here [-Wreorder]
2026-10-08T11:32:15.6683748Z   144 | Solver::Solver() :
2026-10-08T11:32:15.6684296Z       | ^~~~~~
2026-10-08T11:32:15.6685439Z src/solver/Solver.h:697:14: warning: ‘Minisat::Solver::nbFixedByLH’ will be initialized after [-Wreorder]
2026-10-08T11:32:15.6686567Z   697 |     uint64_t nbFixedByLH;
2026-10-08T11:32:15.6687528Z       |              ^~~~~~~~~~~
2026-10-08T11:32:15.6688794Z src/solver/Solver.h:562:10: warning:   ‘bool Minisat::Solver::bestSolutionFound’ [-Wreorder]
2026-10-08T11:32:15.6689889Z   562 |     bool bestSolutionFound;
2026-10-08T11:32:15.6690558Z       |          ^~~~~~~~~~~~~~~~~
2026-10-08T11:32:15.6691525Z src/solver/Solver.cc:144:1: warning:   when initialized here [-Wreorder]
2026-10-08T11:32:15.6692472Z   144 | Solver::Solver() :
2026-10-08T11:32:15.6693143Z       | ^~~~~~
2026-10-08T11:32:15.6694849Z src/solver/Solver.h:564:9: warning: ‘Minisat::Solver::nbSatLitsAtStart’ will be initialized after [-Wreorder]
2026-10-08T11:32:15.6696076Z   564 |     int nbSatLitsAtStart;
2026-10-08T11:32:15.6696751Z       |         ^~~~~~~~~~~~~~~~
2026-10-08T11:32:15.6698250Z src/solver/Solver.h:560:9: warning:   ‘int Minisat::Solver::bounds_pipe_w’ [-Wreorder]
2026-10-08T11:32:15.6699266Z   560 |     int bounds_pipe_w;
2026-10-08T11:32:15.6699948Z       |         ^~~~~~~~~~~~~
2026-10-08T11:32:15.6700814Z src/solver/Solver.cc:144:1: warning:   when initialized here [-Wreorder]
2026-10-08T11:32:15.6701771Z   144 | Solver::Solver() :
2026-10-08T11:32:15.6702417Z       | ^~~~~~
2026-10-08T11:32:15.6703649Z src/solver/Solver.cc: In member function ‘Minisat::CRef Minisat::Solver::simplePropagate()’:
2026-10-08T11:32:15.6705614Z src/solver/Solver.cc:317:27: warning: comparison of integer expressions of different signedness: ‘unsigned int’ and ‘int’ [-Wsign-compare]
2026-10-08T11:32:15.6707244Z   317 |         if (c.lastPoint() > c.size())
2026-10-08T11:32:15.6708163Z       |             ~~~~~~~~~~~~~~^~~~~~~~~~
2026-10-08T11:32:15.6709754Z src/solver/Solver.cc:336:27: warning: comparison of integer expressions of different signedness: ‘int’ and ‘unsigned int’ [-Wsign-compare]
2026-10-08T11:32:15.6711163Z   336 |         for (int k = 2; k < c.lastPoint(); k++) {
2026-10-08T11:32:15.6711894Z       |                         ~~^~~~~~~~~~~~~~~
2026-10-08T11:32:15.6713568Z src/solver/Solver.cc:382:63: warning: comparison of integer expressions of different signedness: ‘int’ and ‘uint64_t’ {aka ‘long unsigned int’} [-Wsign-compare]
2026-10-08T11:32:15.6715155Z   382 |     if (confl == CRef_Undef && falseLits.size() + rootNbIsets >= UB)
2026-10-08T11:32:15.6716122Z       |                                ~~~~~~~~~~~~~~~~~~~~~~~~~~~~~~~^~~~~
2026-10-08T11:32:15.6766473Z src/solver/Solver.cc: In member function ‘bool Minisat::Solver::simplifyLearnt_core()’:
2026-10-08T11:32:15.6768680Z src/solver/Solver.cc:788:34: warning: comparison of integer expressions of different signedness: ‘unsigned int’ and ‘int’ [-Wsign-compare]
2026-10-08T11:32:15.6770167Z   788 |                     if (nblevels < c.lbd()){
2026-10-08T11:32:15.6771026Z       |                         ~~~~~~~~~^~~~~~~~~
2026-10-08T11:32:15.6772356Z src/solver/Solver.cc:722:9: warning: unused variable ‘learnts_core_size_before’ [-Wunused-variable]
2026-10-08T11:32:15.6773597Z   722 |     int learnts_core_size_before = learnts_core.size();
2026-10-08T11:32:15.6774441Z       |         ^~~~~~~~~~~~~~~~~~~~~~~~
2026-10-08T11:32:15.6784900Z src/solver/Solver.cc: In member function ‘bool Minisat::Solver::simplifyLearnt_tier2()’:
2026-10-08T11:32:15.6786742Z src/solver/Solver.cc:896:34: warning: comparison of integer expressions of different signedness: ‘unsigned int’ and ‘int’ [-Wsign-compare]
2026-10-08T11:32:15.6788806Z   896 |                     if (nblevels < c.lbd()){
2026-10-08T11:32:15.6789718Z       |                         ~~~~~~~~~^~~~~~~~~
2026-10-08T11:32:15.6791107Z src/solver/Solver.cc:824:9: warning: unused variable ‘learnts_tier2_size_before’ [-Wunused-variable]
2026-10-08T11:32:15.6792367Z   824 |     int learnts_tier2_size_before = learnts_tier2.size();
2026-10-08T11:32:15.6793184Z       |         ^~~~~~~~~~~~~~~~~~~~~~~~~
2026-10-08T11:32:15.6794469Z src/solver/Solver.cc:829:9: warning: variable ‘limit’ set but not used [-Wunused-but-set-variable]
2026-10-08T11:32:15.6795588Z   829 |     int limit;
2026-10-08T11:32:15.6796198Z       |         ^~~~~
2026-10-08T11:32:15.6808833Z src/solver/Solver.cc: In member function ‘bool Minisat::Solver::failedLiteralDetection()’:
2026-10-08T11:32:15.6810915Z src/solver/Solver.cc:1039:100: warning: format ‘%llu’ expects argument of type ‘long long unsigned int’, but argument 7 has type ‘uint64_t’ {aka ‘long unsigned int’} [-Wformat=]
2026-10-08T11:32:15.6812962Z  1039 |   printf("c nbFailedLits %d, nbI %d, fixedVarsByFL %d, totalFixedVars %d, nbTested: %d, counter %llu\n",
2026-10-08T11:32:15.6814316Z       |                                                                                                 ~~~^
2026-10-08T11:32:15.6815611Z       |                                                                                                    |
2026-10-08T11:32:15.6816729Z       |                                                                                                    long long unsigned int
2026-10-08T11:32:15.6818090Z       |                                                                                                 %lu
2026-10-08T11:32:15.6819256Z  1040 |          nbFailedLits, nbI, trail.size()-initTrail, trail.size(), nbTested, counter);
2026-10-08T11:32:15.6820437Z       |                                                                             ~~~~~~~                 
2026-10-08T11:32:15.6821390Z       |                                                                             |
2026-10-08T11:32:15.6822395Z       |                                                                             uint64_t {aka long unsigned int}
2026-10-08T11:32:15.6823930Z src/solver/Solver.cc: In member function ‘bool Minisat::Solver::simplifyOriginalClauses()’:
2026-10-08T11:32:15.6826037Z src/solver/Solver.cc:1180:40: warning: format ‘%llu’ expects argument of type ‘long long unsigned int’, but argument 2 has type ‘uint64_t’ {aka ‘long unsigned int’} [-Wformat=]
2026-10-08T11:32:15.6828019Z  1180 |     printf("c total nb of literals: %llu\n", clauses_literals);
2026-10-08T11:32:15.6828951Z       |                                     ~~~^     ~~~~~~~~~~~~~~~~
2026-10-08T11:32:15.6829748Z       |                                        |     |
2026-10-08T11:32:15.6830580Z       |                                        |     uint64_t {aka long unsigned int}
2026-10-08T11:32:15.6831452Z       |                                        long long unsigned int
2026-10-08T11:32:15.6832254Z       |                                     %lu
2026-10-08T11:32:15.6833548Z src/solver/Solver.cc:1174:25: warning: unused variable ‘nbOriginalClauses_before’ [-Wunused-variable]
2026-10-08T11:32:15.6834857Z  1174 |     int last_shorten=0, nbOriginalClauses_before = clauses.size();
2026-10-08T11:32:15.6835846Z       |                         ^~~~~~~~~~~~~~~~~~~~~~~~
2026-10-08T11:32:15.6837401Z src/solver/Solver.cc:1186:17: warning: unused variable ‘begin_simp_time’ [-Wunused-variable]
2026-10-08T11:32:15.6838559Z  1186 |     double      begin_simp_time = cpuTime();
2026-10-08T11:32:15.6839332Z       |                 ^~~~~~~~~~~~~~~
2026-10-08T11:32:15.6840592Z src/solver/Solver.cc:1251:12: warning: variable ‘avg’ set but not used [-Wunused-but-set-variable]
2026-10-08T11:32:15.6841719Z  1251 |     double avg;
2026-10-08T11:32:15.6842338Z       |            ^~~
2026-10-08T11:32:15.6918192Z src/solver/Solver.cc: In member function ‘Minisat::CRef Minisat::Solver::propagate()’:
2026-10-08T11:32:15.6920610Z src/solver/Solver.cc:2006:31: warning: comparison of integer expressions of different signedness: ‘unsigned int’ and ‘int’ [-Wsign-compare]
2026-10-08T11:32:15.6922187Z  2006 |             if (c.lastPoint() > c.size())
2026-10-08T11:32:15.6923071Z       |                 ~~~~~~~~~~~~~~^~~~~~~~~~
2026-10-08T11:32:15.6924746Z src/solver/Solver.cc:2025:31: warning: comparison of integer expressions of different signedness: ‘int’ and ‘unsigned int’ [-Wsign-compare]
2026-10-08T11:32:15.6926207Z  2025 |             for (int k = 2; k < c.lastPoint(); k++) {
2026-10-08T11:32:15.6927239Z       |                             ~~^~~~~~~~~~~~~~~
2026-10-08T11:32:15.6929026Z src/solver/Solver.cc:2077:49: warning: comparison of integer expressions of different signedness: ‘int’ and ‘uint64_t’ {aka ‘long unsigned int’} [-Wsign-compare]
2026-10-08T11:32:15.6930564Z  2077 |     if (confl == CRef_Undef && falseLits.size() >= UB)
2026-10-08T11:32:15.6931428Z       |                                ~~~~~~~~~~~~~~~~~^~~~~
2026-10-08T11:32:15.6932733Z src/solver/Solver.cc:2073:1: warning: label ‘ExitProp’ defined but not used [-Wunused-label]
2026-10-08T11:32:15.6933842Z  2073 | ExitProp:;
2026-10-08T11:32:15.6934818Z       | ^~~~~~~~
2026-10-08T11:32:15.6948286Z src/solver/Solver.cc: In member function ‘void Minisat::Solver::getAllUIP(Minisat::vec<Minisat::Lit>&, int&, int&)’:
2026-10-08T11:32:15.6950009Z src/solver/Solver.cc:2178:9: warning: variable ‘myLevel’ set but not used [-Wunused-but-set-variable]
2026-10-08T11:32:15.6951261Z  2178 |     int myLevel = decisionLevel() +1;
2026-10-08T11:32:15.6952068Z       |         ^~~~~~~
2026-10-08T11:32:15.6953620Z src/solver/Solver.cc: In member function ‘void Minisat::Solver::analyzeSoftConflict(Minisat::vec<Minisat::Lit>&, int&, int&)’:
2026-10-08T11:32:15.6955950Z src/solver/Solver.cc:2197:26: warning: comparison of integer expressions of different signedness: ‘int’ and ‘uint64_t’ {aka ‘long unsigned int’} [-Wsign-compare]
2026-10-08T11:32:15.6957772Z  2197 |     if (falseLits.size() >= UB)
2026-10-08T11:32:15.6958536Z       |         ~~~~~~~~~~~~~~~~~^~~~~
2026-10-08T11:32:15.6960246Z src/solver/Solver.cc:2207:26: warning: comparison of integer expressions of different signedness: ‘int’ and ‘uint64_t’ {aka ‘long unsigned int’} [-Wsign-compare]
2026-10-08T11:32:15.6961816Z  2207 |     if (falseLits.size() > UB) {
2026-10-08T11:32:15.6962542Z       |         ~~~~~~~~~~~~~~~~~^~~~
2026-10-08T11:32:15.6998646Z src/solver/Solver.cc: In member function ‘bool Minisat::Solver::simplifyLearnt_local()’:
2026-10-08T11:32:15.7000509Z src/solver/Solver.cc:2632:34: warning: comparison of integer expressions of different signedness: ‘unsigned int’ and ‘int’ [-Wsign-compare]
2026-10-08T11:32:15.7001925Z  2632 |                     if (nblevels < c.lbd()){
2026-10-08T11:32:15.7002769Z       |                         ~~~~~~~~~^~~~~~~~~
2026-10-08T11:32:15.7004159Z src/solver/Solver.cc:2560:7: warning: unused variable ‘learnts_local_size_before’ [-Wunused-variable]
2026-10-08T11:32:15.7005446Z  2560 |   int learnts_local_size_before = learnts_local.size();
2026-10-08T11:32:15.7006279Z       |       ^~~~~~~~~~~~~~~~~~~~~~~~~
2026-10-08T11:32:15.7007661Z src/solver/Solver.cc:2561:7: warning: unused variable ‘savedTrail’ [-Wunused-variable]
2026-10-08T11:32:15.7008783Z  2561 |   int savedTrail = trail.size();
2026-10-08T11:32:15.7009530Z       |       ^~~~~~~~~~
2026-10-08T11:32:15.7018725Z src/solver/Solver.cc: In member function ‘void Minisat::Solver::reduceDB_core()’:
2026-10-08T11:32:15.7020237Z src/solver/Solver.cc:2773:9: warning: unused variable ‘totalLocalSize’ [-Wunused-variable]
2026-10-08T11:32:15.7021417Z  2773 |     int totalLocalSize=0, removedSize=0;
2026-10-08T11:32:15.7022258Z       |         ^~~~~~~~~~~~~~
2026-10-08T11:32:15.7023429Z src/solver/Solver.cc:2773:27: warning: unused variable ‘removedSize’ [-Wunused-variable]
2026-10-08T11:32:15.7024552Z  2773 |     int totalLocalSize=0, removedSize=0;
2026-10-08T11:32:15.7025326Z       |                           ^~~~~~~~~~~
2026-10-08T11:32:15.7048175Z src/solver/Solver.cc: In member function ‘Minisat::CRef Minisat::Solver::lPropagate()’:
2026-10-08T11:32:15.7050389Z src/solver/Solver.cc:3023:20: warning: comparison of integer expressions of different signedness: ‘uint64_t’ {aka ‘long unsigned int’} and ‘int’ [-Wsign-compare]
2026-10-08T11:32:15.7058703Z  3023 |   if (UB > 1 && UB == falseLits.size() + 1 && decisionLevel() < hardenLevel) {
2026-10-08T11:32:15.7059722Z       |                 ~~~^~~~~~~~~~~~~~~~~~~~~~~
2026-10-08T11:32:15.7060603Z In file included from src/solver/mtl/Sort.h:24,
2026-10-08T11:32:15.7061429Z                  from src/solver/SimpSolver.cc:33:
2026-10-08T11:32:15.7062971Z src/solver/mtl/Vec.h: In instantiation of ‘void Minisat::vec<T>::capacity(int) [with T = Minisat::vec<unsigned int>]’:
2026-10-08T11:32:15.7064915Z src/solver/mtl/Vec.h:115:13:   required from ‘void Minisat::vec<T>::growTo(int) [with T = Minisat::vec<unsigned int>]’
2026-10-08T11:32:15.7067719Z src/solver/SolverTypes.h:339:50:   required from ‘void Minisat::OccLists<Idx, Vec, Deleted>::init(const Idx&) [with Idx = int; Vec = Minisat::vec<unsigned int>; Deleted = Minisat::SimpSolver::ClauseDeleted]’
2026-10-08T11:32:15.7069839Z src/solver/SimpSolver.cc:98:24:   required from here
2026-10-08T11:32:15.7072045Z src/solver/mtl/Vec.h:99:54: warning: ‘void* realloc(void*, size_t)’ moving an object of non-trivially copyable type ‘class Minisat::vec<unsigned int>’; use ‘new’ and ‘delete’ instead [-Wclass-memaccess]
2026-10-08T11:32:15.7074165Z    99 |     if (add > INT_MAX - cap || ((data = (T*)::realloc(data, (cap += add) * sizeof(T))) == NULL) && errno == ENOMEM)
2026-10-08T11:32:15.7075375Z       |                                             ~~~~~~~~~^~~~~~~~~~~~~~~~~~~~~~~~~~~~~~~~
2026-10-08T11:32:15.7076706Z src/solver/mtl/Vec.h:38:7: note: ‘class Minisat::vec<unsigned int>’ declared here
2026-10-08T11:32:15.7077926Z    38 | class vec {
2026-10-08T11:32:15.7078459Z       |       ^~~
2026-10-08T11:32:15.7079817Z src/solver/Solver.cc: In member function ‘void Minisat::Solver::identifyClausesToSplit(Minisat::vec<unsigned int>&)’:
2026-10-08T11:32:15.7082093Z src/solver/Solver.cc:3171:46: warning: comparison of integer expressions of different signedness: ‘int’ and ‘uint64_t’ {aka ‘long unsigned int’} [-Wsign-compare]
2026-10-08T11:32:15.7083746Z  3171 |     for(j=i+1; j<cs.size() && 2*nbCommunLits >= UB; j++) {
2026-10-08T11:32:15.7084640Z       |                               ~~~~~~~~~~~~~~~^~~~~
2026-10-08T11:32:15.7140711Z src/solver/Solver.cc: In member function ‘Minisat::lbool Minisat::Solver::search(int&)’:
2026-10-08T11:32:15.7142581Z src/solver/Solver.cc:3822:31: warning: format ‘%llu’ expects argument of type ‘long long unsigned int’, but argument 2 has type ‘uint64_t’ {aka ‘long unsigned int’} [-Wformat=]
2026-10-08T11:32:15.7144981Z  3822 |               printf("c UB=%llu succs, confls=%llu, hconfls=%llu, core %d, tier2 %d, local %d,  %d soft cls unsat (%d at L0), %d fixed vars at L0, softCnfl %d, nbFlyRd %d, nbFixedLH %llu\n",
2026-10-08T11:32:15.7159920Z       |                            ~~~^
2026-10-08T11:32:15.7161059Z       |                               |
2026-10-08T11:32:15.7161803Z       |                               long long unsigned int
2026-10-08T11:32:15.7162538Z       |                            %lu
2026-10-08T11:32:15.7163650Z  3823 |                      UB, conflicts, conflicts-softConflicts, learnts_core.size(), learnts_tier2.size(), learnts_local.size(),
2026-10-08T11:32:15.7164801Z       |                      ~~        
2026-10-08T11:32:15.7165419Z       |                      |
2026-10-08T11:32:15.7166071Z       |                      uint64_t {aka long unsigned int}
2026-10-08T11:32:15.7168224Z src/solver/Solver.cc:3822:50: warning: format ‘%llu’ expects argument of type ‘long long unsigned int’, but argument 3 has type ‘uint64_t’ {aka ‘long unsigned int’} [-Wformat=]
2026-10-08T11:32:15.7170558Z  3822 |               printf("c UB=%llu succs, confls=%llu, hconfls=%llu, core %d, tier2 %d, local %d,  %d soft cls unsat (%d at L0), %d fixed vars at L0, softCnfl %d, nbFlyRd %d, nbFixedLH %llu\n",
2026-10-08T11:32:15.7172061Z       |                                               ~~~^
2026-10-08T11:32:15.7173165Z       |                                                  |
2026-10-08T11:32:15.7173979Z       |                                                  long long unsigned int
2026-10-08T11:32:15.7174856Z       |                                               %lu
2026-10-08T11:32:15.7176127Z  3823 |                      UB, conflicts, conflicts-softConflicts, learnts_core.size(), learnts_tier2.size(), learnts_local.size(),
2026-10-08T11:32:15.7177748Z       |                          ~~~~~~~~~                
2026-10-08T11:32:15.7178517Z       |                          |
2026-10-08T11:32:15.7179276Z       |                          uint64_t {aka long unsigned int}
2026-10-08T11:32:15.7181218Z src/solver/Solver.cc:3822:64: warning: format ‘%llu’ expects argument of type ‘long long unsigned int’, but argument 4 has type ‘uint64_t’ {aka ‘long unsigned int’} [-Wformat=]
2026-10-08T11:32:15.7183534Z  3822 |               printf("c UB=%llu succs, confls=%llu, hconfls=%llu, core %d, tier2 %d, local %d,  %d soft cls unsat (%d at L0), %d fixed vars at L0, softCnfl %d, nbFlyRd %d, nbFixedLH %llu\n",
2026-10-08T11:32:15.7185089Z       |                                                             ~~~^
2026-10-08T11:32:15.7185942Z       |                                                                |
2026-10-08T11:32:15.7186834Z       |                                                                long long unsigned int
2026-10-08T11:32:15.7188024Z       |                                                             %lu
2026-10-08T11:32:15.7189311Z  3823 |                      UB, conflicts, conflicts-softConflicts, learnts_core.size(), learnts_tier2.size(), learnts_local.size(),
2026-10-08T11:32:15.7190601Z       |                                     ~~~~~~~~~~~~~~~~~~~~~~~     
2026-10-08T11:32:15.7191397Z       |                                              |
2026-10-08T11:32:15.7192224Z       |                                              uint64_t {aka long unsigned int}
2026-10-08T11:32:15.7194181Z src/solver/Solver.cc:3822:186: warning: format ‘%llu’ expects argument of type ‘long long unsigned int’, but argument 13 has type ‘uint64_t’ {aka ‘long unsigned int’} [-Wformat=]
2026-10-08T11:32:15.7196514Z  3822 |               printf("c UB=%llu succs, confls=%llu, hconfls=%llu, core %d, tier2 %d, local %d,  %d soft cls unsat (%d at L0), %d fixed vars at L0, softCnfl %d, nbFlyRd %d, nbFixedLH %llu\n",
2026-10-08T11:32:15.7198600Z       |                                                                                                                                                                                       ~~~^
2026-10-08T11:32:15.7199981Z       |                                                                                                                                                                                          |
2026-10-08T11:32:15.7201767Z       |                                                                                                                                                                                          long long unsigned int
2026-10-08T11:32:15.7203207Z       |                                                                                                                                                                                       %lu
2026-10-08T11:32:15.7204690Z  3823 |                      UB, conflicts, conflicts-softConflicts, learnts_core.size(), learnts_tier2.size(), learnts_local.size(),
2026-10-08T11:32:15.7206237Z  3824 |                      falseLits.size(), nbFalses, nbFixeds, pureSoftConfl, nbFlyReduced, nbFixedByLH);
2026-10-08T11:32:15.7207915Z       |                                                                                         ~~~~~~~~~~~                                                                                       
2026-10-08T11:32:15.7209106Z       |                                                                                         |
2026-10-08T11:32:15.7210119Z       |                                                                                         uint64_t {aka long unsigned int}
2026-10-08T11:32:15.7212471Z src/solver/Solver.cc:3826:48: warning: format ‘%llu’ expects argument of type ‘long long unsigned int’, but argument 3 has type ‘uint64_t’ {aka ‘long unsigned int’} [-Wformat=]
2026-10-08T11:32:15.7214865Z  3826 |               printf("c nbHardens %d (fixed %llu), shorten: %llu, prunedLB %4.2f, dev %4.2f, succRate %4.2f, nbSucc %llu, lk: %llu, shorten: %llu, quasiC: %llu (fixed: %llu)\n\n",
2026-10-08T11:32:15.7216367Z       |                                             ~~~^
2026-10-08T11:32:15.7217396Z       |                                                |
2026-10-08T11:32:15.7218243Z       |                                                long long unsigned int
2026-10-08T11:32:15.7219081Z       |                                             %lu
2026-10-08T11:32:15.7220844Z  3827 |                      nbHardens, fixedByHardens, nbSavedLits, meanLB, dev, succRate, nbLKsuccess-savednbLKsuccess, LOOKAHEAD-savedLOOKAHEAD, nbSavedLits, quasiSoftConflicts, fixedByQuasiConfl);
2026-10-08T11:32:15.7222634Z       |                                 ~~~~~~~~~~~~~~  
2026-10-08T11:32:15.7223386Z       |                                 |
2026-10-08T11:32:15.7224161Z       |                                 uint64_t {aka long unsigned int}
2026-10-08T11:32:15.7226098Z src/solver/Solver.cc:3826:64: warning: format ‘%llu’ expects argument of type ‘long long unsigned int’, but argument 4 has type ‘uint64_t’ {aka ‘long unsigned int’} [-Wformat=]
2026-10-08T11:32:15.7228798Z  3826 |               printf("c nbHardens %d (fixed %llu), shorten: %llu, prunedLB %4.2f, dev %4.2f, succRate %4.2f, nbSucc %llu, lk: %llu, shorten: %llu, quasiC: %llu (fixed: %llu)\n\n",
2026-10-08T11:32:15.7230318Z       |                                                             ~~~^
2026-10-08T11:32:15.7231180Z       |                                                                |
2026-10-08T11:32:15.7232077Z       |                                                                long long unsigned int
2026-10-08T11:32:15.7232980Z       |                                                             %lu
2026-10-08T11:32:15.7234743Z  3827 |                      nbHardens, fixedByHardens, nbSavedLits, meanLB, dev, succRate, nbLKsuccess-savednbLKsuccess, LOOKAHEAD-savedLOOKAHEAD, nbSavedLits, quasiSoftConflicts, fixedByQuasiConfl);
2026-10-08T11:32:15.7236525Z       |                                                 ~~~~~~~~~~~     
2026-10-08T11:32:15.7237546Z       |                                                 |
2026-10-08T11:32:15.7238310Z       |                                                 uint64_t {aka long unsigned int}
2026-10-08T11:32:15.7240169Z src/solver/Solver.cc:3826:120: warning: format ‘%llu’ expects argument of type ‘long long unsigned int’, but argument 8 has type ‘uint64_t’ {aka ‘long unsigned int’} [-Wformat=]
2026-10-08T11:32:15.7242720Z  3826 |               printf("c nbHardens %d (fixed %llu), shorten: %llu, prunedLB %4.2f, dev %4.2f, succRate %4.2f, nbSucc %llu, lk: %llu, shorten: %llu, quasiC: %llu (fixed: %llu)\n\n",
2026-10-08T11:32:15.7244428Z       |                                                                                                                     ~~~^
2026-10-08T11:32:15.7245516Z       |                                                                                                                        |
2026-10-08T11:32:15.7246763Z       |                                                                                                                        long long unsigned int
2026-10-08T11:32:15.7248451Z       |                                                                                                                     %lu
2026-10-08T11:32:15.7250518Z  3827 |                      nbHardens, fixedByHardens, nbSavedLits, meanLB, dev, succRate, nbLKsuccess-savednbLKsuccess, LOOKAHEAD-savedLOOKAHEAD, nbSavedLits, quasiSoftConflicts, fixedByQuasiConfl);
2026-10-08T11:32:15.7252541Z       |                                                                                     ~~~~~~~~~~~~~~~~~~~~~~~~~~~~        
2026-10-08T11:32:15.7253891Z       |                                                                                                |
2026-10-08T11:32:15.7254963Z       |                                                                                                uint64_t {aka long unsigned int}
2026-10-08T11:32:15.7257229Z src/solver/Solver.cc:3826:130: warning: format ‘%llu’ expects argument of type ‘long long unsigned int’, but argument 9 has type ‘uint64_t’ {aka ‘long unsigned int’} [-Wformat=]
2026-10-08T11:32:15.7259687Z  3826 |               printf("c nbHardens %d (fixed %llu), shorten: %llu, prunedLB %4.2f, dev %4.2f, succRate %4.2f, nbSucc %llu, lk: %llu, shorten: %llu, quasiC: %llu (fixed: %llu)\n\n",
2026-10-08T11:32:15.7261412Z       |                                                                                                                               ~~~^
2026-10-08T11:32:15.7262594Z       |                                                                                                                                  |
2026-10-08T11:32:15.7263877Z       |                                                                                                                                  long long unsigned int
2026-10-08T11:32:15.7265135Z       |                                                                                                                               %lu
2026-10-08T11:32:15.7267314Z  3827 |                      nbHardens, fixedByHardens, nbSavedLits, meanLB, dev, succRate, nbLKsuccess-savednbLKsuccess, LOOKAHEAD-savedLOOKAHEAD, nbSavedLits, quasiSoftConflicts, fixedByQuasiConfl);
2026-10-08T11:32:15.7269300Z       |                                                                                                                   ~~~~~~~~~~~~~~~~~~~~~~~~
2026-10-08T11:32:15.7270476Z       |                                                                                                                            |
2026-10-08T11:32:15.7271735Z       |                                                                                                                            uint64_t {aka long unsigned int}
2026-10-08T11:32:15.7273869Z src/solver/Solver.cc:3826:145: warning: format ‘%llu’ expects argument of type ‘long long unsigned int’, but argument 10 has type ‘uint64_t’ {aka ‘long unsigned int’} [-Wformat=]
2026-10-08T11:32:15.7276135Z  3826 |               printf("c nbHardens %d (fixed %llu), shorten: %llu, prunedLB %4.2f, dev %4.2f, succRate %4.2f, nbSucc %llu, lk: %llu, shorten: %llu, quasiC: %llu (fixed: %llu)\n\n",
2026-10-08T11:32:15.7278056Z       |                                                                                                                                              ~~~^
2026-10-08T11:32:15.7279477Z       |                                                                                                                                                 |
2026-10-08T11:32:15.7280796Z       |                                                                                                                                                 long long unsigned int
2026-10-08T11:32:15.7282066Z       |                                                                                                                                              %lu
2026-10-08T11:32:15.7284038Z  3827 |                      nbHardens, fixedByHardens, nbSavedLits, meanLB, dev, succRate, nbLKsuccess-savednbLKsuccess, LOOKAHEAD-savedLOOKAHEAD, nbSavedLits, quasiSoftConflicts, fixedByQuasiConfl);
2026-10-08T11:32:15.7286043Z       |                                                                                                                                             ~~~~~~~~~~~
2026-10-08T11:32:15.7287480Z       |                                                                                                                                             |
2026-10-08T11:32:15.7289103Z       |                                                                                                                                             uint64_t {aka long unsigned int}
2026-10-08T11:32:15.7291314Z src/solver/Solver.cc:3826:159: warning: format ‘%llu’ expects argument of type ‘long long unsigned int’, but argument 11 has type ‘uint64_t’ {aka ‘long unsigned int’} [-Wformat=]
2026-10-08T11:32:15.7293561Z  3826 |               printf("c nbHardens %d (fixed %llu), shorten: %llu, prunedLB %4.2f, dev %4.2f, succRate %4.2f, nbSucc %llu, lk: %llu, shorten: %llu, quasiC: %llu (fixed: %llu)\n\n",
2026-10-08T11:32:15.7295217Z       |                                                                                                                                                            ~~~^
2026-10-08T11:32:15.7296522Z       |                                                                                                                                                               |
2026-10-08T11:32:15.7298174Z       |                                                                                                                                                               long long unsigned int
2026-10-08T11:32:15.7299525Z       |                                                                                                                                                            %lu
2026-10-08T11:32:15.7301520Z  3827 |                      nbHardens, fixedByHardens, nbSavedLits, meanLB, dev, succRate, nbLKsuccess-savednbLKsuccess, LOOKAHEAD-savedLOOKAHEAD, nbSavedLits, quasiSoftConflicts, fixedByQuasiConfl);
2026-10-08T11:32:15.7303528Z       |                                                                                                                                                          ~~~~~~~~~~~~~~~~~~
2026-10-08T11:32:15.7305000Z       |                                                                                                                                                          |
2026-10-08T11:32:15.7306420Z       |                                                                                                                                                          uint64_t {aka long unsigned int}
2026-10-08T11:32:15.7308916Z src/solver/Solver.cc:3826:172: warning: format ‘%llu’ expects argument of type ‘long long unsigned int’, but argument 12 has type ‘uint64_t’ {aka ‘long unsigned int’} [-Wformat=]
2026-10-08T11:32:15.7311172Z  3826 |               printf("c nbHardens %d (fixed %llu), shorten: %llu, prunedLB %4.2f, dev %4.2f, succRate %4.2f, nbSucc %llu, lk: %llu, shorten: %llu, quasiC: %llu (fixed: %llu)\n\n",
2026-10-08T11:32:15.7312927Z       |                                                                                                                                                                         ~~~^
2026-10-08T11:32:15.7314487Z       |                                                                                                                                                                            |
2026-10-08T11:32:15.7315841Z       |                                                                                                                                                                            long long unsigned int
2026-10-08T11:32:15.7317462Z       |                                                                                                                                                                         %lu
2026-10-08T11:32:15.7319472Z  3827 |                      nbHardens, fixedByHardens, nbSavedLits, meanLB, dev, succRate, nbLKsuccess-savednbLKsuccess, LOOKAHEAD-savedLOOKAHEAD, nbSavedLits, quasiSoftConflicts, fixedByQuasiConfl);
2026-10-08T11:32:15.7321557Z       |                                                                                                                                                                              ~~~~~~~~~~~~~~~~~
2026-10-08T11:32:15.7322925Z       |                                                                                                                                                                              |
2026-10-08T11:32:15.7324653Z       |                                                                                                                                                                              uint64_t {aka long unsigned int}
2026-10-08T11:32:15.7326684Z src/solver/Solver.cc: In member function ‘Minisat::CRef Minisat::Solver::propagateForLK()’:
2026-10-08T11:32:15.7340033Z src/solver/Solver.cc:3985:27: warning: comparison of integer expressions of different signedness: ‘unsigned int’ and ‘int’ [-Wsign-compare]
2026-10-08T11:32:15.7341469Z  3985 |         if (c.lastPoint() > c.size())
2026-10-08T11:32:15.7342190Z       |             ~~~~~~~~~~~~~~^~~~~~~~~~
2026-10-08T11:32:15.7343724Z src/solver/Solver.cc:4004:27: warning: comparison of integer expressions of different signedness: ‘int’ and ‘unsigned int’ [-Wsign-compare]
2026-10-08T11:32:15.7345192Z  4004 |         for (int k = 2; k < c.lastPoint(); k++) {
2026-10-08T11:32:15.7346038Z       |                         ~~^~~~~~~~~~~~~~~
2026-10-08T11:32:15.7348027Z src/solver/Solver.cc: In member function ‘void Minisat::Solver::analyzeQuasiSoftConflict(Minisat::vec<Minisat::Lit>&, int&, int&)’:
2026-10-08T11:32:15.7350393Z src/solver/Solver.cc:4503:26: warning: comparison of integer expressions of different signedness: ‘int’ and ‘uint64_t’ {aka ‘long unsigned int’} [-Wsign-compare]
2026-10-08T11:32:15.7351936Z  4503 |     if (falseLits.size() > UB) {
2026-10-08T11:32:15.7352673Z       |         ~~~~~~~~~~~~~~~~~^~~~
2026-10-08T11:32:15.7353896Z src/solver/Solver.cc: In member function ‘bool Minisat::Solver::lookahead()’:
2026-10-08T11:32:15.7355860Z src/solver/Solver.cc:4844:17: warning: comparison of integer expressions of different signedness: ‘uint64_t’ {aka ‘long unsigned int’} and ‘int’ [-Wsign-compare]
2026-10-08T11:32:15.7357687Z  4844 |   if (conflicts > prevConflicts) {
2026-10-08T11:32:15.7358454Z       |       ~~~~~~~~~~^~~~~~~~~~~~~~~
2026-10-08T11:32:15.7375067Z src/solver/Solver.cc: In member function ‘void Minisat::Solver::addHardClausesForSoftClauses()’:
2026-10-08T11:32:15.7377485Z src/solver/Solver.cc:5089:70: warning: format ‘%llu’ expects argument of type ‘long long unsigned int’, but argument 5 has type ‘uint64_t’ {aka ‘long unsigned int’} [-Wformat=]
2026-10-08T11:32:15.7379503Z  5089 |   printf("c nb soft clauses: %d, of which %d unit, %d nonUnit and %llu empty\n",
2026-10-08T11:32:15.7380624Z       |                                                                   ~~~^
2026-10-08T11:32:15.7381488Z       |                                                                      |
2026-10-08T11:32:15.7382395Z       |                                                                      long long unsigned int
2026-10-08T11:32:15.7383644Z       |                                                                   %lu
2026-10-08T11:32:15.7384662Z  5090 |          softClauses.size(), nbUnitSoft, nbNonUnitSoft, solutionCost);
2026-10-08T11:32:15.7385681Z       |                                                         ~~~~~~~~~~~~  
2026-10-08T11:32:15.7386547Z       |                                                         |
2026-10-08T11:32:15.7387690Z       |                                                         uint64_t {aka long unsigned int}
2026-10-08T11:32:15.7401958Z src/solver/Solver.cc: In member function ‘void Minisat::Solver::printBestSolution() const’:
2026-10-08T11:32:15.7403939Z src/solver/Solver.cc:5240:49: warning: format ‘%llu’ expects argument of type ‘long long unsigned int’, but argument 2 has type ‘long unsigned int’ [-Wformat=]
2026-10-08T11:32:15.7405637Z  5240 |     printf("c   unsat soft clauses (search): %llu\n", bestSup);
2026-10-08T11:32:15.7406610Z       |                                              ~~~^     ~~~~~~~
2026-10-08T11:32:15.7407738Z       |                                                 |     |
2026-10-08T11:32:15.7408604Z       |                                                 |     long unsigned int
2026-10-08T11:32:15.7409790Z       |                                                 long long unsigned int
2026-10-08T11:32:15.7410616Z       |                                              %lu
2026-10-08T11:32:15.7412387Z src/solver/Solver.cc:5241:53: warning: format ‘%llu’ expects argument of type ‘long long unsigned int’, but argument 2 has type ‘uint64_t’ {aka ‘long unsigned int’} [-Wformat=]
2026-10-08T11:32:15.7414156Z  5241 |     printf("c   satisfied soft clauses (maxsat): %llu\n", maxsat);
2026-10-08T11:32:15.7415087Z       |                                                  ~~~^     ~~~~~~
2026-10-08T11:32:15.7415935Z       |                                                     |     |
2026-10-08T11:32:15.7416861Z       |                                                     |     uint64_t {aka long unsigned int}
2026-10-08T11:32:15.7418138Z       |                                                     long long unsigned int
2026-10-08T11:32:15.7419023Z       |                                                  %lu
2026-10-08T11:32:15.7420961Z src/solver/Solver.cc:5242:39: warning: format ‘%llu’ expects argument of type ‘long long unsigned int’, but argument 2 has type ‘uint64_t’ {aka ‘long unsigned int’} [-Wformat=]
2026-10-08T11:32:15.7422640Z  5242 |     printf("c   total weight cost: %llu\n", optimal);
2026-10-08T11:32:15.7423598Z       |                                    ~~~^     ~~~~~~~
2026-10-08T11:32:15.7424393Z       |                                       |     |
2026-10-08T11:32:15.7425221Z       |                                       |     uint64_t {aka long unsigned int}
2026-10-08T11:32:15.7426141Z       |                                       long long unsigned int
2026-10-08T11:32:15.7427195Z       |                                    %lu
2026-10-08T11:32:15.7428489Z src/solver/Solver.cc: In member function ‘void Minisat::Solver::checkSolution()’:
2026-10-08T11:32:15.7430511Z src/solver/Solver.cc:5258:15: warning: comparison of integer expressions of different signedness: ‘int’ and ‘uint64_t’ {aka ‘long unsigned int’} [-Wsign-compare]
2026-10-08T11:32:15.7432224Z  5258 |   if (nbFalse != falseLits.size()+fixedCostBySearch + relaxedCost)
2026-10-08T11:32:15.7433220Z       |       ~~~~~~~~^~~~~~~~~~~~~~~~~~~~~~~~~~~~~~~~~~~~~~~~~~~~~~~~~~~
2026-10-08T11:32:15.7435160Z src/solver/Solver.cc:5259:92: warning: format ‘%llu’ expects argument of type ‘long long unsigned int’, but argument 3 has type ‘uint64_t’ {aka ‘long unsigned int’} [-Wformat=]
2026-10-08T11:32:15.7437345Z  5259 |     printf("c **** error nb of false soft clauses real nbfalse: %d, recorded falseLits: %llu****\n",
2026-10-08T11:32:15.7438566Z       |                                                                                         ~~~^
2026-10-08T11:32:15.7439516Z       |                                                                                            |
2026-10-08T11:32:15.7440852Z       |                                                                                            long long unsigned int
2026-10-08T11:32:15.7441939Z       |                                                                                         %lu
2026-10-08T11:32:15.7443004Z  5260 |            nbFalse, falseLits.size()+fixedCostBySearch+relaxedCost);
2026-10-08T11:32:15.7444069Z       |                     ~~~~~~~~~~~~~~~~~~~~~~~~~~~~~~~~~~~~~~~~~~~~~~                          
2026-10-08T11:32:15.7445005Z       |                                                       |
2026-10-08T11:32:15.7445876Z       |                                                       uint64_t {aka long unsigned int}
2026-10-08T11:32:15.7447569Z src/solver/Solver.cc: In member function ‘void Minisat::Solver::partition()’:
2026-10-08T11:32:15.7449415Z src/solver/Solver.cc:5380:31: warning: comparison of integer expressions of different signedness: ‘unsigned int’ and ‘int’ [-Wsign-compare]
2026-10-08T11:32:15.7450920Z  5380 |         if (conflicted[var(q)]==iset.size()) {
2026-10-08T11:32:15.7452558Z src/solver/Solver.cc:5390:32: warning: comparison of integer expressions of different signedness: ‘unsigned int’ and ‘int’ [-Wsign-compare]
2026-10-08T11:32:15.7454277Z  5390 |         if (conflicted[var(q)] < iset.size())
2026-10-08T11:32:15.7455928Z src/solver/Solver.cc:5449:50: warning: comparison of integer expressions of different signedness: ‘unsigned int’ and ‘int’ [-Wsign-compare]
2026-10-08T11:32:15.7457692Z  5449 |         if (q != lit_Undef && conflicted[var(q)] == iset.size()) {
2026-10-08T11:32:15.7461359Z src/solver/Solver.cc:5514:38: warning: format ‘%llu’ expects argument of type ‘long long unsigned int’, but argument 3 has type ‘uint64_t’ {aka ‘long unsigned int’} [-Wformat=]
2026-10-08T11:32:15.7463077Z  5514 |   printf("c isets %d, derivedCost %llu\n", nbIsets, derivedCost);
2026-10-08T11:32:15.7463960Z       |                                   ~~~^              ~~~~~~~~~~~
2026-10-08T11:32:15.7464727Z       |                                      |              |
2026-10-08T11:32:15.7465527Z       |                                      |              uint64_t {aka long unsigned int}
2026-10-08T11:32:15.7466388Z       |                                      long long unsigned int
2026-10-08T11:32:15.7467344Z       |                                   %lu
2026-10-08T11:32:15.7490324Z src/solver/Solver.cc: In member function ‘Minisat::CRef Minisat::Solver::simplepropagateForLK()’:
2026-10-08T11:32:15.7492290Z src/solver/Solver.cc:5661:27: warning: comparison of integer expressions of different signedness: ‘unsigned int’ and ‘int’ [-Wsign-compare]
2026-10-08T11:32:15.7493778Z  5661 |         if (c.lastPoint() > c.size())
2026-10-08T11:32:15.7494621Z       |             ~~~~~~~~~~~~~~^~~~~~~~~~
2026-10-08T11:32:15.7496253Z src/solver/Solver.cc:5675:27: warning: comparison of integer expressions of different signedness: ‘int’ and ‘unsigned int’ [-Wsign-compare]
2026-10-08T11:32:15.7498021Z  5675 |         for (int k = 2; k < c.lastPoint(); k++) {
2026-10-08T11:32:15.7498848Z       |                         ~~^~~~~~~~~~~~~~~
2026-10-08T11:32:15.7562444Z src/solver/Solver.cc: In member function ‘void Minisat::Solver::addCardinalityConstraints()’:
2026-10-08T11:32:15.7564693Z src/solver/Solver.cc:6205:64: warning: format ‘%llu’ expects argument of type ‘long long unsigned int’, but argument 2 has type ‘uint64_t’ {aka ‘long unsigned int’} [-Wformat=]
2026-10-08T11:32:15.7566575Z  6205 |       printf("\nc Cardinality: off (soft-conflict only), UB %llu\n", UB);
2026-10-08T11:32:15.7567919Z       |                                                             ~~~^     ~~
2026-10-08T11:32:15.7568782Z       |                                                                |     |
2026-10-08T11:32:15.7569718Z       |                                                                |     uint64_t {aka long unsigned int}
2026-10-08T11:32:15.7570653Z       |                                                                long long unsigned int
2026-10-08T11:32:15.7571799Z       |                                                             %lu
2026-10-08T11:32:15.7573671Z src/solver/Solver.cc:6235:82: warning: comparison of integer expressions of different signedness: ‘int’ and ‘uint64_t’ {aka ‘long unsigned int’} [-Wsign-compare]
2026-10-08T11:32:15.7575518Z  6235 |   if (activeSoftLits.size() < 2 || UB - 1 - nbFalse < 1 || activeSoftLits.size() <= UB - 1 - nbFalse
2026-10-08T11:32:15.7576782Z       |                                                            ~~~~~~~~~~~~~~~~~~~~~~^~~~~~~~~~~~~~~~~~~
2026-10-08T11:32:15.7579025Z src/solver/Solver.cc:6254:46: warning: format ‘%llu’ expects argument of type ‘long long unsigned int’, but argument 4 has type ‘uint64_t’ {aka ‘long unsigned int’} [-Wformat=]
2026-10-08T11:32:15.7580922Z  6254 |   printf("\nc Cardinality: %d (%s) for UB %llu\n", cardinalityC.size(), enc, UB);
2026-10-08T11:32:15.7582039Z       |                                           ~~~^                               ~~
2026-10-08T11:32:15.7582960Z       |                                              |                               |
2026-10-08T11:32:15.7584295Z       |                                              long long unsigned int          uint64_t {aka long unsigned int}
2026-10-08T11:32:15.7585235Z       |                                           %lu
2026-10-08T11:32:15.7623217Z src/solver/Solver.cc: In member function ‘Minisat::lbool Minisat::Solver::solve_()’:
2026-10-08T11:32:15.7625336Z src/solver/Solver.cc:6639:79: warning: format ‘%llu’ expects argument of type ‘long long unsigned int’, but argument 5 has type ‘uint64_t’ {aka ‘long unsigned int’} [-Wformat=]
2026-10-08T11:32:15.7627516Z  6639 |     printf("c fixedCost %d, nbSatLits %d, totalFixedVars %d, objForSearch: %llu\n\n",
2026-10-08T11:32:15.7628672Z       |                                                                            ~~~^
2026-10-08T11:32:15.7629597Z       |                                                                               |
2026-10-08T11:32:15.7630501Z       |                                                                               long long unsigned int
2026-10-08T11:32:15.7631381Z       |                                                                            %lu
2026-10-08T11:32:15.7632237Z  6640 |                 fixedCost, nbSatLits, trail.size(), objForSearch);
2026-10-08T11:32:15.7633071Z       |                                                     ~~~~~~~~~~~~               
2026-10-08T11:32:15.7633841Z       |                                                     |
2026-10-08T11:32:15.7634704Z       |                                                     uint64_t {aka long unsigned int}
2026-10-08T11:32:15.7636710Z src/solver/Solver.cc:6668:35: warning: format ‘%llu’ expects argument of type ‘long long unsigned int’, but argument 2 has type ‘uint64_t’ {aka ‘long unsigned int’} [-Wformat=]
2026-10-08T11:32:15.7638632Z  6668 |         printf("c provided UB: %llu\n", providedUB);
2026-10-08T11:32:15.7639536Z       |                                ~~~^     ~~~~~~~~~~
2026-10-08T11:32:15.7640315Z       |                                   |     |
2026-10-08T11:32:15.7641165Z       |                                   |     uint64_t {aka long unsigned int}
2026-10-08T11:32:15.7641981Z       |                                   long long unsigned int
2026-10-08T11:32:15.7642657Z       |                                %lu
2026-10-08T11:32:15.7644306Z src/solver/Solver.cc:6671:54: warning: format ‘%llu’ expects argument of type ‘long long unsigned int’, but argument 2 has type ‘uint64_t’ {aka ‘long unsigned int’} [-Wformat=]
2026-10-08T11:32:15.7646719Z  6671 |         printf("c provided UB is invalide: initUB %llu, solCost %llu, costbySearch %llu, derivedCost %llu, relaxedCost: %llu\n", initUB, solutionCost, fixedCostBySearch, derivedCost, relaxedCost);
2026-10-08T11:32:15.7648815Z       |                                                   ~~~^                                                                           ~~~~~~
2026-10-08T11:32:15.7650264Z       |                                                      |                                                                           |
2026-10-08T11:32:15.7651620Z       |                                                      long long unsigned int                                                      uint64_t {aka long unsigned int}
2026-10-08T11:32:15.7652738Z       |                                                   %lu
2026-10-08T11:32:15.7654467Z src/solver/Solver.cc:6671:68: warning: format ‘%llu’ expects argument of type ‘long long unsigned int’, but argument 3 has type ‘uint64_t’ {aka ‘long unsigned int’} [-Wformat=]
2026-10-08T11:32:15.7656809Z  6671 |         printf("c provided UB is invalide: initUB %llu, solCost %llu, costbySearch %llu, derivedCost %llu, relaxedCost: %llu\n", initUB, solutionCost, fixedCostBySearch, derivedCost, relaxedCost);
2026-10-08T11:32:15.7658940Z       |                                                                 ~~~^                                                                     ~~~~~~~~~~~~
2026-10-08T11:32:15.7660046Z       |                                                                    |                                                                     |
2026-10-08T11:32:15.7661551Z       |                                                                    long long unsigned int                                                uint64_t {aka long unsigned int}
2026-10-08T11:32:15.7662626Z       |                                                                 %lu
2026-10-08T11:32:15.7664338Z src/solver/Solver.cc:6671:87: warning: format ‘%llu’ expects argument of type ‘long long unsigned int’, but argument 4 has type ‘uint64_t’ {aka ‘long unsigned int’} [-Wformat=]
2026-10-08T11:32:15.7666704Z  6671 |         printf("c provided UB is invalide: initUB %llu, solCost %llu, costbySearch %llu, derivedCost %llu, relaxedCost: %llu\n", initUB, solutionCost, fixedCostBySearch, derivedCost, relaxedCost);
2026-10-08T11:32:15.7668911Z       |                                                                                    ~~~^                                                                ~~~~~~~~~~~~~~~~~
2026-10-08T11:32:15.7670206Z       |                                                                                       |                                                                |
2026-10-08T11:32:15.7671537Z       |                                                                                       long long unsigned int                                           uint64_t {aka long unsigned int}
2026-10-08T11:32:15.7672702Z       |                                                                                    %lu
2026-10-08T11:32:15.7674540Z src/solver/Solver.cc:6671:105: warning: format ‘%llu’ expects argument of type ‘long long unsigned int’, but argument 5 has type ‘uint64_t’ {aka ‘long unsigned int’} [-Wformat=]
2026-10-08T11:32:15.7677287Z  6671 |         printf("c provided UB is invalide: initUB %llu, solCost %llu, costbySearch %llu, derivedCost %llu, relaxedCost: %llu\n", initUB, solutionCost, fixedCostBySearch, derivedCost, relaxedCost);
2026-10-08T11:32:15.7679256Z       |                                                                                                      ~~~^                                                                 ~~~~~~~~~~~
2026-10-08T11:32:15.7680569Z       |                                                                                                         |                                                                 |
2026-10-08T11:32:15.7682001Z       |                                                                                                         long long unsigned int                                            uint64_t {aka long unsigned int}
2026-10-08T11:32:15.7683377Z       |                                                                                                      %lu
2026-10-08T11:32:15.7685500Z src/solver/Solver.cc:6671:124: warning: format ‘%llu’ expects argument of type ‘long long unsigned int’, but argument 6 has type ‘uint64_t’ {aka ‘long unsigned int’} [-Wformat=]
2026-10-08T11:32:15.7688153Z  6671 |         printf("c provided UB is invalide: initUB %llu, solCost %llu, costbySearch %llu, derivedCost %llu, relaxedCost: %llu\n", initUB, solutionCost, fixedCostBySearch, derivedCost, relaxedCost);
2026-10-08T11:32:15.7690063Z       |                                                                                                                         ~~~^                                                           ~~~~~~~~~~~
2026-10-08T11:32:15.7691352Z       |                                                                                                                            |                                                           |
2026-10-08T11:32:15.7692780Z       |                                                                                                                            long long unsigned int                                      uint64_t {aka long unsigned int}
2026-10-08T11:32:15.7694186Z       |                                                                                                                         %lu
2026-10-08T11:32:15.7696333Z src/solver/Solver.cc:6693:58: warning: format ‘%llu’ expects argument of type ‘long long unsigned int’, but argument 2 has type ‘uint64_t’ {aka ‘long unsigned int’} [-Wformat=]
2026-10-08T11:32:15.7698397Z  6693 |       printf("c ends of initiationization by VSIDS at %llu conflicts with init %d\n\n",
2026-10-08T11:32:15.7699407Z       |                                                       ~~~^
2026-10-08T11:32:15.7700147Z       |                                                          |
2026-10-08T11:32:15.7700923Z       |                                                          long long unsigned int
2026-10-08T11:32:15.7701819Z       |                                                       %lu
2026-10-08T11:32:15.7702533Z  6694 |              conflicts, init);
2026-10-08T11:32:15.7703227Z       |              ~~~~~~~~~                                    
2026-10-08T11:32:15.7703958Z       |              |
2026-10-08T11:32:15.7704560Z       |              uint64_t {aka long unsigned int}
2026-10-08T11:32:15.7706303Z src/solver/Solver.cc:6723:50: warning: format ‘%llu’ expects argument of type ‘long long unsigned int’, but argument 3 has type ‘uint64_t’ {aka ‘long unsigned int’} [-Wformat=]
2026-10-08T11:32:15.7708324Z  6723 |           printf("c VSIDS phase %d: conflicts %llu, phase %llu, starts %llu, UP %llu\n",
2026-10-08T11:32:15.7709393Z       |                                               ~~~^
2026-10-08T11:32:15.7710183Z       |                                                  |
2026-10-08T11:32:15.7711021Z       |                                                  long long unsigned int
2026-10-08T11:32:15.7711895Z       |                                               %lu
2026-10-08T11:32:15.7712808Z  6724 |                  nbVSIDSphase, conflicts-savedConfl, phase_allotment,
2026-10-08T11:32:15.7713755Z       |                                ~~~~~~~~~~~~~~~~~~~~
2026-10-08T11:32:15.7714554Z       |                                         |
2026-10-08T11:32:15.7715640Z       |                                         uint64_t {aka long unsigned int}
2026-10-08T11:32:15.7717967Z src/solver/Solver.cc:6723:62: warning: format ‘%llu’ expects argument of type ‘long long unsigned int’, but argument 4 has type ‘uint64_t’ {aka ‘long unsigned int’} [-Wformat=]
2026-10-08T11:32:15.7719831Z  6723 |           printf("c VSIDS phase %d: conflicts %llu, phase %llu, starts %llu, UP %llu\n",
2026-10-08T11:32:15.7720892Z       |                                                           ~~~^
2026-10-08T11:32:15.7721967Z       |                                                              |
2026-10-08T11:32:15.7723076Z       |                                                              long long unsigned int
2026-10-08T11:32:15.7724357Z       |                                                           %lu
2026-10-08T11:32:15.7725820Z  6724 |                  nbVSIDSphase, conflicts-savedConfl, phase_allotment,
2026-10-08T11:32:15.7727276Z       |                                                      ~~~~~~~~~~~~~~~
2026-10-08T11:32:15.7728580Z       |                                                      |
2026-10-08T11:32:15.7729606Z       |                                                      uint64_t {aka long unsigned int}
2026-10-08T11:32:15.7748031Z src/solver/Solver.cc:6723:75: warning: format ‘%llu’ expects argument of type ‘long long unsigned int’, but argument 5 has type ‘uint64_t’ {aka ‘long unsigned int’} [-Wformat=]
2026-10-08T11:32:15.7750104Z  6723 |           printf("c VSIDS phase %d: conflicts %llu, phase %llu, starts %llu, UP %llu\n",
2026-10-08T11:32:15.7751224Z       |                                                                        ~~~^
2026-10-08T11:32:15.7752128Z       |                                                                           |
2026-10-08T11:32:15.7753119Z       |                                                                           long long unsigned int
2026-10-08T11:32:15.7754095Z       |                                                                        %lu
2026-10-08T11:32:15.7755441Z  6724 |                  nbVSIDSphase, conflicts-savedConfl, phase_allotment,
2026-10-08T11:32:15.7756418Z  6725 |                  starts-savedRestarts, propagations-savedUP);
2026-10-08T11:32:15.7757637Z       |                  ~~~~~~~~~~~~~~~~~~~~                                      
2026-10-08T11:32:15.7758480Z       |                        |
2026-10-08T11:32:15.7759208Z       |                        uint64_t {aka long unsigned int}
2026-10-08T11:32:15.7761132Z src/solver/Solver.cc:6723:84: warning: format ‘%llu’ expects argument of type ‘long long unsigned int’, but argument 6 has type ‘uint64_t’ {aka ‘long unsigned int’} [-Wformat=]
2026-10-08T11:32:15.7762973Z  6723 |           printf("c VSIDS phase %d: conflicts %llu, phase %llu, starts %llu, UP %llu\n",
2026-10-08T11:32:15.7764101Z       |                                                                                 ~~~^
2026-10-08T11:32:15.7765013Z       |                                                                                    |
2026-10-08T11:32:15.7766005Z       |                                                                                    long long unsigned int
2026-10-08T11:32:15.7767223Z       |                                                                                 %lu
2026-10-08T11:32:15.7768245Z  6724 |                  nbVSIDSphase, conflicts-savedConfl, phase_allotment,
2026-10-08T11:32:15.7769263Z  6725 |                  starts-savedRestarts, propagations-savedUP);
2026-10-08T11:32:15.7770212Z       |                                        ~~~~~~~~~~~~~~~~~~~~                         
2026-10-08T11:32:15.7771063Z       |                                                    |
2026-10-08T11:32:15.7771900Z       |                                                    uint64_t {aka long unsigned int}
2026-10-08T11:32:15.7773840Z src/solver/Solver.cc:6729:48: warning: format ‘%llu’ expects argument of type ‘long long unsigned int’, but argument 3 has type ‘uint64_t’ {aka ‘long unsigned int’} [-Wformat=]
2026-10-08T11:32:15.7775624Z  6729 |           printf("c LRB phase %d: conflicts %llu, phase %llu, starts %llu, UP %llu\n",
2026-10-08T11:32:15.7776572Z       |                                             ~~~^
2026-10-08T11:32:15.7777517Z       |                                                |
2026-10-08T11:32:15.7778262Z       |                                                long long unsigned int
2026-10-08T11:32:15.7779021Z       |                                             %lu
2026-10-08T11:32:15.7779822Z  6730 |                  nbLRBphase, conflicts-savedConfl, phase_allotment,
2026-10-08T11:32:15.7780723Z       |                              ~~~~~~~~~~~~~~~~~~~~
2026-10-08T11:32:15.7781450Z       |                                       |
2026-10-08T11:32:15.7782350Z       |                                       uint64_t {aka long unsigned int}
2026-10-08T11:32:15.7784222Z src/solver/Solver.cc:6729:60: warning: format ‘%llu’ expects argument of type ‘long long unsigned int’, but argument 4 has type ‘uint64_t’ {aka ‘long unsigned int’} [-Wformat=]
2026-10-08T11:32:15.7786058Z  6729 |           printf("c LRB phase %d: conflicts %llu, phase %llu, starts %llu, UP %llu\n",
2026-10-08T11:32:15.7787313Z       |                                                         ~~~^
2026-10-08T11:32:15.7788121Z       |                                                            |
2026-10-08T11:32:15.7788981Z       |                                                            long long unsigned int
2026-10-08T11:32:15.7789881Z       |                                                         %lu
2026-10-08T11:32:15.7790799Z  6730 |                  nbLRBphase, conflicts-savedConfl, phase_allotment,
2026-10-08T11:32:15.7791698Z       |                                                    ~~~~~~~~~~~~~~~
2026-10-08T11:32:15.7792522Z       |                                                    |
2026-10-08T11:32:15.7793419Z       |                                                    uint64_t {aka long unsigned int}
2026-10-08T11:32:15.7795694Z src/solver/Solver.cc:6729:73: warning: format ‘%llu’ expects argument of type ‘long long unsigned int’, but argument 5 has type ‘uint64_t’ {aka ‘long unsigned int’} [-Wformat=]
2026-10-08T11:32:15.7797784Z  6729 |           printf("c LRB phase %d: conflicts %llu, phase %llu, starts %llu, UP %llu\n",
2026-10-08T11:32:15.7798849Z       |                                                                      ~~~^
2026-10-08T11:32:15.7799835Z       |                                                                         |
2026-10-08T11:32:15.7800742Z       |                                                                         long long unsigned int
2026-10-08T11:32:15.7801705Z       |                                                                      %lu
2026-10-08T11:32:15.7802664Z  6730 |                  nbLRBphase, conflicts-savedConfl, phase_allotment,
2026-10-08T11:32:15.7803689Z  6731 |                  starts-savedRestarts, propagations-savedUP);
2026-10-08T11:32:15.7804639Z       |                  ~~~~~~~~~~~~~~~~~~~~                                    
2026-10-08T11:32:15.7805493Z       |                        |
2026-10-08T11:32:15.7806212Z       |                        uint64_t {aka long unsigned int}
2026-10-08T11:32:15.7808311Z src/solver/Solver.cc:6729:82: warning: format ‘%llu’ expects argument of type ‘long long unsigned int’, but argument 6 has type ‘uint64_t’ {aka ‘long unsigned int’} [-Wformat=]
2026-10-08T11:32:15.7810347Z  6729 |           printf("c LRB phase %d: conflicts %llu, phase %llu, starts %llu, UP %llu\n",
2026-10-08T11:32:15.7811472Z       |                                                                               ~~~^
2026-10-08T11:32:15.7812363Z       |                                                                                  |
2026-10-08T11:32:15.7813360Z       |                                                                                  long long unsigned int
2026-10-08T11:32:15.7814330Z       |                                                                               %lu
2026-10-08T11:32:15.7815300Z  6730 |                  nbLRBphase, conflicts-savedConfl, phase_allotment,
2026-10-08T11:32:15.7816346Z  6731 |                  starts-savedRestarts, propagations-savedUP);
2026-10-08T11:32:15.7817536Z       |                                        ~~~~~~~~~~~~~~~~~~~~                       
2026-10-08T11:32:15.7818423Z       |                                                    |
2026-10-08T11:32:15.7819263Z       |                                                    uint64_t {aka long unsigned int}
2026-10-08T11:32:15.7821141Z src/solver/Solver.cc:6776:25: warning: format ‘%llu’ expects argument of type ‘long long unsigned int’, but argument 2 has type ‘uint64_t’ {aka ‘long unsigned int’} [-Wformat=]
2026-10-08T11:32:15.7823375Z  6776 |         printf("c UB=%llu fails, cnfls=%llu, hcnfls=%llu, core %d, tier2 %d, local %d, quasiC: %llu (fixed: %llu)\n",
2026-10-08T11:32:15.7824561Z       |                      ~~~^
2026-10-08T11:32:15.7825253Z       |                         |
2026-10-08T11:32:15.7825977Z       |                         long long unsigned int
2026-10-08T11:32:15.7826719Z       |                      %lu
2026-10-08T11:32:15.7828418Z  6777 |                UB, conflicts, conflicts-softConflicts, learnts_core.size(), learnts_tier2.size(), learnts_local.size(), quasiSoftConflicts, fixedByQuasiConfl);
2026-10-08T11:32:15.7829897Z       |                ~~        
2026-10-08T11:32:15.7830580Z       |                |
2026-10-08T11:32:15.7831267Z       |                uint64_t {aka long unsigned int}
2026-10-08T11:32:15.7833126Z src/solver/Solver.cc:6776:43: warning: format ‘%llu’ expects argument of type ‘long long unsigned int’, but argument 3 has type ‘uint64_t’ {aka ‘long unsigned int’} [-Wformat=]
2026-10-08T11:32:15.7835117Z  6776 |         printf("c UB=%llu fails, cnfls=%llu, hcnfls=%llu, core %d, tier2 %d, local %d, quasiC: %llu (fixed: %llu)\n",
2026-10-08T11:32:15.7836531Z       |                                        ~~~^
2026-10-08T11:32:15.7837544Z       |                                           |
2026-10-08T11:32:15.7838382Z       |                                           long long unsigned int
2026-10-08T11:32:15.7839191Z       |                                        %lu
2026-10-08T11:32:15.7840683Z  6777 |                UB, conflicts, conflicts-softConflicts, learnts_core.size(), learnts_tier2.size(), learnts_local.size(), quasiSoftConflicts, fixedByQuasiConfl);
2026-10-08T11:32:15.7842156Z       |                    ~~~~~~~~~               
2026-10-08T11:32:15.7842880Z       |                    |
2026-10-08T11:32:15.7843605Z       |                    uint64_t {aka long unsigned int}
2026-10-08T11:32:15.7845490Z src/solver/Solver.cc:6776:56: warning: format ‘%llu’ expects argument of type ‘long long unsigned int’, but argument 4 has type ‘uint64_t’ {aka ‘long unsigned int’} [-Wformat=]
2026-10-08T11:32:15.7847752Z  6776 |         printf("c UB=%llu fails, cnfls=%llu, hcnfls=%llu, core %d, tier2 %d, local %d, quasiC: %llu (fixed: %llu)\n",
2026-10-08T11:32:15.7848979Z       |                                                     ~~~^
2026-10-08T11:32:15.7849802Z       |                                                        |
2026-10-08T11:32:15.7850622Z       |                                                        long long unsigned int
2026-10-08T11:32:15.7851503Z       |                                                     %lu
2026-10-08T11:32:15.7853017Z  6777 |                UB, conflicts, conflicts-softConflicts, learnts_core.size(), learnts_tier2.size(), learnts_local.size(), quasiSoftConflicts, fixedByQuasiConfl);
2026-10-08T11:32:15.7854532Z       |                               ~~~~~~~~~~~~~~~~~~~~~~~   
2026-10-08T11:32:15.7855430Z       |                                        |
2026-10-08T11:32:15.7856273Z       |                                        uint64_t {aka long unsigned int}
2026-10-08T11:32:15.7858450Z src/solver/Solver.cc:6776:99: warning: format ‘%llu’ expects argument of type ‘long long unsigned int’, but argument 8 has type ‘uint64_t’ {aka ‘long unsigned int’} [-Wformat=]
2026-10-08T11:32:15.7860465Z  6776 |         printf("c UB=%llu fails, cnfls=%llu, hcnfls=%llu, core %d, tier2 %d, local %d, quasiC: %llu (fixed: %llu)\n",
2026-10-08T11:32:15.7861723Z       |                                                                                                ~~~^
2026-10-08T11:32:15.7862678Z       |                                                                                                   |
2026-10-08T11:32:15.7863734Z       |                                                                                                   long long unsigned int
2026-10-08T11:32:15.7864810Z       |                                                                                                %lu
2026-10-08T11:32:15.7866677Z  6777 |                UB, conflicts, conflicts-softConflicts, learnts_core.size(), learnts_tier2.size(), learnts_local.size(), quasiSoftConflicts, fixedByQuasiConfl);
2026-10-08T11:32:15.7868656Z       |                                                                                                                         ~~~~~~~~~~~~~~~~~~
2026-10-08T11:32:15.7869760Z       |                                                                                                                         |
2026-10-08T11:32:15.7870972Z       |                                                                                                                         uint64_t {aka long unsigned int}
2026-10-08T11:32:15.7873079Z src/solver/Solver.cc:6776:112: warning: format ‘%llu’ expects argument of type ‘long long unsigned int’, but argument 9 has type ‘uint64_t’ {aka ‘long unsigned int’} [-Wformat=]
2026-10-08T11:32:15.7875075Z  6776 |         printf("c UB=%llu fails, cnfls=%llu, hcnfls=%llu, core %d, tier2 %d, local %d, quasiC: %llu (fixed: %llu)\n",
2026-10-08T11:32:15.7876444Z       |                                                                                                             ~~~^
2026-10-08T11:32:15.7878021Z       |                                                                                                                |
2026-10-08T11:32:15.7879139Z       |                                                                                                                long long unsigned int
2026-10-08T11:32:15.7880244Z       |                                                                                                             %lu
2026-10-08T11:32:15.7881886Z  6777 |                UB, conflicts, conflicts-softConflicts, learnts_core.size(), learnts_tier2.size(), learnts_local.size(), quasiSoftConflicts, fixedByQuasiConfl);
2026-10-08T11:32:15.7883736Z       |                                                                                                                                             ~~~~~~~~~~~~~~~~~
2026-10-08T11:32:15.7884946Z       |                                                                                                                                             |
2026-10-08T11:32:15.7886252Z       |                                                                                                                                             uint64_t {aka long unsigned int}
2026-10-08T11:32:15.7888669Z src/solver/Solver.cc:6778:72: warning: format ‘%llu’ expects argument of type ‘long long unsigned int’, but argument 5 has type ‘uint64_t’ {aka ‘long unsigned int’} [-Wformat=]
2026-10-08T11:32:15.7890886Z  6778 |         printf("c prunedLB %4.2f, dev %4.2f, succRate %4.2f, nbSucc %llu, nbHardens %d (fixed %llu), lk: %llu, shorten: %llu, pureSo %d, nbFlyRd %d, nbFixedLH %llu\n",
2026-10-08T11:32:15.7892360Z       |                                                                     ~~~^
2026-10-08T11:32:15.7893237Z       |                                                                        |
2026-10-08T11:32:15.7894175Z       |                                                                        long long unsigned int
2026-10-08T11:32:15.7895359Z       |                                                                     %lu
2026-10-08T11:32:15.7896300Z  6779 |                meanLB, dev, succRate,
2026-10-08T11:32:15.7897977Z  6780 |                nbLKsuccess-savednbLKsuccess, nbHardens, fixedByHardens, LOOKAHEAD-savedLOOKAHEAD, nbSavedLits, pureSoftConfl, nbFlyReduced, nbFixedByLH);
2026-10-08T11:32:15.7899570Z       |                ~~~~~~~~~~~~~~~~~~~~~~~~~~~~                             
2026-10-08T11:32:15.7900387Z       |                           |
2026-10-08T11:32:15.7901125Z       |                           uint64_t {aka long unsigned int}
2026-10-08T11:32:15.7903094Z src/solver/Solver.cc:6778:98: warning: format ‘%llu’ expects argument of type ‘long long unsigned int’, but argument 7 has type ‘uint64_t’ {aka ‘long unsigned int’} [-Wformat=]
2026-10-08T11:32:15.7905554Z  6778 |         printf("c prunedLB %4.2f, dev %4.2f, succRate %4.2f, nbSucc %llu, nbHardens %d (fixed %llu), lk: %llu, shorten: %llu, pureSo %d, nbFlyRd %d, nbFixedLH %llu\n",
2026-10-08T11:32:15.7907351Z       |                                                                                               ~~~^
2026-10-08T11:32:15.7908351Z       |                                                                                                  |
2026-10-08T11:32:15.7909393Z       |                                                                                                  long long unsigned int
2026-10-08T11:32:15.7910407Z       |                                                                                               %lu
2026-10-08T11:32:15.7911304Z  6779 |                meanLB, dev, succRate,
2026-10-08T11:32:15.7912786Z  6780 |                nbLKsuccess-savednbLKsuccess, nbHardens, fixedByHardens, LOOKAHEAD-savedLOOKAHEAD, nbSavedLits, pureSoftConfl, nbFlyReduced, nbFixedByLH);
2026-10-08T11:32:15.7914451Z       |                                                         ~~~~~~~~~~~~~~                            
2026-10-08T11:32:15.7915623Z       |                                                         |
2026-10-08T11:32:15.7916501Z       |                                                         uint64_t {aka long unsigned int}
2026-10-08T11:32:15.7918736Z src/solver/Solver.cc:6778:109: warning: format ‘%llu’ expects argument of type ‘long long unsigned int’, but argument 8 has type ‘uint64_t’ {aka ‘long unsigned int’} [-Wformat=]
2026-10-08T11:32:15.7920897Z  6778 |         printf("c prunedLB %4.2f, dev %4.2f, succRate %4.2f, nbSucc %llu, nbHardens %d (fixed %llu), lk: %llu, shorten: %llu, pureSo %d, nbFlyRd %d, nbFixedLH %llu\n",
2026-10-08T11:32:15.7922435Z       |                                                                                                          ~~~^
2026-10-08T11:32:15.7923421Z       |                                                                                                             |
2026-10-08T11:32:15.7924511Z       |                                                                                                             long long unsigned int
2026-10-08T11:32:15.7925612Z       |                                                                                                          %lu
2026-10-08T11:32:15.7926532Z  6779 |                meanLB, dev, succRate,
2026-10-08T11:32:15.7928295Z  6780 |                nbLKsuccess-savednbLKsuccess, nbHardens, fixedByHardens, LOOKAHEAD-savedLOOKAHEAD, nbSavedLits, pureSoftConfl, nbFlyReduced, nbFixedByLH);
2026-10-08T11:32:15.7929964Z       |                                                                         ~~~~~~~~~~~~~~~~~~~~~~~~             
2026-10-08T11:32:15.7930915Z       |                                                                                  |
2026-10-08T11:32:15.7931923Z       |                                                                                  uint64_t {aka long unsigned int}
2026-10-08T11:32:15.7933972Z src/solver/Solver.cc:6778:124: warning: format ‘%llu’ expects argument of type ‘long long unsigned int’, but argument 9 has type ‘uint64_t’ {aka ‘long unsigned int’} [-Wformat=]
2026-10-08T11:32:15.7936317Z  6778 |         printf("c prunedLB %4.2f, dev %4.2f, succRate %4.2f, nbSucc %llu, nbHardens %d (fixed %llu), lk: %llu, shorten: %llu, pureSo %d, nbFlyRd %d, nbFixedLH %llu\n",
2026-10-08T11:32:15.7938155Z       |                                                                                                                         ~~~^
2026-10-08T11:32:15.7939218Z       |                                                                                                                            |
2026-10-08T11:32:15.7940399Z       |                                                                                                                            long long unsigned int
2026-10-08T11:32:15.7941886Z       |                                                                                                                         %lu
2026-10-08T11:32:15.7942894Z  6779 |                meanLB, dev, succRate,
2026-10-08T11:32:15.7944393Z  6780 |                nbLKsuccess-savednbLKsuccess, nbHardens, fixedByHardens, LOOKAHEAD-savedLOOKAHEAD, nbSavedLits, pureSoftConfl, nbFlyReduced, nbFixedByLH);
2026-10-08T11:32:15.7946081Z       |                                                                                                   ~~~~~~~~~~~               
2026-10-08T11:32:15.7947440Z       |                                                                                                   |
2026-10-08T11:32:15.7948658Z       |                                                                                                   uint64_t {aka long unsigned int}
2026-10-08T11:32:15.7950738Z src/solver/Solver.cc:6778:163: warning: format ‘%llu’ expects argument of type ‘long long unsigned int’, but argument 12 has type ‘uint64_t’ {aka ‘long unsigned int’} [-Wformat=]
2026-10-08T11:32:15.7952983Z  6778 |         printf("c prunedLB %4.2f, dev %4.2f, succRate %4.2f, nbSucc %llu, nbHardens %d (fixed %llu), lk: %llu, shorten: %llu, pureSo %d, nbFlyRd %d, nbFixedLH %llu\n",
2026-10-08T11:32:15.7954937Z       |                                                                                                                                                                ~~~^
2026-10-08T11:32:15.7956220Z       |                                                                                                                                                                   |
2026-10-08T11:32:15.7957833Z       |                                                                                                                                                                   long long unsigned int
2026-10-08T11:32:15.7959180Z       |                                                                                                                                                                %lu
2026-10-08T11:32:15.7960241Z  6779 |                meanLB, dev, succRate,
2026-10-08T11:32:15.7961782Z  6780 |                nbLKsuccess-savednbLKsuccess, nbHardens, fixedByHardens, LOOKAHEAD-savedLOOKAHEAD, nbSavedLits, pureSoftConfl, nbFlyReduced, nbFixedByLH);
2026-10-08T11:32:15.7963596Z       |                                                                                                                                             ~~~~~~~~~~~            
2026-10-08T11:32:15.7964814Z       |                                                                                                                                             |
2026-10-08T11:32:15.7966066Z       |                                                                                                                                             uint64_t {aka long unsigned int}
2026-10-08T11:32:15.7968451Z src/solver/Solver.cc:6806:25: warning: format ‘%llu’ expects argument of type ‘long long unsigned int’, but argument 2 has type ‘uint64_t’ {aka ‘long unsigned int’} [-Wformat=]
2026-10-08T11:32:15.7970944Z  6806 |         printf("c UB=%llu succ, confls=%llu and hconfls=%llu with %d soft clauses unsat (%d at level 0) and %d fixed vars at level 0,  prunedLB %4.2f, dev %4.2f, succRate %4.2f, nbSucc %llu, shortened : %llu\n",
2026-10-08T11:32:15.7972625Z       |                      ~~~^
2026-10-08T11:32:15.7973300Z       |                         |
2026-10-08T11:32:15.7974009Z       |                         long long unsigned int
2026-10-08T11:32:15.7974759Z       |                      %lu
2026-10-08T11:32:15.7975749Z  6807 |                UB, conflicts, conflicts-softConflicts, falseLits.size(), nbFalses, nbFixeds,
2026-10-08T11:32:15.7976826Z       |                ~~        
2026-10-08T11:32:15.7977756Z       |                |
2026-10-08T11:32:15.7978438Z       |                uint64_t {aka long unsigned int}
2026-10-08T11:32:15.7980527Z src/solver/Solver.cc:6806:43: warning: format ‘%llu’ expects argument of type ‘long long unsigned int’, but argument 3 has type ‘uint64_t’ {aka ‘long unsigned int’} [-Wformat=]
2026-10-08T11:32:15.7983045Z  6806 |         printf("c UB=%llu succ, confls=%llu and hconfls=%llu with %d soft clauses unsat (%d at level 0) and %d fixed vars at level 0,  prunedLB %4.2f, dev %4.2f, succRate %4.2f, nbSucc %llu, shortened : %llu\n",
2026-10-08T11:32:15.7984752Z       |                                        ~~~^
2026-10-08T11:32:15.7985490Z       |                                           |
2026-10-08T11:32:15.7986319Z       |                                           long long unsigned int
2026-10-08T11:32:15.7987600Z       |                                        %lu
2026-10-08T11:32:15.7988735Z  6807 |                UB, conflicts, conflicts-softConflicts, falseLits.size(), nbFalses, nbFixeds,
2026-10-08T11:32:15.7989816Z       |                    ~~~~~~~~~               
2026-10-08T11:32:15.7990535Z       |                    |
2026-10-08T11:32:15.7991233Z       |                    uint64_t {aka long unsigned int}
2026-10-08T11:32:15.7993136Z src/solver/Solver.cc:6806:60: warning: format ‘%llu’ expects argument of type ‘long long unsigned int’, but argument 4 has type ‘uint64_t’ {aka ‘long unsigned int’} [-Wformat=]
2026-10-08T11:32:15.7995887Z  6806 |         printf("c UB=%llu succ, confls=%llu and hconfls=%llu with %d soft clauses unsat (%d at level 0) and %d fixed vars at level 0,  prunedLB %4.2f, dev %4.2f, succRate %4.2f, nbSucc %llu, shortened : %llu\n",
2026-10-08T11:32:15.7997874Z       |                                                         ~~~^
2026-10-08T11:32:15.7998805Z       |                                                            |
2026-10-08T11:32:15.7999701Z       |                                                            long long unsigned int
2026-10-08T11:32:15.8000588Z       |                                                         %lu
2026-10-08T11:32:15.8001678Z  6807 |                UB, conflicts, conflicts-softConflicts, falseLits.size(), nbFalses, nbFixeds,
2026-10-08T11:32:15.8002796Z       |                               ~~~~~~~~~~~~~~~~~~~~~~~       
2026-10-08T11:32:15.8003582Z       |                                        |
2026-10-08T11:32:15.8004408Z       |                                        uint64_t {aka long unsigned int}
2026-10-08T11:32:15.8006340Z src/solver/Solver.cc:6806:189: warning: format ‘%llu’ expects argument of type ‘long long unsigned int’, but argument 11 has type ‘uint64_t’ {aka ‘long unsigned int’} [-Wformat=]
2026-10-08T11:32:15.8009118Z  6806 |         printf("c UB=%llu succ, confls=%llu and hconfls=%llu with %d soft clauses unsat (%d at level 0) and %d fixed vars at level 0,  prunedLB %4.2f, dev %4.2f, succRate %4.2f, nbSucc %llu, shortened : %llu\n",
2026-10-08T11:32:15.8011882Z       |                                                                                                                                                                                          ~~~^
2026-10-08T11:32:15.8013330Z       |                                                                                                                                                                                             |
2026-10-08T11:32:15.8014735Z       |                                                                                                                                                                                             long long unsigned int
2026-10-08T11:32:15.8016227Z       |                                                                                                                                                                                          %lu
2026-10-08T11:32:15.8017889Z  6807 |                UB, conflicts, conflicts-softConflicts, falseLits.size(), nbFalses, nbFixeds,
2026-10-08T11:32:15.8019060Z  6808 |                meanLB, dev, succRate, nbLKsuccess, nbSavedLits);
2026-10-08T11:32:15.8020327Z       |                                       ~~~~~~~~~~~                                                                                                                                            
2026-10-08T11:32:15.8021703Z       |                                       |
2026-10-08T11:32:15.8022595Z       |                                       uint64_t {aka long unsigned int}
2026-10-08T11:32:15.8024585Z src/solver/Solver.cc:6806:207: warning: format ‘%llu’ expects argument of type ‘long long unsigned int’, but argument 12 has type ‘uint64_t’ {aka ‘long unsigned int’} [-Wformat=]
2026-10-08T11:32:15.8027330Z  6806 |         printf("c UB=%llu succ, confls=%llu and hconfls=%llu with %d soft clauses unsat (%d at level 0) and %d fixed vars at level 0,  prunedLB %4.2f, dev %4.2f, succRate %4.2f, nbSucc %llu, shortened : %llu\n",
2026-10-08T11:32:15.8029396Z       |                                                                                                                                                                                                            ~~~^
2026-10-08T11:32:15.8030971Z       |                                                                                                                                                                                                               |
2026-10-08T11:32:15.8032799Z       |                                                                                                                                                                                                               long long unsigned int
2026-10-08T11:32:15.8034355Z       |                                                                                                                                                                                                            %lu
2026-10-08T11:32:15.8035810Z  6807 |                UB, conflicts, conflicts-softConflicts, falseLits.size(), nbFalses, nbFixeds,
2026-10-08T11:32:15.8037286Z  6808 |                meanLB, dev, succRate, nbLKsuccess, nbSavedLits);
2026-10-08T11:32:15.8038602Z       |                                                    ~~~~~~~~~~~                                                                                                                                                 
2026-10-08T11:32:15.8039798Z       |                                                    |
2026-10-08T11:32:15.8040696Z       |                                                    uint64_t {aka long unsigned int}
2026-10-08T11:32:15.8042867Z src/solver/Solver.cc:6835:17: warning: comparison of integer expressions of different signedness: ‘uint64_t’ {aka ‘long unsigned int’} and ‘int’ [-Wsign-compare]
2026-10-08T11:32:15.8053405Z  6835 |         if (inf > falseLits.size())
2026-10-08T11:32:15.8054271Z       |             ~~~~^~~~~~~~~~~~~~~~~~
2026-10-08T11:32:15.8056139Z src/solver/Solver.cc:6843:34: warning: format ‘%llu’ expects argument of type ‘long long unsigned int’, but argument 2 has type ‘uint64_t’ {aka ‘long unsigned int’} [-Wformat=]
2026-10-08T11:32:15.8058223Z  6843 |       else printf("c error UB %llu, inf %llu, sup %llu\n", UB, inf, sup);
2026-10-08T11:32:15.8059505Z       |                               ~~~^                         ~~
2026-10-08T11:32:15.8060388Z       |                                  |                         |
2026-10-08T11:32:15.8061393Z       |                                  long long unsigned int    uint64_t {aka long unsigned int}
2026-10-08T11:32:15.8062298Z       |                               %lu
2026-10-08T11:32:15.8064050Z src/solver/Solver.cc:6843:44: warning: format ‘%llu’ expects argument of type ‘long long unsigned int’, but argument 3 has type ‘uint64_t’ {aka ‘long unsigned int’} [-Wformat=]
2026-10-08T11:32:15.8065849Z  6843 |       else printf("c error UB %llu, inf %llu, sup %llu\n", UB, inf, sup);
2026-10-08T11:32:15.8066873Z       |                                         ~~~^                   ~~~
2026-10-08T11:32:15.8068050Z       |                                            |                   |
2026-10-08T11:32:15.8068993Z       |                                            |                   uint64_t {aka long unsigned int}
2026-10-08T11:32:15.8070013Z       |                                            long long unsigned int
2026-10-08T11:32:15.8070865Z       |                                         %lu
2026-10-08T11:32:15.8073012Z src/solver/Solver.cc:6843:54: warning: format ‘%llu’ expects argument of type ‘long long unsigned int’, but argument 4 has type ‘uint64_t’ {aka ‘long unsigned int’} [-Wformat=]
2026-10-08T11:32:15.8075022Z  6843 |       else printf("c error UB %llu, inf %llu, sup %llu\n", UB, inf, sup);
2026-10-08T11:32:15.8076203Z       |                                                   ~~~^              ~~~
2026-10-08T11:32:15.8077599Z       |                                                      |              |
2026-10-08T11:32:15.8078688Z       |                                                      |              uint64_t {aka long unsigned int}
2026-10-08T11:32:15.8079781Z       |                                                      long long unsigned int
2026-10-08T11:32:15.8080686Z       |                                                   %lu
2026-10-08T11:32:15.8082767Z src/solver/Solver.cc:6865:57: warning: format ‘%llu’ expects argument of type ‘long long unsigned int’, but argument 2 has type ‘uint64_t’ {aka ‘long unsigned int’} [-Wformat=]
2026-10-08T11:32:15.8084895Z  6865 |       printf("c no feasible solution, hardConflicts: %llu\n", conflicts - softConflicts);
2026-10-08T11:32:15.8086238Z       |                                                      ~~~^     ~~~~~~~~~~~~~~~~~~~~~~~~~
2026-10-08T11:32:15.8087423Z       |                                                         |               |
2026-10-08T11:32:15.8088450Z       |                                                         |               uint64_t {aka long unsigned int}
2026-10-08T11:32:15.8089604Z       |                                                         long long unsigned int
2026-10-08T11:32:15.8090475Z       |                                                      %lu
2026-10-08T11:32:15.8092344Z src/solver/Solver.cc:6868:30: warning: format ‘%llu’ expects argument of type ‘long long unsigned int’, but argument 2 has type ‘uint64_t’ {aka ‘long unsigned int’} [-Wformat=]
2026-10-08T11:32:15.8094289Z  6868 |       printf("c initCost: %llu, fixedBySearch: %llu, optimal: %llu, maxsat: %llu, hardConflicts: %llu\n",
2026-10-08T11:32:15.8095417Z       |                           ~~~^
2026-10-08T11:32:15.8096067Z       |                              |
2026-10-08T11:32:15.8096750Z       |                              long long unsigned int
2026-10-08T11:32:15.8097723Z       |                           %lu
2026-10-08T11:32:15.8098407Z  6869 |              solutionCost, fixedCostBySearch,
2026-10-08T11:32:15.8099149Z       |              ~~~~~~~~~~~~     
2026-10-08T11:32:15.8099809Z       |              |
2026-10-08T11:32:15.8100451Z       |              uint64_t {aka long unsigned int}
2026-10-08T11:32:15.8102299Z src/solver/Solver.cc:6868:51: warning: format ‘%llu’ expects argument of type ‘long long unsigned int’, but argument 3 has type ‘uint64_t’ {aka ‘long unsigned int’} [-Wformat=]
2026-10-08T11:32:15.8104518Z  6868 |       printf("c initCost: %llu, fixedBySearch: %llu, optimal: %llu, maxsat: %llu, hardConflicts: %llu\n",
2026-10-08T11:32:15.8105747Z       |                                                ~~~^
2026-10-08T11:32:15.8106529Z       |                                                   |
2026-10-08T11:32:15.8107632Z       |                                                   long long unsigned int
2026-10-08T11:32:15.8108665Z       |                                                %lu
2026-10-08T11:32:15.8109692Z  6869 |              solutionCost, fixedCostBySearch,
2026-10-08T11:32:15.8110501Z       |                            ~~~~~~~~~~~~~~~~~       
2026-10-08T11:32:15.8111241Z       |                            |
2026-10-08T11:32:15.8111979Z       |                            uint64_t {aka long unsigned int}
2026-10-08T11:32:15.8113878Z src/solver/Solver.cc:6868:66: warning: format ‘%llu’ expects argument of type ‘long long unsigned int’, but argument 4 has type ‘uint64_t’ {aka ‘long unsigned int’} [-Wformat=]
2026-10-08T11:32:15.8115802Z  6868 |       printf("c initCost: %llu, fixedBySearch: %llu, optimal: %llu, maxsat: %llu, hardConflicts: %llu\n",
2026-10-08T11:32:15.8117629Z       |                                                               ~~~^
2026-10-08T11:32:15.8118433Z       |                                                                  |
2026-10-08T11:32:15.8119282Z       |                                                                  long long unsigned int
2026-10-08T11:32:15.8120123Z       |                                                               %lu
2026-10-08T11:32:15.8120928Z  6869 |              solutionCost, fixedCostBySearch,
2026-10-08T11:32:15.8121664Z  6870 |              lastOptimalCost,
2026-10-08T11:32:15.8122354Z       |              ~~~~~~~~~~~~~~~                                      
2026-10-08T11:32:15.8123100Z       |              |
2026-10-08T11:32:15.8123769Z       |              uint64_t {aka long unsigned int}
2026-10-08T11:32:15.8125640Z src/solver/Solver.cc:6868:80: warning: format ‘%llu’ expects argument of type ‘long long unsigned int’, but argument 5 has type ‘uint64_t’ {aka ‘long unsigned int’} [-Wformat=]
2026-10-08T11:32:15.8127857Z  6868 |       printf("c initCost: %llu, fixedBySearch: %llu, optimal: %llu, maxsat: %llu, hardConflicts: %llu\n",
2026-10-08T11:32:15.8129091Z       |                                                                             ~~~^
2026-10-08T11:32:15.8129986Z       |                                                                                |
2026-10-08T11:32:15.8130957Z       |                                                                                long long unsigned int
2026-10-08T11:32:15.8131929Z       |                                                                             %lu
2026-10-08T11:32:15.8132742Z ......
2026-10-08T11:32:15.8133509Z  6871 |              objForSearch-sup + nbSatLits, conflicts - softConflicts);
2026-10-08T11:32:15.8134566Z       |              ~~~~~~~~~~~~~~~~~~~~~~~~~~~~                                       
2026-10-08T11:32:15.8135404Z       |                               |
2026-10-08T11:32:15.8136201Z       |                               uint64_t {aka long unsigned int}
2026-10-08T11:32:15.8138342Z src/solver/Solver.cc:6868:101: warning: format ‘%llu’ expects argument of type ‘long long unsigned int’, but argument 6 has type ‘uint64_t’ {aka ‘long unsigned int’} [-Wformat=]
2026-10-08T11:32:15.8140287Z  6868 |       printf("c initCost: %llu, fixedBySearch: %llu, optimal: %llu, maxsat: %llu, hardConflicts: %llu\n",
2026-10-08T11:32:15.8141595Z       |                                                                                                  ~~~^
2026-10-08T11:32:15.8142632Z       |                                                                                                     |
2026-10-08T11:32:15.8143539Z       |                                                                                                     long long unsigned int
2026-10-08T11:32:15.8144692Z       |                                                                                                  %lu
2026-10-08T11:32:15.8145355Z ......
2026-10-08T11:32:15.8145906Z  6871 |              objForSearch-sup + nbSatLits, conflicts - softConflicts);
2026-10-08T11:32:15.8146740Z       |                                            ~~~~~~~~~~~~~~~~~~~~~~~~~                                 
2026-10-08T11:32:15.8147747Z       |                                                      |
2026-10-08T11:32:15.8148396Z       |                                                      uint64_t {aka long unsigned int}
2026-10-08T11:32:15.8150134Z src/solver/Solver.cc:6873:24: warning: format ‘%llu’ expects argument of type ‘long long unsigned int’, but argument 2 has type ‘uint64_t’ {aka ‘long unsigned int’} [-Wformat=]
2026-10-08T11:32:15.8151888Z  6873 |     printf("c nbLK: %llu, nbSuccLK: %llu(%4.2f%%), nbLKup: %llu(%4.2f%%), hardens %u (fixed %llu), dynVars %d, shorten: %llu\n",
2026-10-08T11:32:15.8152852Z       |                     ~~~^
2026-10-08T11:32:15.8153277Z       |                        |
2026-10-08T11:32:15.8154047Z       |                        long long unsigned int
2026-10-08T11:32:15.8154563Z       |                     %lu
2026-10-08T11:32:15.8155235Z  6874 |            LOOKAHEAD, nbLKsuccess, 100.0*nbLKsuccess/LOOKAHEAD, lk_propagations,
2026-10-08T11:32:15.8155951Z       |            ~~~~~~~~~    
2026-10-08T11:32:15.8156369Z       |            |
2026-10-08T11:32:15.8156774Z       |            uint64_t {aka long unsigned int}
2026-10-08T11:32:15.8158665Z src/solver/Solver.cc:6873:40: warning: format ‘%llu’ expects argument of type ‘long long unsigned int’, but argument 3 has type ‘uint64_t’ {aka ‘long unsigned int’} [-Wformat=]
2026-10-08T11:32:15.8160428Z  6873 |     printf("c nbLK: %llu, nbSuccLK: %llu(%4.2f%%), nbLKup: %llu(%4.2f%%), hardens %u (fixed %llu), dynVars %d, shorten: %llu\n",
2026-10-08T11:32:15.8161382Z       |                                     ~~~^
2026-10-08T11:32:15.8161900Z       |                                        |
2026-10-08T11:32:15.8162450Z       |                                        long long unsigned int
2026-10-08T11:32:15.8163027Z       |                                     %lu
2026-10-08T11:32:15.8163754Z  6874 |            LOOKAHEAD, nbLKsuccess, 100.0*nbLKsuccess/LOOKAHEAD, lk_propagations,
2026-10-08T11:32:15.8164504Z       |                       ~~~~~~~~~~~       
2026-10-08T11:32:15.8164964Z       |                       |
2026-10-08T11:32:15.8165424Z       |                       uint64_t {aka long unsigned int}
2026-10-08T11:32:15.8167296Z src/solver/Solver.cc:6873:63: warning: format ‘%llu’ expects argument of type ‘long long unsigned int’, but argument 5 has type ‘uint64_t’ {aka ‘long unsigned int’} [-Wformat=]
2026-10-08T11:32:15.8169251Z  6873 |     printf("c nbLK: %llu, nbSuccLK: %llu(%4.2f%%), nbLKup: %llu(%4.2f%%), hardens %u (fixed %llu), dynVars %d, shorten: %llu\n",
2026-10-08T11:32:15.8170251Z       |                                                            ~~~^
2026-10-08T11:32:15.8170828Z       |                                                               |
2026-10-08T11:32:15.8171468Z       |                                                               long long unsigned int
2026-10-08T11:32:15.8172113Z       |                                                            %lu
2026-10-08T11:32:15.8172903Z  6874 |            LOOKAHEAD, nbLKsuccess, 100.0*nbLKsuccess/LOOKAHEAD, lk_propagations,
2026-10-08T11:32:15.8173723Z       |                                                                 ~~~~~~~~~~~~~~~
2026-10-08T11:32:15.8174348Z       |                                                                 |
2026-10-08T11:32:15.8175016Z       |                                                                 uint64_t {aka long unsigned int}
2026-10-08T11:32:15.8176709Z src/solver/Solver.cc:6873:96: warning: format ‘%llu’ expects argument of type ‘long long unsigned int’, but argument 8 has type ‘uint64_t’ {aka ‘long unsigned int’} [-Wformat=]
2026-10-08T11:32:15.8178971Z  6873 |     printf("c nbLK: %llu, nbSuccLK: %llu(%4.2f%%), nbLKup: %llu(%4.2f%%), hardens %u (fixed %llu), dynVars %d, shorten: %llu\n",
2026-10-08T11:32:15.8180116Z       |                                                                                             ~~~^
2026-10-08T11:32:15.8180831Z       |                                                                                                |
2026-10-08T11:32:15.8181605Z       |                                                                                                long long unsigned int
2026-10-08T11:32:15.8182373Z       |                                                                                             %lu
2026-10-08T11:32:15.8183227Z  6874 |            LOOKAHEAD, nbLKsuccess, 100.0*nbLKsuccess/LOOKAHEAD, lk_propagations,
2026-10-08T11:32:15.8184405Z  6875 |            100.0*lk_propagations/propagations, nbHardens, fixedByHardens, nVars()-staticNbVars, nbSavedLits);
2026-10-08T11:32:15.8185472Z       |                                                           ~~~~~~~~~~~~~~                        
2026-10-08T11:32:15.8186390Z       |                                                           |
2026-10-08T11:32:15.8187334Z       |                                                           uint64_t {aka long unsigned int}
2026-10-08T11:32:15.8189096Z src/solver/Solver.cc:6873:124: warning: format ‘%llu’ expects argument of type ‘long long unsigned int’, but argument 10 has type ‘uint64_t’ {aka ‘long unsigned int’} [-Wformat=]
2026-10-08T11:32:15.8190869Z  6873 |     printf("c nbLK: %llu, nbSuccLK: %llu(%4.2f%%), nbLKup: %llu(%4.2f%%), hardens %u (fixed %llu), dynVars %d, shorten: %llu\n",
2026-10-08T11:32:15.8192073Z       |                                                                                                                         ~~~^
2026-10-08T11:32:15.8192933Z       |                                                                                                                            |
2026-10-08T11:32:15.8193873Z       |                                                                                                                            long long unsigned int
2026-10-08T11:32:15.8194816Z       |                                                                                                                         %lu
2026-10-08T11:32:15.8195798Z  6874 |            LOOKAHEAD, nbLKsuccess, 100.0*nbLKsuccess/LOOKAHEAD, lk_propagations,
2026-10-08T11:32:15.8197374Z  6875 |            100.0*lk_propagations/propagations, nbHardens, fixedByHardens, nVars()-staticNbVars, nbSavedLits);
2026-10-08T11:32:15.8198522Z       |                                                                                                 ~~~~~~~~~~~                 
2026-10-08T11:32:15.8199358Z       |                                                                                                 |
2026-10-08T11:32:15.8200196Z       |                                                                                                 uint64_t {aka long unsigned int}
2026-10-08T11:32:15.8345734Z In file included from src/solver/mtl/Sort.h:24,
2026-10-08T11:32:15.8346423Z                  from src/solver/Solver.cc:106:
2026-10-08T11:32:15.8348281Z src/solver/mtl/Vec.h: In instantiation of ‘void Minisat::vec<T>::capacity(int) [with T = Minisat::vec<Minisat::Solver::Watcher>]’:
2026-10-08T11:32:15.8350155Z src/solver/mtl/Vec.h:115:13:   required from ‘void Minisat::vec<T>::growTo(int) [with T = Minisat::vec<Minisat::Solver::Watcher>]’
2026-10-08T11:32:15.8352616Z src/solver/SolverTypes.h:339:50:   required from ‘void Minisat::OccLists<Idx, Vec, Deleted>::init(const Idx&) [with Idx = Minisat::Lit; Vec = Minisat::vec<Minisat::Solver::Watcher>; Deleted = Minisat::Solver::WatcherDeleted]’
2026-10-08T11:32:15.8354267Z src/solver/Solver.cc:1273:21:   required from here
2026-10-08T11:32:15.8356764Z src/solver/mtl/Vec.h:99:54: warning: ‘void* realloc(void*, size_t)’ moving an object of non-trivially copyable type ‘class Minisat::vec<Minisat::Solver::Watcher>’; use ‘new’ and ‘delete’ instead [-Wclass-memaccess]
2026-10-08T11:32:15.8359016Z    99 |     if (add > INT_MAX - cap || ((data = (T*)::realloc(data, (cap += add) * sizeof(T))) == NULL) && errno == ENOMEM)
2026-10-08T11:32:15.8360082Z       |                                             ~~~~~~~~~^~~~~~~~~~~~~~~~~~~~~~~~~~~~~~~~
2026-10-08T11:32:15.8361235Z src/solver/mtl/Vec.h:38:7: note: ‘class Minisat::vec<Minisat::Solver::Watcher>’ declared here
2026-10-08T11:32:15.8361979Z    38 | class vec {
2026-10-08T11:32:15.8362316Z       |       ^~~
2026-10-08T11:32:15.8363372Z src/solver/mtl/Vec.h: In instantiation of ‘void Minisat::vec<T>::capacity(int) [with T = Minisat::vec<Minisat::Lit>]’:
2026-10-08T11:32:15.8364969Z src/solver/mtl/Vec.h:115:13:   required from ‘void Minisat::vec<T>::growTo(int) [with T = Minisat::vec<Minisat::Lit>]’
2026-10-08T11:32:15.8366826Z src/solver/Solver.h:72:50:   required from ‘void Minisat::vec2<Idx, Vec>::init(const Idx&) [with Idx = Minisat::Lit; Vec = Minisat::vec<Minisat::Lit>]’
2026-10-08T11:32:15.8368299Z src/solver/Solver.cc:1313:22:   required from here
2026-10-08T11:32:15.8370533Z src/solver/mtl/Vec.h:99:54: warning: ‘void* realloc(void*, size_t)’ moving an object of non-trivially copyable type ‘class Minisat::vec<Minisat::Lit>’; use ‘new’ and ‘delete’ instead [-Wclass-memaccess]
2026-10-08T11:32:15.8372347Z    99 |     if (add > INT_MAX - cap || ((data = (T*)::realloc(data, (cap += add) * sizeof(T))) == NULL) && errno == ENOMEM)
2026-10-08T11:32:15.8373289Z       |                                             ~~~~~~~~~^~~~~~~~~~~~~~~~~~~~~~~~~~~~~~~~
2026-10-08T11:32:15.8374357Z src/solver/mtl/Vec.h:38:7: note: ‘class Minisat::vec<Minisat::Lit>’ declared here
2026-10-08T11:32:15.8375078Z    38 | class vec {
2026-10-08T11:32:15.8375429Z       |       ^~~
2026-10-08T11:32:15.8376440Z src/solver/mtl/Vec.h: In instantiation of ‘void Minisat::vec<T>::capacity(int) [with T = Minisat::vec<int>]’:
2026-10-08T11:32:15.8378311Z src/solver/mtl/Vec.h:115:13:   required from ‘void Minisat::vec<T>::growTo(int) [with T = Minisat::vec<int>]’
2026-10-08T11:32:15.8379979Z src/solver/Solver.h:72:50:   required from ‘void Minisat::vec2<Idx, Vec>::init(const Idx&) [with Idx = int; Vec = Minisat::vec<int>]’
2026-10-08T11:32:15.8381029Z src/solver/Solver.cc:4251:13:   required from here
2026-10-08T11:32:15.8382834Z src/solver/mtl/Vec.h:99:54: warning: ‘void* realloc(void*, size_t)’ moving an object of non-trivially copyable type ‘class Minisat::vec<int>’; use ‘new’ and ‘delete’ instead [-Wclass-memaccess]
2026-10-08T11:32:15.8384622Z    99 |     if (add > INT_MAX - cap || ((data = (T*)::realloc(data, (cap += add) * sizeof(T))) == NULL) && errno == ENOMEM)
2026-10-08T11:32:15.8385560Z       |                                             ~~~~~~~~~^~~~~~~~~~~~~~~~~~~~~~~~~~~~~~~~
2026-10-08T11:32:15.8386553Z src/solver/mtl/Vec.h:38:7: note: ‘class Minisat::vec<int>’ declared here
2026-10-08T11:32:15.8387494Z    38 | class vec {
2026-10-08T11:32:15.8387847Z       |       ^~~
2026-10-08T11:32:15.8808410Z src/solver/Solver.cc: In member function ‘void Minisat::Solver::emitBoundsUpdate()’:
2026-10-08T11:32:15.8810338Z src/solver/Solver.cc:5205:24: warning: ignoring return value of ‘ssize_t write(int, const void*, size_t)’ declared with attribute ‘warn_unused_result’ [-Wunused-result]
2026-10-08T11:32:15.8811727Z  5205 |             (void)write(bounds_pipe_w, buf, (size_t)n);
2026-10-08T11:32:15.8812342Z       |                   ~~~~~^~~~~~~~~~~~~~~~~~~~~~~~~~~~~~~
2026-10-08T11:32:15.8813866Z src/solver/Solver.cc:5211:24: warning: ignoring return value of ‘ssize_t write(int, const void*, size_t)’ declared with attribute ‘warn_unused_result’ [-Wunused-result]
2026-10-08T11:32:15.8815163Z  5211 |             (void)write(bounds_pipe_w, buf, (size_t)n);
2026-10-08T11:32:15.8815748Z       |                   ~~~~~^~~~~~~~~~~~~~~~~~~~~~~~~~~~~~~
2026-10-08T11:32:15.8816753Z src/solver/Solver.cc: In member function ‘void Minisat::Solver::emitTryUpdate(uint64_t)’:
2026-10-08T11:32:15.8819174Z src/solver/Solver.cc:5221:20: warning: ignoring return value of ‘ssize_t write(int, const void*, size_t)’ declared with attribute ‘warn_unused_result’ [-Wunused-result]
2026-10-08T11:32:15.8820549Z  5221 |         (void)write(bounds_pipe_w, buf, (size_t)n);
2026-10-08T11:32:15.8821144Z       |               ~~~~~^~~~~~~~~~~~~~~~~~~~~~~~~~~~~~~
2026-10-08T11:32:18.5713831Z In file included from src/solver/Solver.h:54:
2026-10-08T11:32:18.5715203Z In function ‘Minisat::Lit Minisat::operator~(Lit)’,
2026-10-08T11:32:18.5717349Z     inlined from ‘void Minisat::Solver::analyze(Minisat::CRef, Minisat::vec<Minisat::Lit>&, int&, int&)’ at src/solver/Solver.cc:1758:22:
2026-10-08T11:32:18.5719346Z src/solver/SolverTypes.h:73:64: warning: ‘p.Minisat::Lit::x’ may be used uninitialized [-Wmaybe-uninitialized]
2026-10-08T11:32:18.5720178Z    73 | inline  Lit  operator ~(Lit p)              { Lit q; q.x = p.x ^ 1; return q; }
2026-10-08T11:32:18.5720733Z       |                                                            ~~~~^~~
2026-10-08T11:32:18.5721709Z src/solver/Solver.cc: In member function ‘void Minisat::Solver::analyze(Minisat::CRef, Minisat::vec<Minisat::Lit>&, int&, int&)’:
2026-10-08T11:32:18.5723055Z src/solver/Solver.cc:1672:9: note: ‘p.Minisat::Lit::x’ was declared here
2026-10-08T11:32:18.5723552Z  1672 |     Lit p; //     = lit_Undef;
2026-10-08T11:32:18.5723873Z       |         ^
2026-10-08T11:32:18.6712247Z In function ‘Minisat::Lit Minisat::operator~(Lit)’,
2026-10-08T11:32:18.6714120Z     inlined from ‘void Minisat::Solver::analyzeQuasiSoftConflict(Minisat::vec<Minisat::Lit>&, int&, int&)’ at src/solver/Solver.cc:4665:22:
2026-10-08T11:32:18.6716312Z src/solver/SolverTypes.h:73:64: warning: ‘p.Minisat::Lit::x’ may be used uninitialized [-Wmaybe-uninitialized]
2026-10-08T11:32:18.6717849Z    73 | inline  Lit  operator ~(Lit p)              { Lit q; q.x = p.x ^ 1; return q; }
2026-10-08T11:32:18.6718476Z       |                                                            ~~~~^~~
2026-10-08T11:32:18.6719664Z src/solver/Solver.cc: In member function ‘void Minisat::Solver::analyzeQuasiSoftConflict(Minisat::vec<Minisat::Lit>&, int&, int&)’:
2026-10-08T11:32:18.6720727Z src/solver/Solver.cc:4493:9: note: ‘p.Minisat::Lit::x’ was declared here
2026-10-08T11:32:18.6721192Z  4493 |     Lit p;
2026-10-08T11:32:18.6721441Z       |         ^
2026-10-08T11:32:18.7715855Z In function ‘Minisat::Lit Minisat::operator~(Lit)’,
2026-10-08T11:32:18.7717852Z     inlined from ‘void Minisat::Solver::analyzeSoftConflict(Minisat::vec<Minisat::Lit>&, int&, int&)’ at src/solver/Solver.cc:2397:22:
2026-10-08T11:32:18.7719901Z src/solver/SolverTypes.h:73:64: warning: ‘p.Minisat::Lit::x’ may be used uninitialized [-Wmaybe-uninitialized]
2026-10-08T11:32:18.7721008Z    73 | inline  Lit  operator ~(Lit p)              { Lit q; q.x = p.x ^ 1; return q; }
2026-10-08T11:32:18.7721564Z       |                                                            ~~~~^~~
2026-10-08T11:32:18.7722533Z src/solver/Solver.cc: In member function ‘void Minisat::Solver::analyzeSoftConflict(Minisat::vec<Minisat::Lit>&, int&, int&)’:
2026-10-08T11:32:18.7723424Z src/solver/Solver.cc:2194:9: note: ‘p.Minisat::Lit::x’ was declared here
2026-10-08T11:32:18.7723864Z  2194 |     Lit p;
2026-10-08T11:32:18.7724091Z       |         ^
2026-10-08T11:32:21.6957968Z g++ -Isrc/solver -Wall -Wno-parentheses -O3 -g -D __STDC_LIMIT_MACROS -D __STDC_FORMAT_MACROS -DNDEBUG -o bin/distqldpc src/core/distqldpc.cc build/SimpSolver.o build/Solver.o build/Options.o build/System.o -lz
2026-10-08T11:32:21.6961244Z g++ -Isrc/solver -Wall -Wno-parentheses -O3 -g -D __STDC_LIMIT_MACROS -D __STDC_FORMAT_MACROS -DNDEBUG -o bin/maxcdcl src/solver/Main.cc build/SimpSolver.o build/Solver.o build/Options.o build/System.o -lz
2026-10-08T11:32:21.7413130Z In file included from src/solver/Main.cc:51:
2026-10-08T11:32:21.7414431Z src/solver/utils/Options.h:285:29: warning: invalid suffix on literal; C++11 requires a space between literal and string macro [-Wliteral-suffix]
2026-10-08T11:32:21.7416068Z   285 |             fprintf(stderr, "%4"PRIi64, range.begin);
2026-10-08T11:32:21.7416719Z       |                             ^
2026-10-08T11:32:21.7418102Z src/solver/utils/Options.h:291:29: warning: invalid suffix on literal; C++11 requires a space between literal and string macro [-Wliteral-suffix]
2026-10-08T11:32:21.7419429Z   291 |             fprintf(stderr, "%4"PRIi64, range.end);
2026-10-08T11:32:21.7420064Z       |                             ^
2026-10-08T11:32:21.7421193Z src/solver/utils/Options.h:293:25: warning: invalid suffix on literal; C++11 requires a space between literal and string macro [-Wliteral-suffix]
2026-10-08T11:32:21.7422443Z   293 |         fprintf(stderr, "] (default: %"PRIi64")\n", value);
2026-10-08T11:32:21.7423071Z       |                         ^
2026-10-08T11:32:21.7432253Z src/solver/Main.cc:84:16: warning: invalid suffix on literal; C++11 requires a space between literal and string macro [-Wliteral-suffix]
2026-10-08T11:32:21.7433465Z    84 |         printf("c restarts              : %"PRIu64"\n", solver.starts);
2026-10-08T11:32:21.7434070Z       |                ^
2026-10-08T11:32:21.7434975Z src/solver/Main.cc:85:16: warning: invalid suffix on literal; C++11 requires a space between literal and string macro [-Wliteral-suffix]
2026-10-08T11:32:21.7436611Z    85 |         printf("c conflicts             : %-12"PRIu64"   (%.0f /sec)\n", solver.conflicts, solver.conflicts / cpu_time);
2026-10-08T11:32:21.7437657Z       |                ^
2026-10-08T11:32:21.7438564Z src/solver/Main.cc:86:16: warning: invalid suffix on literal; C++11 requires a space between literal and string macro [-Wliteral-suffix]
2026-10-08T11:32:21.7440389Z    86 |         printf("c decisions             : %-12"PRIu64"   (%4.2f %% random) (%.0f /sec)\n", solver.decisions, (float)solver.rnd_decisions * 100 / (float)solver.decisions, solver.decisions / cpu_time);
2026-10-08T11:32:21.7441650Z       |                ^
2026-10-08T11:32:21.7442564Z src/solver/Main.cc:87:16: warning: invalid suffix on literal; C++11 requires a space between literal and string macro [-Wliteral-suffix]
2026-10-08T11:32:21.7443986Z    87 |         printf("c propagations          : %-12"PRIu64"   (%.0f /sec)\n", solver.propagations, solver.propagations / cpu_time);
2026-10-08T11:32:21.7444865Z       |                ^
2026-10-08T11:32:21.7445751Z src/solver/Main.cc:88:16: warning: invalid suffix on literal; C++11 requires a space between literal and string macro [-Wliteral-suffix]
2026-10-08T11:32:21.7447719Z    88 |         printf("c conflict literals     : %-12"PRIu64"   (%4.2f %% deleted)\n", solver.tot_literals, (solver.max_literals - solver.tot_literals) * 100 / (double)solver.max_literals);
2026-10-08T11:32:21.7448928Z       |                ^
2026-10-08T11:32:21.7449827Z src/solver/Main.cc:93:16: warning: invalid suffix on literal; C++11 requires a space between literal and string macro [-Wliteral-suffix]
2026-10-08T11:32:21.7451035Z    93 |         printf("c s_propagations        : %-12"PRIu64"\n", solver.s_propagations);
2026-10-08T11:32:21.7451704Z       |                ^
2026-10-08T11:32:21.7552936Z In file included from src/solver/Solver.h:53,
2026-10-08T11:32:21.7553548Z                  from src/solver/SimpSolver.h:37,
2026-10-08T11:32:21.7554092Z                  from src/core/distqldpc.cc:40:
2026-10-08T11:32:21.7555247Z src/solver/utils/Options.h:285:29: warning: invalid suffix on literal; C++11 requires a space between literal and string macro [-Wliteral-suffix]
2026-10-08T11:32:21.7556387Z   285 |             fprintf(stderr, "%4"PRIi64, range.begin);
2026-10-08T11:32:21.7556916Z       |                             ^
2026-10-08T11:32:21.7558138Z src/solver/utils/Options.h:291:29: warning: invalid suffix on literal; C++11 requires a space between literal and string macro [-Wliteral-suffix]
2026-10-08T11:32:21.7559253Z   291 |             fprintf(stderr, "%4"PRIi64, range.end);
2026-10-08T11:32:21.7559767Z       |                             ^
2026-10-08T11:32:21.7561027Z src/solver/utils/Options.h:293:25: warning: invalid suffix on literal; C++11 requires a space between literal and string macro [-Wliteral-suffix]
2026-10-08T11:32:21.7562165Z   293 |         fprintf(stderr, "] (default: %"PRIi64")\n", value);
2026-10-08T11:32:21.7562717Z       |                         ^
2026-10-08T11:32:21.8467940Z src/solver/Main.cc: In function ‘void printStats(Minisat::Solver&)’:
2026-10-08T11:32:21.8470026Z src/solver/Main.cc:92:46: warning: format ‘%llu’ expects argument of type ‘long long unsigned int’, but argument 2 has type ‘uint64_t’ {aka ‘long unsigned int’} [-Wformat=]
2026-10-08T11:32:21.8471522Z    92 |         printf("c nbSimplifyAll         : %llu\n", solver.nbSimplifyAll);
2026-10-08T11:32:21.8472284Z       |                                           ~~~^     ~~~~~~~~~~~~~~~~~~~~
2026-10-08T11:32:21.8472873Z       |                                              |            |
2026-10-08T11:32:21.8473517Z       |                                              |            uint64_t {aka long unsigned int}
2026-10-08T11:32:21.8474250Z       |                                              long long unsigned int
2026-10-08T11:32:21.8474825Z       |                                           %lu
2026-10-08T11:32:21.8483433Z src/solver/Main.cc: In function ‘int main(int, char**)’:
2026-10-08T11:32:21.8485106Z src/solver/Main.cc:187:34: warning: format ‘%llu’ expects argument of type ‘long long unsigned int’, but argument 2 has type ‘uint64_t’ {aka ‘long unsigned int’} [-Wformat=]
2026-10-08T11:32:21.8486474Z   187 |         printf("c initial UB: %llu\n", S.initUB);
2026-10-08T11:32:21.8487305Z       |                               ~~~^     ~~~~~~~~
2026-10-08T11:32:21.8487832Z       |                                  |       |
2026-10-08T11:32:21.8488423Z       |                                  |       uint64_t {aka long unsigned int}
2026-10-08T11:32:21.8489067Z       |                                  long long unsigned int
2026-10-08T11:32:21.8489606Z       |                               %lu
2026-10-08T11:32:21.8886314Z src/solver/Main.cc: At global scope:
2026-10-08T11:32:21.8887990Z src/solver/Main.cc:108:13: warning: ‘void SIGINT_exit(int)’ defined but not used [-Wunused-function]
2026-10-08T11:32:21.8888930Z   108 | static void SIGINT_exit(int signum) {
2026-10-08T11:32:21.8889432Z       |             ^~~~~~~~~~~
2026-10-08T11:32:22.0896197Z src/core/distqldpc.cc: In function ‘void pipe_write_result(int, int, bool)’:
2026-10-08T11:32:22.0898325Z src/core/distqldpc.cc:162:20: warning: ignoring return value of ‘ssize_t write(int, const void*, size_t)’ declared with attribute ‘warn_unused_result’ [-Wunused-result]
2026-10-08T11:32:22.0899601Z   162 |         (void)write(pipe_w, buf, (size_t)n);
2026-10-08T11:32:22.0900140Z       |               ~~~~~^~~~~~~~~~~~~~~~~~~~~~~~
2026-10-08T11:32:23.0952041Z make: Leaving directory '/home/runner/work/DistQLDPC/DistQLDPC/candidate'
2026-10-08T11:32:23.0988458Z ##[group]Run set +e
2026-10-08T11:32:23.0988733Z [36;1mset +e[0m
2026-10-08T11:32:23.0990300Z [36;1mpython3 qdistsat/benchmarks/compare_distqldpc_binaries.py             --baseline-bin "$GITHUB_WORKSPACE/baseline/bin/distqldpc"             --candidate-bin "$GITHUB_WORKSPACE/candidate/bin/distqldpc"             --data-root "$GITHUB_WORKSPACE/qdistsat/data"             --stems LP_136_32_4 BB_108_8_10             --timeout 45             --json-out "$GITHUB_WORKSPACE/benchmark-results/result.json"             --markdown-out "$GITHUB_WORKSPACE/benchmark-results/summary.md"[0m
2026-10-08T11:32:23.0991947Z [36;1mcode=$?[0m
2026-10-08T11:32:23.0992308Z [36;1mcat "$GITHUB_WORKSPACE/benchmark-results/summary.md" >> "$GITHUB_STEP_SUMMARY"[0m
2026-10-08T11:32:23.0992777Z [36;1mecho "exit_code=$code" >> "$GITHUB_OUTPUT"[0m
2026-10-08T11:32:23.0993067Z [36;1mexit 0[0m
2026-10-08T11:32:23.1056861Z shell: /usr/bin/bash --noprofile --norc -e -o pipefail {0}
2026-10-08T11:32:23.1057638Z ##[endgroup]
2026-10-08T11:32:43.7882720Z # DistQLDPC cross-repo benchmark
2026-10-08T11:32:43.7883065Z 
2026-10-08T11:32:43.7883200Z Scientific results match: **YES**
2026-10-08T11:32:43.7883426Z 
2026-10-08T11:32:43.7883637Z Timing is informational only; shared CI runners are noisy.
2026-10-08T11:32:43.7883998Z 
2026-10-08T11:32:43.7884236Z | Stem | Config | Baseline | Candidate | Cand/Base time | Semantic match |
2026-10-08T11:32:43.7884731Z |---|---|---:|---:|---:|---|
2026-10-08T11:32:43.7885109Z | LP_136_32_4 | no-card | d=4 (0.19s) | d=4 (0.18s) | 0.95x | YES |
2026-10-08T11:32:43.7885607Z | LP_136_32_4 | card-mto | d=4 (0.28s) | d=4 (0.27s) | 0.97x | YES |
2026-10-08T11:32:43.7886108Z | BB_108_8_10 | no-card | d=10 (4.25s) | d=10 (4.19s) | 0.99x | YES |
2026-10-08T11:32:43.7886600Z | BB_108_8_10 | card-mto | d=10 (5.44s) | d=10 (5.81s) | 1.07x | YES |
2026-10-08T11:32:43.8063086Z ##[group]Run actions/upload-artifact@v4
2026-10-08T11:32:43.8063400Z with:
2026-10-08T11:32:43.8063630Z   name: qdistsat-cross-repo-benchmark
2026-10-08T11:32:43.8063916Z   path: benchmark-results/
2026-10-08T11:32:43.8064155Z   retention-days: 14
2026-10-08T11:32:43.8064370Z   if-no-files-found: warn
2026-10-08T11:32:43.8064607Z   compression-level: 6
2026-10-08T11:32:43.8064811Z   overwrite: false
2026-10-08T11:32:43.8065224Z   include-hidden-files: false
2026-10-08T11:32:43.8065453Z ##[endgroup]
2026-10-08T11:32:43.9750678Z (node:3041) [DEP0040] DeprecationWarning: The `punycode` module is deprecated. Please use a userland alternative instead.
2026-10-08T11:32:43.9751639Z (Use `node --trace-deprecation ...` to show where the warning was created)
2026-10-08T11:32:43.9821387Z With the provided path, there will be 2 files uploaded
2026-10-08T11:32:43.9828935Z Artifact name is valid!
2026-10-08T11:32:43.9829643Z Root directory input is valid!
2026-10-08T11:32:44.1752589Z Beginning upload of artifact content to blob storage
2026-10-08T11:32:44.1966823Z (node:3041) [DEP0169] DeprecationWarning: `url.parse()` behavior is not standardized and prone to errors that have security implications. Use the WHATWG URL API instead. CVEs are not issued for `url.parse()` vulnerabilities.
2026-10-08T11:32:44.2229557Z Uploaded bytes 1056
2026-10-08T11:32:44.2379039Z Finished uploading artifact content to blob storage!
2026-10-08T11:32:44.2380182Z SHA256 digest of uploaded artifact zip is 455c97ef31c6b68ee1b86351dd20c1c7dd08cb7269211f83e319df5a662ef5ca
2026-10-08T11:32:44.2381544Z Finalizing artifact upload
2026-10-08T11:32:44.4318905Z Artifact qdistsat-cross-repo-benchmark.zip successfully finalized. Artifact ID 11547461054
2026-10-08T11:32:44.4320281Z Artifact qdistsat-cross-repo-benchmark has been successfully uploaded! Final size is 1056 bytes. Artifact ID is 11547461054
2026-10-08T11:32:44.4328684Z Artifact download URL: https://github.com/guluchen/DistQLDPC/actions/runs/37770650545/artifacts/11547461054
2026-10-08T11:32:44.4533012Z ##[group]Run if [ "0" != "0" ]; then
2026-10-08T11:32:44.4533345Z [36;1mif [ "0" != "0" ]; then[0m
2026-10-08T11:32:44.4533843Z [36;1m  echo "QDistSAT detected a scientific-result mismatch between baseline and candidate DistQLDPC."[0m
2026-10-08T11:32:44.4534329Z [36;1m  exit 1[0m
2026-10-08T11:32:44.4534531Z [36;1mfi[0m
2026-10-08T11:32:44.4595767Z shell: /usr/bin/bash --noprofile --norc -e -o pipefail {0}
2026-10-08T11:32:44.4596133Z ##[endgroup]
2026-10-08T11:32:44.4774973Z Post job cleanup.
2026-10-08T11:32:44.5630479Z [command]/usr/bin/git version
2026-10-08T11:32:44.5685960Z git version 2.55.0
2026-10-08T11:32:44.5728031Z Temporarily overriding HOME='/home/runner/work/_temp/25eaaa4b-5545-4a51-8ace-363f3ec418dd' before making global git config changes
2026-10-08T11:32:44.5729443Z Adding repository directory to the temporary git global config as a safe directory
2026-10-08T11:32:44.5734271Z [command]/usr/bin/git config --global --add safe.directory /home/runner/work/DistQLDPC/DistQLDPC/qdistsat
2026-10-08T11:32:44.5775349Z Removing SSH command configuration
2026-10-08T11:32:44.5784025Z [command]/usr/bin/git config --local --name-only --get-regexp core\.sshCommand
2026-10-08T11:32:44.5841146Z [command]/usr/bin/git submodule foreach --recursive sh -c "git config --local --name-only --get-regexp 'core\.sshCommand' && git config --local --unset-all 'core.sshCommand' || :"
2026-10-08T11:32:44.6099863Z Removing HTTP extra header
2026-10-08T11:32:44.6106735Z [command]/usr/bin/git config --local --name-only --get-regexp http\.https\:\/\/github\.com\/\.extraheader
2026-10-08T11:32:44.6160803Z [command]/usr/bin/git submodule foreach --recursive sh -c "git config --local --name-only --get-regexp 'http\.https\:\/\/github\.com\/\.extraheader' && git config --local --unset-all 'http.https://github.com/.extraheader' || :"
2026-10-08T11:32:44.6422248Z Removing includeIf entries pointing to credentials config files
2026-10-08T11:32:44.6430583Z [command]/usr/bin/git config --local --name-only --get-regexp ^includeIf\.gitdir:
2026-10-08T11:32:44.6464948Z includeif.gitdir:/home/runner/work/DistQLDPC/DistQLDPC/qdistsat/.git.path
2026-10-08T11:32:44.6466262Z includeif.gitdir:/home/runner/work/DistQLDPC/DistQLDPC/qdistsat/.git/worktrees/*.path
2026-10-08T11:32:44.6467685Z includeif.gitdir:/github/workspace/qdistsat/.git.path
2026-10-08T11:32:44.6468661Z includeif.gitdir:/github/workspace/qdistsat/.git/worktrees/*.path
2026-10-08T11:32:44.6476357Z [command]/usr/bin/git config --local --get-all includeif.gitdir:/home/runner/work/DistQLDPC/DistQLDPC/qdistsat/.git.path
2026-10-08T11:32:44.6507711Z /home/runner/work/_temp/git-credentials-249876c2-a177-48de-a440-6f4cc7710a17.config
2026-10-08T11:32:44.6518785Z [command]/usr/bin/git config --local --unset includeif.gitdir:/home/runner/work/DistQLDPC/DistQLDPC/qdistsat/.git.path \/home\/runner\/work\/_temp\/git\-credentials\-249876c2\-a177\-48de\-a440\-6f4cc7710a17\.config
2026-10-08T11:32:44.6579380Z [command]/usr/bin/git config --local --get-all includeif.gitdir:/home/runner/work/DistQLDPC/DistQLDPC/qdistsat/.git/worktrees/*.path
2026-10-08T11:32:44.6610464Z /home/runner/work/_temp/git-credentials-249876c2-a177-48de-a440-6f4cc7710a17.config
2026-10-08T11:32:44.6634323Z [command]/usr/bin/git config --local --unset includeif.gitdir:/home/runner/work/DistQLDPC/DistQLDPC/qdistsat/.git/worktrees/*.path \/home\/runner\/work\/_temp\/git\-credentials\-249876c2\-a177\-48de\-a440\-6f4cc7710a17\.config
2026-10-08T11:32:44.6679401Z [command]/usr/bin/git config --local --get-all includeif.gitdir:/github/workspace/qdistsat/.git.path
2026-10-08T11:32:44.6709551Z /github/runner_temp/git-credentials-249876c2-a177-48de-a440-6f4cc7710a17.config
2026-10-08T11:32:44.6720833Z [command]/usr/bin/git config --local --unset includeif.gitdir:/github/workspace/qdistsat/.git.path \/github\/runner_temp\/git\-credentials\-249876c2\-a177\-48de\-a440\-6f4cc7710a17\.config
2026-10-08T11:32:44.6762765Z [command]/usr/bin/git config --local --get-all includeif.gitdir:/github/workspace/qdistsat/.git/worktrees/*.path
2026-10-08T11:32:44.6792111Z /github/runner_temp/git-credentials-249876c2-a177-48de-a440-6f4cc7710a17.config
2026-10-08T11:32:44.6802090Z [command]/usr/bin/git config --local --unset includeif.gitdir:/github/workspace/qdistsat/.git/worktrees/*.path \/github\/runner_temp\/git\-credentials\-249876c2\-a177\-48de\-a440\-6f4cc7710a17\.config
2026-10-08T11:32:44.6843714Z [command]/usr/bin/git submodule foreach --recursive git config --local --show-origin --name-only --get-regexp remote.origin.url
2026-10-08T11:32:44.7076676Z Removing credentials config '/home/runner/work/_temp/git-credentials-249876c2-a177-48de-a440-6f4cc7710a17.config'
2026-10-08T11:32:44.7238477Z Post job cleanup.
2026-10-08T11:32:44.8111202Z [command]/usr/bin/git version
2026-10-08T11:32:44.8169623Z git version 2.55.0
2026-10-08T11:32:44.8217902Z Temporarily overriding HOME='/home/runner/work/_temp/f30bfc87-1824-4276-9988-399a5b1e9d42' before making global git config changes
2026-10-08T11:32:44.8227971Z Adding repository directory to the temporary git global config as a safe directory
2026-10-08T11:32:44.8229093Z [command]/usr/bin/git config --global --add safe.directory /home/runner/work/DistQLDPC/DistQLDPC/baseline
2026-10-08T11:32:44.8252824Z Removing SSH command configuration
2026-10-08T11:32:44.8259987Z [command]/usr/bin/git config --local --name-only --get-regexp core\.sshCommand
2026-10-08T11:32:44.8302672Z [command]/usr/bin/git submodule foreach --recursive sh -c "git config --local --name-only --get-regexp 'core\.sshCommand' && git config --local --unset-all 'core.sshCommand' || :"
2026-10-08T11:32:44.8561299Z Removing HTTP extra header
2026-10-08T11:32:44.8568255Z [command]/usr/bin/git config --local --name-only --get-regexp http\.https\:\/\/github\.com\/\.extraheader
2026-10-08T11:32:44.8615939Z [command]/usr/bin/git submodule foreach --recursive sh -c "git config --local --name-only --get-regexp 'http\.https\:\/\/github\.com\/\.extraheader' && git config --local --unset-all 'http.https://github.com/.extraheader' || :"
2026-10-08T11:32:44.8887899Z Removing includeIf entries pointing to credentials config files
2026-10-08T11:32:44.8896007Z [command]/usr/bin/git config --local --name-only --get-regexp ^includeIf\.gitdir:
2026-10-08T11:32:44.8938432Z includeif.gitdir:/home/runner/work/DistQLDPC/DistQLDPC/baseline/.git.path
2026-10-08T11:32:44.8952974Z includeif.gitdir:/home/runner/work/DistQLDPC/DistQLDPC/baseline/.git/worktrees/*.path
2026-10-08T11:32:44.8958395Z includeif.gitdir:/github/workspace/baseline/.git.path
2026-10-08T11:32:44.8959358Z includeif.gitdir:/github/workspace/baseline/.git/worktrees/*.path
2026-10-08T11:32:44.8966266Z [command]/usr/bin/git config --local --get-all includeif.gitdir:/home/runner/work/DistQLDPC/DistQLDPC/baseline/.git.path
2026-10-08T11:32:44.8988960Z /home/runner/work/_temp/git-credentials-f0a114a5-31b3-4a06-b50f-2ed070822fb7.config
2026-10-08T11:32:44.9003435Z [command]/usr/bin/git config --local --unset includeif.gitdir:/home/runner/work/DistQLDPC/DistQLDPC/baseline/.git.path \/home\/runner\/work\/_temp\/git\-credentials\-f0a114a5\-31b3\-4a06\-b50f\-2ed070822fb7\.config
2026-10-08T11:32:44.9071238Z [command]/usr/bin/git config --local --get-all includeif.gitdir:/home/runner/work/DistQLDPC/DistQLDPC/baseline/.git/worktrees/*.path
2026-10-08T11:32:44.9111195Z /home/runner/work/_temp/git-credentials-f0a114a5-31b3-4a06-b50f-2ed070822fb7.config
2026-10-08T11:32:44.9127153Z [command]/usr/bin/git config --local --unset includeif.gitdir:/home/runner/work/DistQLDPC/DistQLDPC/baseline/.git/worktrees/*.path \/home\/runner\/work\/_temp\/git\-credentials\-f0a114a5\-31b3\-4a06\-b50f\-2ed070822fb7\.config
2026-10-08T11:32:44.9194839Z [command]/usr/bin/git config --local --get-all includeif.gitdir:/github/workspace/baseline/.git.path
2026-10-08T11:32:44.9233071Z /github/runner_temp/git-credentials-f0a114a5-31b3-4a06-b50f-2ed070822fb7.config
2026-10-08T11:32:44.9245437Z [command]/usr/bin/git config --local --unset includeif.gitdir:/github/workspace/baseline/.git.path \/github\/runner_temp\/git\-credentials\-f0a114a5\-31b3\-4a06\-b50f\-2ed070822fb7\.config
2026-10-08T11:32:44.9287303Z [command]/usr/bin/git config --local --get-all includeif.gitdir:/github/workspace/baseline/.git/worktrees/*.path
2026-10-08T11:32:44.9318071Z /github/runner_temp/git-credentials-f0a114a5-31b3-4a06-b50f-2ed070822fb7.config
2026-10-08T11:32:44.9335535Z [command]/usr/bin/git config --local --unset includeif.gitdir:/github/workspace/baseline/.git/worktrees/*.path \/github\/runner_temp\/git\-credentials\-f0a114a5\-31b3\-4a06\-b50f\-2ed070822fb7\.config
2026-10-08T11:32:44.9370346Z [command]/usr/bin/git submodule foreach --recursive git config --local --show-origin --name-only --get-regexp remote.origin.url
2026-10-08T11:32:44.9617925Z Removing credentials config '/home/runner/work/_temp/git-credentials-f0a114a5-31b3-4a06-b50f-2ed070822fb7.config'
2026-10-08T11:32:44.9834054Z Post job cleanup.
2026-10-08T11:32:45.0745398Z [command]/usr/bin/git version
2026-10-08T11:32:45.0807991Z git version 2.55.0
2026-10-08T11:32:45.0843949Z Temporarily overriding HOME='/home/runner/work/_temp/c25331b2-0790-4bc7-90df-6463cb7e0952' before making global git config changes
2026-10-08T11:32:45.0845525Z Adding repository directory to the temporary git global config as a safe directory
2026-10-08T11:32:45.0852420Z [command]/usr/bin/git config --global --add safe.directory /home/runner/work/DistQLDPC/DistQLDPC/candidate
2026-10-08T11:32:45.0913261Z Removing SSH command configuration
2026-10-08T11:32:45.0914007Z [command]/usr/bin/git config --local --name-only --get-regexp core\.sshCommand
2026-10-08T11:32:45.0964929Z [command]/usr/bin/git submodule foreach --recursive sh -c "git config --local --name-only --get-regexp 'core\.sshCommand' && git config --local --unset-all 'core.sshCommand' || :"
2026-10-08T11:32:45.1269438Z Removing HTTP extra header
2026-10-08T11:32:45.1276115Z [command]/usr/bin/git config --local --name-only --get-regexp http\.https\:\/\/github\.com\/\.extraheader
2026-10-08T11:32:45.1314510Z [command]/usr/bin/git submodule foreach --recursive sh -c "git config --local --name-only --get-regexp 'http\.https\:\/\/github\.com\/\.extraheader' && git config --local --unset-all 'http.https://github.com/.extraheader' || :"
2026-10-08T11:32:45.1578836Z Removing includeIf entries pointing to credentials config files
2026-10-08T11:32:45.1589012Z [command]/usr/bin/git config --local --name-only --get-regexp ^includeIf\.gitdir:
2026-10-08T11:32:45.1622746Z includeif.gitdir:/home/runner/work/DistQLDPC/DistQLDPC/candidate/.git.path
2026-10-08T11:32:45.1624157Z includeif.gitdir:/home/runner/work/DistQLDPC/DistQLDPC/candidate/.git/worktrees/*.path
2026-10-08T11:32:45.1625323Z includeif.gitdir:/github/workspace/candidate/.git.path
2026-10-08T11:32:45.1626039Z includeif.gitdir:/github/workspace/candidate/.git/worktrees/*.path
2026-10-08T11:32:45.1637268Z [command]/usr/bin/git config --local --get-all includeif.gitdir:/home/runner/work/DistQLDPC/DistQLDPC/candidate/.git.path
2026-10-08T11:32:45.1668817Z /home/runner/work/_temp/git-credentials-4211c0ee-bcd4-4198-a9dc-fd840c62e6fa.config
2026-10-08T11:32:45.1689511Z [command]/usr/bin/git config --local --unset includeif.gitdir:/home/runner/work/DistQLDPC/DistQLDPC/candidate/.git.path \/home\/runner\/work\/_temp\/git\-credentials\-4211c0ee\-bcd4\-4198\-a9dc\-fd840c62e6fa\.config
2026-10-08T11:32:45.1730991Z [command]/usr/bin/git config --local --get-all includeif.gitdir:/home/runner/work/DistQLDPC/DistQLDPC/candidate/.git/worktrees/*.path
2026-10-08T11:32:45.1760312Z /home/runner/work/_temp/git-credentials-4211c0ee-bcd4-4198-a9dc-fd840c62e6fa.config
2026-10-08T11:32:45.1780114Z [command]/usr/bin/git config --local --unset includeif.gitdir:/home/runner/work/DistQLDPC/DistQLDPC/candidate/.git/worktrees/*.path \/home\/runner\/work\/_temp\/git\-credentials\-4211c0ee\-bcd4\-4198\-a9dc\-fd840c62e6fa\.config
2026-10-08T11:32:45.1828417Z [command]/usr/bin/git config --local --get-all includeif.gitdir:/github/workspace/candidate/.git.path
2026-10-08T11:32:45.1858247Z /github/runner_temp/git-credentials-4211c0ee-bcd4-4198-a9dc-fd840c62e6fa.config
2026-10-08T11:32:45.1873158Z [command]/usr/bin/git config --local --unset includeif.gitdir:/github/workspace/candidate/.git.path \/github\/runner_temp\/git\-credentials\-4211c0ee\-bcd4\-4198\-a9dc\-fd840c62e6fa\.config
2026-10-08T11:32:45.1907479Z [command]/usr/bin/git config --local --get-all includeif.gitdir:/github/workspace/candidate/.git/worktrees/*.path
2026-10-08T11:32:45.1935381Z /github/runner_temp/git-credentials-4211c0ee-bcd4-4198-a9dc-fd840c62e6fa.config
2026-10-08T11:32:45.1946137Z [command]/usr/bin/git config --local --unset includeif.gitdir:/github/workspace/candidate/.git/worktrees/*.path \/github\/runner_temp\/git\-credentials\-4211c0ee\-bcd4\-4198\-a9dc\-fd840c62e6fa\.config
2026-10-08T11:32:45.1991315Z [command]/usr/bin/git submodule foreach --recursive git config --local --show-origin --name-only --get-regexp remote.origin.url
2026-10-08T11:32:45.2223367Z Removing credentials config '/home/runner/work/_temp/git-credentials-4211c0ee-bcd4-4198-a9dc-fd840c62e6fa.config'
2026-10-08T11:32:45.2372001Z Cleaning up orphan processes
2026-10-08T11:32:45.2670365Z ##[warning]Node.js 20 is deprecated. The following actions target Node.js 20 but are being forced to run on Node.js 24: actions/upload-artifact@v4. For more information see: https://github.blog/changelog/2025-09-19-deprecation-of-node-20-on-github-actions-runners/

