2026-10-08T15:27:48.7230643Z Current runner version: '2.337.0'
2026-10-08T15:27:48.7257545Z ##[group]Runner Image Provisioner
2026-10-08T15:27:48.7258544Z Hosted Compute Agent
2026-10-08T15:27:48.7259364Z Version: 20260901.588
2026-10-08T15:27:48.7260110Z Commit: f88ec8081b781fac6c440065ac7ff9e710ce3d0b
2026-10-08T15:27:48.7261051Z Build Date: 2026-09-01T19:56:44Z
2026-10-08T15:27:48.7261895Z Worker ID: {eb911562-3e94-4f8c-8024-6c7e074a7785}
2026-10-08T15:27:48.7262778Z Azure Region: eastus
2026-10-08T15:27:48.7263464Z ##[endgroup]
2026-10-08T15:27:48.7265117Z ##[group]Operating System
2026-10-08T15:27:48.7265949Z Ubuntu
2026-10-08T15:27:48.7266707Z 24.04.5
2026-10-08T15:27:48.7267464Z LTS
2026-10-08T15:27:48.7268061Z ##[endgroup]
2026-10-08T15:27:48.7268686Z ##[group]Runner Image
2026-10-08T15:27:48.7269478Z Image: ubuntu-24.04
2026-10-08T15:27:48.7270179Z Version: 20260927.320.1
2026-10-08T15:27:48.7271745Z Included Software: https://github.com/actions/runner-images/blob/ubuntu24/20260927.320/images/ubuntu/Ubuntu2404-Readme.md
2026-10-08T15:27:48.7273685Z Image Release: https://github.com/actions/runner-images/releases/tag/ubuntu24%2F20260927.320
2026-10-08T15:27:48.7274942Z ##[endgroup]
2026-10-08T15:27:48.7276518Z ##[group]GITHUB_TOKEN Permissions
2026-10-08T15:27:48.7278606Z Contents: write
2026-10-08T15:27:48.7279280Z Metadata: read
2026-10-08T15:27:48.7280051Z ##[endgroup]
2026-10-08T15:27:48.7282343Z Secret source: Actions
2026-10-08T15:27:48.7283561Z Cache mode: write
2026-10-08T15:27:48.7284359Z Prepare workflow directory
2026-10-08T15:27:48.7761794Z Prepare all required actions
2026-10-08T15:27:48.7816521Z Getting action download info
2026-10-08T15:27:48.9893833Z Download action repository 'actions/checkout@v7' (SHA:3d3c42e5aac5ba805825da76410c181273ba90b1)
2026-10-08T15:27:49.5117711Z Download action repository 'actions/upload-artifact@v4' (SHA:ea165f8d65b6e75b540449e92b4886f43607fa02)
2026-10-08T15:27:49.8574909Z Complete job name: compare
2026-10-08T15:27:49.9329491Z ##[group]Run actions/checkout@v7
2026-10-08T15:27:49.9330255Z with:
2026-10-08T15:27:49.9330628Z   path: candidate
2026-10-08T15:27:49.9331018Z   fetch-depth: 0
2026-10-08T15:27:49.9331420Z   repository: guluchen/DistQLDPC
2026-10-08T15:27:49.9334812Z   token: ***
2026-10-08T15:27:49.9335203Z   ssh-strict: true
2026-10-08T15:27:49.9335590Z   ssh-user: git
2026-10-08T15:27:49.9336703Z   persist-credentials: true
2026-10-08T15:27:49.9337347Z   clean: true
2026-10-08T15:27:49.9337747Z   sparse-checkout-cone-mode: true
2026-10-08T15:27:49.9338208Z   fetch-tags: false
2026-10-08T15:27:49.9338614Z   show-progress: true
2026-10-08T15:27:49.9339016Z   lfs: false
2026-10-08T15:27:49.9339377Z   submodules: false
2026-10-08T15:27:49.9339765Z   set-safe-directory: true
2026-10-08T15:27:49.9340217Z   allow-unsafe-pr-checkout: false
2026-10-08T15:27:49.9340951Z ##[endgroup]
2026-10-08T15:27:50.0190245Z Syncing repository: guluchen/DistQLDPC
2026-10-08T15:27:50.0193113Z ##[group]Getting Git version info
2026-10-08T15:27:50.0194283Z Working directory is '/home/runner/work/DistQLDPC/DistQLDPC/candidate'
2026-10-08T15:27:50.0196211Z [command]/usr/bin/git version
2026-10-08T15:27:50.0282428Z git version 2.55.0
2026-10-08T15:27:50.0302390Z ##[endgroup]
2026-10-08T15:27:50.0312467Z Temporarily overriding HOME='/home/runner/work/_temp/e2fcce6d-cdd6-4869-b10c-0904c93b3179' before making global git config changes
2026-10-08T15:27:50.0313732Z Adding repository directory to the temporary git global config as a safe directory
2026-10-08T15:27:50.0317426Z [command]/usr/bin/git config --global --add safe.directory /home/runner/work/DistQLDPC/DistQLDPC/candidate
2026-10-08T15:27:50.0368882Z ##[group]Determining repository object format
2026-10-08T15:27:50.0377492Z ##[endgroup]
2026-10-08T15:27:50.0378821Z ##[group]Initializing the repository
2026-10-08T15:27:50.0379712Z [command]/usr/bin/git init /home/runner/work/DistQLDPC/DistQLDPC/candidate
2026-10-08T15:27:50.0591051Z hint: Using 'master' as the name for the initial branch. This default branch name
2026-10-08T15:27:50.0593517Z hint: will change to "main" in Git 3.0. To configure the initial branch name
2026-10-08T15:27:50.0595764Z hint: to use in all of your new repositories, which will suppress this warning,
2026-10-08T15:27:50.0597433Z hint: call:
2026-10-08T15:27:50.0598202Z hint:
2026-10-08T15:27:50.0599129Z hint: 	git config --global init.defaultBranch <name>
2026-10-08T15:27:50.0600206Z hint:
2026-10-08T15:27:50.0601385Z hint: Names commonly chosen instead of 'master' are 'main', 'trunk' and
2026-10-08T15:27:50.0607707Z hint: 'development'. The just-created branch can be renamed via this command:
2026-10-08T15:27:50.0609067Z hint:
2026-10-08T15:27:50.0610093Z hint: 	git branch -m <name>
2026-10-08T15:27:50.0610827Z hint:
2026-10-08T15:27:50.0611742Z hint: Disable this message with "git config set advice.defaultBranchName false"
2026-10-08T15:27:50.0622392Z Initialized empty Git repository in /home/runner/work/DistQLDPC/DistQLDPC/candidate/.git/
2026-10-08T15:27:50.0625336Z [command]/usr/bin/git remote add origin https://github.com/guluchen/DistQLDPC
2026-10-08T15:27:50.0671406Z ##[endgroup]
2026-10-08T15:27:50.0672232Z ##[group]Disabling automatic garbage collection
2026-10-08T15:27:50.0672872Z [command]/usr/bin/git config --local gc.auto 0
2026-10-08T15:27:50.0710407Z ##[endgroup]
2026-10-08T15:27:50.0711881Z ##[group]Setting up auth
2026-10-08T15:27:50.0713178Z Removing SSH command configuration
2026-10-08T15:27:50.0715769Z [command]/usr/bin/git config --local --name-only --get-regexp core\.sshCommand
2026-10-08T15:27:50.0752912Z [command]/usr/bin/git submodule foreach --recursive sh -c "git config --local --name-only --get-regexp 'core\.sshCommand' && git config --local --unset-all 'core.sshCommand' || :"
2026-10-08T15:27:50.1065035Z Removing HTTP extra header
2026-10-08T15:27:50.1069383Z [command]/usr/bin/git config --local --name-only --get-regexp http\.https\:\/\/github\.com\/\.extraheader
2026-10-08T15:27:50.1101366Z [command]/usr/bin/git submodule foreach --recursive sh -c "git config --local --name-only --get-regexp 'http\.https\:\/\/github\.com\/\.extraheader' && git config --local --unset-all 'http.https://github.com/.extraheader' || :"
2026-10-08T15:27:50.1355170Z Removing includeIf entries pointing to credentials config files
2026-10-08T15:27:50.1356693Z [command]/usr/bin/git config --local --name-only --get-regexp ^includeIf\.gitdir:
2026-10-08T15:27:50.1359155Z [command]/usr/bin/git submodule foreach --recursive git config --local --show-origin --name-only --get-regexp remote.origin.url
2026-10-08T15:27:50.1536152Z [command]/usr/bin/git config --file /home/runner/work/_temp/git-credentials-10a2c7f0-3bb1-4ae8-b60f-5efc2b937608.config http.https://github.com/.extraheader AUTHORIZATION: basic ***
2026-10-08T15:27:50.1571613Z [command]/usr/bin/git config --local includeIf.gitdir:/home/runner/work/DistQLDPC/DistQLDPC/candidate/.git.path /home/runner/work/_temp/git-credentials-10a2c7f0-3bb1-4ae8-b60f-5efc2b937608.config
2026-10-08T15:27:50.1602982Z [command]/usr/bin/git config --local includeIf.gitdir:/home/runner/work/DistQLDPC/DistQLDPC/candidate/.git/worktrees/*.path /home/runner/work/_temp/git-credentials-10a2c7f0-3bb1-4ae8-b60f-5efc2b937608.config
2026-10-08T15:27:50.1634842Z [command]/usr/bin/git config --local includeIf.gitdir:/github/workspace/candidate/.git.path /github/runner_temp/git-credentials-10a2c7f0-3bb1-4ae8-b60f-5efc2b937608.config
2026-10-08T15:27:50.1666873Z [command]/usr/bin/git config --local includeIf.gitdir:/github/workspace/candidate/.git/worktrees/*.path /github/runner_temp/git-credentials-10a2c7f0-3bb1-4ae8-b60f-5efc2b937608.config
2026-10-08T15:27:50.1694837Z ##[endgroup]
2026-10-08T15:27:50.1696225Z ##[group]Fetching the repository
2026-10-08T15:27:50.1702928Z [command]/usr/bin/git -c protocol.version=2 fetch --no-tags --prune --no-recurse-submodules origin +refs/heads/*:refs/remotes/origin/* +refs/tags/*:refs/tags/* +4101b793c3e4e988cdfb5b88299e1abe00c061bb:refs/remotes/pull/25/merge
2026-10-08T15:27:50.8778086Z From https://github.com/guluchen/DistQLDPC
2026-10-08T15:27:50.8779678Z  * [new branch]      chore/autonomous-workflow-pilot          -> origin/chore/autonomous-workflow-pilot
2026-10-08T15:27:50.8782330Z  * [new branch]      chore/codex-integration-probe            -> origin/chore/codex-integration-probe
2026-10-08T15:27:50.8784317Z  * [new branch]      ci/cleanup-pi-escalation-test            -> origin/ci/cleanup-pi-escalation-test
2026-10-08T15:27:50.8786201Z  * [new branch]      ci/fire-pi-escalation-test               -> origin/ci/fire-pi-escalation-test
2026-10-08T15:27:50.8788385Z  * [new branch]      ci/pi-escalation-dispatch                -> origin/ci/pi-escalation-dispatch
2026-10-08T15:27:50.8790313Z  * [new branch]      ci/qdist-cross-repo-benchmark            -> origin/ci/qdist-cross-repo-benchmark
2026-10-08T15:27:50.8792274Z  * [new branch]      ci/test-pi-escalation-slack              -> origin/ci/test-pi-escalation-slack
2026-10-08T15:27:50.8794572Z  * [new branch]      docs/optimization-loop-policy            -> origin/docs/optimization-loop-policy
2026-10-08T15:27:50.8797034Z  * [new branch]      docs/require-cross-repo-benchmark        -> origin/docs/require-cross-repo-benchmark
2026-10-08T15:27:50.8799182Z  * [new branch]      experiment/gh16-pgo                      -> origin/experiment/gh16-pgo
2026-10-08T15:27:50.8801091Z  * [new branch]      experiment/gh17-scratch                  -> origin/experiment/gh17-scratch
2026-10-08T15:27:50.8803157Z  * [new branch]      experiment/gh20-watch-tail               -> origin/experiment/gh20-watch-tail
2026-10-08T15:27:50.8805033Z  * [new branch]      experiment/gh21-o2                       -> origin/experiment/gh21-o2
2026-10-08T15:27:50.8807013Z  * [new branch]      experiment/gh22-vsids                    -> origin/experiment/gh22-vsids
2026-10-08T15:27:50.8808988Z  * [new branch]      experiment/h001-logical-row-xor          -> origin/experiment/h001-logical-row-xor
2026-10-08T15:27:50.8811101Z  * [new branch]      experiment/h007-lto                      -> origin/experiment/h007-lto
2026-10-08T15:27:50.8813038Z  * [new branch]      experiment/h008-sls-warm-start           -> origin/experiment/h008-sls-warm-start
2026-10-08T15:27:50.8815150Z  * [new branch]      experiment/h009-bdd-bound                -> origin/experiment/h009-bdd-bound
2026-10-08T15:27:50.8817129Z  * [new branch]      main                                     -> origin/main
2026-10-08T15:27:50.8819112Z  * [new branch]      policy/compute-cost-guardrails           -> origin/policy/compute-cost-guardrails
2026-10-08T15:27:50.8821142Z  * [new ref]         4101b793c3e4e988cdfb5b88299e1abe00c061bb -> pull/25/merge
2026-10-08T15:27:50.8824881Z ##[endgroup]
2026-10-08T15:27:50.8826575Z ##[group]Determining the checkout info
2026-10-08T15:27:50.8828218Z ##[endgroup]
2026-10-08T15:27:50.8829179Z [command]/usr/bin/git sparse-checkout disable
2026-10-08T15:27:50.8844510Z [command]/usr/bin/git config --local --unset-all extensions.worktreeConfig
2026-10-08T15:27:50.8875575Z ##[group]Checking out the ref
2026-10-08T15:27:50.8878127Z [command]/usr/bin/git checkout --progress --force refs/remotes/pull/25/merge
2026-10-08T15:27:50.9330038Z Note: switching to 'refs/remotes/pull/25/merge'.
2026-10-08T15:27:50.9331276Z 
2026-10-08T15:27:50.9332245Z You are in 'detached HEAD' state. You can look around, make experimental
2026-10-08T15:27:50.9334643Z changes and commit them, and you can discard any commits you make in this
2026-10-08T15:27:50.9337357Z state without impacting any branches by switching back to a branch.
2026-10-08T15:27:50.9338760Z 
2026-10-08T15:27:50.9339699Z If you want to create a new branch to retain commits you create, you may
2026-10-08T15:27:50.9341994Z do so (now or later) by using -c with the switch command. Example:
2026-10-08T15:27:50.9343279Z 
2026-10-08T15:27:50.9343852Z   git switch -c <new-branch-name>
2026-10-08T15:27:50.9344754Z 
2026-10-08T15:27:50.9345298Z Or undo this operation with:
2026-10-08T15:27:50.9346264Z 
2026-10-08T15:27:50.9346758Z   git switch -
2026-10-08T15:27:50.9347403Z 
2026-10-08T15:27:50.9348498Z Turn off this advice by setting config variable advice.detachedHead to false
2026-10-08T15:27:50.9350198Z 
2026-10-08T15:27:50.9351785Z HEAD is now at 4101b79 Merge 596510ccda48361b34158927607a58988402ff91 into 24572d6d09cce9a4a5faa58300a89e0feba9da6a
2026-10-08T15:27:50.9355918Z ##[endgroup]
2026-10-08T15:27:50.9398893Z [command]/usr/bin/git log -1 --format=%H
2026-10-08T15:27:50.9424736Z 4101b793c3e4e988cdfb5b88299e1abe00c061bb
2026-10-08T15:27:50.9661235Z ##[group]Run set -euo pipefail
2026-10-08T15:27:50.9662279Z [36;1mset -euo pipefail[0m
2026-10-08T15:27:50.9663299Z [36;1mif [ "pull_request" = "pull_request" ]; then[0m
2026-10-08T15:27:50.9664549Z [36;1m  base="24572d6d09cce9a4a5faa58300a89e0feba9da6a"[0m
2026-10-08T15:27:50.9665967Z [36;1melif [ -n "" ] && [ "" != "0000000000000000000000000000000000000000" ]; then[0m
2026-10-08T15:27:50.9667419Z [36;1m  base=""[0m
2026-10-08T15:27:50.9668169Z [36;1melse[0m
2026-10-08T15:27:50.9668932Z [36;1m  base="$(git rev-parse HEAD^)"[0m
2026-10-08T15:27:50.9669864Z [36;1mfi[0m
2026-10-08T15:27:50.9670639Z [36;1mecho "base=$base" >> "$GITHUB_OUTPUT"[0m
2026-10-08T15:27:50.9671970Z [36;1mecho "candidate=$(git rev-parse HEAD)" >> "$GITHUB_OUTPUT"[0m
2026-10-08T15:27:51.0556571Z shell: /usr/bin/bash --noprofile --norc -e -o pipefail {0}
2026-10-08T15:27:51.0557806Z ##[endgroup]
2026-10-08T15:27:51.0901001Z ##[group]Run actions/checkout@v7
2026-10-08T15:27:51.0901914Z with:
2026-10-08T15:27:51.0902669Z   ref: 24572d6d09cce9a4a5faa58300a89e0feba9da6a
2026-10-08T15:27:51.0903643Z   path: baseline
2026-10-08T15:27:51.0904361Z   fetch-depth: 1
2026-10-08T15:27:51.0905106Z   repository: guluchen/DistQLDPC
2026-10-08T15:27:51.0912307Z   token: ***
2026-10-08T15:27:51.0913020Z   ssh-strict: true
2026-10-08T15:27:51.0913752Z   ssh-user: git
2026-10-08T15:27:51.0914495Z   persist-credentials: true
2026-10-08T15:27:51.0915303Z   clean: true
2026-10-08T15:27:51.0916185Z   sparse-checkout-cone-mode: true
2026-10-08T15:27:51.0917070Z   fetch-tags: false
2026-10-08T15:27:51.0917802Z   show-progress: true
2026-10-08T15:27:51.0918570Z   lfs: false
2026-10-08T15:27:51.0919259Z   submodules: false
2026-10-08T15:27:51.0920002Z   set-safe-directory: true
2026-10-08T15:27:51.0920840Z   allow-unsafe-pr-checkout: false
2026-10-08T15:27:51.0921706Z ##[endgroup]
2026-10-08T15:27:51.1636669Z Syncing repository: guluchen/DistQLDPC
2026-10-08T15:27:51.1640302Z ##[group]Getting Git version info
2026-10-08T15:27:51.1641732Z Working directory is '/home/runner/work/DistQLDPC/DistQLDPC/baseline'
2026-10-08T15:27:51.1685697Z [command]/usr/bin/git version
2026-10-08T15:27:51.1721403Z git version 2.55.0
2026-10-08T15:27:51.1738638Z ##[endgroup]
2026-10-08T15:27:51.1746823Z Temporarily overriding HOME='/home/runner/work/_temp/5785f29c-54d0-4153-a805-8b5a651f7511' before making global git config changes
2026-10-08T15:27:51.1750352Z Adding repository directory to the temporary git global config as a safe directory
2026-10-08T15:27:51.1753403Z [command]/usr/bin/git config --global --add safe.directory /home/runner/work/DistQLDPC/DistQLDPC/baseline
2026-10-08T15:27:51.1787405Z ##[group]Determining repository object format
2026-10-08T15:27:51.1789568Z ##[endgroup]
2026-10-08T15:27:51.1791348Z ##[group]Initializing the repository
2026-10-08T15:27:51.1793295Z [command]/usr/bin/git init /home/runner/work/DistQLDPC/DistQLDPC/baseline
2026-10-08T15:27:51.1842386Z hint: Using 'master' as the name for the initial branch. This default branch name
2026-10-08T15:27:51.1845194Z hint: will change to "main" in Git 3.0. To configure the initial branch name
2026-10-08T15:27:51.1849880Z hint: to use in all of your new repositories, which will suppress this warning,
2026-10-08T15:27:51.1851926Z hint: call:
2026-10-08T15:27:51.1853054Z hint:
2026-10-08T15:27:51.1854417Z hint: 	git config --global init.defaultBranch <name>
2026-10-08T15:27:51.1856450Z hint:
2026-10-08T15:27:51.1858057Z hint: Names commonly chosen instead of 'master' are 'main', 'trunk' and
2026-10-08T15:27:51.1860603Z hint: 'development'. The just-created branch can be renamed via this command:
2026-10-08T15:27:51.1862991Z hint:
2026-10-08T15:27:51.1864156Z hint: 	git branch -m <name>
2026-10-08T15:27:51.1865467Z hint:
2026-10-08T15:27:51.1867324Z hint: Disable this message with "git config set advice.defaultBranchName false"
2026-10-08T15:27:51.1870408Z Initialized empty Git repository in /home/runner/work/DistQLDPC/DistQLDPC/baseline/.git/
2026-10-08T15:27:51.1875206Z [command]/usr/bin/git remote add origin https://github.com/guluchen/DistQLDPC
2026-10-08T15:27:51.1936862Z ##[endgroup]
2026-10-08T15:27:51.1938612Z ##[group]Disabling automatic garbage collection
2026-10-08T15:27:51.1941592Z [command]/usr/bin/git config --local gc.auto 0
2026-10-08T15:27:51.1974573Z ##[endgroup]
2026-10-08T15:27:51.1976445Z ##[group]Setting up auth
2026-10-08T15:27:51.1978944Z Removing SSH command configuration
2026-10-08T15:27:51.1980868Z [command]/usr/bin/git config --local --name-only --get-regexp core\.sshCommand
2026-10-08T15:27:51.2012892Z [command]/usr/bin/git submodule foreach --recursive sh -c "git config --local --name-only --get-regexp 'core\.sshCommand' && git config --local --unset-all 'core.sshCommand' || :"
2026-10-08T15:27:51.2226612Z Removing HTTP extra header
2026-10-08T15:27:51.2231312Z [command]/usr/bin/git config --local --name-only --get-regexp http\.https\:\/\/github\.com\/\.extraheader
2026-10-08T15:27:51.2266471Z [command]/usr/bin/git submodule foreach --recursive sh -c "git config --local --name-only --get-regexp 'http\.https\:\/\/github\.com\/\.extraheader' && git config --local --unset-all 'http.https://github.com/.extraheader' || :"
2026-10-08T15:27:51.2474515Z Removing includeIf entries pointing to credentials config files
2026-10-08T15:27:51.2478535Z [command]/usr/bin/git config --local --name-only --get-regexp ^includeIf\.gitdir:
2026-10-08T15:27:51.2517864Z [command]/usr/bin/git submodule foreach --recursive git config --local --show-origin --name-only --get-regexp remote.origin.url
2026-10-08T15:27:51.2715679Z [command]/usr/bin/git config --file /home/runner/work/_temp/git-credentials-8793bc23-215b-44a8-b0ae-3e0139af689e.config http.https://github.com/.extraheader AUTHORIZATION: basic ***
2026-10-08T15:27:51.2751193Z [command]/usr/bin/git config --local includeIf.gitdir:/home/runner/work/DistQLDPC/DistQLDPC/baseline/.git.path /home/runner/work/_temp/git-credentials-8793bc23-215b-44a8-b0ae-3e0139af689e.config
2026-10-08T15:27:51.2781438Z [command]/usr/bin/git config --local includeIf.gitdir:/home/runner/work/DistQLDPC/DistQLDPC/baseline/.git/worktrees/*.path /home/runner/work/_temp/git-credentials-8793bc23-215b-44a8-b0ae-3e0139af689e.config
2026-10-08T15:27:51.2810929Z [command]/usr/bin/git config --local includeIf.gitdir:/github/workspace/baseline/.git.path /github/runner_temp/git-credentials-8793bc23-215b-44a8-b0ae-3e0139af689e.config
2026-10-08T15:27:51.2841612Z [command]/usr/bin/git config --local includeIf.gitdir:/github/workspace/baseline/.git/worktrees/*.path /github/runner_temp/git-credentials-8793bc23-215b-44a8-b0ae-3e0139af689e.config
2026-10-08T15:27:51.2869264Z ##[endgroup]
2026-10-08T15:27:51.2870541Z ##[group]Fetching the repository
2026-10-08T15:27:51.2874607Z [command]/usr/bin/git -c protocol.version=2 fetch --no-tags --prune --no-recurse-submodules --depth=1 origin 24572d6d09cce9a4a5faa58300a89e0feba9da6a
2026-10-08T15:27:51.5444989Z From https://github.com/guluchen/DistQLDPC
2026-10-08T15:27:51.5446644Z  * branch            24572d6d09cce9a4a5faa58300a89e0feba9da6a -> FETCH_HEAD
2026-10-08T15:27:51.5453433Z [command]/usr/bin/git rev-parse --verify --quiet 24572d6d09cce9a4a5faa58300a89e0feba9da6a^{object}
2026-10-08T15:27:51.5480520Z 24572d6d09cce9a4a5faa58300a89e0feba9da6a
2026-10-08T15:27:51.5489512Z ##[endgroup]
2026-10-08T15:27:51.5491305Z ##[group]Determining the checkout info
2026-10-08T15:27:51.5493259Z ##[endgroup]
2026-10-08T15:27:51.5494352Z [command]/usr/bin/git sparse-checkout disable
2026-10-08T15:27:51.5534775Z [command]/usr/bin/git config --local --unset-all extensions.worktreeConfig
2026-10-08T15:27:51.5569539Z ##[group]Checking out the ref
2026-10-08T15:27:51.5570968Z [command]/usr/bin/git checkout --progress --force 24572d6d09cce9a4a5faa58300a89e0feba9da6a
2026-10-08T15:27:51.5994849Z Note: switching to '24572d6d09cce9a4a5faa58300a89e0feba9da6a'.
2026-10-08T15:27:51.5996329Z 
2026-10-08T15:27:51.5997276Z You are in 'detached HEAD' state. You can look around, make experimental
2026-10-08T15:27:51.5999452Z changes and commit them, and you can discard any commits you make in this
2026-10-08T15:27:51.6001462Z state without impacting any branches by switching back to a branch.
2026-10-08T15:27:51.6002700Z 
2026-10-08T15:27:51.6003542Z If you want to create a new branch to retain commits you create, you may
2026-10-08T15:27:51.6005509Z do so (now or later) by using -c with the switch command. Example:
2026-10-08T15:27:51.6006831Z 
2026-10-08T15:27:51.6007339Z   git switch -c <new-branch-name>
2026-10-08T15:27:51.6008129Z 
2026-10-08T15:27:51.6008611Z Or undo this operation with:
2026-10-08T15:27:51.6009329Z 
2026-10-08T15:27:51.6009752Z   git switch -
2026-10-08T15:27:51.6010278Z 
2026-10-08T15:27:51.6011134Z Turn off this advice by setting config variable advice.detachedHead to false
2026-10-08T15:27:51.6012057Z 
2026-10-08T15:27:51.6012673Z HEAD is now at 24572d6 Point CI smoke at LP_34_20_2 after the QDistSAT rename.
2026-10-08T15:27:51.6016439Z ##[endgroup]
2026-10-08T15:27:51.6055632Z [command]/usr/bin/git log -1 --format=%H
2026-10-08T15:27:51.6081120Z 24572d6d09cce9a4a5faa58300a89e0feba9da6a
2026-10-08T15:27:51.6327092Z ##[group]Run actions/checkout@v7
2026-10-08T15:27:51.6327913Z with:
2026-10-08T15:27:51.6328576Z   repository: guluchen/QDistSAT
2026-10-08T15:27:51.6329348Z   ref: main
2026-10-08T15:27:51.6329983Z   path: qdistsat
2026-10-08T15:27:51.6330652Z   fetch-depth: 1
2026-10-08T15:27:51.6337116Z   token: ***
2026-10-08T15:27:51.6337774Z   ssh-strict: true
2026-10-08T15:27:51.6338445Z   ssh-user: git
2026-10-08T15:27:51.6339141Z   persist-credentials: true
2026-10-08T15:27:51.6339890Z   clean: true
2026-10-08T15:27:51.6340594Z   sparse-checkout-cone-mode: true
2026-10-08T15:27:51.6341429Z   fetch-tags: false
2026-10-08T15:27:51.6342123Z   show-progress: true
2026-10-08T15:27:51.6342821Z   lfs: false
2026-10-08T15:27:51.6343470Z   submodules: false
2026-10-08T15:27:51.6344171Z   set-safe-directory: true
2026-10-08T15:27:51.6344968Z   allow-unsafe-pr-checkout: false
2026-10-08T15:27:51.6345762Z ##[endgroup]
2026-10-08T15:27:51.7038359Z Syncing repository: guluchen/QDistSAT
2026-10-08T15:27:51.7040506Z ##[group]Getting Git version info
2026-10-08T15:27:51.7042289Z Working directory is '/home/runner/work/DistQLDPC/DistQLDPC/qdistsat'
2026-10-08T15:27:51.7070343Z [command]/usr/bin/git version
2026-10-08T15:27:51.7105243Z git version 2.55.0
2026-10-08T15:27:51.7148032Z ##[endgroup]
2026-10-08T15:27:51.7152222Z Temporarily overriding HOME='/home/runner/work/_temp/a0c866dc-9e21-4d4b-aa24-f07945958e78' before making global git config changes
2026-10-08T15:27:51.7155630Z Adding repository directory to the temporary git global config as a safe directory
2026-10-08T15:27:51.7158912Z [command]/usr/bin/git config --global --add safe.directory /home/runner/work/DistQLDPC/DistQLDPC/qdistsat
2026-10-08T15:27:51.7171017Z ##[group]Determining repository object format
2026-10-08T15:27:51.9365474Z ##[endgroup]
2026-10-08T15:27:51.9367658Z ##[group]Initializing the repository
2026-10-08T15:27:51.9372966Z [command]/usr/bin/git init /home/runner/work/DistQLDPC/DistQLDPC/qdistsat
2026-10-08T15:27:51.9432261Z hint: Using 'master' as the name for the initial branch. This default branch name
2026-10-08T15:27:51.9434845Z hint: will change to "main" in Git 3.0. To configure the initial branch name
2026-10-08T15:27:51.9437650Z hint: to use in all of your new repositories, which will suppress this warning,
2026-10-08T15:27:51.9440202Z hint: call:
2026-10-08T15:27:51.9441301Z hint:
2026-10-08T15:27:51.9442582Z hint: 	git config --global init.defaultBranch <name>
2026-10-08T15:27:51.9444122Z hint:
2026-10-08T15:27:51.9445650Z hint: Names commonly chosen instead of 'master' are 'main', 'trunk' and
2026-10-08T15:27:51.9448454Z hint: 'development'. The just-created branch can be renamed via this command:
2026-10-08T15:27:51.9449775Z hint:
2026-10-08T15:27:51.9450568Z hint: 	git branch -m <name>
2026-10-08T15:27:51.9451439Z hint:
2026-10-08T15:27:51.9452684Z hint: Disable this message with "git config set advice.defaultBranchName false"
2026-10-08T15:27:51.9456433Z Initialized empty Git repository in /home/runner/work/DistQLDPC/DistQLDPC/qdistsat/.git/
2026-10-08T15:27:51.9461785Z [command]/usr/bin/git remote add origin https://github.com/guluchen/QDistSAT
2026-10-08T15:27:51.9487075Z ##[endgroup]
2026-10-08T15:27:51.9488797Z ##[group]Disabling automatic garbage collection
2026-10-08T15:27:51.9490404Z [command]/usr/bin/git config --local gc.auto 0
2026-10-08T15:27:51.9528545Z ##[endgroup]
2026-10-08T15:27:51.9530156Z ##[group]Setting up auth
2026-10-08T15:27:51.9531354Z Removing SSH command configuration
2026-10-08T15:27:51.9534245Z [command]/usr/bin/git config --local --name-only --get-regexp core\.sshCommand
2026-10-08T15:27:51.9574524Z [command]/usr/bin/git submodule foreach --recursive sh -c "git config --local --name-only --get-regexp 'core\.sshCommand' && git config --local --unset-all 'core.sshCommand' || :"
2026-10-08T15:27:51.9795488Z Removing HTTP extra header
2026-10-08T15:27:51.9801077Z [command]/usr/bin/git config --local --name-only --get-regexp http\.https\:\/\/github\.com\/\.extraheader
2026-10-08T15:27:51.9861830Z [command]/usr/bin/git submodule foreach --recursive sh -c "git config --local --name-only --get-regexp 'http\.https\:\/\/github\.com\/\.extraheader' && git config --local --unset-all 'http.https://github.com/.extraheader' || :"
2026-10-08T15:27:52.0072440Z Removing includeIf entries pointing to credentials config files
2026-10-08T15:27:52.0077796Z [command]/usr/bin/git config --local --name-only --get-regexp ^includeIf\.gitdir:
2026-10-08T15:27:52.0111528Z [command]/usr/bin/git submodule foreach --recursive git config --local --show-origin --name-only --get-regexp remote.origin.url
2026-10-08T15:27:52.0312516Z [command]/usr/bin/git config --file /home/runner/work/_temp/git-credentials-e5dc7742-a1b5-4986-8370-5baaf166c557.config http.https://github.com/.extraheader AUTHORIZATION: basic ***
2026-10-08T15:27:52.0350211Z [command]/usr/bin/git config --local includeIf.gitdir:/home/runner/work/DistQLDPC/DistQLDPC/qdistsat/.git.path /home/runner/work/_temp/git-credentials-e5dc7742-a1b5-4986-8370-5baaf166c557.config
2026-10-08T15:27:52.0381921Z [command]/usr/bin/git config --local includeIf.gitdir:/home/runner/work/DistQLDPC/DistQLDPC/qdistsat/.git/worktrees/*.path /home/runner/work/_temp/git-credentials-e5dc7742-a1b5-4986-8370-5baaf166c557.config
2026-10-08T15:27:52.0414312Z [command]/usr/bin/git config --local includeIf.gitdir:/github/workspace/qdistsat/.git.path /github/runner_temp/git-credentials-e5dc7742-a1b5-4986-8370-5baaf166c557.config
2026-10-08T15:27:52.0446449Z [command]/usr/bin/git config --local includeIf.gitdir:/github/workspace/qdistsat/.git/worktrees/*.path /github/runner_temp/git-credentials-e5dc7742-a1b5-4986-8370-5baaf166c557.config
2026-10-08T15:27:52.0475078Z ##[endgroup]
2026-10-08T15:27:52.0476357Z ##[group]Fetching the repository
2026-10-08T15:27:52.0481082Z [command]/usr/bin/git -c protocol.version=2 fetch --no-tags --prune --no-recurse-submodules --depth=1 origin +refs/heads/main*:refs/remotes/origin/main* +refs/tags/main*:refs/tags/main*
2026-10-08T15:27:52.5936505Z From https://github.com/guluchen/QDistSAT
2026-10-08T15:27:52.5937629Z  * [new branch]      main       -> origin/main
2026-10-08T15:27:52.5945031Z ##[endgroup]
2026-10-08T15:27:52.5945532Z ##[group]Determining the checkout info
2026-10-08T15:27:52.5946183Z [command]/usr/bin/git branch --list --remote origin/main
2026-10-08T15:27:52.5975166Z   origin/main
2026-10-08T15:27:52.5978830Z ##[endgroup]
2026-10-08T15:27:52.5981882Z [command]/usr/bin/git sparse-checkout disable
2026-10-08T15:27:52.6023355Z [command]/usr/bin/git config --local --unset-all extensions.worktreeConfig
2026-10-08T15:27:52.6054533Z ##[group]Checking out the ref
2026-10-08T15:27:52.6057860Z [command]/usr/bin/git checkout --progress --force -B main refs/remotes/origin/main
2026-10-08T15:27:52.6393019Z Switched to a new branch 'main'
2026-10-08T15:27:52.6393964Z branch 'main' set up to track 'origin/main'.
2026-10-08T15:27:52.6404117Z ##[endgroup]
2026-10-08T15:27:52.6447014Z [command]/usr/bin/git log -1 --format=%H
2026-10-08T15:27:52.6474949Z 7c4774fffc49856f48a22ae5f9063d00b2661aaa
2026-10-08T15:27:52.6602692Z ##[group]Run sudo apt-get update
2026-10-08T15:27:52.6602982Z [36;1msudo apt-get update[0m
2026-10-08T15:27:52.6603249Z [36;1msudo apt-get install --yes build-essential zlib1g-dev[0m
2026-10-08T15:27:52.6659514Z shell: /usr/bin/bash -e {0}
2026-10-08T15:27:52.6659743Z ##[endgroup]
2026-10-08T15:27:52.7519982Z Get:1 file:/etc/apt/apt-mirrors.txt Mirrorlist [144 B]
2026-10-08T15:27:52.7998478Z Hit:2 http://azure.archive.ubuntu.com/ubuntu noble InRelease
2026-10-08T15:27:52.8000694Z Get:6 https://packages.microsoft.com/ubuntu/24.04/prod noble InRelease [3600 B]
2026-10-08T15:27:52.8009744Z Get:3 http://azure.archive.ubuntu.com/ubuntu noble-updates InRelease [126 kB]
2026-10-08T15:27:52.8037283Z Get:4 http://azure.archive.ubuntu.com/ubuntu noble-backports InRelease [126 kB]
2026-10-08T15:27:52.8058229Z Get:5 http://azure.archive.ubuntu.com/ubuntu noble-security InRelease [126 kB]
2026-10-08T15:27:52.9234933Z Get:7 https://packages.microsoft.com/ubuntu/24.04/prod noble/main arm64 Packages [474 kB]
2026-10-08T15:27:52.9392899Z Get:8 https://packages.microsoft.com/ubuntu/24.04/prod noble/main all Packages [640 B]
2026-10-08T15:27:52.9428987Z Get:9 https://packages.microsoft.com/ubuntu/24.04/prod noble/main amd64 Packages [531 kB]
2026-10-08T15:27:52.9510490Z Get:10 https://packages.microsoft.com/ubuntu/24.04/prod noble/main armhf Packages [12.3 kB]
2026-10-08T15:27:52.9845049Z Get:11 http://azure.archive.ubuntu.com/ubuntu noble-updates/main amd64 Packages [1375 kB]
2026-10-08T15:27:52.9908557Z Get:12 http://azure.archive.ubuntu.com/ubuntu noble-updates/main Translation-en [306 kB]
2026-10-08T15:27:52.9927769Z Get:13 http://azure.archive.ubuntu.com/ubuntu noble-updates/main amd64 Components [181 kB]
2026-10-08T15:27:52.9941108Z Get:14 http://azure.archive.ubuntu.com/ubuntu noble-updates/universe amd64 Packages [1702 kB]
2026-10-08T15:27:53.0012690Z Get:15 http://azure.archive.ubuntu.com/ubuntu noble-updates/universe Translation-en [342 kB]
2026-10-08T15:27:53.0034106Z Get:16 http://azure.archive.ubuntu.com/ubuntu noble-updates/universe amd64 Components [388 kB]
2026-10-08T15:27:53.0058868Z Get:17 http://azure.archive.ubuntu.com/ubuntu noble-updates/restricted amd64 Packages [1761 kB]
2026-10-08T15:27:53.0149602Z Get:18 http://azure.archive.ubuntu.com/ubuntu noble-updates/restricted Translation-en [401 kB]
2026-10-08T15:27:53.0155287Z Get:19 http://azure.archive.ubuntu.com/ubuntu noble-updates/multiverse amd64 Packages [55.0 kB]
2026-10-08T15:27:53.0166460Z Get:20 http://azure.archive.ubuntu.com/ubuntu noble-updates/multiverse Translation-en [14.3 kB]
2026-10-08T15:27:53.0641235Z Get:21 http://azure.archive.ubuntu.com/ubuntu noble-updates/multiverse amd64 Components [940 B]
2026-10-08T15:27:53.0652296Z Get:22 http://azure.archive.ubuntu.com/ubuntu noble-backports/main amd64 Components [5764 B]
2026-10-08T15:27:53.0660069Z Get:23 http://azure.archive.ubuntu.com/ubuntu noble-backports/universe amd64 Components [12.6 kB]
2026-10-08T15:27:53.0722214Z Get:24 http://azure.archive.ubuntu.com/ubuntu noble-security/main amd64 Packages [1106 kB]
2026-10-08T15:27:53.0770964Z Get:25 http://azure.archive.ubuntu.com/ubuntu noble-security/main Translation-en [226 kB]
2026-10-08T15:27:53.0784960Z Get:26 http://azure.archive.ubuntu.com/ubuntu noble-security/main amd64 Components [46.3 kB]
2026-10-08T15:27:53.0794221Z Get:27 http://azure.archive.ubuntu.com/ubuntu noble-security/universe amd64 Packages [1218 kB]
2026-10-08T15:27:53.0843949Z Get:28 http://azure.archive.ubuntu.com/ubuntu noble-security/universe Translation-en [245 kB]
2026-10-08T15:27:53.0860335Z Get:29 http://azure.archive.ubuntu.com/ubuntu noble-security/universe amd64 Components [76.3 kB]
2026-10-08T15:27:53.0871767Z Get:30 http://azure.archive.ubuntu.com/ubuntu noble-security/restricted amd64 Packages [1613 kB]
2026-10-08T15:27:53.0934570Z Get:31 http://azure.archive.ubuntu.com/ubuntu noble-security/restricted Translation-en [371 kB]
2026-10-08T15:27:53.0954639Z Get:32 http://azure.archive.ubuntu.com/ubuntu noble-security/multiverse Translation-en [11.6 kB]
2026-10-08T15:28:01.1642153Z Fetched 12.9 MB in 1s (10.5 MB/s)
2026-10-08T15:28:01.9131759Z Reading package lists...
2026-10-08T15:28:01.9571028Z Reading package lists...
2026-10-08T15:28:02.1631732Z Building dependency tree...
2026-10-08T15:28:02.1638207Z Reading state information...
2026-10-08T15:28:02.3306498Z zlib1g-dev is already the newest version (1:1.3.dfsg-3.1ubuntu2.2).
2026-10-08T15:28:02.3306971Z The following NEW packages will be installed:
2026-10-08T15:28:02.3311912Z   build-essential
2026-10-08T15:28:02.3460903Z 0 upgraded, 1 newly installed, 0 to remove and 40 not upgraded.
2026-10-08T15:28:02.3461449Z Need to get 4928 B of archives.
2026-10-08T15:28:02.3461878Z After this operation, 17.4 kB of additional disk space will be used.
2026-10-08T15:28:02.3462410Z Get:1 file:/etc/apt/apt-mirrors.txt Mirrorlist [144 B]
2026-10-08T15:28:02.3746897Z Get:2 http://azure.archive.ubuntu.com/ubuntu noble/main amd64 build-essential amd64 12.10ubuntu1 [4928 B]
2026-10-08T15:28:02.6312416Z Fetched 4928 B in 0s (131 kB/s)
2026-10-08T15:28:02.6501602Z Selecting previously unselected package build-essential.
2026-10-08T15:28:02.6731386Z (Reading database ... 
2026-10-08T15:28:02.6731766Z (Reading database ... 5%
2026-10-08T15:28:02.6732054Z (Reading database ... 10%
2026-10-08T15:28:02.6732285Z (Reading database ... 15%
2026-10-08T15:28:02.6732471Z (Reading database ... 20%
2026-10-08T15:28:02.6732654Z (Reading database ... 25%
2026-10-08T15:28:02.6732847Z (Reading database ... 30%
2026-10-08T15:28:02.6733033Z (Reading database ... 35%
2026-10-08T15:28:02.6733209Z (Reading database ... 40%
2026-10-08T15:28:02.6733430Z (Reading database ... 45%
2026-10-08T15:28:02.6733615Z (Reading database ... 50%
2026-10-08T15:28:02.6770039Z (Reading database ... 55%
2026-10-08T15:28:02.8014721Z (Reading database ... 60%
2026-10-08T15:28:03.0493499Z (Reading database ... 65%
2026-10-08T15:28:03.2363970Z (Reading database ... 70%
2026-10-08T15:28:03.3987695Z (Reading database ... 75%
2026-10-08T15:28:03.5402638Z (Reading database ... 80%
2026-10-08T15:28:03.7438915Z (Reading database ... 85%
2026-10-08T15:28:03.9002095Z (Reading database ... 90%
2026-10-08T15:28:04.1956911Z (Reading database ... 95%
2026-10-08T15:28:04.1957203Z (Reading database ... 100%
2026-10-08T15:28:04.1957492Z (Reading database ... 202296 files and directories currently installed.)
2026-10-08T15:28:04.2001082Z Preparing to unpack .../build-essential_12.10ubuntu1_amd64.deb ...
2026-10-08T15:28:04.2020032Z Unpacking build-essential (12.10ubuntu1) ...
2026-10-08T15:28:04.2376195Z Setting up build-essential (12.10ubuntu1) ...
2026-10-08T15:28:04.7544461Z 
2026-10-08T15:28:04.7547203Z Running kernel seems to be up-to-date.
2026-10-08T15:28:04.7547522Z 
2026-10-08T15:28:04.7547658Z No services need to be restarted.
2026-10-08T15:28:04.7547870Z 
2026-10-08T15:28:04.7548003Z No containers need to be restarted.
2026-10-08T15:28:04.7548218Z 
2026-10-08T15:28:04.7548363Z No user sessions are running outdated binaries.
2026-10-08T15:28:04.7548615Z 
2026-10-08T15:28:04.7548885Z No VM guests are running outdated hypervisor (qemu) binaries on this host.
2026-10-08T15:28:05.6470100Z ##[group]Run set -euo pipefail
2026-10-08T15:28:05.6470379Z [36;1mset -euo pipefail[0m
2026-10-08T15:28:05.6470604Z [36;1mmake -C baseline --jobs="$(nproc)"[0m
2026-10-08T15:28:05.6470857Z [36;1mmake -C candidate --jobs="$(nproc)"[0m
2026-10-08T15:28:05.6526369Z shell: /usr/bin/bash --noprofile --norc -e -o pipefail {0}
2026-10-08T15:28:05.6526661Z ##[endgroup]
2026-10-08T15:28:05.6829736Z make: Entering directory '/home/runner/work/DistQLDPC/DistQLDPC/baseline'
2026-10-08T15:28:05.6840639Z g++ -Isrc/solver -Wall -Wno-parentheses -O3 -g -D __STDC_LIMIT_MACROS -D __STDC_FORMAT_MACROS -DNDEBUG -c -o build/SimpSolver.o src/solver/SimpSolver.cc
2026-10-08T15:28:05.6878450Z g++ -Isrc/solver -Wall -Wno-parentheses -O3 -g -D __STDC_LIMIT_MACROS -D __STDC_FORMAT_MACROS -DNDEBUG -c -o build/Solver.o src/solver/Solver.cc
2026-10-08T15:28:05.6880893Z g++ -Isrc/solver -Wall -Wno-parentheses -O3 -g -D __STDC_LIMIT_MACROS -D __STDC_FORMAT_MACROS -DNDEBUG -c -o build/Options.o src/solver/utils/Options.cc
2026-10-08T15:28:05.6883002Z g++ -Isrc/solver -Wall -Wno-parentheses -O3 -g -D __STDC_LIMIT_MACROS -D __STDC_FORMAT_MACROS -DNDEBUG -c -o build/System.o src/solver/utils/System.cc
2026-10-08T15:28:06.6958594Z In file included from src/solver/Solver.h:53,
2026-10-08T15:28:06.6959264Z                  from src/solver/Solver.cc:107:
2026-10-08T15:28:06.6960400Z src/solver/utils/Options.h:285:29: warning: invalid suffix on literal; C++11 requires a space between literal and string macro [-Wliteral-suffix]
2026-10-08T15:28:06.6961489Z   285 |             fprintf(stderr, "%4"PRIi64, range.begin);
2026-10-08T15:28:06.6962090Z       |                             ^
2026-10-08T15:28:06.6963297Z src/solver/utils/Options.h:291:29: warning: invalid suffix on literal; C++11 requires a space between literal and string macro [-Wliteral-suffix]
2026-10-08T15:28:06.6964300Z   291 |             fprintf(stderr, "%4"PRIi64, range.end);
2026-10-08T15:28:06.6964835Z       |                             ^
2026-10-08T15:28:06.6965738Z src/solver/utils/Options.h:293:25: warning: invalid suffix on literal; C++11 requires a space between literal and string macro [-Wliteral-suffix]
2026-10-08T15:28:06.6966864Z   293 |         fprintf(stderr, "] (default: %"PRIi64")\n", value);
2026-10-08T15:28:06.6967409Z       |                         ^
2026-10-08T15:28:06.6989190Z In file included from src/solver/utils/Options.cc:21:
2026-10-08T15:28:06.7009447Z src/solver/utils/Options.h:285:29: warning: invalid suffix on literal; C++11 requires a space between literal and string macro [-Wliteral-suffix]
2026-10-08T15:28:06.7015733Z   285 |             fprintf(stderr, "%4"PRIi64, range.begin);
2026-10-08T15:28:06.7016476Z       |                             ^
2026-10-08T15:28:06.7016866Z In file included from src/solver/Solver.h:53,
2026-10-08T15:28:06.7017261Z                  from src/solver/SimpSolver.h:37,
2026-10-08T15:28:06.7017629Z                  from src/solver/SimpSolver.cc:34:
2026-10-08T15:28:06.7018362Z src/solver/utils/Options.h:285:29: warning: invalid suffix on literal; C++11 requires a space between literal and string macro [-Wliteral-suffix]
2026-10-08T15:28:06.7019133Z   285 |             fprintf(stderr, "%4"PRIi64, range.begin);
2026-10-08T15:28:06.7019493Z       |                             ^
2026-10-08T15:28:06.7020191Z src/solver/utils/Options.h:291:29: warning: invalid suffix on literal; C++11 requires a space between literal and string macro [-Wliteral-suffix]
2026-10-08T15:28:06.7020978Z   291 |             fprintf(stderr, "%4"PRIi64, range.end);
2026-10-08T15:28:06.7021360Z       |                             ^
2026-10-08T15:28:06.7022091Z src/solver/utils/Options.h:291:29: warning: invalid suffix on literal; C++11 requires a space between literal and string macro [-Wliteral-suffix]
2026-10-08T15:28:06.7022873Z   291 |             fprintf(stderr, "%4"PRIi64, range.end);
2026-10-08T15:28:06.7023233Z       |                             ^
2026-10-08T15:28:06.7024317Z src/solver/utils/Options.h:293:25: warning: invalid suffix on literal; C++11 requires a space between literal and string macro [-Wliteral-suffix]
2026-10-08T15:28:06.7025117Z   293 |         fprintf(stderr, "] (default: %"PRIi64")\n", value);
2026-10-08T15:28:06.7025503Z       |                         ^
2026-10-08T15:28:06.7026342Z src/solver/utils/Options.h:293:25: warning: invalid suffix on literal; C++11 requires a space between literal and string macro [-Wliteral-suffix]
2026-10-08T15:28:06.7026810Z   293 |         fprintf(stderr, "] (default: %"PRIi64")\n", value);
2026-10-08T15:28:06.7027200Z       |                         ^
2026-10-08T15:28:06.8795072Z src/solver/Solver.h: In constructor ‘Minisat::Solver::Solver()’:
2026-10-08T15:28:06.8796705Z src/solver/Solver.h:480:15: warning: ‘Minisat::Solver::my_var_decay’ will be initialized after [-Wreorder]
2026-10-08T15:28:06.8807024Z   480 |     double    my_var_decay;
2026-10-08T15:28:06.8807574Z       |               ^~~~~~~~~~~~
2026-10-08T15:28:06.8808918Z src/solver/Solver.h:293:42: warning:   ‘Minisat::Heap<Minisat::Solver::VarOrderLt> Minisat::Solver::order_heap_distance’ [-Wreorder]
2026-10-08T15:28:06.8809938Z   293 |                         order_heap_VSIDS,order_heap_distance;
2026-10-08T15:28:06.8810549Z       |                                          ^~~~~~~~~~~~~~~~~~~
2026-10-08T15:28:06.8811204Z src/solver/Solver.cc:143:1: warning:   when initialized here [-Wreorder]
2026-10-08T15:28:06.8811824Z   143 | Solver::Solver() :
2026-10-08T15:28:06.8812241Z       | ^~~~~~
2026-10-08T15:28:06.8813135Z src/solver/Solver.h:514:14: warning: ‘Minisat::Solver::lastOptimalCost’ will be initialized after [-Wreorder]
2026-10-08T15:28:06.8813971Z   514 |     uint64_t lastOptimalCost;
2026-10-08T15:28:06.8814453Z       |              ^~~~~~~~~~~~~~~
2026-10-08T15:28:06.8815349Z src/solver/Solver.h:513:40: warning:   ‘uint64_t Minisat::Solver::totalWeight’ [-Wreorder]
2026-10-08T15:28:06.8817399Z   513 |     uint64_t hardWeight, solutionCost, totalWeight, UB;
2026-10-08T15:28:06.8818179Z       |                                        ^~~~~~~~~~~
2026-10-08T15:28:06.8818919Z src/solver/Solver.cc:143:1: warning:   when initialized here [-Wreorder]
2026-10-08T15:28:06.8819635Z   143 | Solver::Solver() :
2026-10-08T15:28:06.8820089Z       | ^~~~~~
2026-10-08T15:28:06.8821014Z src/solver/Solver.h:707:25: warning: ‘Minisat::Solver::orderHeapAuxi’ will be initialized after [-Wreorder]
2026-10-08T15:28:06.8821894Z   707 |     Heap<VarOrderGt>    orderHeapAuxi;
2026-10-08T15:28:06.8822428Z       |                         ^~~~~~~~~~~~~
2026-10-08T15:28:06.8823269Z src/solver/Solver.h:619:25: warning:   ‘int Minisat::Solver::tier2_lbd_cut’ [-Wreorder]
2026-10-08T15:28:06.8823974Z   619 |     int                 tier2_lbd_cut;
2026-10-08T15:28:06.8824477Z       |                         ^~~~~~~~~~~~~
2026-10-08T15:28:06.8825095Z src/solver/Solver.cc:143:1: warning:   when initialized here [-Wreorder]
2026-10-08T15:28:06.8825736Z   143 | Solver::Solver() :
2026-10-08T15:28:06.8826339Z       | ^~~~~~
2026-10-08T15:28:06.8827276Z src/solver/Solver.h:663:9: warning: ‘Minisat::Solver::cardinalityEncMode’ will be initialized after [-Wreorder]
2026-10-08T15:28:06.8828135Z   663 |     int cardinalityEncMode;
2026-10-08T15:28:06.8828616Z       |         ^~~~~~~~~~~~~~~~~~
2026-10-08T15:28:06.8829524Z src/solver/Solver.h:644:14: warning:   ‘uint64_t Minisat::Solver::quasiSoftConflicts’ [-Wreorder]
2026-10-08T15:28:06.8830318Z   644 |     uint64_t quasiSoftConflicts;
2026-10-08T15:28:06.8830827Z       |              ^~~~~~~~~~~~~~~~~~
2026-10-08T15:28:06.8831485Z src/solver/Solver.cc:143:1: warning:   when initialized here [-Wreorder]
2026-10-08T15:28:06.8832135Z   143 | Solver::Solver() :
2026-10-08T15:28:06.8832567Z       | ^~~~~~
2026-10-08T15:28:06.8833448Z src/solver/Solver.h:696:14: warning: ‘Minisat::Solver::nbFixedByLH’ will be initialized after [-Wreorder]
2026-10-08T15:28:06.8834287Z   696 |     uint64_t nbFixedByLH;
2026-10-08T15:28:06.8834763Z       |              ^~~~~~~~~~~
2026-10-08T15:28:06.8836190Z src/solver/Solver.h:562:10: warning:   ‘bool Minisat::Solver::bestSolutionFound’ [-Wreorder]
2026-10-08T15:28:06.8837049Z   562 |     bool bestSolutionFound;
2026-10-08T15:28:06.8837545Z       |          ^~~~~~~~~~~~~~~~~
2026-10-08T15:28:06.8838151Z src/solver/Solver.cc:143:1: warning:   when initialized here [-Wreorder]
2026-10-08T15:28:06.8838810Z   143 | Solver::Solver() :
2026-10-08T15:28:06.8839264Z       | ^~~~~~
2026-10-08T15:28:06.8840194Z src/solver/Solver.h:564:9: warning: ‘Minisat::Solver::nbSatLitsAtStart’ will be initialized after [-Wreorder]
2026-10-08T15:28:06.8841330Z   564 |     int nbSatLitsAtStart;
2026-10-08T15:28:06.8841827Z       |         ^~~~~~~~~~~~~~~~
2026-10-08T15:28:06.8842652Z src/solver/Solver.h:560:9: warning:   ‘int Minisat::Solver::bounds_pipe_w’ [-Wreorder]
2026-10-08T15:28:06.8843392Z   560 |     int bounds_pipe_w;
2026-10-08T15:28:06.8843924Z       |         ^~~~~~~~~~~~~
2026-10-08T15:28:06.8844537Z src/solver/Solver.cc:143:1: warning:   when initialized here [-Wreorder]
2026-10-08T15:28:06.8845230Z   143 | Solver::Solver() :
2026-10-08T15:28:06.8845675Z       | ^~~~~~
2026-10-08T15:28:06.8869129Z src/solver/Solver.cc: In member function ‘Minisat::CRef Minisat::Solver::simplePropagate()’:
2026-10-08T15:28:06.8887516Z src/solver/Solver.cc:316:27: warning: comparison of integer expressions of different signedness: ‘unsigned int’ and ‘int’ [-Wsign-compare]
2026-10-08T15:28:06.8888252Z   316 |         if (c.lastPoint() > c.size())
2026-10-08T15:28:06.8888675Z       |             ~~~~~~~~~~~~~~^~~~~~~~~~
2026-10-08T15:28:06.8889747Z src/solver/Solver.cc:335:27: warning: comparison of integer expressions of different signedness: ‘int’ and ‘unsigned int’ [-Wsign-compare]
2026-10-08T15:28:06.8890489Z   335 |         for (int k = 2; k < c.lastPoint(); k++) {
2026-10-08T15:28:06.8891057Z       |                         ~~^~~~~~~~~~~~~~~
2026-10-08T15:28:06.8892173Z src/solver/Solver.cc:381:63: warning: comparison of integer expressions of different signedness: ‘int’ and ‘uint64_t’ {aka ‘long unsigned int’} [-Wsign-compare]
2026-10-08T15:28:06.8893129Z   381 |     if (confl == CRef_Undef && falseLits.size() + rootNbIsets >= UB)
2026-10-08T15:28:06.8893619Z       |                                ~~~~~~~~~~~~~~~~~~~~~~~~~~~~~~~^~~~~
2026-10-08T15:28:06.8929023Z src/solver/Solver.cc: In member function ‘bool Minisat::Solver::simplifyLearnt_core()’:
2026-10-08T15:28:06.8930301Z src/solver/Solver.cc:787:34: warning: comparison of integer expressions of different signedness: ‘unsigned int’ and ‘int’ [-Wsign-compare]
2026-10-08T15:28:06.8931094Z   787 |                     if (nblevels < c.lbd()){
2026-10-08T15:28:06.8931466Z       |                         ~~~~~~~~~^~~~~~~~~
2026-10-08T15:28:06.8932134Z src/solver/Solver.cc:721:9: warning: unused variable ‘learnts_core_size_before’ [-Wunused-variable]
2026-10-08T15:28:06.8932726Z   721 |     int learnts_core_size_before = learnts_core.size();
2026-10-08T15:28:06.8933112Z       |         ^~~~~~~~~~~~~~~~~~~~~~~~
2026-10-08T15:28:06.8941695Z src/solver/Solver.cc: In member function ‘bool Minisat::Solver::simplifyLearnt_tier2()’:
2026-10-08T15:28:06.8942785Z src/solver/Solver.cc:895:34: warning: comparison of integer expressions of different signedness: ‘unsigned int’ and ‘int’ [-Wsign-compare]
2026-10-08T15:28:06.8943557Z   895 |                     if (nblevels < c.lbd()){
2026-10-08T15:28:06.8943914Z       |                         ~~~~~~~~~^~~~~~~~~
2026-10-08T15:28:06.8944604Z src/solver/Solver.cc:823:9: warning: unused variable ‘learnts_tier2_size_before’ [-Wunused-variable]
2026-10-08T15:28:06.8945273Z   823 |     int learnts_tier2_size_before = learnts_tier2.size();
2026-10-08T15:28:06.8945672Z       |         ^~~~~~~~~~~~~~~~~~~~~~~~~
2026-10-08T15:28:06.8946313Z src/solver/Solver.cc:828:9: warning: variable ‘limit’ set but not used [-Wunused-but-set-variable]
2026-10-08T15:28:06.8946688Z   828 |     int limit;
2026-10-08T15:28:06.8946863Z       |         ^~~~~
2026-10-08T15:28:06.9163740Z src/solver/Solver.cc: In member function ‘bool Minisat::Solver::failedLiteralDetection()’:
2026-10-08T15:28:06.9165095Z src/solver/Solver.cc:1038:100: warning: format ‘%llu’ expects argument of type ‘long long unsigned int’, but argument 7 has type ‘uint64_t’ {aka ‘long unsigned int’} [-Wformat=]
2026-10-08T15:28:06.9167248Z  1038 |   printf("c nbFailedLits %d, nbI %d, fixedVarsByFL %d, totalFixedVars %d, nbTested: %d, counter %llu\n",
2026-10-08T15:28:06.9167953Z       |                                                                                                 ~~~^
2026-10-08T15:28:06.9168708Z       |                                                                                                    |
2026-10-08T15:28:06.9169254Z       |                                                                                                    long long unsigned int
2026-10-08T15:28:06.9169801Z       |                                                                                                 %lu
2026-10-08T15:28:06.9170440Z  1039 |          nbFailedLits, nbI, trail.size()-initTrail, trail.size(), nbTested, counter);
2026-10-08T15:28:06.9171057Z       |                                                                             ~~~~~~~                 
2026-10-08T15:28:06.9171523Z       |                                                                             |
2026-10-08T15:28:06.9172015Z       |                                                                             uint64_t {aka long unsigned int}
2026-10-08T15:28:06.9210273Z src/solver/Solver.cc: In member function ‘bool Minisat::Solver::simplifyOriginalClauses()’:
2026-10-08T15:28:06.9211592Z src/solver/Solver.cc:1179:40: warning: format ‘%llu’ expects argument of type ‘long long unsigned int’, but argument 2 has type ‘uint64_t’ {aka ‘long unsigned int’} [-Wformat=]
2026-10-08T15:28:06.9212226Z  1179 |     printf("c total nb of literals: %llu\n", clauses_literals);
2026-10-08T15:28:06.9212533Z       |                                     ~~~^     ~~~~~~~~~~~~~~~~
2026-10-08T15:28:06.9212795Z       |                                        |     |
2026-10-08T15:28:06.9213053Z       |                                        |     uint64_t {aka long unsigned int}
2026-10-08T15:28:06.9213327Z       |                                        long long unsigned int
2026-10-08T15:28:06.9213571Z       |                                     %lu
2026-10-08T15:28:06.9214547Z src/solver/Solver.cc:1173:25: warning: unused variable ‘nbOriginalClauses_before’ [-Wunused-variable]
2026-10-08T15:28:06.9215264Z  1173 |     int last_shorten=0, nbOriginalClauses_before = clauses.size();
2026-10-08T15:28:06.9215756Z       |                         ^~~~~~~~~~~~~~~~~~~~~~~~
2026-10-08T15:28:06.9216530Z src/solver/Solver.cc:1185:17: warning: unused variable ‘begin_simp_time’ [-Wunused-variable]
2026-10-08T15:28:06.9217111Z  1185 |     double      begin_simp_time = cpuTime();
2026-10-08T15:28:06.9217466Z       |                 ^~~~~~~~~~~~~~~
2026-10-08T15:28:06.9218058Z src/solver/Solver.cc:1250:12: warning: variable ‘avg’ set but not used [-Wunused-but-set-variable]
2026-10-08T15:28:06.9218409Z  1250 |     double avg;
2026-10-08T15:28:06.9218578Z       |            ^~~
2026-10-08T15:28:06.9241035Z In file included from src/solver/mtl/Sort.h:24,
2026-10-08T15:28:06.9241460Z                  from src/solver/SimpSolver.cc:33:
2026-10-08T15:28:06.9242355Z src/solver/mtl/Vec.h: In instantiation of ‘void Minisat::vec<T>::capacity(int) [with T = Minisat::vec<unsigned int>]’:
2026-10-08T15:28:06.9243432Z src/solver/mtl/Vec.h:115:13:   required from ‘void Minisat::vec<T>::growTo(int) [with T = Minisat::vec<unsigned int>]’
2026-10-08T15:28:06.9244773Z src/solver/SolverTypes.h:339:50:   required from ‘void Minisat::OccLists<Idx, Vec, Deleted>::init(const Idx&) [with Idx = int; Vec = Minisat::vec<unsigned int>; Deleted = Minisat::SimpSolver::ClauseDeleted]’
2026-10-08T15:28:06.9245697Z src/solver/SimpSolver.cc:98:24:   required from here
2026-10-08T15:28:06.9247302Z src/solver/mtl/Vec.h:99:54: warning: ‘void* realloc(void*, size_t)’ moving an object of non-trivially copyable type ‘class Minisat::vec<unsigned int>’; use ‘new’ and ‘delete’ instead [-Wclass-memaccess]
2026-10-08T15:28:06.9248112Z    99 |     if (add > INT_MAX - cap || ((data = (T*)::realloc(data, (cap += add) * sizeof(T))) == NULL) && errno == ENOMEM)
2026-10-08T15:28:06.9248529Z       |                                             ~~~~~~~~~^~~~~~~~~~~~~~~~~~~~~~~~~~~~~~~~
2026-10-08T15:28:06.9249010Z src/solver/mtl/Vec.h:38:7: note: ‘class Minisat::vec<unsigned int>’ declared here
2026-10-08T15:28:06.9249316Z    38 | class vec {
2026-10-08T15:28:06.9249606Z       |       ^~~
2026-10-08T15:28:06.9291336Z src/solver/Solver.cc: In member function ‘Minisat::CRef Minisat::Solver::propagate()’:
2026-10-08T15:28:06.9292710Z src/solver/Solver.cc:2005:31: warning: comparison of integer expressions of different signedness: ‘unsigned int’ and ‘int’ [-Wsign-compare]
2026-10-08T15:28:06.9293931Z  2005 |             if (c.lastPoint() > c.size())
2026-10-08T15:28:06.9294527Z       |                 ~~~~~~~~~~~~~~^~~~~~~~~~
2026-10-08T15:28:06.9295738Z src/solver/Solver.cc:2024:31: warning: comparison of integer expressions of different signedness: ‘int’ and ‘unsigned int’ [-Wsign-compare]
2026-10-08T15:28:06.9296979Z  2024 |             for (int k = 2; k < c.lastPoint(); k++) {
2026-10-08T15:28:06.9297557Z       |                             ~~^~~~~~~~~~~~~~~
2026-10-08T15:28:06.9298820Z src/solver/Solver.cc:2076:49: warning: comparison of integer expressions of different signedness: ‘int’ and ‘uint64_t’ {aka ‘long unsigned int’} [-Wsign-compare]
2026-10-08T15:28:06.9300136Z  2076 |     if (confl == CRef_Undef && falseLits.size() >= UB)
2026-10-08T15:28:06.9302003Z       |                                ~~~~~~~~~~~~~~~~~^~~~~
2026-10-08T15:28:06.9302932Z src/solver/Solver.cc:2072:1: warning: label ‘ExitProp’ defined but not used [-Wunused-label]
2026-10-08T15:28:06.9303702Z  2072 | ExitProp:;
2026-10-08T15:28:06.9304122Z       | ^~~~~~~~
2026-10-08T15:28:06.9314997Z src/solver/Solver.cc: In member function ‘void Minisat::Solver::getAllUIP(Minisat::vec<Minisat::Lit>&, int&, int&)’:
2026-10-08T15:28:06.9316407Z src/solver/Solver.cc:2177:9: warning: variable ‘myLevel’ set but not used [-Wunused-but-set-variable]
2026-10-08T15:28:06.9317305Z  2177 |     int myLevel = decisionLevel() +1;
2026-10-08T15:28:06.9317855Z       |         ^~~~~~~
2026-10-08T15:28:06.9318948Z src/solver/Solver.cc: In member function ‘void Minisat::Solver::analyzeSoftConflict(Minisat::vec<Minisat::Lit>&, int&, int&)’:
2026-10-08T15:28:06.9320552Z src/solver/Solver.cc:2196:26: warning: comparison of integer expressions of different signedness: ‘int’ and ‘uint64_t’ {aka ‘long unsigned int’} [-Wsign-compare]
2026-10-08T15:28:06.9321669Z  2196 |     if (falseLits.size() >= UB)
2026-10-08T15:28:06.9322177Z       |         ~~~~~~~~~~~~~~~~~^~~~~
2026-10-08T15:28:06.9323399Z src/solver/Solver.cc:2206:26: warning: comparison of integer expressions of different signedness: ‘int’ and ‘uint64_t’ {aka ‘long unsigned int’} [-Wsign-compare]
2026-10-08T15:28:06.9324486Z  2206 |     if (falseLits.size() > UB) {
2026-10-08T15:28:06.9324994Z       |         ~~~~~~~~~~~~~~~~~^~~~
2026-10-08T15:28:06.9363141Z src/solver/Solver.cc: In member function ‘bool Minisat::Solver::simplifyLearnt_local()’:
2026-10-08T15:28:06.9364352Z src/solver/Solver.cc:2631:34: warning: comparison of integer expressions of different signedness: ‘unsigned int’ and ‘int’ [-Wsign-compare]
2026-10-08T15:28:06.9365132Z  2631 |                     if (nblevels < c.lbd()){
2026-10-08T15:28:06.9365673Z       |                         ~~~~~~~~~^~~~~~~~~
2026-10-08T15:28:06.9366699Z src/solver/Solver.cc:2559:7: warning: unused variable ‘learnts_local_size_before’ [-Wunused-variable]
2026-10-08T15:28:06.9367394Z  2559 |   int learnts_local_size_before = learnts_local.size();
2026-10-08T15:28:06.9367817Z       |       ^~~~~~~~~~~~~~~~~~~~~~~~~
2026-10-08T15:28:06.9368396Z src/solver/Solver.cc:2560:7: warning: unused variable ‘savedTrail’ [-Wunused-variable]
2026-10-08T15:28:06.9368925Z  2560 |   int savedTrail = trail.size();
2026-10-08T15:28:06.9369475Z       |       ^~~~~~~~~~
2026-10-08T15:28:06.9378592Z src/solver/Solver.cc: In member function ‘void Minisat::Solver::reduceDB_core()’:
2026-10-08T15:28:06.9379686Z src/solver/Solver.cc:2772:9: warning: unused variable ‘totalLocalSize’ [-Wunused-variable]
2026-10-08T15:28:06.9381150Z  2772 |     int totalLocalSize=0, removedSize=0;
2026-10-08T15:28:06.9381748Z       |         ^~~~~~~~~~~~~~
2026-10-08T15:28:06.9382579Z src/solver/Solver.cc:2772:27: warning: unused variable ‘removedSize’ [-Wunused-variable]
2026-10-08T15:28:06.9383606Z  2772 |     int totalLocalSize=0, removedSize=0;
2026-10-08T15:28:06.9384142Z       |                           ^~~~~~~~~~~
2026-10-08T15:28:06.9402269Z src/solver/Solver.cc: In member function ‘Minisat::CRef Minisat::Solver::lPropagate()’:
2026-10-08T15:28:06.9403832Z src/solver/Solver.cc:3022:20: warning: comparison of integer expressions of different signedness: ‘uint64_t’ {aka ‘long unsigned int’} and ‘int’ [-Wsign-compare]
2026-10-08T15:28:06.9405124Z  3022 |   if (UB > 1 && UB == falseLits.size() + 1 && decisionLevel() < hardenLevel) {
2026-10-08T15:28:06.9405897Z       |                 ~~~^~~~~~~~~~~~~~~~~~~~~~~
2026-10-08T15:28:06.9421590Z src/solver/Solver.cc: In member function ‘void Minisat::Solver::identifyClausesToSplit(Minisat::vec<unsigned int>&)’:
2026-10-08T15:28:06.9423060Z src/solver/Solver.cc:3170:46: warning: comparison of integer expressions of different signedness: ‘int’ and ‘uint64_t’ {aka ‘long unsigned int’} [-Wsign-compare]
2026-10-08T15:28:06.9424016Z  3170 |     for(j=i+1; j<cs.size() && 2*nbCommunLits >= UB; j++) {
2026-10-08T15:28:06.9424444Z       |                               ~~~~~~~~~~~~~~~^~~~~
2026-10-08T15:28:06.9484892Z src/solver/Solver.cc: In member function ‘Minisat::lbool Minisat::Solver::search(int&)’:
2026-10-08T15:28:06.9486554Z src/solver/Solver.cc:3821:31: warning: format ‘%llu’ expects argument of type ‘long long unsigned int’, but argument 2 has type ‘uint64_t’ {aka ‘long unsigned int’} [-Wformat=]
2026-10-08T15:28:06.9488245Z  3821 |               printf("c UB=%llu succs, confls=%llu, hconfls=%llu, core %d, tier2 %d, local %d,  %d soft cls unsat (%d at L0), %d fixed vars at L0, softCnfl %d, nbFlyRd %d, nbFixedLH %llu\n",
2026-10-08T15:28:06.9489313Z       |                            ~~~^
2026-10-08T15:28:06.9489815Z       |                               |
2026-10-08T15:28:06.9490317Z       |                               long long unsigned int
2026-10-08T15:28:06.9490844Z       |                            %lu
2026-10-08T15:28:06.9491693Z  3822 |                      UB, conflicts, conflicts-softConflicts, learnts_core.size(), learnts_tier2.size(), learnts_local.size(),
2026-10-08T15:28:06.9492544Z       |                      ~~        
2026-10-08T15:28:06.9493031Z       |                      |
2026-10-08T15:28:06.9493521Z       |                      uint64_t {aka long unsigned int}
2026-10-08T15:28:06.9494987Z src/solver/Solver.cc:3821:50: warning: format ‘%llu’ expects argument of type ‘long long unsigned int’, but argument 3 has type ‘uint64_t’ {aka ‘long unsigned int’} [-Wformat=]
2026-10-08T15:28:06.9497464Z  3821 |               printf("c UB=%llu succs, confls=%llu, hconfls=%llu, core %d, tier2 %d, local %d,  %d soft cls unsat (%d at L0), %d fixed vars at L0, softCnfl %d, nbFlyRd %d, nbFixedLH %llu\n",
2026-10-08T15:28:06.9498474Z       |                                               ~~~^
2026-10-08T15:28:06.9498849Z       |                                                  |
2026-10-08T15:28:06.9499250Z       |                                                  long long unsigned int
2026-10-08T15:28:06.9499654Z       |                                               %lu
2026-10-08T15:28:06.9500215Z  3822 |                      UB, conflicts, conflicts-softConflicts, learnts_core.size(), learnts_tier2.size(), learnts_local.size(),
2026-10-08T15:28:06.9500780Z       |                          ~~~~~~~~~                
2026-10-08T15:28:06.9501128Z       |                          |
2026-10-08T15:28:06.9501682Z       |                          uint64_t {aka long unsigned int}
2026-10-08T15:28:06.9502558Z src/solver/Solver.cc:3821:64: warning: format ‘%llu’ expects argument of type ‘long long unsigned int’, but argument 4 has type ‘uint64_t’ {aka ‘long unsigned int’} [-Wformat=]
2026-10-08T15:28:06.9503586Z  3821 |               printf("c UB=%llu succs, confls=%llu, hconfls=%llu, core %d, tier2 %d, local %d,  %d soft cls unsat (%d at L0), %d fixed vars at L0, softCnfl %d, nbFlyRd %d, nbFixedLH %llu\n",
2026-10-08T15:28:06.9504369Z       |                                                             ~~~^
2026-10-08T15:28:06.9504755Z       |                                                                |
2026-10-08T15:28:06.9505147Z       |                                                                long long unsigned int
2026-10-08T15:28:06.9505549Z       |                                                             %lu
2026-10-08T15:28:06.9506329Z  3822 |                      UB, conflicts, conflicts-softConflicts, learnts_core.size(), learnts_tier2.size(), learnts_local.size(),
2026-10-08T15:28:06.9507386Z       |                                     ~~~~~~~~~~~~~~~~~~~~~~~     
2026-10-08T15:28:06.9507974Z       |                                              |
2026-10-08T15:28:06.9508565Z       |                                              uint64_t {aka long unsigned int}
2026-10-08T15:28:06.9509934Z src/solver/Solver.cc:3821:186: warning: format ‘%llu’ expects argument of type ‘long long unsigned int’, but argument 13 has type ‘uint64_t’ {aka ‘long unsigned int’} [-Wformat=]
2026-10-08T15:28:06.9511525Z  3821 |               printf("c UB=%llu succs, confls=%llu, hconfls=%llu, core %d, tier2 %d, local %d,  %d soft cls unsat (%d at L0), %d fixed vars at L0, softCnfl %d, nbFlyRd %d, nbFixedLH %llu\n",
2026-10-08T15:28:06.9512701Z       |                                                                                                                                                                                       ~~~^
2026-10-08T15:28:06.9513578Z       |                                                                                                                                                                                          |
2026-10-08T15:28:06.9514557Z       |                                                                                                                                                                                          long long unsigned int
2026-10-08T15:28:06.9515591Z       |                                                                                                                                                                                       %lu
2026-10-08T15:28:06.9516780Z  3822 |                      UB, conflicts, conflicts-softConflicts, learnts_core.size(), learnts_tier2.size(), learnts_local.size(),
2026-10-08T15:28:06.9517766Z  3823 |                      falseLits.size(), nbFalses, nbFixeds, pureSoftConfl, nbFlyReduced, nbFixedByLH);
2026-10-08T15:28:06.9531308Z       |                                                                                         ~~~~~~~~~~~                                                                                       
2026-10-08T15:28:06.9531953Z       |                                                                                         |
2026-10-08T15:28:06.9532475Z       |                                                                                         uint64_t {aka long unsigned int}
2026-10-08T15:28:06.9533632Z src/solver/Solver.cc:3825:48: warning: format ‘%llu’ expects argument of type ‘long long unsigned int’, but argument 3 has type ‘uint64_t’ {aka ‘long unsigned int’} [-Wformat=]
2026-10-08T15:28:06.9534838Z  3825 |               printf("c nbHardens %d (fixed %llu), shorten: %llu, prunedLB %4.2f, dev %4.2f, succRate %4.2f, nbSucc %llu, lk: %llu, shorten: %llu, quasiC: %llu (fixed: %llu)\n\n",
2026-10-08T15:28:06.9535586Z       |                                             ~~~^
2026-10-08T15:28:06.9536545Z       |                                                |
2026-10-08T15:28:06.9537101Z       |                                                long long unsigned int
2026-10-08T15:28:06.9537651Z       |                                             %lu
2026-10-08T15:28:06.9539055Z  3826 |                      nbHardens, fixedByHardens, nbSavedLits, meanLB, dev, succRate, nbLKsuccess-savednbLKsuccess, LOOKAHEAD-savedLOOKAHEAD, nbSavedLits, quasiSoftConflicts, fixedByQuasiConfl);
2026-10-08T15:28:06.9540518Z       |                                 ~~~~~~~~~~~~~~  
2026-10-08T15:28:06.9541262Z       |                                 |
2026-10-08T15:28:06.9541781Z       |                                 uint64_t {aka long unsigned int}
2026-10-08T15:28:06.9543339Z src/solver/Solver.cc:3825:64: warning: format ‘%llu’ expects argument of type ‘long long unsigned int’, but argument 4 has type ‘uint64_t’ {aka ‘long unsigned int’} [-Wformat=]
2026-10-08T15:28:06.9544803Z  3825 |               printf("c nbHardens %d (fixed %llu), shorten: %llu, prunedLB %4.2f, dev %4.2f, succRate %4.2f, nbSucc %llu, lk: %llu, shorten: %llu, quasiC: %llu (fixed: %llu)\n\n",
2026-10-08T15:28:06.9545646Z       |                                                             ~~~^
2026-10-08T15:28:06.9546163Z       |                                                                |
2026-10-08T15:28:06.9546613Z       |                                                                long long unsigned int
2026-10-08T15:28:06.9547047Z       |                                                             %lu
2026-10-08T15:28:06.9547692Z  3826 |                      nbHardens, fixedByHardens, nbSavedLits, meanLB, dev, succRate, nbLKsuccess-savednbLKsuccess, LOOKAHEAD-savedLOOKAHEAD, nbSavedLits, quasiSoftConflicts, fixedByQuasiConfl);
2026-10-08T15:28:06.9548313Z       |                                                 ~~~~~~~~~~~     
2026-10-08T15:28:06.9548566Z       |                                                 |
2026-10-08T15:28:06.9548834Z       |                                                 uint64_t {aka long unsigned int}
2026-10-08T15:28:06.9549557Z src/solver/Solver.cc:3825:120: warning: format ‘%llu’ expects argument of type ‘long long unsigned int’, but argument 8 has type ‘uint64_t’ {aka ‘long unsigned int’} [-Wformat=]
2026-10-08T15:28:06.9550392Z  3825 |               printf("c nbHardens %d (fixed %llu), shorten: %llu, prunedLB %4.2f, dev %4.2f, succRate %4.2f, nbSucc %llu, lk: %llu, shorten: %llu, quasiC: %llu (fixed: %llu)\n\n",
2026-10-08T15:28:06.9550957Z       |                                                                                                                     ~~~^
2026-10-08T15:28:06.9551309Z       |                                                                                                                        |
2026-10-08T15:28:06.9551674Z       |                                                                                                                        long long unsigned int
2026-10-08T15:28:06.9552054Z       |                                                                                                                     %lu
2026-10-08T15:28:06.9552715Z  3826 |                      nbHardens, fixedByHardens, nbSavedLits, meanLB, dev, succRate, nbLKsuccess-savednbLKsuccess, LOOKAHEAD-savedLOOKAHEAD, nbSavedLits, quasiSoftConflicts, fixedByQuasiConfl);
2026-10-08T15:28:06.9553377Z       |                                                                                     ~~~~~~~~~~~~~~~~~~~~~~~~~~~~        
2026-10-08T15:28:06.9553720Z       |                                                                                                |
2026-10-08T15:28:06.9554101Z       |                                                                                                uint64_t {aka long unsigned int}
2026-10-08T15:28:06.9554883Z src/solver/Solver.cc:3825:130: warning: format ‘%llu’ expects argument of type ‘long long unsigned int’, but argument 9 has type ‘uint64_t’ {aka ‘long unsigned int’} [-Wformat=]
2026-10-08T15:28:06.9555871Z  3825 |               printf("c nbHardens %d (fixed %llu), shorten: %llu, prunedLB %4.2f, dev %4.2f, succRate %4.2f, nbSucc %llu, lk: %llu, shorten: %llu, quasiC: %llu (fixed: %llu)\n\n",
2026-10-08T15:28:06.9556627Z       |                                                                                                                               ~~~^
2026-10-08T15:28:06.9557001Z       |                                                                                                                                  |
2026-10-08T15:28:06.9557506Z       |                                                                                                                                  long long unsigned int
2026-10-08T15:28:06.9557899Z       |                                                                                                                               %lu
2026-10-08T15:28:06.9558573Z  3826 |                      nbHardens, fixedByHardens, nbSavedLits, meanLB, dev, succRate, nbLKsuccess-savednbLKsuccess, LOOKAHEAD-savedLOOKAHEAD, nbSavedLits, quasiSoftConflicts, fixedByQuasiConfl);
2026-10-08T15:28:06.9559234Z       |                                                                                                                   ~~~~~~~~~~~~~~~~~~~~~~~~
2026-10-08T15:28:06.9559606Z       |                                                                                                                            |
2026-10-08T15:28:06.9559994Z       |                                                                                                                            uint64_t {aka long unsigned int}
2026-10-08T15:28:06.9560774Z src/solver/Solver.cc:3825:145: warning: format ‘%llu’ expects argument of type ‘long long unsigned int’, but argument 10 has type ‘uint64_t’ {aka ‘long unsigned int’} [-Wformat=]
2026-10-08T15:28:06.9561604Z  3825 |               printf("c nbHardens %d (fixed %llu), shorten: %llu, prunedLB %4.2f, dev %4.2f, succRate %4.2f, nbSucc %llu, lk: %llu, shorten: %llu, quasiC: %llu (fixed: %llu)\n\n",
2026-10-08T15:28:06.9562173Z       |                                                                                                                                              ~~~^
2026-10-08T15:28:06.9562554Z       |                                                                                                                                                 |
2026-10-08T15:28:06.9562964Z       |                                                                                                                                                 long long unsigned int
2026-10-08T15:28:06.9563379Z       |                                                                                                                                              %lu
2026-10-08T15:28:06.9564052Z  3826 |                      nbHardens, fixedByHardens, nbSavedLits, meanLB, dev, succRate, nbLKsuccess-savednbLKsuccess, LOOKAHEAD-savedLOOKAHEAD, nbSavedLits, quasiSoftConflicts, fixedByQuasiConfl);
2026-10-08T15:28:06.9564729Z       |                                                                                                                                             ~~~~~~~~~~~
2026-10-08T15:28:06.9565116Z       |                                                                                                                                             |
2026-10-08T15:28:06.9565533Z       |                                                                                                                                             uint64_t {aka long unsigned int}
2026-10-08T15:28:06.9566474Z src/solver/Solver.cc:3825:159: warning: format ‘%llu’ expects argument of type ‘long long unsigned int’, but argument 11 has type ‘uint64_t’ {aka ‘long unsigned int’} [-Wformat=]
2026-10-08T15:28:06.9567289Z  3825 |               printf("c nbHardens %d (fixed %llu), shorten: %llu, prunedLB %4.2f, dev %4.2f, succRate %4.2f, nbSucc %llu, lk: %llu, shorten: %llu, quasiC: %llu (fixed: %llu)\n\n",
2026-10-08T15:28:06.9567971Z       |                                                                                                                                                            ~~~^
2026-10-08T15:28:06.9568391Z       |                                                                                                                                                               |
2026-10-08T15:28:06.9568830Z       |                                                                                                                                                               long long unsigned int
2026-10-08T15:28:06.9569397Z       |                                                                                                                                                            %lu
2026-10-08T15:28:06.9570093Z  3826 |                      nbHardens, fixedByHardens, nbSavedLits, meanLB, dev, succRate, nbLKsuccess-savednbLKsuccess, LOOKAHEAD-savedLOOKAHEAD, nbSavedLits, quasiSoftConflicts, fixedByQuasiConfl);
2026-10-08T15:28:06.9570787Z       |                                                                                                                                                          ~~~~~~~~~~~~~~~~~~
2026-10-08T15:28:06.9571210Z       |                                                                                                                                                          |
2026-10-08T15:28:06.9571653Z       |                                                                                                                                                          uint64_t {aka long unsigned int}
2026-10-08T15:28:06.9572455Z src/solver/Solver.cc:3825:172: warning: format ‘%llu’ expects argument of type ‘long long unsigned int’, but argument 12 has type ‘uint64_t’ {aka ‘long unsigned int’} [-Wformat=]
2026-10-08T15:28:06.9573265Z  3825 |               printf("c nbHardens %d (fixed %llu), shorten: %llu, prunedLB %4.2f, dev %4.2f, succRate %4.2f, nbSucc %llu, lk: %llu, shorten: %llu, quasiC: %llu (fixed: %llu)\n\n",
2026-10-08T15:28:06.9573861Z       |                                                                                                                                                                         ~~~^
2026-10-08T15:28:06.9574289Z       |                                                                                                                                                                            |
2026-10-08T15:28:06.9574737Z       |                                                                                                                                                                            long long unsigned int
2026-10-08T15:28:06.9575200Z       |                                                                                                                                                                         %lu
2026-10-08T15:28:06.9575894Z  3826 |                      nbHardens, fixedByHardens, nbSavedLits, meanLB, dev, succRate, nbLKsuccess-savednbLKsuccess, LOOKAHEAD-savedLOOKAHEAD, nbSavedLits, quasiSoftConflicts, fixedByQuasiConfl);
2026-10-08T15:28:06.9576760Z       |                                                                                                                                                                              ~~~~~~~~~~~~~~~~~
2026-10-08T15:28:06.9577214Z       |                                                                                                                                                                              |
2026-10-08T15:28:06.9577685Z       |                                                                                                                                                                              uint64_t {aka long unsigned int}
2026-10-08T15:28:06.9578335Z src/solver/Solver.cc: In member function ‘Minisat::CRef Minisat::Solver::propagateForLK()’:
2026-10-08T15:28:06.9579168Z src/solver/Solver.cc:3984:27: warning: comparison of integer expressions of different signedness: ‘unsigned int’ and ‘int’ [-Wsign-compare]
2026-10-08T15:28:06.9579647Z  3984 |         if (c.lastPoint() > c.size())
2026-10-08T15:28:06.9579868Z       |             ~~~~~~~~~~~~~~^~~~~~~~~~
2026-10-08T15:28:06.9580410Z src/solver/Solver.cc:4003:27: warning: comparison of integer expressions of different signedness: ‘int’ and ‘unsigned int’ [-Wsign-compare]
2026-10-08T15:28:06.9580886Z  4003 |         for (int k = 2; k < c.lastPoint(); k++) {
2026-10-08T15:28:06.9581129Z       |                         ~~^~~~~~~~~~~~~~~
2026-10-08T15:28:06.9610579Z src/solver/Solver.cc: In member function ‘void Minisat::Solver::analyzeQuasiSoftConflict(Minisat::vec<Minisat::Lit>&, int&, int&)’:
2026-10-08T15:28:06.9612031Z src/solver/Solver.cc:4502:26: warning: comparison of integer expressions of different signedness: ‘int’ and ‘uint64_t’ {aka ‘long unsigned int’} [-Wsign-compare]
2026-10-08T15:28:06.9612903Z  4502 |     if (falseLits.size() > UB) {
2026-10-08T15:28:06.9613228Z       |         ~~~~~~~~~~~~~~~~~^~~~
2026-10-08T15:28:06.9642945Z src/solver/Solver.cc: In member function ‘bool Minisat::Solver::lookahead()’:
2026-10-08T15:28:06.9644133Z src/solver/Solver.cc:4843:17: warning: comparison of integer expressions of different signedness: ‘uint64_t’ {aka ‘long unsigned int’} and ‘int’ [-Wsign-compare]
2026-10-08T15:28:06.9645006Z  4843 |   if (conflicts > prevConflicts) {
2026-10-08T15:28:06.9645354Z       |       ~~~~~~~~~~^~~~~~~~~~~~~~~
2026-10-08T15:28:06.9670390Z src/solver/Solver.cc: In member function ‘void Minisat::Solver::addHardClausesForSoftClauses()’:
2026-10-08T15:28:06.9671772Z src/solver/Solver.cc:5088:70: warning: format ‘%llu’ expects argument of type ‘long long unsigned int’, but argument 5 has type ‘uint64_t’ {aka ‘long unsigned int’} [-Wformat=]
2026-10-08T15:28:06.9672833Z  5088 |   printf("c nb soft clauses: %d, of which %d unit, %d nonUnit and %llu empty\n",
2026-10-08T15:28:06.9673373Z       |                                                                   ~~~^
2026-10-08T15:28:06.9673804Z       |                                                                      |
2026-10-08T15:28:06.9674255Z       |                                                                      long long unsigned int
2026-10-08T15:28:06.9674726Z       |                                                                   %lu
2026-10-08T15:28:06.9675121Z  5089 |          softClauses.size(), nbUnitSoft, nbNonUnitSoft, solutionCost);
2026-10-08T15:28:06.9675432Z       |                                                         ~~~~~~~~~~~~  
2026-10-08T15:28:06.9675691Z       |                                                         |
2026-10-08T15:28:06.9675967Z       |                                                         uint64_t {aka long unsigned int}
2026-10-08T15:28:06.9692020Z src/solver/Solver.cc: In member function ‘void Minisat::Solver::printBestSolution() const’:
2026-10-08T15:28:06.9693237Z src/solver/Solver.cc:5239:49: warning: format ‘%llu’ expects argument of type ‘long long unsigned int’, but argument 2 has type ‘long unsigned int’ [-Wformat=]
2026-10-08T15:28:06.9694170Z  5239 |     printf("c   unsat soft clauses (search): %llu\n", bestSup);
2026-10-08T15:28:06.9694626Z       |                                              ~~~^     ~~~~~~~
2026-10-08T15:28:06.9695004Z       |                                                 |     |
2026-10-08T15:28:06.9695405Z       |                                                 |     long unsigned int
2026-10-08T15:28:06.9695830Z       |                                                 long long unsigned int
2026-10-08T15:28:06.9696347Z       |                                              %lu
2026-10-08T15:28:06.9697424Z src/solver/Solver.cc:5240:53: warning: format ‘%llu’ expects argument of type ‘long long unsigned int’, but argument 2 has type ‘uint64_t’ {aka ‘long unsigned int’} [-Wformat=]
2026-10-08T15:28:06.9698533Z  5240 |     printf("c   satisfied soft clauses (maxsat): %llu\n", maxsat);
2026-10-08T15:28:06.9699225Z       |                                                  ~~~^     ~~~~~~
2026-10-08T15:28:06.9699579Z       |                                                     |     |
2026-10-08T15:28:06.9700009Z       |                                                     |     uint64_t {aka long unsigned int}
2026-10-08T15:28:06.9700479Z       |                                                     long long unsigned int
2026-10-08T15:28:06.9700870Z       |                                                  %lu
2026-10-08T15:28:06.9701902Z src/solver/Solver.cc:5241:39: warning: format ‘%llu’ expects argument of type ‘long long unsigned int’, but argument 2 has type ‘uint64_t’ {aka ‘long unsigned int’} [-Wformat=]
2026-10-08T15:28:06.9703049Z  5241 |     printf("c   total weight cost: %llu\n", optimal);
2026-10-08T15:28:06.9703455Z       |                                    ~~~^     ~~~~~~~
2026-10-08T15:28:06.9703812Z       |                                       |     |
2026-10-08T15:28:06.9704070Z       |                                       |     uint64_t {aka long unsigned int}
2026-10-08T15:28:06.9704358Z       |                                       long long unsigned int
2026-10-08T15:28:06.9704603Z       |                                    %lu
2026-10-08T15:28:06.9705025Z src/solver/Solver.cc: In member function ‘void Minisat::Solver::checkSolution()’:
2026-10-08T15:28:06.9717311Z src/solver/Solver.cc:5257:15: warning: comparison of integer expressions of different signedness: ‘int’ and ‘uint64_t’ {aka ‘long unsigned int’} [-Wsign-compare]
2026-10-08T15:28:06.9726904Z  5257 |   if (nbFalse != falseLits.size()+fixedCostBySearch + relaxedCost)
2026-10-08T15:28:06.9727380Z       |       ~~~~~~~~^~~~~~~~~~~~~~~~~~~~~~~~~~~~~~~~~~~~~~~~~~~~~~~~~~~
2026-10-08T15:28:06.9728130Z src/solver/Solver.cc:5258:92: warning: format ‘%llu’ expects argument of type ‘long long unsigned int’, but argument 3 has type ‘uint64_t’ {aka ‘long unsigned int’} [-Wformat=]
2026-10-08T15:28:06.9728867Z  5258 |     printf("c **** error nb of false soft clauses real nbfalse: %d, recorded falseLits: %llu****\n",
2026-10-08T15:28:06.9729269Z       |                                                                                         ~~~^
2026-10-08T15:28:06.9729573Z       |                                                                                            |
2026-10-08T15:28:06.9729897Z       |                                                                                            long long unsigned int
2026-10-08T15:28:06.9730221Z       |                                                                                         %lu
2026-10-08T15:28:06.9730569Z  5259 |            nbFalse, falseLits.size()+fixedCostBySearch+relaxedCost);
2026-10-08T15:28:06.9730909Z       |                     ~~~~~~~~~~~~~~~~~~~~~~~~~~~~~~~~~~~~~~~~~~~~~~                          
2026-10-08T15:28:06.9731288Z       |                                                       |
2026-10-08T15:28:06.9731710Z       |                                                       uint64_t {aka long unsigned int}
2026-10-08T15:28:06.9732438Z src/solver/Solver.cc: In member function ‘void Minisat::Solver::partition()’:
2026-10-08T15:28:06.9733157Z src/solver/Solver.cc:5379:31: warning: comparison of integer expressions of different signedness: ‘unsigned int’ and ‘int’ [-Wsign-compare]
2026-10-08T15:28:06.9733634Z  5379 |         if (conflicted[var(q)]==iset.size()) {
2026-10-08T15:28:06.9734172Z src/solver/Solver.cc:5389:32: warning: comparison of integer expressions of different signedness: ‘unsigned int’ and ‘int’ [-Wsign-compare]
2026-10-08T15:28:06.9734643Z  5389 |         if (conflicted[var(q)] < iset.size())
2026-10-08T15:28:06.9735174Z src/solver/Solver.cc:5448:50: warning: comparison of integer expressions of different signedness: ‘unsigned int’ and ‘int’ [-Wsign-compare]
2026-10-08T15:28:06.9735712Z  5448 |         if (q != lit_Undef && conflicted[var(q)] == iset.size()) {
2026-10-08T15:28:06.9736858Z src/solver/Solver.cc:5513:38: warning: format ‘%llu’ expects argument of type ‘long long unsigned int’, but argument 3 has type ‘uint64_t’ {aka ‘long unsigned int’} [-Wformat=]
2026-10-08T15:28:06.9737600Z  5513 |   printf("c isets %d, derivedCost %llu\n", nbIsets, derivedCost);
2026-10-08T15:28:06.9738095Z       |                                   ~~~^              ~~~~~~~~~~~
2026-10-08T15:28:06.9738348Z       |                                      |              |
2026-10-08T15:28:06.9738614Z       |                                      |              uint64_t {aka long unsigned int}
2026-10-08T15:28:06.9738906Z       |                                      long long unsigned int
2026-10-08T15:28:06.9739256Z       |                                   %lu
2026-10-08T15:28:06.9750776Z src/solver/Solver.cc: In member function ‘Minisat::CRef Minisat::Solver::simplepropagateForLK()’:
2026-10-08T15:28:06.9751508Z src/solver/Solver.cc:5660:27: warning: comparison of integer expressions of different signedness: ‘unsigned int’ and ‘int’ [-Wsign-compare]
2026-10-08T15:28:06.9752017Z  5660 |         if (c.lastPoint() > c.size())
2026-10-08T15:28:06.9752385Z       |             ~~~~~~~~~~~~~~^~~~~~~~~~
2026-10-08T15:28:06.9753269Z src/solver/Solver.cc:5674:27: warning: comparison of integer expressions of different signedness: ‘int’ and ‘unsigned int’ [-Wsign-compare]
2026-10-08T15:28:06.9753844Z  5674 |         for (int k = 2; k < c.lastPoint(); k++) {
2026-10-08T15:28:06.9754092Z       |                         ~~^~~~~~~~~~~~~~~
2026-10-08T15:28:06.9822402Z src/solver/Solver.cc: In member function ‘void Minisat::Solver::addCardinalityConstraints()’:
2026-10-08T15:28:06.9823281Z src/solver/Solver.cc:6204:64: warning: format ‘%llu’ expects argument of type ‘long long unsigned int’, but argument 2 has type ‘uint64_t’ {aka ‘long unsigned int’} [-Wformat=]
2026-10-08T15:28:06.9823943Z  6204 |       printf("\nc Cardinality: off (soft-conflict only), UB %llu\n", UB);
2026-10-08T15:28:06.9824272Z       |                                                             ~~~^     ~~
2026-10-08T15:28:06.9824555Z       |                                                                |     |
2026-10-08T15:28:06.9824862Z       |                                                                |     uint64_t {aka long unsigned int}
2026-10-08T15:28:06.9825182Z       |                                                                long long unsigned int
2026-10-08T15:28:06.9825466Z       |                                                             %lu
2026-10-08T15:28:06.9826662Z src/solver/Solver.cc:6234:82: warning: comparison of integer expressions of different signedness: ‘int’ and ‘uint64_t’ {aka ‘long unsigned int’} [-Wsign-compare]
2026-10-08T15:28:06.9827835Z  6234 |   if (activeSoftLits.size() < 2 || UB - 1 - nbFalse < 1 || activeSoftLits.size() <= UB - 1 - nbFalse
2026-10-08T15:28:06.9828566Z       |                                                            ~~~~~~~~~~~~~~~~~~~~~~^~~~~~~~~~~~~~~~~~~
2026-10-08T15:28:06.9831392Z src/solver/Solver.cc:6253:46: warning: format ‘%llu’ expects argument of type ‘long long unsigned int’, but argument 4 has type ‘uint64_t’ {aka ‘long unsigned int’} [-Wformat=]
2026-10-08T15:28:06.9832455Z  6253 |   printf("\nc Cardinality: %d (%s) for UB %llu\n", cardinalityC.size(), enc, UB);
2026-10-08T15:28:06.9832997Z       |                                           ~~~^                               ~~
2026-10-08T15:28:06.9833437Z       |                                              |                               |
2026-10-08T15:28:06.9833899Z       |                                              long long unsigned int          uint64_t {aka long unsigned int}
2026-10-08T15:28:06.9834230Z       |                                           %lu
2026-10-08T15:28:06.9873354Z src/solver/Solver.cc: In member function ‘Minisat::lbool Minisat::Solver::solve_()’:
2026-10-08T15:28:06.9874612Z src/solver/Solver.cc:6602:79: warning: format ‘%llu’ expects argument of type ‘long long unsigned int’, but argument 5 has type ‘uint64_t’ {aka ‘long unsigned int’} [-Wformat=]
2026-10-08T15:28:06.9875996Z  6602 |     printf("c fixedCost %d, nbSatLits %d, totalFixedVars %d, objForSearch: %llu\n\n",
2026-10-08T15:28:06.9876709Z       |                                                                            ~~~^
2026-10-08T15:28:06.9877140Z       |                                                                               |
2026-10-08T15:28:06.9877615Z       |                                                                               long long unsigned int
2026-10-08T15:28:06.9878098Z       |                                                                            %lu
2026-10-08T15:28:06.9878710Z  6603 |                 fixedCost, nbSatLits, trail.size(), objForSearch);
2026-10-08T15:28:06.9879173Z       |                                                     ~~~~~~~~~~~~               
2026-10-08T15:28:06.9879583Z       |                                                     |
2026-10-08T15:28:06.9879997Z       |                                                     uint64_t {aka long unsigned int}
2026-10-08T15:28:06.9881169Z src/solver/Solver.cc:6631:35: warning: format ‘%llu’ expects argument of type ‘long long unsigned int’, but argument 2 has type ‘uint64_t’ {aka ‘long unsigned int’} [-Wformat=]
2026-10-08T15:28:06.9882128Z  6631 |         printf("c provided UB: %llu\n", providedUB);
2026-10-08T15:28:06.9882525Z       |                                ~~~^     ~~~~~~~~~~
2026-10-08T15:28:06.9882874Z       |                                   |     |
2026-10-08T15:28:06.9883254Z       |                                   |     uint64_t {aka long unsigned int}
2026-10-08T15:28:06.9883684Z       |                                   long long unsigned int
2026-10-08T15:28:06.9884046Z       |                                %lu
2026-10-08T15:28:06.9885098Z src/solver/Solver.cc:6634:54: warning: format ‘%llu’ expects argument of type ‘long long unsigned int’, but argument 2 has type ‘uint64_t’ {aka ‘long unsigned int’} [-Wformat=]
2026-10-08T15:28:06.9886764Z  6634 |         printf("c provided UB is invalide: initUB %llu, solCost %llu, costbySearch %llu, derivedCost %llu, relaxedCost: %llu\n", initUB, solutionCost, fixedCostBySearch, derivedCost, relaxedCost);
2026-10-08T15:28:06.9887845Z       |                                                   ~~~^                                                                           ~~~~~~
2026-10-08T15:28:06.9888447Z       |                                                      |                                                                           |
2026-10-08T15:28:06.9889162Z       |                                                      long long unsigned int                                                      uint64_t {aka long unsigned int}
2026-10-08T15:28:06.9889786Z       |                                                   %lu
2026-10-08T15:28:06.9890873Z src/solver/Solver.cc:6634:68: warning: format ‘%llu’ expects argument of type ‘long long unsigned int’, but argument 3 has type ‘uint64_t’ {aka ‘long unsigned int’} [-Wformat=]
2026-10-08T15:28:06.9892205Z  6634 |         printf("c provided UB is invalide: initUB %llu, solCost %llu, costbySearch %llu, derivedCost %llu, relaxedCost: %llu\n", initUB, solutionCost, fixedCostBySearch, derivedCost, relaxedCost);
2026-10-08T15:28:06.9893324Z       |                                                                 ~~~^                                                                     ~~~~~~~~~~~~
2026-10-08T15:28:06.9893959Z       |                                                                    |                                                                     |
2026-10-08T15:28:06.9894700Z       |                                                                    long long unsigned int                                                uint64_t {aka long unsigned int}
2026-10-08T15:28:06.9895353Z       |                                                                 %lu
2026-10-08T15:28:06.9904604Z src/solver/Solver.cc:6634:87: warning: format ‘%llu’ expects argument of type ‘long long unsigned int’, but argument 4 has type ‘uint64_t’ {aka ‘long unsigned int’} [-Wformat=]
2026-10-08T15:28:06.9906518Z  6634 |         printf("c provided UB is invalide: initUB %llu, solCost %llu, costbySearch %llu, derivedCost %llu, relaxedCost: %llu\n", initUB, solutionCost, fixedCostBySearch, derivedCost, relaxedCost);
2026-10-08T15:28:06.9907678Z       |                                                                                    ~~~^                                                                ~~~~~~~~~~~~~~~~~
2026-10-08T15:28:06.9908367Z       |                                                                                       |                                                                |
2026-10-08T15:28:06.9909284Z       |                                                                                       long long unsigned int                                           uint64_t {aka long unsigned int}
2026-10-08T15:28:06.9909980Z       |                                                                                    %lu
2026-10-08T15:28:06.9911172Z src/solver/Solver.cc:6634:105: warning: format ‘%llu’ expects argument of type ‘long long unsigned int’, but argument 5 has type ‘uint64_t’ {aka ‘long unsigned int’} [-Wformat=]
2026-10-08T15:28:06.9912706Z  6634 |         printf("c provided UB is invalide: initUB %llu, solCost %llu, costbySearch %llu, derivedCost %llu, relaxedCost: %llu\n", initUB, solutionCost, fixedCostBySearch, derivedCost, relaxedCost);
2026-10-08T15:28:06.9913877Z       |                                                                                                      ~~~^                                                                 ~~~~~~~~~~~
2026-10-08T15:28:06.9914594Z       |                                                                                                         |                                                                 |
2026-10-08T15:28:06.9915449Z       |                                                                                                         long long unsigned int                                            uint64_t {aka long unsigned int}
2026-10-08T15:28:06.9916305Z       |                                                                                                      %lu
2026-10-08T15:28:06.9917456Z src/solver/Solver.cc:6634:124: warning: format ‘%llu’ expects argument of type ‘long long unsigned int’, but argument 6 has type ‘uint64_t’ {aka ‘long unsigned int’} [-Wformat=]
2026-10-08T15:28:06.9918958Z  6634 |         printf("c provided UB is invalide: initUB %llu, solCost %llu, costbySearch %llu, derivedCost %llu, relaxedCost: %llu\n", initUB, solutionCost, fixedCostBySearch, derivedCost, relaxedCost);
2026-10-08T15:28:06.9920139Z       |                                                                                                                         ~~~^                                                           ~~~~~~~~~~~
2026-10-08T15:28:06.9920926Z       |                                                                                                                            |                                                           |
2026-10-08T15:28:06.9921813Z       |                                                                                                                            long long unsigned int                                      uint64_t {aka long unsigned int}
2026-10-08T15:28:06.9922601Z       |                                                                                                                         %lu
2026-10-08T15:28:06.9923889Z src/solver/Solver.cc:6656:58: warning: format ‘%llu’ expects argument of type ‘long long unsigned int’, but argument 2 has type ‘uint64_t’ {aka ‘long unsigned int’} [-Wformat=]
2026-10-08T15:28:06.9924969Z  6656 |       printf("c ends of initiationization by VSIDS at %llu conflicts with init %d\n\n",
2026-10-08T15:28:06.9925539Z       |                                                       ~~~^
2026-10-08T15:28:06.9925912Z       |                                                          |
2026-10-08T15:28:06.9926588Z       |                                                          long long unsigned int
2026-10-08T15:28:06.9927018Z       |                                                       %lu
2026-10-08T15:28:06.9927374Z  6657 |              conflicts, init);
2026-10-08T15:28:06.9927719Z       |              ~~~~~~~~~                                    
2026-10-08T15:28:06.9928067Z       |              |
2026-10-08T15:28:06.9928353Z       |              uint64_t {aka long unsigned int}
2026-10-08T15:28:06.9929420Z src/solver/Solver.cc:6686:50: warning: format ‘%llu’ expects argument of type ‘long long unsigned int’, but argument 3 has type ‘uint64_t’ {aka ‘long unsigned int’} [-Wformat=]
2026-10-08T15:28:06.9930612Z  6686 |           printf("c VSIDS phase %d: conflicts %llu, phase %llu, starts %llu, UP %llu\n",
2026-10-08T15:28:06.9931107Z       |                                               ~~~^
2026-10-08T15:28:06.9931334Z       |                                                  |
2026-10-08T15:28:06.9931589Z       |                                                  long long unsigned int
2026-10-08T15:28:06.9931852Z       |                                               %lu
2026-10-08T15:28:06.9932139Z  6687 |                  nbVSIDSphase, conflicts-savedConfl, phase_allotment,
2026-10-08T15:28:06.9932427Z       |                                ~~~~~~~~~~~~~~~~~~~~
2026-10-08T15:28:06.9932664Z       |                                         |
2026-10-08T15:28:06.9932912Z       |                                         uint64_t {aka long unsigned int}
2026-10-08T15:28:06.9933590Z src/solver/Solver.cc:6686:62: warning: format ‘%llu’ expects argument of type ‘long long unsigned int’, but argument 4 has type ‘uint64_t’ {aka ‘long unsigned int’} [-Wformat=]
2026-10-08T15:28:06.9934248Z  6686 |           printf("c VSIDS phase %d: conflicts %llu, phase %llu, starts %llu, UP %llu\n",
2026-10-08T15:28:06.9934600Z       |                                                           ~~~^
2026-10-08T15:28:06.9934860Z       |                                                              |
2026-10-08T15:28:06.9935127Z       |                                                              long long unsigned int
2026-10-08T15:28:06.9935406Z       |                                                           %lu
2026-10-08T15:28:06.9935694Z  6687 |                  nbVSIDSphase, conflicts-savedConfl, phase_allotment,
2026-10-08T15:28:06.9935987Z       |                                                      ~~~~~~~~~~~~~~~
2026-10-08T15:28:06.9936356Z       |                                                      |
2026-10-08T15:28:06.9936627Z       |                                                      uint64_t {aka long unsigned int}
2026-10-08T15:28:06.9937324Z src/solver/Solver.cc:6686:75: warning: format ‘%llu’ expects argument of type ‘long long unsigned int’, but argument 5 has type ‘uint64_t’ {aka ‘long unsigned int’} [-Wformat=]
2026-10-08T15:28:06.9938000Z  6686 |           printf("c VSIDS phase %d: conflicts %llu, phase %llu, starts %llu, UP %llu\n",
2026-10-08T15:28:06.9938350Z       |                                                                        ~~~^
2026-10-08T15:28:06.9938623Z       |                                                                           |
2026-10-08T15:28:06.9938904Z       |                                                                           long long unsigned int
2026-10-08T15:28:06.9939194Z       |                                                                        %lu
2026-10-08T15:28:06.9939492Z  6687 |                  nbVSIDSphase, conflicts-savedConfl, phase_allotment,
2026-10-08T15:28:06.9939819Z  6688 |                  starts-savedRestarts, propagations-savedUP);
2026-10-08T15:28:06.9940105Z       |                  ~~~~~~~~~~~~~~~~~~~~                                      
2026-10-08T15:28:06.9940348Z       |                        |
2026-10-08T15:28:06.9940567Z       |                        uint64_t {aka long unsigned int}
2026-10-08T15:28:06.9941340Z src/solver/Solver.cc:6686:84: warning: format ‘%llu’ expects argument of type ‘long long unsigned int’, but argument 6 has type ‘uint64_t’ {aka ‘long unsigned int’} [-Wformat=]
2026-10-08T15:28:06.9941981Z  6686 |           printf("c VSIDS phase %d: conflicts %llu, phase %llu, starts %llu, UP %llu\n",
2026-10-08T15:28:06.9942323Z       |                                                                                 ~~~^
2026-10-08T15:28:06.9942857Z       |                                                                                    |
2026-10-08T15:28:06.9943269Z       |                                                                                    long long unsigned int
2026-10-08T15:28:06.9943585Z       |                                                                                 %lu
2026-10-08T15:28:06.9943906Z  6687 |                  nbVSIDSphase, conflicts-savedConfl, phase_allotment,
2026-10-08T15:28:06.9944235Z  6688 |                  starts-savedRestarts, propagations-savedUP);
2026-10-08T15:28:06.9944585Z       |                                        ~~~~~~~~~~~~~~~~~~~~                         
2026-10-08T15:28:06.9944993Z       |                                                    |
2026-10-08T15:28:06.9945392Z       |                                                    uint64_t {aka long unsigned int}
2026-10-08T15:28:06.9946511Z src/solver/Solver.cc:6692:48: warning: format ‘%llu’ expects argument of type ‘long long unsigned int’, but argument 3 has type ‘uint64_t’ {aka ‘long unsigned int’} [-Wformat=]
2026-10-08T15:28:06.9947189Z  6692 |           printf("c LRB phase %d: conflicts %llu, phase %llu, starts %llu, UP %llu\n",
2026-10-08T15:28:06.9947527Z       |                                             ~~~^
2026-10-08T15:28:06.9947757Z       |                                                |
2026-10-08T15:28:06.9948000Z       |                                                long long unsigned int
2026-10-08T15:28:06.9948256Z       |                                             %lu
2026-10-08T15:28:06.9948538Z  6693 |                  nbLRBphase, conflicts-savedConfl, phase_allotment,
2026-10-08T15:28:06.9948829Z       |                              ~~~~~~~~~~~~~~~~~~~~
2026-10-08T15:28:06.9949050Z       |                                       |
2026-10-08T15:28:06.9949291Z       |                                       uint64_t {aka long unsigned int}
2026-10-08T15:28:06.9949992Z src/solver/Solver.cc:6692:60: warning: format ‘%llu’ expects argument of type ‘long long unsigned int’, but argument 4 has type ‘uint64_t’ {aka ‘long unsigned int’} [-Wformat=]
2026-10-08T15:28:06.9950642Z  6692 |           printf("c LRB phase %d: conflicts %llu, phase %llu, starts %llu, UP %llu\n",
2026-10-08T15:28:06.9950968Z       |                                                         ~~~^
2026-10-08T15:28:06.9951209Z       |                                                            |
2026-10-08T15:28:06.9951462Z       |                                                            long long unsigned int
2026-10-08T15:28:06.9951753Z       |                                                         %lu
2026-10-08T15:28:06.9952037Z  6693 |                  nbLRBphase, conflicts-savedConfl, phase_allotment,
2026-10-08T15:28:06.9952321Z       |                                                    ~~~~~~~~~~~~~~~
2026-10-08T15:28:06.9952564Z       |                                                    |
2026-10-08T15:28:06.9952823Z       |                                                    uint64_t {aka long unsigned int}
2026-10-08T15:28:06.9953500Z src/solver/Solver.cc:6692:73: warning: format ‘%llu’ expects argument of type ‘long long unsigned int’, but argument 5 has type ‘uint64_t’ {aka ‘long unsigned int’} [-Wformat=]
2026-10-08T15:28:06.9954124Z  6692 |           printf("c LRB phase %d: conflicts %llu, phase %llu, starts %llu, UP %llu\n",
2026-10-08T15:28:06.9954450Z       |                                                                      ~~~^
2026-10-08T15:28:06.9954714Z       |                                                                         |
2026-10-08T15:28:06.9955140Z       |                                                                         long long unsigned int
2026-10-08T15:28:06.9955439Z       |                                                                      %lu
2026-10-08T15:28:06.9955735Z  6693 |                  nbLRBphase, conflicts-savedConfl, phase_allotment,
2026-10-08T15:28:06.9956225Z  6694 |                  starts-savedRestarts, propagations-savedUP);
2026-10-08T15:28:06.9956529Z       |                  ~~~~~~~~~~~~~~~~~~~~                                    
2026-10-08T15:28:06.9956878Z       |                        |
2026-10-08T15:28:06.9957091Z       |                        uint64_t {aka long unsigned int}
2026-10-08T15:28:06.9957769Z src/solver/Solver.cc:6692:82: warning: format ‘%llu’ expects argument of type ‘long long unsigned int’, but argument 6 has type ‘uint64_t’ {aka ‘long unsigned int’} [-Wformat=]
2026-10-08T15:28:06.9958398Z  6692 |           printf("c LRB phase %d: conflicts %llu, phase %llu, starts %llu, UP %llu\n",
2026-10-08T15:28:06.9958748Z       |                                                                               ~~~^
2026-10-08T15:28:06.9959021Z       |                                                                                  |
2026-10-08T15:28:06.9959318Z       |                                                                                  long long unsigned int
2026-10-08T15:28:06.9959618Z       |                                                                               %lu
2026-10-08T15:28:06.9959923Z  6693 |                  nbLRBphase, conflicts-savedConfl, phase_allotment,
2026-10-08T15:28:06.9960233Z  6694 |                  starts-savedRestarts, propagations-savedUP);
2026-10-08T15:28:06.9960522Z       |                                        ~~~~~~~~~~~~~~~~~~~~                       
2026-10-08T15:28:06.9960775Z       |                                                    |
2026-10-08T15:28:06.9961038Z       |                                                    uint64_t {aka long unsigned int}
2026-10-08T15:28:06.9961706Z src/solver/Solver.cc:6739:25: warning: format ‘%llu’ expects argument of type ‘long long unsigned int’, but argument 2 has type ‘uint64_t’ {aka ‘long unsigned int’} [-Wformat=]
2026-10-08T15:28:06.9962399Z  6739 |         printf("c UB=%llu fails, cnfls=%llu, hcnfls=%llu, core %d, tier2 %d, local %d, quasiC: %llu (fixed: %llu)\n",
2026-10-08T15:28:06.9962766Z       |                      ~~~^
2026-10-08T15:28:06.9962955Z       |                         |
2026-10-08T15:28:06.9963176Z       |                         long long unsigned int
2026-10-08T15:28:06.9963399Z       |                      %lu
2026-10-08T15:28:06.9963871Z  6740 |                UB, conflicts, conflicts-softConflicts, learnts_core.size(), learnts_tier2.size(), learnts_local.size(), quasiSoftConflicts, fixedByQuasiConfl);
2026-10-08T15:28:06.9964350Z       |                ~~        
2026-10-08T15:28:06.9964535Z       |                |
2026-10-08T15:28:06.9964848Z       |                uint64_t {aka long unsigned int}
2026-10-08T15:28:06.9965486Z src/solver/Solver.cc:6739:43: warning: format ‘%llu’ expects argument of type ‘long long unsigned int’, but argument 3 has type ‘uint64_t’ {aka ‘long unsigned int’} [-Wformat=]
2026-10-08T15:28:06.9966403Z  6739 |         printf("c UB=%llu fails, cnfls=%llu, hcnfls=%llu, core %d, tier2 %d, local %d, quasiC: %llu (fixed: %llu)\n",
2026-10-08T15:28:06.9966798Z       |                                        ~~~^
2026-10-08T15:28:06.9967018Z       |                                           |
2026-10-08T15:28:06.9967363Z       |                                           long long unsigned int
2026-10-08T15:28:06.9967611Z       |                                        %lu
2026-10-08T15:28:06.9968102Z  6740 |                UB, conflicts, conflicts-softConflicts, learnts_core.size(), learnts_tier2.size(), learnts_local.size(), quasiSoftConflicts, fixedByQuasiConfl);
2026-10-08T15:28:06.9968590Z       |                    ~~~~~~~~~               
2026-10-08T15:28:06.9968813Z       |                    |
2026-10-08T15:28:06.9969026Z       |                    uint64_t {aka long unsigned int}
2026-10-08T15:28:06.9969693Z src/solver/Solver.cc:6739:56: warning: format ‘%llu’ expects argument of type ‘long long unsigned int’, but argument 4 has type ‘uint64_t’ {aka ‘long unsigned int’} [-Wformat=]
2026-10-08T15:28:06.9970385Z  6739 |         printf("c UB=%llu fails, cnfls=%llu, hcnfls=%llu, core %d, tier2 %d, local %d, quasiC: %llu (fixed: %llu)\n",
2026-10-08T15:28:06.9970767Z       |                                                     ~~~^
2026-10-08T15:28:06.9971012Z       |                                                        |
2026-10-08T15:28:06.9971263Z       |                                                        long long unsigned int
2026-10-08T15:28:06.9971527Z       |                                                     %lu
2026-10-08T15:28:06.9972041Z  6740 |                UB, conflicts, conflicts-softConflicts, learnts_core.size(), learnts_tier2.size(), learnts_local.size(), quasiSoftConflicts, fixedByQuasiConfl);
2026-10-08T15:28:06.9972542Z       |                               ~~~~~~~~~~~~~~~~~~~~~~~   
2026-10-08T15:28:06.9972764Z       |                                        |
2026-10-08T15:28:06.9973004Z       |                                        uint64_t {aka long unsigned int}
2026-10-08T15:28:06.9974118Z src/solver/Solver.cc:6739:99: warning: format ‘%llu’ expects argument of type ‘long long unsigned int’, but argument 8 has type ‘uint64_t’ {aka ‘long unsigned int’} [-Wformat=]
2026-10-08T15:28:06.9974859Z  6739 |         printf("c UB=%llu fails, cnfls=%llu, hcnfls=%llu, core %d, tier2 %d, local %d, quasiC: %llu (fixed: %llu)\n",
2026-10-08T15:28:06.9975288Z       |                                                                                                ~~~^
2026-10-08T15:28:06.9975615Z       |                                                                                                   |
2026-10-08T15:28:06.9975976Z       |                                                                                                   long long unsigned int
2026-10-08T15:28:06.9976418Z       |                                                                                                %lu
2026-10-08T15:28:06.9976971Z  6740 |                UB, conflicts, conflicts-softConflicts, learnts_core.size(), learnts_tier2.size(), learnts_local.size(), quasiSoftConflicts, fixedByQuasiConfl);
2026-10-08T15:28:06.9977539Z       |                                                                                                                         ~~~~~~~~~~~~~~~~~~
2026-10-08T15:28:06.9977905Z       |                                                                                                                         |
2026-10-08T15:28:06.9978280Z       |                                                                                                                         uint64_t {aka long unsigned int}
2026-10-08T15:28:06.9979183Z src/solver/Solver.cc:6739:112: warning: format ‘%llu’ expects argument of type ‘long long unsigned int’, but argument 9 has type ‘uint64_t’ {aka ‘long unsigned int’} [-Wformat=]
2026-10-08T15:28:06.9979900Z  6739 |         printf("c UB=%llu fails, cnfls=%llu, hcnfls=%llu, core %d, tier2 %d, local %d, quasiC: %llu (fixed: %llu)\n",
2026-10-08T15:28:06.9980325Z       |                                                                                                             ~~~^
2026-10-08T15:28:06.9980651Z       |                                                                                                                |
2026-10-08T15:28:06.9981105Z       |                                                                                                                long long unsigned int
2026-10-08T15:28:06.9981515Z       |                                                                                                             %lu
2026-10-08T15:28:06.9982078Z  6740 |                UB, conflicts, conflicts-softConflicts, learnts_core.size(), learnts_tier2.size(), learnts_local.size(), quasiSoftConflicts, fixedByQuasiConfl);
2026-10-08T15:28:06.9982742Z       |                                                                                                                                             ~~~~~~~~~~~~~~~~~
2026-10-08T15:28:06.9983372Z       |                                                                                                                                             |
2026-10-08T15:28:06.9983844Z       |                                                                                                                                             uint64_t {aka long unsigned int}
2026-10-08T15:28:06.9984629Z src/solver/Solver.cc:6741:72: warning: format ‘%llu’ expects argument of type ‘long long unsigned int’, but argument 5 has type ‘uint64_t’ {aka ‘long unsigned int’} [-Wformat=]
2026-10-08T15:28:06.9985438Z  6741 |         printf("c prunedLB %4.2f, dev %4.2f, succRate %4.2f, nbSucc %llu, nbHardens %d (fixed %llu), lk: %llu, shorten: %llu, pureSo %d, nbFlyRd %d, nbFixedLH %llu\n",
2026-10-08T15:28:06.9985960Z       |                                                                     ~~~^
2026-10-08T15:28:06.9986471Z       |                                                                        |
2026-10-08T15:28:06.9986916Z       |                                                                        long long unsigned int
2026-10-08T15:28:06.9987265Z       |                                                                     %lu
2026-10-08T15:28:06.9987526Z  6742 |                meanLB, dev, succRate,
2026-10-08T15:28:06.9988216Z  6743 |                nbLKsuccess-savednbLKsuccess, nbHardens, fixedByHardens, LOOKAHEAD-savedLOOKAHEAD, nbSavedLits, pureSoftConfl, nbFlyReduced, nbFixedByLH);
2026-10-08T15:28:06.9988760Z       |                ~~~~~~~~~~~~~~~~~~~~~~~~~~~~                             
2026-10-08T15:28:06.9989003Z       |                           |
2026-10-08T15:28:06.9989230Z       |                           uint64_t {aka long unsigned int}
2026-10-08T15:28:06.9990300Z src/solver/Solver.cc:6741:98: warning: format ‘%llu’ expects argument of type ‘long long unsigned int’, but argument 7 has type ‘uint64_t’ {aka ‘long unsigned int’} [-Wformat=]
2026-10-08T15:28:06.9991159Z  6741 |         printf("c prunedLB %4.2f, dev %4.2f, succRate %4.2f, nbSucc %llu, nbHardens %d (fixed %llu), lk: %llu, shorten: %llu, pureSo %d, nbFlyRd %d, nbFixedLH %llu\n",
2026-10-08T15:28:06.9991673Z       |                                                                                               ~~~^
2026-10-08T15:28:06.9992036Z       |                                                                                                  |
2026-10-08T15:28:06.9992437Z       |                                                                                                  long long unsigned int
2026-10-08T15:28:06.9992965Z       |                                                                                               %lu
2026-10-08T15:28:06.9993400Z  6742 |                meanLB, dev, succRate,
2026-10-08T15:28:06.9993927Z  6743 |                nbLKsuccess-savednbLKsuccess, nbHardens, fixedByHardens, LOOKAHEAD-savedLOOKAHEAD, nbSavedLits, pureSoftConfl, nbFlyReduced, nbFixedByLH);
2026-10-08T15:28:06.9994482Z       |                                                         ~~~~~~~~~~~~~~                            
2026-10-08T15:28:06.9994755Z       |                                                         |
2026-10-08T15:28:06.9995029Z       |                                                         uint64_t {aka long unsigned int}
2026-10-08T15:28:06.9996352Z src/solver/Solver.cc:6741:109: warning: format ‘%llu’ expects argument of type ‘long long unsigned int’, but argument 8 has type ‘uint64_t’ {aka ‘long unsigned int’} [-Wformat=]
2026-10-08T15:28:06.9997229Z  6741 |         printf("c prunedLB %4.2f, dev %4.2f, succRate %4.2f, nbSucc %llu, nbHardens %d (fixed %llu), lk: %llu, shorten: %llu, pureSo %d, nbFlyRd %d, nbFixedLH %llu\n",
2026-10-08T15:28:06.9997771Z       |                                                                                                          ~~~^
2026-10-08T15:28:06.9998095Z       |                                                                                                             |
2026-10-08T15:28:06.9998440Z       |                                                                                                             long long unsigned int
2026-10-08T15:28:06.9998791Z       |                                                                                                          %lu
2026-10-08T15:28:06.9999082Z  6742 |                meanLB, dev, succRate,
2026-10-08T15:28:06.9999592Z  6743 |                nbLKsuccess-savednbLKsuccess, nbHardens, fixedByHardens, LOOKAHEAD-savedLOOKAHEAD, nbSavedLits, pureSoftConfl, nbFlyReduced, nbFixedByLH);
2026-10-08T15:28:07.0000137Z       |                                                                         ~~~~~~~~~~~~~~~~~~~~~~~~             
2026-10-08T15:28:07.0000434Z       |                                                                                  |
2026-10-08T15:28:07.0000749Z       |                                                                                  uint64_t {aka long unsigned int}
2026-10-08T15:28:07.0001477Z src/solver/Solver.cc:6741:124: warning: format ‘%llu’ expects argument of type ‘long long unsigned int’, but argument 9 has type ‘uint64_t’ {aka ‘long unsigned int’} [-Wformat=]
2026-10-08T15:28:07.0002291Z  6741 |         printf("c prunedLB %4.2f, dev %4.2f, succRate %4.2f, nbSucc %llu, nbHardens %d (fixed %llu), lk: %llu, shorten: %llu, pureSo %d, nbFlyRd %d, nbFixedLH %llu\n",
2026-10-08T15:28:07.0002834Z       |                                                                                                                         ~~~^
2026-10-08T15:28:07.0003184Z       |                                                                                                                            |
2026-10-08T15:28:07.0003561Z       |                                                                                                                            long long unsigned int
2026-10-08T15:28:07.0003937Z       |                                                                                                                         %lu
2026-10-08T15:28:07.0004231Z  6742 |                meanLB, dev, succRate,
2026-10-08T15:28:07.0004750Z  6743 |                nbLKsuccess-savednbLKsuccess, nbHardens, fixedByHardens, LOOKAHEAD-savedLOOKAHEAD, nbSavedLits, pureSoftConfl, nbFlyReduced, nbFixedByLH);
2026-10-08T15:28:07.0005314Z       |                                                                                                   ~~~~~~~~~~~               
2026-10-08T15:28:07.0005639Z       |                                                                                                   |
2026-10-08T15:28:07.0006264Z       |                                                                                                   uint64_t {aka long unsigned int}
2026-10-08T15:28:07.0007019Z src/solver/Solver.cc:6741:163: warning: format ‘%llu’ expects argument of type ‘long long unsigned int’, but argument 12 has type ‘uint64_t’ {aka ‘long unsigned int’} [-Wformat=]
2026-10-08T15:28:07.0007825Z  6741 |         printf("c prunedLB %4.2f, dev %4.2f, succRate %4.2f, nbSucc %llu, nbHardens %d (fixed %llu), lk: %llu, shorten: %llu, pureSo %d, nbFlyRd %d, nbFixedLH %llu\n",
2026-10-08T15:28:07.0008395Z       |                                                                                                                                                                ~~~^
2026-10-08T15:28:07.0008913Z       |                                                                                                                                                                   |
2026-10-08T15:28:07.0009369Z       |                                                                                                                                                                   long long unsigned int
2026-10-08T15:28:07.0009813Z       |                                                                                                                                                                %lu
2026-10-08T15:28:07.0010139Z  6742 |                meanLB, dev, succRate,
2026-10-08T15:28:07.0010656Z  6743 |                nbLKsuccess-savednbLKsuccess, nbHardens, fixedByHardens, LOOKAHEAD-savedLOOKAHEAD, nbSavedLits, pureSoftConfl, nbFlyReduced, nbFixedByLH);
2026-10-08T15:28:07.0011274Z       |                                                                                                                                             ~~~~~~~~~~~            
2026-10-08T15:28:07.0011797Z       |                                                                                                                                             |
2026-10-08T15:28:07.0012460Z       |                                                                                                                                             uint64_t {aka long unsigned int}
2026-10-08T15:28:07.0013780Z src/solver/Solver.cc:6769:25: warning: format ‘%llu’ expects argument of type ‘long long unsigned int’, but argument 2 has type ‘uint64_t’ {aka ‘long unsigned int’} [-Wformat=]
2026-10-08T15:28:07.0015272Z  6769 |         printf("c UB=%llu succ, confls=%llu and hconfls=%llu with %d soft clauses unsat (%d at level 0) and %d fixed vars at level 0,  prunedLB %4.2f, dev %4.2f, succRate %4.2f, nbSucc %llu, shortened : %llu\n",
2026-10-08T15:28:07.0015980Z       |                      ~~~^
2026-10-08T15:28:07.0016366Z       |                         |
2026-10-08T15:28:07.0016571Z       |                         long long unsigned int
2026-10-08T15:28:07.0016797Z       |                      %lu
2026-10-08T15:28:07.0017109Z  6770 |                UB, conflicts, conflicts-softConflicts, falseLits.size(), nbFalses, nbFixeds,
2026-10-08T15:28:07.0017436Z       |                ~~        
2026-10-08T15:28:07.0017628Z       |                |
2026-10-08T15:28:07.0017871Z       |                uint64_t {aka long unsigned int}
2026-10-08T15:28:07.0018967Z src/solver/Solver.cc:6769:43: warning: format ‘%llu’ expects argument of type ‘long long unsigned int’, but argument 3 has type ‘uint64_t’ {aka ‘long unsigned int’} [-Wformat=]
2026-10-08T15:28:07.0020105Z  6769 |         printf("c UB=%llu succ, confls=%llu and hconfls=%llu with %d soft clauses unsat (%d at level 0) and %d fixed vars at level 0,  prunedLB %4.2f, dev %4.2f, succRate %4.2f, nbSucc %llu, shortened : %llu\n",
2026-10-08T15:28:07.0020677Z       |                                        ~~~^
2026-10-08T15:28:07.0020897Z       |                                           |
2026-10-08T15:28:07.0021128Z       |                                           long long unsigned int
2026-10-08T15:28:07.0021376Z       |                                        %lu
2026-10-08T15:28:07.0021864Z  6770 |                UB, conflicts, conflicts-softConflicts, falseLits.size(), nbFalses, nbFixeds,
2026-10-08T15:28:07.0022216Z       |                    ~~~~~~~~~               
2026-10-08T15:28:07.0022421Z       |                    |
2026-10-08T15:28:07.0022626Z       |                    uint64_t {aka long unsigned int}
2026-10-08T15:28:07.0023348Z src/solver/Solver.cc:6769:60: warning: format ‘%llu’ expects argument of type ‘long long unsigned int’, but argument 4 has type ‘uint64_t’ {aka ‘long unsigned int’} [-Wformat=]
2026-10-08T15:28:07.0024226Z  6769 |         printf("c UB=%llu succ, confls=%llu and hconfls=%llu with %d soft clauses unsat (%d at level 0) and %d fixed vars at level 0,  prunedLB %4.2f, dev %4.2f, succRate %4.2f, nbSucc %llu, shortened : %llu\n",
2026-10-08T15:28:07.0024934Z       |                                                         ~~~^
2026-10-08T15:28:07.0025180Z       |                                                            |
2026-10-08T15:28:07.0025444Z       |                                                            long long unsigned int
2026-10-08T15:28:07.0025730Z       |                                                         %lu
2026-10-08T15:28:07.0026212Z  6770 |                UB, conflicts, conflicts-softConflicts, falseLits.size(), nbFalses, nbFixeds,
2026-10-08T15:28:07.0026560Z       |                               ~~~~~~~~~~~~~~~~~~~~~~~       
2026-10-08T15:28:07.0026785Z       |                                        |
2026-10-08T15:28:07.0027030Z       |                                        uint64_t {aka long unsigned int}
2026-10-08T15:28:07.0027735Z src/solver/Solver.cc:6769:189: warning: format ‘%llu’ expects argument of type ‘long long unsigned int’, but argument 11 has type ‘uint64_t’ {aka ‘long unsigned int’} [-Wformat=]
2026-10-08T15:28:07.0028624Z  6769 |         printf("c UB=%llu succ, confls=%llu and hconfls=%llu with %d soft clauses unsat (%d at level 0) and %d fixed vars at level 0,  prunedLB %4.2f, dev %4.2f, succRate %4.2f, nbSucc %llu, shortened : %llu\n",
2026-10-08T15:28:07.0029319Z       |                                                                                                                                                                                          ~~~^
2026-10-08T15:28:07.0029787Z       |                                                                                                                                                                                             |
2026-10-08T15:28:07.0030269Z       |                                                                                                                                                                                             long long unsigned int
2026-10-08T15:28:07.0030766Z       |                                                                                                                                                                                          %lu
2026-10-08T15:28:07.0031225Z  6770 |                UB, conflicts, conflicts-softConflicts, falseLits.size(), nbFalses, nbFixeds,
2026-10-08T15:28:07.0031606Z  6771 |                meanLB, dev, succRate, nbLKsuccess, nbSavedLits);
2026-10-08T15:28:07.0031991Z       |                                       ~~~~~~~~~~~                                                                                                                                            
2026-10-08T15:28:07.0032337Z       |                                       |
2026-10-08T15:28:07.0032583Z       |                                       uint64_t {aka long unsigned int}
2026-10-08T15:28:07.0033266Z src/solver/Solver.cc:6769:207: warning: format ‘%llu’ expects argument of type ‘long long unsigned int’, but argument 12 has type ‘uint64_t’ {aka ‘long unsigned int’} [-Wformat=]
2026-10-08T15:28:07.0034154Z  6769 |         printf("c UB=%llu succ, confls=%llu and hconfls=%llu with %d soft clauses unsat (%d at level 0) and %d fixed vars at level 0,  prunedLB %4.2f, dev %4.2f, succRate %4.2f, nbSucc %llu, shortened : %llu\n",
2026-10-08T15:28:07.0034963Z       |                                                                                                                                                                                                            ~~~^
2026-10-08T15:28:07.0035711Z       |                                                                                                                                                                                                               |
2026-10-08T15:28:07.0036362Z       |                                                                                                                                                                                                               long long unsigned int
2026-10-08T15:28:07.0037967Z       |                                                                                                                                                                                                            %lu
2026-10-08T15:28:07.0038469Z  6770 |                UB, conflicts, conflicts-softConflicts, falseLits.size(), nbFalses, nbFixeds,
2026-10-08T15:28:07.0038869Z  6771 |                meanLB, dev, succRate, nbLKsuccess, nbSavedLits);
2026-10-08T15:28:07.0039285Z       |                                                    ~~~~~~~~~~~                                                                                                                                                 
2026-10-08T15:28:07.0039655Z       |                                                    |
2026-10-08T15:28:07.0039923Z       |                                                    uint64_t {aka long unsigned int}
2026-10-08T15:28:07.0040629Z src/solver/Solver.cc:6798:17: warning: comparison of integer expressions of different signedness: ‘uint64_t’ {aka ‘long unsigned int’} and ‘int’ [-Wsign-compare]
2026-10-08T15:28:07.0041176Z  6798 |         if (inf > falseLits.size())
2026-10-08T15:28:07.0041397Z       |             ~~~~^~~~~~~~~~~~~~~~~~
2026-10-08T15:28:07.0042037Z src/solver/Solver.cc:6806:34: warning: format ‘%llu’ expects argument of type ‘long long unsigned int’, but argument 2 has type ‘uint64_t’ {aka ‘long unsigned int’} [-Wformat=]
2026-10-08T15:28:07.0042673Z  6806 |       else printf("c error UB %llu, inf %llu, sup %llu\n", UB, inf, sup);
2026-10-08T15:28:07.0042979Z       |                               ~~~^                         ~~
2026-10-08T15:28:07.0043229Z       |                                  |                         |
2026-10-08T15:28:07.0043537Z       |                                  long long unsigned int    uint64_t {aka long unsigned int}
2026-10-08T15:28:07.0043833Z       |                               %lu
2026-10-08T15:28:07.0044461Z src/solver/Solver.cc:6806:44: warning: format ‘%llu’ expects argument of type ‘long long unsigned int’, but argument 3 has type ‘uint64_t’ {aka ‘long unsigned int’} [-Wformat=]
2026-10-08T15:28:07.0045072Z  6806 |       else printf("c error UB %llu, inf %llu, sup %llu\n", UB, inf, sup);
2026-10-08T15:28:07.0045376Z       |                                         ~~~^                   ~~~
2026-10-08T15:28:07.0045642Z       |                                            |                   |
2026-10-08T15:28:07.0045928Z       |                                            |                   uint64_t {aka long unsigned int}
2026-10-08T15:28:07.0046451Z       |                                            long long unsigned int
2026-10-08T15:28:07.0046707Z       |                                         %lu
2026-10-08T15:28:07.0047349Z src/solver/Solver.cc:6806:54: warning: format ‘%llu’ expects argument of type ‘long long unsigned int’, but argument 4 has type ‘uint64_t’ {aka ‘long unsigned int’} [-Wformat=]
2026-10-08T15:28:07.0047958Z  6806 |       else printf("c error UB %llu, inf %llu, sup %llu\n", UB, inf, sup);
2026-10-08T15:28:07.0048263Z       |                                                   ~~~^              ~~~
2026-10-08T15:28:07.0048524Z       |                                                      |              |
2026-10-08T15:28:07.0048953Z       |                                                      |              uint64_t {aka long unsigned int}
2026-10-08T15:28:07.0049259Z       |                                                      long long unsigned int
2026-10-08T15:28:07.0049750Z       |                                                   %lu
2026-10-08T15:28:07.0050546Z src/solver/Solver.cc:6828:57: warning: format ‘%llu’ expects argument of type ‘long long unsigned int’, but argument 2 has type ‘uint64_t’ {aka ‘long unsigned int’} [-Wformat=]
2026-10-08T15:28:07.0051580Z  6828 |       printf("c no feasible solution, hardConflicts: %llu\n", conflicts - softConflicts);
2026-10-08T15:28:07.0052359Z       |                                                      ~~~^     ~~~~~~~~~~~~~~~~~~~~~~~~~
2026-10-08T15:28:07.0052812Z       |                                                         |               |
2026-10-08T15:28:07.0053293Z       |                                                         |               uint64_t {aka long unsigned int}
2026-10-08T15:28:07.0053661Z       |                                                         long long unsigned int
2026-10-08T15:28:07.0053938Z       |                                                      %lu
2026-10-08T15:28:07.0054636Z src/solver/Solver.cc:6831:30: warning: format ‘%llu’ expects argument of type ‘long long unsigned int’, but argument 2 has type ‘uint64_t’ {aka ‘long unsigned int’} [-Wformat=]
2026-10-08T15:28:07.0055331Z  6831 |       printf("c initCost: %llu, fixedBySearch: %llu, optimal: %llu, maxsat: %llu, hardConflicts: %llu\n",
2026-10-08T15:28:07.0055700Z       |                           ~~~^
2026-10-08T15:28:07.0056133Z       |                              |
2026-10-08T15:28:07.0056462Z       |                              long long unsigned int
2026-10-08T15:28:07.0056813Z       |                           %lu
2026-10-08T15:28:07.0057174Z  6832 |              solutionCost, fixedCostBySearch,
2026-10-08T15:28:07.0057556Z       |              ~~~~~~~~~~~~     
2026-10-08T15:28:07.0057855Z       |              |
2026-10-08T15:28:07.0058171Z       |              uint64_t {aka long unsigned int}
2026-10-08T15:28:07.0059360Z src/solver/Solver.cc:6831:51: warning: format ‘%llu’ expects argument of type ‘long long unsigned int’, but argument 3 has type ‘uint64_t’ {aka ‘long unsigned int’} [-Wformat=]
2026-10-08T15:28:07.0060286Z  6831 |       printf("c initCost: %llu, fixedBySearch: %llu, optimal: %llu, maxsat: %llu, hardConflicts: %llu\n",
2026-10-08T15:28:07.0060665Z       |                                                ~~~^
2026-10-08T15:28:07.0060920Z       |                                                   |
2026-10-08T15:28:07.0061166Z       |                                                   long long unsigned int
2026-10-08T15:28:07.0061425Z       |                                                %lu
2026-10-08T15:28:07.0061678Z  6832 |              solutionCost, fixedCostBySearch,
2026-10-08T15:28:07.0061921Z       |                            ~~~~~~~~~~~~~~~~~       
2026-10-08T15:28:07.0062144Z       |                            |
2026-10-08T15:28:07.0062370Z       |                            uint64_t {aka long unsigned int}
2026-10-08T15:28:07.0063058Z src/solver/Solver.cc:6831:66: warning: format ‘%llu’ expects argument of type ‘long long unsigned int’, but argument 4 has type ‘uint64_t’ {aka ‘long unsigned int’} [-Wformat=]
2026-10-08T15:28:07.0063748Z  6831 |       printf("c initCost: %llu, fixedBySearch: %llu, optimal: %llu, maxsat: %llu, hardConflicts: %llu\n",
2026-10-08T15:28:07.0064126Z       |                                                               ~~~^
2026-10-08T15:28:07.0064384Z       |                                                                  |
2026-10-08T15:28:07.0064657Z       |                                                                  long long unsigned int
2026-10-08T15:28:07.0064932Z       |                                                               %lu
2026-10-08T15:28:07.0065188Z  6832 |              solutionCost, fixedCostBySearch,
2026-10-08T15:28:07.0065575Z  6833 |              lastOptimalCost,
2026-10-08T15:28:07.0065805Z       |              ~~~~~~~~~~~~~~~                                      
2026-10-08T15:28:07.0066222Z       |              |
2026-10-08T15:28:07.0066498Z       |              uint64_t {aka long unsigned int}
2026-10-08T15:28:07.0067329Z src/solver/Solver.cc:6831:80: warning: format ‘%llu’ expects argument of type ‘long long unsigned int’, but argument 5 has type ‘uint64_t’ {aka ‘long unsigned int’} [-Wformat=]
2026-10-08T15:28:07.0068009Z  6831 |       printf("c initCost: %llu, fixedBySearch: %llu, optimal: %llu, maxsat: %llu, hardConflicts: %llu\n",
2026-10-08T15:28:07.0068531Z       |                                                                             ~~~^
2026-10-08T15:28:07.0068803Z       |                                                                                |
2026-10-08T15:28:07.0069101Z       |                                                                                long long unsigned int
2026-10-08T15:28:07.0069495Z       |                                                                             %lu
2026-10-08T15:28:07.0069773Z ......
2026-10-08T15:28:07.0070013Z  6834 |              objForSearch-sup + nbSatLits, conflicts - softConflicts);
2026-10-08T15:28:07.0070347Z       |              ~~~~~~~~~~~~~~~~~~~~~~~~~~~~                                       
2026-10-08T15:28:07.0070605Z       |                               |
2026-10-08T15:28:07.0070831Z       |                               uint64_t {aka long unsigned int}
2026-10-08T15:28:07.0071533Z src/solver/Solver.cc:6831:101: warning: format ‘%llu’ expects argument of type ‘long long unsigned int’, but argument 6 has type ‘uint64_t’ {aka ‘long unsigned int’} [-Wformat=]
2026-10-08T15:28:07.0072232Z  6831 |       printf("c initCost: %llu, fixedBySearch: %llu, optimal: %llu, maxsat: %llu, hardConflicts: %llu\n",
2026-10-08T15:28:07.0072645Z       |                                                                                                  ~~~^
2026-10-08T15:28:07.0072956Z       |                                                                                                     |
2026-10-08T15:28:07.0073291Z       |                                                                                                     long long unsigned int
2026-10-08T15:28:07.0073625Z       |                                                                                                  %lu
2026-10-08T15:28:07.0073870Z ......
2026-10-08T15:28:07.0074094Z  6834 |              objForSearch-sup + nbSatLits, conflicts - softConflicts);
2026-10-08T15:28:07.0074428Z       |                                            ~~~~~~~~~~~~~~~~~~~~~~~~~                                 
2026-10-08T15:28:07.0074767Z       |                                                      |
2026-10-08T15:28:07.0075196Z       |                                                      uint64_t {aka long unsigned int}
2026-10-08T15:28:07.0076143Z src/solver/Solver.cc:6836:24: warning: format ‘%llu’ expects argument of type ‘long long unsigned int’, but argument 2 has type ‘uint64_t’ {aka ‘long unsigned int’} [-Wformat=]
2026-10-08T15:28:07.0077187Z  6836 |     printf("c nbLK: %llu, nbSuccLK: %llu(%4.2f%%), nbLKup: %llu(%4.2f%%), hardens %u (fixed %llu), dynVars %d, shorten: %llu\n",
2026-10-08T15:28:07.0077600Z       |                     ~~~^
2026-10-08T15:28:07.0077805Z       |                        |
2026-10-08T15:28:07.0078014Z       |                        long long unsigned int
2026-10-08T15:28:07.0078237Z       |                     %lu
2026-10-08T15:28:07.0078549Z  6837 |            LOOKAHEAD, nbLKsuccess, 100.0*nbLKsuccess/LOOKAHEAD, lk_propagations,
2026-10-08T15:28:07.0078855Z       |            ~~~~~~~~~    
2026-10-08T15:28:07.0079030Z       |            |
2026-10-08T15:28:07.0079216Z       |            uint64_t {aka long unsigned int}
2026-10-08T15:28:07.0080034Z src/solver/Solver.cc:6836:40: warning: format ‘%llu’ expects argument of type ‘long long unsigned int’, but argument 3 has type ‘uint64_t’ {aka ‘long unsigned int’} [-Wformat=]
2026-10-08T15:28:07.0080766Z  6836 |     printf("c nbLK: %llu, nbSuccLK: %llu(%4.2f%%), nbLKup: %llu(%4.2f%%), hardens %u (fixed %llu), dynVars %d, shorten: %llu\n",
2026-10-08T15:28:07.0081151Z       |                                     ~~~^
2026-10-08T15:28:07.0081367Z       |                                        |
2026-10-08T15:28:07.0081601Z       |                                        long long unsigned int
2026-10-08T15:28:07.0081849Z       |                                     %lu
2026-10-08T15:28:07.0082258Z  6837 |            LOOKAHEAD, nbLKsuccess, 100.0*nbLKsuccess/LOOKAHEAD, lk_propagations,
2026-10-08T15:28:07.0082570Z       |                       ~~~~~~~~~~~       
2026-10-08T15:28:07.0082785Z       |                       |
2026-10-08T15:28:07.0082999Z       |                       uint64_t {aka long unsigned int}
2026-10-08T15:28:07.0083684Z src/solver/Solver.cc:6836:63: warning: format ‘%llu’ expects argument of type ‘long long unsigned int’, but argument 5 has type ‘uint64_t’ {aka ‘long unsigned int’} [-Wformat=]
2026-10-08T15:28:07.0084407Z  6836 |     printf("c nbLK: %llu, nbSuccLK: %llu(%4.2f%%), nbLKup: %llu(%4.2f%%), hardens %u (fixed %llu), dynVars %d, shorten: %llu\n",
2026-10-08T15:28:07.0084815Z       |                                                            ~~~^
2026-10-08T15:28:07.0085062Z       |                                                               |
2026-10-08T15:28:07.0085329Z       |                                                               long long unsigned int
2026-10-08T15:28:07.0085609Z       |                                                            %lu
2026-10-08T15:28:07.0085932Z  6837 |            LOOKAHEAD, nbLKsuccess, 100.0*nbLKsuccess/LOOKAHEAD, lk_propagations,
2026-10-08T15:28:07.0086445Z       |                                                                 ~~~~~~~~~~~~~~~
2026-10-08T15:28:07.0086711Z       |                                                                 |
2026-10-08T15:28:07.0087005Z       |                                                                 uint64_t {aka long unsigned int}
2026-10-08T15:28:07.0087709Z src/solver/Solver.cc:6836:96: warning: format ‘%llu’ expects argument of type ‘long long unsigned int’, but argument 8 has type ‘uint64_t’ {aka ‘long unsigned int’} [-Wformat=]
2026-10-08T15:28:07.0088401Z  6836 |     printf("c nbLK: %llu, nbSuccLK: %llu(%4.2f%%), nbLKup: %llu(%4.2f%%), hardens %u (fixed %llu), dynVars %d, shorten: %llu\n",
2026-10-08T15:28:07.0088818Z       |                                                                                             ~~~^
2026-10-08T15:28:07.0089118Z       |                                                                                                |
2026-10-08T15:28:07.0089449Z       |                                                                                                long long unsigned int
2026-10-08T15:28:07.0089775Z       |                                                                                             %lu
2026-10-08T15:28:07.0090134Z  6837 |            LOOKAHEAD, nbLKsuccess, 100.0*nbLKsuccess/LOOKAHEAD, lk_propagations,
2026-10-08T15:28:07.0090614Z  6838 |            100.0*lk_propagations/propagations, nbHardens, fixedByHardens, nVars()-staticNbVars, nbSavedLits);
2026-10-08T15:28:07.0091035Z       |                                                           ~~~~~~~~~~~~~~                        
2026-10-08T15:28:07.0091307Z       |                                                           |
2026-10-08T15:28:07.0091582Z       |                                                           uint64_t {aka long unsigned int}
2026-10-08T15:28:07.0092270Z src/solver/Solver.cc:6836:124: warning: format ‘%llu’ expects argument of type ‘long long unsigned int’, but argument 10 has type ‘uint64_t’ {aka ‘long unsigned int’} [-Wformat=]
2026-10-08T15:28:07.0092973Z  6836 |     printf("c nbLK: %llu, nbSuccLK: %llu(%4.2f%%), nbLKup: %llu(%4.2f%%), hardens %u (fixed %llu), dynVars %d, shorten: %llu\n",
2026-10-08T15:28:07.0093550Z       |                                                                                                                         ~~~^
2026-10-08T15:28:07.0093910Z       |                                                                                                                            |
2026-10-08T15:28:07.0094347Z       |                                                                                                                            long long unsigned int
2026-10-08T15:28:07.0094968Z       |                                                                                                                         %lu
2026-10-08T15:28:07.0095716Z  6837 |            LOOKAHEAD, nbLKsuccess, 100.0*nbLKsuccess/LOOKAHEAD, lk_propagations,
2026-10-08T15:28:07.0096644Z  6838 |            100.0*lk_propagations/propagations, nbHardens, fixedByHardens, nVars()-staticNbVars, nbSavedLits);
2026-10-08T15:28:07.0097441Z       |                                                                                                 ~~~~~~~~~~~                 
2026-10-08T15:28:07.0098002Z       |                                                                                                 |
2026-10-08T15:28:07.0098560Z       |                                                                                                 uint64_t {aka long unsigned int}
2026-10-08T15:28:07.0447197Z In file included from src/solver/mtl/Sort.h:24,
2026-10-08T15:28:07.0447684Z                  from src/solver/Solver.cc:106:
2026-10-08T15:28:07.0448966Z src/solver/mtl/Vec.h: In instantiation of ‘void Minisat::vec<T>::capacity(int) [with T = Minisat::vec<Minisat::Solver::Watcher>]’:
2026-10-08T15:28:07.0450190Z src/solver/mtl/Vec.h:115:13:   required from ‘void Minisat::vec<T>::growTo(int) [with T = Minisat::vec<Minisat::Solver::Watcher>]’
2026-10-08T15:28:07.0451642Z src/solver/SolverTypes.h:339:50:   required from ‘void Minisat::OccLists<Idx, Vec, Deleted>::init(const Idx&) [with Idx = Minisat::Lit; Vec = Minisat::vec<Minisat::Solver::Watcher>; Deleted = Minisat::Solver::WatcherDeleted]’
2026-10-08T15:28:07.0452846Z src/solver/Solver.cc:1272:21:   required from here
2026-10-08T15:28:07.0454340Z src/solver/mtl/Vec.h:99:54: warning: ‘void* realloc(void*, size_t)’ moving an object of non-trivially copyable type ‘class Minisat::vec<Minisat::Solver::Watcher>’; use ‘new’ and ‘delete’ instead [-Wclass-memaccess]
2026-10-08T15:28:07.0455731Z    99 |     if (add > INT_MAX - cap || ((data = (T*)::realloc(data, (cap += add) * sizeof(T))) == NULL) && errno == ENOMEM)
2026-10-08T15:28:07.0456573Z       |                                             ~~~~~~~~~^~~~~~~~~~~~~~~~~~~~~~~~~~~~~~~~
2026-10-08T15:28:07.0457411Z src/solver/mtl/Vec.h:38:7: note: ‘class Minisat::vec<Minisat::Solver::Watcher>’ declared here
2026-10-08T15:28:07.0457965Z    38 | class vec {
2026-10-08T15:28:07.0458222Z       |       ^~~
2026-10-08T15:28:07.0458981Z src/solver/mtl/Vec.h: In instantiation of ‘void Minisat::vec<T>::capacity(int) [with T = Minisat::vec<Minisat::Lit>]’:
2026-10-08T15:28:07.0460171Z src/solver/mtl/Vec.h:115:13:   required from ‘void Minisat::vec<T>::growTo(int) [with T = Minisat::vec<Minisat::Lit>]’
2026-10-08T15:28:07.0461417Z src/solver/Solver.h:72:50:   required from ‘void Minisat::vec2<Idx, Vec>::init(const Idx&) [with Idx = Minisat::Lit; Vec = Minisat::vec<Minisat::Lit>]’
2026-10-08T15:28:07.0462252Z src/solver/Solver.cc:1312:22:   required from here
2026-10-08T15:28:07.0463617Z src/solver/mtl/Vec.h:99:54: warning: ‘void* realloc(void*, size_t)’ moving an object of non-trivially copyable type ‘class Minisat::vec<Minisat::Lit>’; use ‘new’ and ‘delete’ instead [-Wclass-memaccess]
2026-10-08T15:28:07.0464951Z    99 |     if (add > INT_MAX - cap || ((data = (T*)::realloc(data, (cap += add) * sizeof(T))) == NULL) && errno == ENOMEM)
2026-10-08T15:28:07.0465699Z       |                                             ~~~~~~~~~^~~~~~~~~~~~~~~~~~~~~~~~~~~~~~~~
2026-10-08T15:28:07.0466753Z src/solver/mtl/Vec.h:38:7: note: ‘class Minisat::vec<Minisat::Lit>’ declared here
2026-10-08T15:28:07.0467780Z    38 | class vec {
2026-10-08T15:28:07.0468221Z       |       ^~~
2026-10-08T15:28:07.0526532Z src/solver/mtl/Vec.h: In instantiation of ‘void Minisat::vec<T>::capacity(int) [with T = Minisat::vec<int>]’:
2026-10-08T15:28:07.0528104Z src/solver/mtl/Vec.h:115:13:   required from ‘void Minisat::vec<T>::growTo(int) [with T = Minisat::vec<int>]’
2026-10-08T15:28:07.0545479Z src/solver/Solver.h:72:50:   required from ‘void Minisat::vec2<Idx, Vec>::init(const Idx&) [with Idx = int; Vec = Minisat::vec<int>]’
2026-10-08T15:28:07.0566686Z src/solver/Solver.cc:4250:13:   required from here
2026-10-08T15:28:07.0578049Z src/solver/mtl/Vec.h:99:54: warning: ‘void* realloc(void*, size_t)’ moving an object of non-trivially copyable type ‘class Minisat::vec<int>’; use ‘new’ and ‘delete’ instead [-Wclass-memaccess]
2026-10-08T15:28:07.0580202Z    99 |     if (add > INT_MAX - cap || ((data = (T*)::realloc(data, (cap += add) * sizeof(T))) == NULL) && errno == ENOMEM)
2026-10-08T15:28:07.0581130Z       |                                             ~~~~~~~~~^~~~~~~~~~~~~~~~~~~~~~~~~~~~~~~~
2026-10-08T15:28:07.0582106Z src/solver/mtl/Vec.h:38:7: note: ‘class Minisat::vec<int>’ declared here
2026-10-08T15:28:07.0582746Z    38 | class vec {
2026-10-08T15:28:07.0583520Z       |       ^~~
2026-10-08T15:28:07.0977915Z src/solver/Solver.cc: In member function ‘void Minisat::Solver::emitBoundsUpdate()’:
2026-10-08T15:28:07.0979700Z src/solver/Solver.cc:5204:24: warning: ignoring return value of ‘ssize_t write(int, const void*, size_t)’ declared with attribute ‘warn_unused_result’ [-Wunused-result]
2026-10-08T15:28:07.0980936Z  5204 |             (void)write(bounds_pipe_w, buf, (size_t)n);
2026-10-08T15:28:07.0981527Z       |                   ~~~~~^~~~~~~~~~~~~~~~~~~~~~~~~~~~~~~
2026-10-08T15:28:07.0982831Z src/solver/Solver.cc:5210:24: warning: ignoring return value of ‘ssize_t write(int, const void*, size_t)’ declared with attribute ‘warn_unused_result’ [-Wunused-result]
2026-10-08T15:28:07.0983888Z  5210 |             (void)write(bounds_pipe_w, buf, (size_t)n);
2026-10-08T15:28:07.0984404Z       |                   ~~~~~^~~~~~~~~~~~~~~~~~~~~~~~~~~~~~~
2026-10-08T15:28:07.0985268Z src/solver/Solver.cc: In member function ‘void Minisat::Solver::emitTryUpdate(uint64_t)’:
2026-10-08T15:28:07.0986764Z src/solver/Solver.cc:5220:20: warning: ignoring return value of ‘ssize_t write(int, const void*, size_t)’ declared with attribute ‘warn_unused_result’ [-Wunused-result]
2026-10-08T15:28:07.0987770Z  5220 |         (void)write(bounds_pipe_w, buf, (size_t)n);
2026-10-08T15:28:07.0988315Z       |               ~~~~~^~~~~~~~~~~~~~~~~~~~~~~~~~~~~~~
2026-10-08T15:28:09.2459654Z In file included from src/solver/Solver.h:54:
2026-10-08T15:28:09.2460576Z In function ‘Minisat::Lit Minisat::operator~(Lit)’,
2026-10-08T15:28:09.2461436Z     inlined from ‘void Minisat::Solver::analyze(Minisat::CRef, Minisat::vec<Minisat::Lit>&, int&, int&)’ at src/solver/Solver.cc:1757:22:
2026-10-08T15:28:09.2462660Z src/solver/SolverTypes.h:73:64: warning: ‘p.Minisat::Lit::x’ may be used uninitialized [-Wmaybe-uninitialized]
2026-10-08T15:28:09.2463392Z    73 | inline  Lit  operator ~(Lit p)              { Lit q; q.x = p.x ^ 1; return q; }
2026-10-08T15:28:09.2463880Z       |                                                            ~~~~^~~
2026-10-08T15:28:09.2464759Z src/solver/Solver.cc: In member function ‘void Minisat::Solver::analyze(Minisat::CRef, Minisat::vec<Minisat::Lit>&, int&, int&)’:
2026-10-08T15:28:09.2465652Z src/solver/Solver.cc:1671:9: note: ‘p.Minisat::Lit::x’ was declared here
2026-10-08T15:28:09.2466366Z  1671 |     Lit p; //     = lit_Undef;
2026-10-08T15:28:09.2466679Z       |         ^
2026-10-08T15:28:09.3106861Z In function ‘Minisat::Lit Minisat::operator~(Lit)’,
2026-10-08T15:28:09.3107729Z     inlined from ‘void Minisat::Solver::analyzeSoftConflict(Minisat::vec<Minisat::Lit>&, int&, int&)’ at src/solver/Solver.cc:2396:22:
2026-10-08T15:28:09.3109140Z src/solver/SolverTypes.h:73:64: warning: ‘p.Minisat::Lit::x’ may be used uninitialized [-Wmaybe-uninitialized]
2026-10-08T15:28:09.3109657Z    73 | inline  Lit  operator ~(Lit p)              { Lit q; q.x = p.x ^ 1; return q; }
2026-10-08T15:28:09.3109990Z       |                                                            ~~~~^~~
2026-10-08T15:28:09.3110606Z src/solver/Solver.cc: In member function ‘void Minisat::Solver::analyzeSoftConflict(Minisat::vec<Minisat::Lit>&, int&, int&)’:
2026-10-08T15:28:09.3111173Z src/solver/Solver.cc:2193:9: note: ‘p.Minisat::Lit::x’ was declared here
2026-10-08T15:28:09.3111615Z  2193 |     Lit p;
2026-10-08T15:28:09.3111785Z       |         ^
2026-10-08T15:28:09.4201120Z In function ‘Minisat::Lit Minisat::operator~(Lit)’,
2026-10-08T15:28:09.4201898Z     inlined from ‘void Minisat::Solver::analyzeQuasiSoftConflict(Minisat::vec<Minisat::Lit>&, int&, int&)’ at src/solver/Solver.cc:4664:22:
2026-10-08T15:28:09.4202695Z src/solver/SolverTypes.h:73:64: warning: ‘p.Minisat::Lit::x’ may be used uninitialized [-Wmaybe-uninitialized]
2026-10-08T15:28:09.4203227Z    73 | inline  Lit  operator ~(Lit p)              { Lit q; q.x = p.x ^ 1; return q; }
2026-10-08T15:28:09.4203555Z       |                                                            ~~~~^~~
2026-10-08T15:28:09.4204136Z src/solver/Solver.cc: In member function ‘void Minisat::Solver::analyzeQuasiSoftConflict(Minisat::vec<Minisat::Lit>&, int&, int&)’:
2026-10-08T15:28:09.4204729Z src/solver/Solver.cc:4492:9: note: ‘p.Minisat::Lit::x’ was declared here
2026-10-08T15:28:09.4205025Z  4492 |     Lit p;
2026-10-08T15:28:09.4205206Z       |         ^
2026-10-08T15:28:11.8007246Z g++ -Isrc/solver -Wall -Wno-parentheses -O3 -g -D __STDC_LIMIT_MACROS -D __STDC_FORMAT_MACROS -DNDEBUG -o bin/distqldpc src/core/distqldpc.cc build/SimpSolver.o build/Solver.o build/Options.o build/System.o -lz
2026-10-08T15:28:11.8009960Z g++ -Isrc/solver -Wall -Wno-parentheses -O3 -g -D __STDC_LIMIT_MACROS -D __STDC_FORMAT_MACROS -DNDEBUG -o bin/maxcdcl src/solver/Main.cc build/SimpSolver.o build/Solver.o build/Options.o build/System.o -lz
2026-10-08T15:28:11.8382429Z In file included from src/solver/Main.cc:51:
2026-10-08T15:28:11.8383350Z src/solver/utils/Options.h:285:29: warning: invalid suffix on literal; C++11 requires a space between literal and string macro [-Wliteral-suffix]
2026-10-08T15:28:11.8384208Z   285 |             fprintf(stderr, "%4"PRIi64, range.begin);
2026-10-08T15:28:11.8384611Z       |                             ^
2026-10-08T15:28:11.8385402Z src/solver/utils/Options.h:291:29: warning: invalid suffix on literal; C++11 requires a space between literal and string macro [-Wliteral-suffix]
2026-10-08T15:28:11.8386441Z   291 |             fprintf(stderr, "%4"PRIi64, range.end);
2026-10-08T15:28:11.8386833Z       |                             ^
2026-10-08T15:28:11.8387583Z src/solver/utils/Options.h:293:25: warning: invalid suffix on literal; C++11 requires a space between literal and string macro [-Wliteral-suffix]
2026-10-08T15:28:11.8388427Z   293 |         fprintf(stderr, "] (default: %"PRIi64")\n", value);
2026-10-08T15:28:11.8388843Z       |                         ^
2026-10-08T15:28:11.8398040Z src/solver/Main.cc:84:16: warning: invalid suffix on literal; C++11 requires a space between literal and string macro [-Wliteral-suffix]
2026-10-08T15:28:11.8398927Z    84 |         printf("c restarts              : %"PRIu64"\n", solver.starts);
2026-10-08T15:28:11.8399337Z       |                ^
2026-10-08T15:28:11.8399899Z src/solver/Main.cc:85:16: warning: invalid suffix on literal; C++11 requires a space between literal and string macro [-Wliteral-suffix]
2026-10-08T15:28:11.8400854Z    85 |         printf("c conflicts             : %-12"PRIu64"   (%.0f /sec)\n", solver.conflicts, solver.conflicts / cpu_time);
2026-10-08T15:28:11.8401375Z       |                ^
2026-10-08T15:28:11.8401934Z src/solver/Main.cc:86:16: warning: invalid suffix on literal; C++11 requires a space between literal and string macro [-Wliteral-suffix]
2026-10-08T15:28:11.8403445Z    86 |         printf("c decisions             : %-12"PRIu64"   (%4.2f %% random) (%.0f /sec)\n", solver.decisions, (float)solver.rnd_decisions * 100 / (float)solver.decisions, solver.decisions / cpu_time);
2026-10-08T15:28:11.8404359Z       |                ^
2026-10-08T15:28:11.8405025Z src/solver/Main.cc:87:16: warning: invalid suffix on literal; C++11 requires a space between literal and string macro [-Wliteral-suffix]
2026-10-08T15:28:11.8406175Z    87 |         printf("c propagations          : %-12"PRIu64"   (%.0f /sec)\n", solver.propagations, solver.propagations / cpu_time);
2026-10-08T15:28:11.8407055Z       |                ^
2026-10-08T15:28:11.8407708Z src/solver/Main.cc:88:16: warning: invalid suffix on literal; C++11 requires a space between literal and string macro [-Wliteral-suffix]
2026-10-08T15:28:11.8408948Z    88 |         printf("c conflict literals     : %-12"PRIu64"   (%4.2f %% deleted)\n", solver.tot_literals, (solver.max_literals - solver.tot_literals) * 100 / (double)solver.max_literals);
2026-10-08T15:28:11.8409827Z       |                ^
2026-10-08T15:28:11.8410492Z src/solver/Main.cc:93:16: warning: invalid suffix on literal; C++11 requires a space between literal and string macro [-Wliteral-suffix]
2026-10-08T15:28:11.8411449Z    93 |         printf("c s_propagations        : %-12"PRIu64"\n", solver.s_propagations);
2026-10-08T15:28:11.8411939Z       |                ^
2026-10-08T15:28:11.9214656Z src/solver/Main.cc: In function ‘void printStats(Minisat::Solver&)’:
2026-10-08T15:28:11.9216345Z src/solver/Main.cc:92:46: warning: format ‘%llu’ expects argument of type ‘long long unsigned int’, but argument 2 has type ‘uint64_t’ {aka ‘long unsigned int’} [-Wformat=]
2026-10-08T15:28:11.9217068Z    92 |         printf("c nbSimplifyAll         : %llu\n", solver.nbSimplifyAll);
2026-10-08T15:28:11.9217414Z       |                                           ~~~^     ~~~~~~~~~~~~~~~~~~~~
2026-10-08T15:28:11.9217674Z       |                                              |            |
2026-10-08T15:28:11.9217978Z       |                                              |            uint64_t {aka long unsigned int}
2026-10-08T15:28:11.9218274Z       |                                              long long unsigned int
2026-10-08T15:28:11.9218527Z       |                                           %lu
2026-10-08T15:28:11.9230459Z src/solver/Main.cc: In function ‘int main(int, char**)’:
2026-10-08T15:28:11.9231264Z src/solver/Main.cc:187:34: warning: format ‘%llu’ expects argument of type ‘long long unsigned int’, but argument 2 has type ‘uint64_t’ {aka ‘long unsigned int’} [-Wformat=]
2026-10-08T15:28:11.9231884Z   187 |         printf("c initial UB: %llu\n", S.initUB);
2026-10-08T15:28:11.9232141Z       |                               ~~~^     ~~~~~~~~
2026-10-08T15:28:11.9232374Z       |                                  |       |
2026-10-08T15:28:11.9232633Z       |                                  |       uint64_t {aka long unsigned int}
2026-10-08T15:28:11.9232908Z       |                                  long long unsigned int
2026-10-08T15:28:11.9233152Z       |                               %lu
2026-10-08T15:28:11.9898571Z src/solver/Main.cc: At global scope:
2026-10-08T15:28:11.9899339Z src/solver/Main.cc:108:13: warning: ‘void SIGINT_exit(int)’ defined but not used [-Wunused-function]
2026-10-08T15:28:11.9899756Z   108 | static void SIGINT_exit(int signum) {
2026-10-08T15:28:11.9899988Z       |             ^~~~~~~~~~~
2026-10-08T15:28:12.0361944Z In file included from src/solver/Solver.h:53,
2026-10-08T15:28:12.0362566Z                  from src/solver/SimpSolver.h:37,
2026-10-08T15:28:12.0363077Z                  from src/core/distqldpc.cc:40:
2026-10-08T15:28:12.0363975Z src/solver/utils/Options.h:285:29: warning: invalid suffix on literal; C++11 requires a space between literal and string macro [-Wliteral-suffix]
2026-10-08T15:28:12.0364881Z   285 |             fprintf(stderr, "%4"PRIi64, range.begin);
2026-10-08T15:28:12.0365343Z       |                             ^
2026-10-08T15:28:12.0366586Z src/solver/utils/Options.h:291:29: warning: invalid suffix on literal; C++11 requires a space between literal and string macro [-Wliteral-suffix]
2026-10-08T15:28:12.0367464Z   291 |             fprintf(stderr, "%4"PRIi64, range.end);
2026-10-08T15:28:12.0367902Z       |                             ^
2026-10-08T15:28:12.0368681Z src/solver/utils/Options.h:293:25: warning: invalid suffix on literal; C++11 requires a space between literal and string macro [-Wliteral-suffix]
2026-10-08T15:28:12.0369593Z   293 |         fprintf(stderr, "] (default: %"PRIi64")\n", value);
2026-10-08T15:28:12.0370218Z       |                         ^
2026-10-08T15:28:12.2958346Z src/core/distqldpc.cc: In function ‘void pipe_write_result(int, int, bool)’:
2026-10-08T15:28:12.2959807Z src/core/distqldpc.cc:162:20: warning: ignoring return value of ‘ssize_t write(int, const void*, size_t)’ declared with attribute ‘warn_unused_result’ [-Wunused-result]
2026-10-08T15:28:12.2960946Z   162 |         (void)write(pipe_w, buf, (size_t)n);
2026-10-08T15:28:12.2961688Z       |               ~~~~~^~~~~~~~~~~~~~~~~~~~~~~~
2026-10-08T15:28:13.1931897Z make: Leaving directory '/home/runner/work/DistQLDPC/DistQLDPC/baseline'
2026-10-08T15:28:13.1959817Z make: Entering directory '/home/runner/work/DistQLDPC/DistQLDPC/candidate'
2026-10-08T15:28:13.1970430Z g++ -Isrc/solver -Wall -Wno-parentheses -O3 -g -D __STDC_LIMIT_MACROS -D __STDC_FORMAT_MACROS -DNDEBUG -c -o build/SimpSolver.o src/solver/SimpSolver.cc
2026-10-08T15:28:13.1972192Z g++ -Isrc/solver -Wall -Wno-parentheses -O3 -g -D __STDC_LIMIT_MACROS -D __STDC_FORMAT_MACROS -DNDEBUG -c -o build/Solver.o src/solver/Solver.cc
2026-10-08T15:28:13.1975021Z g++ -Isrc/solver -Wall -Wno-parentheses -O3 -g -D __STDC_LIMIT_MACROS -D __STDC_FORMAT_MACROS -DNDEBUG -c -o build/Options.o src/solver/utils/Options.cc
2026-10-08T15:28:13.1977147Z g++ -Isrc/solver -Wall -Wno-parentheses -O3 -g -D __STDC_LIMIT_MACROS -D __STDC_FORMAT_MACROS -DNDEBUG -c -o build/System.o src/solver/utils/System.cc
2026-10-08T15:28:13.2486996Z In file included from src/solver/utils/Options.cc:21:
2026-10-08T15:28:13.2517247Z src/solver/utils/Options.h:285:29: warning: invalid suffix on literal; C++11 requires a space between literal and string macro [-Wliteral-suffix]
2026-10-08T15:28:13.2546759Z   285 |             fprintf(stderr, "%4"PRIi64, range.begin);
2026-10-08T15:28:13.2566672Z       |                             ^
2026-10-08T15:28:13.2567731Z src/solver/utils/Options.h:291:29: warning: invalid suffix on literal; C++11 requires a space between literal and string macro [-Wliteral-suffix]
2026-10-08T15:28:13.2596611Z   291 |             fprintf(stderr, "%4"PRIi64, range.end);
2026-10-08T15:28:13.2616828Z       |                             ^
2026-10-08T15:28:13.2617899Z src/solver/utils/Options.h:293:25: warning: invalid suffix on literal; C++11 requires a space between literal and string macro [-Wliteral-suffix]
2026-10-08T15:28:13.2618946Z   293 |         fprintf(stderr, "] (default: %"PRIi64")\n", value);
2026-10-08T15:28:13.2619478Z       |                         ^
2026-10-08T15:28:13.2619945Z In file included from src/solver/Solver.h:53,
2026-10-08T15:28:13.2620431Z                  from src/solver/SimpSolver.h:37,
2026-10-08T15:28:13.2620914Z                  from src/solver/SimpSolver.cc:34:
2026-10-08T15:28:13.2621889Z src/solver/utils/Options.h:285:29: warning: invalid suffix on literal; C++11 requires a space between literal and string macro [-Wliteral-suffix]
2026-10-08T15:28:13.2622930Z   285 |             fprintf(stderr, "%4"PRIi64, range.begin);
2026-10-08T15:28:13.2623415Z       |                             ^
2026-10-08T15:28:13.2624281Z src/solver/utils/Options.h:291:29: warning: invalid suffix on literal; C++11 requires a space between literal and string macro [-Wliteral-suffix]
2026-10-08T15:28:13.2625188Z   291 |             fprintf(stderr, "%4"PRIi64, range.end);
2026-10-08T15:28:13.2625657Z       |                             ^
2026-10-08T15:28:13.2626965Z src/solver/utils/Options.h:293:25: warning: invalid suffix on literal; C++11 requires a space between literal and string macro [-Wliteral-suffix]
2026-10-08T15:28:13.2627952Z   293 |         fprintf(stderr, "] (default: %"PRIi64")\n", value);
2026-10-08T15:28:13.2628463Z       |                         ^
2026-10-08T15:28:13.2628943Z In file included from src/solver/Solver.h:53,
2026-10-08T15:28:13.2629425Z                  from src/solver/Solver.cc:107:
2026-10-08T15:28:13.2630301Z src/solver/utils/Options.h:285:29: warning: invalid suffix on literal; C++11 requires a space between literal and string macro [-Wliteral-suffix]
2026-10-08T15:28:13.2631456Z   285 |             fprintf(stderr, "%4"PRIi64, range.begin);
2026-10-08T15:28:13.2631948Z       |                             ^
2026-10-08T15:28:13.2632773Z src/solver/utils/Options.h:291:29: warning: invalid suffix on literal; C++11 requires a space between literal and string macro [-Wliteral-suffix]
2026-10-08T15:28:13.2633678Z   291 |             fprintf(stderr, "%4"PRIi64, range.end);
2026-10-08T15:28:13.2634154Z       |                             ^
2026-10-08T15:28:13.2634984Z src/solver/utils/Options.h:293:25: warning: invalid suffix on literal; C++11 requires a space between literal and string macro [-Wliteral-suffix]
2026-10-08T15:28:13.2635913Z   293 |         fprintf(stderr, "] (default: %"PRIi64")\n", value);
2026-10-08T15:28:13.2636547Z       |                         ^
2026-10-08T15:28:13.3430375Z src/solver/Solver.h: In constructor ‘Minisat::Solver::Solver()’:
2026-10-08T15:28:13.3431641Z src/solver/Solver.h:480:15: warning: ‘Minisat::Solver::my_var_decay’ will be initialized after [-Wreorder]
2026-10-08T15:28:13.3432710Z   480 |     double    my_var_decay;
2026-10-08T15:28:13.3433252Z       |               ^~~~~~~~~~~~
2026-10-08T15:28:13.3434421Z src/solver/Solver.h:293:42: warning:   ‘Minisat::Heap<Minisat::Solver::VarOrderLt> Minisat::Solver::order_heap_distance’ [-Wreorder]
2026-10-08T15:28:13.3435398Z   293 |                         order_heap_VSIDS,order_heap_distance;
2026-10-08T15:28:13.3435996Z       |                                          ^~~~~~~~~~~~~~~~~~~
2026-10-08T15:28:13.3436896Z src/solver/Solver.cc:143:1: warning:   when initialized here [-Wreorder]
2026-10-08T15:28:13.3437544Z   143 | Solver::Solver() :
2026-10-08T15:28:13.3437989Z       | ^~~~~~
2026-10-08T15:28:13.3438907Z src/solver/Solver.h:514:14: warning: ‘Minisat::Solver::lastOptimalCost’ will be initialized after [-Wreorder]
2026-10-08T15:28:13.3439742Z   514 |     uint64_t lastOptimalCost;
2026-10-08T15:28:13.3440238Z       |              ^~~~~~~~~~~~~~~
2026-10-08T15:28:13.3441066Z src/solver/Solver.h:513:40: warning:   ‘uint64_t Minisat::Solver::totalWeight’ [-Wreorder]
2026-10-08T15:28:13.3441904Z   513 |     uint64_t hardWeight, solutionCost, totalWeight, UB;
2026-10-08T15:28:13.3442512Z       |                                        ^~~~~~~~~~~
2026-10-08T15:28:13.3443159Z src/solver/Solver.cc:143:1: warning:   when initialized here [-Wreorder]
2026-10-08T15:28:13.3443806Z   143 | Solver::Solver() :
2026-10-08T15:28:13.3444243Z       | ^~~~~~
2026-10-08T15:28:13.3445141Z src/solver/Solver.h:707:25: warning: ‘Minisat::Solver::orderHeapAuxi’ will be initialized after [-Wreorder]
2026-10-08T15:28:13.3445961Z   707 |     Heap<VarOrderGt>    orderHeapAuxi;
2026-10-08T15:28:13.3446659Z       |                         ^~~~~~~~~~~~~
2026-10-08T15:28:13.3447450Z src/solver/Solver.h:619:25: warning:   ‘int Minisat::Solver::tier2_lbd_cut’ [-Wreorder]
2026-10-08T15:28:13.3448153Z   619 |     int                 tier2_lbd_cut;
2026-10-08T15:28:13.3448672Z       |                         ^~~~~~~~~~~~~
2026-10-08T15:28:13.3449305Z src/solver/Solver.cc:143:1: warning:   when initialized here [-Wreorder]
2026-10-08T15:28:13.3449937Z   143 | Solver::Solver() :
2026-10-08T15:28:13.3450351Z       | ^~~~~~
2026-10-08T15:28:13.3451217Z src/solver/Solver.h:663:9: warning: ‘Minisat::Solver::cardinalityEncMode’ will be initialized after [-Wreorder]
2026-10-08T15:28:13.3452040Z   663 |     int cardinalityEncMode;
2026-10-08T15:28:13.3452521Z       |         ^~~~~~~~~~~~~~~~~~
2026-10-08T15:28:13.3453787Z src/solver/Solver.h:644:14: warning:   ‘uint64_t Minisat::Solver::quasiSoftConflicts’ [-Wreorder]
2026-10-08T15:28:13.3454556Z   644 |     uint64_t quasiSoftConflicts;
2026-10-08T15:28:13.3455060Z       |              ^~~~~~~~~~~~~~~~~~
2026-10-08T15:28:13.3455665Z src/solver/Solver.cc:143:1: warning:   when initialized here [-Wreorder]
2026-10-08T15:28:13.3456462Z   143 | Solver::Solver() :
2026-10-08T15:28:13.3456906Z       | ^~~~~~
2026-10-08T15:28:13.3457950Z src/solver/Solver.h:696:14: warning: ‘Minisat::Solver::nbFixedByLH’ will be initialized after [-Wreorder]
2026-10-08T15:28:13.3459057Z   696 |     uint64_t nbFixedByLH;
2026-10-08T15:28:13.3465106Z       |              ^~~~~~~~~~~
2026-10-08T15:28:13.3466295Z src/solver/Solver.h:562:10: warning:   ‘bool Minisat::Solver::bestSolutionFound’ [-Wreorder]
2026-10-08T15:28:13.3467187Z   562 |     bool bestSolutionFound;
2026-10-08T15:28:13.3467709Z       |          ^~~~~~~~~~~~~~~~~
2026-10-08T15:28:13.3468373Z src/solver/Solver.cc:143:1: warning:   when initialized here [-Wreorder]
2026-10-08T15:28:13.3469067Z   143 | Solver::Solver() :
2026-10-08T15:28:13.3469515Z       | ^~~~~~
2026-10-08T15:28:13.3470510Z src/solver/Solver.h:564:9: warning: ‘Minisat::Solver::nbSatLitsAtStart’ will be initialized after [-Wreorder]
2026-10-08T15:28:13.3471403Z   564 |     int nbSatLitsAtStart;
2026-10-08T15:28:13.3471896Z       |         ^~~~~~~~~~~~~~~~
2026-10-08T15:28:13.3472723Z src/solver/Solver.h:560:9: warning:   ‘int Minisat::Solver::bounds_pipe_w’ [-Wreorder]
2026-10-08T15:28:13.3473472Z   560 |     int bounds_pipe_w;
2026-10-08T15:28:13.3473976Z       |         ^~~~~~~~~~~~~
2026-10-08T15:28:13.3474592Z src/solver/Solver.cc:143:1: warning:   when initialized here [-Wreorder]
2026-10-08T15:28:13.3475261Z   143 | Solver::Solver() :
2026-10-08T15:28:13.3475709Z       | ^~~~~~
2026-10-08T15:28:13.3476751Z src/solver/Solver.cc: In member function ‘Minisat::CRef Minisat::Solver::simplePropagate()’:
2026-10-08T15:28:13.3478061Z src/solver/Solver.cc:316:27: warning: comparison of integer expressions of different signedness: ‘unsigned int’ and ‘int’ [-Wsign-compare]
2026-10-08T15:28:13.3479021Z   316 |         if (c.lastPoint() > c.size())
2026-10-08T15:28:13.3479532Z       |             ~~~~~~~~~~~~~~^~~~~~~~~~
2026-10-08T15:28:13.3480580Z src/solver/Solver.cc:335:27: warning: comparison of integer expressions of different signedness: ‘int’ and ‘unsigned int’ [-Wsign-compare]
2026-10-08T15:28:13.3481596Z   335 |         for (int k = 2; k < c.lastPoint(); k++) {
2026-10-08T15:28:13.3482157Z       |                         ~~^~~~~~~~~~~~~~~
2026-10-08T15:28:13.3483445Z src/solver/Solver.cc:381:63: warning: comparison of integer expressions of different signedness: ‘int’ and ‘uint64_t’ {aka ‘long unsigned int’} [-Wsign-compare]
2026-10-08T15:28:13.3484607Z   381 |     if (confl == CRef_Undef && falseLits.size() + rootNbIsets >= UB)
2026-10-08T15:28:13.3485282Z       |                                ~~~~~~~~~~~~~~~~~~~~~~~~~~~~~~~^~~~~
2026-10-08T15:28:13.3517321Z src/solver/Solver.cc: In member function ‘bool Minisat::Solver::simplifyLearnt_core()’:
2026-10-08T15:28:13.3518672Z src/solver/Solver.cc:787:34: warning: comparison of integer expressions of different signedness: ‘unsigned int’ and ‘int’ [-Wsign-compare]
2026-10-08T15:28:13.3519830Z   787 |                     if (nblevels < c.lbd()){
2026-10-08T15:28:13.3520442Z       |                         ~~~~~~~~~^~~~~~~~~
2026-10-08T15:28:13.3521422Z src/solver/Solver.cc:721:9: warning: unused variable ‘learnts_core_size_before’ [-Wunused-variable]
2026-10-08T15:28:13.3522323Z   721 |     int learnts_core_size_before = learnts_core.size();
2026-10-08T15:28:13.3522897Z       |         ^~~~~~~~~~~~~~~~~~~~~~~~
2026-10-08T15:28:13.3528781Z src/solver/Solver.cc: In member function ‘bool Minisat::Solver::simplifyLearnt_tier2()’:
2026-10-08T15:28:13.3529932Z src/solver/Solver.cc:895:34: warning: comparison of integer expressions of different signedness: ‘unsigned int’ and ‘int’ [-Wsign-compare]
2026-10-08T15:28:13.3531064Z   895 |                     if (nblevels < c.lbd()){
2026-10-08T15:28:13.3531454Z       |                         ~~~~~~~~~^~~~~~~~~
2026-10-08T15:28:13.3532215Z src/solver/Solver.cc:823:9: warning: unused variable ‘learnts_tier2_size_before’ [-Wunused-variable]
2026-10-08T15:28:13.3546921Z   823 |     int learnts_tier2_size_before = learnts_tier2.size();
2026-10-08T15:28:13.3547556Z       |         ^~~~~~~~~~~~~~~~~~~~~~~~~
2026-10-08T15:28:13.3548719Z src/solver/Solver.cc:828:9: warning: variable ‘limit’ set but not used [-Wunused-but-set-variable]
2026-10-08T15:28:13.3549948Z   828 |     int limit;
2026-10-08T15:28:13.3550373Z       |         ^~~~~
2026-10-08T15:28:13.3551221Z src/solver/Solver.cc: In member function ‘bool Minisat::Solver::failedLiteralDetection()’:
2026-10-08T15:28:13.3552756Z src/solver/Solver.cc:1038:100: warning: format ‘%llu’ expects argument of type ‘long long unsigned int’, but argument 7 has type ‘uint64_t’ {aka ‘long unsigned int’} [-Wformat=]
2026-10-08T15:28:13.3554170Z  1038 |   printf("c nbFailedLits %d, nbI %d, fixedVarsByFL %d, totalFixedVars %d, nbTested: %d, counter %llu\n",
2026-10-08T15:28:13.3555076Z       |                                                                                                 ~~~^
2026-10-08T15:28:13.3555771Z       |                                                                                                    |
2026-10-08T15:28:13.3556655Z       |                                                                                                    long long unsigned int
2026-10-08T15:28:13.3557412Z       |                                                                                                 %lu
2026-10-08T15:28:13.3558195Z  1039 |          nbFailedLits, nbI, trail.size()-initTrail, trail.size(), nbTested, counter);
2026-10-08T15:28:13.3558983Z       |                                                                             ~~~~~~~                 
2026-10-08T15:28:13.3559633Z       |                                                                             |
2026-10-08T15:28:13.3560312Z       |                                                                             uint64_t {aka long unsigned int}
2026-10-08T15:28:13.3561396Z src/solver/Solver.cc: In member function ‘bool Minisat::Solver::simplifyOriginalClauses()’:
2026-10-08T15:28:13.3562901Z src/solver/Solver.cc:1179:40: warning: format ‘%llu’ expects argument of type ‘long long unsigned int’, but argument 2 has type ‘uint64_t’ {aka ‘long unsigned int’} [-Wformat=]
2026-10-08T15:28:13.3564109Z  1179 |     printf("c total nb of literals: %llu\n", clauses_literals);
2026-10-08T15:28:13.3564781Z       |                                     ~~~^     ~~~~~~~~~~~~~~~~
2026-10-08T15:28:13.3565341Z       |                                        |     |
2026-10-08T15:28:13.3565935Z       |                                        |     uint64_t {aka long unsigned int}
2026-10-08T15:28:13.3566748Z       |                                        long long unsigned int
2026-10-08T15:28:13.3567330Z       |                                     %lu
2026-10-08T15:28:13.3568255Z src/solver/Solver.cc:1173:25: warning: unused variable ‘nbOriginalClauses_before’ [-Wunused-variable]
2026-10-08T15:28:13.3569238Z  1173 |     int last_shorten=0, nbOriginalClauses_before = clauses.size();
2026-10-08T15:28:13.3569902Z       |                         ^~~~~~~~~~~~~~~~~~~~~~~~
2026-10-08T15:28:13.3570763Z src/solver/Solver.cc:1185:17: warning: unused variable ‘begin_simp_time’ [-Wunused-variable]
2026-10-08T15:28:13.3571542Z  1185 |     double      begin_simp_time = cpuTime();
2026-10-08T15:28:13.3572107Z       |                 ^~~~~~~~~~~~~~~
2026-10-08T15:28:13.3572984Z src/solver/Solver.cc:1250:12: warning: variable ‘avg’ set but not used [-Wunused-but-set-variable]
2026-10-08T15:28:13.3573743Z  1250 |     double avg;
2026-10-08T15:28:13.3574169Z       |            ^~~
2026-10-08T15:28:13.3622210Z src/solver/Solver.cc: In member function ‘Minisat::CRef Minisat::Solver::propagate()’:
2026-10-08T15:28:13.3623915Z src/solver/Solver.cc:2005:31: warning: comparison of integer expressions of different signedness: ‘unsigned int’ and ‘int’ [-Wsign-compare]
2026-10-08T15:28:13.3625055Z  2005 |             if (c.lastPoint() > c.size())
2026-10-08T15:28:13.3625651Z       |                 ~~~~~~~~~~~~~~^~~~~~~~~~
2026-10-08T15:28:13.3627067Z src/solver/Solver.cc:2024:31: warning: comparison of integer expressions of different signedness: ‘int’ and ‘unsigned int’ [-Wsign-compare]
2026-10-08T15:28:13.3628111Z  2024 |             for (int k = 2; k < c.lastPoint(); k++) {
2026-10-08T15:28:13.3628951Z       |                             ~~^~~~~~~~~~~~~~~
2026-10-08T15:28:13.3630201Z src/solver/Solver.cc:2076:49: warning: comparison of integer expressions of different signedness: ‘int’ and ‘uint64_t’ {aka ‘long unsigned int’} [-Wsign-compare]
2026-10-08T15:28:13.3631329Z  2076 |     if (confl == CRef_Undef && falseLits.size() >= UB)
2026-10-08T15:28:13.3631941Z       |                                ~~~~~~~~~~~~~~~~~^~~~~
2026-10-08T15:28:13.3632852Z src/solver/Solver.cc:2072:1: warning: label ‘ExitProp’ defined but not used [-Wunused-label]
2026-10-08T15:28:13.3633615Z  2072 | ExitProp:;
2026-10-08T15:28:13.3634041Z       | ^~~~~~~~
2026-10-08T15:28:13.3643599Z src/solver/Solver.cc: In member function ‘void Minisat::Solver::getAllUIP(Minisat::vec<Minisat::Lit>&, int&, int&)’:
2026-10-08T15:28:13.3644819Z src/solver/Solver.cc:2177:9: warning: variable ‘myLevel’ set but not used [-Wunused-but-set-variable]
2026-10-08T15:28:13.3645679Z  2177 |     int myLevel = decisionLevel() +1;
2026-10-08T15:28:13.3646420Z       |         ^~~~~~~
2026-10-08T15:28:13.3647505Z src/solver/Solver.cc: In member function ‘void Minisat::Solver::analyzeSoftConflict(Minisat::vec<Minisat::Lit>&, int&, int&)’:
2026-10-08T15:28:13.3649139Z src/solver/Solver.cc:2196:26: warning: comparison of integer expressions of different signedness: ‘int’ and ‘uint64_t’ {aka ‘long unsigned int’} [-Wsign-compare]
2026-10-08T15:28:13.3650238Z  2196 |     if (falseLits.size() >= UB)
2026-10-08T15:28:13.3650783Z       |         ~~~~~~~~~~~~~~~~~^~~~~
2026-10-08T15:28:13.3652012Z src/solver/Solver.cc:2206:26: warning: comparison of integer expressions of different signedness: ‘int’ and ‘uint64_t’ {aka ‘long unsigned int’} [-Wsign-compare]
2026-10-08T15:28:13.3653075Z  2206 |     if (falseLits.size() > UB) {
2026-10-08T15:28:13.3653584Z       |         ~~~~~~~~~~~~~~~~~^~~~
2026-10-08T15:28:13.3680536Z src/solver/Solver.cc: In member function ‘bool Minisat::Solver::simplifyLearnt_local()’:
2026-10-08T15:28:13.3681874Z src/solver/Solver.cc:2631:34: warning: comparison of integer expressions of different signedness: ‘unsigned int’ and ‘int’ [-Wsign-compare]
2026-10-08T15:28:13.3682937Z  2631 |                     if (nblevels < c.lbd()){
2026-10-08T15:28:13.3683535Z       |                         ~~~~~~~~~^~~~~~~~~
2026-10-08T15:28:13.3684521Z src/solver/Solver.cc:2559:7: warning: unused variable ‘learnts_local_size_before’ [-Wunused-variable]
2026-10-08T15:28:13.3685455Z  2559 |   int learnts_local_size_before = learnts_local.size();
2026-10-08T15:28:13.3686190Z       |       ^~~~~~~~~~~~~~~~~~~~~~~~~
2026-10-08T15:28:13.3687001Z src/solver/Solver.cc:2560:7: warning: unused variable ‘savedTrail’ [-Wunused-variable]
2026-10-08T15:28:13.3687758Z  2560 |   int savedTrail = trail.size();
2026-10-08T15:28:13.3688283Z       |       ^~~~~~~~~~
2026-10-08T15:28:13.3694784Z src/solver/Solver.cc: In member function ‘void Minisat::Solver::reduceDB_core()’:
2026-10-08T15:28:13.3695841Z src/solver/Solver.cc:2772:9: warning: unused variable ‘totalLocalSize’ [-Wunused-variable]
2026-10-08T15:28:13.3696922Z  2772 |     int totalLocalSize=0, removedSize=0;
2026-10-08T15:28:13.3697506Z       |         ^~~~~~~~~~~~~~
2026-10-08T15:28:13.3698349Z src/solver/Solver.cc:2772:27: warning: unused variable ‘removedSize’ [-Wunused-variable]
2026-10-08T15:28:13.3699122Z  2772 |     int totalLocalSize=0, removedSize=0;
2026-10-08T15:28:13.3699654Z       |                           ^~~~~~~~~~~
2026-10-08T15:28:13.3715779Z src/solver/Solver.cc: In member function ‘Minisat::CRef Minisat::Solver::lPropagate()’:
2026-10-08T15:28:13.3717441Z src/solver/Solver.cc:3022:20: warning: comparison of integer expressions of different signedness: ‘uint64_t’ {aka ‘long unsigned int’} and ‘int’ [-Wsign-compare]
2026-10-08T15:28:13.3718731Z  3022 |   if (UB > 1 && UB == falseLits.size() + 1 && decisionLevel() < hardenLevel) {
2026-10-08T15:28:13.3719478Z       |                 ~~~^~~~~~~~~~~~~~~~~~~~~~~
2026-10-08T15:28:13.3738175Z src/solver/Solver.cc: In member function ‘void Minisat::Solver::identifyClausesToSplit(Minisat::vec<unsigned int>&)’:
2026-10-08T15:28:13.3740064Z src/solver/Solver.cc:3170:46: warning: comparison of integer expressions of different signedness: ‘int’ and ‘uint64_t’ {aka ‘long unsigned int’} [-Wsign-compare]
2026-10-08T15:28:13.3741212Z  3170 |     for(j=i+1; j<cs.size() && 2*nbCommunLits >= UB; j++) {
2026-10-08T15:28:13.3741845Z       |                               ~~~~~~~~~~~~~~~^~~~~
2026-10-08T15:28:13.3784039Z src/solver/Solver.cc: In member function ‘Minisat::lbool Minisat::Solver::search(int&)’:
2026-10-08T15:28:13.3785579Z src/solver/Solver.cc:3821:31: warning: format ‘%llu’ expects argument of type ‘long long unsigned int’, but argument 2 has type ‘uint64_t’ {aka ‘long unsigned int’} [-Wformat=]
2026-10-08T15:28:13.3787439Z  3821 |               printf("c UB=%llu succs, confls=%llu, hconfls=%llu, core %d, tier2 %d, local %d,  %d soft cls unsat (%d at L0), %d fixed vars at L0, softCnfl %d, nbFlyRd %d, nbFixedLH %llu\n",
2026-10-08T15:28:13.3788595Z       |                            ~~~^
2026-10-08T15:28:13.3789077Z       |                               |
2026-10-08T15:28:13.3789600Z       |                               long long unsigned int
2026-10-08T15:28:13.3790154Z       |                            %lu
2026-10-08T15:28:13.3790993Z  3822 |                      UB, conflicts, conflicts-softConflicts, learnts_core.size(), learnts_tier2.size(), learnts_local.size(),
2026-10-08T15:28:13.3791867Z       |                      ~~        
2026-10-08T15:28:13.3792370Z       |                      |
2026-10-08T15:28:13.3792866Z       |                      uint64_t {aka long unsigned int}
2026-10-08T15:28:13.3794230Z src/solver/Solver.cc:3821:50: warning: format ‘%llu’ expects argument of type ‘long long unsigned int’, but argument 3 has type ‘uint64_t’ {aka ‘long unsigned int’} [-Wformat=]
2026-10-08T15:28:13.3795816Z  3821 |               printf("c UB=%llu succs, confls=%llu, hconfls=%llu, core %d, tier2 %d, local %d,  %d soft cls unsat (%d at L0), %d fixed vars at L0, softCnfl %d, nbFlyRd %d, nbFixedLH %llu\n",
2026-10-08T15:28:13.3797046Z       |                                               ~~~^
2026-10-08T15:28:13.3797573Z       |                                                  |
2026-10-08T15:28:13.3798145Z       |                                                  long long unsigned int
2026-10-08T15:28:13.3798728Z       |                                               %lu
2026-10-08T15:28:13.3799865Z  3822 |                      UB, conflicts, conflicts-softConflicts, learnts_core.size(), learnts_tier2.size(), learnts_local.size(),
2026-10-08T15:28:13.3800794Z       |                          ~~~~~~~~~                
2026-10-08T15:28:13.3801330Z       |                          |
2026-10-08T15:28:13.3801842Z       |                          uint64_t {aka long unsigned int}
2026-10-08T15:28:13.3803162Z src/solver/Solver.cc:3821:64: warning: format ‘%llu’ expects argument of type ‘long long unsigned int’, but argument 4 has type ‘uint64_t’ {aka ‘long unsigned int’} [-Wformat=]
2026-10-08T15:28:13.3805061Z  3821 |               printf("c UB=%llu succs, confls=%llu, hconfls=%llu, core %d, tier2 %d, local %d,  %d soft cls unsat (%d at L0), %d fixed vars at L0, softCnfl %d, nbFlyRd %d, nbFixedLH %llu\n",
2026-10-08T15:28:13.3806312Z       |                                                             ~~~^
2026-10-08T15:28:13.3806940Z       |                                                                |
2026-10-08T15:28:13.3807609Z       |                                                                long long unsigned int
2026-10-08T15:28:13.3808249Z       |                                                             %lu
2026-10-08T15:28:13.3809132Z  3822 |                      UB, conflicts, conflicts-softConflicts, learnts_core.size(), learnts_tier2.size(), learnts_local.size(),
2026-10-08T15:28:13.3809949Z       |                                     ~~~~~~~~~~~~~~~~~~~~~~~     
2026-10-08T15:28:13.3810454Z       |                                              |
2026-10-08T15:28:13.3810985Z       |                                              uint64_t {aka long unsigned int}
2026-10-08T15:28:13.3812247Z src/solver/Solver.cc:3821:186: warning: format ‘%llu’ expects argument of type ‘long long unsigned int’, but argument 13 has type ‘uint64_t’ {aka ‘long unsigned int’} [-Wformat=]
2026-10-08T15:28:13.3813774Z  3821 |               printf("c UB=%llu succs, confls=%llu, hconfls=%llu, core %d, tier2 %d, local %d,  %d soft cls unsat (%d at L0), %d fixed vars at L0, softCnfl %d, nbFlyRd %d, nbFixedLH %llu\n",
2026-10-08T15:28:13.3814968Z       |                                                                                                                                                                                       ~~~^
2026-10-08T15:28:13.3815867Z       |                                                                                                                                                                                          |
2026-10-08T15:28:13.3817056Z       |                                                                                                                                                                                          long long unsigned int
2026-10-08T15:28:13.3818019Z       |                                                                                                                                                                                       %lu
2026-10-08T15:28:13.3819025Z  3822 |                      UB, conflicts, conflicts-softConflicts, learnts_core.size(), learnts_tier2.size(), learnts_local.size(),
2026-10-08T15:28:13.3820097Z  3823 |                      falseLits.size(), nbFalses, nbFixeds, pureSoftConfl, nbFlyReduced, nbFixedByLH);
2026-10-08T15:28:13.3821089Z       |                                                                                         ~~~~~~~~~~~                                                                                       
2026-10-08T15:28:13.3821918Z       |                                                                                         |
2026-10-08T15:28:13.3822672Z       |                                                                                         uint64_t {aka long unsigned int}
2026-10-08T15:28:13.3824115Z src/solver/Solver.cc:3825:48: warning: format ‘%llu’ expects argument of type ‘long long unsigned int’, but argument 3 has type ‘uint64_t’ {aka ‘long unsigned int’} [-Wformat=]
2026-10-08T15:28:13.3826253Z  3825 |               printf("c nbHardens %d (fixed %llu), shorten: %llu, prunedLB %4.2f, dev %4.2f, succRate %4.2f, nbSucc %llu, lk: %llu, shorten: %llu, quasiC: %llu (fixed: %llu)\n\n",
2026-10-08T15:28:13.3827401Z       |                                             ~~~^
2026-10-08T15:28:13.3827967Z       |                                                |
2026-10-08T15:28:13.3828535Z       |                                                long long unsigned int
2026-10-08T15:28:13.3829126Z       |                                             %lu
2026-10-08T15:28:13.3830580Z  3826 |                      nbHardens, fixedByHardens, nbSavedLits, meanLB, dev, succRate, nbLKsuccess-savednbLKsuccess, LOOKAHEAD-savedLOOKAHEAD, nbSavedLits, quasiSoftConflicts, fixedByQuasiConfl);
2026-10-08T15:28:13.3831816Z       |                                 ~~~~~~~~~~~~~~  
2026-10-08T15:28:13.3832335Z       |                                 |
2026-10-08T15:28:13.3832880Z       |                                 uint64_t {aka long unsigned int}
2026-10-08T15:28:13.3834226Z src/solver/Solver.cc:3825:64: warning: format ‘%llu’ expects argument of type ‘long long unsigned int’, but argument 4 has type ‘uint64_t’ {aka ‘long unsigned int’} [-Wformat=]
2026-10-08T15:28:13.3835797Z  3825 |               printf("c nbHardens %d (fixed %llu), shorten: %llu, prunedLB %4.2f, dev %4.2f, succRate %4.2f, nbSucc %llu, lk: %llu, shorten: %llu, quasiC: %llu (fixed: %llu)\n\n",
2026-10-08T15:28:13.3837057Z       |                                                             ~~~^
2026-10-08T15:28:13.3837614Z       |                                                                |
2026-10-08T15:28:13.3838206Z       |                                                                long long unsigned int
2026-10-08T15:28:13.3838841Z       |                                                             %lu
2026-10-08T15:28:13.3840091Z  3826 |                      nbHardens, fixedByHardens, nbSavedLits, meanLB, dev, succRate, nbLKsuccess-savednbLKsuccess, LOOKAHEAD-savedLOOKAHEAD, nbSavedLits, quasiSoftConflicts, fixedByQuasiConfl);
2026-10-08T15:28:13.3841343Z       |                                                 ~~~~~~~~~~~     
2026-10-08T15:28:13.3841898Z       |                                                 |
2026-10-08T15:28:13.3842511Z       |                                                 uint64_t {aka long unsigned int}
2026-10-08T15:28:13.3843876Z src/solver/Solver.cc:3825:120: warning: format ‘%llu’ expects argument of type ‘long long unsigned int’, but argument 8 has type ‘uint64_t’ {aka ‘long unsigned int’} [-Wformat=]
2026-10-08T15:28:13.3845502Z  3825 |               printf("c nbHardens %d (fixed %llu), shorten: %llu, prunedLB %4.2f, dev %4.2f, succRate %4.2f, nbSucc %llu, lk: %llu, shorten: %llu, quasiC: %llu (fixed: %llu)\n\n",
2026-10-08T15:28:13.3846834Z       |                                                                                                                     ~~~^
2026-10-08T15:28:13.3847622Z       |                                                                                                                        |
2026-10-08T15:28:13.3848437Z       |                                                                                                                        long long unsigned int
2026-10-08T15:28:13.3849439Z       |                                                                                                                     %lu
2026-10-08T15:28:13.3851036Z  3826 |                      nbHardens, fixedByHardens, nbSavedLits, meanLB, dev, succRate, nbLKsuccess-savednbLKsuccess, LOOKAHEAD-savedLOOKAHEAD, nbSavedLits, quasiSoftConflicts, fixedByQuasiConfl);
2026-10-08T15:28:13.3852903Z       |                                                                                     ~~~~~~~~~~~~~~~~~~~~~~~~~~~~        
2026-10-08T15:28:13.3853897Z       |                                                                                                |
2026-10-08T15:28:13.3855202Z       |                                                                                                uint64_t {aka long unsigned int}
2026-10-08T15:28:13.3857246Z src/solver/Solver.cc:3825:130: warning: format ‘%llu’ expects argument of type ‘long long unsigned int’, but argument 9 has type ‘uint64_t’ {aka ‘long unsigned int’} [-Wformat=]
2026-10-08T15:28:13.3858737Z  3825 |               printf("c nbHardens %d (fixed %llu), shorten: %llu, prunedLB %4.2f, dev %4.2f, succRate %4.2f, nbSucc %llu, lk: %llu, shorten: %llu, quasiC: %llu (fixed: %llu)\n\n",
2026-10-08T15:28:13.3859761Z       |                                                                                                                               ~~~^
2026-10-08T15:28:13.3860650Z       |                                                                                                                                  |
2026-10-08T15:28:13.3861487Z       |                                                                                                                                  long long unsigned int
2026-10-08T15:28:13.3862260Z       |                                                                                                                               %lu
2026-10-08T15:28:13.3863522Z  3826 |                      nbHardens, fixedByHardens, nbSavedLits, meanLB, dev, succRate, nbLKsuccess-savednbLKsuccess, LOOKAHEAD-savedLOOKAHEAD, nbSavedLits, quasiSoftConflicts, fixedByQuasiConfl);
2026-10-08T15:28:13.3864836Z       |                                                                                                                   ~~~~~~~~~~~~~~~~~~~~~~~~
2026-10-08T15:28:13.3865607Z       |                                                                                                                            |
2026-10-08T15:28:13.3866549Z       |                                                                                                                            uint64_t {aka long unsigned int}
2026-10-08T15:28:13.3868101Z src/solver/Solver.cc:3825:145: warning: format ‘%llu’ expects argument of type ‘long long unsigned int’, but argument 10 has type ‘uint64_t’ {aka ‘long unsigned int’} [-Wformat=]
2026-10-08T15:28:13.3869751Z  3825 |               printf("c nbHardens %d (fixed %llu), shorten: %llu, prunedLB %4.2f, dev %4.2f, succRate %4.2f, nbSucc %llu, lk: %llu, shorten: %llu, quasiC: %llu (fixed: %llu)\n\n",
2026-10-08T15:28:13.3870948Z       |                                                                                                                                              ~~~^
2026-10-08T15:28:13.3871833Z       |                                                                                                                                                 |
2026-10-08T15:28:13.3872724Z       |                                                                                                                                                 long long unsigned int
2026-10-08T15:28:13.3873628Z       |                                                                                                                                              %lu
2026-10-08T15:28:13.3874996Z  3826 |                      nbHardens, fixedByHardens, nbSavedLits, meanLB, dev, succRate, nbLKsuccess-savednbLKsuccess, LOOKAHEAD-savedLOOKAHEAD, nbSavedLits, quasiSoftConflicts, fixedByQuasiConfl);
2026-10-08T15:28:13.3876607Z       |                                                                                                                                             ~~~~~~~~~~~
2026-10-08T15:28:13.3877446Z       |                                                                                                                                             |
2026-10-08T15:28:13.3878325Z       |                                                                                                                                             uint64_t {aka long unsigned int}
2026-10-08T15:28:13.3880052Z src/solver/Solver.cc:3825:159: warning: format ‘%llu’ expects argument of type ‘long long unsigned int’, but argument 11 has type ‘uint64_t’ {aka ‘long unsigned int’} [-Wformat=]
2026-10-08T15:28:13.3881707Z  3825 |               printf("c nbHardens %d (fixed %llu), shorten: %llu, prunedLB %4.2f, dev %4.2f, succRate %4.2f, nbSucc %llu, lk: %llu, shorten: %llu, quasiC: %llu (fixed: %llu)\n\n",
2026-10-08T15:28:13.3882954Z       |                                                                                                                                                            ~~~^
2026-10-08T15:28:13.3883839Z       |                                                                                                                                                               |
2026-10-08T15:28:13.3885311Z       |                                                                                                                                                               long long unsigned int
2026-10-08T15:28:13.3886530Z       |                                                                                                                                                            %lu
2026-10-08T15:28:13.3887942Z  3826 |                      nbHardens, fixedByHardens, nbSavedLits, meanLB, dev, succRate, nbLKsuccess-savednbLKsuccess, LOOKAHEAD-savedLOOKAHEAD, nbSavedLits, quasiSoftConflicts, fixedByQuasiConfl);
2026-10-08T15:28:13.3889402Z       |                                                                                                                                                          ~~~~~~~~~~~~~~~~~~
2026-10-08T15:28:13.3890414Z       |                                                                                                                                                          |
2026-10-08T15:28:13.3891363Z       |                                                                                                                                                          uint64_t {aka long unsigned int}
2026-10-08T15:28:13.3892910Z src/solver/Solver.cc:3825:172: warning: format ‘%llu’ expects argument of type ‘long long unsigned int’, but argument 12 has type ‘uint64_t’ {aka ‘long unsigned int’} [-Wformat=]
2026-10-08T15:28:13.3894559Z  3825 |               printf("c nbHardens %d (fixed %llu), shorten: %llu, prunedLB %4.2f, dev %4.2f, succRate %4.2f, nbSucc %llu, lk: %llu, shorten: %llu, quasiC: %llu (fixed: %llu)\n\n",
2026-10-08T15:28:13.3895817Z       |                                                                                                                                                                         ~~~^
2026-10-08T15:28:13.3896946Z       |                                                                                                                                                                            |
2026-10-08T15:28:13.3897952Z       |                                                                                                                                                                            long long unsigned int
2026-10-08T15:28:13.3898976Z       |                                                                                                                                                                         %lu
2026-10-08T15:28:13.3900400Z  3826 |                      nbHardens, fixedByHardens, nbSavedLits, meanLB, dev, succRate, nbLKsuccess-savednbLKsuccess, LOOKAHEAD-savedLOOKAHEAD, nbSavedLits, quasiSoftConflicts, fixedByQuasiConfl);
2026-10-08T15:28:13.3901870Z       |                                                                                                                                                                              ~~~~~~~~~~~~~~~~~
2026-10-08T15:28:13.3902809Z       |                                                                                                                                                                              |
2026-10-08T15:28:13.3903918Z       |                                                                                                                                                                              uint64_t {aka long unsigned int}
2026-10-08T15:28:13.3905136Z src/solver/Solver.cc: In member function ‘Minisat::CRef Minisat::Solver::propagateForLK()’:
2026-10-08T15:28:13.3906504Z src/solver/Solver.cc:3984:27: warning: comparison of integer expressions of different signedness: ‘unsigned int’ and ‘int’ [-Wsign-compare]
2026-10-08T15:28:13.3907398Z  3984 |         if (c.lastPoint() > c.size())
2026-10-08T15:28:13.3907908Z       |             ~~~~~~~~~~~~~~^~~~~~~~~~
2026-10-08T15:28:13.3908870Z src/solver/Solver.cc:4003:27: warning: comparison of integer expressions of different signedness: ‘int’ and ‘unsigned int’ [-Wsign-compare]
2026-10-08T15:28:13.3909956Z  4003 |         for (int k = 2; k < c.lastPoint(); k++) {
2026-10-08T15:28:13.3910475Z       |                         ~~^~~~~~~~~~~~~~~
2026-10-08T15:28:13.3947275Z src/solver/Solver.cc: In member function ‘void Minisat::Solver::analyzeQuasiSoftConflict(Minisat::vec<Minisat::Lit>&, int&, int&)’:
2026-10-08T15:28:13.3957685Z src/solver/Solver.cc:4502:26: warning: comparison of integer expressions of different signedness: ‘int’ and ‘uint64_t’ {aka ‘long unsigned int’} [-Wsign-compare]
2026-10-08T15:28:13.3958784Z  4502 |     if (falseLits.size() > UB) {
2026-10-08T15:28:13.3959222Z       |         ~~~~~~~~~~~~~~~~~^~~~
2026-10-08T15:28:13.3976987Z src/solver/Solver.cc: In member function ‘bool Minisat::Solver::lookahead()’:
2026-10-08T15:28:13.3978412Z src/solver/Solver.cc:4843:17: warning: comparison of integer expressions of different signedness: ‘uint64_t’ {aka ‘long unsigned int’} and ‘int’ [-Wsign-compare]
2026-10-08T15:28:13.3996987Z  4843 |   if (conflicts > prevConflicts) {
2026-10-08T15:28:13.3997709Z       |       ~~~~~~~~~~^~~~~~~~~~~~~~~
2026-10-08T15:28:13.4027517Z src/solver/Solver.cc: In member function ‘void Minisat::Solver::addHardClausesForSoftClauses()’:
2026-10-08T15:28:13.4029163Z src/solver/Solver.cc:5088:70: warning: format ‘%llu’ expects argument of type ‘long long unsigned int’, but argument 5 has type ‘uint64_t’ {aka ‘long unsigned int’} [-Wformat=]
2026-10-08T15:28:13.4041357Z  5088 |   printf("c nb soft clauses: %d, of which %d unit, %d nonUnit and %llu empty\n",
2026-10-08T15:28:13.4042153Z       |                                                                   ~~~^
2026-10-08T15:28:13.4042776Z       |                                                                      |
2026-10-08T15:28:13.4043465Z       |                                                                      long long unsigned int
2026-10-08T15:28:13.4044113Z       |                                                                   %lu
2026-10-08T15:28:13.4044845Z  5089 |          softClauses.size(), nbUnitSoft, nbNonUnitSoft, solutionCost);
2026-10-08T15:28:13.4045529Z       |                                                         ~~~~~~~~~~~~  
2026-10-08T15:28:13.4046259Z       |                                                         |
2026-10-08T15:28:13.4046873Z       |                                                         uint64_t {aka long unsigned int}
2026-10-08T15:28:13.4047950Z src/solver/Solver.cc: In member function ‘void Minisat::Solver::printBestSolution() const’:
2026-10-08T15:28:13.4049377Z src/solver/Solver.cc:5239:49: warning: format ‘%llu’ expects argument of type ‘long long unsigned int’, but argument 2 has type ‘long unsigned int’ [-Wformat=]
2026-10-08T15:28:13.4050505Z  5239 |     printf("c   unsat soft clauses (search): %llu\n", bestSup);
2026-10-08T15:28:13.4051165Z       |                                              ~~~^     ~~~~~~~
2026-10-08T15:28:13.4051782Z       |                                                 |     |
2026-10-08T15:28:13.4052398Z       |                                                 |     long unsigned int
2026-10-08T15:28:13.4053060Z       |                                                 long long unsigned int
2026-10-08T15:28:13.4053667Z       |                                              %lu
2026-10-08T15:28:13.4055357Z src/solver/Solver.cc:5240:53: warning: format ‘%llu’ expects argument of type ‘long long unsigned int’, but argument 2 has type ‘uint64_t’ {aka ‘long unsigned int’} [-Wformat=]
2026-10-08T15:28:13.4056816Z  5240 |     printf("c   satisfied soft clauses (maxsat): %llu\n", maxsat);
2026-10-08T15:28:13.4057521Z       |                                                  ~~~^     ~~~~~~
2026-10-08T15:28:13.4058123Z       |                                                     |     |
2026-10-08T15:28:13.4058756Z       |                                                     |     uint64_t {aka long unsigned int}
2026-10-08T15:28:13.4059711Z       |                                                     long long unsigned int
2026-10-08T15:28:13.4060405Z       |                                                  %lu
2026-10-08T15:28:13.4061742Z src/solver/Solver.cc:5241:39: warning: format ‘%llu’ expects argument of type ‘long long unsigned int’, but argument 2 has type ‘uint64_t’ {aka ‘long unsigned int’} [-Wformat=]
2026-10-08T15:28:13.4062961Z  5241 |     printf("c   total weight cost: %llu\n", optimal);
2026-10-08T15:28:13.4063628Z       |                                    ~~~^     ~~~~~~~
2026-10-08T15:28:13.4064206Z       |                                       |     |
2026-10-08T15:28:13.4064809Z       |                                       |     uint64_t {aka long unsigned int}
2026-10-08T15:28:13.4065467Z       |                                       long long unsigned int
2026-10-08T15:28:13.4066201Z       |                                    %lu
2026-10-08T15:28:13.4066897Z src/solver/Solver.cc: In member function ‘void Minisat::Solver::checkSolution()’:
2026-10-08T15:28:13.4068160Z src/solver/Solver.cc:5257:15: warning: comparison of integer expressions of different signedness: ‘int’ and ‘uint64_t’ {aka ‘long unsigned int’} [-Wsign-compare]
2026-10-08T15:28:13.4073202Z  5257 |   if (nbFalse != falseLits.size()+fixedCostBySearch + relaxedCost)
2026-10-08T15:28:13.4073929Z       |       ~~~~~~~~^~~~~~~~~~~~~~~~~~~~~~~~~~~~~~~~~~~~~~~~~~~~~~~~~~~
2026-10-08T15:28:13.4075353Z src/solver/Solver.cc:5258:92: warning: format ‘%llu’ expects argument of type ‘long long unsigned int’, but argument 3 has type ‘uint64_t’ {aka ‘long unsigned int’} [-Wformat=]
2026-10-08T15:28:13.4077072Z  5258 |     printf("c **** error nb of false soft clauses real nbfalse: %d, recorded falseLits: %llu****\n",
2026-10-08T15:28:13.4077910Z       |                                                                                         ~~~^
2026-10-08T15:28:13.4078569Z       |                                                                                            |
2026-10-08T15:28:13.4079296Z       |                                                                                            long long unsigned int
2026-10-08T15:28:13.4080026Z       |                                                                                         %lu
2026-10-08T15:28:13.4080914Z  5259 |            nbFalse, falseLits.size()+fixedCostBySearch+relaxedCost);
2026-10-08T15:28:13.4081713Z       |                     ~~~~~~~~~~~~~~~~~~~~~~~~~~~~~~~~~~~~~~~~~~~~~~                          
2026-10-08T15:28:13.4082390Z       |                                                       |
2026-10-08T15:28:13.4083010Z       |                                                       uint64_t {aka long unsigned int}
2026-10-08T15:28:13.4083988Z src/solver/Solver.cc: In member function ‘void Minisat::Solver::partition()’:
2026-10-08T15:28:13.4085280Z src/solver/Solver.cc:5379:31: warning: comparison of integer expressions of different signedness: ‘unsigned int’ and ‘int’ [-Wsign-compare]
2026-10-08T15:28:13.4086517Z  5379 |         if (conflicted[var(q)]==iset.size()) {
2026-10-08T15:28:13.4087670Z src/solver/Solver.cc:5389:32: warning: comparison of integer expressions of different signedness: ‘unsigned int’ and ‘int’ [-Wsign-compare]
2026-10-08T15:28:13.4088670Z  5389 |         if (conflicted[var(q)] < iset.size())
2026-10-08T15:28:13.4089783Z src/solver/Solver.cc:5448:50: warning: comparison of integer expressions of different signedness: ‘unsigned int’ and ‘int’ [-Wsign-compare]
2026-10-08T15:28:13.4091126Z  5448 |         if (q != lit_Undef && conflicted[var(q)] == iset.size()) {
2026-10-08T15:28:13.4092562Z src/solver/Solver.cc:5513:38: warning: format ‘%llu’ expects argument of type ‘long long unsigned int’, but argument 3 has type ‘uint64_t’ {aka ‘long unsigned int’} [-Wformat=]
2026-10-08T15:28:13.4093808Z  5513 |   printf("c isets %d, derivedCost %llu\n", nbIsets, derivedCost);
2026-10-08T15:28:13.4094518Z       |                                   ~~~^              ~~~~~~~~~~~
2026-10-08T15:28:13.4095324Z       |                                      |              |
2026-10-08T15:28:13.4095933Z       |                                      |              uint64_t {aka long unsigned int}
2026-10-08T15:28:13.4096765Z       |                                      long long unsigned int
2026-10-08T15:28:13.4097339Z       |                                   %lu
2026-10-08T15:28:13.4098304Z src/solver/Solver.cc: In member function ‘Minisat::CRef Minisat::Solver::simplepropagateForLK()’:
2026-10-08T15:28:13.4099684Z src/solver/Solver.cc:5660:27: warning: comparison of integer expressions of different signedness: ‘unsigned int’ and ‘int’ [-Wsign-compare]
2026-10-08T15:28:13.4100660Z  5660 |         if (c.lastPoint() > c.size())
2026-10-08T15:28:13.4101188Z       |             ~~~~~~~~~~~~~~^~~~~~~~~~
2026-10-08T15:28:13.4102531Z src/solver/Solver.cc:5674:27: warning: comparison of integer expressions of different signedness: ‘int’ and ‘unsigned int’ [-Wsign-compare]
2026-10-08T15:28:13.4126609Z  5674 |         for (int k = 2; k < c.lastPoint(); k++) {
2026-10-08T15:28:13.4127279Z       |                         ~~^~~~~~~~~~~~~~~
2026-10-08T15:28:13.4147344Z src/solver/Solver.cc: In member function ‘void Minisat::Solver::addCardinalityConstraints()’:
2026-10-08T15:28:13.4149107Z src/solver/Solver.cc:6204:64: warning: format ‘%llu’ expects argument of type ‘long long unsigned int’, but argument 2 has type ‘uint64_t’ {aka ‘long unsigned int’} [-Wformat=]
2026-10-08T15:28:13.4150434Z  6204 |       printf("\nc Cardinality: off (soft-conflict only), UB %llu\n", UB);
2026-10-08T15:28:13.4151192Z       |                                                             ~~~^     ~~
2026-10-08T15:28:13.4151833Z       |                                                                |     |
2026-10-08T15:28:13.4152533Z       |                                                                |     uint64_t {aka long unsigned int}
2026-10-08T15:28:13.4153271Z       |                                                                long long unsigned int
2026-10-08T15:28:13.4153933Z       |                                                             %lu
2026-10-08T15:28:13.4155371Z src/solver/Solver.cc:6234:82: warning: comparison of integer expressions of different signedness: ‘int’ and ‘uint64_t’ {aka ‘long unsigned int’} [-Wsign-compare]
2026-10-08T15:28:13.4156893Z  6234 |   if (activeSoftLits.size() < 2 || UB - 1 - nbFalse < 1 || activeSoftLits.size() <= UB - 1 - nbFalse
2026-10-08T15:28:13.4157771Z       |                                                            ~~~~~~~~~~~~~~~~~~~~~~^~~~~~~~~~~~~~~~~~~
2026-10-08T15:28:13.4159157Z src/solver/Solver.cc:6253:46: warning: format ‘%llu’ expects argument of type ‘long long unsigned int’, but argument 4 has type ‘uint64_t’ {aka ‘long unsigned int’} [-Wformat=]
2026-10-08T15:28:13.4160447Z  6253 |   printf("\nc Cardinality: %d (%s) for UB %llu\n", cardinalityC.size(), enc, UB);
2026-10-08T15:28:13.4161225Z       |                                           ~~~^                               ~~
2026-10-08T15:28:13.4161897Z       |                                              |                               |
2026-10-08T15:28:13.4162678Z       |                                              long long unsigned int          uint64_t {aka long unsigned int}
2026-10-08T15:28:13.4163411Z       |                                           %lu
2026-10-08T15:28:13.4175726Z src/solver/Solver.cc: In member function ‘Minisat::lbool Minisat::Solver::solve_()’:
2026-10-08T15:28:13.4177771Z src/solver/Solver.cc:6602:79: warning: format ‘%llu’ expects argument of type ‘long long unsigned int’, but argument 5 has type ‘uint64_t’ {aka ‘long unsigned int’} [-Wformat=]
2026-10-08T15:28:13.4179184Z  6602 |     printf("c fixedCost %d, nbSatLits %d, totalFixedVars %d, objForSearch: %llu\n\n",
2026-10-08T15:28:13.4180046Z       |                                                                            ~~~^
2026-10-08T15:28:13.4180659Z       |                                                                               |
2026-10-08T15:28:13.4181577Z       |                                                                               long long unsigned int
2026-10-08T15:28:13.4182252Z       |                                                                            %lu
2026-10-08T15:28:13.4182906Z  6603 |                 fixedCost, nbSatLits, trail.size(), objForSearch);
2026-10-08T15:28:13.4183558Z       |                                                     ~~~~~~~~~~~~               
2026-10-08T15:28:13.4184154Z       |                                                     |
2026-10-08T15:28:13.4184750Z       |                                                     uint64_t {aka long unsigned int}
2026-10-08T15:28:13.4186336Z src/solver/Solver.cc:6631:35: warning: format ‘%llu’ expects argument of type ‘long long unsigned int’, but argument 2 has type ‘uint64_t’ {aka ‘long unsigned int’} [-Wformat=]
2026-10-08T15:28:13.4187600Z  6631 |         printf("c provided UB: %llu\n", providedUB);
2026-10-08T15:28:13.4188238Z       |                                ~~~^     ~~~~~~~~~~
2026-10-08T15:28:13.4188782Z       |                                   |     |
2026-10-08T15:28:13.4189358Z       |                                   |     uint64_t {aka long unsigned int}
2026-10-08T15:28:13.4189966Z       |                                   long long unsigned int
2026-10-08T15:28:13.4190512Z       |                                %lu
2026-10-08T15:28:13.4191820Z src/solver/Solver.cc:6634:54: warning: format ‘%llu’ expects argument of type ‘long long unsigned int’, but argument 2 has type ‘uint64_t’ {aka ‘long unsigned int’} [-Wformat=]
2026-10-08T15:28:13.4193550Z  6634 |         printf("c provided UB is invalide: initUB %llu, solCost %llu, costbySearch %llu, derivedCost %llu, relaxedCost: %llu\n", initUB, solutionCost, fixedCostBySearch, derivedCost, relaxedCost);
2026-10-08T15:28:13.4194903Z       |                                                   ~~~^                                                                           ~~~~~~
2026-10-08T15:28:13.4195715Z       |                                                      |                                                                           |
2026-10-08T15:28:13.4196800Z       |                                                      long long unsigned int                                                      uint64_t {aka long unsigned int}
2026-10-08T15:28:13.4198397Z       |                                                   %lu
2026-10-08T15:28:13.4199742Z src/solver/Solver.cc:6634:68: warning: format ‘%llu’ expects argument of type ‘long long unsigned int’, but argument 3 has type ‘uint64_t’ {aka ‘long unsigned int’} [-Wformat=]
2026-10-08T15:28:13.4201459Z  6634 |         printf("c provided UB is invalide: initUB %llu, solCost %llu, costbySearch %llu, derivedCost %llu, relaxedCost: %llu\n", initUB, solutionCost, fixedCostBySearch, derivedCost, relaxedCost);
2026-10-08T15:28:13.4202825Z       |                                                                 ~~~^                                                                     ~~~~~~~~~~~~
2026-10-08T15:28:13.4226780Z       |                                                                    |                                                                     |
2026-10-08T15:28:13.4227780Z       |                                                                    long long unsigned int                                                uint64_t {aka long unsigned int}
2026-10-08T15:28:13.4228876Z       |                                                                 %lu
2026-10-08T15:28:13.4230210Z src/solver/Solver.cc:6634:87: warning: format ‘%llu’ expects argument of type ‘long long unsigned int’, but argument 4 has type ‘uint64_t’ {aka ‘long unsigned int’} [-Wformat=]
2026-10-08T15:28:13.4231928Z  6634 |         printf("c provided UB is invalide: initUB %llu, solCost %llu, costbySearch %llu, derivedCost %llu, relaxedCost: %llu\n", initUB, solutionCost, fixedCostBySearch, derivedCost, relaxedCost);
2026-10-08T15:28:13.4233370Z       |                                                                                    ~~~^                                                                ~~~~~~~~~~~~~~~~~
2026-10-08T15:28:13.4234426Z       |                                                                                       |                                                                |
2026-10-08T15:28:13.4235398Z       |                                                                                       long long unsigned int                                           uint64_t {aka long unsigned int}
2026-10-08T15:28:13.4242958Z       |                                                                                    %lu
2026-10-08T15:28:13.4244609Z src/solver/Solver.cc:6634:105: warning: format ‘%llu’ expects argument of type ‘long long unsigned int’, but argument 5 has type ‘uint64_t’ {aka ‘long unsigned int’} [-Wformat=]
2026-10-08T15:28:13.4247417Z  6634 |         printf("c provided UB is invalide: initUB %llu, solCost %llu, costbySearch %llu, derivedCost %llu, relaxedCost: %llu\n", initUB, solutionCost, fixedCostBySearch, derivedCost, relaxedCost);
2026-10-08T15:28:13.4248950Z       |                                                                                                      ~~~^                                                                 ~~~~~~~~~~~
2026-10-08T15:28:13.4250042Z       |                                                                                                         |                                                                 |
2026-10-08T15:28:13.4251141Z       |                                                                                                         long long unsigned int                                            uint64_t {aka long unsigned int}
2026-10-08T15:28:13.4252112Z       |                                                                                                      %lu
2026-10-08T15:28:13.4253526Z src/solver/Solver.cc:6634:124: warning: format ‘%llu’ expects argument of type ‘long long unsigned int’, but argument 6 has type ‘uint64_t’ {aka ‘long unsigned int’} [-Wformat=]
2026-10-08T15:28:13.4255301Z  6634 |         printf("c provided UB is invalide: initUB %llu, solCost %llu, costbySearch %llu, derivedCost %llu, relaxedCost: %llu\n", initUB, solutionCost, fixedCostBySearch, derivedCost, relaxedCost);
2026-10-08T15:28:13.4256943Z       |                                                                                                                         ~~~^                                                           ~~~~~~~~~~~
2026-10-08T15:28:13.4257962Z       |                                                                                                                            |                                                           |
2026-10-08T15:28:13.4259074Z       |                                                                                                                            long long unsigned int                                      uint64_t {aka long unsigned int}
2026-10-08T15:28:13.4260121Z       |                                                                                                                         %lu
2026-10-08T15:28:13.4261581Z src/solver/Solver.cc:6656:58: warning: format ‘%llu’ expects argument of type ‘long long unsigned int’, but argument 2 has type ‘uint64_t’ {aka ‘long unsigned int’} [-Wformat=]
2026-10-08T15:28:13.4263142Z  6656 |       printf("c ends of initiationization by VSIDS at %llu conflicts with init %d\n\n",
2026-10-08T15:28:13.4263911Z       |                                                       ~~~^
2026-10-08T15:28:13.4264474Z       |                                                          |
2026-10-08T15:28:13.4265071Z       |                                                          long long unsigned int
2026-10-08T15:28:13.4265686Z       |                                                       %lu
2026-10-08T15:28:13.4266483Z  6657 |              conflicts, init);
2026-10-08T15:28:13.4267742Z       |              ~~~~~~~~~                                    
2026-10-08T15:28:13.4273152Z       |              |
2026-10-08T15:28:13.4273679Z       |              uint64_t {aka long unsigned int}
2026-10-08T15:28:13.4275031Z src/solver/Solver.cc:6686:50: warning: format ‘%llu’ expects argument of type ‘long long unsigned int’, but argument 3 has type ‘uint64_t’ {aka ‘long unsigned int’} [-Wformat=]
2026-10-08T15:28:13.4276510Z  6686 |           printf("c VSIDS phase %d: conflicts %llu, phase %llu, starts %llu, UP %llu\n",
2026-10-08T15:28:13.4277260Z       |                                               ~~~^
2026-10-08T15:28:13.4277837Z       |                                                  |
2026-10-08T15:28:13.4278418Z       |                                                  long long unsigned int
2026-10-08T15:28:13.4279027Z       |                                               %lu
2026-10-08T15:28:13.4279679Z  6687 |                  nbVSIDSphase, conflicts-savedConfl, phase_allotment,
2026-10-08T15:28:13.4280342Z       |                                ~~~~~~~~~~~~~~~~~~~~
2026-10-08T15:28:13.4280882Z       |                                         |
2026-10-08T15:28:13.4281545Z       |                                         uint64_t {aka long unsigned int}
2026-10-08T15:28:13.4282891Z src/solver/Solver.cc:6686:62: warning: format ‘%llu’ expects argument of type ‘long long unsigned int’, but argument 4 has type ‘uint64_t’ {aka ‘long unsigned int’} [-Wformat=]
2026-10-08T15:28:13.4284126Z  6686 |           printf("c VSIDS phase %d: conflicts %llu, phase %llu, starts %llu, UP %llu\n",
2026-10-08T15:28:13.4284834Z       |                                                           ~~~^
2026-10-08T15:28:13.4285376Z       |                                                              |
2026-10-08T15:28:13.4285946Z       |                                                              long long unsigned int
2026-10-08T15:28:13.4286699Z       |                                                           %lu
2026-10-08T15:28:13.4287322Z  6687 |                  nbVSIDSphase, conflicts-savedConfl, phase_allotment,
2026-10-08T15:28:13.4287948Z       |                                                      ~~~~~~~~~~~~~~~
2026-10-08T15:28:13.4288421Z       |                                                      |
2026-10-08T15:28:13.4288913Z       |                                                      uint64_t {aka long unsigned int}
2026-10-08T15:28:13.4290376Z src/solver/Solver.cc:6686:75: warning: format ‘%llu’ expects argument of type ‘long long unsigned int’, but argument 5 has type ‘uint64_t’ {aka ‘long unsigned int’} [-Wformat=]
2026-10-08T15:28:13.4291987Z  6686 |           printf("c VSIDS phase %d: conflicts %llu, phase %llu, starts %llu, UP %llu\n",
2026-10-08T15:28:13.4292904Z       |                                                                        ~~~^
2026-10-08T15:28:13.4293678Z       |                                                                           |
2026-10-08T15:28:13.4294513Z       |                                                                           long long unsigned int
2026-10-08T15:28:13.4295266Z       |                                                                        %lu
2026-10-08T15:28:13.4296375Z  6687 |                  nbVSIDSphase, conflicts-savedConfl, phase_allotment,
2026-10-08T15:28:13.4320454Z  6688 |                  starts-savedRestarts, propagations-savedUP);
2026-10-08T15:28:13.4321446Z       |                  ~~~~~~~~~~~~~~~~~~~~                                      
2026-10-08T15:28:13.4322032Z       |                        |
2026-10-08T15:28:13.4322549Z       |                        uint64_t {aka long unsigned int}
2026-10-08T15:28:13.4323957Z src/solver/Solver.cc:6686:84: warning: format ‘%llu’ expects argument of type ‘long long unsigned int’, but argument 6 has type ‘uint64_t’ {aka ‘long unsigned int’} [-Wformat=]
2026-10-08T15:28:13.4325246Z  6686 |           printf("c VSIDS phase %d: conflicts %llu, phase %llu, starts %llu, UP %llu\n",
2026-10-08T15:28:13.4326419Z       |                                                                                 ~~~^
2026-10-08T15:28:13.4327049Z       |                                                                                    |
2026-10-08T15:28:13.4327714Z       |                                                                                    long long unsigned int
2026-10-08T15:28:13.4328400Z       |                                                                                 %lu
2026-10-08T15:28:13.4329083Z  6687 |                  nbVSIDSphase, conflicts-savedConfl, phase_allotment,
2026-10-08T15:28:13.4329780Z  6688 |                  starts-savedRestarts, propagations-savedUP);
2026-10-08T15:28:13.4330423Z       |                                        ~~~~~~~~~~~~~~~~~~~~                         
2026-10-08T15:28:13.4330994Z       |                                                    |
2026-10-08T15:28:13.4331561Z       |                                                    uint64_t {aka long unsigned int}
2026-10-08T15:28:13.4332951Z src/solver/Solver.cc:6692:48: warning: format ‘%llu’ expects argument of type ‘long long unsigned int’, but argument 3 has type ‘uint64_t’ {aka ‘long unsigned int’} [-Wformat=]
2026-10-08T15:28:13.4334227Z  6692 |           printf("c LRB phase %d: conflicts %llu, phase %llu, starts %llu, UP %llu\n",
2026-10-08T15:28:13.4334908Z       |                                             ~~~^
2026-10-08T15:28:13.4335434Z       |                                                |
2026-10-08T15:28:13.4335986Z       |                                                long long unsigned int
2026-10-08T15:28:13.4336719Z       |                                             %lu
2026-10-08T15:28:13.4337342Z  6693 |                  nbLRBphase, conflicts-savedConfl, phase_allotment,
2026-10-08T15:28:13.4337957Z       |                              ~~~~~~~~~~~~~~~~~~~~
2026-10-08T15:28:13.4338458Z       |                                       |
2026-10-08T15:28:13.4339072Z       |                                       uint64_t {aka long unsigned int}
2026-10-08T15:28:13.4340426Z src/solver/Solver.cc:6692:60: warning: format ‘%llu’ expects argument of type ‘long long unsigned int’, but argument 4 has type ‘uint64_t’ {aka ‘long unsigned int’} [-Wformat=]
2026-10-08T15:28:13.4341690Z  6692 |           printf("c LRB phase %d: conflicts %llu, phase %llu, starts %llu, UP %llu\n",
2026-10-08T15:28:13.4342400Z       |                                                         ~~~^
2026-10-08T15:28:13.4343040Z       |                                                            |
2026-10-08T15:28:13.4343628Z       |                                                            long long unsigned int
2026-10-08T15:28:13.4344226Z       |                                                         %lu
2026-10-08T15:28:13.4344835Z  6693 |                  nbLRBphase, conflicts-savedConfl, phase_allotment,
2026-10-08T15:28:13.4345465Z       |                                                    ~~~~~~~~~~~~~~~
2026-10-08T15:28:13.4346183Z       |                                                    |
2026-10-08T15:28:13.4346772Z       |                                                    uint64_t {aka long unsigned int}
2026-10-08T15:28:13.4348120Z src/solver/Solver.cc:6692:73: warning: format ‘%llu’ expects argument of type ‘long long unsigned int’, but argument 5 has type ‘uint64_t’ {aka ‘long unsigned int’} [-Wformat=]
2026-10-08T15:28:13.4349624Z  6692 |           printf("c LRB phase %d: conflicts %llu, phase %llu, starts %llu, UP %llu\n",
2026-10-08T15:28:13.4350367Z       |                                                                      ~~~^
2026-10-08T15:28:13.4351094Z       |                                                                         |
2026-10-08T15:28:13.4351724Z       |                                                                         long long unsigned int
2026-10-08T15:28:13.4352343Z       |                                                                      %lu
2026-10-08T15:28:13.4352984Z  6693 |                  nbLRBphase, conflicts-savedConfl, phase_allotment,
2026-10-08T15:28:13.4353893Z  6694 |                  starts-savedRestarts, propagations-savedUP);
2026-10-08T15:28:13.4354532Z       |                  ~~~~~~~~~~~~~~~~~~~~                                    
2026-10-08T15:28:13.4355082Z       |                        |
2026-10-08T15:28:13.4355577Z       |                        uint64_t {aka long unsigned int}
2026-10-08T15:28:13.4357062Z src/solver/Solver.cc:6692:82: warning: format ‘%llu’ expects argument of type ‘long long unsigned int’, but argument 6 has type ‘uint64_t’ {aka ‘long unsigned int’} [-Wformat=]
2026-10-08T15:28:13.4358329Z  6692 |           printf("c LRB phase %d: conflicts %llu, phase %llu, starts %llu, UP %llu\n",
2026-10-08T15:28:13.4359055Z       |                                                                               ~~~^
2026-10-08T15:28:13.4359653Z       |                                                                                  |
2026-10-08T15:28:13.4360316Z       |                                                                                  long long unsigned int
2026-10-08T15:28:13.4360994Z       |                                                                               %lu
2026-10-08T15:28:13.4361647Z  6693 |                  nbLRBphase, conflicts-savedConfl, phase_allotment,
2026-10-08T15:28:13.4362326Z  6694 |                  starts-savedRestarts, propagations-savedUP);
2026-10-08T15:28:13.4362972Z       |                                        ~~~~~~~~~~~~~~~~~~~~                       
2026-10-08T15:28:13.4363542Z       |                                                    |
2026-10-08T15:28:13.4364114Z       |                                                    uint64_t {aka long unsigned int}
2026-10-08T15:28:13.4365465Z src/solver/Solver.cc:6739:25: warning: format ‘%llu’ expects argument of type ‘long long unsigned int’, but argument 2 has type ‘uint64_t’ {aka ‘long unsigned int’} [-Wformat=]
2026-10-08T15:28:13.4366996Z  6739 |         printf("c UB=%llu fails, cnfls=%llu, hcnfls=%llu, core %d, tier2 %d, local %d, quasiC: %llu (fixed: %llu)\n",
2026-10-08T15:28:13.4367787Z       |                      ~~~^
2026-10-08T15:28:13.4368243Z       |                         |
2026-10-08T15:28:13.4368693Z       |                         long long unsigned int
2026-10-08T15:28:13.4369179Z       |                      %lu
2026-10-08T15:28:13.4370141Z  6740 |                UB, conflicts, conflicts-softConflicts, learnts_core.size(), learnts_tier2.size(), learnts_local.size(), quasiSoftConflicts, fixedByQuasiConfl);
2026-10-08T15:28:13.4371129Z       |                ~~        
2026-10-08T15:28:13.4371562Z       |                |
2026-10-08T15:28:13.4372005Z       |                uint64_t {aka long unsigned int}
2026-10-08T15:28:13.4373277Z src/solver/Solver.cc:6739:43: warning: format ‘%llu’ expects argument of type ‘long long unsigned int’, but argument 3 has type ‘uint64_t’ {aka ‘long unsigned int’} [-Wformat=]
2026-10-08T15:28:13.4374619Z  6739 |         printf("c UB=%llu fails, cnfls=%llu, hcnfls=%llu, core %d, tier2 %d, local %d, quasiC: %llu (fixed: %llu)\n",
2026-10-08T15:28:13.4375363Z       |                                        ~~~^
2026-10-08T15:28:13.4375850Z       |                                           |
2026-10-08T15:28:13.4376515Z       |                                           long long unsigned int
2026-10-08T15:28:13.4377012Z       |                                        %lu
2026-10-08T15:28:13.4378214Z  6740 |                UB, conflicts, conflicts-softConflicts, learnts_core.size(), learnts_tier2.size(), learnts_local.size(), quasiSoftConflicts, fixedByQuasiConfl);
2026-10-08T15:28:13.4379170Z       |                    ~~~~~~~~~               
2026-10-08T15:28:13.4379599Z       |                    |
2026-10-08T15:28:13.4380015Z       |                    uint64_t {aka long unsigned int}
2026-10-08T15:28:13.4381215Z src/solver/Solver.cc:6739:56: warning: format ‘%llu’ expects argument of type ‘long long unsigned int’, but argument 4 has type ‘uint64_t’ {aka ‘long unsigned int’} [-Wformat=]
2026-10-08T15:28:13.4382749Z  6739 |         printf("c UB=%llu fails, cnfls=%llu, hcnfls=%llu, core %d, tier2 %d, local %d, quasiC: %llu (fixed: %llu)\n",
2026-10-08T15:28:13.4383501Z       |                                                     ~~~^
2026-10-08T15:28:13.4383973Z       |                                                        |
2026-10-08T15:28:13.4384510Z       |                                                        long long unsigned int
2026-10-08T15:28:13.4385030Z       |                                                     %lu
2026-10-08T15:28:13.4385999Z  6740 |                UB, conflicts, conflicts-softConflicts, learnts_core.size(), learnts_tier2.size(), learnts_local.size(), quasiSoftConflicts, fixedByQuasiConfl);
2026-10-08T15:28:13.4387136Z       |                               ~~~~~~~~~~~~~~~~~~~~~~~   
2026-10-08T15:28:13.4387703Z       |                                        |
2026-10-08T15:28:13.4388185Z       |                                        uint64_t {aka long unsigned int}
2026-10-08T15:28:13.4389424Z src/solver/Solver.cc:6739:99: warning: format ‘%llu’ expects argument of type ‘long long unsigned int’, but argument 8 has type ‘uint64_t’ {aka ‘long unsigned int’} [-Wformat=]
2026-10-08T15:28:13.4390723Z  6739 |         printf("c UB=%llu fails, cnfls=%llu, hcnfls=%llu, core %d, tier2 %d, local %d, quasiC: %llu (fixed: %llu)\n",
2026-10-08T15:28:13.4391527Z       |                                                                                                ~~~^
2026-10-08T15:28:13.4392138Z       |                                                                                                   |
2026-10-08T15:28:13.4392775Z       |                                                                                                   long long unsigned int
2026-10-08T15:28:13.4393412Z       |                                                                                                %lu
2026-10-08T15:28:13.4394442Z  6740 |                UB, conflicts, conflicts-softConflicts, learnts_core.size(), learnts_tier2.size(), learnts_local.size(), quasiSoftConflicts, fixedByQuasiConfl);
2026-10-08T15:28:13.4395501Z       |                                                                                                                         ~~~~~~~~~~~~~~~~~~
2026-10-08T15:28:13.4396677Z       |                                                                                                                         |
2026-10-08T15:28:13.4399109Z       |                                                                                                                         uint64_t {aka long unsigned int}
2026-10-08T15:28:13.4400533Z src/solver/Solver.cc:6739:112: warning: format ‘%llu’ expects argument of type ‘long long unsigned int’, but argument 9 has type ‘uint64_t’ {aka ‘long unsigned int’} [-Wformat=]
2026-10-08T15:28:13.4402608Z  6739 |         printf("c UB=%llu fails, cnfls=%llu, hcnfls=%llu, core %d, tier2 %d, local %d, quasiC: %llu (fixed: %llu)\n",
2026-10-08T15:28:13.4403476Z       |                                                                                                             ~~~^
2026-10-08T15:28:13.4406378Z       |                                                                                                                |
2026-10-08T15:28:13.4438782Z       |                                                                                                                long long unsigned int
2026-10-08T15:28:13.4439607Z       |                                                                                                             %lu
2026-10-08T15:28:13.4440717Z  6740 |                UB, conflicts, conflicts-softConflicts, learnts_core.size(), learnts_tier2.size(), learnts_local.size(), quasiSoftConflicts, fixedByQuasiConfl);
2026-10-08T15:28:13.4441851Z       |                                                                                                                                             ~~~~~~~~~~~~~~~~~
2026-10-08T15:28:13.4442886Z       |                                                                                                                                             |
2026-10-08T15:28:13.4443648Z       |                                                                                                                                             uint64_t {aka long unsigned int}
2026-10-08T15:28:13.4445106Z src/solver/Solver.cc:6741:72: warning: format ‘%llu’ expects argument of type ‘long long unsigned int’, but argument 5 has type ‘uint64_t’ {aka ‘long unsigned int’} [-Wformat=]
2026-10-08T15:28:13.4448302Z  6741 |         printf("c prunedLB %4.2f, dev %4.2f, succRate %4.2f, nbSucc %llu, nbHardens %d (fixed %llu), lk: %llu, shorten: %llu, pureSo %d, nbFlyRd %d, nbFixedLH %llu\n",
2026-10-08T15:28:13.4449284Z       |                                                                     ~~~^
2026-10-08T15:28:13.4449810Z       |                                                                        |
2026-10-08T15:28:13.4456579Z       |                                                                        long long unsigned int
2026-10-08T15:28:13.4479568Z       |                                                                     %lu
2026-10-08T15:28:13.4480151Z  6742 |                meanLB, dev, succRate,
2026-10-08T15:28:13.4481172Z  6743 |                nbLKsuccess-savednbLKsuccess, nbHardens, fixedByHardens, LOOKAHEAD-savedLOOKAHEAD, nbSavedLits, pureSoftConfl, nbFlyReduced, nbFixedByLH);
2026-10-08T15:28:13.4482213Z       |                ~~~~~~~~~~~~~~~~~~~~~~~~~~~~                             
2026-10-08T15:28:13.4482715Z       |                           |
2026-10-08T15:28:13.4483164Z       |                           uint64_t {aka long unsigned int}
2026-10-08T15:28:13.4484626Z src/solver/Solver.cc:6741:98: warning: format ‘%llu’ expects argument of type ‘long long unsigned int’, but argument 7 has type ‘uint64_t’ {aka ‘long unsigned int’} [-Wformat=]
2026-10-08T15:28:13.4486403Z  6741 |         printf("c prunedLB %4.2f, dev %4.2f, succRate %4.2f, nbSucc %llu, nbHardens %d (fixed %llu), lk: %llu, shorten: %llu, pureSo %d, nbFlyRd %d, nbFixedLH %llu\n",
2026-10-08T15:28:13.4487456Z       |                                                                                               ~~~^
2026-10-08T15:28:13.4488064Z       |                                                                                                  |
2026-10-08T15:28:13.4488732Z       |                                                                                                  long long unsigned int
2026-10-08T15:28:13.4490436Z       |                                                                                               %lu
2026-10-08T15:28:13.4491025Z  6742 |                meanLB, dev, succRate,
2026-10-08T15:28:13.4491996Z  6743 |                nbLKsuccess-savednbLKsuccess, nbHardens, fixedByHardens, LOOKAHEAD-savedLOOKAHEAD, nbSavedLits, pureSoftConfl, nbFlyReduced, nbFixedByLH);
2026-10-08T15:28:13.4493088Z       |                                                         ~~~~~~~~~~~~~~                            
2026-10-08T15:28:13.4493652Z       |                                                         |
2026-10-08T15:28:13.4494185Z       |                                                         uint64_t {aka long unsigned int}
2026-10-08T15:28:13.4495800Z src/solver/Solver.cc:6741:109: warning: format ‘%llu’ expects argument of type ‘long long unsigned int’, but argument 8 has type ‘uint64_t’ {aka ‘long unsigned int’} [-Wformat=]
2026-10-08T15:28:13.4497516Z  6741 |         printf("c prunedLB %4.2f, dev %4.2f, succRate %4.2f, nbSucc %llu, nbHardens %d (fixed %llu), lk: %llu, shorten: %llu, pureSo %d, nbFlyRd %d, nbFixedLH %llu\n",
2026-10-08T15:28:13.4498528Z       |                                                                                                          ~~~^
2026-10-08T15:28:13.4499163Z       |                                                                                                             |
2026-10-08T15:28:13.4500062Z       |                                                                                                             long long unsigned int
2026-10-08T15:28:13.4500746Z       |                                                                                                          %lu
2026-10-08T15:28:13.4501307Z  6742 |                meanLB, dev, succRate,
2026-10-08T15:28:13.4502311Z  6743 |                nbLKsuccess-savednbLKsuccess, nbHardens, fixedByHardens, LOOKAHEAD-savedLOOKAHEAD, nbSavedLits, pureSoftConfl, nbFlyReduced, nbFixedByLH);
2026-10-08T15:28:13.4503370Z       |                                                                         ~~~~~~~~~~~~~~~~~~~~~~~~             
2026-10-08T15:28:13.4503977Z       |                                                                                  |
2026-10-08T15:28:13.4504582Z       |                                                                                  uint64_t {aka long unsigned int}
2026-10-08T15:28:13.4505942Z src/solver/Solver.cc:6741:124: warning: format ‘%llu’ expects argument of type ‘long long unsigned int’, but argument 9 has type ‘uint64_t’ {aka ‘long unsigned int’} [-Wformat=]
2026-10-08T15:28:13.4507626Z  6741 |         printf("c prunedLB %4.2f, dev %4.2f, succRate %4.2f, nbSucc %llu, nbHardens %d (fixed %llu), lk: %llu, shorten: %llu, pureSo %d, nbFlyRd %d, nbFixedLH %llu\n",
2026-10-08T15:28:13.4508679Z       |                                                                                                                         ~~~^
2026-10-08T15:28:13.4509369Z       |                                                                                                                            |
2026-10-08T15:28:13.4510101Z       |                                                                                                                            long long unsigned int
2026-10-08T15:28:13.4510840Z       |                                                                                                                         %lu
2026-10-08T15:28:13.4511441Z  6742 |                meanLB, dev, succRate,
2026-10-08T15:28:13.4512426Z  6743 |                nbLKsuccess-savednbLKsuccess, nbHardens, fixedByHardens, LOOKAHEAD-savedLOOKAHEAD, nbSavedLits, pureSoftConfl, nbFlyReduced, nbFixedByLH);
2026-10-08T15:28:13.4513512Z       |                                                                                                   ~~~~~~~~~~~               
2026-10-08T15:28:13.4514164Z       |                                                                                                   |
2026-10-08T15:28:13.4514955Z       |                                                                                                   uint64_t {aka long unsigned int}
2026-10-08T15:28:13.4516545Z src/solver/Solver.cc:6741:163: warning: format ‘%llu’ expects argument of type ‘long long unsigned int’, but argument 12 has type ‘uint64_t’ {aka ‘long unsigned int’} [-Wformat=]
2026-10-08T15:28:13.4518063Z  6741 |         printf("c prunedLB %4.2f, dev %4.2f, succRate %4.2f, nbSucc %llu, nbHardens %d (fixed %llu), lk: %llu, shorten: %llu, pureSo %d, nbFlyRd %d, nbFixedLH %llu\n",
2026-10-08T15:28:13.4519154Z       |                                                                                                                                                                ~~~^
2026-10-08T15:28:13.4520210Z       |                                                                                                                                                                   |
2026-10-08T15:28:13.4521103Z       |                                                                                                                                                                   long long unsigned int
2026-10-08T15:28:13.4521965Z       |                                                                                                                                                                %lu
2026-10-08T15:28:13.4522824Z  6742 |                meanLB, dev, succRate,
2026-10-08T15:28:13.4523810Z  6743 |                nbLKsuccess-savednbLKsuccess, nbHardens, fixedByHardens, LOOKAHEAD-savedLOOKAHEAD, nbSavedLits, pureSoftConfl, nbFlyReduced, nbFixedByLH);
2026-10-08T15:28:13.4524986Z       |                                                                                                                                             ~~~~~~~~~~~            
2026-10-08T15:28:13.4525782Z       |                                                                                                                                             |
2026-10-08T15:28:13.4526750Z       |                                                                                                                                             uint64_t {aka long unsigned int}
2026-10-08T15:28:13.4528209Z src/solver/Solver.cc:6769:25: warning: format ‘%llu’ expects argument of type ‘long long unsigned int’, but argument 2 has type ‘uint64_t’ {aka ‘long unsigned int’} [-Wformat=]
2026-10-08T15:28:13.4529899Z  6769 |         printf("c UB=%llu succ, confls=%llu and hconfls=%llu with %d soft clauses unsat (%d at level 0) and %d fixed vars at level 0,  prunedLB %4.2f, dev %4.2f, succRate %4.2f, nbSucc %llu, shortened : %llu\n",
2026-10-08T15:28:13.4531037Z       |                      ~~~^
2026-10-08T15:28:13.4531427Z       |                         |
2026-10-08T15:28:13.4531844Z       |                         long long unsigned int
2026-10-08T15:28:13.4532305Z       |                      %lu
2026-10-08T15:28:13.4532912Z  6770 |                UB, conflicts, conflicts-softConflicts, falseLits.size(), nbFalses, nbFixeds,
2026-10-08T15:28:13.4533567Z       |                ~~        
2026-10-08T15:28:13.4533946Z       |                |
2026-10-08T15:28:13.4534342Z       |                uint64_t {aka long unsigned int}
2026-10-08T15:28:13.4535532Z src/solver/Solver.cc:6769:43: warning: format ‘%llu’ expects argument of type ‘long long unsigned int’, but argument 3 has type ‘uint64_t’ {aka ‘long unsigned int’} [-Wformat=]
2026-10-08T15:28:13.4537402Z  6769 |         printf("c UB=%llu succ, confls=%llu and hconfls=%llu with %d soft clauses unsat (%d at level 0) and %d fixed vars at level 0,  prunedLB %4.2f, dev %4.2f, succRate %4.2f, nbSucc %llu, shortened : %llu\n",
2026-10-08T15:28:13.4538480Z       |                                        ~~~^
2026-10-08T15:28:13.4538944Z       |                                           |
2026-10-08T15:28:13.4539436Z       |                                           long long unsigned int
2026-10-08T15:28:13.4539938Z       |                                        %lu
2026-10-08T15:28:13.4540600Z  6770 |                UB, conflicts, conflicts-softConflicts, falseLits.size(), nbFalses, nbFixeds,
2026-10-08T15:28:13.4541271Z       |                    ~~~~~~~~~               
2026-10-08T15:28:13.4541703Z       |                    |
2026-10-08T15:28:13.4542124Z       |                    uint64_t {aka long unsigned int}
2026-10-08T15:28:13.4543377Z src/solver/Solver.cc:6769:60: warning: format ‘%llu’ expects argument of type ‘long long unsigned int’, but argument 4 has type ‘uint64_t’ {aka ‘long unsigned int’} [-Wformat=]
2026-10-08T15:28:13.4545057Z  6769 |         printf("c UB=%llu succ, confls=%llu and hconfls=%llu with %d soft clauses unsat (%d at level 0) and %d fixed vars at level 0,  prunedLB %4.2f, dev %4.2f, succRate %4.2f, nbSucc %llu, shortened : %llu\n",
2026-10-08T15:28:13.4546565Z       |                                                         ~~~^
2026-10-08T15:28:13.4547232Z       |                                                            |
2026-10-08T15:28:13.4547765Z       |                                                            long long unsigned int
2026-10-08T15:28:13.4548334Z       |                                                         %lu
2026-10-08T15:28:13.4549015Z  6770 |                UB, conflicts, conflicts-softConflicts, falseLits.size(), nbFalses, nbFixeds,
2026-10-08T15:28:13.4549701Z       |                               ~~~~~~~~~~~~~~~~~~~~~~~       
2026-10-08T15:28:13.4550377Z       |                                        |
2026-10-08T15:28:13.4550859Z       |                                        uint64_t {aka long unsigned int}
2026-10-08T15:28:13.4552135Z src/solver/Solver.cc:6769:189: warning: format ‘%llu’ expects argument of type ‘long long unsigned int’, but argument 11 has type ‘uint64_t’ {aka ‘long unsigned int’} [-Wformat=]
2026-10-08T15:28:13.4553830Z  6769 |         printf("c UB=%llu succ, confls=%llu and hconfls=%llu with %d soft clauses unsat (%d at level 0) and %d fixed vars at level 0,  prunedLB %4.2f, dev %4.2f, succRate %4.2f, nbSucc %llu, shortened : %llu\n",
2026-10-08T15:28:13.4555111Z       |                                                                                                                                                                                          ~~~^
2026-10-08T15:28:13.4556162Z       |                                                                                                                                                                                             |
2026-10-08T15:28:13.4557139Z       |                                                                                                                                                                                             long long unsigned int
2026-10-08T15:28:13.4558108Z       |                                                                                                                                                                                          %lu
2026-10-08T15:28:13.4558987Z  6770 |                UB, conflicts, conflicts-softConflicts, falseLits.size(), nbFalses, nbFixeds,
2026-10-08T15:28:13.4559727Z  6771 |                meanLB, dev, succRate, nbLKsuccess, nbSavedLits);
2026-10-08T15:28:13.4560475Z       |                                       ~~~~~~~~~~~                                                                                                                                            
2026-10-08T15:28:13.4561188Z       |                                       |
2026-10-08T15:28:13.4561680Z       |                                       uint64_t {aka long unsigned int}
2026-10-08T15:28:13.4562956Z src/solver/Solver.cc:6769:207: warning: format ‘%llu’ expects argument of type ‘long long unsigned int’, but argument 12 has type ‘uint64_t’ {aka ‘long unsigned int’} [-Wformat=]
2026-10-08T15:28:13.4564641Z  6769 |         printf("c UB=%llu succ, confls=%llu and hconfls=%llu with %d soft clauses unsat (%d at level 0) and %d fixed vars at level 0,  prunedLB %4.2f, dev %4.2f, succRate %4.2f, nbSucc %llu, shortened : %llu\n",
2026-10-08T15:28:13.4565991Z       |                                                                                                                                                                                                            ~~~^
2026-10-08T15:28:13.4567113Z       |                                                                                                                                                                                                               |
2026-10-08T15:28:13.4568149Z       |                                                                                                                                                                                                               long long unsigned int
2026-10-08T15:28:13.4569418Z       |                                                                                                                                                                                                            %lu
2026-10-08T15:28:13.4570346Z  6770 |                UB, conflicts, conflicts-softConflicts, falseLits.size(), nbFalses, nbFixeds,
2026-10-08T15:28:13.4571074Z  6771 |                meanLB, dev, succRate, nbLKsuccess, nbSavedLits);
2026-10-08T15:28:13.4571866Z       |                                                    ~~~~~~~~~~~                                                                                                                                                 
2026-10-08T15:28:13.4572759Z       |                                                    |
2026-10-08T15:28:13.4573281Z       |                                                    uint64_t {aka long unsigned int}
2026-10-08T15:28:13.4574617Z src/solver/Solver.cc:6798:17: warning: comparison of integer expressions of different signedness: ‘uint64_t’ {aka ‘long unsigned int’} and ‘int’ [-Wsign-compare]
2026-10-08T15:28:13.4575643Z  6798 |         if (inf > falseLits.size())
2026-10-08T15:28:13.4576281Z       |             ~~~~^~~~~~~~~~~~~~~~~~
2026-10-08T15:28:13.4577504Z src/solver/Solver.cc:6806:34: warning: format ‘%llu’ expects argument of type ‘long long unsigned int’, but argument 2 has type ‘uint64_t’ {aka ‘long unsigned int’} [-Wformat=]
2026-10-08T15:28:13.4578662Z  6806 |       else printf("c error UB %llu, inf %llu, sup %llu\n", UB, inf, sup);
2026-10-08T15:28:13.4579280Z       |                               ~~~^                         ~~
2026-10-08T15:28:13.4579808Z       |                                  |                         |
2026-10-08T15:28:13.4580395Z       |                                  long long unsigned int    uint64_t {aka long unsigned int}
2026-10-08T15:28:13.4580962Z       |                               %lu
2026-10-08T15:28:13.4582146Z src/solver/Solver.cc:6806:44: warning: format ‘%llu’ expects argument of type ‘long long unsigned int’, but argument 3 has type ‘uint64_t’ {aka ‘long unsigned int’} [-Wformat=]
2026-10-08T15:28:13.4583302Z  6806 |       else printf("c error UB %llu, inf %llu, sup %llu\n", UB, inf, sup);
2026-10-08T15:28:13.4583902Z       |                                         ~~~^                   ~~~
2026-10-08T15:28:13.4584408Z       |                                            |                   |
2026-10-08T15:28:13.4584974Z       |                                            |                   uint64_t {aka long unsigned int}
2026-10-08T15:28:13.4585565Z       |                                            long long unsigned int
2026-10-08T15:28:13.4586202Z       |                                         %lu
2026-10-08T15:28:13.4587403Z src/solver/Solver.cc:6806:54: warning: format ‘%llu’ expects argument of type ‘long long unsigned int’, but argument 4 has type ‘uint64_t’ {aka ‘long unsigned int’} [-Wformat=]
2026-10-08T15:28:13.4588547Z  6806 |       else printf("c error UB %llu, inf %llu, sup %llu\n", UB, inf, sup);
2026-10-08T15:28:13.4589396Z       |                                                   ~~~^              ~~~
2026-10-08T15:28:13.4589965Z       |                                                      |              |
2026-10-08T15:28:13.4590551Z       |                                                      |              uint64_t {aka long unsigned int}
2026-10-08T15:28:13.4591150Z       |                                                      long long unsigned int
2026-10-08T15:28:13.4591677Z       |                                                   %lu
2026-10-08T15:28:13.4593067Z src/solver/Solver.cc:6828:57: warning: format ‘%llu’ expects argument of type ‘long long unsigned int’, but argument 2 has type ‘uint64_t’ {aka ‘long unsigned int’} [-Wformat=]
2026-10-08T15:28:13.4594290Z  6828 |       printf("c no feasible solution, hardConflicts: %llu\n", conflicts - softConflicts);
2026-10-08T15:28:13.4595009Z       |                                                      ~~~^     ~~~~~~~~~~~~~~~~~~~~~~~~~
2026-10-08T15:28:13.4595569Z       |                                                         |               |
2026-10-08T15:28:13.4596307Z       |                                                         |               uint64_t {aka long unsigned int}
2026-10-08T15:28:13.4596915Z       |                                                         long long unsigned int
2026-10-08T15:28:13.4597442Z       |                                                      %lu
2026-10-08T15:28:13.4598658Z src/solver/Solver.cc:6831:30: warning: format ‘%llu’ expects argument of type ‘long long unsigned int’, but argument 2 has type ‘uint64_t’ {aka ‘long unsigned int’} [-Wformat=]
2026-10-08T15:28:13.4599954Z  6831 |       printf("c initCost: %llu, fixedBySearch: %llu, optimal: %llu, maxsat: %llu, hardConflicts: %llu\n",
2026-10-08T15:28:13.4600665Z       |                           ~~~^
2026-10-08T15:28:13.4601088Z       |                              |
2026-10-08T15:28:13.4601517Z       |                              long long unsigned int
2026-10-08T15:28:13.4602020Z       |                           %lu
2026-10-08T15:28:13.4602480Z  6832 |              solutionCost, fixedCostBySearch,
2026-10-08T15:28:13.4602950Z       |              ~~~~~~~~~~~~     
2026-10-08T15:28:13.4603347Z       |              |
2026-10-08T15:28:13.4603723Z       |              uint64_t {aka long unsigned int}
2026-10-08T15:28:13.4604933Z src/solver/Solver.cc:6831:51: warning: format ‘%llu’ expects argument of type ‘long long unsigned int’, but argument 3 has type ‘uint64_t’ {aka ‘long unsigned int’} [-Wformat=]
2026-10-08T15:28:13.4606363Z  6831 |       printf("c initCost: %llu, fixedBySearch: %llu, optimal: %llu, maxsat: %llu, hardConflicts: %llu\n",
2026-10-08T15:28:13.4607105Z       |                                                ~~~^
2026-10-08T15:28:13.4607565Z       |                                                   |
2026-10-08T15:28:13.4608055Z       |                                                   long long unsigned int
2026-10-08T15:28:13.4608574Z       |                                                %lu
2026-10-08T15:28:13.4609145Z  6832 |              solutionCost, fixedCostBySearch,
2026-10-08T15:28:13.4609610Z       |                            ~~~~~~~~~~~~~~~~~       
2026-10-08T15:28:13.4610038Z       |                            |
2026-10-08T15:28:13.4610484Z       |                            uint64_t {aka long unsigned int}
2026-10-08T15:28:13.4611698Z src/solver/Solver.cc:6831:66: warning: format ‘%llu’ expects argument of type ‘long long unsigned int’, but argument 4 has type ‘uint64_t’ {aka ‘long unsigned int’} [-Wformat=]
2026-10-08T15:28:13.4613003Z  6831 |       printf("c initCost: %llu, fixedBySearch: %llu, optimal: %llu, maxsat: %llu, hardConflicts: %llu\n",
2026-10-08T15:28:13.4613756Z       |                                                               ~~~^
2026-10-08T15:28:13.4614246Z       |                                                                  |
2026-10-08T15:28:13.4614978Z       |                                                                  long long unsigned int
2026-10-08T15:28:13.4615542Z       |                                                               %lu
2026-10-08T15:28:13.4616270Z  6832 |              solutionCost, fixedCostBySearch,
2026-10-08T15:28:13.4616742Z  6833 |              lastOptimalCost,
2026-10-08T15:28:13.4617195Z       |              ~~~~~~~~~~~~~~~                                      
2026-10-08T15:28:13.4617666Z       |              |
2026-10-08T15:28:13.4618056Z       |              uint64_t {aka long unsigned int}
2026-10-08T15:28:13.4619470Z src/solver/Solver.cc:6831:80: warning: format ‘%llu’ expects argument of type ‘long long unsigned int’, but argument 5 has type ‘uint64_t’ {aka ‘long unsigned int’} [-Wformat=]
2026-10-08T15:28:13.4620758Z  6831 |       printf("c initCost: %llu, fixedBySearch: %llu, optimal: %llu, maxsat: %llu, hardConflicts: %llu\n",
2026-10-08T15:28:13.4621528Z       |                                                                             ~~~^
2026-10-08T15:28:13.4622106Z       |                                                                                |
2026-10-08T15:28:13.4622691Z       |                                                                                long long unsigned int
2026-10-08T15:28:13.4623278Z       |                                                                             %lu
2026-10-08T15:28:13.4623741Z ......
2026-10-08T15:28:13.4624201Z  6834 |              objForSearch-sup + nbSatLits, conflicts - softConflicts);
2026-10-08T15:28:13.4624912Z       |              ~~~~~~~~~~~~~~~~~~~~~~~~~~~~                                       
2026-10-08T15:28:13.4625471Z       |                               |
2026-10-08T15:28:13.4625928Z       |                               uint64_t {aka long unsigned int}
2026-10-08T15:28:13.4627331Z src/solver/Solver.cc:6831:101: warning: format ‘%llu’ expects argument of type ‘long long unsigned int’, but argument 6 has type ‘uint64_t’ {aka ‘long unsigned int’} [-Wformat=]
2026-10-08T15:28:13.4628611Z  6831 |       printf("c initCost: %llu, fixedBySearch: %llu, optimal: %llu, maxsat: %llu, hardConflicts: %llu\n",
2026-10-08T15:28:13.4629419Z       |                                                                                                  ~~~^
2026-10-08T15:28:13.4630038Z       |                                                                                                     |
2026-10-08T15:28:13.4630704Z       |                                                                                                     long long unsigned int
2026-10-08T15:28:13.4631375Z       |                                                                                                  %lu
2026-10-08T15:28:13.4631862Z ......
2026-10-08T15:28:13.4632315Z  6834 |              objForSearch-sup + nbSatLits, conflicts - softConflicts);
2026-10-08T15:28:13.4632992Z       |                                            ~~~~~~~~~~~~~~~~~~~~~~~~~                                 
2026-10-08T15:28:13.4633605Z       |                                                      |
2026-10-08T15:28:13.4634136Z       |                                                      uint64_t {aka long unsigned int}
2026-10-08T15:28:13.4635443Z src/solver/Solver.cc:6836:24: warning: format ‘%llu’ expects argument of type ‘long long unsigned int’, but argument 2 has type ‘uint64_t’ {aka ‘long unsigned int’} [-Wformat=]
2026-10-08T15:28:13.4637108Z  6836 |     printf("c nbLK: %llu, nbSuccLK: %llu(%4.2f%%), nbLKup: %llu(%4.2f%%), hardens %u (fixed %llu), dynVars %d, shorten: %llu\n",
2026-10-08T15:28:13.4637896Z       |                     ~~~^
2026-10-08T15:28:13.4638295Z       |                        |
2026-10-08T15:28:13.4638711Z       |                        long long unsigned int
2026-10-08T15:28:13.4639161Z       |                     %lu
2026-10-08T15:28:13.4639728Z  6837 |            LOOKAHEAD, nbLKsuccess, 100.0*nbLKsuccess/LOOKAHEAD, lk_propagations,
2026-10-08T15:28:13.4640341Z       |            ~~~~~~~~~    
2026-10-08T15:28:13.4640719Z       |            |
2026-10-08T15:28:13.4641347Z       |            uint64_t {aka long unsigned int}
2026-10-08T15:28:13.4642632Z src/solver/Solver.cc:6836:40: warning: format ‘%llu’ expects argument of type ‘long long unsigned int’, but argument 3 has type ‘uint64_t’ {aka ‘long unsigned int’} [-Wformat=]
2026-10-08T15:28:13.4644068Z  6836 |     printf("c nbLK: %llu, nbSuccLK: %llu(%4.2f%%), nbLKup: %llu(%4.2f%%), hardens %u (fixed %llu), dynVars %d, shorten: %llu\n",
2026-10-08T15:28:13.4644837Z       |                                     ~~~^
2026-10-08T15:28:13.4645469Z       |                                        |
2026-10-08T15:28:13.4645925Z       |                                        long long unsigned int
2026-10-08T15:28:13.4646575Z       |                                     %lu
2026-10-08T15:28:13.4647169Z  6837 |            LOOKAHEAD, nbLKsuccess, 100.0*nbLKsuccess/LOOKAHEAD, lk_propagations,
2026-10-08T15:28:13.4647780Z       |                       ~~~~~~~~~~~       
2026-10-08T15:28:13.4648214Z       |                       |
2026-10-08T15:28:13.4648621Z       |                       uint64_t {aka long unsigned int}
2026-10-08T15:28:13.4649828Z src/solver/Solver.cc:6836:63: warning: format ‘%llu’ expects argument of type ‘long long unsigned int’, but argument 5 has type ‘uint64_t’ {aka ‘long unsigned int’} [-Wformat=]
2026-10-08T15:28:13.4651155Z  6836 |     printf("c nbLK: %llu, nbSuccLK: %llu(%4.2f%%), nbLKup: %llu(%4.2f%%), hardens %u (fixed %llu), dynVars %d, shorten: %llu\n",
2026-10-08T15:28:13.4651950Z       |                                                            ~~~^
2026-10-08T15:28:13.4652481Z       |                                                               |
2026-10-08T15:28:13.4653029Z       |                                                               long long unsigned int
2026-10-08T15:28:13.4653579Z       |                                                            %lu
2026-10-08T15:28:13.4654222Z  6837 |            LOOKAHEAD, nbLKsuccess, 100.0*nbLKsuccess/LOOKAHEAD, lk_propagations,
2026-10-08T15:28:13.4654886Z       |                                                                 ~~~~~~~~~~~~~~~
2026-10-08T15:28:13.4655416Z       |                                                                 |
2026-10-08T15:28:13.4655986Z       |                                                                 uint64_t {aka long unsigned int}
2026-10-08T15:28:13.4657463Z src/solver/Solver.cc:6836:96: warning: format ‘%llu’ expects argument of type ‘long long unsigned int’, but argument 8 has type ‘uint64_t’ {aka ‘long unsigned int’} [-Wformat=]
2026-10-08T15:28:13.4658791Z  6836 |     printf("c nbLK: %llu, nbSuccLK: %llu(%4.2f%%), nbLKup: %llu(%4.2f%%), hardens %u (fixed %llu), dynVars %d, shorten: %llu\n",
2026-10-08T15:28:13.4659610Z       |                                                                                             ~~~^
2026-10-08T15:28:13.4660193Z       |                                                                                                |
2026-10-08T15:28:13.4660837Z       |                                                                                                long long unsigned int
2026-10-08T15:28:13.4661498Z       |                                                                                             %lu
2026-10-08T15:28:13.4662154Z  6837 |            LOOKAHEAD, nbLKsuccess, 100.0*nbLKsuccess/LOOKAHEAD, lk_propagations,
2026-10-08T15:28:13.4663109Z  6838 |            100.0*lk_propagations/propagations, nbHardens, fixedByHardens, nVars()-staticNbVars, nbSavedLits);
2026-10-08T15:28:13.4663936Z       |                                                           ~~~~~~~~~~~~~~                        
2026-10-08T15:28:13.4664497Z       |                                                           |
2026-10-08T15:28:13.4665051Z       |                                                           uint64_t {aka long unsigned int}
2026-10-08T15:28:13.4666726Z src/solver/Solver.cc:6836:124: warning: format ‘%llu’ expects argument of type ‘long long unsigned int’, but argument 10 has type ‘uint64_t’ {aka ‘long unsigned int’} [-Wformat=]
2026-10-08T15:28:13.4668142Z  6836 |     printf("c nbLK: %llu, nbSuccLK: %llu(%4.2f%%), nbLKup: %llu(%4.2f%%), hardens %u (fixed %llu), dynVars %d, shorten: %llu\n",
2026-10-08T15:28:13.4669010Z       |                                                                                                                         ~~~^
2026-10-08T15:28:13.4669698Z       |                                                                                                                            |
2026-10-08T15:28:13.4670722Z       |                                                                                                                            long long unsigned int
2026-10-08T15:28:13.4671458Z       |                                                                                                                         %lu
2026-10-08T15:28:13.4672179Z  6837 |            LOOKAHEAD, nbLKsuccess, 100.0*nbLKsuccess/LOOKAHEAD, lk_propagations,
2026-10-08T15:28:13.4673030Z  6838 |            100.0*lk_propagations/propagations, nbHardens, fixedByHardens, nVars()-staticNbVars, nbSavedLits);
2026-10-08T15:28:13.4673891Z       |                                                                                                 ~~~~~~~~~~~                 
2026-10-08T15:28:13.4674525Z       |                                                                                                 |
2026-10-08T15:28:13.4675286Z       |                                                                                                 uint64_t {aka long unsigned int}
2026-10-08T15:28:13.4675919Z In file included from src/solver/mtl/Sort.h:24,
2026-10-08T15:28:13.4676584Z                  from src/solver/SimpSolver.cc:33:
2026-10-08T15:28:13.4677666Z src/solver/mtl/Vec.h: In instantiation of ‘void Minisat::vec<T>::capacity(int) [with T = Minisat::vec<unsigned int>]’:
2026-10-08T15:28:13.4679165Z src/solver/mtl/Vec.h:115:13:   required from ‘void Minisat::vec<T>::growTo(int) [with T = Minisat::vec<unsigned int>]’
2026-10-08T15:28:13.4680953Z src/solver/SolverTypes.h:339:50:   required from ‘void Minisat::OccLists<Idx, Vec, Deleted>::init(const Idx&) [with Idx = int; Vec = Minisat::vec<unsigned int>; Deleted = Minisat::SimpSolver::ClauseDeleted]’
2026-10-08T15:28:13.4695855Z src/solver/SimpSolver.cc:98:24:   required from here
2026-10-08T15:28:13.4697705Z src/solver/mtl/Vec.h:99:54: warning: ‘void* realloc(void*, size_t)’ moving an object of non-trivially copyable type ‘class Minisat::vec<unsigned int>’; use ‘new’ and ‘delete’ instead [-Wclass-memaccess]
2026-10-08T15:28:13.4699182Z    99 |     if (add > INT_MAX - cap || ((data = (T*)::realloc(data, (cap += add) * sizeof(T))) == NULL) && errno == ENOMEM)
2026-10-08T15:28:13.4699969Z       |                                             ~~~~~~~~~^~~~~~~~~~~~~~~~~~~~~~~~~~~~~~~~
2026-10-08T15:28:13.4700826Z src/solver/mtl/Vec.h:38:7: note: ‘class Minisat::vec<unsigned int>’ declared here
2026-10-08T15:28:13.4701444Z    38 | class vec {
2026-10-08T15:28:13.4701794Z       |       ^~~
2026-10-08T15:28:13.4702238Z In file included from src/solver/mtl/Sort.h:24,
2026-10-08T15:28:13.4702731Z                  from src/solver/Solver.cc:106:
2026-10-08T15:28:13.4703763Z src/solver/mtl/Vec.h: In instantiation of ‘void Minisat::vec<T>::capacity(int) [with T = Minisat::vec<Minisat::Solver::Watcher>]’:
2026-10-08T15:28:13.4705122Z src/solver/mtl/Vec.h:115:13:   required from ‘void Minisat::vec<T>::growTo(int) [with T = Minisat::vec<Minisat::Solver::Watcher>]’
2026-10-08T15:28:13.4707085Z src/solver/SolverTypes.h:339:50:   required from ‘void Minisat::OccLists<Idx, Vec, Deleted>::init(const Idx&) [with Idx = Minisat::Lit; Vec = Minisat::vec<Minisat::Solver::Watcher>; Deleted = Minisat::Solver::WatcherDeleted]’
2026-10-08T15:28:13.4708387Z src/solver/Solver.cc:1272:21:   required from here
2026-10-08T15:28:13.4710144Z src/solver/mtl/Vec.h:99:54: warning: ‘void* realloc(void*, size_t)’ moving an object of non-trivially copyable type ‘class Minisat::vec<Minisat::Solver::Watcher>’; use ‘new’ and ‘delete’ instead [-Wclass-memaccess]
2026-10-08T15:28:13.4711626Z    99 |     if (add > INT_MAX - cap || ((data = (T*)::realloc(data, (cap += add) * sizeof(T))) == NULL) && errno == ENOMEM)
2026-10-08T15:28:13.4712401Z       |                                             ~~~~~~~~~^~~~~~~~~~~~~~~~~~~~~~~~~~~~~~~~
2026-10-08T15:28:13.4713298Z src/solver/mtl/Vec.h:38:7: note: ‘class Minisat::vec<Minisat::Solver::Watcher>’ declared here
2026-10-08T15:28:13.4713953Z    38 | class vec {
2026-10-08T15:28:13.4714513Z       |       ^~~
2026-10-08T15:28:13.4715367Z src/solver/mtl/Vec.h: In instantiation of ‘void Minisat::vec<T>::capacity(int) [with T = Minisat::vec<Minisat::Lit>]’:
2026-10-08T15:28:13.4716781Z src/solver/mtl/Vec.h:115:13:   required from ‘void Minisat::vec<T>::growTo(int) [with T = Minisat::vec<Minisat::Lit>]’
2026-10-08T15:28:13.4718196Z src/solver/Solver.h:72:50:   required from ‘void Minisat::vec2<Idx, Vec>::init(const Idx&) [with Idx = Minisat::Lit; Vec = Minisat::vec<Minisat::Lit>]’
2026-10-08T15:28:13.4719214Z src/solver/Solver.cc:1312:22:   required from here
2026-10-08T15:28:13.4720666Z src/solver/mtl/Vec.h:99:54: warning: ‘void* realloc(void*, size_t)’ moving an object of non-trivially copyable type ‘class Minisat::vec<Minisat::Lit>’; use ‘new’ and ‘delete’ instead [-Wclass-memaccess]
2026-10-08T15:28:13.4722100Z    99 |     if (add > INT_MAX - cap || ((data = (T*)::realloc(data, (cap += add) * sizeof(T))) == NULL) && errno == ENOMEM)
2026-10-08T15:28:13.4722877Z       |                                             ~~~~~~~~~^~~~~~~~~~~~~~~~~~~~~~~~~~~~~~~~
2026-10-08T15:28:13.4723756Z src/solver/mtl/Vec.h:38:7: note: ‘class Minisat::vec<Minisat::Lit>’ declared here
2026-10-08T15:28:13.4724356Z    38 | class vec {
2026-10-08T15:28:13.4724692Z       |       ^~~
2026-10-08T15:28:13.4725547Z src/solver/mtl/Vec.h: In instantiation of ‘void Minisat::vec<T>::capacity(int) [with T = Minisat::vec<int>]’:
2026-10-08T15:28:13.4726921Z src/solver/mtl/Vec.h:115:13:   required from ‘void Minisat::vec<T>::growTo(int) [with T = Minisat::vec<int>]’
2026-10-08T15:28:13.4728166Z src/solver/Solver.h:72:50:   required from ‘void Minisat::vec2<Idx, Vec>::init(const Idx&) [with Idx = int; Vec = Minisat::vec<int>]’
2026-10-08T15:28:13.4729023Z src/solver/Solver.cc:4250:13:   required from here
2026-10-08T15:28:13.4730418Z src/solver/mtl/Vec.h:99:54: warning: ‘void* realloc(void*, size_t)’ moving an object of non-trivially copyable type ‘class Minisat::vec<int>’; use ‘new’ and ‘delete’ instead [-Wclass-memaccess]
2026-10-08T15:28:13.4731788Z    99 |     if (add > INT_MAX - cap || ((data = (T*)::realloc(data, (cap += add) * sizeof(T))) == NULL) && errno == ENOMEM)
2026-10-08T15:28:13.4732507Z       |                                             ~~~~~~~~~^~~~~~~~~~~~~~~~~~~~~~~~~~~~~~~~
2026-10-08T15:28:13.4733268Z src/solver/mtl/Vec.h:38:7: note: ‘class Minisat::vec<int>’ declared here
2026-10-08T15:28:13.4733805Z    38 | class vec {
2026-10-08T15:28:13.4734146Z       |       ^~~
2026-10-08T15:28:13.5083757Z src/solver/Solver.cc: In member function ‘void Minisat::Solver::emitBoundsUpdate()’:
2026-10-08T15:28:13.5085318Z src/solver/Solver.cc:5204:24: warning: ignoring return value of ‘ssize_t write(int, const void*, size_t)’ declared with attribute ‘warn_unused_result’ [-Wunused-result]
2026-10-08T15:28:13.5086701Z  5204 |             (void)write(bounds_pipe_w, buf, (size_t)n);
2026-10-08T15:28:13.5087273Z       |                   ~~~~~^~~~~~~~~~~~~~~~~~~~~~~~~~~~~~~
2026-10-08T15:28:13.5088554Z src/solver/Solver.cc:5210:24: warning: ignoring return value of ‘ssize_t write(int, const void*, size_t)’ declared with attribute ‘warn_unused_result’ [-Wunused-result]
2026-10-08T15:28:13.5089684Z  5210 |             (void)write(bounds_pipe_w, buf, (size_t)n);
2026-10-08T15:28:13.5090220Z       |                   ~~~~~^~~~~~~~~~~~~~~~~~~~~~~~~~~~~~~
2026-10-08T15:28:13.5091038Z src/solver/Solver.cc: In member function ‘void Minisat::Solver::emitTryUpdate(uint64_t)’:
2026-10-08T15:28:13.5092765Z src/solver/Solver.cc:5220:20: warning: ignoring return value of ‘ssize_t write(int, const void*, size_t)’ declared with attribute ‘warn_unused_result’ [-Wunused-result]
2026-10-08T15:28:13.5094174Z  5220 |         (void)write(bounds_pipe_w, buf, (size_t)n);
2026-10-08T15:28:13.5094732Z       |               ~~~~~^~~~~~~~~~~~~~~~~~~~~~~~~~~~~~~
2026-10-08T15:28:15.6128712Z In file included from src/solver/Solver.h:54:
2026-10-08T15:28:15.6129645Z In function ‘Minisat::Lit Minisat::operator~(Lit)’,
2026-10-08T15:28:15.6130660Z     inlined from ‘void Minisat::Solver::analyze(Minisat::CRef, Minisat::vec<Minisat::Lit>&, int&, int&)’ at src/solver/Solver.cc:1757:22:
2026-10-08T15:28:15.6132352Z src/solver/SolverTypes.h:73:64: warning: ‘p.Minisat::Lit::x’ may be used uninitialized [-Wmaybe-uninitialized]
2026-10-08T15:28:15.6133171Z    73 | inline  Lit  operator ~(Lit p)              { Lit q; q.x = p.x ^ 1; return q; }
2026-10-08T15:28:15.6133711Z       |                                                            ~~~~^~~
2026-10-08T15:28:15.6134614Z src/solver/Solver.cc: In member function ‘void Minisat::Solver::analyze(Minisat::CRef, Minisat::vec<Minisat::Lit>&, int&, int&)’:
2026-10-08T15:28:15.6135485Z src/solver/Solver.cc:1671:9: note: ‘p.Minisat::Lit::x’ was declared here
2026-10-08T15:28:15.6135925Z  1671 |     Lit p; //     = lit_Undef;
2026-10-08T15:28:15.6136428Z       |         ^
2026-10-08T15:28:15.6775535Z In function ‘Minisat::Lit Minisat::operator~(Lit)’,
2026-10-08T15:28:15.6776818Z     inlined from ‘void Minisat::Solver::analyzeSoftConflict(Minisat::vec<Minisat::Lit>&, int&, int&)’ at src/solver/Solver.cc:2396:22:
2026-10-08T15:28:15.6778101Z src/solver/SolverTypes.h:73:64: warning: ‘p.Minisat::Lit::x’ may be used uninitialized [-Wmaybe-uninitialized]
2026-10-08T15:28:15.6778902Z    73 | inline  Lit  operator ~(Lit p)              { Lit q; q.x = p.x ^ 1; return q; }
2026-10-08T15:28:15.6779437Z       |                                                            ~~~~^~~
2026-10-08T15:28:15.6780381Z src/solver/Solver.cc: In member function ‘void Minisat::Solver::analyzeSoftConflict(Minisat::vec<Minisat::Lit>&, int&, int&)’:
2026-10-08T15:28:15.6781341Z src/solver/Solver.cc:2193:9: note: ‘p.Minisat::Lit::x’ was declared here
2026-10-08T15:28:15.6781809Z  2193 |     Lit p;
2026-10-08T15:28:15.6782067Z       |         ^
2026-10-08T15:28:15.7830798Z In function ‘Minisat::Lit Minisat::operator~(Lit)’,
2026-10-08T15:28:15.7831927Z     inlined from ‘void Minisat::Solver::analyzeQuasiSoftConflict(Minisat::vec<Minisat::Lit>&, int&, int&)’ at src/solver/Solver.cc:4664:22:
2026-10-08T15:28:15.7833257Z src/solver/SolverTypes.h:73:64: warning: ‘p.Minisat::Lit::x’ may be used uninitialized [-Wmaybe-uninitialized]
2026-10-08T15:28:15.7834093Z    73 | inline  Lit  operator ~(Lit p)              { Lit q; q.x = p.x ^ 1; return q; }
2026-10-08T15:28:15.7834643Z       |                                                            ~~~~^~~
2026-10-08T15:28:15.7835659Z src/solver/Solver.cc: In member function ‘void Minisat::Solver::analyzeQuasiSoftConflict(Minisat::vec<Minisat::Lit>&, int&, int&)’:
2026-10-08T15:28:15.7836939Z src/solver/Solver.cc:4492:9: note: ‘p.Minisat::Lit::x’ was declared here
2026-10-08T15:28:15.7837408Z  4492 |     Lit p;
2026-10-08T15:28:15.7837661Z       |         ^
2026-10-08T15:28:17.9806844Z g++ -Isrc/solver -Wall -Wno-parentheses -O3 -g -D __STDC_LIMIT_MACROS -D __STDC_FORMAT_MACROS -DNDEBUG -o bin/distqldpc src/core/distqldpc.cc build/SimpSolver.o build/Solver.o build/Options.o build/System.o -lz
2026-10-08T15:28:17.9809131Z g++ -Isrc/solver -Wall -Wno-parentheses -O3 -g -D __STDC_LIMIT_MACROS -D __STDC_FORMAT_MACROS -DNDEBUG -o bin/maxcdcl src/solver/Main.cc build/SimpSolver.o build/Solver.o build/Options.o build/System.o -lz
2026-10-08T15:28:18.0223215Z In file included from src/solver/Main.cc:51:
2026-10-08T15:28:18.0224242Z src/solver/utils/Options.h:285:29: warning: invalid suffix on literal; C++11 requires a space between literal and string macro [-Wliteral-suffix]
2026-10-08T15:28:18.0225456Z   285 |             fprintf(stderr, "%4"PRIi64, range.begin);
2026-10-08T15:28:18.0225935Z       |                             ^
2026-10-08T15:28:18.0226851Z src/solver/utils/Options.h:291:29: warning: invalid suffix on literal; C++11 requires a space between literal and string macro [-Wliteral-suffix]
2026-10-08T15:28:18.0227752Z   291 |             fprintf(stderr, "%4"PRIi64, range.end);
2026-10-08T15:28:18.0228188Z       |                             ^
2026-10-08T15:28:18.0228966Z src/solver/utils/Options.h:293:25: warning: invalid suffix on literal; C++11 requires a space between literal and string macro [-Wliteral-suffix]
2026-10-08T15:28:18.0230137Z   293 |         fprintf(stderr, "] (default: %"PRIi64")\n", value);
2026-10-08T15:28:18.0230592Z       |                         ^
2026-10-08T15:28:18.0239955Z src/solver/Main.cc:84:16: warning: invalid suffix on literal; C++11 requires a space between literal and string macro [-Wliteral-suffix]
2026-10-08T15:28:18.0240882Z    84 |         printf("c restarts              : %"PRIu64"\n", solver.starts);
2026-10-08T15:28:18.0241314Z       |                ^
2026-10-08T15:28:18.0241900Z src/solver/Main.cc:85:16: warning: invalid suffix on literal; C++11 requires a space between literal and string macro [-Wliteral-suffix]
2026-10-08T15:28:18.0242896Z    85 |         printf("c conflicts             : %-12"PRIu64"   (%.0f /sec)\n", solver.conflicts, solver.conflicts / cpu_time);
2026-10-08T15:28:18.0243478Z       |                ^
2026-10-08T15:28:18.0244122Z src/solver/Main.cc:86:16: warning: invalid suffix on literal; C++11 requires a space between literal and string macro [-Wliteral-suffix]
2026-10-08T15:28:18.0245356Z    86 |         printf("c decisions             : %-12"PRIu64"   (%4.2f %% random) (%.0f /sec)\n", solver.decisions, (float)solver.rnd_decisions * 100 / (float)solver.decisions, solver.decisions / cpu_time);
2026-10-08T15:28:18.0246414Z       |                ^
2026-10-08T15:28:18.0247093Z src/solver/Main.cc:87:16: warning: invalid suffix on literal; C++11 requires a space between literal and string macro [-Wliteral-suffix]
2026-10-08T15:28:18.0248087Z    87 |         printf("c propagations          : %-12"PRIu64"   (%.0f /sec)\n", solver.propagations, solver.propagations / cpu_time);
2026-10-08T15:28:18.0248715Z       |                ^
2026-10-08T15:28:18.0249367Z src/solver/Main.cc:88:16: warning: invalid suffix on literal; C++11 requires a space between literal and string macro [-Wliteral-suffix]
2026-10-08T15:28:18.0250607Z    88 |         printf("c conflict literals     : %-12"PRIu64"   (%4.2f %% deleted)\n", solver.tot_literals, (solver.max_literals - solver.tot_literals) * 100 / (double)solver.max_literals);
2026-10-08T15:28:18.0251487Z       |                ^
2026-10-08T15:28:18.0252141Z src/solver/Main.cc:93:16: warning: invalid suffix on literal; C++11 requires a space between literal and string macro [-Wliteral-suffix]
2026-10-08T15:28:18.0253026Z    93 |         printf("c s_propagations        : %-12"PRIu64"\n", solver.s_propagations);
2026-10-08T15:28:18.0253516Z       |                ^
2026-10-08T15:28:18.0329656Z In file included from src/solver/Solver.h:53,
2026-10-08T15:28:18.0330203Z                  from src/solver/SimpSolver.h:37,
2026-10-08T15:28:18.0330679Z                  from src/core/distqldpc.cc:40:
2026-10-08T15:28:18.0331544Z src/solver/utils/Options.h:285:29: warning: invalid suffix on literal; C++11 requires a space between literal and string macro [-Wliteral-suffix]
2026-10-08T15:28:18.0332475Z   285 |             fprintf(stderr, "%4"PRIi64, range.begin);
2026-10-08T15:28:18.0332950Z       |                             ^
2026-10-08T15:28:18.0333734Z src/solver/utils/Options.h:291:29: warning: invalid suffix on literal; C++11 requires a space between literal and string macro [-Wliteral-suffix]
2026-10-08T15:28:18.0334667Z   291 |             fprintf(stderr, "%4"PRIi64, range.end);
2026-10-08T15:28:18.0335130Z       |                             ^
2026-10-08T15:28:18.0336361Z src/solver/utils/Options.h:293:25: warning: invalid suffix on literal; C++11 requires a space between literal and string macro [-Wliteral-suffix]
2026-10-08T15:28:18.0337397Z   293 |         fprintf(stderr, "] (default: %"PRIi64")\n", value);
2026-10-08T15:28:18.0337880Z       |                         ^
2026-10-08T15:28:18.1007762Z src/solver/Main.cc: In function ‘void printStats(Minisat::Solver&)’:
2026-10-08T15:28:18.1009232Z src/solver/Main.cc:92:46: warning: format ‘%llu’ expects argument of type ‘long long unsigned int’, but argument 2 has type ‘uint64_t’ {aka ‘long unsigned int’} [-Wformat=]
2026-10-08T15:28:18.1010885Z    92 |         printf("c nbSimplifyAll         : %llu\n", solver.nbSimplifyAll);
2026-10-08T15:28:18.1011478Z       |                                           ~~~^     ~~~~~~~~~~~~~~~~~~~~
2026-10-08T15:28:18.1011945Z       |                                              |            |
2026-10-08T15:28:18.1012453Z       |                                              |            uint64_t {aka long unsigned int}
2026-10-08T15:28:18.1013027Z       |                                              long long unsigned int
2026-10-08T15:28:18.1013481Z       |                                           %lu
2026-10-08T15:28:18.1019529Z src/solver/Main.cc: In function ‘int main(int, char**)’:
2026-10-08T15:28:18.1020708Z src/solver/Main.cc:187:34: warning: format ‘%llu’ expects argument of type ‘long long unsigned int’, but argument 2 has type ‘uint64_t’ {aka ‘long unsigned int’} [-Wformat=]
2026-10-08T15:28:18.1021657Z   187 |         printf("c initial UB: %llu\n", S.initUB);
2026-10-08T15:28:18.1022093Z       |                               ~~~^     ~~~~~~~~
2026-10-08T15:28:18.1022446Z       |                                  |       |
2026-10-08T15:28:18.1022862Z       |                                  |       uint64_t {aka long unsigned int}
2026-10-08T15:28:18.1023304Z       |                                  long long unsigned int
2026-10-08T15:28:18.1023681Z       |                               %lu
2026-10-08T15:28:18.1309800Z src/solver/Main.cc: At global scope:
2026-10-08T15:28:18.1310833Z src/solver/Main.cc:108:13: warning: ‘void SIGINT_exit(int)’ defined but not used [-Wunused-function]
2026-10-08T15:28:18.1311412Z   108 | static void SIGINT_exit(int signum) {
2026-10-08T15:28:18.1311729Z       |             ^~~~~~~~~~~
2026-10-08T15:28:18.2822674Z src/core/distqldpc.cc: In function ‘void pipe_write_result(int, int, bool)’:
2026-10-08T15:28:18.2824112Z src/core/distqldpc.cc:162:20: warning: ignoring return value of ‘ssize_t write(int, const void*, size_t)’ declared with attribute ‘warn_unused_result’ [-Wunused-result]
2026-10-08T15:28:18.2825122Z   162 |         (void)write(pipe_w, buf, (size_t)n);
2026-10-08T15:28:18.2825574Z       |               ~~~~~^~~~~~~~~~~~~~~~~~~~~~~~
2026-10-08T15:28:19.0854976Z make: Leaving directory '/home/runner/work/DistQLDPC/DistQLDPC/candidate'
2026-10-08T15:28:19.0886339Z ##[group]Run set +e
2026-10-08T15:28:19.0886581Z [36;1mset +e[0m
2026-10-08T15:28:19.0887796Z [36;1mpython3 qdistsat/benchmarks/compare_distqldpc_binaries.py             --baseline-bin "$GITHUB_WORKSPACE/baseline/bin/distqldpc"             --candidate-bin "$GITHUB_WORKSPACE/candidate/bin/distqldpc"             --data-root "$GITHUB_WORKSPACE/qdistsat/data"             --stems LP_136_32_4 BB_108_8_10             --timeout 45             --json-out "$GITHUB_WORKSPACE/benchmark-results/result.json"             --markdown-out "$GITHUB_WORKSPACE/benchmark-results/summary.md"[0m
2026-10-08T15:28:19.0889013Z [36;1mcode=$?[0m
2026-10-08T15:28:19.0889320Z [36;1mcat "$GITHUB_WORKSPACE/benchmark-results/summary.md" >> "$GITHUB_STEP_SUMMARY"[0m
2026-10-08T15:28:19.0889717Z [36;1mecho "exit_code=$code" >> "$GITHUB_OUTPUT"[0m
2026-10-08T15:28:19.0889948Z [36;1mexit 0[0m
2026-10-08T15:28:19.0945725Z shell: /usr/bin/bash --noprofile --norc -e -o pipefail {0}
2026-10-08T15:28:19.0946258Z ##[endgroup]
2026-10-08T15:28:35.4420335Z # DistQLDPC cross-repo benchmark
2026-10-08T15:28:35.4420652Z 
2026-10-08T15:28:35.4420775Z Scientific results match: **YES**
2026-10-08T15:28:35.4420975Z 
2026-10-08T15:28:35.4421164Z Timing is informational only; shared CI runners are noisy.
2026-10-08T15:28:35.4433491Z 
2026-10-08T15:28:35.4433759Z | Stem | Config | Baseline | Candidate | Cand/Base time | Semantic match |
2026-10-08T15:28:35.4434269Z |---|---|---:|---:|---:|---|
2026-10-08T15:28:35.4434642Z | LP_136_32_4 | no-card | d=4 (0.15s) | d=4 (0.15s) | 1.00x | YES |
2026-10-08T15:28:35.4435127Z | LP_136_32_4 | card-mto | d=4 (0.25s) | d=4 (0.18s) | 0.72x | YES |
2026-10-08T15:28:35.4435607Z | BB_108_8_10 | no-card | d=10 (3.44s) | d=10 (3.73s) | 1.08x | YES |
2026-10-08T15:28:35.4436531Z | BB_108_8_10 | card-mto | d=10 (4.43s) | d=10 (3.96s) | 0.89x | YES |
2026-10-08T15:28:35.4565427Z ##[group]Run actions/upload-artifact@v4
2026-10-08T15:28:35.4565691Z with:
2026-10-08T15:28:35.4565884Z   name: qdistsat-cross-repo-benchmark
2026-10-08T15:28:35.4566402Z   path: benchmark-results/
2026-10-08T15:28:35.4566611Z   retention-days: 14
2026-10-08T15:28:35.4566798Z   if-no-files-found: warn
2026-10-08T15:28:35.4567010Z   compression-level: 6
2026-10-08T15:28:35.4567195Z   overwrite: false
2026-10-08T15:28:35.4567378Z   include-hidden-files: false
2026-10-08T15:28:35.4567576Z ##[endgroup]
2026-10-08T15:28:35.5889512Z (node:2835) [DEP0040] DeprecationWarning: The `punycode` module is deprecated. Please use a userland alternative instead.
2026-10-08T15:28:35.5890292Z (Use `node --trace-deprecation ...` to show where the warning was created)
2026-10-08T15:28:35.5947426Z With the provided path, there will be 2 files uploaded
2026-10-08T15:28:35.5948074Z Artifact name is valid!
2026-10-08T15:28:35.5948416Z Root directory input is valid!
2026-10-08T15:28:35.8186796Z Beginning upload of artifact content to blob storage
2026-10-08T15:28:35.8336342Z (node:2835) [DEP0169] DeprecationWarning: `url.parse()` behavior is not standardized and prone to errors that have security implications. Use the WHATWG URL API instead. CVEs are not issued for `url.parse()` vulnerabilities.
2026-10-08T15:28:35.8607552Z Uploaded bytes 1065
2026-10-08T15:28:35.8745687Z Finished uploading artifact content to blob storage!
2026-10-08T15:28:35.8746497Z SHA256 digest of uploaded artifact zip is 459415faf90151c5ad9ecc6e95c5778ec0de96c7092551e0b17654127c38b180
2026-10-08T15:28:35.8748221Z Finalizing artifact upload
2026-10-08T15:28:36.1241687Z Artifact qdistsat-cross-repo-benchmark.zip successfully finalized. Artifact ID 11560163762
2026-10-08T15:28:36.1242786Z Artifact qdistsat-cross-repo-benchmark has been successfully uploaded! Final size is 1065 bytes. Artifact ID is 11560163762
2026-10-08T15:28:36.1248593Z Artifact download URL: https://github.com/guluchen/DistQLDPC/actions/runs/37800958168/artifacts/11560163762
2026-10-08T15:28:36.1377475Z ##[group]Run if [ "0" != "0" ]; then
2026-10-08T15:28:36.1377742Z [36;1mif [ "0" != "0" ]; then[0m
2026-10-08T15:28:36.1378137Z [36;1m  echo "QDistSAT detected a scientific-result mismatch between baseline and candidate DistQLDPC."[0m
2026-10-08T15:28:36.1378517Z [36;1m  exit 1[0m
2026-10-08T15:28:36.1378682Z [36;1mfi[0m
2026-10-08T15:28:36.1434414Z shell: /usr/bin/bash --noprofile --norc -e -o pipefail {0}
2026-10-08T15:28:36.1434705Z ##[endgroup]
2026-10-08T15:28:36.1573713Z Post job cleanup.
2026-10-08T15:28:36.2277090Z [command]/usr/bin/git version
2026-10-08T15:28:36.2326681Z git version 2.55.0
2026-10-08T15:28:36.2335550Z Temporarily overriding HOME='/home/runner/work/_temp/ce79745c-c156-4ac1-a8c1-b7f465402155' before making global git config changes
2026-10-08T15:28:36.2336730Z Adding repository directory to the temporary git global config as a safe directory
2026-10-08T15:28:36.2340672Z [command]/usr/bin/git config --global --add safe.directory /home/runner/work/DistQLDPC/DistQLDPC/qdistsat
2026-10-08T15:28:36.2368601Z Removing SSH command configuration
2026-10-08T15:28:36.2373639Z [command]/usr/bin/git config --local --name-only --get-regexp core\.sshCommand
2026-10-08T15:28:36.2404634Z [command]/usr/bin/git submodule foreach --recursive sh -c "git config --local --name-only --get-regexp 'core\.sshCommand' && git config --local --unset-all 'core.sshCommand' || :"
2026-10-08T15:28:36.2610818Z Removing HTTP extra header
2026-10-08T15:28:36.2616376Z [command]/usr/bin/git config --local --name-only --get-regexp http\.https\:\/\/github\.com\/\.extraheader
2026-10-08T15:28:36.2650058Z [command]/usr/bin/git submodule foreach --recursive sh -c "git config --local --name-only --get-regexp 'http\.https\:\/\/github\.com\/\.extraheader' && git config --local --unset-all 'http.https://github.com/.extraheader' || :"
2026-10-08T15:28:36.2854012Z Removing includeIf entries pointing to credentials config files
2026-10-08T15:28:36.2859481Z [command]/usr/bin/git config --local --name-only --get-regexp ^includeIf\.gitdir:
2026-10-08T15:28:36.2917831Z includeif.gitdir:/home/runner/work/DistQLDPC/DistQLDPC/qdistsat/.git.path
2026-10-08T15:28:36.2918832Z includeif.gitdir:/home/runner/work/DistQLDPC/DistQLDPC/qdistsat/.git/worktrees/*.path
2026-10-08T15:28:36.2919665Z includeif.gitdir:/github/workspace/qdistsat/.git.path
2026-10-08T15:28:36.2920388Z includeif.gitdir:/github/workspace/qdistsat/.git/worktrees/*.path
2026-10-08T15:28:36.2928011Z [command]/usr/bin/git config --local --get-all includeif.gitdir:/home/runner/work/DistQLDPC/DistQLDPC/qdistsat/.git.path
2026-10-08T15:28:36.2956679Z /home/runner/work/_temp/git-credentials-e5dc7742-a1b5-4986-8370-5baaf166c557.config
2026-10-08T15:28:36.2961469Z [command]/usr/bin/git config --local --unset includeif.gitdir:/home/runner/work/DistQLDPC/DistQLDPC/qdistsat/.git.path \/home\/runner\/work\/_temp\/git\-credentials\-e5dc7742\-a1b5\-4986\-8370\-5baaf166c557\.config
2026-10-08T15:28:36.2998633Z [command]/usr/bin/git config --local --get-all includeif.gitdir:/home/runner/work/DistQLDPC/DistQLDPC/qdistsat/.git/worktrees/*.path
2026-10-08T15:28:36.3023962Z /home/runner/work/_temp/git-credentials-e5dc7742-a1b5-4986-8370-5baaf166c557.config
2026-10-08T15:28:36.3039172Z [command]/usr/bin/git config --local --unset includeif.gitdir:/home/runner/work/DistQLDPC/DistQLDPC/qdistsat/.git/worktrees/*.path \/home\/runner\/work\/_temp\/git\-credentials\-e5dc7742\-a1b5\-4986\-8370\-5baaf166c557\.config
2026-10-08T15:28:36.3071774Z [command]/usr/bin/git config --local --get-all includeif.gitdir:/github/workspace/qdistsat/.git.path
2026-10-08T15:28:36.3093823Z /github/runner_temp/git-credentials-e5dc7742-a1b5-4986-8370-5baaf166c557.config
2026-10-08T15:28:36.3100418Z [command]/usr/bin/git config --local --unset includeif.gitdir:/github/workspace/qdistsat/.git.path \/github\/runner_temp\/git\-credentials\-e5dc7742\-a1b5\-4986\-8370\-5baaf166c557\.config
2026-10-08T15:28:36.3131117Z [command]/usr/bin/git config --local --get-all includeif.gitdir:/github/workspace/qdistsat/.git/worktrees/*.path
2026-10-08T15:28:36.3152285Z /github/runner_temp/git-credentials-e5dc7742-a1b5-4986-8370-5baaf166c557.config
2026-10-08T15:28:36.3159066Z [command]/usr/bin/git config --local --unset includeif.gitdir:/github/workspace/qdistsat/.git/worktrees/*.path \/github\/runner_temp\/git\-credentials\-e5dc7742\-a1b5\-4986\-8370\-5baaf166c557\.config
2026-10-08T15:28:36.3190540Z [command]/usr/bin/git submodule foreach --recursive git config --local --show-origin --name-only --get-regexp remote.origin.url
2026-10-08T15:28:36.3378814Z Removing credentials config '/home/runner/work/_temp/git-credentials-e5dc7742-a1b5-4986-8370-5baaf166c557.config'
2026-10-08T15:28:36.3520053Z Post job cleanup.
2026-10-08T15:28:36.4226457Z [command]/usr/bin/git version
2026-10-08T15:28:36.4272643Z git version 2.55.0
2026-10-08T15:28:36.4313012Z Temporarily overriding HOME='/home/runner/work/_temp/fad2e631-3e8f-48a7-9eab-2388f925572b' before making global git config changes
2026-10-08T15:28:36.4313991Z Adding repository directory to the temporary git global config as a safe directory
2026-10-08T15:28:36.4317850Z [command]/usr/bin/git config --global --add safe.directory /home/runner/work/DistQLDPC/DistQLDPC/baseline
2026-10-08T15:28:36.4351935Z Removing SSH command configuration
2026-10-08T15:28:36.4357079Z [command]/usr/bin/git config --local --name-only --get-regexp core\.sshCommand
2026-10-08T15:28:36.4388391Z [command]/usr/bin/git submodule foreach --recursive sh -c "git config --local --name-only --get-regexp 'core\.sshCommand' && git config --local --unset-all 'core.sshCommand' || :"
2026-10-08T15:28:36.4600713Z Removing HTTP extra header
2026-10-08T15:28:36.4607158Z [command]/usr/bin/git config --local --name-only --get-regexp http\.https\:\/\/github\.com\/\.extraheader
2026-10-08T15:28:36.4640449Z [command]/usr/bin/git submodule foreach --recursive sh -c "git config --local --name-only --get-regexp 'http\.https\:\/\/github\.com\/\.extraheader' && git config --local --unset-all 'http.https://github.com/.extraheader' || :"
2026-10-08T15:28:36.4854961Z Removing includeIf entries pointing to credentials config files
2026-10-08T15:28:36.4860420Z [command]/usr/bin/git config --local --name-only --get-regexp ^includeIf\.gitdir:
2026-10-08T15:28:36.4888209Z includeif.gitdir:/home/runner/work/DistQLDPC/DistQLDPC/baseline/.git.path
2026-10-08T15:28:36.4895791Z includeif.gitdir:/home/runner/work/DistQLDPC/DistQLDPC/baseline/.git/worktrees/*.path
2026-10-08T15:28:36.4902310Z includeif.gitdir:/github/workspace/baseline/.git.path
2026-10-08T15:28:36.4903090Z includeif.gitdir:/github/workspace/baseline/.git/worktrees/*.path
2026-10-08T15:28:36.4904796Z [command]/usr/bin/git config --local --get-all includeif.gitdir:/home/runner/work/DistQLDPC/DistQLDPC/baseline/.git.path
2026-10-08T15:28:36.4918950Z /home/runner/work/_temp/git-credentials-8793bc23-215b-44a8-b0ae-3e0139af689e.config
2026-10-08T15:28:36.4929929Z [command]/usr/bin/git config --local --unset includeif.gitdir:/home/runner/work/DistQLDPC/DistQLDPC/baseline/.git.path \/home\/runner\/work\/_temp\/git\-credentials\-8793bc23\-215b\-44a8\-b0ae\-3e0139af689e\.config
2026-10-08T15:28:36.4994835Z [command]/usr/bin/git config --local --get-all includeif.gitdir:/home/runner/work/DistQLDPC/DistQLDPC/baseline/.git/worktrees/*.path
2026-10-08T15:28:36.4997460Z /home/runner/work/_temp/git-credentials-8793bc23-215b-44a8-b0ae-3e0139af689e.config
2026-10-08T15:28:36.5013954Z [command]/usr/bin/git config --local --unset includeif.gitdir:/home/runner/work/DistQLDPC/DistQLDPC/baseline/.git/worktrees/*.path \/home\/runner\/work\/_temp\/git\-credentials\-8793bc23\-215b\-44a8\-b0ae\-3e0139af689e\.config
2026-10-08T15:28:36.5058076Z [command]/usr/bin/git config --local --get-all includeif.gitdir:/github/workspace/baseline/.git.path
2026-10-08T15:28:36.5092866Z /github/runner_temp/git-credentials-8793bc23-215b-44a8-b0ae-3e0139af689e.config
2026-10-08T15:28:36.5107892Z [command]/usr/bin/git config --local --unset includeif.gitdir:/github/workspace/baseline/.git.path \/github\/runner_temp\/git\-credentials\-8793bc23\-215b\-44a8\-b0ae\-3e0139af689e\.config
2026-10-08T15:28:36.5147324Z [command]/usr/bin/git config --local --get-all includeif.gitdir:/github/workspace/baseline/.git/worktrees/*.path
2026-10-08T15:28:36.5169582Z /github/runner_temp/git-credentials-8793bc23-215b-44a8-b0ae-3e0139af689e.config
2026-10-08T15:28:36.5187321Z [command]/usr/bin/git config --local --unset includeif.gitdir:/github/workspace/baseline/.git/worktrees/*.path \/github\/runner_temp\/git\-credentials\-8793bc23\-215b\-44a8\-b0ae\-3e0139af689e\.config
2026-10-08T15:28:36.5246923Z [command]/usr/bin/git submodule foreach --recursive git config --local --show-origin --name-only --get-regexp remote.origin.url
2026-10-08T15:28:36.5468238Z Removing credentials config '/home/runner/work/_temp/git-credentials-8793bc23-215b-44a8-b0ae-3e0139af689e.config'
2026-10-08T15:28:36.5607884Z Post job cleanup.
2026-10-08T15:28:36.6251540Z [command]/usr/bin/git version
2026-10-08T15:28:36.6296934Z git version 2.55.0
2026-10-08T15:28:36.6324609Z Temporarily overriding HOME='/home/runner/work/_temp/be05bd7c-2698-412d-8046-e1388a9419d9' before making global git config changes
2026-10-08T15:28:36.6325612Z Adding repository directory to the temporary git global config as a safe directory
2026-10-08T15:28:36.6328665Z [command]/usr/bin/git config --global --add safe.directory /home/runner/work/DistQLDPC/DistQLDPC/candidate
2026-10-08T15:28:36.6359353Z Removing SSH command configuration
2026-10-08T15:28:36.6364488Z [command]/usr/bin/git config --local --name-only --get-regexp core\.sshCommand
2026-10-08T15:28:36.6396709Z [command]/usr/bin/git submodule foreach --recursive sh -c "git config --local --name-only --get-regexp 'core\.sshCommand' && git config --local --unset-all 'core.sshCommand' || :"
2026-10-08T15:28:36.6616771Z Removing HTTP extra header
2026-10-08T15:28:36.6621511Z [command]/usr/bin/git config --local --name-only --get-regexp http\.https\:\/\/github\.com\/\.extraheader
2026-10-08T15:28:36.6652962Z [command]/usr/bin/git submodule foreach --recursive sh -c "git config --local --name-only --get-regexp 'http\.https\:\/\/github\.com\/\.extraheader' && git config --local --unset-all 'http.https://github.com/.extraheader' || :"
2026-10-08T15:28:36.6856233Z Removing includeIf entries pointing to credentials config files
2026-10-08T15:28:36.6870938Z [command]/usr/bin/git config --local --name-only --get-regexp ^includeIf\.gitdir:
2026-10-08T15:28:36.6899444Z includeif.gitdir:/home/runner/work/DistQLDPC/DistQLDPC/candidate/.git.path
2026-10-08T15:28:36.6900054Z includeif.gitdir:/home/runner/work/DistQLDPC/DistQLDPC/candidate/.git/worktrees/*.path
2026-10-08T15:28:36.6900678Z includeif.gitdir:/github/workspace/candidate/.git.path
2026-10-08T15:28:36.6901120Z includeif.gitdir:/github/workspace/candidate/.git/worktrees/*.path
2026-10-08T15:28:36.6907200Z [command]/usr/bin/git config --local --get-all includeif.gitdir:/home/runner/work/DistQLDPC/DistQLDPC/candidate/.git.path
2026-10-08T15:28:36.6931476Z /home/runner/work/_temp/git-credentials-10a2c7f0-3bb1-4ae8-b60f-5efc2b937608.config
2026-10-08T15:28:36.6940271Z [command]/usr/bin/git config --local --unset includeif.gitdir:/home/runner/work/DistQLDPC/DistQLDPC/candidate/.git.path \/home\/runner\/work\/_temp\/git\-credentials\-10a2c7f0\-3bb1\-4ae8\-b60f\-5efc2b937608\.config
2026-10-08T15:28:36.6975060Z [command]/usr/bin/git config --local --get-all includeif.gitdir:/home/runner/work/DistQLDPC/DistQLDPC/candidate/.git/worktrees/*.path
2026-10-08T15:28:36.6998430Z /home/runner/work/_temp/git-credentials-10a2c7f0-3bb1-4ae8-b60f-5efc2b937608.config
2026-10-08T15:28:36.7005939Z [command]/usr/bin/git config --local --unset includeif.gitdir:/home/runner/work/DistQLDPC/DistQLDPC/candidate/.git/worktrees/*.path \/home\/runner\/work\/_temp\/git\-credentials\-10a2c7f0\-3bb1\-4ae8\-b60f\-5efc2b937608\.config
2026-10-08T15:28:36.7045673Z [command]/usr/bin/git config --local --get-all includeif.gitdir:/github/workspace/candidate/.git.path
2026-10-08T15:28:36.7067749Z /github/runner_temp/git-credentials-10a2c7f0-3bb1-4ae8-b60f-5efc2b937608.config
2026-10-08T15:28:36.7073680Z [command]/usr/bin/git config --local --unset includeif.gitdir:/github/workspace/candidate/.git.path \/github\/runner_temp\/git\-credentials\-10a2c7f0\-3bb1\-4ae8\-b60f\-5efc2b937608\.config
2026-10-08T15:28:36.7103704Z [command]/usr/bin/git config --local --get-all includeif.gitdir:/github/workspace/candidate/.git/worktrees/*.path
2026-10-08T15:28:36.7125255Z /github/runner_temp/git-credentials-10a2c7f0-3bb1-4ae8-b60f-5efc2b937608.config
2026-10-08T15:28:36.7131211Z [command]/usr/bin/git config --local --unset includeif.gitdir:/github/workspace/candidate/.git/worktrees/*.path \/github\/runner_temp\/git\-credentials\-10a2c7f0\-3bb1\-4ae8\-b60f\-5efc2b937608\.config
2026-10-08T15:28:36.7163950Z [command]/usr/bin/git submodule foreach --recursive git config --local --show-origin --name-only --get-regexp remote.origin.url
2026-10-08T15:28:36.7351752Z Removing credentials config '/home/runner/work/_temp/git-credentials-10a2c7f0-3bb1-4ae8-b60f-5efc2b937608.config'
2026-10-08T15:28:36.7484044Z Cleaning up orphan processes
2026-10-08T15:28:36.7763906Z ##[warning]Node.js 20 is deprecated. The following actions target Node.js 20 but are being forced to run on Node.js 24: actions/upload-artifact@v4. For more information see: https://github.blog/changelog/2025-09-19-deprecation-of-node-20-on-github-actions-runners/

