2026-10-08T14:51:36.3665012Z Current runner version: '2.337.0'
2026-10-08T14:51:36.3695838Z ##[group]Runner Image Provisioner
2026-10-08T14:51:36.3696867Z Hosted Compute Agent
2026-10-08T14:51:36.3697573Z Version: 20261002.596
2026-10-08T14:51:36.3698463Z Commit: c3d12f3313a95f25162a1503be624f3b0617f8c0
2026-10-08T14:51:36.3699390Z Build Date: 2026-10-02T22:28:27Z
2026-10-08T14:51:36.3700369Z Worker ID: {ac197c7d-bc42-41c8-96a9-7234c9039d68}
2026-10-08T14:51:36.3701399Z Region: eastus
2026-10-08T14:51:36.3702106Z Cloud: Azure
2026-10-08T14:51:36.3702759Z ##[endgroup]
2026-10-08T14:51:36.3704500Z ##[group]Operating System
2026-10-08T14:51:36.3705424Z Ubuntu
2026-10-08T14:51:36.3706051Z 24.04.5
2026-10-08T14:51:36.3706723Z LTS
2026-10-08T14:51:36.3707363Z ##[endgroup]
2026-10-08T14:51:36.3708138Z ##[group]Runner Image
2026-10-08T14:51:36.3708918Z Image: ubuntu-24.04
2026-10-08T14:51:36.3709629Z Version: 20261004.327.1
2026-10-08T14:51:36.3711456Z Included Software: https://github.com/actions/runner-images/blob/ubuntu24/20261004.327/images/ubuntu/Ubuntu2404-Readme.md
2026-10-08T14:51:36.3713487Z Image Release: https://github.com/actions/runner-images/releases/tag/ubuntu24%2F20261004.327
2026-10-08T14:51:36.3714692Z ##[endgroup]
2026-10-08T14:51:36.3716058Z ##[group]GITHUB_TOKEN Permissions
2026-10-08T14:51:36.3718284Z Contents: write
2026-10-08T14:51:36.3719052Z Metadata: read
2026-10-08T14:51:36.3719705Z ##[endgroup]
2026-10-08T14:51:36.3722384Z Secret source: Actions
2026-10-08T14:51:36.3723674Z Cache mode: write
2026-10-08T14:51:36.3724640Z Prepare workflow directory
2026-10-08T14:51:36.4124709Z Prepare all required actions
2026-10-08T14:51:36.4184274Z Getting action download info
2026-10-08T14:51:36.5953421Z Download action repository 'actions/checkout@v7' (SHA:3d3c42e5aac5ba805825da76410c181273ba90b1)
2026-10-08T14:51:36.7341744Z Download action repository 'actions/upload-artifact@v4' (SHA:ea165f8d65b6e75b540449e92b4886f43607fa02)
2026-10-08T14:51:36.9815737Z Complete job name: compare
2026-10-08T14:51:37.0488509Z ##[group]Run actions/checkout@v7
2026-10-08T14:51:37.0489214Z with:
2026-10-08T14:51:37.0489558Z   path: candidate
2026-10-08T14:51:37.0489925Z   fetch-depth: 0
2026-10-08T14:51:37.0490281Z   repository: guluchen/DistQLDPC
2026-10-08T14:51:37.0493480Z   token: ***
2026-10-08T14:51:37.0493828Z   ssh-strict: true
2026-10-08T14:51:37.0494177Z   ssh-user: git
2026-10-08T14:51:37.0494530Z   persist-credentials: true
2026-10-08T14:51:37.0494919Z   clean: true
2026-10-08T14:51:37.0495273Z   sparse-checkout-cone-mode: true
2026-10-08T14:51:37.0495679Z   fetch-tags: false
2026-10-08T14:51:37.0496028Z   show-progress: true
2026-10-08T14:51:37.0496374Z   lfs: false
2026-10-08T14:51:37.0496693Z   submodules: false
2026-10-08T14:51:37.0497040Z   set-safe-directory: true
2026-10-08T14:51:37.0497431Z   allow-unsafe-pr-checkout: false
2026-10-08T14:51:37.0497992Z ##[endgroup]
2026-10-08T14:51:37.1339106Z Syncing repository: guluchen/DistQLDPC
2026-10-08T14:51:37.1341711Z ##[group]Getting Git version info
2026-10-08T14:51:37.1342427Z Working directory is '/home/runner/work/DistQLDPC/DistQLDPC/candidate'
2026-10-08T14:51:37.1343421Z [command]/usr/bin/git version
2026-10-08T14:51:37.1498173Z git version 2.55.0
2026-10-08T14:51:37.1516606Z ##[endgroup]
2026-10-08T14:51:37.1527270Z Temporarily overriding HOME='/home/runner/work/_temp/5d24f1b4-a41a-4fb0-9362-f02623428cc6' before making global git config changes
2026-10-08T14:51:37.1528631Z Adding repository directory to the temporary git global config as a safe directory
2026-10-08T14:51:37.1532881Z [command]/usr/bin/git config --global --add safe.directory /home/runner/work/DistQLDPC/DistQLDPC/candidate
2026-10-08T14:51:37.1578107Z ##[group]Determining repository object format
2026-10-08T14:51:37.1580060Z ##[endgroup]
2026-10-08T14:51:37.1580944Z ##[group]Initializing the repository
2026-10-08T14:51:37.1585044Z [command]/usr/bin/git init /home/runner/work/DistQLDPC/DistQLDPC/candidate
2026-10-08T14:51:37.1684804Z hint: Using 'master' as the name for the initial branch. This default branch name
2026-10-08T14:51:37.1687075Z hint: will change to "main" in Git 3.0. To configure the initial branch name
2026-10-08T14:51:37.1688500Z hint: to use in all of your new repositories, which will suppress this warning,
2026-10-08T14:51:37.1689516Z hint: call:
2026-10-08T14:51:37.1690269Z hint:
2026-10-08T14:51:37.1691062Z hint: 	git config --global init.defaultBranch <name>
2026-10-08T14:51:37.1691673Z hint:
2026-10-08T14:51:37.1692132Z hint: Names commonly chosen instead of 'master' are 'main', 'trunk' and
2026-10-08T14:51:37.1692883Z hint: 'development'. The just-created branch can be renamed via this command:
2026-10-08T14:51:37.1693460Z hint:
2026-10-08T14:51:37.1693789Z hint: 	git branch -m <name>
2026-10-08T14:51:37.1694164Z hint:
2026-10-08T14:51:37.1694647Z hint: Disable this message with "git config set advice.defaultBranchName false"
2026-10-08T14:51:37.1695947Z Initialized empty Git repository in /home/runner/work/DistQLDPC/DistQLDPC/candidate/.git/
2026-10-08T14:51:37.1697800Z [command]/usr/bin/git remote add origin https://github.com/guluchen/DistQLDPC
2026-10-08T14:51:37.1752356Z ##[endgroup]
2026-10-08T14:51:37.1753116Z ##[group]Disabling automatic garbage collection
2026-10-08T14:51:37.1756173Z [command]/usr/bin/git config --local gc.auto 0
2026-10-08T14:51:37.1789610Z ##[endgroup]
2026-10-08T14:51:37.1790313Z ##[group]Setting up auth
2026-10-08T14:51:37.1791240Z Removing SSH command configuration
2026-10-08T14:51:37.1795147Z [command]/usr/bin/git config --local --name-only --get-regexp core\.sshCommand
2026-10-08T14:51:37.1829184Z [command]/usr/bin/git submodule foreach --recursive sh -c "git config --local --name-only --get-regexp 'core\.sshCommand' && git config --local --unset-all 'core.sshCommand' || :"
2026-10-08T14:51:37.2191602Z Removing HTTP extra header
2026-10-08T14:51:37.2196420Z [command]/usr/bin/git config --local --name-only --get-regexp http\.https\:\/\/github\.com\/\.extraheader
2026-10-08T14:51:37.2228814Z [command]/usr/bin/git submodule foreach --recursive sh -c "git config --local --name-only --get-regexp 'http\.https\:\/\/github\.com\/\.extraheader' && git config --local --unset-all 'http.https://github.com/.extraheader' || :"
2026-10-08T14:51:37.2424283Z Removing includeIf entries pointing to credentials config files
2026-10-08T14:51:37.2428839Z [command]/usr/bin/git config --local --name-only --get-regexp ^includeIf\.gitdir:
2026-10-08T14:51:37.2499085Z [command]/usr/bin/git submodule foreach --recursive git config --local --show-origin --name-only --get-regexp remote.origin.url
2026-10-08T14:51:37.2705705Z [command]/usr/bin/git config --file /home/runner/work/_temp/git-credentials-c3bdf484-5a2f-476f-8614-e05c7c0c947b.config http.https://github.com/.extraheader AUTHORIZATION: basic ***
2026-10-08T14:51:37.2743286Z [command]/usr/bin/git config --local includeIf.gitdir:/home/runner/work/DistQLDPC/DistQLDPC/candidate/.git.path /home/runner/work/_temp/git-credentials-c3bdf484-5a2f-476f-8614-e05c7c0c947b.config
2026-10-08T14:51:37.2776630Z [command]/usr/bin/git config --local includeIf.gitdir:/home/runner/work/DistQLDPC/DistQLDPC/candidate/.git/worktrees/*.path /home/runner/work/_temp/git-credentials-c3bdf484-5a2f-476f-8614-e05c7c0c947b.config
2026-10-08T14:51:37.2891175Z [command]/usr/bin/git config --local includeIf.gitdir:/github/workspace/candidate/.git.path /github/runner_temp/git-credentials-c3bdf484-5a2f-476f-8614-e05c7c0c947b.config
2026-10-08T14:51:37.2895705Z [command]/usr/bin/git config --local includeIf.gitdir:/github/workspace/candidate/.git/worktrees/*.path /github/runner_temp/git-credentials-c3bdf484-5a2f-476f-8614-e05c7c0c947b.config
2026-10-08T14:51:37.2897435Z ##[endgroup]
2026-10-08T14:51:37.2897991Z ##[group]Fetching the repository
2026-10-08T14:51:37.2899194Z [command]/usr/bin/git -c protocol.version=2 fetch --no-tags --prune --no-recurse-submodules origin +refs/heads/*:refs/remotes/origin/* +refs/tags/*:refs/tags/* +8c29836c5e284e539705403a9ea28a44d696e683:refs/remotes/pull/19/merge
2026-10-08T14:51:37.9092249Z From https://github.com/guluchen/DistQLDPC
2026-10-08T14:51:37.9094273Z  * [new branch]      chore/autonomous-workflow-pilot          -> origin/chore/autonomous-workflow-pilot
2026-10-08T14:51:37.9096793Z  * [new branch]      chore/codex-integration-probe            -> origin/chore/codex-integration-probe
2026-10-08T14:51:37.9098799Z  * [new branch]      ci/cleanup-pi-escalation-test            -> origin/ci/cleanup-pi-escalation-test
2026-10-08T14:51:37.9101107Z  * [new branch]      ci/fire-pi-escalation-test               -> origin/ci/fire-pi-escalation-test
2026-10-08T14:51:37.9103324Z  * [new branch]      ci/pi-escalation-dispatch                -> origin/ci/pi-escalation-dispatch
2026-10-08T14:51:37.9105808Z  * [new branch]      ci/qdist-cross-repo-benchmark            -> origin/ci/qdist-cross-repo-benchmark
2026-10-08T14:51:37.9108275Z  * [new branch]      ci/test-pi-escalation-slack              -> origin/ci/test-pi-escalation-slack
2026-10-08T14:51:37.9110279Z  * [new branch]      docs/optimization-loop-policy            -> origin/docs/optimization-loop-policy
2026-10-08T14:51:37.9113406Z  * [new branch]      docs/require-cross-repo-benchmark        -> origin/docs/require-cross-repo-benchmark
2026-10-08T14:51:37.9115266Z  * [new branch]      experiment/gh16-pgo                      -> origin/experiment/gh16-pgo
2026-10-08T14:51:37.9116951Z  * [new branch]      experiment/gh17-scratch                  -> origin/experiment/gh17-scratch
2026-10-08T14:51:37.9118876Z  * [new branch]      experiment/h001-logical-row-xor          -> origin/experiment/h001-logical-row-xor
2026-10-08T14:51:37.9121136Z  * [new branch]      experiment/h007-lto                      -> origin/experiment/h007-lto
2026-10-08T14:51:37.9123369Z  * [new branch]      experiment/h008-sls-warm-start           -> origin/experiment/h008-sls-warm-start
2026-10-08T14:51:37.9125509Z  * [new branch]      experiment/h009-bdd-bound                -> origin/experiment/h009-bdd-bound
2026-10-08T14:51:37.9127491Z  * [new branch]      main                                     -> origin/main
2026-10-08T14:51:37.9129311Z  * [new branch]      policy/compute-cost-guardrails           -> origin/policy/compute-cost-guardrails
2026-10-08T14:51:37.9131393Z  * [new ref]         8c29836c5e284e539705403a9ea28a44d696e683 -> pull/19/merge
2026-10-08T14:51:37.9134374Z ##[endgroup]
2026-10-08T14:51:37.9135807Z ##[group]Determining the checkout info
2026-10-08T14:51:37.9137471Z ##[endgroup]
2026-10-08T14:51:37.9138451Z [command]/usr/bin/git sparse-checkout disable
2026-10-08T14:51:37.9153894Z [command]/usr/bin/git config --local --unset-all extensions.worktreeConfig
2026-10-08T14:51:37.9187243Z ##[group]Checking out the ref
2026-10-08T14:51:37.9189684Z [command]/usr/bin/git checkout --progress --force refs/remotes/pull/19/merge
2026-10-08T14:51:37.9761612Z Note: switching to 'refs/remotes/pull/19/merge'.
2026-10-08T14:51:37.9762716Z 
2026-10-08T14:51:37.9763526Z You are in 'detached HEAD' state. You can look around, make experimental
2026-10-08T14:51:37.9765587Z changes and commit them, and you can discard any commits you make in this
2026-10-08T14:51:37.9767531Z state without impacting any branches by switching back to a branch.
2026-10-08T14:51:37.9768700Z 
2026-10-08T14:51:37.9769444Z If you want to create a new branch to retain commits you create, you may
2026-10-08T14:51:37.9771421Z do so (now or later) by using -c with the switch command. Example:
2026-10-08T14:51:37.9772439Z 
2026-10-08T14:51:37.9772900Z   git switch -c <new-branch-name>
2026-10-08T14:51:37.9773626Z 
2026-10-08T14:51:37.9774071Z Or undo this operation with:
2026-10-08T14:51:37.9774750Z 
2026-10-08T14:51:37.9775158Z   git switch -
2026-10-08T14:51:37.9775708Z 
2026-10-08T14:51:37.9776520Z Turn off this advice by setting config variable advice.detachedHead to false
2026-10-08T14:51:37.9777674Z 
2026-10-08T14:51:37.9778989Z HEAD is now at 8c29836 Merge 467433133851f25a1ab76b662ca93250acf46d03 into 24572d6d09cce9a4a5faa58300a89e0feba9da6a
2026-10-08T14:51:37.9805741Z ##[endgroup]
2026-10-08T14:51:37.9850043Z [command]/usr/bin/git log -1 --format=%H
2026-10-08T14:51:37.9877744Z 8c29836c5e284e539705403a9ea28a44d696e683
2026-10-08T14:51:38.0127840Z ##[group]Run set -euo pipefail
2026-10-08T14:51:38.0128992Z [36;1mset -euo pipefail[0m
2026-10-08T14:51:38.0130020Z [36;1mif [ "pull_request" = "pull_request" ]; then[0m
2026-10-08T14:51:38.0131549Z [36;1m  base="24572d6d09cce9a4a5faa58300a89e0feba9da6a"[0m
2026-10-08T14:51:38.0132941Z [36;1melif [ -n "" ] && [ "" != "0000000000000000000000000000000000000000" ]; then[0m
2026-10-08T14:51:38.0134185Z [36;1m  base=""[0m
2026-10-08T14:51:38.0134928Z [36;1melse[0m
2026-10-08T14:51:38.0135701Z [36;1m  base="$(git rev-parse HEAD^)"[0m
2026-10-08T14:51:38.0136645Z [36;1mfi[0m
2026-10-08T14:51:38.0137426Z [36;1mecho "base=$base" >> "$GITHUB_OUTPUT"[0m
2026-10-08T14:51:38.0138720Z [36;1mecho "candidate=$(git rev-parse HEAD)" >> "$GITHUB_OUTPUT"[0m
2026-10-08T14:51:38.0925180Z shell: /usr/bin/bash --noprofile --norc -e -o pipefail {0}
2026-10-08T14:51:38.0926434Z ##[endgroup]
2026-10-08T14:51:38.1261968Z ##[group]Run actions/checkout@v7
2026-10-08T14:51:38.1262909Z with:
2026-10-08T14:51:38.1263666Z   ref: 24572d6d09cce9a4a5faa58300a89e0feba9da6a
2026-10-08T14:51:38.1264648Z   path: baseline
2026-10-08T14:51:38.1265369Z   fetch-depth: 1
2026-10-08T14:51:38.1266131Z   repository: guluchen/DistQLDPC
2026-10-08T14:51:38.1273095Z   token: ***
2026-10-08T14:51:38.1273845Z   ssh-strict: true
2026-10-08T14:51:38.1274608Z   ssh-user: git
2026-10-08T14:51:38.1275359Z   persist-credentials: true
2026-10-08T14:51:38.1276189Z   clean: true
2026-10-08T14:51:38.1276937Z   sparse-checkout-cone-mode: true
2026-10-08T14:51:38.1277830Z   fetch-tags: false
2026-10-08T14:51:38.1278582Z   show-progress: true
2026-10-08T14:51:38.1279339Z   lfs: false
2026-10-08T14:51:38.1280034Z   submodules: false
2026-10-08T14:51:38.1280869Z   set-safe-directory: true
2026-10-08T14:51:38.1281735Z   allow-unsafe-pr-checkout: false
2026-10-08T14:51:38.1282610Z ##[endgroup]
2026-10-08T14:51:38.2023085Z Syncing repository: guluchen/DistQLDPC
2026-10-08T14:51:38.2025491Z ##[group]Getting Git version info
2026-10-08T14:51:38.2027410Z Working directory is '/home/runner/work/DistQLDPC/DistQLDPC/baseline'
2026-10-08T14:51:38.2064982Z [command]/usr/bin/git version
2026-10-08T14:51:38.2100797Z git version 2.55.0
2026-10-08T14:51:38.2119254Z ##[endgroup]
2026-10-08T14:51:38.2127794Z Temporarily overriding HOME='/home/runner/work/_temp/b8bc39b8-0fd7-4e27-b890-1a21faf84cfe' before making global git config changes
2026-10-08T14:51:38.2130534Z Adding repository directory to the temporary git global config as a safe directory
2026-10-08T14:51:38.2133844Z [command]/usr/bin/git config --global --add safe.directory /home/runner/work/DistQLDPC/DistQLDPC/baseline
2026-10-08T14:51:38.2165566Z ##[group]Determining repository object format
2026-10-08T14:51:38.2167659Z ##[endgroup]
2026-10-08T14:51:38.2169051Z ##[group]Initializing the repository
2026-10-08T14:51:38.2171669Z [command]/usr/bin/git init /home/runner/work/DistQLDPC/DistQLDPC/baseline
2026-10-08T14:51:38.2218321Z hint: Using 'master' as the name for the initial branch. This default branch name
2026-10-08T14:51:38.2222028Z hint: will change to "main" in Git 3.0. To configure the initial branch name
2026-10-08T14:51:38.2225125Z hint: to use in all of your new repositories, which will suppress this warning,
2026-10-08T14:51:38.2227376Z hint: call:
2026-10-08T14:51:38.2228837Z hint:
2026-10-08T14:51:38.2230422Z hint: 	git config --global init.defaultBranch <name>
2026-10-08T14:51:38.2233002Z hint:
2026-10-08T14:51:38.2234643Z hint: Names commonly chosen instead of 'master' are 'main', 'trunk' and
2026-10-08T14:51:38.2237126Z hint: 'development'. The just-created branch can be renamed via this command:
2026-10-08T14:51:38.2238607Z hint:
2026-10-08T14:51:38.2239525Z hint: 	git branch -m <name>
2026-10-08T14:51:38.2240526Z hint:
2026-10-08T14:51:38.2242430Z hint: Disable this message with "git config set advice.defaultBranchName false"
2026-10-08T14:51:38.2244782Z Initialized empty Git repository in /home/runner/work/DistQLDPC/DistQLDPC/baseline/.git/
2026-10-08T14:51:38.2248644Z [command]/usr/bin/git remote add origin https://github.com/guluchen/DistQLDPC
2026-10-08T14:51:38.2787664Z ##[endgroup]
2026-10-08T14:51:38.2790349Z ##[group]Disabling automatic garbage collection
2026-10-08T14:51:38.2792253Z [command]/usr/bin/git config --local gc.auto 0
2026-10-08T14:51:38.2828420Z ##[endgroup]
2026-10-08T14:51:38.2830359Z ##[group]Setting up auth
2026-10-08T14:51:38.2831908Z Removing SSH command configuration
2026-10-08T14:51:38.2833982Z [command]/usr/bin/git config --local --name-only --get-regexp core\.sshCommand
2026-10-08T14:51:38.2867534Z [command]/usr/bin/git submodule foreach --recursive sh -c "git config --local --name-only --get-regexp 'core\.sshCommand' && git config --local --unset-all 'core.sshCommand' || :"
2026-10-08T14:51:38.3059139Z Removing HTTP extra header
2026-10-08T14:51:38.3063287Z [command]/usr/bin/git config --local --name-only --get-regexp http\.https\:\/\/github\.com\/\.extraheader
2026-10-08T14:51:38.3094724Z [command]/usr/bin/git submodule foreach --recursive sh -c "git config --local --name-only --get-regexp 'http\.https\:\/\/github\.com\/\.extraheader' && git config --local --unset-all 'http.https://github.com/.extraheader' || :"
2026-10-08T14:51:38.3303211Z Removing includeIf entries pointing to credentials config files
2026-10-08T14:51:38.3307355Z [command]/usr/bin/git config --local --name-only --get-regexp ^includeIf\.gitdir:
2026-10-08T14:51:38.3345228Z [command]/usr/bin/git submodule foreach --recursive git config --local --show-origin --name-only --get-regexp remote.origin.url
2026-10-08T14:51:38.3543317Z [command]/usr/bin/git config --file /home/runner/work/_temp/git-credentials-765671df-a9dc-4110-aa02-93b6a2b14653.config http.https://github.com/.extraheader AUTHORIZATION: basic ***
2026-10-08T14:51:38.3579844Z [command]/usr/bin/git config --local includeIf.gitdir:/home/runner/work/DistQLDPC/DistQLDPC/baseline/.git.path /home/runner/work/_temp/git-credentials-765671df-a9dc-4110-aa02-93b6a2b14653.config
2026-10-08T14:51:38.3612895Z [command]/usr/bin/git config --local includeIf.gitdir:/home/runner/work/DistQLDPC/DistQLDPC/baseline/.git/worktrees/*.path /home/runner/work/_temp/git-credentials-765671df-a9dc-4110-aa02-93b6a2b14653.config
2026-10-08T14:51:38.3646449Z [command]/usr/bin/git config --local includeIf.gitdir:/github/workspace/baseline/.git.path /github/runner_temp/git-credentials-765671df-a9dc-4110-aa02-93b6a2b14653.config
2026-10-08T14:51:38.3679988Z [command]/usr/bin/git config --local includeIf.gitdir:/github/workspace/baseline/.git/worktrees/*.path /github/runner_temp/git-credentials-765671df-a9dc-4110-aa02-93b6a2b14653.config
2026-10-08T14:51:38.3709792Z ##[endgroup]
2026-10-08T14:51:38.3711401Z ##[group]Fetching the repository
2026-10-08T14:51:38.3716435Z [command]/usr/bin/git -c protocol.version=2 fetch --no-tags --prune --no-recurse-submodules --depth=1 origin 24572d6d09cce9a4a5faa58300a89e0feba9da6a
2026-10-08T14:51:38.6087203Z From https://github.com/guluchen/DistQLDPC
2026-10-08T14:51:38.6087936Z  * branch            24572d6d09cce9a4a5faa58300a89e0feba9da6a -> FETCH_HEAD
2026-10-08T14:51:38.6095375Z [command]/usr/bin/git rev-parse --verify --quiet 24572d6d09cce9a4a5faa58300a89e0feba9da6a^{object}
2026-10-08T14:51:38.6122899Z 24572d6d09cce9a4a5faa58300a89e0feba9da6a
2026-10-08T14:51:38.6126775Z ##[endgroup]
2026-10-08T14:51:38.6127236Z ##[group]Determining the checkout info
2026-10-08T14:51:38.6127855Z ##[endgroup]
2026-10-08T14:51:38.6131412Z [command]/usr/bin/git sparse-checkout disable
2026-10-08T14:51:38.6174257Z [command]/usr/bin/git config --local --unset-all extensions.worktreeConfig
2026-10-08T14:51:38.6205985Z ##[group]Checking out the ref
2026-10-08T14:51:38.6209591Z [command]/usr/bin/git checkout --progress --force 24572d6d09cce9a4a5faa58300a89e0feba9da6a
2026-10-08T14:51:38.6656880Z Note: switching to '24572d6d09cce9a4a5faa58300a89e0feba9da6a'.
2026-10-08T14:51:38.6657399Z 
2026-10-08T14:51:38.6657793Z You are in 'detached HEAD' state. You can look around, make experimental
2026-10-08T14:51:38.6658516Z changes and commit them, and you can discard any commits you make in this
2026-10-08T14:51:38.6659491Z state without impacting any branches by switching back to a branch.
2026-10-08T14:51:38.6659876Z 
2026-10-08T14:51:38.6660150Z If you want to create a new branch to retain commits you create, you may
2026-10-08T14:51:38.6660984Z do so (now or later) by using -c with the switch command. Example:
2026-10-08T14:51:38.6661350Z 
2026-10-08T14:51:38.6661526Z   git switch -c <new-branch-name>
2026-10-08T14:51:38.6661819Z 
2026-10-08T14:51:38.6662029Z Or undo this operation with:
2026-10-08T14:51:38.6662267Z 
2026-10-08T14:51:38.6662409Z   git switch -
2026-10-08T14:51:38.6662614Z 
2026-10-08T14:51:38.6662922Z Turn off this advice by setting config variable advice.detachedHead to false
2026-10-08T14:51:38.6663325Z 
2026-10-08T14:51:38.6663621Z HEAD is now at 24572d6 Point CI smoke at LP_34_20_2 after the QDistSAT rename.
2026-10-08T14:51:38.6675881Z ##[endgroup]
2026-10-08T14:51:38.6718606Z [command]/usr/bin/git log -1 --format=%H
2026-10-08T14:51:38.6746456Z 24572d6d09cce9a4a5faa58300a89e0feba9da6a
2026-10-08T14:51:38.6911342Z ##[group]Run actions/checkout@v7
2026-10-08T14:51:38.6911637Z with:
2026-10-08T14:51:38.6911857Z   repository: guluchen/QDistSAT
2026-10-08T14:51:38.6912100Z   ref: main
2026-10-08T14:51:38.6912302Z   path: qdistsat
2026-10-08T14:51:38.6912573Z   fetch-depth: 1
2026-10-08T14:51:38.6914468Z   token: ***
2026-10-08T14:51:38.6914683Z   ssh-strict: true
2026-10-08T14:51:38.6914894Z   ssh-user: git
2026-10-08T14:51:38.6915120Z   persist-credentials: true
2026-10-08T14:51:38.6915355Z   clean: true
2026-10-08T14:51:38.6915582Z   sparse-checkout-cone-mode: true
2026-10-08T14:51:38.6915835Z   fetch-tags: false
2026-10-08T14:51:38.6916056Z   show-progress: true
2026-10-08T14:51:38.6916276Z   lfs: false
2026-10-08T14:51:38.6916486Z   submodules: false
2026-10-08T14:51:38.6916702Z   set-safe-directory: true
2026-10-08T14:51:38.6916950Z   allow-unsafe-pr-checkout: false
2026-10-08T14:51:38.6917195Z ##[endgroup]
2026-10-08T14:51:38.7642879Z Syncing repository: guluchen/QDistSAT
2026-10-08T14:51:38.7643848Z ##[group]Getting Git version info
2026-10-08T14:51:38.7644464Z Working directory is '/home/runner/work/DistQLDPC/DistQLDPC/qdistsat'
2026-10-08T14:51:38.7679164Z [command]/usr/bin/git version
2026-10-08T14:51:38.7717823Z git version 2.55.0
2026-10-08T14:51:38.7733134Z ##[endgroup]
2026-10-08T14:51:38.7742538Z Temporarily overriding HOME='/home/runner/work/_temp/ef32d40b-d3b0-4628-af19-064a86876f11' before making global git config changes
2026-10-08T14:51:38.7743664Z Adding repository directory to the temporary git global config as a safe directory
2026-10-08T14:51:38.7746656Z [command]/usr/bin/git config --global --add safe.directory /home/runner/work/DistQLDPC/DistQLDPC/qdistsat
2026-10-08T14:51:38.7781200Z ##[group]Determining repository object format
2026-10-08T14:51:39.0811383Z ##[endgroup]
2026-10-08T14:51:39.0812292Z ##[group]Initializing the repository
2026-10-08T14:51:39.0819596Z [command]/usr/bin/git init /home/runner/work/DistQLDPC/DistQLDPC/qdistsat
2026-10-08T14:51:39.1569281Z hint: Using 'master' as the name for the initial branch. This default branch name
2026-10-08T14:51:39.1570073Z hint: will change to "main" in Git 3.0. To configure the initial branch name
2026-10-08T14:51:39.1570986Z hint: to use in all of your new repositories, which will suppress this warning,
2026-10-08T14:51:39.1571551Z hint: call:
2026-10-08T14:51:39.1571841Z hint:
2026-10-08T14:51:39.1572268Z hint: 	git config --global init.defaultBranch <name>
2026-10-08T14:51:39.1572644Z hint:
2026-10-08T14:51:39.1572978Z hint: Names commonly chosen instead of 'master' are 'main', 'trunk' and
2026-10-08T14:51:39.1573443Z hint: 'development'. The just-created branch can be renamed via this command:
2026-10-08T14:51:39.1573803Z hint:
2026-10-08T14:51:39.1574029Z hint: 	git branch -m <name>
2026-10-08T14:51:39.1574262Z hint:
2026-10-08T14:51:39.1574590Z hint: Disable this message with "git config set advice.defaultBranchName false"
2026-10-08T14:51:39.1578371Z Initialized empty Git repository in /home/runner/work/DistQLDPC/DistQLDPC/qdistsat/.git/
2026-10-08T14:51:39.1580198Z [command]/usr/bin/git remote add origin https://github.com/guluchen/QDistSAT
2026-10-08T14:51:39.1620338Z ##[endgroup]
2026-10-08T14:51:39.1623872Z ##[group]Disabling automatic garbage collection
2026-10-08T14:51:39.1624237Z [command]/usr/bin/git config --local gc.auto 0
2026-10-08T14:51:39.1657620Z ##[endgroup]
2026-10-08T14:51:39.1657993Z ##[group]Setting up auth
2026-10-08T14:51:39.1658411Z Removing SSH command configuration
2026-10-08T14:51:39.1663026Z [command]/usr/bin/git config --local --name-only --get-regexp core\.sshCommand
2026-10-08T14:51:39.1696239Z [command]/usr/bin/git submodule foreach --recursive sh -c "git config --local --name-only --get-regexp 'core\.sshCommand' && git config --local --unset-all 'core.sshCommand' || :"
2026-10-08T14:51:39.1895864Z Removing HTTP extra header
2026-10-08T14:51:39.1901133Z [command]/usr/bin/git config --local --name-only --get-regexp http\.https\:\/\/github\.com\/\.extraheader
2026-10-08T14:51:39.1936467Z [command]/usr/bin/git submodule foreach --recursive sh -c "git config --local --name-only --get-regexp 'http\.https\:\/\/github\.com\/\.extraheader' && git config --local --unset-all 'http.https://github.com/.extraheader' || :"
2026-10-08T14:51:39.2133433Z Removing includeIf entries pointing to credentials config files
2026-10-08T14:51:39.2138539Z [command]/usr/bin/git config --local --name-only --get-regexp ^includeIf\.gitdir:
2026-10-08T14:51:39.2174603Z [command]/usr/bin/git submodule foreach --recursive git config --local --show-origin --name-only --get-regexp remote.origin.url
2026-10-08T14:51:39.2382897Z [command]/usr/bin/git config --file /home/runner/work/_temp/git-credentials-37614430-9c13-488c-a7be-9b6bc70f5f5d.config http.https://github.com/.extraheader AUTHORIZATION: basic ***
2026-10-08T14:51:39.2422032Z [command]/usr/bin/git config --local includeIf.gitdir:/home/runner/work/DistQLDPC/DistQLDPC/qdistsat/.git.path /home/runner/work/_temp/git-credentials-37614430-9c13-488c-a7be-9b6bc70f5f5d.config
2026-10-08T14:51:39.2455668Z [command]/usr/bin/git config --local includeIf.gitdir:/home/runner/work/DistQLDPC/DistQLDPC/qdistsat/.git/worktrees/*.path /home/runner/work/_temp/git-credentials-37614430-9c13-488c-a7be-9b6bc70f5f5d.config
2026-10-08T14:51:39.2489682Z [command]/usr/bin/git config --local includeIf.gitdir:/github/workspace/qdistsat/.git.path /github/runner_temp/git-credentials-37614430-9c13-488c-a7be-9b6bc70f5f5d.config
2026-10-08T14:51:39.2523203Z [command]/usr/bin/git config --local includeIf.gitdir:/github/workspace/qdistsat/.git/worktrees/*.path /github/runner_temp/git-credentials-37614430-9c13-488c-a7be-9b6bc70f5f5d.config
2026-10-08T14:51:39.2553687Z ##[endgroup]
2026-10-08T14:51:39.2554094Z ##[group]Fetching the repository
2026-10-08T14:51:39.2560266Z [command]/usr/bin/git -c protocol.version=2 fetch --no-tags --prune --no-recurse-submodules --depth=1 origin +refs/heads/main*:refs/remotes/origin/main* +refs/tags/main*:refs/tags/main*
2026-10-08T14:51:39.7714643Z From https://github.com/guluchen/QDistSAT
2026-10-08T14:51:39.7715144Z  * [new branch]      main       -> origin/main
2026-10-08T14:51:39.7719002Z ##[endgroup]
2026-10-08T14:51:39.7719466Z ##[group]Determining the checkout info
2026-10-08T14:51:39.7724636Z [command]/usr/bin/git branch --list --remote origin/main
2026-10-08T14:51:39.7754432Z   origin/main
2026-10-08T14:51:39.7758102Z ##[endgroup]
2026-10-08T14:51:39.7761861Z [command]/usr/bin/git sparse-checkout disable
2026-10-08T14:51:39.7804399Z [command]/usr/bin/git config --local --unset-all extensions.worktreeConfig
2026-10-08T14:51:39.7836723Z ##[group]Checking out the ref
2026-10-08T14:51:39.7839530Z [command]/usr/bin/git checkout --progress --force -B main refs/remotes/origin/main
2026-10-08T14:51:39.8107466Z Switched to a new branch 'main'
2026-10-08T14:51:39.8108340Z branch 'main' set up to track 'origin/main'.
2026-10-08T14:51:39.8117279Z ##[endgroup]
2026-10-08T14:51:39.8160536Z [command]/usr/bin/git log -1 --format=%H
2026-10-08T14:51:39.8189386Z 7c4774fffc49856f48a22ae5f9063d00b2661aaa
2026-10-08T14:51:39.8314407Z ##[group]Run sudo apt-get update
2026-10-08T14:51:39.8314681Z [36;1msudo apt-get update[0m
2026-10-08T14:51:39.8314951Z [36;1msudo apt-get install --yes build-essential zlib1g-dev[0m
2026-10-08T14:51:39.8375532Z shell: /usr/bin/bash -e {0}
2026-10-08T14:51:39.8375772Z ##[endgroup]
2026-10-08T14:51:39.9098820Z Get:1 file:/etc/apt/apt-mirrors.txt Mirrorlist [144 B]
2026-10-08T14:51:39.9328976Z Get:6 https://packages.microsoft.com/ubuntu/24.04/prod noble InRelease [3600 B]
2026-10-08T14:51:39.9415539Z Hit:2 http://azure.archive.ubuntu.com/ubuntu noble InRelease
2026-10-08T14:51:39.9423689Z Get:3 http://azure.archive.ubuntu.com/ubuntu noble-updates InRelease [126 kB]
2026-10-08T14:51:39.9454356Z Get:4 http://azure.archive.ubuntu.com/ubuntu noble-backports InRelease [126 kB]
2026-10-08T14:51:39.9468520Z Get:5 http://azure.archive.ubuntu.com/ubuntu noble-security InRelease [126 kB]
2026-10-08T14:51:40.0189000Z Get:7 https://packages.microsoft.com/ubuntu/24.04/prod noble/main all Packages [640 B]
2026-10-08T14:51:40.0293122Z Get:8 https://packages.microsoft.com/ubuntu/24.04/prod noble/main amd64 Packages [531 kB]
2026-10-08T14:51:40.0372482Z Get:9 https://packages.microsoft.com/ubuntu/24.04/prod noble/main arm64 Packages [474 kB]
2026-10-08T14:51:40.0441648Z Get:10 https://packages.microsoft.com/ubuntu/24.04/prod noble/main armhf Packages [12.3 kB]
2026-10-08T14:51:40.1140358Z Get:11 http://azure.archive.ubuntu.com/ubuntu noble-updates/main amd64 Packages [1375 kB]
2026-10-08T14:51:40.1202511Z Get:12 http://azure.archive.ubuntu.com/ubuntu noble-updates/main Translation-en [306 kB]
2026-10-08T14:51:40.1222390Z Get:13 http://azure.archive.ubuntu.com/ubuntu noble-updates/universe amd64 Packages [1702 kB]
2026-10-08T14:51:40.1305749Z Get:14 http://azure.archive.ubuntu.com/ubuntu noble-updates/universe Translation-en [341 kB]
2026-10-08T14:51:40.1331649Z Get:15 http://azure.archive.ubuntu.com/ubuntu noble-updates/restricted amd64 Packages [1761 kB]
2026-10-08T14:51:40.1421906Z Get:16 http://azure.archive.ubuntu.com/ubuntu noble-updates/restricted Translation-en [401 kB]
2026-10-08T14:51:40.1438785Z Get:17 http://azure.archive.ubuntu.com/ubuntu noble-updates/multiverse amd64 Packages [55.0 kB]
2026-10-08T14:51:40.1457664Z Get:18 http://azure.archive.ubuntu.com/ubuntu noble-updates/multiverse Translation-en [14.3 kB]
2026-10-08T14:51:40.2288275Z Get:19 http://azure.archive.ubuntu.com/ubuntu noble-security/main amd64 Packages [1089 kB]
2026-10-08T14:51:40.2337646Z Get:20 http://azure.archive.ubuntu.com/ubuntu noble-security/main Translation-en [225 kB]
2026-10-08T14:51:40.2776885Z Get:21 http://azure.archive.ubuntu.com/ubuntu noble-security/universe amd64 Packages [1218 kB]
2026-10-08T14:51:40.2828807Z Get:22 http://azure.archive.ubuntu.com/ubuntu noble-security/universe Translation-en [245 kB]
2026-10-08T14:51:40.2855074Z Get:23 http://azure.archive.ubuntu.com/ubuntu noble-security/restricted amd64 Packages [1594 kB]
2026-10-08T14:51:40.2920914Z Get:24 http://azure.archive.ubuntu.com/ubuntu noble-security/restricted Translation-en [366 kB]
2026-10-08T14:51:40.2939774Z Get:25 http://azure.archive.ubuntu.com/ubuntu noble-security/multiverse Translation-en [11.6 kB]
2026-10-08T14:51:47.4873095Z Fetched 12.1 MB in 1s (11.2 MB/s)
2026-10-08T14:51:48.2572134Z Reading package lists...
2026-10-08T14:51:48.4173742Z Reading package lists...
2026-10-08T14:51:48.6655190Z Building dependency tree...
2026-10-08T14:51:48.6662280Z Reading state information...
2026-10-08T14:51:48.9234422Z zlib1g-dev is already the newest version (1:1.3.dfsg-3.1ubuntu2.2).
2026-10-08T14:51:48.9234922Z The following NEW packages will be installed:
2026-10-08T14:51:48.9243995Z   build-essential
2026-10-08T14:51:48.9402446Z 0 upgraded, 1 newly installed, 0 to remove and 17 not upgraded.
2026-10-08T14:51:48.9402951Z Need to get 4928 B of archives.
2026-10-08T14:51:48.9403372Z After this operation, 17.4 kB of additional disk space will be used.
2026-10-08T14:51:48.9404196Z Get:1 file:/etc/apt/apt-mirrors.txt Mirrorlist [144 B]
2026-10-08T14:51:49.0670377Z Get:2 http://azure.archive.ubuntu.com/ubuntu noble/main amd64 build-essential amd64 12.10ubuntu1 [4928 B]
2026-10-08T14:51:49.2921451Z Fetched 4928 B in 0s (36.3 kB/s)
2026-10-08T14:51:49.3095811Z Selecting previously unselected package build-essential.
2026-10-08T14:51:49.3332845Z (Reading database ... 
2026-10-08T14:51:49.3333467Z (Reading database ... 5%
2026-10-08T14:51:49.3333702Z (Reading database ... 10%
2026-10-08T14:51:49.3333896Z (Reading database ... 15%
2026-10-08T14:51:49.3334076Z (Reading database ... 20%
2026-10-08T14:51:49.3334262Z (Reading database ... 25%
2026-10-08T14:51:49.3334445Z (Reading database ... 30%
2026-10-08T14:51:49.3336977Z (Reading database ... 35%
2026-10-08T14:51:49.3337308Z (Reading database ... 40%
2026-10-08T14:51:49.3337722Z (Reading database ... 45%
2026-10-08T14:51:49.3337923Z (Reading database ... 50%
2026-10-08T14:51:49.3380086Z (Reading database ... 55%
2026-10-08T14:51:49.4026055Z (Reading database ... 60%
2026-10-08T14:51:49.6024625Z (Reading database ... 65%
2026-10-08T14:51:49.7896112Z (Reading database ... 70%
2026-10-08T14:51:49.9934458Z (Reading database ... 75%
2026-10-08T14:51:50.0972291Z (Reading database ... 80%
2026-10-08T14:51:50.3182205Z (Reading database ... 85%
2026-10-08T14:51:50.6025145Z (Reading database ... 90%
2026-10-08T14:51:50.7864271Z (Reading database ... 95%
2026-10-08T14:51:50.7864548Z (Reading database ... 100%
2026-10-08T14:51:50.7864833Z (Reading database ... 203191 files and directories currently installed.)
2026-10-08T14:51:50.7906861Z Preparing to unpack .../build-essential_12.10ubuntu1_amd64.deb ...
2026-10-08T14:51:50.8043721Z Unpacking build-essential (12.10ubuntu1) ...
2026-10-08T14:51:50.8362899Z Setting up build-essential (12.10ubuntu1) ...
2026-10-08T14:51:51.6611691Z 
2026-10-08T14:51:51.6612215Z Running kernel seems to be up-to-date.
2026-10-08T14:51:51.6612510Z 
2026-10-08T14:51:51.6612643Z No services need to be restarted.
2026-10-08T14:51:51.6612852Z 
2026-10-08T14:51:51.6612957Z No containers need to be restarted.
2026-10-08T14:51:51.6613099Z 
2026-10-08T14:51:51.6613210Z No user sessions are running outdated binaries.
2026-10-08T14:51:51.6613385Z 
2026-10-08T14:51:51.6613546Z No VM guests are running outdated hypervisor (qemu) binaries on this host.
2026-10-08T14:51:52.5736676Z ##[group]Run set -euo pipefail
2026-10-08T14:51:52.5736936Z [36;1mset -euo pipefail[0m
2026-10-08T14:51:52.5737149Z [36;1mmake -C baseline --jobs="$(nproc)"[0m
2026-10-08T14:51:52.5737522Z [36;1m# H010: compare the actual profile-use candidate, not its default off build.[0m
2026-10-08T14:51:52.5738006Z [36;1mbash candidate/scripts/pgo_train_build.sh "$GITHUB_WORKSPACE/benchmark-results/pgo-training"[0m
2026-10-08T14:51:52.5793720Z shell: /usr/bin/bash --noprofile --norc -e -o pipefail {0}
2026-10-08T14:51:52.5794010Z ##[endgroup]
2026-10-08T14:51:52.6243010Z make: Entering directory '/home/runner/work/DistQLDPC/DistQLDPC/baseline'
2026-10-08T14:51:52.6253890Z g++ -Isrc/solver -Wall -Wno-parentheses -O3 -g -D __STDC_LIMIT_MACROS -D __STDC_FORMAT_MACROS -DNDEBUG -c -o build/SimpSolver.o src/solver/SimpSolver.cc
2026-10-08T14:51:52.6258518Z g++ -Isrc/solver -Wall -Wno-parentheses -O3 -g -D __STDC_LIMIT_MACROS -D __STDC_FORMAT_MACROS -DNDEBUG -c -o build/Solver.o src/solver/Solver.cc
2026-10-08T14:51:52.6264890Z g++ -Isrc/solver -Wall -Wno-parentheses -O3 -g -D __STDC_LIMIT_MACROS -D __STDC_FORMAT_MACROS -DNDEBUG -c -o build/Options.o src/solver/utils/Options.cc
2026-10-08T14:51:52.6265986Z g++ -Isrc/solver -Wall -Wno-parentheses -O3 -g -D __STDC_LIMIT_MACROS -D __STDC_FORMAT_MACROS -DNDEBUG -c -o build/System.o src/solver/utils/System.cc
2026-10-08T14:51:52.8341143Z In file included from src/solver/Solver.h:53,
2026-10-08T14:51:52.8341857Z                  from src/solver/Solver.cc:107:
2026-10-08T14:51:52.8343046Z src/solver/utils/Options.h:285:29: warning: invalid suffix on literal; C++11 requires a space between literal and string macro [-Wliteral-suffix]
2026-10-08T14:51:52.8344951Z   285 |             fprintf(stderr, "%4"PRIi64, range.begin);
2026-10-08T14:51:52.8345571Z       |                             ^
2026-10-08T14:51:52.8346561Z src/solver/utils/Options.h:291:29: warning: invalid suffix on literal; C++11 requires a space between literal and string macro [-Wliteral-suffix]
2026-10-08T14:51:52.8347556Z   291 |             fprintf(stderr, "%4"PRIi64, range.end);
2026-10-08T14:51:52.8348821Z       |                             ^
2026-10-08T14:51:52.8349795Z src/solver/utils/Options.h:293:25: warning: invalid suffix on literal; C++11 requires a space between literal and string macro [-Wliteral-suffix]
2026-10-08T14:51:52.8350892Z   293 |         fprintf(stderr, "] (default: %"PRIi64")\n", value);
2026-10-08T14:51:52.8392337Z       |                         ^
2026-10-08T14:51:52.8395145Z In file included from src/solver/utils/Options.cc:21:
2026-10-08T14:51:52.8396107Z src/solver/utils/Options.h:285:29: warning: invalid suffix on literal; C++11 requires a space between literal and string macro [-Wliteral-suffix]
2026-10-08T14:51:52.8397029Z   285 |             fprintf(stderr, "%4"PRIi64, range.begin);
2026-10-08T14:51:52.8397282Z       |                             ^
2026-10-08T14:51:52.8398005Z src/solver/utils/Options.h:291:29: warning: invalid suffix on literal; C++11 requires a space between literal and string macro [-Wliteral-suffix]
2026-10-08T14:51:52.8398813Z   291 |             fprintf(stderr, "%4"PRIi64, range.end);
2026-10-08T14:51:52.8399200Z       |                             ^
2026-10-08T14:51:52.8399917Z src/solver/utils/Options.h:293:25: warning: invalid suffix on literal; C++11 requires a space between literal and string macro [-Wliteral-suffix]
2026-10-08T14:51:52.8400871Z   293 |         fprintf(stderr, "] (default: %"PRIi64")\n", value);
2026-10-08T14:51:52.8401283Z       |                         ^
2026-10-08T14:51:52.8401632Z In file included from src/solver/Solver.h:53,
2026-10-08T14:51:52.8402032Z                  from src/solver/SimpSolver.h:37,
2026-10-08T14:51:52.8402447Z                  from src/solver/SimpSolver.cc:34:
2026-10-08T14:51:52.8403209Z src/solver/utils/Options.h:285:29: warning: invalid suffix on literal; C++11 requires a space between literal and string macro [-Wliteral-suffix]
2026-10-08T14:51:52.8404063Z   285 |             fprintf(stderr, "%4"PRIi64, range.begin);
2026-10-08T14:51:52.8404321Z       |                             ^
2026-10-08T14:51:52.8404769Z src/solver/utils/Options.h:291:29: warning: invalid suffix on literal; C++11 requires a space between literal and string macro [-Wliteral-suffix]
2026-10-08T14:51:52.8405266Z   291 |             fprintf(stderr, "%4"PRIi64, range.end);
2026-10-08T14:51:52.8405503Z       |                             ^
2026-10-08T14:51:52.8406223Z src/solver/utils/Options.h:293:25: warning: invalid suffix on literal; C++11 requires a space between literal and string macro [-Wliteral-suffix]
2026-10-08T14:51:52.8407037Z   293 |         fprintf(stderr, "] (default: %"PRIi64")\n", value);
2026-10-08T14:51:52.8407452Z       |                         ^
2026-10-08T14:51:52.9382155Z src/solver/Solver.h: In constructor ‘Minisat::Solver::Solver()’:
2026-10-08T14:51:52.9383581Z src/solver/Solver.h:480:15: warning: ‘Minisat::Solver::my_var_decay’ will be initialized after [-Wreorder]
2026-10-08T14:51:52.9386165Z   480 |     double    my_var_decay;
2026-10-08T14:51:52.9386830Z       |               ^~~~~~~~~~~~
2026-10-08T14:51:52.9388260Z src/solver/Solver.h:293:42: warning:   ‘Minisat::Heap<Minisat::Solver::VarOrderLt> Minisat::Solver::order_heap_distance’ [-Wreorder]
2026-10-08T14:51:52.9390103Z   293 |                         order_heap_VSIDS,order_heap_distance;
2026-10-08T14:51:52.9390860Z       |                                          ^~~~~~~~~~~~~~~~~~~
2026-10-08T14:51:52.9391652Z src/solver/Solver.cc:143:1: warning:   when initialized here [-Wreorder]
2026-10-08T14:51:52.9393557Z   143 | Solver::Solver() :
2026-10-08T14:51:52.9394015Z       | ^~~~~~
2026-10-08T14:51:52.9395289Z src/solver/Solver.h:514:14: warning: ‘Minisat::Solver::lastOptimalCost’ will be initialized after [-Wreorder]
2026-10-08T14:51:52.9399166Z   514 |     uint64_t lastOptimalCost;
2026-10-08T14:51:52.9399695Z       |              ^~~~~~~~~~~~~~~
2026-10-08T14:51:52.9400767Z src/solver/Solver.h:513:40: warning:   ‘uint64_t Minisat::Solver::totalWeight’ [-Wreorder]
2026-10-08T14:51:52.9403439Z   513 |     uint64_t hardWeight, solutionCost, totalWeight, UB;
2026-10-08T14:51:52.9404090Z       |                                        ^~~~~~~~~~~
2026-10-08T14:51:52.9404750Z src/solver/Solver.cc:143:1: warning:   when initialized here [-Wreorder]
2026-10-08T14:51:52.9405560Z   143 | Solver::Solver() :
2026-10-08T14:51:52.9407533Z       | ^~~~~~
2026-10-08T14:51:52.9408544Z src/solver/Solver.h:707:25: warning: ‘Minisat::Solver::orderHeapAuxi’ will be initialized after [-Wreorder]
2026-10-08T14:51:52.9409409Z   707 |     Heap<VarOrderGt>    orderHeapAuxi;
2026-10-08T14:51:52.9418071Z       |                         ^~~~~~~~~~~~~
2026-10-08T14:51:52.9419098Z src/solver/Solver.h:619:25: warning:   ‘int Minisat::Solver::tier2_lbd_cut’ [-Wreorder]
2026-10-08T14:51:52.9422475Z   619 |     int                 tier2_lbd_cut;
2026-10-08T14:51:52.9423058Z       |                         ^~~~~~~~~~~~~
2026-10-08T14:51:52.9423745Z src/solver/Solver.cc:143:1: warning:   when initialized here [-Wreorder]
2026-10-08T14:51:52.9429325Z   143 | Solver::Solver() :
2026-10-08T14:51:52.9429842Z       | ^~~~~~
2026-10-08T14:51:52.9430997Z src/solver/Solver.h:663:9: warning: ‘Minisat::Solver::cardinalityEncMode’ will be initialized after [-Wreorder]
2026-10-08T14:51:52.9431925Z   663 |     int cardinalityEncMode;
2026-10-08T14:51:52.9433093Z       |         ^~~~~~~~~~~~~~~~~~
2026-10-08T14:51:52.9434079Z src/solver/Solver.h:644:14: warning:   ‘uint64_t Minisat::Solver::quasiSoftConflicts’ [-Wreorder]
2026-10-08T14:51:52.9434898Z   644 |     uint64_t quasiSoftConflicts;
2026-10-08T14:51:52.9436728Z       |              ^~~~~~~~~~~~~~~~~~
2026-10-08T14:51:52.9437425Z src/solver/Solver.cc:143:1: warning:   when initialized here [-Wreorder]
2026-10-08T14:51:52.9438125Z   143 | Solver::Solver() :
2026-10-08T14:51:52.9439321Z       | ^~~~~~
2026-10-08T14:51:52.9440269Z src/solver/Solver.h:696:14: warning: ‘Minisat::Solver::nbFixedByLH’ will be initialized after [-Wreorder]
2026-10-08T14:51:52.9447339Z   696 |     uint64_t nbFixedByLH;
2026-10-08T14:51:52.9447921Z       |              ^~~~~~~~~~~
2026-10-08T14:51:52.9452423Z src/solver/Solver.h:562:10: warning:   ‘bool Minisat::Solver::bestSolutionFound’ [-Wreorder]
2026-10-08T14:51:52.9453230Z   562 |     bool bestSolutionFound;
2026-10-08T14:51:52.9453743Z       |          ^~~~~~~~~~~~~~~~~
2026-10-08T14:51:52.9454379Z src/solver/Solver.cc:143:1: warning:   when initialized here [-Wreorder]
2026-10-08T14:51:52.9455516Z   143 | Solver::Solver() :
2026-10-08T14:51:52.9456003Z       | ^~~~~~
2026-10-08T14:51:52.9456955Z src/solver/Solver.h:564:9: warning: ‘Minisat::Solver::nbSatLitsAtStart’ will be initialized after [-Wreorder]
2026-10-08T14:51:52.9464422Z   564 |     int nbSatLitsAtStart;
2026-10-08T14:51:52.9464976Z       |         ^~~~~~~~~~~~~~~~
2026-10-08T14:51:52.9466373Z src/solver/Solver.h:560:9: warning:   ‘int Minisat::Solver::bounds_pipe_w’ [-Wreorder]
2026-10-08T14:51:52.9470799Z   560 |     int bounds_pipe_w;
2026-10-08T14:51:52.9471350Z       |         ^~~~~~~~~~~~~
2026-10-08T14:51:52.9472057Z src/solver/Solver.cc:143:1: warning:   when initialized here [-Wreorder]
2026-10-08T14:51:52.9472763Z   143 | Solver::Solver() :
2026-10-08T14:51:52.9473203Z       | ^~~~~~
2026-10-08T14:51:52.9474863Z src/solver/Solver.cc: In member function ‘Minisat::CRef Minisat::Solver::simplePropagate()’:
2026-10-08T14:51:52.9476245Z src/solver/Solver.cc:316:27: warning: comparison of integer expressions of different signedness: ‘unsigned int’ and ‘int’ [-Wsign-compare]
2026-10-08T14:51:52.9477865Z   316 |         if (c.lastPoint() > c.size())
2026-10-08T14:51:52.9478400Z       |             ~~~~~~~~~~~~~~^~~~~~~~~~
2026-10-08T14:51:52.9479915Z src/solver/Solver.cc:335:27: warning: comparison of integer expressions of different signedness: ‘int’ and ‘unsigned int’ [-Wsign-compare]
2026-10-08T14:51:52.9481941Z   335 |         for (int k = 2; k < c.lastPoint(); k++) {
2026-10-08T14:51:52.9482514Z       |                         ~~^~~~~~~~~~~~~~~
2026-10-08T14:51:52.9484367Z src/solver/Solver.cc:381:63: warning: comparison of integer expressions of different signedness: ‘int’ and ‘uint64_t’ {aka ‘long unsigned int’} [-Wsign-compare]
2026-10-08T14:51:52.9485636Z   381 |     if (confl == CRef_Undef && falseLits.size() + rootNbIsets >= UB)
2026-10-08T14:51:52.9486329Z       |                                ~~~~~~~~~~~~~~~~~~~~~~~~~~~~~~~^~~~~
2026-10-08T14:51:52.9487938Z src/solver/Solver.cc: In member function ‘bool Minisat::Solver::simplifyLearnt_core()’:
2026-10-08T14:51:52.9489431Z src/solver/Solver.cc:787:34: warning: comparison of integer expressions of different signedness: ‘unsigned int’ and ‘int’ [-Wsign-compare]
2026-10-08T14:51:52.9491156Z   787 |                     if (nblevels < c.lbd()){
2026-10-08T14:51:52.9491728Z       |                         ~~~~~~~~~^~~~~~~~~
2026-10-08T14:51:52.9492844Z src/solver/Solver.cc:721:9: warning: unused variable ‘learnts_core_size_before’ [-Wunused-variable]
2026-10-08T14:51:52.9494818Z   721 |     int learnts_core_size_before = learnts_core.size();
2026-10-08T14:51:52.9495457Z       |         ^~~~~~~~~~~~~~~~~~~~~~~~
2026-10-08T14:51:52.9496356Z src/solver/Solver.cc: In member function ‘bool Minisat::Solver::simplifyLearnt_tier2()’:
2026-10-08T14:51:52.9500442Z src/solver/Solver.cc:895:34: warning: comparison of integer expressions of different signedness: ‘unsigned int’ and ‘int’ [-Wsign-compare]
2026-10-08T14:51:52.9501668Z   895 |                     if (nblevels < c.lbd()){
2026-10-08T14:51:52.9504769Z       |                         ~~~~~~~~~^~~~~~~~~
2026-10-08T14:51:52.9505761Z src/solver/Solver.cc:823:9: warning: unused variable ‘learnts_tier2_size_before’ [-Wunused-variable]
2026-10-08T14:51:52.9506691Z   823 |     int learnts_tier2_size_before = learnts_tier2.size();
2026-10-08T14:51:52.9510536Z       |         ^~~~~~~~~~~~~~~~~~~~~~~~~
2026-10-08T14:51:52.9511630Z src/solver/Solver.cc:828:9: warning: variable ‘limit’ set but not used [-Wunused-but-set-variable]
2026-10-08T14:51:52.9512474Z   828 |     int limit;
2026-10-08T14:51:52.9512993Z       |         ^~~~~
2026-10-08T14:51:52.9529758Z src/solver/Solver.cc: In member function ‘bool Minisat::Solver::failedLiteralDetection()’:
2026-10-08T14:51:52.9531395Z src/solver/Solver.cc:1038:100: warning: format ‘%llu’ expects argument of type ‘long long unsigned int’, but argument 7 has type ‘uint64_t’ {aka ‘long unsigned int’} [-Wformat=]
2026-10-08T14:51:52.9532840Z  1038 |   printf("c nbFailedLits %d, nbI %d, fixedVarsByFL %d, totalFixedVars %d, nbTested: %d, counter %llu\n",
2026-10-08T14:51:52.9533819Z       |                                                                                                 ~~~^
2026-10-08T14:51:52.9534702Z       |                                                                                                    |
2026-10-08T14:51:52.9561282Z       |                                                                                                    long long unsigned int
2026-10-08T14:51:52.9581265Z       |                                                                                                 %lu
2026-10-08T14:51:52.9582157Z  1039 |          nbFailedLits, nbI, trail.size()-initTrail, trail.size(), nbTested, counter);
2026-10-08T14:51:52.9594435Z       |                                                                             ~~~~~~~                 
2026-10-08T14:51:52.9595178Z       |                                                                             |
2026-10-08T14:51:52.9595897Z       |                                                                             uint64_t {aka long unsigned int}
2026-10-08T14:51:52.9597219Z src/solver/Solver.cc: In member function ‘bool Minisat::Solver::simplifyOriginalClauses()’:
2026-10-08T14:51:52.9621929Z src/solver/Solver.cc:1179:40: warning: format ‘%llu’ expects argument of type ‘long long unsigned int’, but argument 2 has type ‘uint64_t’ {aka ‘long unsigned int’} [-Wformat=]
2026-10-08T14:51:52.9631772Z  1179 |     printf("c total nb of literals: %llu\n", clauses_literals);
2026-10-08T14:51:52.9632506Z       |                                     ~~~^     ~~~~~~~~~~~~~~~~
2026-10-08T14:51:52.9633113Z       |                                        |     |
2026-10-08T14:51:52.9633728Z       |                                        |     uint64_t {aka long unsigned int}
2026-10-08T14:51:52.9634518Z       |                                        long long unsigned int
2026-10-08T14:51:52.9641986Z       |                                     %lu
2026-10-08T14:51:52.9642959Z src/solver/Solver.cc:1173:25: warning: unused variable ‘nbOriginalClauses_before’ [-Wunused-variable]
2026-10-08T14:51:52.9644078Z  1173 |     int last_shorten=0, nbOriginalClauses_before = clauses.size();
2026-10-08T14:51:52.9660079Z       |                         ^~~~~~~~~~~~~~~~~~~~~~~~
2026-10-08T14:51:52.9661307Z src/solver/Solver.cc:1185:17: warning: unused variable ‘begin_simp_time’ [-Wunused-variable]
2026-10-08T14:51:52.9662123Z  1185 |     double      begin_simp_time = cpuTime();
2026-10-08T14:51:52.9662650Z       |                 ^~~~~~~~~~~~~~~
2026-10-08T14:51:52.9663453Z src/solver/Solver.cc:1250:12: warning: variable ‘avg’ set but not used [-Wunused-but-set-variable]
2026-10-08T14:51:52.9664079Z  1250 |     double avg;
2026-10-08T14:51:52.9664457Z       |            ^~~
2026-10-08T14:51:52.9665313Z src/solver/Solver.cc: In member function ‘Minisat::CRef Minisat::Solver::propagate()’:
2026-10-08T14:51:52.9666648Z src/solver/Solver.cc:2005:31: warning: comparison of integer expressions of different signedness: ‘unsigned int’ and ‘int’ [-Wsign-compare]
2026-10-08T14:51:52.9667655Z  2005 |             if (c.lastPoint() > c.size())
2026-10-08T14:51:52.9668216Z       |                 ~~~~~~~~~~~~~~^~~~~~~~~~
2026-10-08T14:51:52.9669362Z src/solver/Solver.cc:2024:31: warning: comparison of integer expressions of different signedness: ‘int’ and ‘unsigned int’ [-Wsign-compare]
2026-10-08T14:51:52.9670405Z  2024 |             for (int k = 2; k < c.lastPoint(); k++) {
2026-10-08T14:51:52.9671430Z       |                             ~~^~~~~~~~~~~~~~~
2026-10-08T14:51:52.9672709Z src/solver/Solver.cc:2076:49: warning: comparison of integer expressions of different signedness: ‘int’ and ‘uint64_t’ {aka ‘long unsigned int’} [-Wsign-compare]
2026-10-08T14:51:52.9673856Z  2076 |     if (confl == CRef_Undef && falseLits.size() >= UB)
2026-10-08T14:51:52.9674469Z       |                                ~~~~~~~~~~~~~~~~~^~~~~
2026-10-08T14:51:52.9675339Z src/solver/Solver.cc:2072:1: warning: label ‘ExitProp’ defined but not used [-Wunused-label]
2026-10-08T14:51:52.9676091Z  2072 | ExitProp:;
2026-10-08T14:51:52.9676538Z       | ^~~~~~~~
2026-10-08T14:51:52.9677505Z src/solver/Solver.cc: In member function ‘void Minisat::Solver::getAllUIP(Minisat::vec<Minisat::Lit>&, int&, int&)’:
2026-10-08T14:51:52.9678775Z src/solver/Solver.cc:2177:9: warning: variable ‘myLevel’ set but not used [-Wunused-but-set-variable]
2026-10-08T14:51:52.9679587Z  2177 |     int myLevel = decisionLevel() +1;
2026-10-08T14:51:52.9680109Z       |         ^~~~~~~
2026-10-08T14:51:52.9681243Z src/solver/Solver.cc: In member function ‘void Minisat::Solver::analyzeSoftConflict(Minisat::vec<Minisat::Lit>&, int&, int&)’:
2026-10-08T14:51:52.9682802Z src/solver/Solver.cc:2196:26: warning: comparison of integer expressions of different signedness: ‘int’ and ‘uint64_t’ {aka ‘long unsigned int’} [-Wsign-compare]
2026-10-08T14:51:52.9683857Z  2196 |     if (falseLits.size() >= UB)
2026-10-08T14:51:52.9684367Z       |         ~~~~~~~~~~~~~~~~~^~~~~
2026-10-08T14:51:52.9685597Z src/solver/Solver.cc:2206:26: warning: comparison of integer expressions of different signedness: ‘int’ and ‘uint64_t’ {aka ‘long unsigned int’} [-Wsign-compare]
2026-10-08T14:51:52.9686982Z  2206 |     if (falseLits.size() > UB) {
2026-10-08T14:51:52.9687492Z       |         ~~~~~~~~~~~~~~~~~^~~~
2026-10-08T14:51:52.9721408Z src/solver/Solver.cc: In member function ‘bool Minisat::Solver::simplifyLearnt_local()’:
2026-10-08T14:51:52.9751795Z src/solver/Solver.cc:2631:34: warning: comparison of integer expressions of different signedness: ‘unsigned int’ and ‘int’ [-Wsign-compare]
2026-10-08T14:51:52.9752614Z  2631 |                     if (nblevels < c.lbd()){
2026-10-08T14:51:52.9761266Z       |                         ~~~~~~~~~^~~~~~~~~
2026-10-08T14:51:52.9762464Z src/solver/Solver.cc:2559:7: warning: unused variable ‘learnts_local_size_before’ [-Wunused-variable]
2026-10-08T14:51:52.9763715Z  2559 |   int learnts_local_size_before = learnts_local.size();
2026-10-08T14:51:52.9764280Z       |       ^~~~~~~~~~~~~~~~~~~~~~~~~
2026-10-08T14:51:52.9765052Z src/solver/Solver.cc:2560:7: warning: unused variable ‘savedTrail’ [-Wunused-variable]
2026-10-08T14:51:52.9765808Z  2560 |   int savedTrail = trail.size();
2026-10-08T14:51:52.9766296Z       |       ^~~~~~~~~~
2026-10-08T14:51:52.9767086Z src/solver/Solver.cc: In member function ‘void Minisat::Solver::reduceDB_core()’:
2026-10-08T14:51:52.9770384Z src/solver/Solver.cc:2772:9: warning: unused variable ‘totalLocalSize’ [-Wunused-variable]
2026-10-08T14:51:52.9771324Z  2772 |     int totalLocalSize=0, removedSize=0;
2026-10-08T14:51:52.9771841Z       |         ^~~~~~~~~~~~~~
2026-10-08T14:51:52.9772741Z src/solver/Solver.cc:2772:27: warning: unused variable ‘removedSize’ [-Wunused-variable]
2026-10-08T14:51:52.9776945Z  2772 |     int totalLocalSize=0, removedSize=0;
2026-10-08T14:51:52.9777511Z       |                           ^~~~~~~~~~~
2026-10-08T14:51:52.9778432Z src/solver/Solver.cc: In member function ‘Minisat::CRef Minisat::Solver::lPropagate()’:
2026-10-08T14:51:52.9779878Z src/solver/Solver.cc:3022:20: warning: comparison of integer expressions of different signedness: ‘uint64_t’ {aka ‘long unsigned int’} and ‘int’ [-Wsign-compare]
2026-10-08T14:51:52.9781251Z  3022 |   if (UB > 1 && UB == falseLits.size() + 1 && decisionLevel() < hardenLevel) {
2026-10-08T14:51:52.9781970Z       |                 ~~~^~~~~~~~~~~~~~~~~~~~~~~
2026-10-08T14:51:52.9783314Z src/solver/Solver.cc: In member function ‘void Minisat::Solver::identifyClausesToSplit(Minisat::vec<unsigned int>&)’:
2026-10-08T14:51:52.9784913Z src/solver/Solver.cc:3170:46: warning: comparison of integer expressions of different signedness: ‘int’ and ‘uint64_t’ {aka ‘long unsigned int’} [-Wsign-compare]
2026-10-08T14:51:52.9786079Z  3170 |     for(j=i+1; j<cs.size() && 2*nbCommunLits >= UB; j++) {
2026-10-08T14:51:52.9786656Z       |                               ~~~~~~~~~~~~~~~^~~~~
2026-10-08T14:51:52.9817479Z src/solver/Solver.cc: In member function ‘Minisat::lbool Minisat::Solver::search(int&)’:
2026-10-08T14:51:52.9818989Z src/solver/Solver.cc:3821:31: warning: format ‘%llu’ expects argument of type ‘long long unsigned int’, but argument 2 has type ‘uint64_t’ {aka ‘long unsigned int’} [-Wformat=]
2026-10-08T14:51:52.9820793Z  3821 |               printf("c UB=%llu succs, confls=%llu, hconfls=%llu, core %d, tier2 %d, local %d,  %d soft cls unsat (%d at L0), %d fixed vars at L0, softCnfl %d, nbFlyRd %d, nbFixedLH %llu\n",
2026-10-08T14:51:52.9821851Z       |                            ~~~^
2026-10-08T14:51:52.9822323Z       |                               |
2026-10-08T14:51:52.9822829Z       |                               long long unsigned int
2026-10-08T14:51:52.9823334Z       |                            %lu
2026-10-08T14:51:52.9824148Z  3822 |                      UB, conflicts, conflicts-softConflicts, learnts_core.size(), learnts_tier2.size(), learnts_local.size(),
2026-10-08T14:51:52.9824977Z       |                      ~~        
2026-10-08T14:51:52.9825450Z       |                      |
2026-10-08T14:51:52.9825929Z       |                      uint64_t {aka long unsigned int}
2026-10-08T14:51:52.9827264Z src/solver/Solver.cc:3821:50: warning: format ‘%llu’ expects argument of type ‘long long unsigned int’, but argument 3 has type ‘uint64_t’ {aka ‘long unsigned int’} [-Wformat=]
2026-10-08T14:51:52.9829080Z  3821 |               printf("c UB=%llu succs, confls=%llu, hconfls=%llu, core %d, tier2 %d, local %d,  %d soft cls unsat (%d at L0), %d fixed vars at L0, softCnfl %d, nbFlyRd %d, nbFixedLH %llu\n",
2026-10-08T14:51:52.9830172Z       |                                               ~~~^
2026-10-08T14:51:52.9830813Z       |                                                  |
2026-10-08T14:51:52.9831356Z       |                                                  long long unsigned int
2026-10-08T14:51:52.9831910Z       |                                               %lu
2026-10-08T14:51:52.9832787Z  3822 |                      UB, conflicts, conflicts-softConflicts, learnts_core.size(), learnts_tier2.size(), learnts_local.size(),
2026-10-08T14:51:52.9833624Z       |                          ~~~~~~~~~                
2026-10-08T14:51:52.9834084Z       |                          |
2026-10-08T14:51:52.9834604Z       |                          uint64_t {aka long unsigned int}
2026-10-08T14:51:52.9835895Z src/solver/Solver.cc:3821:64: warning: format ‘%llu’ expects argument of type ‘long long unsigned int’, but argument 4 has type ‘uint64_t’ {aka ‘long unsigned int’} [-Wformat=]
2026-10-08T14:51:52.9837526Z  3821 |               printf("c UB=%llu succs, confls=%llu, hconfls=%llu, core %d, tier2 %d, local %d,  %d soft cls unsat (%d at L0), %d fixed vars at L0, softCnfl %d, nbFlyRd %d, nbFixedLH %llu\n",
2026-10-08T14:51:52.9838593Z       |                                                             ~~~^
2026-10-08T14:51:52.9839166Z       |                                                                |
2026-10-08T14:51:52.9839777Z       |                                                                long long unsigned int
2026-10-08T14:51:52.9840395Z       |                                                             %lu
2026-10-08T14:51:52.9841392Z  3822 |                      UB, conflicts, conflicts-softConflicts, learnts_core.size(), learnts_tier2.size(), learnts_local.size(),
2026-10-08T14:51:52.9842293Z       |                                     ~~~~~~~~~~~~~~~~~~~~~~~     
2026-10-08T14:51:52.9842668Z       |                                              |
2026-10-08T14:51:52.9843289Z       |                                              uint64_t {aka long unsigned int}
2026-10-08T14:51:52.9844455Z src/solver/Solver.cc:3821:186: warning: format ‘%llu’ expects argument of type ‘long long unsigned int’, but argument 13 has type ‘uint64_t’ {aka ‘long unsigned int’} [-Wformat=]
2026-10-08T14:51:52.9845826Z  3821 |               printf("c UB=%llu succs, confls=%llu, hconfls=%llu, core %d, tier2 %d, local %d,  %d soft cls unsat (%d at L0), %d fixed vars at L0, softCnfl %d, nbFlyRd %d, nbFixedLH %llu\n",
2026-10-08T14:51:52.9846762Z       |                                                                                                                                                                                       ~~~^
2026-10-08T14:51:52.9847271Z       |                                                                                                                                                                                          |
2026-10-08T14:51:52.9847766Z       |                                                                                                                                                                                          long long unsigned int
2026-10-08T14:51:52.9848264Z       |                                                                                                                                                                                       %lu
2026-10-08T14:51:52.9848802Z  3822 |                      UB, conflicts, conflicts-softConflicts, learnts_core.size(), learnts_tier2.size(), learnts_local.size(),
2026-10-08T14:51:52.9849340Z  3823 |                      falseLits.size(), nbFalses, nbFixeds, pureSoftConfl, nbFlyReduced, nbFixedByLH);
2026-10-08T14:51:52.9849944Z       |                                                                                         ~~~~~~~~~~~                                                                                       
2026-10-08T14:51:52.9850335Z       |                                                                                         |
2026-10-08T14:51:52.9850848Z       |                                                                                         uint64_t {aka long unsigned int}
2026-10-08T14:51:52.9851575Z src/solver/Solver.cc:3825:48: warning: format ‘%llu’ expects argument of type ‘long long unsigned int’, but argument 3 has type ‘uint64_t’ {aka ‘long unsigned int’} [-Wformat=]
2026-10-08T14:51:52.9852369Z  3825 |               printf("c nbHardens %d (fixed %llu), shorten: %llu, prunedLB %4.2f, dev %4.2f, succRate %4.2f, nbSucc %llu, lk: %llu, shorten: %llu, quasiC: %llu (fixed: %llu)\n\n",
2026-10-08T14:51:52.9852867Z       |                                             ~~~^
2026-10-08T14:51:52.9853105Z       |                                                |
2026-10-08T14:51:52.9853346Z       |                                                long long unsigned int
2026-10-08T14:51:52.9853603Z       |                                             %lu
2026-10-08T14:51:52.9854221Z  3826 |                      nbHardens, fixedByHardens, nbSavedLits, meanLB, dev, succRate, nbLKsuccess-savednbLKsuccess, LOOKAHEAD-savedLOOKAHEAD, nbSavedLits, quasiSoftConflicts, fixedByQuasiConfl);
2026-10-08T14:51:52.9854839Z       |                                 ~~~~~~~~~~~~~~  
2026-10-08T14:51:52.9855061Z       |                                 |
2026-10-08T14:51:52.9855297Z       |                                 uint64_t {aka long unsigned int}
2026-10-08T14:51:52.9855959Z src/solver/Solver.cc:3825:64: warning: format ‘%llu’ expects argument of type ‘long long unsigned int’, but argument 4 has type ‘uint64_t’ {aka ‘long unsigned int’} [-Wformat=]
2026-10-08T14:51:52.9856754Z  3825 |               printf("c nbHardens %d (fixed %llu), shorten: %llu, prunedLB %4.2f, dev %4.2f, succRate %4.2f, nbSucc %llu, lk: %llu, shorten: %llu, quasiC: %llu (fixed: %llu)\n\n",
2026-10-08T14:51:52.9857258Z       |                                                             ~~~^
2026-10-08T14:51:52.9857631Z       |                                                                |
2026-10-08T14:51:52.9857910Z       |                                                                long long unsigned int
2026-10-08T14:51:52.9858192Z       |                                                             %lu
2026-10-08T14:51:52.9858808Z  3826 |                      nbHardens, fixedByHardens, nbSavedLits, meanLB, dev, succRate, nbLKsuccess-savednbLKsuccess, LOOKAHEAD-savedLOOKAHEAD, nbSavedLits, quasiSoftConflicts, fixedByQuasiConfl);
2026-10-08T14:51:52.9859400Z       |                                                 ~~~~~~~~~~~     
2026-10-08T14:51:52.9859639Z       |                                                 |
2026-10-08T14:51:52.9859900Z       |                                                 uint64_t {aka long unsigned int}
2026-10-08T14:51:52.9860573Z src/solver/Solver.cc:3825:120: warning: format ‘%llu’ expects argument of type ‘long long unsigned int’, but argument 8 has type ‘uint64_t’ {aka ‘long unsigned int’} [-Wformat=]
2026-10-08T14:51:52.9862039Z  3825 |               printf("c nbHardens %d (fixed %llu), shorten: %llu, prunedLB %4.2f, dev %4.2f, succRate %4.2f, nbSucc %llu, lk: %llu, shorten: %llu, quasiC: %llu (fixed: %llu)\n\n",
2026-10-08T14:51:52.9862959Z       |                                                                                                                     ~~~^
2026-10-08T14:51:52.9863541Z       |                                                                                                                        |
2026-10-08T14:51:52.9864162Z       |                                                                                                                        long long unsigned int
2026-10-08T14:51:52.9865009Z       |                                                                                                                     %lu
2026-10-08T14:51:52.9866158Z  3826 |                      nbHardens, fixedByHardens, nbSavedLits, meanLB, dev, succRate, nbLKsuccess-savednbLKsuccess, LOOKAHEAD-savedLOOKAHEAD, nbSavedLits, quasiSoftConflicts, fixedByQuasiConfl);
2026-10-08T14:51:52.9867294Z       |                                                                                     ~~~~~~~~~~~~~~~~~~~~~~~~~~~~        
2026-10-08T14:51:52.9867847Z       |                                                                                                |
2026-10-08T14:51:52.9868403Z       |                                                                                                uint64_t {aka long unsigned int}
2026-10-08T14:51:52.9869659Z src/solver/Solver.cc:3825:130: warning: format ‘%llu’ expects argument of type ‘long long unsigned int’, but argument 9 has type ‘uint64_t’ {aka ‘long unsigned int’} [-Wformat=]
2026-10-08T14:51:52.9871715Z  3825 |               printf("c nbHardens %d (fixed %llu), shorten: %llu, prunedLB %4.2f, dev %4.2f, succRate %4.2f, nbSucc %llu, lk: %llu, shorten: %llu, quasiC: %llu (fixed: %llu)\n\n",
2026-10-08T14:51:52.9872915Z       |                                                                                                                               ~~~^
2026-10-08T14:51:52.9873790Z       |                                                                                                                                  |
2026-10-08T14:51:52.9874713Z       |                                                                                                                                  long long unsigned int
2026-10-08T14:51:52.9875468Z       |                                                                                                                               %lu
2026-10-08T14:51:52.9876852Z  3826 |                      nbHardens, fixedByHardens, nbSavedLits, meanLB, dev, succRate, nbLKsuccess-savednbLKsuccess, LOOKAHEAD-savedLOOKAHEAD, nbSavedLits, quasiSoftConflicts, fixedByQuasiConfl);
2026-10-08T14:51:52.9878360Z       |                                                                                                                   ~~~~~~~~~~~~~~~~~~~~~~~~
2026-10-08T14:51:52.9879214Z       |                                                                                                                            |
2026-10-08T14:51:52.9880092Z       |                                                                                                                            uint64_t {aka long unsigned int}
2026-10-08T14:51:52.9881724Z src/solver/Solver.cc:3825:145: warning: format ‘%llu’ expects argument of type ‘long long unsigned int’, but argument 10 has type ‘uint64_t’ {aka ‘long unsigned int’} [-Wformat=]
2026-10-08T14:51:52.9883379Z  3825 |               printf("c nbHardens %d (fixed %llu), shorten: %llu, prunedLB %4.2f, dev %4.2f, succRate %4.2f, nbSucc %llu, lk: %llu, shorten: %llu, quasiC: %llu (fixed: %llu)\n\n",
2026-10-08T14:51:52.9884525Z       |                                                                                                                                              ~~~^
2026-10-08T14:51:52.9904295Z       |                                                                                                                                                 |
2026-10-08T14:51:52.9905097Z       |                                                                                                                                                 long long unsigned int
2026-10-08T14:51:52.9905830Z       |                                                                                                                                              %lu
2026-10-08T14:51:52.9907019Z  3826 |                      nbHardens, fixedByHardens, nbSavedLits, meanLB, dev, succRate, nbLKsuccess-savednbLKsuccess, LOOKAHEAD-savedLOOKAHEAD, nbSavedLits, quasiSoftConflicts, fixedByQuasiConfl);
2026-10-08T14:51:52.9908405Z       |                                                                                                                                             ~~~~~~~~~~~
2026-10-08T14:51:52.9909086Z       |                                                                                                                                             |
2026-10-08T14:51:52.9909799Z       |                                                                                                                                             uint64_t {aka long unsigned int}
2026-10-08T14:51:52.9911346Z src/solver/Solver.cc:3825:159: warning: format ‘%llu’ expects argument of type ‘long long unsigned int’, but argument 11 has type ‘uint64_t’ {aka ‘long unsigned int’} [-Wformat=]
2026-10-08T14:51:52.9912787Z  3825 |               printf("c nbHardens %d (fixed %llu), shorten: %llu, prunedLB %4.2f, dev %4.2f, succRate %4.2f, nbSucc %llu, lk: %llu, shorten: %llu, quasiC: %llu (fixed: %llu)\n\n",
2026-10-08T14:51:52.9913830Z       |                                                                                                                                                            ~~~^
2026-10-08T14:51:52.9914545Z       |                                                                                                                                                               |
2026-10-08T14:51:52.9915289Z       |                                                                                                                                                               long long unsigned int
2026-10-08T14:51:52.9916028Z       |                                                                                                                                                            %lu
2026-10-08T14:51:52.9917246Z  3826 |                      nbHardens, fixedByHardens, nbSavedLits, meanLB, dev, succRate, nbLKsuccess-savednbLKsuccess, LOOKAHEAD-savedLOOKAHEAD, nbSavedLits, quasiSoftConflicts, fixedByQuasiConfl);
2026-10-08T14:51:52.9918495Z       |                                                                                                                                                          ~~~~~~~~~~~~~~~~~~
2026-10-08T14:51:52.9919397Z       |                                                                                                                                                          |
2026-10-08T14:51:52.9920165Z       |                                                                                                                                                          uint64_t {aka long unsigned int}
2026-10-08T14:51:52.9921914Z src/solver/Solver.cc:3825:172: warning: format ‘%llu’ expects argument of type ‘long long unsigned int’, but argument 12 has type ‘uint64_t’ {aka ‘long unsigned int’} [-Wformat=]
2026-10-08T14:51:52.9923324Z  3825 |               printf("c nbHardens %d (fixed %llu), shorten: %llu, prunedLB %4.2f, dev %4.2f, succRate %4.2f, nbSucc %llu, lk: %llu, shorten: %llu, quasiC: %llu (fixed: %llu)\n\n",
2026-10-08T14:51:52.9924372Z       |                                                                                                                                                                         ~~~^
2026-10-08T14:51:52.9925134Z       |                                                                                                                                                                            |
2026-10-08T14:51:52.9925931Z       |                                                                                                                                                                            long long unsigned int
2026-10-08T14:51:52.9926740Z       |                                                                                                                                                                         %lu
2026-10-08T14:51:52.9927982Z  3826 |                      nbHardens, fixedByHardens, nbSavedLits, meanLB, dev, succRate, nbLKsuccess-savednbLKsuccess, LOOKAHEAD-savedLOOKAHEAD, nbSavedLits, quasiSoftConflicts, fixedByQuasiConfl);
2026-10-08T14:51:52.9929464Z       |                                                                                                                                                                              ~~~~~~~~~~~~~~~~~
2026-10-08T14:51:52.9930245Z       |                                                                                                                                                                              |
2026-10-08T14:51:52.9931300Z       |                                                                                                                                                                              uint64_t {aka long unsigned int}
2026-10-08T14:51:52.9932398Z src/solver/Solver.cc: In member function ‘Minisat::CRef Minisat::Solver::propagateForLK()’:
2026-10-08T14:51:52.9933540Z src/solver/Solver.cc:3984:27: warning: comparison of integer expressions of different signedness: ‘unsigned int’ and ‘int’ [-Wsign-compare]
2026-10-08T14:51:52.9934352Z  3984 |         if (c.lastPoint() > c.size())
2026-10-08T14:51:52.9934715Z       |             ~~~~~~~~~~~~~~^~~~~~~~~~
2026-10-08T14:51:52.9935631Z src/solver/Solver.cc:4003:27: warning: comparison of integer expressions of different signedness: ‘int’ and ‘unsigned int’ [-Wsign-compare]
2026-10-08T14:51:52.9936438Z  4003 |         for (int k = 2; k < c.lastPoint(); k++) {
2026-10-08T14:51:52.9936824Z       |                         ~~^~~~~~~~~~~~~~~
2026-10-08T14:51:52.9952923Z src/solver/Solver.cc: In member function ‘void Minisat::Solver::analyzeQuasiSoftConflict(Minisat::vec<Minisat::Lit>&, int&, int&)’:
2026-10-08T14:51:52.9981284Z src/solver/Solver.cc:4502:26: warning: comparison of integer expressions of different signedness: ‘int’ and ‘uint64_t’ {aka ‘long unsigned int’} [-Wsign-compare]
2026-10-08T14:51:52.9991523Z  4502 |     if (falseLits.size() > UB) {
2026-10-08T14:51:52.9992053Z       |         ~~~~~~~~~~~~~~~~~^~~~
2026-10-08T14:51:52.9992997Z src/solver/Solver.cc: In member function ‘bool Minisat::Solver::lookahead()’:
2026-10-08T14:51:52.9994447Z src/solver/Solver.cc:4843:17: warning: comparison of integer expressions of different signedness: ‘uint64_t’ {aka ‘long unsigned int’} and ‘int’ [-Wsign-compare]
2026-10-08T14:51:52.9995819Z  4843 |   if (conflicts > prevConflicts) {
2026-10-08T14:51:52.9996395Z       |       ~~~~~~~~~~^~~~~~~~~~~~~~~
2026-10-08T14:51:52.9998863Z src/solver/Solver.cc: In member function ‘void Minisat::Solver::addHardClausesForSoftClauses()’:
2026-10-08T14:51:53.0000213Z src/solver/Solver.cc:5088:70: warning: format ‘%llu’ expects argument of type ‘long long unsigned int’, but argument 5 has type ‘uint64_t’ {aka ‘long unsigned int’} [-Wformat=]
2026-10-08T14:51:53.0001457Z  5088 |   printf("c nb soft clauses: %d, of which %d unit, %d nonUnit and %llu empty\n",
2026-10-08T14:51:53.0002013Z       |                                                                   ~~~^
2026-10-08T14:51:53.0002466Z       |                                                                      |
2026-10-08T14:51:53.0002937Z       |                                                                      long long unsigned int
2026-10-08T14:51:53.0003443Z       |                                                                   %lu
2026-10-08T14:51:53.0003979Z  5089 |          softClauses.size(), nbUnitSoft, nbNonUnitSoft, solutionCost);
2026-10-08T14:51:53.0004488Z       |                                                         ~~~~~~~~~~~~  
2026-10-08T14:51:53.0004895Z       |                                                         |
2026-10-08T14:51:53.0005337Z       |                                                         uint64_t {aka long unsigned int}
2026-10-08T14:51:53.0016557Z src/solver/Solver.cc: In member function ‘void Minisat::Solver::printBestSolution() const’:
2026-10-08T14:51:53.0017971Z src/solver/Solver.cc:5239:49: warning: format ‘%llu’ expects argument of type ‘long long unsigned int’, but argument 2 has type ‘long unsigned int’ [-Wformat=]
2026-10-08T14:51:53.0019651Z  5239 |     printf("c   unsat soft clauses (search): %llu\n", bestSup);
2026-10-08T14:51:53.0020350Z       |                                              ~~~^     ~~~~~~~
2026-10-08T14:51:53.0021116Z       |                                                 |     |
2026-10-08T14:51:53.0021759Z       |                                                 |     long unsigned int
2026-10-08T14:51:53.0022392Z       |                                                 long long unsigned int
2026-10-08T14:51:53.0022991Z       |                                              %lu
2026-10-08T14:51:53.0024428Z src/solver/Solver.cc:5240:53: warning: format ‘%llu’ expects argument of type ‘long long unsigned int’, but argument 2 has type ‘uint64_t’ {aka ‘long unsigned int’} [-Wformat=]
2026-10-08T14:51:53.0025688Z  5240 |     printf("c   satisfied soft clauses (maxsat): %llu\n", maxsat);
2026-10-08T14:51:53.0026368Z       |                                                  ~~~^     ~~~~~~
2026-10-08T14:51:53.0027021Z       |                                                     |     |
2026-10-08T14:51:53.0027681Z       |                                                     |     uint64_t {aka long unsigned int}
2026-10-08T14:51:53.0028385Z       |                                                     long long unsigned int
2026-10-08T14:51:53.0028972Z       |                                                  %lu
2026-10-08T14:51:53.0030295Z src/solver/Solver.cc:5241:39: warning: format ‘%llu’ expects argument of type ‘long long unsigned int’, but argument 2 has type ‘uint64_t’ {aka ‘long unsigned int’} [-Wformat=]
2026-10-08T14:51:53.0031733Z  5241 |     printf("c   total weight cost: %llu\n", optimal);
2026-10-08T14:51:53.0032371Z       |                                    ~~~^     ~~~~~~~
2026-10-08T14:51:53.0032929Z       |                                       |     |
2026-10-08T14:51:53.0033531Z       |                                       |     uint64_t {aka long unsigned int}
2026-10-08T14:51:53.0034177Z       |                                       long long unsigned int
2026-10-08T14:51:53.0034751Z       |                                    %lu
2026-10-08T14:51:53.0035660Z src/solver/Solver.cc: In member function ‘void Minisat::Solver::checkSolution()’:
2026-10-08T14:51:53.0037326Z src/solver/Solver.cc:5257:15: warning: comparison of integer expressions of different signedness: ‘int’ and ‘uint64_t’ {aka ‘long unsigned int’} [-Wsign-compare]
2026-10-08T14:51:53.0038569Z  5257 |   if (nbFalse != falseLits.size()+fixedCostBySearch + relaxedCost)
2026-10-08T14:51:53.0039292Z       |       ~~~~~~~~^~~~~~~~~~~~~~~~~~~~~~~~~~~~~~~~~~~~~~~~~~~~~~~~~~~
2026-10-08T14:51:53.0040780Z src/solver/Solver.cc:5258:92: warning: format ‘%llu’ expects argument of type ‘long long unsigned int’, but argument 3 has type ‘uint64_t’ {aka ‘long unsigned int’} [-Wformat=]
2026-10-08T14:51:53.0042163Z  5258 |     printf("c **** error nb of false soft clauses real nbfalse: %d, recorded falseLits: %llu****\n",
2026-10-08T14:51:53.0043049Z       |                                                                                         ~~~^
2026-10-08T14:51:53.0043727Z       |                                                                                            |
2026-10-08T14:51:53.0044454Z       |                                                                                            long long unsigned int
2026-10-08T14:51:53.0045182Z       |                                                                                         %lu
2026-10-08T14:51:53.0045911Z  5259 |            nbFalse, falseLits.size()+fixedCostBySearch+relaxedCost);
2026-10-08T14:51:53.0046652Z       |                     ~~~~~~~~~~~~~~~~~~~~~~~~~~~~~~~~~~~~~~~~~~~~~~                          
2026-10-08T14:51:53.0047358Z       |                                                       |
2026-10-08T14:51:53.0047993Z       |                                                       uint64_t {aka long unsigned int}
2026-10-08T14:51:53.0049229Z src/solver/Solver.cc: In member function ‘void Minisat::Solver::partition()’:
2026-10-08T14:51:53.0050542Z src/solver/Solver.cc:5379:31: warning: comparison of integer expressions of different signedness: ‘unsigned int’ and ‘int’ [-Wsign-compare]
2026-10-08T14:51:53.0051761Z  5379 |         if (conflicted[var(q)]==iset.size()) {
2026-10-08T14:51:53.0052950Z src/solver/Solver.cc:5389:32: warning: comparison of integer expressions of different signedness: ‘unsigned int’ and ‘int’ [-Wsign-compare]
2026-10-08T14:51:53.0053968Z  5389 |         if (conflicted[var(q)] < iset.size())
2026-10-08T14:51:53.0055097Z src/solver/Solver.cc:5448:50: warning: comparison of integer expressions of different signedness: ‘unsigned int’ and ‘int’ [-Wsign-compare]
2026-10-08T14:51:53.0056125Z  5448 |         if (q != lit_Undef && conflicted[var(q)] == iset.size()) {
2026-10-08T14:51:53.0056765Z In file included from src/solver/mtl/Sort.h:24,
2026-10-08T14:51:53.0057319Z                  from src/solver/SimpSolver.cc:33:
2026-10-08T14:51:53.0058374Z src/solver/mtl/Vec.h: In instantiation of ‘void Minisat::vec<T>::capacity(int) [with T = Minisat::vec<unsigned int>]’:
2026-10-08T14:51:53.0059629Z src/solver/mtl/Vec.h:115:13:   required from ‘void Minisat::vec<T>::growTo(int) [with T = Minisat::vec<unsigned int>]’
2026-10-08T14:51:53.0061539Z src/solver/SolverTypes.h:339:50:   required from ‘void Minisat::OccLists<Idx, Vec, Deleted>::init(const Idx&) [with Idx = int; Vec = Minisat::vec<unsigned int>; Deleted = Minisat::SimpSolver::ClauseDeleted]’
2026-10-08T14:51:53.0062807Z src/solver/SimpSolver.cc:98:24:   required from here
2026-10-08T14:51:53.0064373Z src/solver/mtl/Vec.h:99:54: warning: ‘void* realloc(void*, size_t)’ moving an object of non-trivially copyable type ‘class Minisat::vec<unsigned int>’; use ‘new’ and ‘delete’ instead [-Wclass-memaccess]
2026-10-08T14:51:53.0065893Z    99 |     if (add > INT_MAX - cap || ((data = (T*)::realloc(data, (cap += add) * sizeof(T))) == NULL) && errno == ENOMEM)
2026-10-08T14:51:53.0066785Z       |                                             ~~~~~~~~~^~~~~~~~~~~~~~~~~~~~~~~~~~~~~~~~
2026-10-08T14:51:53.0067728Z src/solver/mtl/Vec.h:38:7: note: ‘class Minisat::vec<unsigned int>’ declared here
2026-10-08T14:51:53.0068426Z    38 | class vec {
2026-10-08T14:51:53.0069071Z       |       ^~~
2026-10-08T14:51:53.0070277Z src/solver/Solver.cc:5513:38: warning: format ‘%llu’ expects argument of type ‘long long unsigned int’, but argument 3 has type ‘uint64_t’ {aka ‘long unsigned int’} [-Wformat=]
2026-10-08T14:51:53.0071931Z  5513 |   printf("c isets %d, derivedCost %llu\n", nbIsets, derivedCost);
2026-10-08T14:51:53.0072612Z       |                                   ~~~^              ~~~~~~~~~~~
2026-10-08T14:51:53.0073195Z       |                                      |              |
2026-10-08T14:51:53.0073841Z       |                                      |              uint64_t {aka long unsigned int}
2026-10-08T14:51:53.0074502Z       |                                      long long unsigned int
2026-10-08T14:51:53.0075087Z       |                                   %lu
2026-10-08T14:51:53.0079182Z src/solver/Solver.cc: In member function ‘Minisat::CRef Minisat::Solver::simplepropagateForLK()’:
2026-10-08T14:51:53.0080418Z src/solver/Solver.cc:5660:27: warning: comparison of integer expressions of different signedness: ‘unsigned int’ and ‘int’ [-Wsign-compare]
2026-10-08T14:51:53.0091581Z  5660 |         if (c.lastPoint() > c.size())
2026-10-08T14:51:53.0092158Z       |             ~~~~~~~~~~~~~~^~~~~~~~~~
2026-10-08T14:51:53.0093378Z src/solver/Solver.cc:5674:27: warning: comparison of integer expressions of different signedness: ‘int’ and ‘unsigned int’ [-Wsign-compare]
2026-10-08T14:51:53.0094498Z  5674 |         for (int k = 2; k < c.lastPoint(); k++) {
2026-10-08T14:51:53.0095066Z       |                         ~~^~~~~~~~~~~~~~~
2026-10-08T14:51:53.0131075Z src/solver/Solver.cc: In member function ‘void Minisat::Solver::addCardinalityConstraints()’:
2026-10-08T14:51:53.0132948Z src/solver/Solver.cc:6204:64: warning: format ‘%llu’ expects argument of type ‘long long unsigned int’, but argument 2 has type ‘uint64_t’ {aka ‘long unsigned int’} [-Wformat=]
2026-10-08T14:51:53.0134301Z  6204 |       printf("\nc Cardinality: off (soft-conflict only), UB %llu\n", UB);
2026-10-08T14:51:53.0135086Z       |                                                             ~~~^     ~~
2026-10-08T14:51:53.0135702Z       |                                                                |     |
2026-10-08T14:51:53.0136357Z       |                                                                |     uint64_t {aka long unsigned int}
2026-10-08T14:51:53.0137058Z       |                                                                long long unsigned int
2026-10-08T14:51:53.0137672Z       |                                                             %lu
2026-10-08T14:51:53.0138971Z src/solver/Solver.cc:6234:82: warning: comparison of integer expressions of different signedness: ‘int’ and ‘uint64_t’ {aka ‘long unsigned int’} [-Wsign-compare]
2026-10-08T14:51:53.0140304Z  6234 |   if (activeSoftLits.size() < 2 || UB - 1 - nbFalse < 1 || activeSoftLits.size() <= UB - 1 - nbFalse
2026-10-08T14:51:53.0141368Z       |                                                            ~~~~~~~~~~~~~~~~~~~~~~^~~~~~~~~~~~~~~~~~~
2026-10-08T14:51:53.0142766Z src/solver/Solver.cc:6253:46: warning: format ‘%llu’ expects argument of type ‘long long unsigned int’, but argument 4 has type ‘uint64_t’ {aka ‘long unsigned int’} [-Wformat=]
2026-10-08T14:51:53.0144042Z  6253 |   printf("\nc Cardinality: %d (%s) for UB %llu\n", cardinalityC.size(), enc, UB);
2026-10-08T14:51:53.0144809Z       |                                           ~~~^                               ~~
2026-10-08T14:51:53.0145454Z       |                                              |                               |
2026-10-08T14:51:53.0146189Z       |                                              long long unsigned int          uint64_t {aka long unsigned int}
2026-10-08T14:51:53.0146911Z       |                                           %lu
2026-10-08T14:51:53.0168340Z src/solver/Solver.cc: In member function ‘Minisat::lbool Minisat::Solver::solve_()’:
2026-10-08T14:51:53.0170127Z src/solver/Solver.cc:6602:79: warning: format ‘%llu’ expects argument of type ‘long long unsigned int’, but argument 5 has type ‘uint64_t’ {aka ‘long unsigned int’} [-Wformat=]
2026-10-08T14:51:53.0171550Z  6602 |     printf("c fixedCost %d, nbSatLits %d, totalFixedVars %d, objForSearch: %llu\n\n",
2026-10-08T14:51:53.0172328Z       |                                                                            ~~~^
2026-10-08T14:51:53.0172968Z       |                                                                               |
2026-10-08T14:51:53.0173614Z       |                                                                               long long unsigned int
2026-10-08T14:51:53.0174243Z       |                                                                            %lu
2026-10-08T14:51:53.0174904Z  6603 |                 fixedCost, nbSatLits, trail.size(), objForSearch);
2026-10-08T14:51:53.0175518Z       |                                                     ~~~~~~~~~~~~               
2026-10-08T14:51:53.0176076Z       |                                                     |
2026-10-08T14:51:53.0176648Z       |                                                     uint64_t {aka long unsigned int}
2026-10-08T14:51:53.0178010Z src/solver/Solver.cc:6631:35: warning: format ‘%llu’ expects argument of type ‘long long unsigned int’, but argument 2 has type ‘uint64_t’ {aka ‘long unsigned int’} [-Wformat=]
2026-10-08T14:51:53.0179159Z  6631 |         printf("c provided UB: %llu\n", providedUB);
2026-10-08T14:51:53.0179746Z       |                                ~~~^     ~~~~~~~~~~
2026-10-08T14:51:53.0180259Z       |                                   |     |
2026-10-08T14:51:53.0180957Z       |                                   |     uint64_t {aka long unsigned int}
2026-10-08T14:51:53.0181793Z       |                                   long long unsigned int
2026-10-08T14:51:53.0182349Z       |                                %lu
2026-10-08T14:51:53.0184108Z src/solver/Solver.cc:6634:54: warning: format ‘%llu’ expects argument of type ‘long long unsigned int’, but argument 2 has type ‘uint64_t’ {aka ‘long unsigned int’} [-Wformat=]
2026-10-08T14:51:53.0186504Z  6634 |         printf("c provided UB is invalide: initUB %llu, solCost %llu, costbySearch %llu, derivedCost %llu, relaxedCost: %llu\n", initUB, solutionCost, fixedCostBySearch, derivedCost, relaxedCost);
2026-10-08T14:51:53.0188298Z       |                                                   ~~~^                                                                           ~~~~~~
2026-10-08T14:51:53.0189341Z       |                                                      |                                                                           |
2026-10-08T14:51:53.0190355Z       |                                                      long long unsigned int                                                      uint64_t {aka long unsigned int}
2026-10-08T14:51:53.0191269Z       |                                                   %lu
2026-10-08T14:51:53.0192585Z src/solver/Solver.cc:6634:68: warning: format ‘%llu’ expects argument of type ‘long long unsigned int’, but argument 3 has type ‘uint64_t’ {aka ‘long unsigned int’} [-Wformat=]
2026-10-08T14:51:53.0194328Z  6634 |         printf("c provided UB is invalide: initUB %llu, solCost %llu, costbySearch %llu, derivedCost %llu, relaxedCost: %llu\n", initUB, solutionCost, fixedCostBySearch, derivedCost, relaxedCost);
2026-10-08T14:51:53.0195628Z       |                                                                 ~~~^                                                                     ~~~~~~~~~~~~
2026-10-08T14:51:53.0196453Z       |                                                                    |                                                                     |
2026-10-08T14:51:53.0197421Z       |                                                                    long long unsigned int                                                uint64_t {aka long unsigned int}
2026-10-08T14:51:53.0198231Z       |                                                                 %lu
2026-10-08T14:51:53.0199688Z src/solver/Solver.cc:6634:87: warning: format ‘%llu’ expects argument of type ‘long long unsigned int’, but argument 4 has type ‘uint64_t’ {aka ‘long unsigned int’} [-Wformat=]
2026-10-08T14:51:53.0201512Z  6634 |         printf("c provided UB is invalide: initUB %llu, solCost %llu, costbySearch %llu, derivedCost %llu, relaxedCost: %llu\n", initUB, solutionCost, fixedCostBySearch, derivedCost, relaxedCost);
2026-10-08T14:51:53.0202873Z       |                                                                                    ~~~^                                                                ~~~~~~~~~~~~~~~~~
2026-10-08T14:51:53.0203750Z       |                                                                                       |                                                                |
2026-10-08T14:51:53.0204717Z       |                                                                                       long long unsigned int                                           uint64_t {aka long unsigned int}
2026-10-08T14:51:53.0205585Z       |                                                                                    %lu
2026-10-08T14:51:53.0206929Z src/solver/Solver.cc:6634:105: warning: format ‘%llu’ expects argument of type ‘long long unsigned int’, but argument 5 has type ‘uint64_t’ {aka ‘long unsigned int’} [-Wformat=]
2026-10-08T14:51:53.0208624Z  6634 |         printf("c provided UB is invalide: initUB %llu, solCost %llu, costbySearch %llu, derivedCost %llu, relaxedCost: %llu\n", initUB, solutionCost, fixedCostBySearch, derivedCost, relaxedCost);
2026-10-08T14:51:53.0209987Z       |                                                                                                      ~~~^                                                                 ~~~~~~~~~~~
2026-10-08T14:51:53.0211361Z       |                                                                                                         |                                                                 |
2026-10-08T14:51:53.0212408Z       |                                                                                                         long long unsigned int                                            uint64_t {aka long unsigned int}
2026-10-08T14:51:53.0213319Z       |                                                                                                      %lu
2026-10-08T14:51:53.0214685Z src/solver/Solver.cc:6634:124: warning: format ‘%llu’ expects argument of type ‘long long unsigned int’, but argument 6 has type ‘uint64_t’ {aka ‘long unsigned int’} [-Wformat=]
2026-10-08T14:51:53.0216403Z  6634 |         printf("c provided UB is invalide: initUB %llu, solCost %llu, costbySearch %llu, derivedCost %llu, relaxedCost: %llu\n", initUB, solutionCost, fixedCostBySearch, derivedCost, relaxedCost);
2026-10-08T14:51:53.0217797Z       |                                                                                                                         ~~~^                                                           ~~~~~~~~~~~
2026-10-08T14:51:53.0218761Z       |                                                                                                                            |                                                           |
2026-10-08T14:51:53.0219817Z       |                                                                                                                            long long unsigned int                                      uint64_t {aka long unsigned int}
2026-10-08T14:51:53.0220983Z       |                                                                                                                         %lu
2026-10-08T14:51:53.0223018Z src/solver/Solver.cc:6656:58: warning: format ‘%llu’ expects argument of type ‘long long unsigned int’, but argument 2 has type ‘uint64_t’ {aka ‘long unsigned int’} [-Wformat=]
2026-10-08T14:51:53.0224283Z  6656 |       printf("c ends of initiationization by VSIDS at %llu conflicts with init %d\n\n",
2026-10-08T14:51:53.0225184Z       |                                                       ~~~^
2026-10-08T14:51:53.0225715Z       |                                                          |
2026-10-08T14:51:53.0226260Z       |                                                          long long unsigned int
2026-10-08T14:51:53.0226825Z       |                                                       %lu
2026-10-08T14:51:53.0227375Z  6657 |              conflicts, init);
2026-10-08T14:51:53.0227857Z       |              ~~~~~~~~~                                    
2026-10-08T14:51:53.0228341Z       |              |
2026-10-08T14:51:53.0228763Z       |              uint64_t {aka long unsigned int}
2026-10-08T14:51:53.0229995Z src/solver/Solver.cc:6686:50: warning: format ‘%llu’ expects argument of type ‘long long unsigned int’, but argument 3 has type ‘uint64_t’ {aka ‘long unsigned int’} [-Wformat=]
2026-10-08T14:51:53.0231465Z  6686 |           printf("c VSIDS phase %d: conflicts %llu, phase %llu, starts %llu, UP %llu\n",
2026-10-08T14:51:53.0232204Z       |                                               ~~~^
2026-10-08T14:51:53.0232729Z       |                                                  |
2026-10-08T14:51:53.0233270Z       |                                                  long long unsigned int
2026-10-08T14:51:53.0233852Z       |                                               %lu
2026-10-08T14:51:53.0234474Z  6687 |                  nbVSIDSphase, conflicts-savedConfl, phase_allotment,
2026-10-08T14:51:53.0235103Z       |                                ~~~~~~~~~~~~~~~~~~~~
2026-10-08T14:51:53.0235652Z       |                                         |
2026-10-08T14:51:53.0236203Z       |                                         uint64_t {aka long unsigned int}
2026-10-08T14:51:53.0237874Z src/solver/Solver.cc:6686:62: warning: format ‘%llu’ expects argument of type ‘long long unsigned int’, but argument 4 has type ‘uint64_t’ {aka ‘long unsigned int’} [-Wformat=]
2026-10-08T14:51:53.0239174Z  6686 |           printf("c VSIDS phase %d: conflicts %llu, phase %llu, starts %llu, UP %llu\n",
2026-10-08T14:51:53.0239907Z       |                                                           ~~~^
2026-10-08T14:51:53.0240469Z       |                                                              |
2026-10-08T14:51:53.0241216Z       |                                                              long long unsigned int
2026-10-08T14:51:53.0241840Z       |                                                           %lu
2026-10-08T14:51:53.0242489Z  6687 |                  nbVSIDSphase, conflicts-savedConfl, phase_allotment,
2026-10-08T14:51:53.0243143Z       |                                                      ~~~~~~~~~~~~~~~
2026-10-08T14:51:53.0243703Z       |                                                      |
2026-10-08T14:51:53.0244311Z       |                                                      uint64_t {aka long unsigned int}
2026-10-08T14:51:53.0245763Z src/solver/Solver.cc:6686:75: warning: format ‘%llu’ expects argument of type ‘long long unsigned int’, but argument 5 has type ‘uint64_t’ {aka ‘long unsigned int’} [-Wformat=]
2026-10-08T14:51:53.0247032Z  6686 |           printf("c VSIDS phase %d: conflicts %llu, phase %llu, starts %llu, UP %llu\n",
2026-10-08T14:51:53.0247749Z       |                                                                        ~~~^
2026-10-08T14:51:53.0248336Z       |                                                                           |
2026-10-08T14:51:53.0248966Z       |                                                                           long long unsigned int
2026-10-08T14:51:53.0249605Z       |                                                                        %lu
2026-10-08T14:51:53.0250271Z  6687 |                  nbVSIDSphase, conflicts-savedConfl, phase_allotment,
2026-10-08T14:51:53.0251147Z  6688 |                  starts-savedRestarts, propagations-savedUP);
2026-10-08T14:51:53.0251793Z       |                  ~~~~~~~~~~~~~~~~~~~~                                      
2026-10-08T14:51:53.0252352Z       |                        |
2026-10-08T14:51:53.0253055Z       |                        uint64_t {aka long unsigned int}
2026-10-08T14:51:53.0254404Z src/solver/Solver.cc:6686:84: warning: format ‘%llu’ expects argument of type ‘long long unsigned int’, but argument 6 has type ‘uint64_t’ {aka ‘long unsigned int’} [-Wformat=]
2026-10-08T14:51:53.0255710Z  6686 |           printf("c VSIDS phase %d: conflicts %llu, phase %llu, starts %llu, UP %llu\n",
2026-10-08T14:51:53.0256461Z       |                                                                                 ~~~^
2026-10-08T14:51:53.0257069Z       |                                                                                    |
2026-10-08T14:51:53.0257720Z       |                                                                                    long long unsigned int
2026-10-08T14:51:53.0258380Z       |                                                                                 %lu
2026-10-08T14:51:53.0259036Z  6687 |                  nbVSIDSphase, conflicts-savedConfl, phase_allotment,
2026-10-08T14:51:53.0259745Z  6688 |                  starts-savedRestarts, propagations-savedUP);
2026-10-08T14:51:53.0260396Z       |                                        ~~~~~~~~~~~~~~~~~~~~                         
2026-10-08T14:51:53.0261160Z       |                                                    |
2026-10-08T14:51:53.0261741Z       |                                                    uint64_t {aka long unsigned int}
2026-10-08T14:51:53.0263093Z src/solver/Solver.cc:6692:48: warning: format ‘%llu’ expects argument of type ‘long long unsigned int’, but argument 3 has type ‘uint64_t’ {aka ‘long unsigned int’} [-Wformat=]
2026-10-08T14:51:53.0264392Z  6692 |           printf("c LRB phase %d: conflicts %llu, phase %llu, starts %llu, UP %llu\n",
2026-10-08T14:51:53.0265301Z       |                                             ~~~^
2026-10-08T14:51:53.0265808Z       |                                                |
2026-10-08T14:51:53.0266365Z       |                                                long long unsigned int
2026-10-08T14:51:53.0266936Z       |                                             %lu
2026-10-08T14:51:53.0267539Z  6693 |                  nbLRBphase, conflicts-savedConfl, phase_allotment,
2026-10-08T14:51:53.0268145Z       |                              ~~~~~~~~~~~~~~~~~~~~
2026-10-08T14:51:53.0268649Z       |                                       |
2026-10-08T14:51:53.0269212Z       |                                       uint64_t {aka long unsigned int}
2026-10-08T14:51:53.0270527Z src/solver/Solver.cc:6692:60: warning: format ‘%llu’ expects argument of type ‘long long unsigned int’, but argument 4 has type ‘uint64_t’ {aka ‘long unsigned int’} [-Wformat=]
2026-10-08T14:51:53.0271960Z  6692 |           printf("c LRB phase %d: conflicts %llu, phase %llu, starts %llu, UP %llu\n",
2026-10-08T14:51:53.0272679Z       |                                                         ~~~^
2026-10-08T14:51:53.0273233Z       |                                                            |
2026-10-08T14:51:53.0273828Z       |                                                            long long unsigned int
2026-10-08T14:51:53.0274409Z       |                                                         %lu
2026-10-08T14:51:53.0275029Z  6693 |                  nbLRBphase, conflicts-savedConfl, phase_allotment,
2026-10-08T14:51:53.0275643Z       |                                                    ~~~~~~~~~~~~~~~
2026-10-08T14:51:53.0276192Z       |                                                    |
2026-10-08T14:51:53.0276766Z       |                                                    uint64_t {aka long unsigned int}
2026-10-08T14:51:53.0278081Z src/solver/Solver.cc:6692:73: warning: format ‘%llu’ expects argument of type ‘long long unsigned int’, but argument 5 has type ‘uint64_t’ {aka ‘long unsigned int’} [-Wformat=]
2026-10-08T14:51:53.0279306Z  6692 |           printf("c LRB phase %d: conflicts %llu, phase %llu, starts %llu, UP %llu\n",
2026-10-08T14:51:53.0280194Z       |                                                                      ~~~^
2026-10-08T14:51:53.0280980Z       |                                                                         |
2026-10-08T14:51:53.0281586Z       |                                                                         long long unsigned int
2026-10-08T14:51:53.0282216Z       |                                                                      %lu
2026-10-08T14:51:53.0282775Z  6693 |                  nbLRBphase, conflicts-savedConfl, phase_allotment,
2026-10-08T14:51:53.0283350Z  6694 |                  starts-savedRestarts, propagations-savedUP);
2026-10-08T14:51:53.0283950Z       |                  ~~~~~~~~~~~~~~~~~~~~                                    
2026-10-08T14:51:53.0284693Z       |                        |
2026-10-08T14:51:53.0285175Z       |                        uint64_t {aka long unsigned int}
2026-10-08T14:51:53.0286479Z src/solver/Solver.cc:6692:82: warning: format ‘%llu’ expects argument of type ‘long long unsigned int’, but argument 6 has type ‘uint64_t’ {aka ‘long unsigned int’} [-Wformat=]
2026-10-08T14:51:53.0287688Z  6692 |           printf("c LRB phase %d: conflicts %llu, phase %llu, starts %llu, UP %llu\n",
2026-10-08T14:51:53.0288405Z       |                                                                               ~~~^
2026-10-08T14:51:53.0289002Z       |                                                                                  |
2026-10-08T14:51:53.0289641Z       |                                                                                  long long unsigned int
2026-10-08T14:51:53.0290283Z       |                                                                               %lu
2026-10-08T14:51:53.0291148Z  6693 |                  nbLRBphase, conflicts-savedConfl, phase_allotment,
2026-10-08T14:51:53.0291888Z  6694 |                  starts-savedRestarts, propagations-savedUP);
2026-10-08T14:51:53.0292421Z       |                                        ~~~~~~~~~~~~~~~~~~~~                       
2026-10-08T14:51:53.0292856Z       |                                                    |
2026-10-08T14:51:53.0293291Z       |                                                    uint64_t {aka long unsigned int}
2026-10-08T14:51:53.0294461Z src/solver/Solver.cc:6739:25: warning: format ‘%llu’ expects argument of type ‘long long unsigned int’, but argument 2 has type ‘uint64_t’ {aka ‘long unsigned int’} [-Wformat=]
2026-10-08T14:51:53.0295593Z  6739 |         printf("c UB=%llu fails, cnfls=%llu, hcnfls=%llu, core %d, tier2 %d, local %d, quasiC: %llu (fixed: %llu)\n",
2026-10-08T14:51:53.0296188Z       |                      ~~~^
2026-10-08T14:51:53.0296481Z       |                         |
2026-10-08T14:51:53.0296801Z       |                         long long unsigned int
2026-10-08T14:51:53.0297143Z       |                      %lu
2026-10-08T14:51:53.0297913Z  6740 |                UB, conflicts, conflicts-softConflicts, learnts_core.size(), learnts_tier2.size(), learnts_local.size(), quasiSoftConflicts, fixedByQuasiConfl);
2026-10-08T14:51:53.0298742Z       |                ~~        
2026-10-08T14:51:53.0298940Z       |                |
2026-10-08T14:51:53.0299139Z       |                uint64_t {aka long unsigned int}
2026-10-08T14:51:53.0299801Z src/solver/Solver.cc:6739:43: warning: format ‘%llu’ expects argument of type ‘long long unsigned int’, but argument 3 has type ‘uint64_t’ {aka ‘long unsigned int’} [-Wformat=]
2026-10-08T14:51:53.0300498Z  6739 |         printf("c UB=%llu fails, cnfls=%llu, hcnfls=%llu, core %d, tier2 %d, local %d, quasiC: %llu (fixed: %llu)\n",
2026-10-08T14:51:53.0301194Z       |                                        ~~~^
2026-10-08T14:51:53.0301540Z       |                                           |
2026-10-08T14:51:53.0301916Z       |                                           long long unsigned int
2026-10-08T14:51:53.0302341Z       |                                        %lu
2026-10-08T14:51:53.0303159Z  6740 |                UB, conflicts, conflicts-softConflicts, learnts_core.size(), learnts_tier2.size(), learnts_local.size(), quasiSoftConflicts, fixedByQuasiConfl);
2026-10-08T14:51:53.0303977Z       |                    ~~~~~~~~~               
2026-10-08T14:51:53.0304321Z       |                    |
2026-10-08T14:51:53.0304654Z       |                    uint64_t {aka long unsigned int}
2026-10-08T14:51:53.0305778Z src/solver/Solver.cc:6739:56: warning: format ‘%llu’ expects argument of type ‘long long unsigned int’, but argument 4 has type ‘uint64_t’ {aka ‘long unsigned int’} [-Wformat=]
2026-10-08T14:51:53.0306962Z  6739 |         printf("c UB=%llu fails, cnfls=%llu, hcnfls=%llu, core %d, tier2 %d, local %d, quasiC: %llu (fixed: %llu)\n",
2026-10-08T14:51:53.0307605Z       |                                                     ~~~^
2026-10-08T14:51:53.0308230Z       |                                                        |
2026-10-08T14:51:53.0308668Z       |                                                        long long unsigned int
2026-10-08T14:51:53.0309115Z       |                                                     %lu
2026-10-08T14:51:53.0309980Z  6740 |                UB, conflicts, conflicts-softConflicts, learnts_core.size(), learnts_tier2.size(), learnts_local.size(), quasiSoftConflicts, fixedByQuasiConfl);
2026-10-08T14:51:53.0310978Z       |                               ~~~~~~~~~~~~~~~~~~~~~~~   
2026-10-08T14:51:53.0311357Z       |                                        |
2026-10-08T14:51:53.0311755Z       |                                        uint64_t {aka long unsigned int}
2026-10-08T14:51:53.0312911Z src/solver/Solver.cc:6739:99: warning: format ‘%llu’ expects argument of type ‘long long unsigned int’, but argument 8 has type ‘uint64_t’ {aka ‘long unsigned int’} [-Wformat=]
2026-10-08T14:51:53.0314098Z  6739 |         printf("c UB=%llu fails, cnfls=%llu, hcnfls=%llu, core %d, tier2 %d, local %d, quasiC: %llu (fixed: %llu)\n",
2026-10-08T14:51:53.0314807Z       |                                                                                                ~~~^
2026-10-08T14:51:53.0315335Z       |                                                                                                   |
2026-10-08T14:51:53.0315891Z       |                                                                                                   long long unsigned int
2026-10-08T14:51:53.0316451Z       |                                                                                                %lu
2026-10-08T14:51:53.0317383Z  6740 |                UB, conflicts, conflicts-softConflicts, learnts_core.size(), learnts_tier2.size(), learnts_local.size(), quasiSoftConflicts, fixedByQuasiConfl);
2026-10-08T14:51:53.0318358Z       |                                                                                                                         ~~~~~~~~~~~~~~~~~~
2026-10-08T14:51:53.0318967Z       |                                                                                                                         |
2026-10-08T14:51:53.0319800Z       |                                                                                                                         uint64_t {aka long unsigned int}
2026-10-08T14:51:53.0321434Z src/solver/Solver.cc:6739:112: warning: format ‘%llu’ expects argument of type ‘long long unsigned int’, but argument 9 has type ‘uint64_t’ {aka ‘long unsigned int’} [-Wformat=]
2026-10-08T14:51:53.0322640Z  6739 |         printf("c UB=%llu fails, cnfls=%llu, hcnfls=%llu, core %d, tier2 %d, local %d, quasiC: %llu (fixed: %llu)\n",
2026-10-08T14:51:53.0323366Z       |                                                                                                             ~~~^
2026-10-08T14:51:53.0323920Z       |                                                                                                                |
2026-10-08T14:51:53.0324530Z       |                                                                                                                long long unsigned int
2026-10-08T14:51:53.0325133Z       |                                                                                                             %lu
2026-10-08T14:51:53.0326141Z  6740 |                UB, conflicts, conflicts-softConflicts, learnts_core.size(), learnts_tier2.size(), learnts_local.size(), quasiSoftConflicts, fixedByQuasiConfl);
2026-10-08T14:51:53.0327153Z       |                                                                                                                                             ~~~~~~~~~~~~~~~~~
2026-10-08T14:51:53.0327828Z       |                                                                                                                                             |
2026-10-08T14:51:53.0328537Z       |                                                                                                                                             uint64_t {aka long unsigned int}
2026-10-08T14:51:53.0330087Z src/solver/Solver.cc:6741:72: warning: format ‘%llu’ expects argument of type ‘long long unsigned int’, but argument 5 has type ‘uint64_t’ {aka ‘long unsigned int’} [-Wformat=]
2026-10-08T14:51:53.0331607Z  6741 |         printf("c prunedLB %4.2f, dev %4.2f, succRate %4.2f, nbSucc %llu, nbHardens %d (fixed %llu), lk: %llu, shorten: %llu, pureSo %d, nbFlyRd %d, nbFixedLH %llu\n",
2026-10-08T14:51:53.0332446Z       |                                                                     ~~~^
2026-10-08T14:51:53.0332875Z       |                                                                        |
2026-10-08T14:51:53.0333337Z       |                                                                        long long unsigned int
2026-10-08T14:51:53.0333829Z       |                                                                     %lu
2026-10-08T14:51:53.0334239Z  6742 |                meanLB, dev, succRate,
2026-10-08T14:51:53.0335097Z  6743 |                nbLKsuccess-savednbLKsuccess, nbHardens, fixedByHardens, LOOKAHEAD-savedLOOKAHEAD, nbSavedLits, pureSoftConfl, nbFlyReduced, nbFixedByLH);
2026-10-08T14:51:53.0336031Z       |                ~~~~~~~~~~~~~~~~~~~~~~~~~~~~                             
2026-10-08T14:51:53.0336437Z       |                           |
2026-10-08T14:51:53.0336800Z       |                           uint64_t {aka long unsigned int}
2026-10-08T14:51:53.0337918Z src/solver/Solver.cc:6741:98: warning: format ‘%llu’ expects argument of type ‘long long unsigned int’, but argument 7 has type ‘uint64_t’ {aka ‘long unsigned int’} [-Wformat=]
2026-10-08T14:51:53.0339282Z  6741 |         printf("c prunedLB %4.2f, dev %4.2f, succRate %4.2f, nbSucc %llu, nbHardens %d (fixed %llu), lk: %llu, shorten: %llu, pureSo %d, nbFlyRd %d, nbFixedLH %llu\n",
2026-10-08T14:51:53.0340186Z       |                                                                                               ~~~^
2026-10-08T14:51:53.0340868Z       |                                                                                                  |
2026-10-08T14:51:53.0341636Z       |                                                                                                  long long unsigned int
2026-10-08T14:51:53.0342201Z       |                                                                                               %lu
2026-10-08T14:51:53.0342656Z  6742 |                meanLB, dev, succRate,
2026-10-08T14:51:53.0343529Z  6743 |                nbLKsuccess-savednbLKsuccess, nbHardens, fixedByHardens, LOOKAHEAD-savedLOOKAHEAD, nbSavedLits, pureSoftConfl, nbFlyReduced, nbFixedByLH);
2026-10-08T14:51:53.0344475Z       |                                                         ~~~~~~~~~~~~~~                            
2026-10-08T14:51:53.0344937Z       |                                                         |
2026-10-08T14:51:53.0345391Z       |                                                         uint64_t {aka long unsigned int}
2026-10-08T14:51:53.0346609Z src/solver/Solver.cc:6741:109: warning: format ‘%llu’ expects argument of type ‘long long unsigned int’, but argument 8 has type ‘uint64_t’ {aka ‘long unsigned int’} [-Wformat=]
2026-10-08T14:51:53.0347997Z  6741 |         printf("c prunedLB %4.2f, dev %4.2f, succRate %4.2f, nbSucc %llu, nbHardens %d (fixed %llu), lk: %llu, shorten: %llu, pureSo %d, nbFlyRd %d, nbFixedLH %llu\n",
2026-10-08T14:51:53.0348900Z       |                                                                                                          ~~~^
2026-10-08T14:51:53.0349462Z       |                                                                                                             |
2026-10-08T14:51:53.0350054Z       |                                                                                                             long long unsigned int
2026-10-08T14:51:53.0350794Z       |                                                                                                          %lu
2026-10-08T14:51:53.0351462Z  6742 |                meanLB, dev, succRate,
2026-10-08T14:51:53.0352338Z  6743 |                nbLKsuccess-savednbLKsuccess, nbHardens, fixedByHardens, LOOKAHEAD-savedLOOKAHEAD, nbSavedLits, pureSoftConfl, nbFlyReduced, nbFixedByLH);
2026-10-08T14:51:53.0353299Z       |                                                                         ~~~~~~~~~~~~~~~~~~~~~~~~             
2026-10-08T14:51:53.0353813Z       |                                                                                  |
2026-10-08T14:51:53.0354329Z       |                                                                                  uint64_t {aka long unsigned int}
2026-10-08T14:51:53.0355572Z src/solver/Solver.cc:6741:124: warning: format ‘%llu’ expects argument of type ‘long long unsigned int’, but argument 9 has type ‘uint64_t’ {aka ‘long unsigned int’} [-Wformat=]
2026-10-08T14:51:53.0356959Z  6741 |         printf("c prunedLB %4.2f, dev %4.2f, succRate %4.2f, nbSucc %llu, nbHardens %d (fixed %llu), lk: %llu, shorten: %llu, pureSo %d, nbFlyRd %d, nbFixedLH %llu\n",
2026-10-08T14:51:53.0357906Z       |                                                                                                                         ~~~^
2026-10-08T14:51:53.0358521Z       |                                                                                                                            |
2026-10-08T14:51:53.0359177Z       |                                                                                                                            long long unsigned int
2026-10-08T14:51:53.0359815Z       |                                                                                                                         %lu
2026-10-08T14:51:53.0360308Z  6742 |                meanLB, dev, succRate,
2026-10-08T14:51:53.0361326Z  6743 |                nbLKsuccess-savednbLKsuccess, nbHardens, fixedByHardens, LOOKAHEAD-savedLOOKAHEAD, nbSavedLits, pureSoftConfl, nbFlyReduced, nbFixedByLH);
2026-10-08T14:51:53.0362335Z       |                                                                                                   ~~~~~~~~~~~               
2026-10-08T14:51:53.0363093Z       |                                                                                                   |
2026-10-08T14:51:53.0363677Z       |                                                                                                   uint64_t {aka long unsigned int}
2026-10-08T14:51:53.0364961Z src/solver/Solver.cc:6741:163: warning: format ‘%llu’ expects argument of type ‘long long unsigned int’, but argument 12 has type ‘uint64_t’ {aka ‘long unsigned int’} [-Wformat=]
2026-10-08T14:51:53.0366330Z  6741 |         printf("c prunedLB %4.2f, dev %4.2f, succRate %4.2f, nbSucc %llu, nbHardens %d (fixed %llu), lk: %llu, shorten: %llu, pureSo %d, nbFlyRd %d, nbFixedLH %llu\n",
2026-10-08T14:51:53.0367314Z       |                                                                                                                                                                ~~~^
2026-10-08T14:51:53.0368058Z       |                                                                                                                                                                   |
2026-10-08T14:51:53.0368844Z       |                                                                                                                                                                   long long unsigned int
2026-10-08T14:51:53.0369628Z       |                                                                                                                                                                %lu
2026-10-08T14:51:53.0370174Z  6742 |                meanLB, dev, succRate,
2026-10-08T14:51:53.0371161Z  6743 |                nbLKsuccess-savednbLKsuccess, nbHardens, fixedByHardens, LOOKAHEAD-savedLOOKAHEAD, nbSavedLits, pureSoftConfl, nbFlyReduced, nbFixedByLH);
2026-10-08T14:51:53.0372423Z       |                                                                                                                                             ~~~~~~~~~~~            
2026-10-08T14:51:53.0373091Z       |                                                                                                                                             |
2026-10-08T14:51:53.0373793Z       |                                                                                                                                             uint64_t {aka long unsigned int}
2026-10-08T14:51:53.0375124Z src/solver/Solver.cc:6769:25: warning: format ‘%llu’ expects argument of type ‘long long unsigned int’, but argument 2 has type ‘uint64_t’ {aka ‘long unsigned int’} [-Wformat=]
2026-10-08T14:51:53.0376583Z  6769 |         printf("c UB=%llu succ, confls=%llu and hconfls=%llu with %d soft clauses unsat (%d at level 0) and %d fixed vars at level 0,  prunedLB %4.2f, dev %4.2f, succRate %4.2f, nbSucc %llu, shortened : %llu\n",
2026-10-08T14:51:53.0377541Z       |                      ~~~^
2026-10-08T14:51:53.0377848Z       |                         |
2026-10-08T14:51:53.0378173Z       |                         long long unsigned int
2026-10-08T14:51:53.0378519Z       |                      %lu
2026-10-08T14:51:53.0379034Z  6770 |                UB, conflicts, conflicts-softConflicts, falseLits.size(), nbFalses, nbFixeds,
2026-10-08T14:51:53.0379566Z       |                ~~        
2026-10-08T14:51:53.0379849Z       |                |
2026-10-08T14:51:53.0380155Z       |                uint64_t {aka long unsigned int}
2026-10-08T14:51:53.0381441Z src/solver/Solver.cc:6769:43: warning: format ‘%llu’ expects argument of type ‘long long unsigned int’, but argument 3 has type ‘uint64_t’ {aka ‘long unsigned int’} [-Wformat=]
2026-10-08T14:51:53.0382961Z  6769 |         printf("c UB=%llu succ, confls=%llu and hconfls=%llu with %d soft clauses unsat (%d at level 0) and %d fixed vars at level 0,  prunedLB %4.2f, dev %4.2f, succRate %4.2f, nbSucc %llu, shortened : %llu\n",
2026-10-08T14:51:53.0383950Z       |                                        ~~~^
2026-10-08T14:51:53.0384302Z       |                                           |
2026-10-08T14:51:53.0384702Z       |                                           long long unsigned int
2026-10-08T14:51:53.0385303Z       |                                        %lu
2026-10-08T14:51:53.0385862Z  6770 |                UB, conflicts, conflicts-softConflicts, falseLits.size(), nbFalses, nbFixeds,
2026-10-08T14:51:53.0386408Z       |                    ~~~~~~~~~               
2026-10-08T14:51:53.0386741Z       |                    |
2026-10-08T14:51:53.0387066Z       |                    uint64_t {aka long unsigned int}
2026-10-08T14:51:53.0388165Z src/solver/Solver.cc:6769:60: warning: format ‘%llu’ expects argument of type ‘long long unsigned int’, but argument 4 has type ‘uint64_t’ {aka ‘long unsigned int’} [-Wformat=]
2026-10-08T14:51:53.0389666Z  6769 |         printf("c UB=%llu succ, confls=%llu and hconfls=%llu with %d soft clauses unsat (%d at level 0) and %d fixed vars at level 0,  prunedLB %4.2f, dev %4.2f, succRate %4.2f, nbSucc %llu, shortened : %llu\n",
2026-10-08T14:51:53.0390805Z       |                                                         ~~~^
2026-10-08T14:51:53.0391217Z       |                                                            |
2026-10-08T14:51:53.0391633Z       |                                                            long long unsigned int
2026-10-08T14:51:53.0392154Z       |                                                         %lu
2026-10-08T14:51:53.0392717Z  6770 |                UB, conflicts, conflicts-softConflicts, falseLits.size(), nbFalses, nbFixeds,
2026-10-08T14:51:53.0393283Z       |                               ~~~~~~~~~~~~~~~~~~~~~~~       
2026-10-08T14:51:53.0393643Z       |                                        |
2026-10-08T14:51:53.0394025Z       |                                        uint64_t {aka long unsigned int}
2026-10-08T14:51:53.0395429Z src/solver/Solver.cc:6769:189: warning: format ‘%llu’ expects argument of type ‘long long unsigned int’, but argument 11 has type ‘uint64_t’ {aka ‘long unsigned int’} [-Wformat=]
2026-10-08T14:51:53.0396946Z  6769 |         printf("c UB=%llu succ, confls=%llu and hconfls=%llu with %d soft clauses unsat (%d at level 0) and %d fixed vars at level 0,  prunedLB %4.2f, dev %4.2f, succRate %4.2f, nbSucc %llu, shortened : %llu\n",
2026-10-08T14:51:53.0398117Z       |                                                                                                                                                                                          ~~~^
2026-10-08T14:51:53.0398915Z       |                                                                                                                                                                                             |
2026-10-08T14:51:53.0399742Z       |                                                                                                                                                                                             long long unsigned int
2026-10-08T14:51:53.0400745Z       |                                                                                                                                                                                          %lu
2026-10-08T14:51:53.0401526Z  6770 |                UB, conflicts, conflicts-softConflicts, falseLits.size(), nbFalses, nbFixeds,
2026-10-08T14:51:53.0402151Z  6771 |                meanLB, dev, succRate, nbLKsuccess, nbSavedLits);
2026-10-08T14:51:53.0402806Z       |                                       ~~~~~~~~~~~                                                                                                                                            
2026-10-08T14:51:53.0403394Z       |                                       |
2026-10-08T14:51:53.0403765Z       |                                       uint64_t {aka long unsigned int}
2026-10-08T14:51:53.0404943Z src/solver/Solver.cc:6769:207: warning: format ‘%llu’ expects argument of type ‘long long unsigned int’, but argument 12 has type ‘uint64_t’ {aka ‘long unsigned int’} [-Wformat=]
2026-10-08T14:51:53.0406678Z  6769 |         printf("c UB=%llu succ, confls=%llu and hconfls=%llu with %d soft clauses unsat (%d at level 0) and %d fixed vars at level 0,  prunedLB %4.2f, dev %4.2f, succRate %4.2f, nbSucc %llu, shortened : %llu\n",
2026-10-08T14:51:53.0407927Z       |                                                                                                                                                                                                            ~~~^
2026-10-08T14:51:53.0408758Z       |                                                                                                                                                                                                               |
2026-10-08T14:51:53.0409629Z       |                                                                                                                                                                                                               long long unsigned int
2026-10-08T14:51:53.0410562Z       |                                                                                                                                                                                                            %lu
2026-10-08T14:51:53.0411505Z  6770 |                UB, conflicts, conflicts-softConflicts, falseLits.size(), nbFalses, nbFixeds,
2026-10-08T14:51:53.0412121Z  6771 |                meanLB, dev, succRate, nbLKsuccess, nbSavedLits);
2026-10-08T14:51:53.0412805Z       |                                                    ~~~~~~~~~~~                                                                                                                                                 
2026-10-08T14:51:53.0413425Z       |                                                    |
2026-10-08T14:51:53.0413856Z       |                                                    uint64_t {aka long unsigned int}
2026-10-08T14:51:53.0415247Z src/solver/Solver.cc:6798:17: warning: comparison of integer expressions of different signedness: ‘uint64_t’ {aka ‘long unsigned int’} and ‘int’ [-Wsign-compare]
2026-10-08T14:51:53.0416108Z  6798 |         if (inf > falseLits.size())
2026-10-08T14:51:53.0416473Z       |             ~~~~^~~~~~~~~~~~~~~~~~
2026-10-08T14:51:53.0417518Z src/solver/Solver.cc:6806:34: warning: format ‘%llu’ expects argument of type ‘long long unsigned int’, but argument 2 has type ‘uint64_t’ {aka ‘long unsigned int’} [-Wformat=]
2026-10-08T14:51:53.0418520Z  6806 |       else printf("c error UB %llu, inf %llu, sup %llu\n", UB, inf, sup);
2026-10-08T14:51:53.0419023Z       |                               ~~~^                         ~~
2026-10-08T14:51:53.0419415Z       |                                  |                         |
2026-10-08T14:51:53.0419912Z       |                                  long long unsigned int    uint64_t {aka long unsigned int}
2026-10-08T14:51:53.0420392Z       |                               %lu
2026-10-08T14:51:53.0421641Z src/solver/Solver.cc:6806:44: warning: format ‘%llu’ expects argument of type ‘long long unsigned int’, but argument 3 has type ‘uint64_t’ {aka ‘long unsigned int’} [-Wformat=]
2026-10-08T14:51:53.0422641Z  6806 |       else printf("c error UB %llu, inf %llu, sup %llu\n", UB, inf, sup);
2026-10-08T14:51:53.0423144Z       |                                         ~~~^                   ~~~
2026-10-08T14:51:53.0423556Z       |                                            |                   |
2026-10-08T14:51:53.0424020Z       |                                            |                   uint64_t {aka long unsigned int}
2026-10-08T14:51:53.0424585Z       |                                            long long unsigned int
2026-10-08T14:51:53.0424999Z       |                                         %lu
2026-10-08T14:51:53.0426082Z src/solver/Solver.cc:6806:54: warning: format ‘%llu’ expects argument of type ‘long long unsigned int’, but argument 4 has type ‘uint64_t’ {aka ‘long unsigned int’} [-Wformat=]
2026-10-08T14:51:53.0427108Z  6806 |       else printf("c error UB %llu, inf %llu, sup %llu\n", UB, inf, sup);
2026-10-08T14:51:53.0427644Z       |                                                   ~~~^              ~~~
2026-10-08T14:51:53.0428270Z       |                                                      |              |
2026-10-08T14:51:53.0428782Z       |                                                      |              uint64_t {aka long unsigned int}
2026-10-08T14:51:53.0429286Z       |                                                      long long unsigned int
2026-10-08T14:51:53.0429712Z       |                                                   %lu
2026-10-08T14:51:53.0430982Z src/solver/Solver.cc:6828:57: warning: format ‘%llu’ expects argument of type ‘long long unsigned int’, but argument 2 has type ‘uint64_t’ {aka ‘long unsigned int’} [-Wformat=]
2026-10-08T14:51:53.0432114Z  6828 |       printf("c no feasible solution, hardConflicts: %llu\n", conflicts - softConflicts);
2026-10-08T14:51:53.0432761Z       |                                                      ~~~^     ~~~~~~~~~~~~~~~~~~~~~~~~~
2026-10-08T14:51:53.0433221Z       |                                                         |               |
2026-10-08T14:51:53.0433736Z       |                                                         |               uint64_t {aka long unsigned int}
2026-10-08T14:51:53.0434251Z       |                                                         long long unsigned int
2026-10-08T14:51:53.0434684Z       |                                                      %lu
2026-10-08T14:51:53.0435794Z src/solver/Solver.cc:6831:30: warning: format ‘%llu’ expects argument of type ‘long long unsigned int’, but argument 2 has type ‘uint64_t’ {aka ‘long unsigned int’} [-Wformat=]
2026-10-08T14:51:53.0436950Z  6831 |       printf("c initCost: %llu, fixedBySearch: %llu, optimal: %llu, maxsat: %llu, hardConflicts: %llu\n",
2026-10-08T14:51:53.0437789Z       |                           ~~~^
2026-10-08T14:51:53.0438106Z       |                              |
2026-10-08T14:51:53.0438445Z       |                              long long unsigned int
2026-10-08T14:51:53.0438801Z       |                           %lu
2026-10-08T14:51:53.0439174Z  6832 |              solutionCost, fixedCostBySearch,
2026-10-08T14:51:53.0439529Z       |              ~~~~~~~~~~~~     
2026-10-08T14:51:53.0439839Z       |              |
2026-10-08T14:51:53.0440139Z       |              uint64_t {aka long unsigned int}
2026-10-08T14:51:53.0441431Z src/solver/Solver.cc:6831:51: warning: format ‘%llu’ expects argument of type ‘long long unsigned int’, but argument 3 has type ‘uint64_t’ {aka ‘long unsigned int’} [-Wformat=]
2026-10-08T14:51:53.0442460Z  6831 |       printf("c initCost: %llu, fixedBySearch: %llu, optimal: %llu, maxsat: %llu, hardConflicts: %llu\n",
2026-10-08T14:51:53.0443022Z       |                                                ~~~^
2026-10-08T14:51:53.0443401Z       |                                                   |
2026-10-08T14:51:53.0443790Z       |                                                   long long unsigned int
2026-10-08T14:51:53.0444209Z       |                                                %lu
2026-10-08T14:51:53.0444613Z  6832 |              solutionCost, fixedCostBySearch,
2026-10-08T14:51:53.0445001Z       |                            ~~~~~~~~~~~~~~~~~       
2026-10-08T14:51:53.0445354Z       |                            |
2026-10-08T14:51:53.0445712Z       |                            uint64_t {aka long unsigned int}
2026-10-08T14:51:53.0446841Z src/solver/Solver.cc:6831:66: warning: format ‘%llu’ expects argument of type ‘long long unsigned int’, but argument 4 has type ‘uint64_t’ {aka ‘long unsigned int’} [-Wformat=]
2026-10-08T14:51:53.0447976Z  6831 |       printf("c initCost: %llu, fixedBySearch: %llu, optimal: %llu, maxsat: %llu, hardConflicts: %llu\n",
2026-10-08T14:51:53.0448612Z       |                                                               ~~~^
2026-10-08T14:51:53.0449043Z       |                                                                  |
2026-10-08T14:51:53.0449495Z       |                                                                  long long unsigned int
2026-10-08T14:51:53.0450178Z       |                                                               %lu
2026-10-08T14:51:53.0450754Z  6832 |              solutionCost, fixedCostBySearch,
2026-10-08T14:51:53.0451133Z  6833 |              lastOptimalCost,
2026-10-08T14:51:53.0451488Z       |              ~~~~~~~~~~~~~~~                                      
2026-10-08T14:51:53.0451833Z       |              |
2026-10-08T14:51:53.0452124Z       |              uint64_t {aka long unsigned int}
2026-10-08T14:51:53.0453232Z src/solver/Solver.cc:6831:80: warning: format ‘%llu’ expects argument of type ‘long long unsigned int’, but argument 5 has type ‘uint64_t’ {aka ‘long unsigned int’} [-Wformat=]
2026-10-08T14:51:53.0454379Z  6831 |       printf("c initCost: %llu, fixedBySearch: %llu, optimal: %llu, maxsat: %llu, hardConflicts: %llu\n",
2026-10-08T14:51:53.0455058Z       |                                                                             ~~~^
2026-10-08T14:51:53.0455501Z       |                                                                                |
2026-10-08T14:51:53.0456004Z       |                                                                                long long unsigned int
2026-10-08T14:51:53.0456510Z       |                                                                             %lu
2026-10-08T14:51:53.0456899Z ......
2026-10-08T14:51:53.0457265Z  6834 |              objForSearch-sup + nbSatLits, conflicts - softConflicts);
2026-10-08T14:51:53.0457791Z       |              ~~~~~~~~~~~~~~~~~~~~~~~~~~~~                                       
2026-10-08T14:51:53.0458206Z       |                               |
2026-10-08T14:51:53.0458586Z       |                               uint64_t {aka long unsigned int}
2026-10-08T14:51:53.0459963Z src/solver/Solver.cc:6831:101: warning: format ‘%llu’ expects argument of type ‘long long unsigned int’, but argument 6 has type ‘uint64_t’ {aka ‘long unsigned int’} [-Wformat=]
2026-10-08T14:51:53.0461313Z  6831 |       printf("c initCost: %llu, fixedBySearch: %llu, optimal: %llu, maxsat: %llu, hardConflicts: %llu\n",
2026-10-08T14:51:53.0462002Z       |                                                                                                  ~~~^
2026-10-08T14:51:53.0462521Z       |                                                                                                     |
2026-10-08T14:51:53.0463082Z       |                                                                                                     long long unsigned int
2026-10-08T14:51:53.0463639Z       |                                                                                                  %lu
2026-10-08T14:51:53.0464071Z ......
2026-10-08T14:51:53.0464429Z  6834 |              objForSearch-sup + nbSatLits, conflicts - softConflicts);
2026-10-08T14:51:53.0464998Z       |                                            ~~~~~~~~~~~~~~~~~~~~~~~~~                                 
2026-10-08T14:51:53.0465468Z       |                                                      |
2026-10-08T14:51:53.0465910Z       |                                                      uint64_t {aka long unsigned int}
2026-10-08T14:51:53.0467086Z src/solver/Solver.cc:6836:24: warning: format ‘%llu’ expects argument of type ‘long long unsigned int’, but argument 2 has type ‘uint64_t’ {aka ‘long unsigned int’} [-Wformat=]
2026-10-08T14:51:53.0468301Z  6836 |     printf("c nbLK: %llu, nbSuccLK: %llu(%4.2f%%), nbLKup: %llu(%4.2f%%), hardens %u (fixed %llu), dynVars %d, shorten: %llu\n",
2026-10-08T14:51:53.0468957Z       |                     ~~~^
2026-10-08T14:51:53.0469246Z       |                        |
2026-10-08T14:51:53.0469568Z       |                        long long unsigned int
2026-10-08T14:51:53.0469917Z       |                     %lu
2026-10-08T14:51:53.0470394Z  6837 |            LOOKAHEAD, nbLKsuccess, 100.0*nbLKsuccess/LOOKAHEAD, lk_propagations,
2026-10-08T14:51:53.0471034Z       |            ~~~~~~~~~    
2026-10-08T14:51:53.0471272Z       |            |
2026-10-08T14:51:53.0471554Z       |            uint64_t {aka long unsigned int}
2026-10-08T14:51:53.0472900Z src/solver/Solver.cc:6836:40: warning: format ‘%llu’ expects argument of type ‘long long unsigned int’, but argument 3 has type ‘uint64_t’ {aka ‘long unsigned int’} [-Wformat=]
2026-10-08T14:51:53.0474138Z  6836 |     printf("c nbLK: %llu, nbSuccLK: %llu(%4.2f%%), nbLKup: %llu(%4.2f%%), hardens %u (fixed %llu), dynVars %d, shorten: %llu\n",
2026-10-08T14:51:53.0474794Z       |                                     ~~~^
2026-10-08T14:51:53.0475140Z       |                                        |
2026-10-08T14:51:53.0475551Z       |                                        long long unsigned int
2026-10-08T14:51:53.0475945Z       |                                     %lu
2026-10-08T14:51:53.0476461Z  6837 |            LOOKAHEAD, nbLKsuccess, 100.0*nbLKsuccess/LOOKAHEAD, lk_propagations,
2026-10-08T14:51:53.0476977Z       |                       ~~~~~~~~~~~       
2026-10-08T14:51:53.0477312Z       |                       |
2026-10-08T14:51:53.0477652Z       |                       uint64_t {aka long unsigned int}
2026-10-08T14:51:53.0478805Z src/solver/Solver.cc:6836:63: warning: format ‘%llu’ expects argument of type ‘long long unsigned int’, but argument 5 has type ‘uint64_t’ {aka ‘long unsigned int’} [-Wformat=]
2026-10-08T14:51:53.0479993Z  6836 |     printf("c nbLK: %llu, nbSuccLK: %llu(%4.2f%%), nbLKup: %llu(%4.2f%%), hardens %u (fixed %llu), dynVars %d, shorten: %llu\n",
2026-10-08T14:51:53.0480891Z       |                                                            ~~~^
2026-10-08T14:51:53.0481300Z       |                                                               |
2026-10-08T14:51:53.0481741Z       |                                                               long long unsigned int
2026-10-08T14:51:53.0482411Z       |                                                            %lu
2026-10-08T14:51:53.0482950Z  6837 |            LOOKAHEAD, nbLKsuccess, 100.0*nbLKsuccess/LOOKAHEAD, lk_propagations,
2026-10-08T14:51:53.0483526Z       |                                                                 ~~~~~~~~~~~~~~~
2026-10-08T14:51:53.0483955Z       |                                                                 |
2026-10-08T14:51:53.0484423Z       |                                                                 uint64_t {aka long unsigned int}
2026-10-08T14:51:53.0485624Z src/solver/Solver.cc:6836:96: warning: format ‘%llu’ expects argument of type ‘long long unsigned int’, but argument 8 has type ‘uint64_t’ {aka ‘long unsigned int’} [-Wformat=]
2026-10-08T14:51:53.0486832Z  6836 |     printf("c nbLK: %llu, nbSuccLK: %llu(%4.2f%%), nbLKup: %llu(%4.2f%%), hardens %u (fixed %llu), dynVars %d, shorten: %llu\n",
2026-10-08T14:51:53.0487560Z       |                                                                                             ~~~^
2026-10-08T14:51:53.0488085Z       |                                                                                                |
2026-10-08T14:51:53.0488657Z       |                                                                                                long long unsigned int
2026-10-08T14:51:53.0489245Z       |                                                                                             %lu
2026-10-08T14:51:53.0489835Z  6837 |            LOOKAHEAD, nbLKsuccess, 100.0*nbLKsuccess/LOOKAHEAD, lk_propagations,
2026-10-08T14:51:53.0490783Z  6838 |            100.0*lk_propagations/propagations, nbHardens, fixedByHardens, nVars()-staticNbVars, nbSavedLits);
2026-10-08T14:51:53.0491500Z       |                                                           ~~~~~~~~~~~~~~                        
2026-10-08T14:51:53.0491955Z       |                                                           |
2026-10-08T14:51:53.0492423Z       |                                                           uint64_t {aka long unsigned int}
2026-10-08T14:51:53.0493643Z src/solver/Solver.cc:6836:124: warning: format ‘%llu’ expects argument of type ‘long long unsigned int’, but argument 10 has type ‘uint64_t’ {aka ‘long unsigned int’} [-Wformat=]
2026-10-08T14:51:53.0495071Z  6836 |     printf("c nbLK: %llu, nbSuccLK: %llu(%4.2f%%), nbLKup: %llu(%4.2f%%), hardens %u (fixed %llu), dynVars %d, shorten: %llu\n",
2026-10-08T14:51:53.0495859Z       |                                                                                                                         ~~~^
2026-10-08T14:51:53.0496451Z       |                                                                                                                            |
2026-10-08T14:51:53.0497081Z       |                                                                                                                            long long unsigned int
2026-10-08T14:51:53.0497731Z       |                                                                                                                         %lu
2026-10-08T14:51:53.0498391Z  6837 |            LOOKAHEAD, nbLKsuccess, 100.0*nbLKsuccess/LOOKAHEAD, lk_propagations,
2026-10-08T14:51:53.0499225Z  6838 |            100.0*lk_propagations/propagations, nbHardens, fixedByHardens, nVars()-staticNbVars, nbSavedLits);
2026-10-08T14:51:53.0499993Z       |                                                                                                 ~~~~~~~~~~~                 
2026-10-08T14:51:53.0500541Z       |                                                                                                 |
2026-10-08T14:51:53.0501275Z       |                                                                                                 uint64_t {aka long unsigned int}
2026-10-08T14:51:53.0669891Z In file included from src/solver/mtl/Sort.h:24,
2026-10-08T14:51:53.0684373Z                  from src/solver/Solver.cc:106:
2026-10-08T14:51:53.0692446Z src/solver/mtl/Vec.h: In instantiation of ‘void Minisat::vec<T>::capacity(int) [with T = Minisat::vec<Minisat::Solver::Watcher>]’:
2026-10-08T14:51:53.0694123Z src/solver/mtl/Vec.h:115:13:   required from ‘void Minisat::vec<T>::growTo(int) [with T = Minisat::vec<Minisat::Solver::Watcher>]’
2026-10-08T14:51:53.0696005Z src/solver/SolverTypes.h:339:50:   required from ‘void Minisat::OccLists<Idx, Vec, Deleted>::init(const Idx&) [with Idx = Minisat::Lit; Vec = Minisat::vec<Minisat::Solver::Watcher>; Deleted = Minisat::Solver::WatcherDeleted]’
2026-10-08T14:51:53.0697280Z src/solver/Solver.cc:1272:21:   required from here
2026-10-08T14:51:53.0698699Z src/solver/mtl/Vec.h:99:54: warning: ‘void* realloc(void*, size_t)’ moving an object of non-trivially copyable type ‘class Minisat::vec<Minisat::Solver::Watcher>’; use ‘new’ and ‘delete’ instead [-Wclass-memaccess]
2026-10-08T14:51:53.0700196Z    99 |     if (add > INT_MAX - cap || ((data = (T*)::realloc(data, (cap += add) * sizeof(T))) == NULL) && errno == ENOMEM)
2026-10-08T14:51:53.0701136Z       |                                             ~~~~~~~~~^~~~~~~~~~~~~~~~~~~~~~~~~~~~~~~~
2026-10-08T14:51:53.0702096Z src/solver/mtl/Vec.h:38:7: note: ‘class Minisat::vec<Minisat::Solver::Watcher>’ declared here
2026-10-08T14:51:53.0702784Z    38 | class vec {
2026-10-08T14:51:53.0703172Z       |       ^~~
2026-10-08T14:51:53.0704018Z src/solver/mtl/Vec.h: In instantiation of ‘void Minisat::vec<T>::capacity(int) [with T = Minisat::vec<Minisat::Lit>]’:
2026-10-08T14:51:53.0705209Z src/solver/mtl/Vec.h:115:13:   required from ‘void Minisat::vec<T>::growTo(int) [with T = Minisat::vec<Minisat::Lit>]’
2026-10-08T14:51:53.0706582Z src/solver/Solver.h:72:50:   required from ‘void Minisat::vec2<Idx, Vec>::init(const Idx&) [with Idx = Minisat::Lit; Vec = Minisat::vec<Minisat::Lit>]’
2026-10-08T14:51:53.0707521Z src/solver/Solver.cc:1312:22:   required from here
2026-10-08T14:51:53.0708885Z src/solver/mtl/Vec.h:99:54: warning: ‘void* realloc(void*, size_t)’ moving an object of non-trivially copyable type ‘class Minisat::vec<Minisat::Lit>’; use ‘new’ and ‘delete’ instead [-Wclass-memaccess]
2026-10-08T14:51:53.0710318Z    99 |     if (add > INT_MAX - cap || ((data = (T*)::realloc(data, (cap += add) * sizeof(T))) == NULL) && errno == ENOMEM)
2026-10-08T14:51:53.0711768Z       |                                             ~~~~~~~~~^~~~~~~~~~~~~~~~~~~~~~~~~~~~~~~~
2026-10-08T14:51:53.0712676Z src/solver/mtl/Vec.h:38:7: note: ‘class Minisat::vec<Minisat::Lit>’ declared here
2026-10-08T14:51:53.0713285Z    38 | class vec {
2026-10-08T14:51:53.0713625Z       |       ^~~
2026-10-08T14:51:53.0714331Z src/solver/mtl/Vec.h: In instantiation of ‘void Minisat::vec<T>::capacity(int) [with T = Minisat::vec<int>]’:
2026-10-08T14:51:53.0715393Z src/solver/mtl/Vec.h:115:13:   required from ‘void Minisat::vec<T>::growTo(int) [with T = Minisat::vec<int>]’
2026-10-08T14:51:53.0716594Z src/solver/Solver.h:72:50:   required from ‘void Minisat::vec2<Idx, Vec>::init(const Idx&) [with Idx = int; Vec = Minisat::vec<int>]’
2026-10-08T14:51:53.0717452Z src/solver/Solver.cc:4250:13:   required from here
2026-10-08T14:51:53.0718751Z src/solver/mtl/Vec.h:99:54: warning: ‘void* realloc(void*, size_t)’ moving an object of non-trivially copyable type ‘class Minisat::vec<int>’; use ‘new’ and ‘delete’ instead [-Wclass-memaccess]
2026-10-08T14:51:53.0719999Z    99 |     if (add > INT_MAX - cap || ((data = (T*)::realloc(data, (cap += add) * sizeof(T))) == NULL) && errno == ENOMEM)
2026-10-08T14:51:53.0720892Z       |                                             ~~~~~~~~~^~~~~~~~~~~~~~~~~~~~~~~~~~~~~~~~
2026-10-08T14:51:53.0721659Z src/solver/mtl/Vec.h:38:7: note: ‘class Minisat::vec<int>’ declared here
2026-10-08T14:51:53.0722218Z    38 | class vec {
2026-10-08T14:51:53.0722578Z       |       ^~~
2026-10-08T14:51:53.1028801Z src/solver/Solver.cc: In member function ‘void Minisat::Solver::emitBoundsUpdate()’:
2026-10-08T14:51:53.1030123Z src/solver/Solver.cc:5204:24: warning: ignoring return value of ‘ssize_t write(int, const void*, size_t)’ declared with attribute ‘warn_unused_result’ [-Wunused-result]
2026-10-08T14:51:53.1031625Z  5204 |             (void)write(bounds_pipe_w, buf, (size_t)n);
2026-10-08T14:51:53.1032061Z       |                   ~~~~~^~~~~~~~~~~~~~~~~~~~~~~~~~~~~~~
2026-10-08T14:51:53.1033180Z src/solver/Solver.cc:5210:24: warning: ignoring return value of ‘ssize_t write(int, const void*, size_t)’ declared with attribute ‘warn_unused_result’ [-Wunused-result]
2026-10-08T14:51:53.1034093Z  5210 |             (void)write(bounds_pipe_w, buf, (size_t)n);
2026-10-08T14:51:53.1034521Z       |                   ~~~~~^~~~~~~~~~~~~~~~~~~~~~~~~~~~~~~
2026-10-08T14:51:53.1035263Z src/solver/Solver.cc: In member function ‘void Minisat::Solver::emitTryUpdate(uint64_t)’:
2026-10-08T14:51:53.1036429Z src/solver/Solver.cc:5220:20: warning: ignoring return value of ‘ssize_t write(int, const void*, size_t)’ declared with attribute ‘warn_unused_result’ [-Wunused-result]
2026-10-08T14:51:53.1037337Z  5220 |         (void)write(bounds_pipe_w, buf, (size_t)n);
2026-10-08T14:51:53.1037771Z       |               ~~~~~^~~~~~~~~~~~~~~~~~~~~~~~~~~~~~~
2026-10-08T14:51:55.5157836Z In file included from src/solver/Solver.h:54:
2026-10-08T14:51:55.5158772Z In function ‘Minisat::Lit Minisat::operator~(Lit)’,
2026-10-08T14:51:55.5159780Z     inlined from ‘void Minisat::Solver::analyze(Minisat::CRef, Minisat::vec<Minisat::Lit>&, int&, int&)’ at src/solver/Solver.cc:1757:22:
2026-10-08T14:51:55.5161124Z src/solver/SolverTypes.h:73:64: warning: ‘p.Minisat::Lit::x’ may be used uninitialized [-Wmaybe-uninitialized]
2026-10-08T14:51:55.5161738Z    73 | inline  Lit  operator ~(Lit p)              { Lit q; q.x = p.x ^ 1; return q; }
2026-10-08T14:51:55.5162151Z       |                                                            ~~~~^~~
2026-10-08T14:51:55.5163192Z src/solver/Solver.cc: In member function ‘void Minisat::Solver::analyze(Minisat::CRef, Minisat::vec<Minisat::Lit>&, int&, int&)’:
2026-10-08T14:51:55.5163978Z src/solver/Solver.cc:1671:9: note: ‘p.Minisat::Lit::x’ was declared here
2026-10-08T14:51:55.5164420Z  1671 |     Lit p; //     = lit_Undef;
2026-10-08T14:51:55.5164693Z       |         ^
2026-10-08T14:51:55.5826732Z In function ‘Minisat::Lit Minisat::operator~(Lit)’,
2026-10-08T14:51:55.5828132Z     inlined from ‘void Minisat::Solver::analyzeSoftConflict(Minisat::vec<Minisat::Lit>&, int&, int&)’ at src/solver/Solver.cc:2396:22:
2026-10-08T14:51:55.5828983Z src/solver/SolverTypes.h:73:64: warning: ‘p.Minisat::Lit::x’ may be used uninitialized [-Wmaybe-uninitialized]
2026-10-08T14:51:55.5829474Z    73 | inline  Lit  operator ~(Lit p)              { Lit q; q.x = p.x ^ 1; return q; }
2026-10-08T14:51:55.5829811Z       |                                                            ~~~~^~~
2026-10-08T14:51:55.5830381Z src/solver/Solver.cc: In member function ‘void Minisat::Solver::analyzeSoftConflict(Minisat::vec<Minisat::Lit>&, int&, int&)’:
2026-10-08T14:51:55.5831143Z src/solver/Solver.cc:2193:9: note: ‘p.Minisat::Lit::x’ was declared here
2026-10-08T14:51:55.5831444Z  2193 |     Lit p;
2026-10-08T14:51:55.5831611Z       |         ^
2026-10-08T14:51:55.6896804Z In function ‘Minisat::Lit Minisat::operator~(Lit)’,
2026-10-08T14:51:55.6897869Z     inlined from ‘void Minisat::Solver::analyzeQuasiSoftConflict(Minisat::vec<Minisat::Lit>&, int&, int&)’ at src/solver/Solver.cc:4664:22:
2026-10-08T14:51:55.6899137Z src/solver/SolverTypes.h:73:64: warning: ‘p.Minisat::Lit::x’ may be used uninitialized [-Wmaybe-uninitialized]
2026-10-08T14:51:55.6899728Z    73 | inline  Lit  operator ~(Lit p)              { Lit q; q.x = p.x ^ 1; return q; }
2026-10-08T14:51:55.6900072Z       |                                                            ~~~~^~~
2026-10-08T14:51:55.6900797Z src/solver/Solver.cc: In member function ‘void Minisat::Solver::analyzeQuasiSoftConflict(Minisat::vec<Minisat::Lit>&, int&, int&)’:
2026-10-08T14:51:55.6901385Z src/solver/Solver.cc:4492:9: note: ‘p.Minisat::Lit::x’ was declared here
2026-10-08T14:51:55.6901668Z  4492 |     Lit p;
2026-10-08T14:51:55.6902211Z       |         ^
2026-10-08T14:51:58.0061977Z g++ -Isrc/solver -Wall -Wno-parentheses -O3 -g -D __STDC_LIMIT_MACROS -D __STDC_FORMAT_MACROS -DNDEBUG -o bin/distqldpc src/core/distqldpc.cc build/SimpSolver.o build/Solver.o build/Options.o build/System.o -lz
2026-10-08T14:51:58.0064223Z g++ -Isrc/solver -Wall -Wno-parentheses -O3 -g -D __STDC_LIMIT_MACROS -D __STDC_FORMAT_MACROS -DNDEBUG -o bin/maxcdcl src/solver/Main.cc build/SimpSolver.o build/Solver.o build/Options.o build/System.o -lz
2026-10-08T14:51:58.0427243Z In file included from src/solver/Main.cc:51:
2026-10-08T14:51:58.0428309Z src/solver/utils/Options.h:285:29: warning: invalid suffix on literal; C++11 requires a space between literal and string macro [-Wliteral-suffix]
2026-10-08T14:51:58.0429222Z   285 |             fprintf(stderr, "%4"PRIi64, range.begin);
2026-10-08T14:51:58.0429694Z       |                             ^
2026-10-08T14:51:58.0430531Z src/solver/utils/Options.h:291:29: warning: invalid suffix on literal; C++11 requires a space between literal and string macro [-Wliteral-suffix]
2026-10-08T14:51:58.0432058Z   291 |             fprintf(stderr, "%4"PRIi64, range.end);
2026-10-08T14:51:58.0432501Z       |                             ^
2026-10-08T14:51:58.0433313Z src/solver/utils/Options.h:293:25: warning: invalid suffix on literal; C++11 requires a space between literal and string macro [-Wliteral-suffix]
2026-10-08T14:51:58.0434191Z   293 |         fprintf(stderr, "] (default: %"PRIi64")\n", value);
2026-10-08T14:51:58.0434629Z       |                         ^
2026-10-08T14:51:58.0444045Z src/solver/Main.cc:84:16: warning: invalid suffix on literal; C++11 requires a space between literal and string macro [-Wliteral-suffix]
2026-10-08T14:51:58.0444928Z    84 |         printf("c restarts              : %"PRIu64"\n", solver.starts);
2026-10-08T14:51:58.0445332Z       |                ^
2026-10-08T14:51:58.0445898Z src/solver/Main.cc:85:16: warning: invalid suffix on literal; C++11 requires a space between literal and string macro [-Wliteral-suffix]
2026-10-08T14:51:58.0446862Z    85 |         printf("c conflicts             : %-12"PRIu64"   (%.0f /sec)\n", solver.conflicts, solver.conflicts / cpu_time);
2026-10-08T14:51:58.0447380Z       |                ^
2026-10-08T14:51:58.0448251Z src/solver/Main.cc:86:16: warning: invalid suffix on literal; C++11 requires a space between literal and string macro [-Wliteral-suffix]
2026-10-08T14:51:58.0449461Z    86 |         printf("c decisions             : %-12"PRIu64"   (%4.2f %% random) (%.0f /sec)\n", solver.decisions, (float)solver.rnd_decisions * 100 / (float)solver.decisions, solver.decisions / cpu_time);
2026-10-08T14:51:58.0450346Z       |                ^
2026-10-08T14:51:58.0451173Z src/solver/Main.cc:87:16: warning: invalid suffix on literal; C++11 requires a space between literal and string macro [-Wliteral-suffix]
2026-10-08T14:51:58.0452186Z    87 |         printf("c propagations          : %-12"PRIu64"   (%.0f /sec)\n", solver.propagations, solver.propagations / cpu_time);
2026-10-08T14:51:58.0452804Z       |                ^
2026-10-08T14:51:58.0453467Z src/solver/Main.cc:88:16: warning: invalid suffix on literal; C++11 requires a space between literal and string macro [-Wliteral-suffix]
2026-10-08T14:51:58.0454708Z    88 |         printf("c conflict literals     : %-12"PRIu64"   (%4.2f %% deleted)\n", solver.tot_literals, (solver.max_literals - solver.tot_literals) * 100 / (double)solver.max_literals);
2026-10-08T14:51:58.0455566Z       |                ^
2026-10-08T14:51:58.0456217Z src/solver/Main.cc:93:16: warning: invalid suffix on literal; C++11 requires a space between literal and string macro [-Wliteral-suffix]
2026-10-08T14:51:58.0457099Z    93 |         printf("c s_propagations        : %-12"PRIu64"\n", solver.s_propagations);
2026-10-08T14:51:58.0457582Z       |                ^
2026-10-08T14:51:58.0828261Z In file included from src/solver/Solver.h:53,
2026-10-08T14:51:58.0828759Z                  from src/solver/SimpSolver.h:37,
2026-10-08T14:51:58.0829163Z                  from src/core/distqldpc.cc:40:
2026-10-08T14:51:58.0830454Z src/solver/utils/Options.h:285:29: warning: invalid suffix on literal; C++11 requires a space between literal and string macro [-Wliteral-suffix]
2026-10-08T14:51:58.0831464Z   285 |             fprintf(stderr, "%4"PRIi64, range.begin);
2026-10-08T14:51:58.0831880Z       |                             ^
2026-10-08T14:51:58.0832660Z src/solver/utils/Options.h:291:29: warning: invalid suffix on literal; C++11 requires a space between literal and string macro [-Wliteral-suffix]
2026-10-08T14:51:58.0833471Z   291 |             fprintf(stderr, "%4"PRIi64, range.end);
2026-10-08T14:51:58.0833845Z       |                             ^
2026-10-08T14:51:58.0834574Z src/solver/utils/Options.h:293:25: warning: invalid suffix on literal; C++11 requires a space between literal and string macro [-Wliteral-suffix]
2026-10-08T14:51:58.0835395Z   293 |         fprintf(stderr, "] (default: %"PRIi64")\n", value);
2026-10-08T14:51:58.0835820Z       |                         ^
2026-10-08T14:51:58.1222488Z src/solver/Main.cc: In function ‘void printStats(Minisat::Solver&)’:
2026-10-08T14:51:58.1223810Z src/solver/Main.cc:92:46: warning: format ‘%llu’ expects argument of type ‘long long unsigned int’, but argument 2 has type ‘uint64_t’ {aka ‘long unsigned int’} [-Wformat=]
2026-10-08T14:51:58.1225046Z    92 |         printf("c nbSimplifyAll         : %llu\n", solver.nbSimplifyAll);
2026-10-08T14:51:58.1225566Z       |                                           ~~~^     ~~~~~~~~~~~~~~~~~~~~
2026-10-08T14:51:58.1225983Z       |                                              |            |
2026-10-08T14:51:58.1226415Z       |                                              |            uint64_t {aka long unsigned int}
2026-10-08T14:51:58.1226880Z       |                                              long long unsigned int
2026-10-08T14:51:58.1227277Z       |                                           %lu
2026-10-08T14:51:58.1234880Z src/solver/Main.cc: In function ‘int main(int, char**)’:
2026-10-08T14:51:58.1236107Z src/solver/Main.cc:187:34: warning: format ‘%llu’ expects argument of type ‘long long unsigned int’, but argument 2 has type ‘uint64_t’ {aka ‘long unsigned int’} [-Wformat=]
2026-10-08T14:51:58.1237036Z   187 |         printf("c initial UB: %llu\n", S.initUB);
2026-10-08T14:51:58.1237787Z       |                               ~~~^     ~~~~~~~~
2026-10-08T14:51:58.1238164Z       |                                  |       |
2026-10-08T14:51:58.1238567Z       |                                  |       uint64_t {aka long unsigned int}
2026-10-08T14:51:58.1239011Z       |                                  long long unsigned int
2026-10-08T14:51:58.1239395Z       |                               %lu
2026-10-08T14:51:58.1537535Z src/solver/Main.cc: At global scope:
2026-10-08T14:51:58.1538517Z src/solver/Main.cc:108:13: warning: ‘void SIGINT_exit(int)’ defined but not used [-Wunused-function]
2026-10-08T14:51:58.3356081Z   108 | static void SIGINT_exit(int signum) {
2026-10-08T14:51:58.3356550Z       |             ^~~~~~~~~~~
2026-10-08T14:51:58.3357326Z src/core/distqldpc.cc: In function ‘void pipe_write_result(int, int, bool)’:
2026-10-08T14:51:58.3358299Z src/core/distqldpc.cc:162:20: warning: ignoring return value of ‘ssize_t write(int, const void*, size_t)’ declared with attribute ‘warn_unused_result’ [-Wunused-result]
2026-10-08T14:51:58.3358862Z   162 |         (void)write(pipe_w, buf, (size_t)n);
2026-10-08T14:51:58.3359104Z       |               ~~~~~^~~~~~~~~~~~~~~~~~~~~~~~
2026-10-08T14:51:59.1532579Z make: Leaving directory '/home/runner/work/DistQLDPC/DistQLDPC/baseline'
2026-10-08T14:51:59.2099194Z rm -rf build bin/distqldpc bin/maxcdcl
2026-10-08T14:52:09.8582153Z rm -rf build bin/distqldpc bin/maxcdcl
2026-10-08T14:52:18.2437536Z ##[group]Run set +e
2026-10-08T14:52:18.2437788Z [36;1mset +e[0m
2026-10-08T14:52:18.2438971Z [36;1mpython3 qdistsat/benchmarks/compare_distqldpc_binaries.py             --baseline-bin "$GITHUB_WORKSPACE/baseline/bin/distqldpc"             --candidate-bin "$GITHUB_WORKSPACE/candidate/bin/distqldpc"             --data-root "$GITHUB_WORKSPACE/qdistsat/data"             --stems LP_136_32_4 BB_108_8_10             --timeout 45             --json-out "$GITHUB_WORKSPACE/benchmark-results/result.json"             --markdown-out "$GITHUB_WORKSPACE/benchmark-results/summary.md"[0m
2026-10-08T14:52:18.2440377Z [36;1mcode=$?[0m
2026-10-08T14:52:18.2440866Z [36;1mcat "$GITHUB_WORKSPACE/benchmark-results/summary.md" >> "$GITHUB_STEP_SUMMARY"[0m
2026-10-08T14:52:18.2441233Z [36;1mecho "exit_code=$code" >> "$GITHUB_OUTPUT"[0m
2026-10-08T14:52:18.2441467Z [36;1mexit 0[0m
2026-10-08T14:52:18.2496773Z shell: /usr/bin/bash --noprofile --norc -e -o pipefail {0}
2026-10-08T14:52:18.2497090Z ##[endgroup]
2026-10-08T14:52:34.6197800Z # DistQLDPC cross-repo benchmark
2026-10-08T14:52:34.6198031Z 
2026-10-08T14:52:34.6198182Z Scientific results match: **YES**
2026-10-08T14:52:34.6198370Z 
2026-10-08T14:52:34.6198551Z Timing is informational only; shared CI runners are noisy.
2026-10-08T14:52:34.6198875Z 
2026-10-08T14:52:34.6199089Z | Stem | Config | Baseline | Candidate | Cand/Base time | Semantic match |
2026-10-08T14:52:34.6199509Z |---|---|---:|---:|---:|---|
2026-10-08T14:52:34.6199869Z | LP_136_32_4 | no-card | d=4 (0.15s) | d=4 (0.15s) | 1.00x | YES |
2026-10-08T14:52:34.6200325Z | LP_136_32_4 | card-mto | d=4 (0.23s) | d=4 (0.22s) | 0.96x | YES |
2026-10-08T14:52:34.6200792Z | BB_108_8_10 | no-card | d=10 (3.46s) | d=10 (3.35s) | 0.97x | YES |
2026-10-08T14:52:34.6201142Z | BB_108_8_10 | card-mto | d=10 (4.43s) | d=10 (4.32s) | 0.98x | YES |
2026-10-08T14:52:34.6356914Z ##[group]Run actions/upload-artifact@v4
2026-10-08T14:52:34.6357318Z with:
2026-10-08T14:52:34.6357610Z   name: qdistsat-cross-repo-benchmark
2026-10-08T14:52:34.6357989Z   path: benchmark-results/
2026-10-08T14:52:34.6358289Z   retention-days: 14
2026-10-08T14:52:34.6358548Z   if-no-files-found: warn
2026-10-08T14:52:34.6358958Z   compression-level: 6
2026-10-08T14:52:34.6359236Z   overwrite: false
2026-10-08T14:52:34.6359565Z   include-hidden-files: false
2026-10-08T14:52:34.6359860Z ##[endgroup]
2026-10-08T14:52:34.7785861Z (node:2883) [DEP0040] DeprecationWarning: The `punycode` module is deprecated. Please use a userland alternative instead.
2026-10-08T14:52:34.7786722Z (Use `node --trace-deprecation ...` to show where the warning was created)
2026-10-08T14:52:34.7931321Z With the provided path, there will be 31 files uploaded
2026-10-08T14:52:34.7931995Z Artifact name is valid!
2026-10-08T14:52:34.7932356Z Root directory input is valid!
2026-10-08T14:52:35.0109777Z Beginning upload of artifact content to blob storage
2026-10-08T14:52:35.1659981Z (node:2883) [DEP0169] DeprecationWarning: `url.parse()` behavior is not standardized and prone to errors that have security implications. Use the WHATWG URL API instead. CVEs are not issued for `url.parse()` vulnerabilities.
2026-10-08T14:52:35.2133215Z Uploaded bytes 1253852
2026-10-08T14:52:35.2265651Z Finished uploading artifact content to blob storage!
2026-10-08T14:52:35.2266611Z SHA256 digest of uploaded artifact zip is cf722192a8ba30f6494852fe426cf3ecc9cb349f0237e6b8061c5dda490c2837
2026-10-08T14:52:35.2267337Z Finalizing artifact upload
2026-10-08T14:52:35.5093614Z Artifact qdistsat-cross-repo-benchmark.zip successfully finalized. Artifact ID 11558338471
2026-10-08T14:52:35.5094822Z Artifact qdistsat-cross-repo-benchmark has been successfully uploaded! Final size is 1253852 bytes. Artifact ID is 11558338471
2026-10-08T14:52:35.5099900Z Artifact download URL: https://github.com/guluchen/DistQLDPC/actions/runs/37795915838/artifacts/11558338471
2026-10-08T14:52:35.5249647Z ##[group]Run if [ "0" != "0" ]; then
2026-10-08T14:52:35.5249910Z [36;1mif [ "0" != "0" ]; then[0m
2026-10-08T14:52:35.5250295Z [36;1m  echo "QDistSAT detected a scientific-result mismatch between baseline and candidate DistQLDPC."[0m
2026-10-08T14:52:35.5250954Z [36;1m  exit 1[0m
2026-10-08T14:52:35.5251128Z [36;1mfi[0m
2026-10-08T14:52:35.5305166Z shell: /usr/bin/bash --noprofile --norc -e -o pipefail {0}
2026-10-08T14:52:35.5305610Z ##[endgroup]
2026-10-08T14:52:35.5451443Z Post job cleanup.
2026-10-08T14:52:35.6174608Z [command]/usr/bin/git version
2026-10-08T14:52:35.6221411Z git version 2.55.0
2026-10-08T14:52:35.6253018Z Temporarily overriding HOME='/home/runner/work/_temp/93e73a4c-fc5e-460b-98d8-b9f1439f990f' before making global git config changes
2026-10-08T14:52:35.6253801Z Adding repository directory to the temporary git global config as a safe directory
2026-10-08T14:52:35.6257433Z [command]/usr/bin/git config --global --add safe.directory /home/runner/work/DistQLDPC/DistQLDPC/qdistsat
2026-10-08T14:52:35.6304978Z Removing SSH command configuration
2026-10-08T14:52:35.6310327Z [command]/usr/bin/git config --local --name-only --get-regexp core\.sshCommand
2026-10-08T14:52:35.6353936Z [command]/usr/bin/git submodule foreach --recursive sh -c "git config --local --name-only --get-regexp 'core\.sshCommand' && git config --local --unset-all 'core.sshCommand' || :"
2026-10-08T14:52:35.6565460Z Removing HTTP extra header
2026-10-08T14:52:35.6571889Z [command]/usr/bin/git config --local --name-only --get-regexp http\.https\:\/\/github\.com\/\.extraheader
2026-10-08T14:52:35.6614797Z [command]/usr/bin/git submodule foreach --recursive sh -c "git config --local --name-only --get-regexp 'http\.https\:\/\/github\.com\/\.extraheader' && git config --local --unset-all 'http.https://github.com/.extraheader' || :"
2026-10-08T14:52:35.6824233Z Removing includeIf entries pointing to credentials config files
2026-10-08T14:52:35.6831346Z [command]/usr/bin/git config --local --name-only --get-regexp ^includeIf\.gitdir:
2026-10-08T14:52:35.6861742Z includeif.gitdir:/home/runner/work/DistQLDPC/DistQLDPC/qdistsat/.git.path
2026-10-08T14:52:35.6862572Z includeif.gitdir:/home/runner/work/DistQLDPC/DistQLDPC/qdistsat/.git/worktrees/*.path
2026-10-08T14:52:35.6863370Z includeif.gitdir:/github/workspace/qdistsat/.git.path
2026-10-08T14:52:35.6863901Z includeif.gitdir:/github/workspace/qdistsat/.git/worktrees/*.path
2026-10-08T14:52:35.6869988Z [command]/usr/bin/git config --local --get-all includeif.gitdir:/home/runner/work/DistQLDPC/DistQLDPC/qdistsat/.git.path
2026-10-08T14:52:35.6894405Z /home/runner/work/_temp/git-credentials-37614430-9c13-488c-a7be-9b6bc70f5f5d.config
2026-10-08T14:52:35.6912229Z [command]/usr/bin/git config --local --unset includeif.gitdir:/home/runner/work/DistQLDPC/DistQLDPC/qdistsat/.git.path \/home\/runner\/work\/_temp\/git\-credentials\-37614430\-9c13\-488c\-a7be\-9b6bc70f5f5d\.config
2026-10-08T14:52:35.6954683Z [command]/usr/bin/git config --local --get-all includeif.gitdir:/home/runner/work/DistQLDPC/DistQLDPC/qdistsat/.git/worktrees/*.path
2026-10-08T14:52:35.6983718Z /home/runner/work/_temp/git-credentials-37614430-9c13-488c-a7be-9b6bc70f5f5d.config
2026-10-08T14:52:35.6993229Z [command]/usr/bin/git config --local --unset includeif.gitdir:/home/runner/work/DistQLDPC/DistQLDPC/qdistsat/.git/worktrees/*.path \/home\/runner\/work\/_temp\/git\-credentials\-37614430\-9c13\-488c\-a7be\-9b6bc70f5f5d\.config
2026-10-08T14:52:35.7043599Z [command]/usr/bin/git config --local --get-all includeif.gitdir:/github/workspace/qdistsat/.git.path
2026-10-08T14:52:35.7073731Z /github/runner_temp/git-credentials-37614430-9c13-488c-a7be-9b6bc70f5f5d.config
2026-10-08T14:52:35.7081107Z [command]/usr/bin/git config --local --unset includeif.gitdir:/github/workspace/qdistsat/.git.path \/github\/runner_temp\/git\-credentials\-37614430\-9c13\-488c\-a7be\-9b6bc70f5f5d\.config
2026-10-08T14:52:35.7115641Z [command]/usr/bin/git config --local --get-all includeif.gitdir:/github/workspace/qdistsat/.git/worktrees/*.path
2026-10-08T14:52:35.7138377Z /github/runner_temp/git-credentials-37614430-9c13-488c-a7be-9b6bc70f5f5d.config
2026-10-08T14:52:35.7144774Z [command]/usr/bin/git config --local --unset includeif.gitdir:/github/workspace/qdistsat/.git/worktrees/*.path \/github\/runner_temp\/git\-credentials\-37614430\-9c13\-488c\-a7be\-9b6bc70f5f5d\.config
2026-10-08T14:52:35.7179215Z [command]/usr/bin/git submodule foreach --recursive git config --local --show-origin --name-only --get-regexp remote.origin.url
2026-10-08T14:52:35.7373202Z Removing credentials config '/home/runner/work/_temp/git-credentials-37614430-9c13-488c-a7be-9b6bc70f5f5d.config'
2026-10-08T14:52:35.7521051Z Post job cleanup.
2026-10-08T14:52:35.8258167Z [command]/usr/bin/git version
2026-10-08T14:52:35.8321901Z git version 2.55.0
2026-10-08T14:52:35.8350352Z Temporarily overriding HOME='/home/runner/work/_temp/62866d78-41d2-4d48-b76b-f5f49d334060' before making global git config changes
2026-10-08T14:52:35.8351711Z Adding repository directory to the temporary git global config as a safe directory
2026-10-08T14:52:35.8361512Z [command]/usr/bin/git config --global --add safe.directory /home/runner/work/DistQLDPC/DistQLDPC/baseline
2026-10-08T14:52:35.8401381Z Removing SSH command configuration
2026-10-08T14:52:35.8402119Z [command]/usr/bin/git config --local --name-only --get-regexp core\.sshCommand
2026-10-08T14:52:35.8452716Z [command]/usr/bin/git submodule foreach --recursive sh -c "git config --local --name-only --get-regexp 'core\.sshCommand' && git config --local --unset-all 'core.sshCommand' || :"
2026-10-08T14:52:35.8698640Z Removing HTTP extra header
2026-10-08T14:52:35.8699348Z [command]/usr/bin/git config --local --name-only --get-regexp http\.https\:\/\/github\.com\/\.extraheader
2026-10-08T14:52:35.8757018Z [command]/usr/bin/git submodule foreach --recursive sh -c "git config --local --name-only --get-regexp 'http\.https\:\/\/github\.com\/\.extraheader' && git config --local --unset-all 'http.https://github.com/.extraheader' || :"
2026-10-08T14:52:35.9018822Z Removing includeIf entries pointing to credentials config files
2026-10-08T14:52:35.9028053Z [command]/usr/bin/git config --local --name-only --get-regexp ^includeIf\.gitdir:
2026-10-08T14:52:35.9067833Z includeif.gitdir:/home/runner/work/DistQLDPC/DistQLDPC/baseline/.git.path
2026-10-08T14:52:35.9076942Z includeif.gitdir:/home/runner/work/DistQLDPC/DistQLDPC/baseline/.git/worktrees/*.path
2026-10-08T14:52:35.9077631Z includeif.gitdir:/github/workspace/baseline/.git.path
2026-10-08T14:52:35.9078170Z includeif.gitdir:/github/workspace/baseline/.git/worktrees/*.path
2026-10-08T14:52:35.9083694Z [command]/usr/bin/git config --local --get-all includeif.gitdir:/home/runner/work/DistQLDPC/DistQLDPC/baseline/.git.path
2026-10-08T14:52:35.9119865Z /home/runner/work/_temp/git-credentials-765671df-a9dc-4110-aa02-93b6a2b14653.config
2026-10-08T14:52:35.9145674Z [command]/usr/bin/git config --local --unset includeif.gitdir:/home/runner/work/DistQLDPC/DistQLDPC/baseline/.git.path \/home\/runner\/work\/_temp\/git\-credentials\-765671df\-a9dc\-4110\-aa02\-93b6a2b14653\.config
2026-10-08T14:52:35.9222305Z [command]/usr/bin/git config --local --get-all includeif.gitdir:/home/runner/work/DistQLDPC/DistQLDPC/baseline/.git/worktrees/*.path
2026-10-08T14:52:35.9241535Z /home/runner/work/_temp/git-credentials-765671df-a9dc-4110-aa02-93b6a2b14653.config
2026-10-08T14:52:35.9270269Z [command]/usr/bin/git config --local --unset includeif.gitdir:/home/runner/work/DistQLDPC/DistQLDPC/baseline/.git/worktrees/*.path \/home\/runner\/work\/_temp\/git\-credentials\-765671df\-a9dc\-4110\-aa02\-93b6a2b14653\.config
2026-10-08T14:52:35.9308655Z [command]/usr/bin/git config --local --get-all includeif.gitdir:/github/workspace/baseline/.git.path
2026-10-08T14:52:35.9345426Z /github/runner_temp/git-credentials-765671df-a9dc-4110-aa02-93b6a2b14653.config
2026-10-08T14:52:35.9354421Z [command]/usr/bin/git config --local --unset includeif.gitdir:/github/workspace/baseline/.git.path \/github\/runner_temp\/git\-credentials\-765671df\-a9dc\-4110\-aa02\-93b6a2b14653\.config
2026-10-08T14:52:35.9393657Z [command]/usr/bin/git config --local --get-all includeif.gitdir:/github/workspace/baseline/.git/worktrees/*.path
2026-10-08T14:52:35.9420874Z /github/runner_temp/git-credentials-765671df-a9dc-4110-aa02-93b6a2b14653.config
2026-10-08T14:52:35.9430445Z [command]/usr/bin/git config --local --unset includeif.gitdir:/github/workspace/baseline/.git/worktrees/*.path \/github\/runner_temp\/git\-credentials\-765671df\-a9dc\-4110\-aa02\-93b6a2b14653\.config
2026-10-08T14:52:35.9472029Z [command]/usr/bin/git submodule foreach --recursive git config --local --show-origin --name-only --get-regexp remote.origin.url
2026-10-08T14:52:35.9701700Z Removing credentials config '/home/runner/work/_temp/git-credentials-765671df-a9dc-4110-aa02-93b6a2b14653.config'
2026-10-08T14:52:35.9863281Z Post job cleanup.
2026-10-08T14:52:36.0583777Z [command]/usr/bin/git version
2026-10-08T14:52:36.0629253Z git version 2.55.0
2026-10-08T14:52:36.0671217Z Temporarily overriding HOME='/home/runner/work/_temp/6e3e084b-b576-4710-b22c-8f69c84e0f8f' before making global git config changes
2026-10-08T14:52:36.0672297Z Adding repository directory to the temporary git global config as a safe directory
2026-10-08T14:52:36.0673138Z [command]/usr/bin/git config --global --add safe.directory /home/runner/work/DistQLDPC/DistQLDPC/candidate
2026-10-08T14:52:36.0695587Z Removing SSH command configuration
2026-10-08T14:52:36.0701736Z [command]/usr/bin/git config --local --name-only --get-regexp core\.sshCommand
2026-10-08T14:52:36.0742014Z [command]/usr/bin/git submodule foreach --recursive sh -c "git config --local --name-only --get-regexp 'core\.sshCommand' && git config --local --unset-all 'core.sshCommand' || :"
2026-10-08T14:52:36.0950369Z Removing HTTP extra header
2026-10-08T14:52:36.0955954Z [command]/usr/bin/git config --local --name-only --get-regexp http\.https\:\/\/github\.com\/\.extraheader
2026-10-08T14:52:36.1002861Z [command]/usr/bin/git submodule foreach --recursive sh -c "git config --local --name-only --get-regexp 'http\.https\:\/\/github\.com\/\.extraheader' && git config --local --unset-all 'http.https://github.com/.extraheader' || :"
2026-10-08T14:52:36.1208703Z Removing includeIf entries pointing to credentials config files
2026-10-08T14:52:36.1231684Z [command]/usr/bin/git config --local --name-only --get-regexp ^includeIf\.gitdir:
2026-10-08T14:52:36.1265695Z includeif.gitdir:/home/runner/work/DistQLDPC/DistQLDPC/candidate/.git.path
2026-10-08T14:52:36.1271484Z includeif.gitdir:/home/runner/work/DistQLDPC/DistQLDPC/candidate/.git/worktrees/*.path
2026-10-08T14:52:36.1272376Z includeif.gitdir:/github/workspace/candidate/.git.path
2026-10-08T14:52:36.1281451Z includeif.gitdir:/github/workspace/candidate/.git/worktrees/*.path
2026-10-08T14:52:36.1282802Z [command]/usr/bin/git config --local --get-all includeif.gitdir:/home/runner/work/DistQLDPC/DistQLDPC/candidate/.git.path
2026-10-08T14:52:36.1298261Z /home/runner/work/_temp/git-credentials-c3bdf484-5a2f-476f-8614-e05c7c0c947b.config
2026-10-08T14:52:36.1307729Z [command]/usr/bin/git config --local --unset includeif.gitdir:/home/runner/work/DistQLDPC/DistQLDPC/candidate/.git.path \/home\/runner\/work\/_temp\/git\-credentials\-c3bdf484\-5a2f\-476f\-8614\-e05c7c0c947b\.config
2026-10-08T14:52:36.1355197Z [command]/usr/bin/git config --local --get-all includeif.gitdir:/home/runner/work/DistQLDPC/DistQLDPC/candidate/.git/worktrees/*.path
2026-10-08T14:52:36.1375218Z /home/runner/work/_temp/git-credentials-c3bdf484-5a2f-476f-8614-e05c7c0c947b.config
2026-10-08T14:52:36.1392279Z [command]/usr/bin/git config --local --unset includeif.gitdir:/home/runner/work/DistQLDPC/DistQLDPC/candidate/.git/worktrees/*.path \/home\/runner\/work\/_temp\/git\-credentials\-c3bdf484\-5a2f\-476f\-8614\-e05c7c0c947b\.config
2026-10-08T14:52:36.1430330Z [command]/usr/bin/git config --local --get-all includeif.gitdir:/github/workspace/candidate/.git.path
2026-10-08T14:52:36.1457531Z /github/runner_temp/git-credentials-c3bdf484-5a2f-476f-8614-e05c7c0c947b.config
2026-10-08T14:52:36.1476106Z [command]/usr/bin/git config --local --unset includeif.gitdir:/github/workspace/candidate/.git.path \/github\/runner_temp\/git\-credentials\-c3bdf484\-5a2f\-476f\-8614\-e05c7c0c947b\.config
2026-10-08T14:52:36.1509850Z [command]/usr/bin/git config --local --get-all includeif.gitdir:/github/workspace/candidate/.git/worktrees/*.path
2026-10-08T14:52:36.1540474Z /github/runner_temp/git-credentials-c3bdf484-5a2f-476f-8614-e05c7c0c947b.config
2026-10-08T14:52:36.1549245Z [command]/usr/bin/git config --local --unset includeif.gitdir:/github/workspace/candidate/.git/worktrees/*.path \/github\/runner_temp\/git\-credentials\-c3bdf484\-5a2f\-476f\-8614\-e05c7c0c947b\.config
2026-10-08T14:52:36.1591802Z [command]/usr/bin/git submodule foreach --recursive git config --local --show-origin --name-only --get-regexp remote.origin.url
2026-10-08T14:52:36.1818388Z Removing credentials config '/home/runner/work/_temp/git-credentials-c3bdf484-5a2f-476f-8614-e05c7c0c947b.config'
2026-10-08T14:52:36.1995930Z Cleaning up orphan processes
2026-10-08T14:52:36.2286158Z ##[warning]Node.js 20 is deprecated. The following actions target Node.js 20 but are being forced to run on Node.js 24: actions/upload-artifact@v4. For more information see: https://github.blog/changelog/2025-09-19-deprecation-of-node-20-on-github-actions-runners/

