0 done
BAD {"seed": 600002, "n": 10, "truth": ["sat", 5], "base": {"status": "unsat", "ok": false}, "cand": {"status": "unsat", "ok": false}, "check": {"status": "unsat", "ok": false}}
BAD {"seed": 600004, "n": 9, "truth": ["sat", 8], "base": {"status": "unsat", "ok": false}, "cand": {"status": "unsat", "ok": false}, "check": {"status": "unsat", "ok": false}}
BAD {"seed": 600010, "n": 14, "truth": ["sat", 3], "base": {"status": "unsat", "ok": false}, "cand": {"status": "unsat", "ok": false}, "check": {"status": "unsat", "ok": false}}
BAD {"seed": 600017, "n": 15, "truth": ["sat", 5], "base": {"status": "unsat", "ok": false}, "cand": {"status": "unsat", "ok": false}, "check": {"status": "unsat", "ok": false}}
BAD {"seed": 600019, "n": 14, "truth": ["sat", 6], "base": {"status": "unsat", "ok": false}, "cand": {"status": "unsat", "ok": false}, "check": {"status": "unsat", "ok": false}}
BAD {"seed": 600022, "n": 17, "truth": ["sat", 1], "base": {"status": "unsat", "ok": false}, "cand": {"status": "unsat", "ok": false}, "check": {"status": "unsat", "ok": false}}
BAD {"seed": 600029, "n": 16, "truth": ["sat", 4], "base": {"status": "unsat", "ok": false}, "cand": {"status": "unsat", "ok": false}, "check": {"status": "unsat", "ok": false}}
BAD {"seed": 600036, "n": 18, "truth": ["sat", 3], "base": {"status": "unsat", "ok": false}, "cand": {"status": "unsat", "ok": false}, "check": {"status": "unsat", "ok": false}}
BAD {"seed": 600037, "n": 13, "truth": ["sat", 6], "base": {"status": "unsat", "ok": false}, "cand": {"status": "unsat", "ok": false}, "check": {"status": "unsat", "ok": false}}
BAD {"seed": 600038, "n": 10, "truth": ["sat", 5], "base": {"status": "unsat", "ok": false}, "cand": {"status": "unsat", "ok": false}, "check": {"status": "unsat", "ok": false}}
BAD {"seed": 600043, "n": 19, "truth": ["sat", 1], "base": {"status": "unsat", "ok": false}, "cand": {"status": "unsat", "ok": false}, "check": {"status": "unsat", "ok": false}}
BAD {"seed": 600046, "n": 14, "truth": ["sat", 3], "base": {"status": "unsat", "ok": false}, "cand": {"status": "unsat", "ok": false}, "check": {"status": "unsat", "ok": false}}
BAD {"seed": 600058, "n": 15, "truth": ["sat", 2], "base": {"status": "unsat", "ok": false}, "cand": {"status": "unsat", "ok": false}, "check": {"status": "unsat", "ok": false}}
BAD {"seed": 600062, "n": 14, "truth": ["sat", 3], "base": {"status": "unsat", "ok": false}, "cand": {"status": "unsat", "ok": false}, "check": {"status": "unsat", "ok": false}}
BAD {"seed": 600068, "n": 16, "truth": ["sat", 3], "base": {"status": "unsat", "ok": false}, "cand": {"status": "unsat", "ok": false}, "check": {"status": "unsat", "ok": false}}
BAD {"seed": 600071, "n": 8, "truth": ["sat", 4], "base": {"status": "unsat", "ok": false}, "cand": {"status": "unsat", "ok": false}, "check": {"status": "unsat", "ok": false}}
BAD {"seed": 600076, "n": 13, "truth": ["sat", 3], "base": {"status": "unsat", "ok": false}, "cand": {"status": "unsat", "ok": false}, "check": {"status": "unsat", "ok": false}}
BAD {"seed": 600077, "n": 18, "truth": ["sat", 3], "base": {"status": "unsat", "ok": false}, "cand": {"status": "unsat", "ok": false}, "check": {"status": "unsat", "ok": false}}
BAD {"seed": 600080, "n": 11, "truth": ["sat", 4], "base": {"status": "unsat", "ok": false}, "cand": {"status": "unsat", "ok": false}, "check": {"status": "unsat", "ok": false}}
BAD {"seed": 600084, "n": 11, "truth": ["sat", 2], "base": {"status": "unsat", "ok": false}, "cand": {"status": "unsat", "ok": false}, "check": {"status": "unsat", "ok": false}}
BAD {"seed": 600086, "n": 17, "truth": ["sat", 3], "base": {"status": "unsat", "ok": false}, "cand": {"status": "unsat", "ok": false}, "check": {"status": "timeout", "ok": false}}
BAD {"seed": 600087, "n": 12, "truth": ["sat", 1], "base": {"status": "unsat", "ok": false}, "cand": {"status": "unsat", "ok": false}, "check": {"status": "unsat", "ok": false}}
BAD {"seed": 600089, "n": 14, "truth": ["sat", 7], "base": {"status": "unsat", "ok": false}, "cand": {"status": "unsat", "ok": false}, "check": {"status": "unsat", "ok": false}}
BAD {"seed": 600093, "n": 8, "truth": ["sat", 8], "base": {"status": "unsat", "ok": false}, "cand": {"status": "unsat", "ok": false}, "check": {"status": "unsat", "ok": false}}
BAD {"seed": 600097, "n": 12, "truth": ["sat", 2], "base": {"status": "unsat", "ok": false}, "cand": {"status": "unsat", "ok": false}, "check": {"status": "unsat", "ok": false}}
BAD {"seed": 600098, "n": 17, "truth": ["sat", 6], "base": {"status": "unsat", "ok": false}, "cand": {"status": "unsat", "ok": false}, "check": {"status": "unsat", "ok": false}}
BAD {"seed": 600110, "n": 17, "truth": ["sat", 1], "base": {"status": "unsat", "ok": false}, "cand": {"status": "unsat", "ok": false}, "check": {"status": "unsat", "ok": false}}
BAD {"seed": 600111, "n": 20, "truth": ["sat", 3], "base": {"status": "unsat", "ok": false}, "cand": {"status": "unsat", "ok": false}, "check": {"status": "unsat", "ok": false}}
BAD {"seed": 600113, "n": 17, "truth": ["sat", 2], "base": {"status": "unsat", "ok": false}, "cand": {"status": "timeout", "ok": false}, "check": {"status": "unsat", "ok": false}}
BAD {"seed": 600114, "n": 11, "truth": ["sat", 7], "base": {"status": "unsat", "ok": false}, "cand": {"status": "unsat", "ok": false}, "check": {"status": "unsat", "ok": false}}
BAD {"seed": 600117, "n": 12, "truth": ["sat", 4], "base": {"status": "unsat", "ok": false}, "cand": {"status": "unsat", "ok": false}, "check": {"status": "unsat", "ok": false}}
BAD {"seed": 600124, "n": 17, "truth": ["sat", 1], "base": {"status": "sat", "cost": 1, "ok": true}, "cand": {"status": "sat", "cost": 1, "ok": true}, "check": {"status": "crash", "rc": -10, "tail": "", "ok": false}}
BAD {"seed": 600129, "n": 10, "truth": ["sat", 3], "base": {"status": "unsat", "ok": false}, "cand": {"status": "unsat", "ok": false}, "check": {"status": "unsat", "ok": false}}
BAD {"seed": 600131, "n": 20, "truth": ["sat", 2], "base": {"status": "unsat", "ok": false}, "cand": {"status": "unsat", "ok": false}, "check": {"status": "unsat", "ok": false}}
BAD {"seed": 600135, "n": 9, "truth": ["sat", 2], "base": {"status": "unsat", "ok": false}, "cand": {"status": "unsat", "ok": false}, "check": {"status": "unsat", "ok": false}}
BAD {"seed": 600143, "n": 12, "truth": ["sat", 3], "base": {"status": "unsat", "ok": false}, "cand": {"status": "unsat", "ok": false}, "check": {"status": "unsat", "ok": false}}
BAD {"seed": 600146, "n": 18, "truth": ["sat", 1], "base": {"status": "unsat", "ok": false}, "cand": {"status": "unsat", "ok": false}, "check": {"status": "unsat", "ok": false}}
BAD {"seed": 600152, "n": 12, "truth": ["sat", 3], "base": {"status": "unsat", "ok": false}, "cand": {"status": "unsat", "ok": false}, "check": {"status": "unsat", "ok": false}}
BAD {"seed": 600158, "n": 13, "truth": ["sat", 9], "base": {"status": "unsat", "ok": false}, "cand": {"status": "unsat", "ok": false}, "check": {"status": "unsat", "ok": false}}
BAD {"seed": 600164, "n": 15, "truth": ["sat", 2], "base": {"status": "unsat", "ok": false}, "cand": {"status": "unsat", "ok": false}, "check": {"status": "unsat", "ok": false}}
BAD {"seed": 600168, "n": 18, "truth": ["sat", 3], "base": {"status": "unsat", "ok": false}, "cand": {"status": "unsat", "ok": false}, "check": {"status": "unsat", "ok": false}}
BAD {"seed": 600170, "n": 11, "truth": ["sat", 1], "base": {"status": "unsat", "ok": false}, "cand": {"status": "unsat", "ok": false}, "check": {"status": "unsat", "ok": false}}
BAD {"seed": 600171, "n": 10, "truth": ["sat", 1], "base": {"status": "unsat", "ok": false}, "cand": {"status": "unsat", "ok": false}, "check": {"status": "unsat", "ok": false}}
BAD {"seed": 600172, "n": 14, "truth": ["sat", 3], "base": {"status": "unsat", "ok": false}, "cand": {"status": "unsat", "ok": false}, "check": {"status": "unsat", "ok": false}}
BAD {"seed": 600175, "n": 12, "truth": ["sat", 5], "base": {"status": "unsat", "ok": false}, "cand": {"status": "unsat", "ok": false}, "check": {"status": "unsat", "ok": false}}
BAD {"seed": 600178, "n": 14, "truth": ["sat", 3], "base": {"status": "unsat", "ok": false}, "cand": {"status": "unsat", "ok": false}, "check": {"status": "unsat", "ok": false}}
BAD {"seed": 600180, "n": 15, "truth": ["sat", 2], "base": {"status": "unsat", "ok": false}, "cand": {"status": "unsat", "ok": false}, "check": {"status": "unsat", "ok": false}}
BAD {"seed": 600186, "n": 10, "truth": ["sat", 4], "base": {"status": "unsat", "ok": false}, "cand": {"status": "unsat", "ok": false}, "check": {"status": "unsat", "ok": false}}
BAD {"seed": 600194, "n": 20, "truth": ["sat", 3], "base": {"status": "unsat", "ok": false}, "cand": {"status": "unsat", "ok": false}, "check": {"status": "unsat", "ok": false}}
BAD {"seed": 600197, "n": 8, "truth": ["sat", 3], "base": {"status": "unsat", "ok": false}, "cand": {"status": "unsat", "ok": false}, "check": {"status": "unsat", "ok": false}}
BAD {"seed": 600198, "n": 20, "truth": ["sat", 1], "base": {"status": "unsat", "ok": false}, "cand": {"status": "unsat", "ok": false}, "check": {"status": "unsat", "ok": false}}
BAD {"seed": 600201, "n": 14, "truth": ["sat", 6], "base": {"status": "unsat", "ok": false}, "cand": {"status": "unsat", "ok": false}, "check": {"status": "unsat", "ok": false}}
BAD {"seed": 600203, "n": 14, "truth": ["sat", 2], "base": {"status": "unsat", "ok": false}, "cand": {"status": "unsat", "ok": false}, "check": {"status": "unsat", "ok": false}}
BAD {"seed": 600211, "n": 17, "truth": ["sat", 3], "base": {"status": "unsat", "ok": false}, "cand": {"status": "unsat", "ok": false}, "check": {"status": "unsat", "ok": false}}
BAD {"seed": 600216, "n": 16, "truth": ["sat", 3], "base": {"status": "unsat", "ok": false}, "cand": {"status": "unsat", "ok": false}, "check": {"status": "unsat", "ok": false}}
BAD {"seed": 600221, "n": 12, "truth": ["sat", 1], "base": {"status": "unsat", "ok": false}, "cand": {"status": "unsat", "ok": false}, "check": {"status": "unsat", "ok": false}}
BAD {"seed": 600223, "n": 17, "truth": ["sat", 3], "base": {"status": "unsat", "ok": false}, "cand": {"status": "unsat", "ok": false}, "check": {"status": "unsat", "ok": false}}
BAD {"seed": 600225, "n": 16, "truth": ["sat", 1], "base": {"status": "unsat", "ok": false}, "cand": {"status": "unsat", "ok": false}, "check": {"status": "unsat", "ok": false}}
BAD {"seed": 600229, "n": 8, "truth": ["sat", 2], "base": {"status": "unsat", "ok": false}, "cand": {"status": "unsat", "ok": false}, "check": {"status": "unsat", "ok": false}}
BAD {"seed": 600236, "n": 14, "truth": ["sat", 4], "base": {"status": "unsat", "ok": false}, "cand": {"status": "unsat", "ok": false}, "check": {"status": "unsat", "ok": false}}
BAD {"seed": 600238, "n": 10, "truth": ["sat", 5], "base": {"status": "unsat", "ok": false}, "cand": {"status": "unsat", "ok": false}, "check": {"status": "unsat", "ok": false}}
BAD {"seed": 600246, "n": 11, "truth": ["sat", 1], "base": {"status": "unsat", "ok": false}, "cand": {"status": "unsat", "ok": false}, "check": {"status": "unsat", "ok": false}}
BAD {"seed": 600248, "n": 14, "truth": ["sat", 3], "base": {"status": "unsat", "ok": false}, "cand": {"status": "unsat", "ok": false}, "check": {"status": "unsat", "ok": false}}
250 done
BAD {"seed": 600252, "n": 17, "truth": ["sat", 3], "base": {"status": "unsat", "ok": false}, "cand": {"status": "timeout", "ok": false}, "check": {"status": "timeout", "ok": false}}
BAD {"seed": 600257, "n": 12, "truth": ["sat", 3], "base": {"status": "unsat", "ok": false}, "cand": {"status": "unsat", "ok": false}, "check": {"status": "unsat", "ok": false}}
BAD {"seed": 600259, "n": 18, "truth": ["sat", 3], "base": {"status": "unsat", "ok": false}, "cand": {"status": "unsat", "ok": false}, "check": {"status": "unsat", "ok": false}}
BAD {"seed": 600260, "n": 15, "truth": ["sat", 2], "base": {"status": "unsat", "ok": false}, "cand": {"status": "unsat", "ok": false}, "check": {"status": "unsat", "ok": false}}
BAD {"seed": 600261, "n": 19, "truth": ["sat", 1], "base": {"status": "unsat", "ok": false}, "cand": {"status": "unsat", "ok": false}, "check": {"status": "unsat", "ok": false}}
BAD {"seed": 600262, "n": 19, "truth": ["sat", 1], "base": {"status": "unsat", "ok": false}, "cand": {"status": "unsat", "ok": false}, "check": {"status": "unsat", "ok": false}}
BAD {"seed": 600268, "n": 12, "truth": ["sat", 4], "base": {"status": "unsat", "ok": false}, "cand": {"status": "unsat", "ok": false}, "check": {"status": "unsat", "ok": false}}
BAD {"seed": 600269, "n": 11, "truth": ["sat", 4], "base": {"status": "unsat", "ok": false}, "cand": {"status": "unsat", "ok": false}, "check": {"status": "unsat", "ok": false}}
BAD {"seed": 600270, "n": 15, "truth": ["sat", 4], "base": {"status": "unsat", "ok": false}, "cand": {"status": "unsat", "ok": false}, "check": {"status": "unsat", "ok": false}}
BAD {"seed": 600275, "n": 14, "truth": ["sat", 5], "base": {"status": "unsat", "ok": false}, "cand": {"status": "unsat", "ok": false}, "check": {"status": "unsat", "ok": false}}
BAD {"seed": 600276, "n": 12, "truth": ["sat", 2], "base": {"status": "unsat", "ok": false}, "cand": {"status": "unsat", "ok": false}, "check": {"status": "unsat", "ok": false}}
BAD {"seed": 600279, "n": 10, "truth": ["sat", 4], "base": {"status": "unsat", "ok": false}, "cand": {"status": "unsat", "ok": false}, "check": {"status": "unsat", "ok": false}}
BAD {"seed": 600288, "n": 18, "truth": ["sat", 3], "base": {"status": "unsat", "ok": false}, "cand": {"status": "unsat", "ok": false}, "check": {"status": "unsat", "ok": false}}
BAD {"seed": 600293, "n": 11, "truth": ["sat", 2], "base": {"status": "unsat", "ok": false}, "cand": {"status": "unsat", "ok": false}, "check": {"status": "unsat", "ok": false}}
BAD {"seed": 600295, "n": 8, "truth": ["sat", 1], "base": {"status": "unsat", "ok": false}, "cand": {"status": "unsat", "ok": false}, "check": {"status": "unsat", "ok": false}}
BAD {"seed": 600297, "n": 14, "truth": ["sat", 3], "base": {"status": "unsat", "ok": false}, "cand": {"status": "unsat", "ok": false}, "check": {"status": "unsat", "ok": false}}
BAD {"seed": 600298, "n": 15, "truth": ["sat", 2], "base": {"status": "unsat", "ok": false}, "cand": {"status": "unsat", "ok": false}, "check": {"status": "unsat", "ok": false}}
BAD {"seed": 600299, "n": 17, "truth": ["sat", 3], "base": {"status": "unsat", "ok": false}, "cand": {"status": "unsat", "ok": false}, "check": {"status": "unsat", "ok": false}}
BAD {"seed": 600302, "n": 15, "truth": ["sat", 1], "base": {"status": "unsat", "ok": false}, "cand": {"status": "unsat", "ok": false}, "check": {"status": "unsat", "ok": false}}
BAD {"seed": 600303, "n": 10, "truth": ["sat", 3], "base": {"status": "unsat", "ok": false}, "cand": {"status": "unsat", "ok": false}, "check": {"status": "unsat", "ok": false}}
BAD {"seed": 600304, "n": 13, "truth": ["sat", 4], "base": {"status": "unsat", "ok": false}, "cand": {"status": "unsat", "ok": false}, "check": {"status": "unsat", "ok": false}}
BAD {"seed": 600307, "n": 20, "truth": ["sat", 3], "base": {"status": "unsat", "ok": false}, "cand": {"status": "unsat", "ok": false}, "check": {"status": "unsat", "ok": false}}
BAD {"seed": 600309, "n": 20, "truth": ["sat", 1], "base": {"status": "unsat", "ok": false}, "cand": {"status": "unsat", "ok": false}, "check": {"status": "unsat", "ok": false}}
BAD {"seed": 600310, "n": 19, "truth": ["sat", 4], "base": {"status": "unsat", "ok": false}, "cand": {"status": "unsat", "ok": false}, "check": {"status": "unsat", "ok": false}}
BAD {"seed": 600318, "n": 8, "truth": ["sat", 5], "base": {"status": "unsat", "ok": false}, "cand": {"status": "unsat", "ok": false}, "check": {"status": "unsat", "ok": false}}
BAD {"seed": 600325, "n": 11, "truth": ["sat", 3], "base": {"status": "unsat", "ok": false}, "cand": {"status": "unsat", "ok": false}, "check": {"status": "unsat", "ok": false}}
BAD {"seed": 600327, "n": 13, "truth": ["sat", 7], "base": {"status": "unsat", "ok": false}, "cand": {"status": "unsat", "ok": false}, "check": {"status": "unsat", "ok": false}}
BAD {"seed": 600328, "n": 20, "truth": ["sat", 2], "base": {"status": "unsat", "ok": false}, "cand": {"status": "unsat", "ok": false}, "check": {"status": "unsat", "ok": false}}
BAD {"seed": 600330, "n": 19, "truth": ["sat", 1], "base": {"status": "unsat", "ok": false}, "cand": {"status": "unsat", "ok": false}, "check": {"status": "unsat", "ok": false}}
BAD {"seed": 600336, "n": 9, "truth": ["sat", 3], "base": {"status": "unsat", "ok": false}, "cand": {"status": "unsat", "ok": false}, "check": {"status": "unsat", "ok": false}}
BAD {"seed": 600340, "n": 8, "truth": ["sat", 9], "base": {"status": "unsat", "ok": false}, "cand": {"status": "unsat", "ok": false}, "check": {"status": "unsat", "ok": false}}
BAD {"seed": 600348, "n": 11, "truth": ["sat", 4], "base": {"status": "unsat", "ok": false}, "cand": {"status": "unsat", "ok": false}, "check": {"status": "unsat", "ok": false}}
BAD {"seed": 600349, "n": 9, "truth": ["sat", 3], "base": {"status": "unsat", "ok": false}, "cand": {"status": "unsat", "ok": false}, "check": {"status": "unsat", "ok": false}}
BAD {"seed": 600351, "n": 17, "truth": ["sat", 4], "base": {"status": "unsat", "ok": false}, "cand": {"status": "crash", "rc": -11, "tail": "", "ok": false}, "check": {"status": "crash", "rc": -11, "tail": "", "ok": false}}
BAD {"seed": 600352, "n": 17, "truth": ["sat", 5], "base": {"status": "unsat", "ok": false}, "cand": {"status": "unsat", "ok": false}, "check": {"status": "unsat", "ok": false}}
BAD {"seed": 600356, "n": 8, "truth": ["sat", 6], "base": {"status": "unsat", "ok": false}, "cand": {"status": "unsat", "ok": false}, "check": {"status": "unsat", "ok": false}}
BAD {"seed": 600360, "n": 19, "truth": ["sat", 1], "base": {"status": "unsat", "ok": false}, "cand": {"status": "unsat", "ok": false}, "check": {"status": "unsat", "ok": false}}
BAD {"seed": 600361, "n": 18, "truth": ["sat", 2], "base": {"status": "unsat", "ok": false}, "cand": {"status": "unsat", "ok": false}, "check": {"status": "unsat", "ok": false}}
BAD {"seed": 600366, "n": 15, "truth": ["sat", 7], "base": {"status": "unsat", "ok": false}, "cand": {"status": "unsat", "ok": false}, "check": {"status": "unsat", "ok": false}}
BAD {"seed": 600369, "n": 15, "truth": ["sat", 3], "base": {"status": "unsat", "ok": false}, "cand": {"status": "unsat", "ok": false}, "check": {"status": "unsat", "ok": false}}
BAD {"seed": 600372, "n": 9, "truth": ["sat", 3], "base": {"status": "unsat", "ok": false}, "cand": {"status": "unsat", "ok": false}, "check": {"status": "unsat", "ok": false}}
BAD {"seed": 600379, "n": 16, "truth": ["sat", 4], "base": {"status": "unsat", "ok": false}, "cand": {"status": "unsat", "ok": false}, "check": {"status": "unsat", "ok": false}}
BAD {"seed": 600381, "n": 9, "truth": ["sat", 1], "base": {"status": "unsat", "ok": false}, "cand": {"status": "unsat", "ok": false}, "check": {"status": "unsat", "ok": false}}
BAD {"seed": 600385, "n": 14, "truth": ["sat", 3], "base": {"status": "unsat", "ok": false}, "cand": {"status": "unsat", "ok": false}, "check": {"status": "unsat", "ok": false}}
BAD {"seed": 600391, "n": 13, "truth": ["sat", 3], "base": {"status": "unsat", "ok": false}, "cand": {"status": "unsat", "ok": false}, "check": {"status": "unsat", "ok": false}}
BAD {"seed": 600397, "n": 13, "truth": ["sat", 2], "base": {"status": "unsat", "ok": false}, "cand": {"status": "unsat", "ok": false}, "check": {"status": "unsat", "ok": false}}
BAD {"seed": 600398, "n": 12, "truth": ["sat", 4], "base": {"status": "unsat", "ok": false}, "cand": {"status": "unsat", "ok": false}, "check": {"status": "unsat", "ok": false}}
BAD {"seed": 600399, "n": 13, "truth": ["sat", 5], "base": {"status": "unsat", "ok": false}, "cand": {"status": "unsat", "ok": false}, "check": {"status": "unsat", "ok": false}}
BAD {"seed": 600404, "n": 17, "truth": ["sat", 1], "base": {"status": "unsat", "ok": false}, "cand": {"status": "unsat", "ok": false}, "check": {"status": "unsat", "ok": false}}
BAD {"seed": 600405, "n": 8, "truth": ["sat", 4], "base": {"status": "unsat", "ok": false}, "cand": {"status": "unsat", "ok": false}, "check": {"status": "unsat", "ok": false}}
BAD {"seed": 600407, "n": 8, "truth": ["sat", 5], "base": {"status": "unsat", "ok": false}, "cand": {"status": "unsat", "ok": false}, "check": {"status": "unsat", "ok": false}}
BAD {"seed": 600411, "n": 13, "truth": ["sat", 1], "base": {"status": "unsat", "ok": false}, "cand": {"status": "unsat", "ok": false}, "check": {"status": "unsat", "ok": false}}
BAD {"seed": 600417, "n": 17, "truth": ["sat", 3], "base": {"status": "unsat", "ok": false}, "cand": {"status": "unsat", "ok": false}, "check": {"status": "unsat", "ok": false}}
BAD {"seed": 600432, "n": 16, "truth": ["sat", 1], "base": {"status": "unsat", "ok": false}, "cand": {"status": "unsat", "ok": false}, "check": {"status": "unsat", "ok": false}}
BAD {"seed": 600434, "n": 11, "truth": ["sat", 4], "base": {"status": "unsat", "ok": false}, "cand": {"status": "unsat", "ok": false}, "check": {"status": "unsat", "ok": false}}
BAD {"seed": 600435, "n": 13, "truth": ["sat", 4], "base": {"status": "unsat", "ok": false}, "cand": {"status": "unsat", "ok": false}, "check": {"status": "unsat", "ok": false}}
BAD {"seed": 600437, "n": 20, "truth": ["sat", 4], "base": {"status": "unsat", "ok": false}, "cand": {"status": "unsat", "ok": false}, "check": {"status": "unsat", "ok": false}}
BAD {"seed": 600438, "n": 17, "truth": ["sat", 5], "base": {"status": "unsat", "ok": false}, "cand": {"status": "timeout", "ok": false}, "check": {"status": "timeout", "ok": false}}
BAD {"seed": 600439, "n": 10, "truth": ["sat", 2], "base": {"status": "unsat", "ok": false}, "cand": {"status": "unsat", "ok": false}, "check": {"status": "unsat", "ok": false}}
BAD {"seed": 600441, "n": 18, "truth": ["sat", 2], "base": {"status": "unsat", "ok": false}, "cand": {"status": "unsat", "ok": false}, "check": {"status": "unsat", "ok": false}}
BAD {"seed": 600446, "n": 17, "truth": ["sat", 1], "base": {"status": "timeout", "ok": false}, "cand": {"status": "timeout", "ok": false}, "check": {"status": "sat", "cost": 1, "ok": true}}
BAD {"seed": 600447, "n": 14, "truth": ["sat", 3], "base": {"status": "unsat", "ok": false}, "cand": {"status": "unsat", "ok": false}, "check": {"status": "unsat", "ok": false}}
BAD {"seed": 600448, "n": 17, "truth": ["sat", 3], "base": {"status": "unsat", "ok": false}, "cand": {"status": "unsat", "ok": false}, "check": {"status": "unsat", "ok": false}}
BAD {"seed": 600449, "n": 18, "truth": ["sat", 7], "base": {"status": "unsat", "ok": false}, "cand": {"status": "unsat", "ok": false}, "check": {"status": "unsat", "ok": false}}
BAD {"seed": 600454, "n": 16, "truth": ["sat", 3], "base": {"status": "unsat", "ok": false}, "cand": {"status": "unsat", "ok": false}, "check": {"status": "unsat", "ok": false}}
BAD {"seed": 600461, "n": 15, "truth": ["sat", 1], "base": {"status": "unsat", "ok": false}, "cand": {"status": "unsat", "ok": false}, "check": {"status": "unsat", "ok": false}}
BAD {"seed": 600462, "n": 13, "truth": ["sat", 2], "base": {"status": "unsat", "ok": false}, "cand": {"status": "unsat", "ok": false}, "check": {"status": "unsat", "ok": false}}
BAD {"seed": 600463, "n": 10, "truth": ["sat", 3], "base": {"status": "unsat", "ok": false}, "cand": {"status": "unsat", "ok": false}, "check": {"status": "unsat", "ok": false}}
BAD {"seed": 600472, "n": 14, "truth": ["sat", 8], "base": {"status": "unsat", "ok": false}, "cand": {"status": "unsat", "ok": false}, "check": {"status": "unsat", "ok": false}}
BAD {"seed": 600474, "n": 9, "truth": ["sat", 2], "base": {"status": "unsat", "ok": false}, "cand": {"status": "unsat", "ok": false}, "check": {"status": "unsat", "ok": false}}
BAD {"seed": 600476, "n": 15, "truth": ["sat", 2], "base": {"status": "unsat", "ok": false}, "cand": {"status": "unsat", "ok": false}, "check": {"status": "unsat", "ok": false}}
BAD {"seed": 600480, "n": 11, "truth": ["sat", 7], "base": {"status": "unsat", "ok": false}, "cand": {"status": "unsat", "ok": false}, "check": {"status": "unsat", "ok": false}}
BAD {"seed": 600481, "n": 13, "truth": ["sat", 2], "base": {"status": "unsat", "ok": false}, "cand": {"status": "unsat", "ok": false}, "check": {"status": "unsat", "ok": false}}
BAD {"seed": 600483, "n": 10, "truth": ["sat", 3], "base": {"status": "unsat", "ok": false}, "cand": {"status": "unsat", "ok": false}, "check": {"status": "unsat", "ok": false}}
BAD {"seed": 600485, "n": 11, "truth": ["sat", 4], "base": {"status": "unsat", "ok": false}, "cand": {"status": "unsat", "ok": false}, "check": {"status": "unsat", "ok": false}}
BAD {"seed": 600489, "n": 10, "truth": ["sat", 2], "base": {"status": "unsat", "ok": false}, "cand": {"status": "unsat", "ok": false}, "check": {"status": "unsat", "ok": false}}
BAD {"seed": 600493, "n": 10, "truth": ["sat", 3], "base": {"status": "unsat", "ok": false}, "cand": {"status": "unsat", "ok": false}, "check": {"status": "unsat", "ok": false}}
BAD {"seed": 600494, "n": 14, "truth": ["sat", 1], "base": {"status": "unsat", "ok": false}, "cand": {"status": "unsat", "ok": false}, "check": {"status": "unsat", "ok": false}}
BAD {"seed": 600499, "n": 17, "truth": ["sat", 1], "base": {"status": "unsat", "ok": false}, "cand": {"status": "unsat", "ok": false}, "check": {"status": "unsat", "ok": false}}
500 done
BAD {"seed": 600505, "n": 9, "truth": ["sat", 4], "base": {"status": "unsat", "ok": false}, "cand": {"status": "unsat", "ok": false}, "check": {"status": "unsat", "ok": false}}
BAD {"seed": 600509, "n": 10, "truth": ["sat", 7], "base": {"status": "unsat", "ok": false}, "cand": {"status": "unsat", "ok": false}, "check": {"status": "unsat", "ok": false}}
BAD {"seed": 600513, "n": 11, "truth": ["sat", 4], "base": {"status": "unsat", "ok": false}, "cand": {"status": "unsat", "ok": false}, "check": {"status": "unsat", "ok": false}}
BAD {"seed": 600515, "n": 11, "truth": ["sat", 5], "base": {"status": "unsat", "ok": false}, "cand": {"status": "unsat", "ok": false}, "check": {"status": "unsat", "ok": false}}
BAD {"seed": 600517, "n": 18, "truth": ["sat", 2], "base": {"status": "unsat", "ok": false}, "cand": {"status": "unsat", "ok": false}, "check": {"status": "unsat", "ok": false}}
BAD {"seed": 600520, "n": 16, "truth": ["sat", 2], "base": {"status": "unsat", "ok": false}, "cand": {"status": "unsat", "ok": false}, "check": {"status": "unsat", "ok": false}}
BAD {"seed": 600528, "n": 20, "truth": ["sat", 6], "base": {"status": "unsat", "ok": false}, "cand": {"status": "unsat", "ok": false}, "check": {"status": "unsat", "ok": false}}
BAD {"seed": 600530, "n": 18, "truth": ["sat", 2], "base": {"status": "unsat", "ok": false}, "cand": {"status": "unsat", "ok": false}, "check": {"status": "unsat", "ok": false}}
BAD {"seed": 600533, "n": 13, "truth": ["sat", 2], "base": {"status": "unsat", "ok": false}, "cand": {"status": "unsat", "ok": false}, "check": {"status": "unsat", "ok": false}}
BAD {"seed": 600534, "n": 11, "truth": ["sat", 2], "base": {"status": "timeout", "ok": false}, "cand": {"status": "sat", "cost": 2, "ok": true}, "check": {"status": "timeout", "ok": false}}
BAD {"seed": 600538, "n": 12, "truth": ["sat", 4], "base": {"status": "unsat", "ok": false}, "cand": {"status": "unsat", "ok": false}, "check": {"status": "unsat", "ok": false}}
BAD {"seed": 600542, "n": 20, "truth": ["sat", 2], "base": {"status": "unsat", "ok": false}, "cand": {"status": "unsat", "ok": false}, "check": {"status": "unsat", "ok": false}}
BAD {"seed": 600543, "n": 14, "truth": ["sat", 5], "base": {"status": "unsat", "ok": false}, "cand": {"status": "unsat", "ok": false}, "check": {"status": "unsat", "ok": false}}
BAD {"seed": 600547, "n": 17, "truth": ["sat", 4], "base": {"status": "unsat", "ok": false}, "cand": {"status": "unsat", "ok": false}, "check": {"status": "unsat", "ok": false}}
BAD {"seed": 600556, "n": 19, "truth": ["sat", 7], "base": {"status": "unsat", "ok": false}, "cand": {"status": "unsat", "ok": false}, "check": {"status": "unsat", "ok": false}}
BAD {"seed": 600560, "n": 12, "truth": ["sat", 1], "base": {"status": "unsat", "ok": false}, "cand": {"status": "unsat", "ok": false}, "check": {"status": "unsat", "ok": false}}
BAD {"seed": 600563, "n": 11, "truth": ["sat", 3], "base": {"status": "unsat", "ok": false}, "cand": {"status": "unsat", "ok": false}, "check": {"status": "unsat", "ok": false}}
BAD {"seed": 600566, "n": 13, "truth": ["sat", 7], "base": {"status": "unsat", "ok": false}, "cand": {"status": "unsat", "ok": false}, "check": {"status": "unsat", "ok": false}}
BAD {"seed": 600569, "n": 9, "truth": ["sat", 1], "base": {"status": "unsat", "ok": false}, "cand": {"status": "unsat", "ok": false}, "check": {"status": "unsat", "ok": false}}
BAD {"seed": 600577, "n": 14, "truth": ["sat", 1], "base": {"status": "unsat", "ok": false}, "cand": {"status": "unsat", "ok": false}, "check": {"status": "unsat", "ok": false}}
BAD {"seed": 600578, "n": 15, "truth": ["sat", 2], "base": {"status": "unsat", "ok": false}, "cand": {"status": "unsat", "ok": false}, "check": {"status": "unsat", "ok": false}}
BAD {"seed": 600583, "n": 16, "truth": ["sat", 2], "base": {"status": "unsat", "ok": false}, "cand": {"status": "unsat", "ok": false}, "check": {"status": "unsat", "ok": false}}
BAD {"seed": 600585, "n": 12, "truth": ["sat", 1], "base": {"status": "unsat", "ok": false}, "cand": {"status": "unsat", "ok": false}, "check": {"status": "unsat", "ok": false}}
BAD {"seed": 600587, "n": 11, "truth": ["sat", 4], "base": {"status": "unsat", "ok": false}, "cand": {"status": "unsat", "ok": false}, "check": {"status": "unsat", "ok": false}}
BAD {"seed": 600590, "n": 10, "truth": ["sat", 3], "base": {"status": "unsat", "ok": false}, "cand": {"status": "unsat", "ok": false}, "check": {"status": "unsat", "ok": false}}
BAD {"seed": 600591, "n": 11, "truth": ["sat", 2], "base": {"status": "crash", "rc": -11, "tail": "", "ok": false}, "cand": {"status": "unsat", "ok": false}, "check": {"status": "unsat", "ok": false}}
BAD {"seed": 600593, "n": 11, "truth": ["sat", 5], "base": {"status": "unsat", "ok": false}, "cand": {"status": "unsat", "ok": false}, "check": {"status": "unsat", "ok": false}}
BAD {"seed": 600594, "n": 19, "truth": ["sat", 1], "base": {"status": "unsat", "ok": false}, "cand": {"status": "unsat", "ok": false}, "check": {"status": "unsat", "ok": false}}
BAD {"seed": 600598, "n": 9, "truth": ["sat", 3], "base": {"status": "unsat", "ok": false}, "cand": {"status": "unsat", "ok": false}, "check": {"status": "unsat", "ok": false}}
BAD {"seed": 600600, "n": 20, "truth": ["sat", 2], "base": {"status": "unsat", "ok": false}, "cand": {"status": "unsat", "ok": false}, "check": {"status": "unsat", "ok": false}}
BAD {"seed": 600602, "n": 15, "truth": ["sat", 3], "base": {"status": "unsat", "ok": false}, "cand": {"status": "unsat", "ok": false}, "check": {"status": "unsat", "ok": false}}
BAD {"seed": 600613, "n": 16, "truth": ["sat", 3], "base": {"status": "unsat", "ok": false}, "cand": {"status": "unsat", "ok": false}, "check": {"status": "unsat", "ok": false}}
BAD {"seed": 600616, "n": 13, "truth": ["sat", 4], "base": {"status": "unsat", "ok": false}, "cand": {"status": "unsat", "ok": false}, "check": {"status": "unsat", "ok": false}}
BAD {"seed": 600625, "n": 16, "truth": ["sat", 2], "base": {"status": "unsat", "ok": false}, "cand": {"status": "unsat", "ok": false}, "check": {"status": "unsat", "ok": false}}
BAD {"seed": 600628, "n": 17, "truth": ["sat", 3], "base": {"status": "unsat", "ok": false}, "cand": {"status": "unsat", "ok": false}, "check": {"status": "unsat", "ok": false}}
BAD {"seed": 600634, "n": 17, "truth": ["sat", 3], "base": {"status": "unsat", "ok": false}, "cand": {"status": "unsat", "ok": false}, "check": {"status": "unsat", "ok": false}}
BAD {"seed": 600635, "n": 14, "truth": ["sat", 2], "base": {"status": "unsat", "ok": false}, "cand": {"status": "unsat", "ok": false}, "check": {"status": "unsat", "ok": false}}
BAD {"seed": 600640, "n": 10, "truth": ["sat", 5], "base": {"status": "unsat", "ok": false}, "cand": {"status": "unsat", "ok": false}, "check": {"status": "unsat", "ok": false}}
BAD {"seed": 600641, "n": 8, "truth": ["sat", 4], "base": {"status": "unsat", "ok": false}, "cand": {"status": "unsat", "ok": false}, "check": {"status": "unsat", "ok": false}}
BAD {"seed": 600642, "n": 8, "truth": ["sat", 7], "base": {"status": "unsat", "ok": false}, "cand": {"status": "unsat", "ok": false}, "check": {"status": "unsat", "ok": false}}
BAD {"seed": 600649, "n": 8, "truth": ["sat", 6], "base": {"status": "unsat", "ok": false}, "cand": {"status": "unsat", "ok": false}, "check": {"status": "unsat", "ok": false}}
BAD {"seed": 600654, "n": 17, "truth": ["sat", 2], "base": {"status": "sat", "cost": 2, "ok": true}, "cand": {"status": "timeout", "ok": false}, "check": {"status": "timeout", "ok": false}}
BAD {"seed": 600655, "n": 17, "truth": ["sat", 3], "base": {"status": "unsat", "ok": false}, "cand": {"status": "unsat", "ok": false}, "check": {"status": "unsat", "ok": false}}
BAD {"seed": 600656, "n": 19, "truth": ["sat", 2], "base": {"status": "unsat", "ok": false}, "cand": {"status": "unsat", "ok": false}, "check": {"status": "unsat", "ok": false}}
BAD {"seed": 600661, "n": 19, "truth": ["sat", 6], "base": {"status": "unsat", "ok": false}, "cand": {"status": "unsat", "ok": false}, "check": {"status": "unsat", "ok": false}}
BAD {"seed": 600662, "n": 12, "truth": ["sat", 4], "base": {"status": "unsat", "ok": false}, "cand": {"status": "unsat", "ok": false}, "check": {"status": "unsat", "ok": false}}
BAD {"seed": 600665, "n": 10, "truth": ["sat", 7], "base": {"status": "unsat", "ok": false}, "cand": {"status": "unsat", "ok": false}, "check": {"status": "unsat", "ok": false}}
BAD {"seed": 600666, "n": 11, "truth": ["sat", 2], "base": {"status": "unsat", "ok": false}, "cand": {"status": "unsat", "ok": false}, "check": {"status": "unsat", "ok": false}}
BAD {"seed": 600669, "n": 17, "truth": ["sat", 4], "base": {"status": "unsat", "ok": false}, "cand": {"status": "unsat", "ok": false}, "check": {"status": "unsat", "ok": false}}
BAD {"seed": 600671, "n": 14, "truth": ["sat", 3], "base": {"status": "unsat", "ok": false}, "cand": {"status": "unsat", "ok": false}, "check": {"status": "unsat", "ok": false}}
BAD {"seed": 600675, "n": 18, "truth": ["sat", 4], "base": {"status": "unsat", "ok": false}, "cand": {"status": "unsat", "ok": false}, "check": {"status": "unsat", "ok": false}}
BAD {"seed": 600676, "n": 13, "truth": ["sat", 3], "base": {"status": "unsat", "ok": false}, "cand": {"status": "unsat", "ok": false}, "check": {"status": "unsat", "ok": false}}
BAD {"seed": 600679, "n": 15, "truth": ["sat", 5], "base": {"status": "unsat", "ok": false}, "cand": {"status": "unsat", "ok": false}, "check": {"status": "unsat", "ok": false}}
BAD {"seed": 600687, "n": 13, "truth": ["sat", 2], "base": {"status": "unsat", "ok": false}, "cand": {"status": "unsat", "ok": false}, "check": {"status": "unsat", "ok": false}}
BAD {"seed": 600690, "n": 16, "truth": ["sat", 2], "base": {"status": "unsat", "ok": false}, "cand": {"status": "unsat", "ok": false}, "check": {"status": "unsat", "ok": false}}
BAD {"seed": 600695, "n": 19, "truth": ["sat", 2], "base": {"status": "unsat", "ok": false}, "cand": {"status": "unsat", "ok": false}, "check": {"status": "unsat", "ok": false}}
BAD {"seed": 600696, "n": 18, "truth": ["sat", 1], "base": {"status": "unsat", "ok": false}, "cand": {"status": "unsat", "ok": false}, "check": {"status": "unsat", "ok": false}}
BAD {"seed": 600697, "n": 8, "truth": ["sat", 1], "base": {"status": "unsat", "ok": false}, "cand": {"status": "unsat", "ok": false}, "check": {"status": "unsat", "ok": false}}
BAD {"seed": 600699, "n": 14, "truth": ["sat", 2], "base": {"status": "unsat", "ok": false}, "cand": {"status": "unsat", "ok": false}, "check": {"status": "unsat", "ok": false}}
BAD {"seed": 600702, "n": 14, "truth": ["sat", 1], "base": {"status": "unsat", "ok": false}, "cand": {"status": "unsat", "ok": false}, "check": {"status": "unsat", "ok": false}}
BAD {"seed": 600704, "n": 12, "truth": ["sat", 3], "base": {"status": "unsat", "ok": false}, "cand": {"status": "unsat", "ok": false}, "check": {"status": "unsat", "ok": false}}
BAD {"seed": 600708, "n": 8, "truth": ["sat", 6], "base": {"status": "unsat", "ok": false}, "cand": {"status": "unsat", "ok": false}, "check": {"status": "unsat", "ok": false}}
BAD {"seed": 600711, "n": 15, "truth": ["sat", 1], "base": {"status": "unsat", "ok": false}, "cand": {"status": "unsat", "ok": false}, "check": {"status": "unsat", "ok": false}}
BAD {"seed": 600713, "n": 12, "truth": ["sat", 4], "base": {"status": "unsat", "ok": false}, "cand": {"status": "unsat", "ok": false}, "check": {"status": "unsat", "ok": false}}
BAD {"seed": 600717, "n": 10, "truth": ["sat", 3], "base": {"status": "unsat", "ok": false}, "cand": {"status": "unsat", "ok": false}, "check": {"status": "unsat", "ok": false}}
BAD {"seed": 600721, "n": 11, "truth": ["sat", 6], "base": {"status": "unsat", "ok": false}, "cand": {"status": "unsat", "ok": false}, "check": {"status": "unsat", "ok": false}}
BAD {"seed": 600722, "n": 13, "truth": ["sat", 5], "base": {"status": "unsat", "ok": false}, "cand": {"status": "unsat", "ok": false}, "check": {"status": "unsat", "ok": false}}
BAD {"seed": 600723, "n": 16, "truth": ["sat", 3], "base": {"status": "unsat", "ok": false}, "cand": {"status": "unsat", "ok": false}, "check": {"status": "unsat", "ok": false}}
BAD {"seed": 600725, "n": 9, "truth": ["sat", 4], "base": {"status": "unsat", "ok": false}, "cand": {"status": "unsat", "ok": false}, "check": {"status": "unsat", "ok": false}}
BAD {"seed": 600727, "n": 16, "truth": ["sat", 6], "base": {"status": "unsat", "ok": false}, "cand": {"status": "unsat", "ok": false}, "check": {"status": "unsat", "ok": false}}
BAD {"seed": 600729, "n": 20, "truth": ["sat", 8], "base": {"status": "unsat", "ok": false}, "cand": {"status": "unsat", "ok": false}, "check": {"status": "unsat", "ok": false}}
BAD {"seed": 600734, "n": 18, "truth": ["sat", 5], "base": {"status": "unsat", "ok": false}, "cand": {"status": "unsat", "ok": false}, "check": {"status": "unsat", "ok": false}}
BAD {"seed": 600739, "n": 12, "truth": ["sat", 3], "base": {"status": "unsat", "ok": false}, "cand": {"status": "unsat", "ok": false}, "check": {"status": "unsat", "ok": false}}
BAD {"seed": 600750, "n": 11, "truth": ["sat", 3], "base": {"status": "unsat", "ok": false}, "cand": {"status": "unsat", "ok": false}, "check": {"status": "unsat", "ok": false}}
750 done
BAD {"seed": 600752, "n": 8, "truth": ["sat", 1], "base": {"status": "unsat", "ok": false}, "cand": {"status": "unsat", "ok": false}, "check": {"status": "unsat", "ok": false}}
BAD {"seed": 600756, "n": 20, "truth": ["sat", 1], "base": {"status": "unsat", "ok": false}, "cand": {"status": "unsat", "ok": false}, "check": {"status": "unsat", "ok": false}}
BAD {"seed": 600764, "n": 17, "truth": ["sat", 2], "base": {"status": "sat", "cost": 2, "ok": true}, "cand": {"status": "timeout", "ok": false}, "check": {"status": "sat", "cost": 2, "ok": true}}
BAD {"seed": 600773, "n": 12, "truth": ["sat", 5], "base": {"status": "unsat", "ok": false}, "cand": {"status": "unsat", "ok": false}, "check": {"status": "unsat", "ok": false}}
BAD {"seed": 600780, "n": 13, "truth": ["sat", 4], "base": {"status": "unsat", "ok": false}, "cand": {"status": "unsat", "ok": false}, "check": {"status": "unsat", "ok": false}}
BAD {"seed": 600783, "n": 13, "truth": ["sat", 1], "base": {"status": "unsat", "ok": false}, "cand": {"status": "unsat", "ok": false}, "check": {"status": "unsat", "ok": false}}
BAD {"seed": 600786, "n": 17, "truth": ["sat", 1], "base": {"status": "unsat", "ok": false}, "cand": {"status": "unsat", "ok": false}, "check": {"status": "unsat", "ok": false}}
BAD {"seed": 600793, "n": 16, "truth": ["sat", 4], "base": {"status": "unsat", "ok": false}, "cand": {"status": "unsat", "ok": false}, "check": {"status": "unsat", "ok": false}}
BAD {"seed": 600798, "n": 16, "truth": ["sat", 2], "base": {"status": "unsat", "ok": false}, "cand": {"status": "unsat", "ok": false}, "check": {"status": "unsat", "ok": false}}
BAD {"seed": 600802, "n": 20, "truth": ["sat", 2], "base": {"status": "unsat", "ok": false}, "cand": {"status": "unsat", "ok": false}, "check": {"status": "unsat", "ok": false}}
BAD {"seed": 600808, "n": 20, "truth": ["sat", 4], "base": {"status": "unsat", "ok": false}, "cand": {"status": "unsat", "ok": false}, "check": {"status": "unsat", "ok": false}}
BAD {"seed": 600814, "n": 14, "truth": ["sat", 3], "base": {"status": "unsat", "ok": false}, "cand": {"status": "unsat", "ok": false}, "check": {"status": "unsat", "ok": false}}
BAD {"seed": 600817, "n": 11, "truth": ["sat", 4], "base": {"status": "unsat", "ok": false}, "cand": {"status": "unsat", "ok": false}, "check": {"status": "unsat", "ok": false}}
BAD {"seed": 600822, "n": 20, "truth": ["sat", 1], "base": {"status": "unsat", "ok": false}, "cand": {"status": "unsat", "ok": false}, "check": {"status": "unsat", "ok": false}}
BAD {"seed": 600831, "n": 8, "truth": ["sat", 5], "base": {"status": "unsat", "ok": false}, "cand": {"status": "unsat", "ok": false}, "check": {"status": "unsat", "ok": false}}
BAD {"seed": 600833, "n": 20, "truth": ["sat", 7], "base": {"status": "unsat", "ok": false}, "cand": {"status": "unsat", "ok": false}, "check": {"status": "unsat", "ok": false}}
BAD {"seed": 600835, "n": 19, "truth": ["sat", 2], "base": {"status": "unsat", "ok": false}, "cand": {"status": "unsat", "ok": false}, "check": {"status": "unsat", "ok": false}}
BAD {"seed": 600836, "n": 9, "truth": ["sat", 2], "base": {"status": "unsat", "ok": false}, "cand": {"status": "unsat", "ok": false}, "check": {"status": "unsat", "ok": false}}
BAD {"seed": 600837, "n": 16, "truth": ["sat", 4], "base": {"status": "unsat", "ok": false}, "cand": {"status": "unsat", "ok": false}, "check": {"status": "unsat", "ok": false}}
BAD {"seed": 600838, "n": 17, "truth": ["sat", 1], "base": {"status": "unsat", "ok": false}, "cand": {"status": "unsat", "ok": false}, "check": {"status": "unsat", "ok": false}}
BAD {"seed": 600841, "n": 9, "truth": ["sat", 2], "base": {"status": "unsat", "ok": false}, "cand": {"status": "unsat", "ok": false}, "check": {"status": "unsat", "ok": false}}
BAD {"seed": 600842, "n": 18, "truth": ["sat", 5], "base": {"status": "unsat", "ok": false}, "cand": {"status": "unsat", "ok": false}, "check": {"status": "unsat", "ok": false}}
BAD {"seed": 600847, "n": 15, "truth": ["sat", 3], "base": {"status": "unsat", "ok": false}, "cand": {"status": "unsat", "ok": false}, "check": {"status": "unsat", "ok": false}}
BAD {"seed": 600848, "n": 13, "truth": ["sat", 1], "base": {"status": "unsat", "ok": false}, "cand": {"status": "unsat", "ok": false}, "check": {"status": "unsat", "ok": false}}
BAD {"seed": 600849, "n": 14, "truth": ["sat", 3], "base": {"status": "unsat", "ok": false}, "cand": {"status": "unsat", "ok": false}, "check": {"status": "unsat", "ok": false}}
BAD {"seed": 600850, "n": 10, "truth": ["sat", 3], "base": {"status": "unsat", "ok": false}, "cand": {"status": "unsat", "ok": false}, "check": {"status": "unsat", "ok": false}}
BAD {"seed": 600852, "n": 17, "truth": ["sat", 2], "base": {"status": "unsat", "ok": false}, "cand": {"status": "unsat", "ok": false}, "check": {"status": "unsat", "ok": false}}
BAD {"seed": 600860, "n": 18, "truth": ["sat", 7], "base": {"status": "unsat", "ok": false}, "cand": {"status": "unsat", "ok": false}, "check": {"status": "unsat", "ok": false}}
BAD {"seed": 600861, "n": 11, "truth": ["sat", 8], "base": {"status": "unsat", "ok": false}, "cand": {"status": "unsat", "ok": false}, "check": {"status": "unsat", "ok": false}}
BAD {"seed": 600862, "n": 10, "truth": ["sat", 4], "base": {"status": "unsat", "ok": false}, "cand": {"status": "unsat", "ok": false}, "check": {"status": "unsat", "ok": false}}
BAD {"seed": 600868, "n": 15, "truth": ["sat", 2], "base": {"status": "unsat", "ok": false}, "cand": {"status": "unsat", "ok": false}, "check": {"status": "unsat", "ok": false}}
BAD {"seed": 600870, "n": 15, "truth": ["sat", 5], "base": {"status": "unsat", "ok": false}, "cand": {"status": "unsat", "ok": false}, "check": {"status": "unsat", "ok": false}}
BAD {"seed": 600876, "n": 18, "truth": ["sat", 1], "base": {"status": "unsat", "ok": false}, "cand": {"status": "unsat", "ok": false}, "check": {"status": "unsat", "ok": false}}
BAD {"seed": 600879, "n": 14, "truth": ["sat", 5], "base": {"status": "unsat", "ok": false}, "cand": {"status": "unsat", "ok": false}, "check": {"status": "unsat", "ok": false}}
BAD {"seed": 600880, "n": 12, "truth": ["sat", 3], "base": {"status": "unsat", "ok": false}, "cand": {"status": "unsat", "ok": false}, "check": {"status": "unsat", "ok": false}}
BAD {"seed": 600881, "n": 11, "truth": ["sat", 1], "base": {"status": "timeout", "ok": false}, "cand": {"status": "timeout", "ok": false}, "check": {"status": "timeout", "ok": false}}
BAD {"seed": 600883, "n": 8, "truth": ["sat", 4], "base": {"status": "unsat", "ok": false}, "cand": {"status": "unsat", "ok": false}, "check": {"status": "unsat", "ok": false}}
BAD {"seed": 600886, "n": 9, "truth": ["sat", 1], "base": {"status": "unsat", "ok": false}, "cand": {"status": "unsat", "ok": false}, "check": {"status": "unsat", "ok": false}}
BAD {"seed": 600888, "n": 12, "truth": ["sat", 4], "base": {"status": "unsat", "ok": false}, "cand": {"status": "unsat", "ok": false}, "check": {"status": "unsat", "ok": false}}
BAD {"seed": 600893, "n": 20, "truth": ["sat", 3], "base": {"status": "unsat", "ok": false}, "cand": {"status": "unsat", "ok": false}, "check": {"status": "unsat", "ok": false}}
BAD {"seed": 600897, "n": 9, "truth": ["sat", 1], "base": {"status": "unsat", "ok": false}, "cand": {"status": "unsat", "ok": false}, "check": {"status": "unsat", "ok": false}}
BAD {"seed": 600898, "n": 14, "truth": ["sat", 4], "base": {"status": "unsat", "ok": false}, "cand": {"status": "unsat", "ok": false}, "check": {"status": "unsat", "ok": false}}
BAD {"seed": 600900, "n": 20, "truth": ["sat", 3], "base": {"status": "unsat", "ok": false}, "cand": {"status": "unsat", "ok": false}, "check": {"status": "unsat", "ok": false}}
BAD {"seed": 600901, "n": 15, "truth": ["sat", 4], "base": {"status": "unsat", "ok": false}, "cand": {"status": "unsat", "ok": false}, "check": {"status": "unsat", "ok": false}}
BAD {"seed": 600906, "n": 12, "truth": ["sat", 4], "base": {"status": "unsat", "ok": false}, "cand": {"status": "unsat", "ok": false}, "check": {"status": "unsat", "ok": false}}
BAD {"seed": 600907, "n": 10, "truth": ["sat", 1], "base": {"status": "unsat", "ok": false}, "cand": {"status": "unsat", "ok": false}, "check": {"status": "unsat", "ok": false}}
BAD {"seed": 600910, "n": 19, "truth": ["sat", 2], "base": {"status": "unsat", "ok": false}, "cand": {"status": "unsat", "ok": false}, "check": {"status": "unsat", "ok": false}}
BAD {"seed": 600912, "n": 12, "truth": ["sat", 4], "base": {"status": "unsat", "ok": false}, "cand": {"status": "unsat", "ok": false}, "check": {"status": "unsat", "ok": false}}
BAD {"seed": 600918, "n": 14, "truth": ["sat", 4], "base": {"status": "unsat", "ok": false}, "cand": {"status": "unsat", "ok": false}, "check": {"status": "unsat", "ok": false}}
BAD {"seed": 600920, "n": 20, "truth": ["sat", 3], "base": {"status": "unsat", "ok": false}, "cand": {"status": "unsat", "ok": false}, "check": {"status": "unsat", "ok": false}}
BAD {"seed": 600926, "n": 9, "truth": ["sat", 2], "base": {"status": "timeout", "ok": false}, "cand": {"status": "timeout", "ok": false}, "check": {"status": "timeout", "ok": false}}
BAD {"seed": 600927, "n": 16, "truth": ["sat", 1], "base": {"status": "unsat", "ok": false}, "cand": {"status": "unsat", "ok": false}, "check": {"status": "unsat", "ok": false}}
BAD {"seed": 600928, "n": 15, "truth": ["sat", 2], "base": {"status": "unsat", "ok": false}, "cand": {"status": "unsat", "ok": false}, "check": {"status": "unsat", "ok": false}}
BAD {"seed": 600932, "n": 18, "truth": ["sat", 4], "base": {"status": "unsat", "ok": false}, "cand": {"status": "unsat", "ok": false}, "check": {"status": "unsat", "ok": false}}
BAD {"seed": 600933, "n": 18, "truth": ["sat", 3], "base": {"status": "unsat", "ok": false}, "cand": {"status": "unsat", "ok": false}, "check": {"status": "unsat", "ok": false}}
BAD {"seed": 600934, "n": 16, "truth": ["sat", 2], "base": {"status": "crash", "rc": -10, "tail": "", "ok": false}, "cand": {"status": "unsat", "ok": false}, "check": {"status": "unsat", "ok": false}}
BAD {"seed": 600937, "n": 17, "truth": ["sat", 3], "base": {"status": "sat", "cost": 3, "ok": true}, "cand": {"status": "crash", "rc": -11, "tail": "", "ok": false}, "check": {"status": "sat", "cost": 3, "ok": true}}
BAD {"seed": 600942, "n": 13, "truth": ["sat", 3], "base": {"status": "unsat", "ok": false}, "cand": {"status": "unsat", "ok": false}, "check": {"status": "unsat", "ok": false}}
BAD {"seed": 600945, "n": 18, "truth": ["sat", 3], "base": {"status": "unsat", "ok": false}, "cand": {"status": "unsat", "ok": false}, "check": {"status": "unsat", "ok": false}}
BAD {"seed": 600947, "n": 20, "truth": ["sat", 1], "base": {"status": "unsat", "ok": false}, "cand": {"status": "unsat", "ok": false}, "check": {"status": "unsat", "ok": false}}
BAD {"seed": 600948, "n": 12, "truth": ["sat", 5], "base": {"status": "unsat", "ok": false}, "cand": {"status": "unsat", "ok": false}, "check": {"status": "unsat", "ok": false}}
BAD {"seed": 600949, "n": 10, "truth": ["sat", 6], "base": {"status": "unsat", "ok": false}, "cand": {"status": "unsat", "ok": false}, "check": {"status": "unsat", "ok": false}}
BAD {"seed": 600952, "n": 18, "truth": ["sat", 1], "base": {"status": "unsat", "ok": false}, "cand": {"status": "unsat", "ok": false}, "check": {"status": "unsat", "ok": false}}
BAD {"seed": 600959, "n": 11, "truth": ["sat", 2], "base": {"status": "unsat", "ok": false}, "cand": {"status": "unsat", "ok": false}, "check": {"status": "unsat", "ok": false}}
BAD {"seed": 600960, "n": 16, "truth": ["sat", 4], "base": {"status": "unsat", "ok": false}, "cand": {"status": "unsat", "ok": false}, "check": {"status": "unsat", "ok": false}}
BAD {"seed": 600961, "n": 13, "truth": ["sat", 1], "base": {"status": "unsat", "ok": false}, "cand": {"status": "unsat", "ok": false}, "check": {"status": "unsat", "ok": false}}
BAD {"seed": 600971, "n": 12, "truth": ["sat", 1], "base": {"status": "unsat", "ok": false}, "cand": {"status": "unsat", "ok": false}, "check": {"status": "unsat", "ok": false}}
BAD {"seed": 600974, "n": 17, "truth": ["sat", 2], "base": {"status": "unsat", "ok": false}, "cand": {"status": "unsat", "ok": false}, "check": {"status": "unsat", "ok": false}}
BAD {"seed": 600976, "n": 8, "truth": ["sat", 4], "base": {"status": "unsat", "ok": false}, "cand": {"status": "unsat", "ok": false}, "check": {"status": "unsat", "ok": false}}
BAD {"seed": 600977, "n": 9, "truth": ["sat", 3], "base": {"status": "unsat", "ok": false}, "cand": {"status": "unsat", "ok": false}, "check": {"status": "unsat", "ok": false}}
BAD {"seed": 600982, "n": 10, "truth": ["sat", 3], "base": {"status": "unsat", "ok": false}, "cand": {"status": "unsat", "ok": false}, "check": {"status": "unsat", "ok": false}}
BAD {"seed": 600984, "n": 18, "truth": ["sat", 2], "base": {"status": "unsat", "ok": false}, "cand": {"status": "unsat", "ok": false}, "check": {"status": "unsat", "ok": false}}
BAD {"seed": 600988, "n": 16, "truth": ["sat", 1], "base": {"status": "unsat", "ok": false}, "cand": {"status": "unsat", "ok": false}, "check": {"status": "unsat", "ok": false}}
BAD {"seed": 600990, "n": 19, "truth": ["sat", 1], "base": {"status": "unsat", "ok": false}, "cand": {"status": "unsat", "ok": false}, "check": {"status": "unsat", "ok": false}}
BAD {"seed": 600995, "n": 14, "truth": ["sat", 4], "base": {"status": "unsat", "ok": false}, "cand": {"status": "unsat", "ok": false}, "check": {"status": "unsat", "ok": false}}
BAD {"seed": 601000, "n": 19, "truth": ["sat", 3], "base": {"status": "unsat", "ok": false}, "cand": {"status": "unsat", "ok": false}, "check": {"status": "unsat", "ok": false}}
1000 done
BAD {"seed": 601004, "n": 9, "truth": ["sat", 5], "base": {"status": "unsat", "ok": false}, "cand": {"status": "unsat", "ok": false}, "check": {"status": "unsat", "ok": false}}
BAD {"seed": 601005, "n": 11, "truth": ["sat", 1], "base": {"status": "crash", "rc": -11, "tail": "", "ok": false}, "cand": {"status": "unsat", "ok": false}, "check": {"status": "crash", "rc": -10, "tail": "", "ok": false}}
BAD {"seed": 601006, "n": 20, "truth": ["sat", 3], "base": {"status": "unsat", "ok": false}, "cand": {"status": "unsat", "ok": false}, "check": {"status": "unsat", "ok": false}}
BAD {"seed": 601012, "n": 11, "truth": ["sat", 2], "base": {"status": "unsat", "ok": false}, "cand": {"status": "unsat", "ok": false}, "check": {"status": "unsat", "ok": false}}
BAD {"seed": 601016, "n": 11, "truth": ["sat", 3], "base": {"status": "crash", "rc": -10, "tail": "", "ok": false}, "cand": {"status": "unsat", "ok": false}, "check": {"status": "crash", "rc": -10, "tail": "", "ok": false}}
BAD {"seed": 601019, "n": 20, "truth": ["sat", 3], "base": {"status": "unsat", "ok": false}, "cand": {"status": "unsat", "ok": false}, "check": {"status": "unsat", "ok": false}}
BAD {"seed": 601023, "n": 18, "truth": ["sat", 3], "base": {"status": "unsat", "ok": false}, "cand": {"status": "unsat", "ok": false}, "check": {"status": "unsat", "ok": false}}
BAD {"seed": 601026, "n": 14, "truth": ["sat", 1], "base": {"status": "unsat", "ok": false}, "cand": {"status": "unsat", "ok": false}, "check": {"status": "unsat", "ok": false}}
BAD {"seed": 601028, "n": 18, "truth": ["sat", 3], "base": {"status": "unsat", "ok": false}, "cand": {"status": "unsat", "ok": false}, "check": {"status": "unsat", "ok": false}}
BAD {"seed": 601030, "n": 19, "truth": ["sat", 1], "base": {"status": "unsat", "ok": false}, "cand": {"status": "unsat", "ok": false}, "check": {"status": "unsat", "ok": false}}
BAD {"seed": 601032, "n": 10, "truth": ["sat", 6], "base": {"status": "unsat", "ok": false}, "cand": {"status": "unsat", "ok": false}, "check": {"status": "unsat", "ok": false}}
BAD {"seed": 601034, "n": 10, "truth": ["sat", 1], "base": {"status": "unsat", "ok": false}, "cand": {"status": "unsat", "ok": false}, "check": {"status": "unsat", "ok": false}}
BAD {"seed": 601041, "n": 17, "truth": ["sat", 2], "base": {"status": "unsat", "ok": false}, "cand": {"status": "unsat", "ok": false}, "check": {"status": "unsat", "ok": false}}
BAD {"seed": 601044, "n": 10, "truth": ["sat", 3], "base": {"status": "unsat", "ok": false}, "cand": {"status": "unsat", "ok": false}, "check": {"status": "unsat", "ok": false}}
BAD {"seed": 601047, "n": 13, "truth": ["sat", 6], "base": {"status": "unsat", "ok": false}, "cand": {"status": "unsat", "ok": false}, "check": {"status": "unsat", "ok": false}}
BAD {"seed": 601053, "n": 16, "truth": ["sat", 4], "base": {"status": "unsat", "ok": false}, "cand": {"status": "unsat", "ok": false}, "check": {"status": "unsat", "ok": false}}
BAD {"seed": 601055, "n": 15, "truth": ["sat", 3], "base": {"status": "unsat", "ok": false}, "cand": {"status": "unsat", "ok": false}, "check": {"status": "unsat", "ok": false}}
BAD {"seed": 601057, "n": 19, "truth": ["sat", 4], "base": {"status": "unsat", "ok": false}, "cand": {"status": "unsat", "ok": false}, "check": {"status": "unsat", "ok": false}}
BAD {"seed": 601075, "n": 18, "truth": ["sat", 1], "base": {"status": "unsat", "ok": false}, "cand": {"status": "unsat", "ok": false}, "check": {"status": "unsat", "ok": false}}
BAD {"seed": 601077, "n": 8, "truth": ["sat", 3], "base": {"status": "unsat", "ok": false}, "cand": {"status": "unsat", "ok": false}, "check": {"status": "unsat", "ok": false}}
BAD {"seed": 601080, "n": 8, "truth": ["sat", 5], "base": {"status": "unsat", "ok": false}, "cand": {"status": "unsat", "ok": false}, "check": {"status": "unsat", "ok": false}}
BAD {"seed": 601084, "n": 12, "truth": ["sat", 5], "base": {"status": "unsat", "ok": false}, "cand": {"status": "unsat", "ok": false}, "check": {"status": "unsat", "ok": false}}
BAD {"seed": 601085, "n": 18, "truth": ["sat", 5], "base": {"status": "unsat", "ok": false}, "cand": {"status": "unsat", "ok": false}, "check": {"status": "unsat", "ok": false}}
BAD {"seed": 601088, "n": 14, "truth": ["sat", 2], "base": {"status": "unsat", "ok": false}, "cand": {"status": "unsat", "ok": false}, "check": {"status": "unsat", "ok": false}}
BAD {"seed": 601091, "n": 9, "truth": ["sat", 4], "base": {"status": "unsat", "ok": false}, "cand": {"status": "unsat", "ok": false}, "check": {"status": "unsat", "ok": false}}
BAD {"seed": 601092, "n": 13, "truth": ["sat", 3], "base": {"status": "unsat", "ok": false}, "cand": {"status": "unsat", "ok": false}, "check": {"status": "unsat", "ok": false}}
BAD {"seed": 601093, "n": 9, "truth": ["sat", 4], "base": {"status": "unsat", "ok": false}, "cand": {"status": "unsat", "ok": false}, "check": {"status": "unsat", "ok": false}}
BAD {"seed": 601097, "n": 9, "truth": ["sat", 6], "base": {"status": "unsat", "ok": false}, "cand": {"status": "unsat", "ok": false}, "check": {"status": "unsat", "ok": false}}
BAD {"seed": 601099, "n": 20, "truth": ["sat", 1], "base": {"status": "unsat", "ok": false}, "cand": {"status": "unsat", "ok": false}, "check": {"status": "unsat", "ok": false}}
BAD {"seed": 601103, "n": 10, "truth": ["sat", 1], "base": {"status": "unsat", "ok": false}, "cand": {"status": "unsat", "ok": false}, "check": {"status": "unsat", "ok": false}}
BAD {"seed": 601105, "n": 17, "truth": ["sat", 2], "base": {"status": "unsat", "ok": false}, "cand": {"status": "unsat", "ok": false}, "check": {"status": "unsat", "ok": false}}
BAD {"seed": 601109, "n": 16, "truth": ["sat", 2], "base": {"status": "unsat", "ok": false}, "cand": {"status": "unsat", "ok": false}, "check": {"status": "unsat", "ok": false}}
BAD {"seed": 601110, "n": 15, "truth": ["sat", 1], "base": {"status": "unsat", "ok": false}, "cand": {"status": "unsat", "ok": false}, "check": {"status": "unsat", "ok": false}}
BAD {"seed": 601115, "n": 10, "truth": ["sat", 6], "base": {"status": "unsat", "ok": false}, "cand": {"status": "unsat", "ok": false}, "check": {"status": "unsat", "ok": false}}
BAD {"seed": 601116, "n": 9, "truth": ["sat", 9], "base": {"status": "unsat", "ok": false}, "cand": {"status": "unsat", "ok": false}, "check": {"status": "unsat", "ok": false}}
BAD {"seed": 601118, "n": 19, "truth": ["sat", 6], "base": {"status": "unsat", "ok": false}, "cand": {"status": "unsat", "ok": false}, "check": {"status": "unsat", "ok": false}}
BAD {"seed": 601124, "n": 14, "truth": ["sat", 5], "base": {"status": "unsat", "ok": false}, "cand": {"status": "unsat", "ok": false}, "check": {"status": "unsat", "ok": false}}
BAD {"seed": 601131, "n": 10, "truth": ["sat", 3], "base": {"status": "unsat", "ok": false}, "cand": {"status": "unsat", "ok": false}, "check": {"status": "unsat", "ok": false}}
BAD {"seed": 601137, "n": 15, "truth": ["sat", 2], "base": {"status": "unsat", "ok": false}, "cand": {"status": "unsat", "ok": false}, "check": {"status": "unsat", "ok": false}}
BAD {"seed": 601140, "n": 14, "truth": ["sat", 2], "base": {"status": "unsat", "ok": false}, "cand": {"status": "unsat", "ok": false}, "check": {"status": "unsat", "ok": false}}
BAD {"seed": 601162, "n": 13, "truth": ["sat", 4], "base": {"status": "unsat", "ok": false}, "cand": {"status": "unsat", "ok": false}, "check": {"status": "unsat", "ok": false}}
BAD {"seed": 601164, "n": 10, "truth": ["sat", 4], "base": {"status": "unsat", "ok": false}, "cand": {"status": "unsat", "ok": false}, "check": {"status": "unsat", "ok": false}}
BAD {"seed": 601166, "n": 9, "truth": ["sat", 5], "base": {"status": "unsat", "ok": false}, "cand": {"status": "unsat", "ok": false}, "check": {"status": "unsat", "ok": false}}
BAD {"seed": 601167, "n": 14, "truth": ["sat", 1], "base": {"status": "unsat", "ok": false}, "cand": {"status": "unsat", "ok": false}, "check": {"status": "unsat", "ok": false}}
BAD {"seed": 601169, "n": 20, "truth": ["sat", 2], "base": {"status": "unsat", "ok": false}, "cand": {"status": "unsat", "ok": false}, "check": {"status": "unsat", "ok": false}}
BAD {"seed": 601170, "n": 8, "truth": ["sat", 3], "base": {"status": "unsat", "ok": false}, "cand": {"status": "unsat", "ok": false}, "check": {"status": "unsat", "ok": false}}
BAD {"seed": 601178, "n": 18, "truth": ["sat", 2], "base": {"status": "unsat", "ok": false}, "cand": {"status": "unsat", "ok": false}, "check": {"status": "unsat", "ok": false}}
BAD {"seed": 601183, "n": 12, "truth": ["sat", 5], "base": {"status": "unsat", "ok": false}, "cand": {"status": "unsat", "ok": false}, "check": {"status": "unsat", "ok": false}}
BAD {"seed": 601186, "n": 20, "truth": ["sat", 5], "base": {"status": "unsat", "ok": false}, "cand": {"status": "unsat", "ok": false}, "check": {"status": "unsat", "ok": false}}
BAD {"seed": 601192, "n": 9, "truth": ["sat", 4], "base": {"status": "unsat", "ok": false}, "cand": {"status": "unsat", "ok": false}, "check": {"status": "unsat", "ok": false}}
BAD {"seed": 601193, "n": 17, "truth": ["sat", 1], "base": {"status": "unsat", "ok": false}, "cand": {"status": "unsat", "ok": false}, "check": {"status": "unsat", "ok": false}}
BAD {"seed": 601194, "n": 15, "truth": ["sat", 5], "base": {"status": "unsat", "ok": false}, "cand": {"status": "unsat", "ok": false}, "check": {"status": "unsat", "ok": false}}
BAD {"seed": 601198, "n": 20, "truth": ["sat", 3], "base": {"status": "unsat", "ok": false}, "cand": {"status": "unsat", "ok": false}, "check": {"status": "unsat", "ok": false}}
BAD {"seed": 601204, "n": 13, "truth": ["sat", 4], "base": {"status": "unsat", "ok": false}, "cand": {"status": "unsat", "ok": false}, "check": {"status": "unsat", "ok": false}}
BAD {"seed": 601207, "n": 11, "truth": ["sat", 6], "base": {"status": "unsat", "ok": false}, "cand": {"status": "unsat", "ok": false}, "check": {"status": "unsat", "ok": false}}
BAD {"seed": 601209, "n": 18, "truth": ["sat", 1], "base": {"status": "unsat", "ok": false}, "cand": {"status": "unsat", "ok": false}, "check": {"status": "unsat", "ok": false}}
BAD {"seed": 601210, "n": 10, "truth": ["sat", 4], "base": {"status": "unsat", "ok": false}, "cand": {"status": "unsat", "ok": false}, "check": {"status": "unsat", "ok": false}}
BAD {"seed": 601211, "n": 14, "truth": ["sat", 3], "base": {"status": "unsat", "ok": false}, "cand": {"status": "unsat", "ok": false}, "check": {"status": "unsat", "ok": false}}
BAD {"seed": 601213, "n": 9, "truth": ["sat", 3], "base": {"status": "unsat", "ok": false}, "cand": {"status": "unsat", "ok": false}, "check": {"status": "unsat", "ok": false}}
BAD {"seed": 601216, "n": 9, "truth": ["sat", 6], "base": {"status": "unsat", "ok": false}, "cand": {"status": "unsat", "ok": false}, "check": {"status": "unsat", "ok": false}}
BAD {"seed": 601218, "n": 10, "truth": ["sat", 5], "base": {"status": "unsat", "ok": false}, "cand": {"status": "unsat", "ok": false}, "check": {"status": "unsat", "ok": false}}
BAD {"seed": 601219, "n": 14, "truth": ["sat", 1], "base": {"status": "unsat", "ok": false}, "cand": {"status": "unsat", "ok": false}, "check": {"status": "unsat", "ok": false}}
BAD {"seed": 601220, "n": 9, "truth": ["sat", 4], "base": {"status": "unsat", "ok": false}, "cand": {"status": "unsat", "ok": false}, "check": {"status": "unsat", "ok": false}}
BAD {"seed": 601223, "n": 15, "truth": ["sat", 2], "base": {"status": "unsat", "ok": false}, "cand": {"status": "unsat", "ok": false}, "check": {"status": "unsat", "ok": false}}
BAD {"seed": 601238, "n": 17, "truth": ["sat", 5], "base": {"status": "unsat", "ok": false}, "cand": {"status": "unsat", "ok": false}, "check": {"status": "unsat", "ok": false}}
BAD {"seed": 601243, "n": 16, "truth": ["sat", 5], "base": {"status": "unsat", "ok": false}, "cand": {"status": "unsat", "ok": false}, "check": {"status": "unsat", "ok": false}}
BAD {"seed": 601245, "n": 17, "truth": ["sat", 2], "base": {"status": "unsat", "ok": false}, "cand": {"status": "unsat", "ok": false}, "check": {"status": "unsat", "ok": false}}
BAD {"seed": 601250, "n": 17, "truth": ["sat", 2], "base": {"status": "timeout", "ok": false}, "cand": {"status": "unsat", "ok": false}, "check": {"status": "unsat", "ok": false}}
1250 done
BAD {"seed": 601251, "n": 18, "truth": ["sat", 1], "base": {"status": "unsat", "ok": false}, "cand": {"status": "unsat", "ok": false}, "check": {"status": "unsat", "ok": false}}
BAD {"seed": 601253, "n": 13, "truth": ["sat", 2], "base": {"status": "unsat", "ok": false}, "cand": {"status": "unsat", "ok": false}, "check": {"status": "unsat", "ok": false}}
BAD {"seed": 601255, "n": 8, "truth": ["sat", 1], "base": {"status": "unsat", "ok": false}, "cand": {"status": "unsat", "ok": false}, "check": {"status": "unsat", "ok": false}}
BAD {"seed": 601257, "n": 9, "truth": ["sat", 4], "base": {"status": "unsat", "ok": false}, "cand": {"status": "unsat", "ok": false}, "check": {"status": "unsat", "ok": false}}
BAD {"seed": 601260, "n": 11, "truth": ["sat", 2], "base": {"status": "unsat", "ok": false}, "cand": {"status": "unsat", "ok": false}, "check": {"status": "unsat", "ok": false}}
BAD {"seed": 601265, "n": 13, "truth": ["sat", 10], "base": {"status": "unsat", "ok": false}, "cand": {"status": "unsat", "ok": false}, "check": {"status": "unsat", "ok": false}}
BAD {"seed": 601267, "n": 9, "truth": ["sat", 3], "base": {"status": "unsat", "ok": false}, "cand": {"status": "unsat", "ok": false}, "check": {"status": "unsat", "ok": false}}
BAD {"seed": 601268, "n": 10, "truth": ["sat", 5], "base": {"status": "unsat", "ok": false}, "cand": {"status": "unsat", "ok": false}, "check": {"status": "unsat", "ok": false}}
BAD {"seed": 601274, "n": 11, "truth": ["sat", 4], "base": {"status": "unsat", "ok": false}, "cand": {"status": "unsat", "ok": false}, "check": {"status": "unsat", "ok": false}}
BAD {"seed": 601276, "n": 20, "truth": ["sat", 3], "base": {"status": "unsat", "ok": false}, "cand": {"status": "unsat", "ok": false}, "check": {"status": "unsat", "ok": false}}
BAD {"seed": 601279, "n": 9, "truth": ["sat", 5], "base": {"status": "unsat", "ok": false}, "cand": {"status": "unsat", "ok": false}, "check": {"status": "unsat", "ok": false}}
BAD {"seed": 601284, "n": 8, "truth": ["sat", 5], "base": {"status": "unsat", "ok": false}, "cand": {"status": "unsat", "ok": false}, "check": {"status": "unsat", "ok": false}}
BAD {"seed": 601285, "n": 15, "truth": ["sat", 2], "base": {"status": "unsat", "ok": false}, "cand": {"status": "unsat", "ok": false}, "check": {"status": "unsat", "ok": false}}
BAD {"seed": 601286, "n": 16, "truth": ["sat", 2], "base": {"status": "sat", "cost": 2, "ok": true}, "cand": {"status": "crash", "rc": -10, "tail": "", "ok": false}, "check": {"status": "crash", "rc": -10, "tail": "", "ok": false}}
BAD {"seed": 601290, "n": 11, "truth": ["sat", 1], "base": {"status": "sat", "cost": 1, "ok": true}, "cand": {"status": "sat", "cost": 1, "ok": true}, "check": {"status": "timeout", "ok": false}}
BAD {"seed": 601291, "n": 14, "truth": ["sat", 1], "base": {"status": "unsat", "ok": false}, "cand": {"status": "unsat", "ok": false}, "check": {"status": "unsat", "ok": false}}
BAD {"seed": 601296, "n": 12, "truth": ["sat", 2], "base": {"status": "unsat", "ok": false}, "cand": {"status": "unsat", "ok": false}, "check": {"status": "unsat", "ok": false}}
BAD {"seed": 601303, "n": 10, "truth": ["sat", 4], "base": {"status": "unsat", "ok": false}, "cand": {"status": "unsat", "ok": false}, "check": {"status": "unsat", "ok": false}}
BAD {"seed": 601305, "n": 11, "truth": ["sat", 3], "base": {"status": "unsat", "ok": false}, "cand": {"status": "unsat", "ok": false}, "check": {"status": "unsat", "ok": false}}
BAD {"seed": 601310, "n": 11, "truth": ["sat", 2], "base": {"status": "unsat", "ok": false}, "cand": {"status": "unsat", "ok": false}, "check": {"status": "timeout", "ok": false}}
BAD {"seed": 601316, "n": 14, "truth": ["sat", 3], "base": {"status": "unsat", "ok": false}, "cand": {"status": "unsat", "ok": false}, "check": {"status": "unsat", "ok": false}}
BAD {"seed": 601317, "n": 8, "truth": ["sat", 3], "base": {"status": "unsat", "ok": false}, "cand": {"status": "unsat", "ok": false}, "check": {"status": "unsat", "ok": false}}
BAD {"seed": 601324, "n": 8, "truth": ["sat", 3], "base": {"status": "unsat", "ok": false}, "cand": {"status": "unsat", "ok": false}, "check": {"status": "unsat", "ok": false}}
BAD {"seed": 601326, "n": 16, "truth": ["sat", 2], "base": {"status": "unsat", "ok": false}, "cand": {"status": "unsat", "ok": false}, "check": {"status": "unsat", "ok": false}}
BAD {"seed": 601328, "n": 17, "truth": ["sat", 1], "base": {"status": "unsat", "ok": false}, "cand": {"status": "unsat", "ok": false}, "check": {"status": "unsat", "ok": false}}
BAD {"seed": 601330, "n": 17, "truth": ["sat", 3], "base": {"status": "unsat", "ok": false}, "cand": {"status": "unsat", "ok": false}, "check": {"status": "unsat", "ok": false}}
BAD {"seed": 601332, "n": 18, "truth": ["sat", 4], "base": {"status": "unsat", "ok": false}, "cand": {"status": "unsat", "ok": false}, "check": {"status": "unsat", "ok": false}}
BAD {"seed": 601335, "n": 19, "truth": ["sat", 2], "base": {"status": "unsat", "ok": false}, "cand": {"status": "unsat", "ok": false}, "check": {"status": "unsat", "ok": false}}
BAD {"seed": 601337, "n": 20, "truth": ["sat", 3], "base": {"status": "unsat", "ok": false}, "cand": {"status": "unsat", "ok": false}, "check": {"status": "unsat", "ok": false}}
BAD {"seed": 601338, "n": 8, "truth": ["sat", 1], "base": {"status": "unsat", "ok": false}, "cand": {"status": "unsat", "ok": false}, "check": {"status": "unsat", "ok": false}}
BAD {"seed": 601344, "n": 10, "truth": ["sat", 5], "base": {"status": "unsat", "ok": false}, "cand": {"status": "unsat", "ok": false}, "check": {"status": "unsat", "ok": false}}
BAD {"seed": 601347, "n": 11, "truth": ["sat", 3], "base": {"status": "unsat", "ok": false}, "cand": {"status": "unsat", "ok": false}, "check": {"status": "unsat", "ok": false}}
BAD {"seed": 601356, "n": 16, "truth": ["sat", 1], "base": {"status": "unsat", "ok": false}, "cand": {"status": "unsat", "ok": false}, "check": {"status": "unsat", "ok": false}}
BAD {"seed": 601357, "n": 18, "truth": ["sat", 6], "base": {"status": "unsat", "ok": false}, "cand": {"status": "unsat", "ok": false}, "check": {"status": "unsat", "ok": false}}
BAD {"seed": 601363, "n": 16, "truth": ["sat", 3], "base": {"status": "unsat", "ok": false}, "cand": {"status": "unsat", "ok": false}, "check": {"status": "unsat", "ok": false}}
BAD {"seed": 601364, "n": 12, "truth": ["sat", 2], "base": {"status": "unsat", "ok": false}, "cand": {"status": "unsat", "ok": false}, "check": {"status": "unsat", "ok": false}}
BAD {"seed": 601365, "n": 19, "truth": ["sat", 3], "base": {"status": "unsat", "ok": false}, "cand": {"status": "unsat", "ok": false}, "check": {"status": "unsat", "ok": false}}
BAD {"seed": 601369, "n": 13, "truth": ["sat", 3], "base": {"status": "unsat", "ok": false}, "cand": {"status": "unsat", "ok": false}, "check": {"status": "unsat", "ok": false}}
BAD {"seed": 601370, "n": 19, "truth": ["sat", 4], "base": {"status": "unsat", "ok": false}, "cand": {"status": "unsat", "ok": false}, "check": {"status": "unsat", "ok": false}}
BAD {"seed": 601376, "n": 11, "truth": ["sat", 2], "base": {"status": "unsat", "ok": false}, "cand": {"status": "unsat", "ok": false}, "check": {"status": "unsat", "ok": false}}
BAD {"seed": 601383, "n": 18, "truth": ["sat", 3], "base": {"status": "unsat", "ok": false}, "cand": {"status": "unsat", "ok": false}, "check": {"status": "unsat", "ok": false}}
BAD {"seed": 601385, "n": 8, "truth": ["sat", 3], "base": {"status": "unsat", "ok": false}, "cand": {"status": "unsat", "ok": false}, "check": {"status": "unsat", "ok": false}}
BAD {"seed": 601389, "n": 13, "truth": ["sat", 2], "base": {"status": "unsat", "ok": false}, "cand": {"status": "unsat", "ok": false}, "check": {"status": "unsat", "ok": false}}
BAD {"seed": 601394, "n": 10, "truth": ["sat", 5], "base": {"status": "unsat", "ok": false}, "cand": {"status": "unsat", "ok": false}, "check": {"status": "unsat", "ok": false}}
BAD {"seed": 601399, "n": 14, "truth": ["sat", 3], "base": {"status": "unsat", "ok": false}, "cand": {"status": "unsat", "ok": false}, "check": {"status": "unsat", "ok": false}}
BAD {"seed": 601402, "n": 17, "truth": ["sat", 3], "base": {"status": "unsat", "ok": false}, "cand": {"status": "unsat", "ok": false}, "check": {"status": "unsat", "ok": false}}
BAD {"seed": 601403, "n": 16, "truth": ["sat", 2], "base": {"status": "unsat", "ok": false}, "cand": {"status": "unsat", "ok": false}, "check": {"status": "unsat", "ok": false}}
BAD {"seed": 601406, "n": 15, "truth": ["sat", 4], "base": {"status": "unsat", "ok": false}, "cand": {"status": "unsat", "ok": false}, "check": {"status": "unsat", "ok": false}}
BAD {"seed": 601408, "n": 19, "truth": ["sat", 3], "base": {"status": "unsat", "ok": false}, "cand": {"status": "unsat", "ok": false}, "check": {"status": "unsat", "ok": false}}
BAD {"seed": 601420, "n": 9, "truth": ["sat", 3], "base": {"status": "unsat", "ok": false}, "cand": {"status": "unsat", "ok": false}, "check": {"status": "unsat", "ok": false}}
BAD {"seed": 601433, "n": 8, "truth": ["sat", 9], "base": {"status": "unsat", "ok": false}, "cand": {"status": "unsat", "ok": false}, "check": {"status": "unsat", "ok": false}}
BAD {"seed": 601437, "n": 19, "truth": ["sat", 3], "base": {"status": "unsat", "ok": false}, "cand": {"status": "unsat", "ok": false}, "check": {"status": "unsat", "ok": false}}
BAD {"seed": 601438, "n": 19, "truth": ["sat", 4], "base": {"status": "unsat", "ok": false}, "cand": {"status": "unsat", "ok": false}, "check": {"status": "unsat", "ok": false}}
BAD {"seed": 601441, "n": 20, "truth": ["sat", 2], "base": {"status": "unsat", "ok": false}, "cand": {"status": "unsat", "ok": false}, "check": {"status": "unsat", "ok": false}}
BAD {"seed": 601443, "n": 17, "truth": ["sat", 4], "base": {"status": "unsat", "ok": false}, "cand": {"status": "unsat", "ok": false}, "check": {"status": "unsat", "ok": false}}
BAD {"seed": 601447, "n": 11, "truth": ["sat", 4], "base": {"status": "unsat", "ok": false}, "cand": {"status": "unsat", "ok": false}, "check": {"status": "unsat", "ok": false}}
BAD {"seed": 601448, "n": 10, "truth": ["sat", 1], "base": {"status": "unsat", "ok": false}, "cand": {"status": "unsat", "ok": false}, "check": {"status": "unsat", "ok": false}}
BAD {"seed": 601454, "n": 16, "truth": ["sat", 2], "base": {"status": "unsat", "ok": false}, "cand": {"status": "unsat", "ok": false}, "check": {"status": "unsat", "ok": false}}
BAD {"seed": 601460, "n": 9, "truth": ["sat", 3], "base": {"status": "unsat", "ok": false}, "cand": {"status": "unsat", "ok": false}, "check": {"status": "unsat", "ok": false}}
BAD {"seed": 601464, "n": 18, "truth": ["sat", 1], "base": {"status": "unsat", "ok": false}, "cand": {"status": "unsat", "ok": false}, "check": {"status": "unsat", "ok": false}}
BAD {"seed": 601472, "n": 18, "truth": ["sat", 3], "base": {"status": "unsat", "ok": false}, "cand": {"status": "unsat", "ok": false}, "check": {"status": "unsat", "ok": false}}
BAD {"seed": 601478, "n": 18, "truth": ["sat", 4], "base": {"status": "unsat", "ok": false}, "cand": {"status": "unsat", "ok": false}, "check": {"status": "unsat", "ok": false}}
BAD {"seed": 601482, "n": 8, "truth": ["sat", 1], "base": {"status": "unsat", "ok": false}, "cand": {"status": "unsat", "ok": false}, "check": {"status": "unsat", "ok": false}}
BAD {"seed": 601487, "n": 17, "truth": ["sat", 3], "base": {"status": "unsat", "ok": false}, "cand": {"status": "unsat", "ok": false}, "check": {"status": "unsat", "ok": false}}
BAD {"seed": 601489, "n": 19, "truth": ["sat", 3], "base": {"status": "unsat", "ok": false}, "cand": {"status": "unsat", "ok": false}, "check": {"status": "unsat", "ok": false}}
BAD {"seed": 601490, "n": 18, "truth": ["sat", 3], "base": {"status": "unsat", "ok": false}, "cand": {"status": "unsat", "ok": false}, "check": {"status": "unsat", "ok": false}}
BAD {"seed": 601491, "n": 20, "truth": ["sat", 6], "base": {"status": "unsat", "ok": false}, "cand": {"status": "unsat", "ok": false}, "check": {"status": "unsat", "ok": false}}
BAD {"seed": 601493, "n": 14, "truth": ["sat", 2], "base": {"status": "unsat", "ok": false}, "cand": {"status": "unsat", "ok": false}, "check": {"status": "unsat", "ok": false}}
BAD {"seed": 601494, "n": 15, "truth": ["sat", 1], "base": {"status": "unsat", "ok": false}, "cand": {"status": "unsat", "ok": false}, "check": {"status": "unsat", "ok": false}}
BAD {"seed": 601497, "n": 13, "truth": ["sat", 3], "base": {"status": "unsat", "ok": false}, "cand": {"status": "unsat", "ok": false}, "check": {"status": "unsat", "ok": false}}
BAD {"seed": 601498, "n": 20, "truth": ["sat", 4], "base": {"status": "unsat", "ok": false}, "cand": {"status": "unsat", "ok": false}, "check": {"status": "unsat", "ok": false}}
BAD {"seed": 601499, "n": 19, "truth": ["sat", 2], "base": {"status": "unsat", "ok": false}, "cand": {"status": "unsat", "ok": false}, "check": {"status": "unsat", "ok": false}}
1500 done
BAD {"seed": 601502, "n": 17, "truth": ["sat", 2], "base": {"status": "unsat", "ok": false}, "cand": {"status": "unsat", "ok": false}, "check": {"status": "unsat", "ok": false}}
BAD {"seed": 601504, "n": 18, "truth": ["sat", 4], "base": {"status": "unsat", "ok": false}, "cand": {"status": "unsat", "ok": false}, "check": {"status": "unsat", "ok": false}}
BAD {"seed": 601512, "n": 17, "truth": ["sat", 1], "base": {"status": "crash", "rc": -11, "tail": "", "ok": false}, "cand": {"status": "sat", "cost": 1, "ok": true}, "check": {"status": "crash", "rc": -10, "tail": "", "ok": false}}
BAD {"seed": 601513, "n": 19, "truth": ["sat", 1], "base": {"status": "unsat", "ok": false}, "cand": {"status": "unsat", "ok": false}, "check": {"status": "unsat", "ok": false}}
BAD {"seed": 601516, "n": 19, "truth": ["sat", 2], "base": {"status": "unsat", "ok": false}, "cand": {"status": "unsat", "ok": false}, "check": {"status": "unsat", "ok": false}}
BAD {"seed": 601517, "n": 10, "truth": ["sat", 3], "base": {"status": "unsat", "ok": false}, "cand": {"status": "unsat", "ok": false}, "check": {"status": "unsat", "ok": false}}
BAD {"seed": 601519, "n": 9, "truth": ["sat", 7], "base": {"status": "unsat", "ok": false}, "cand": {"status": "unsat", "ok": false}, "check": {"status": "unsat", "ok": false}}
BAD {"seed": 601523, "n": 20, "truth": ["sat", 1], "base": {"status": "unsat", "ok": false}, "cand": {"status": "unsat", "ok": false}, "check": {"status": "unsat", "ok": false}}
BAD {"seed": 601526, "n": 14, "truth": ["sat", 3], "base": {"status": "unsat", "ok": false}, "cand": {"status": "unsat", "ok": false}, "check": {"status": "unsat", "ok": false}}
BAD {"seed": 601527, "n": 17, "truth": ["sat", 4], "base": {"status": "unsat", "ok": false}, "cand": {"status": "unsat", "ok": false}, "check": {"status": "unsat", "ok": false}}
BAD {"seed": 601529, "n": 11, "truth": ["sat", 4], "base": {"status": "unsat", "ok": false}, "cand": {"status": "unsat", "ok": false}, "check": {"status": "unsat", "ok": false}}
BAD {"seed": 601533, "n": 9, "truth": ["sat", 1], "base": {"status": "unsat", "ok": false}, "cand": {"status": "unsat", "ok": false}, "check": {"status": "unsat", "ok": false}}
BAD {"seed": 601545, "n": 16, "truth": ["sat", 5], "base": {"status": "unsat", "ok": false}, "cand": {"status": "unsat", "ok": false}, "check": {"status": "unsat", "ok": false}}
BAD {"seed": 601550, "n": 20, "truth": ["sat", 4], "base": {"status": "unsat", "ok": false}, "cand": {"status": "unsat", "ok": false}, "check": {"status": "unsat", "ok": false}}
BAD {"seed": 601553, "n": 9, "truth": ["sat", 3], "base": {"status": "unsat", "ok": false}, "cand": {"status": "unsat", "ok": false}, "check": {"status": "unsat", "ok": false}}
BAD {"seed": 601554, "n": 14, "truth": ["sat", 2], "base": {"status": "unsat", "ok": false}, "cand": {"status": "unsat", "ok": false}, "check": {"status": "unsat", "ok": false}}
BAD {"seed": 601556, "n": 18, "truth": ["sat", 3], "base": {"status": "unsat", "ok": false}, "cand": {"status": "unsat", "ok": false}, "check": {"status": "unsat", "ok": false}}
BAD {"seed": 601562, "n": 11, "truth": ["sat", 2], "base": {"status": "crash", "rc": -10, "tail": "", "ok": false}, "cand": {"status": "unsat", "ok": false}, "check": {"status": "crash", "rc": -10, "tail": "", "ok": false}}
BAD {"seed": 601563, "n": 9, "truth": ["sat", 6], "base": {"status": "unsat", "ok": false}, "cand": {"status": "unsat", "ok": false}, "check": {"status": "unsat", "ok": false}}
BAD {"seed": 601565, "n": 19, "truth": ["sat", 1], "base": {"status": "unsat", "ok": false}, "cand": {"status": "unsat", "ok": false}, "check": {"status": "unsat", "ok": false}}
BAD {"seed": 601570, "n": 11, "truth": ["sat", 3], "base": {"status": "unsat", "ok": false}, "cand": {"status": "unsat", "ok": false}, "check": {"status": "unsat", "ok": false}}
BAD {"seed": 601577, "n": 14, "truth": ["sat", 2], "base": {"status": "unsat", "ok": false}, "cand": {"status": "unsat", "ok": false}, "check": {"status": "unsat", "ok": false}}
BAD {"seed": 601578, "n": 14, "truth": ["sat", 5], "base": {"status": "unsat", "ok": false}, "cand": {"status": "unsat", "ok": false}, "check": {"status": "unsat", "ok": false}}
BAD {"seed": 601584, "n": 19, "truth": ["sat", 1], "base": {"status": "unsat", "ok": false}, "cand": {"status": "unsat", "ok": false}, "check": {"status": "unsat", "ok": false}}
BAD {"seed": 601591, "n": 11, "truth": ["sat", 4], "base": {"status": "unsat", "ok": false}, "cand": {"status": "unsat", "ok": false}, "check": {"status": "unsat", "ok": false}}
BAD {"seed": 601597, "n": 14, "truth": ["sat", 2], "base": {"status": "unsat", "ok": false}, "cand": {"status": "unsat", "ok": false}, "check": {"status": "unsat", "ok": false}}
BAD {"seed": 601598, "n": 18, "truth": ["sat", 2], "base": {"status": "unsat", "ok": false}, "cand": {"status": "unsat", "ok": false}, "check": {"status": "unsat", "ok": false}}
BAD {"seed": 601601, "n": 16, "truth": ["sat", 5], "base": {"status": "unsat", "ok": false}, "cand": {"status": "unsat", "ok": false}, "check": {"status": "unsat", "ok": false}}
BAD {"seed": 601604, "n": 18, "truth": ["sat", 1], "base": {"status": "unsat", "ok": false}, "cand": {"status": "unsat", "ok": false}, "check": {"status": "unsat", "ok": false}}
BAD {"seed": 601613, "n": 19, "truth": ["sat", 2], "base": {"status": "unsat", "ok": false}, "cand": {"status": "unsat", "ok": false}, "check": {"status": "unsat", "ok": false}}
BAD {"seed": 601618, "n": 8, "truth": ["sat", 3], "base": {"status": "unsat", "ok": false}, "cand": {"status": "unsat", "ok": false}, "check": {"status": "unsat", "ok": false}}
BAD {"seed": 601619, "n": 13, "truth": ["sat", 8], "base": {"status": "unsat", "ok": false}, "cand": {"status": "unsat", "ok": false}, "check": {"status": "unsat", "ok": false}}
BAD {"seed": 601621, "n": 19, "truth": ["sat", 2], "base": {"status": "unsat", "ok": false}, "cand": {"status": "unsat", "ok": false}, "check": {"status": "unsat", "ok": false}}
BAD {"seed": 601624, "n": 9, "truth": ["sat", 2], "base": {"status": "unsat", "ok": false}, "cand": {"status": "unsat", "ok": false}, "check": {"status": "unsat", "ok": false}}
BAD {"seed": 601625, "n": 10, "truth": ["sat", 4], "base": {"status": "unsat", "ok": false}, "cand": {"status": "unsat", "ok": false}, "check": {"status": "unsat", "ok": false}}
BAD {"seed": 601626, "n": 11, "truth": ["sat", 1], "base": {"status": "unsat", "ok": false}, "cand": {"status": "unsat", "ok": false}, "check": {"status": "unsat", "ok": false}}
BAD {"seed": 601627, "n": 12, "truth": ["sat", 4], "base": {"status": "unsat", "ok": false}, "cand": {"status": "unsat", "ok": false}, "check": {"status": "unsat", "ok": false}}
BAD {"seed": 601634, "n": 19, "truth": ["sat", 2], "base": {"status": "unsat", "ok": false}, "cand": {"status": "unsat", "ok": false}, "check": {"status": "unsat", "ok": false}}
BAD {"seed": 601646, "n": 18, "truth": ["sat", 1], "base": {"status": "unsat", "ok": false}, "cand": {"status": "unsat", "ok": false}, "check": {"status": "unsat", "ok": false}}
BAD {"seed": 601649, "n": 12, "truth": ["sat", 5], "base": {"status": "unsat", "ok": false}, "cand": {"status": "unsat", "ok": false}, "check": {"status": "unsat", "ok": false}}
BAD {"seed": 601668, "n": 13, "truth": ["sat", 4], "base": {"status": "unsat", "ok": false}, "cand": {"status": "unsat", "ok": false}, "check": {"status": "unsat", "ok": false}}
BAD {"seed": 601670, "n": 10, "truth": ["sat", 3], "base": {"status": "unsat", "ok": false}, "cand": {"status": "unsat", "ok": false}, "check": {"status": "unsat", "ok": false}}
BAD {"seed": 601671, "n": 11, "truth": ["sat", 8], "base": {"status": "unsat", "ok": false}, "cand": {"status": "unsat", "ok": false}, "check": {"status": "unsat", "ok": false}}
BAD {"seed": 601681, "n": 17, "truth": ["sat", 1], "base": {"status": "unsat", "ok": false}, "cand": {"status": "unsat", "ok": false}, "check": {"status": "unsat", "ok": false}}
BAD {"seed": 601682, "n": 20, "truth": ["sat", 2], "base": {"status": "unsat", "ok": false}, "cand": {"status": "unsat", "ok": false}, "check": {"status": "unsat", "ok": false}}
BAD {"seed": 601683, "n": 11, "truth": ["sat", 1], "base": {"status": "unsat", "ok": false}, "cand": {"status": "unsat", "ok": false}, "check": {"status": "unsat", "ok": false}}
BAD {"seed": 601686, "n": 14, "truth": ["sat", 6], "base": {"status": "unsat", "ok": false}, "cand": {"status": "unsat", "ok": false}, "check": {"status": "unsat", "ok": false}}
BAD {"seed": 601688, "n": 12, "truth": ["sat", 2], "base": {"status": "unsat", "ok": false}, "cand": {"status": "unsat", "ok": false}, "check": {"status": "unsat", "ok": false}}
BAD {"seed": 601695, "n": 9, "truth": ["sat", 4], "base": {"status": "unsat", "ok": false}, "cand": {"status": "unsat", "ok": false}, "check": {"status": "unsat", "ok": false}}
BAD {"seed": 601699, "n": 8, "truth": ["sat", 2], "base": {"status": "unsat", "ok": false}, "cand": {"status": "unsat", "ok": false}, "check": {"status": "unsat", "ok": false}}
BAD {"seed": 601703, "n": 11, "truth": ["sat", 3], "base": {"status": "unsat", "ok": false}, "cand": {"status": "unsat", "ok": false}, "check": {"status": "unsat", "ok": false}}
BAD {"seed": 601717, "n": 10, "truth": ["sat", 4], "base": {"status": "unsat", "ok": false}, "cand": {"status": "unsat", "ok": false}, "check": {"status": "unsat", "ok": false}}
BAD {"seed": 601718, "n": 16, "truth": ["sat", 3], "base": {"status": "unsat", "ok": false}, "cand": {"status": "unsat", "ok": false}, "check": {"status": "unsat", "ok": false}}
BAD {"seed": 601720, "n": 16, "truth": ["sat", 4], "base": {"status": "unsat", "ok": false}, "cand": {"status": "unsat", "ok": false}, "check": {"status": "unsat", "ok": false}}
BAD {"seed": 601721, "n": 9, "truth": ["sat", 1], "base": {"status": "unsat", "ok": false}, "cand": {"status": "unsat", "ok": false}, "check": {"status": "unsat", "ok": false}}
BAD {"seed": 601722, "n": 20, "truth": ["sat", 3], "base": {"status": "unsat", "ok": false}, "cand": {"status": "unsat", "ok": false}, "check": {"status": "unsat", "ok": false}}
BAD {"seed": 601724, "n": 8, "truth": ["sat", 2], "base": {"status": "unsat", "ok": false}, "cand": {"status": "unsat", "ok": false}, "check": {"status": "unsat", "ok": false}}
BAD {"seed": 601728, "n": 20, "truth": ["sat", 2], "base": {"status": "unsat", "ok": false}, "cand": {"status": "unsat", "ok": false}, "check": {"status": "unsat", "ok": false}}
BAD {"seed": 601741, "n": 11, "truth": ["sat", 3], "base": {"status": "unsat", "ok": false}, "cand": {"status": "unsat", "ok": false}, "check": {"status": "unsat", "ok": false}}
BAD {"seed": 601742, "n": 9, "truth": ["sat", 3], "base": {"status": "unsat", "ok": false}, "cand": {"status": "unsat", "ok": false}, "check": {"status": "unsat", "ok": false}}
BAD {"seed": 601743, "n": 13, "truth": ["sat", 3], "base": {"status": "unsat", "ok": false}, "cand": {"status": "unsat", "ok": false}, "check": {"status": "unsat", "ok": false}}
1750 done
BAD {"seed": 601754, "n": 15, "truth": ["sat", 6], "base": {"status": "unsat", "ok": false}, "cand": {"status": "unsat", "ok": false}, "check": {"status": "unsat", "ok": false}}
BAD {"seed": 601755, "n": 13, "truth": ["sat", 5], "base": {"status": "unsat", "ok": false}, "cand": {"status": "unsat", "ok": false}, "check": {"status": "unsat", "ok": false}}
BAD {"seed": 601758, "n": 13, "truth": ["sat", 1], "base": {"status": "unsat", "ok": false}, "cand": {"status": "unsat", "ok": false}, "check": {"status": "unsat", "ok": false}}
BAD {"seed": 601761, "n": 19, "truth": ["sat", 2], "base": {"status": "unsat", "ok": false}, "cand": {"status": "unsat", "ok": false}, "check": {"status": "unsat", "ok": false}}
BAD {"seed": 601764, "n": 18, "truth": ["sat", 1], "base": {"status": "unsat", "ok": false}, "cand": {"status": "unsat", "ok": false}, "check": {"status": "unsat", "ok": false}}
BAD {"seed": 601774, "n": 9, "truth": ["sat", 5], "base": {"status": "unsat", "ok": false}, "cand": {"status": "unsat", "ok": false}, "check": {"status": "unsat", "ok": false}}
BAD {"seed": 601779, "n": 9, "truth": ["sat", 7], "base": {"status": "unsat", "ok": false}, "cand": {"status": "unsat", "ok": false}, "check": {"status": "unsat", "ok": false}}
BAD {"seed": 601784, "n": 11, "truth": ["sat", 2], "base": {"status": "unsat", "ok": false}, "cand": {"status": "unsat", "ok": false}, "check": {"status": "unsat", "ok": false}}
BAD {"seed": 601789, "n": 9, "truth": ["sat", 5], "base": {"status": "unsat", "ok": false}, "cand": {"status": "unsat", "ok": false}, "check": {"status": "unsat", "ok": false}}
BAD {"seed": 601794, "n": 12, "truth": ["sat", 4], "base": {"status": "unsat", "ok": false}, "cand": {"status": "unsat", "ok": false}, "check": {"status": "unsat", "ok": false}}
BAD {"seed": 601795, "n": 17, "truth": ["sat", 2], "base": {"status": "unsat", "ok": false}, "cand": {"status": "unsat", "ok": false}, "check": {"status": "unsat", "ok": false}}
BAD {"seed": 601796, "n": 17, "truth": ["sat", 4], "base": {"status": "unsat", "ok": false}, "cand": {"status": "unsat", "ok": false}, "check": {"status": "unsat", "ok": false}}
BAD {"seed": 601797, "n": 14, "truth": ["sat", 3], "base": {"status": "unsat", "ok": false}, "cand": {"status": "unsat", "ok": false}, "check": {"status": "unsat", "ok": false}}
BAD {"seed": 601799, "n": 15, "truth": ["sat", 2], "base": {"status": "unsat", "ok": false}, "cand": {"status": "unsat", "ok": false}, "check": {"status": "unsat", "ok": false}}
BAD {"seed": 601801, "n": 18, "truth": ["sat", 5], "base": {"status": "unsat", "ok": false}, "cand": {"status": "unsat", "ok": false}, "check": {"status": "unsat", "ok": false}}
BAD {"seed": 601802, "n": 10, "truth": ["sat", 4], "base": {"status": "unsat", "ok": false}, "cand": {"status": "unsat", "ok": false}, "check": {"status": "unsat", "ok": false}}
BAD {"seed": 601804, "n": 8, "truth": ["sat", 4], "base": {"status": "unsat", "ok": false}, "cand": {"status": "unsat", "ok": false}, "check": {"status": "unsat", "ok": false}}
BAD {"seed": 601805, "n": 16, "truth": ["sat", 1], "base": {"status": "unsat", "ok": false}, "cand": {"status": "unsat", "ok": false}, "check": {"status": "unsat", "ok": false}}
BAD {"seed": 601806, "n": 11, "truth": ["sat", 3], "base": {"status": "unsat", "ok": false}, "cand": {"status": "unsat", "ok": false}, "check": {"status": "unsat", "ok": false}}
BAD {"seed": 601807, "n": 13, "truth": ["sat", 4], "base": {"status": "unsat", "ok": false}, "cand": {"status": "unsat", "ok": false}, "check": {"status": "unsat", "ok": false}}
BAD {"seed": 601810, "n": 19, "truth": ["sat", 1], "base": {"status": "unsat", "ok": false}, "cand": {"status": "unsat", "ok": false}, "check": {"status": "unsat", "ok": false}}
BAD {"seed": 601812, "n": 8, "truth": ["sat", 3], "base": {"status": "unsat", "ok": false}, "cand": {"status": "unsat", "ok": false}, "check": {"status": "unsat", "ok": false}}
BAD {"seed": 601817, "n": 16, "truth": ["sat", 1], "base": {"status": "unsat", "ok": false}, "cand": {"status": "unsat", "ok": false}, "check": {"status": "unsat", "ok": false}}
BAD {"seed": 601818, "n": 14, "truth": ["sat", 5], "base": {"status": "unsat", "ok": false}, "cand": {"status": "unsat", "ok": false}, "check": {"status": "unsat", "ok": false}}
BAD {"seed": 601821, "n": 17, "truth": ["sat", 3], "base": {"status": "unsat", "ok": false}, "cand": {"status": "unsat", "ok": false}, "check": {"status": "unsat", "ok": false}}
BAD {"seed": 601826, "n": 9, "truth": ["sat", 3], "base": {"status": "unsat", "ok": false}, "cand": {"status": "unsat", "ok": false}, "check": {"status": "unsat", "ok": false}}
BAD {"seed": 601838, "n": 17, "truth": ["sat", 4], "base": {"status": "unsat", "ok": false}, "cand": {"status": "unsat", "ok": false}, "check": {"status": "unsat", "ok": false}}
BAD {"seed": 601841, "n": 12, "truth": ["sat", 3], "base": {"status": "unsat", "ok": false}, "cand": {"status": "unsat", "ok": false}, "check": {"status": "unsat", "ok": false}}
BAD {"seed": 601842, "n": 15, "truth": ["sat", 1], "base": {"status": "unsat", "ok": false}, "cand": {"status": "unsat", "ok": false}, "check": {"status": "unsat", "ok": false}}
BAD {"seed": 601843, "n": 20, "truth": ["sat", 4], "base": {"status": "unsat", "ok": false}, "cand": {"status": "unsat", "ok": false}, "check": {"status": "unsat", "ok": false}}
BAD {"seed": 601848, "n": 12, "truth": ["sat", 1], "base": {"status": "unsat", "ok": false}, "cand": {"status": "unsat", "ok": false}, "check": {"status": "unsat", "ok": false}}
BAD {"seed": 601860, "n": 12, "truth": ["sat", 4], "base": {"status": "unsat", "ok": false}, "cand": {"status": "unsat", "ok": false}, "check": {"status": "unsat", "ok": false}}
BAD {"seed": 601868, "n": 11, "truth": ["sat", 7], "base": {"status": "unsat", "ok": false}, "cand": {"status": "unsat", "ok": false}, "check": {"status": "unsat", "ok": false}}
BAD {"seed": 601871, "n": 19, "truth": ["sat", 3], "base": {"status": "unsat", "ok": false}, "cand": {"status": "unsat", "ok": false}, "check": {"status": "unsat", "ok": false}}
BAD {"seed": 601873, "n": 16, "truth": ["sat", 2], "base": {"status": "unsat", "ok": false}, "cand": {"status": "unsat", "ok": false}, "check": {"status": "unsat", "ok": false}}
BAD {"seed": 601883, "n": 13, "truth": ["sat", 3], "base": {"status": "unsat", "ok": false}, "cand": {"status": "unsat", "ok": false}, "check": {"status": "unsat", "ok": false}}
BAD {"seed": 601885, "n": 17, "truth": ["sat", 2], "base": {"status": "sat", "cost": 2, "ok": true}, "cand": {"status": "sat", "cost": 2, "ok": true}, "check": {"status": "timeout", "ok": false}}
BAD {"seed": 601886, "n": 14, "truth": ["sat", 4], "base": {"status": "unsat", "ok": false}, "cand": {"status": "unsat", "ok": false}, "check": {"status": "unsat", "ok": false}}
BAD {"seed": 601890, "n": 14, "truth": ["sat", 2], "base": {"status": "unsat", "ok": false}, "cand": {"status": "unsat", "ok": false}, "check": {"status": "unsat", "ok": false}}
BAD {"seed": 601891, "n": 17, "truth": ["sat", 3], "base": {"status": "sat", "cost": 3, "ok": true}, "cand": {"status": "sat", "cost": 3, "ok": true}, "check": {"status": "timeout", "ok": false}}
BAD {"seed": 601896, "n": 17, "truth": ["sat", 1], "base": {"status": "unsat", "ok": false}, "cand": {"status": "unsat", "ok": false}, "check": {"status": "unsat", "ok": false}}
BAD {"seed": 601901, "n": 19, "truth": ["sat", 5], "base": {"status": "unsat", "ok": false}, "cand": {"status": "unsat", "ok": false}, "check": {"status": "unsat", "ok": false}}
BAD {"seed": 601908, "n": 11, "truth": ["sat", 1], "base": {"status": "timeout", "ok": false}, "cand": {"status": "timeout", "ok": false}, "check": {"status": "sat", "cost": 1, "ok": true}}
BAD {"seed": 601912, "n": 9, "truth": ["sat", 1], "base": {"status": "unsat", "ok": false}, "cand": {"status": "unsat", "ok": false}, "check": {"status": "unsat", "ok": false}}
BAD {"seed": 601920, "n": 15, "truth": ["sat", 4], "base": {"status": "unsat", "ok": false}, "cand": {"status": "unsat", "ok": false}, "check": {"status": "unsat", "ok": false}}
BAD {"seed": 601922, "n": 13, "truth": ["sat", 4], "base": {"status": "unsat", "ok": false}, "cand": {"status": "unsat", "ok": false}, "check": {"status": "unsat", "ok": false}}
BAD {"seed": 601924, "n": 11, "truth": ["sat", 2], "base": {"status": "crash", "rc": -11, "tail": "", "ok": false}, "cand": {"status": "sat", "cost": 2, "ok": true}, "check": {"status": "crash", "rc": -11, "tail": "", "ok": false}}
BAD {"seed": 601927, "n": 18, "truth": ["sat", 4], "base": {"status": "unsat", "ok": false}, "cand": {"status": "unsat", "ok": false}, "check": {"status": "unsat", "ok": false}}
BAD {"seed": 601929, "n": 17, "truth": ["sat", 2], "base": {"status": "timeout", "ok": false}, "cand": {"status": "sat", "cost": 2, "ok": true}, "check": {"status": "timeout", "ok": false}}
BAD {"seed": 601932, "n": 10, "truth": ["sat", 3], "base": {"status": "unsat", "ok": false}, "cand": {"status": "unsat", "ok": false}, "check": {"status": "unsat", "ok": false}}
BAD {"seed": 601938, "n": 11, "truth": ["sat", 4], "base": {"status": "unsat", "ok": false}, "cand": {"status": "unsat", "ok": false}, "check": {"status": "unsat", "ok": false}}
BAD {"seed": 601950, "n": 20, "truth": ["sat", 3], "base": {"status": "unsat", "ok": false}, "cand": {"status": "unsat", "ok": false}, "check": {"status": "unsat", "ok": false}}
BAD {"seed": 601953, "n": 9, "truth": ["sat", 3], "base": {"status": "unsat", "ok": false}, "cand": {"status": "unsat", "ok": false}, "check": {"status": "unsat", "ok": false}}
BAD {"seed": 601955, "n": 10, "truth": ["sat", 3], "base": {"status": "unsat", "ok": false}, "cand": {"status": "unsat", "ok": false}, "check": {"status": "unsat", "ok": false}}
BAD {"seed": 601956, "n": 14, "truth": ["sat", 3], "base": {"status": "unsat", "ok": false}, "cand": {"status": "unsat", "ok": false}, "check": {"status": "unsat", "ok": false}}
BAD {"seed": 601957, "n": 16, "truth": ["sat", 5], "base": {"status": "unsat", "ok": false}, "cand": {"status": "unsat", "ok": false}, "check": {"status": "unsat", "ok": false}}
BAD {"seed": 601965, "n": 18, "truth": ["sat", 2], "base": {"status": "unsat", "ok": false}, "cand": {"status": "unsat", "ok": false}, "check": {"status": "unsat", "ok": false}}
BAD {"seed": 601966, "n": 12, "truth": ["sat", 3], "base": {"status": "unsat", "ok": false}, "cand": {"status": "unsat", "ok": false}, "check": {"status": "unsat", "ok": false}}
BAD {"seed": 601972, "n": 8, "truth": ["sat", 3], "base": {"status": "unsat", "ok": false}, "cand": {"status": "unsat", "ok": false}, "check": {"status": "unsat", "ok": false}}
BAD {"seed": 601973, "n": 17, "truth": ["sat", 1], "base": {"status": "unsat", "ok": false}, "cand": {"status": "unsat", "ok": false}, "check": {"status": "unsat", "ok": false}}
BAD {"seed": 601979, "n": 14, "truth": ["sat", 4], "base": {"status": "unsat", "ok": false}, "cand": {"status": "unsat", "ok": false}, "check": {"status": "unsat", "ok": false}}
BAD {"seed": 601981, "n": 16, "truth": ["sat", 2], "base": {"status": "unsat", "ok": false}, "cand": {"status": "unsat", "ok": false}, "check": {"status": "unsat", "ok": false}}
BAD {"seed": 601982, "n": 16, "truth": ["sat", 1], "base": {"status": "unsat", "ok": false}, "cand": {"status": "unsat", "ok": false}, "check": {"status": "unsat", "ok": false}}
BAD {"seed": 601983, "n": 20, "truth": ["sat", 2], "base": {"status": "unsat", "ok": false}, "cand": {"status": "unsat", "ok": false}, "check": {"status": "unsat", "ok": false}}
BAD {"seed": 601986, "n": 9, "truth": ["sat", 7], "base": {"status": "unsat", "ok": false}, "cand": {"status": "unsat", "ok": false}, "check": {"status": "unsat", "ok": false}}
BAD {"seed": 601987, "n": 8, "truth": ["sat", 1], "base": {"status": "unsat", "ok": false}, "cand": {"status": "unsat", "ok": false}, "check": {"status": "unsat", "ok": false}}
BAD {"seed": 601988, "n": 16, "truth": ["sat", 4], "base": {"status": "unsat", "ok": false}, "cand": {"status": "unsat", "ok": false}, "check": {"status": "unsat", "ok": false}}
BAD {"seed": 601989, "n": 11, "truth": ["sat", 2], "base": {"status": "unsat", "ok": false}, "cand": {"status": "unsat", "ok": false}, "check": {"status": "unsat", "ok": false}}
BAD {"seed": 601991, "n": 13, "truth": ["sat", 5], "base": {"status": "unsat", "ok": false}, "cand": {"status": "unsat", "ok": false}, "check": {"status": "unsat", "ok": false}}
BAD {"seed": 601996, "n": 15, "truth": ["sat", 3], "base": {"status": "unsat", "ok": false}, "cand": {"status": "unsat", "ok": false}, "check": {"status": "unsat", "ok": false}}
BAD {"seed": 601999, "n": 8, "truth": ["sat", 3], "base": {"status": "unsat", "ok": false}, "cand": {"status": "unsat", "ok": false}, "check": {"status": "unsat", "ok": false}}
2000 done
BAD {"seed": 602003, "n": 9, "truth": ["sat", 2], "base": {"status": "unsat", "ok": false}, "cand": {"status": "unsat", "ok": false}, "check": {"status": "unsat", "ok": false}}
BAD {"seed": 602005, "n": 15, "truth": ["sat", 5], "base": {"status": "unsat", "ok": false}, "cand": {"status": "unsat", "ok": false}, "check": {"status": "unsat", "ok": false}}
BAD {"seed": 602011, "n": 16, "truth": ["sat", 3], "base": {"status": "unsat", "ok": false}, "cand": {"status": "unsat", "ok": false}, "check": {"status": "unsat", "ok": false}}
BAD {"seed": 602012, "n": 13, "truth": ["sat", 5], "base": {"status": "unsat", "ok": false}, "cand": {"status": "unsat", "ok": false}, "check": {"status": "unsat", "ok": false}}
BAD {"seed": 602019, "n": 9, "truth": ["sat", 4], "base": {"status": "unsat", "ok": false}, "cand": {"status": "unsat", "ok": false}, "check": {"status": "unsat", "ok": false}}
BAD {"seed": 602020, "n": 8, "truth": ["sat", 5], "base": {"status": "unsat", "ok": false}, "cand": {"status": "unsat", "ok": false}, "check": {"status": "unsat", "ok": false}}
BAD {"seed": 602021, "n": 10, "truth": ["sat", 2], "base": {"status": "unsat", "ok": false}, "cand": {"status": "unsat", "ok": false}, "check": {"status": "unsat", "ok": false}}
BAD {"seed": 602026, "n": 15, "truth": ["sat", 1], "base": {"status": "unsat", "ok": false}, "cand": {"status": "unsat", "ok": false}, "check": {"status": "unsat", "ok": false}}
BAD {"seed": 602027, "n": 19, "truth": ["sat", 4], "base": {"status": "unsat", "ok": false}, "cand": {"status": "unsat", "ok": false}, "check": {"status": "unsat", "ok": false}}
BAD {"seed": 602034, "n": 17, "truth": ["sat", 2], "base": {"status": "sat", "cost": 2, "ok": true}, "cand": {"status": "crash", "rc": -11, "tail": "", "ok": false}, "check": {"status": "sat", "cost": 2, "ok": true}}
BAD {"seed": 602040, "n": 17, "truth": ["sat", 5], "base": {"status": "unsat", "ok": false}, "cand": {"status": "unsat", "ok": false}, "check": {"status": "unsat", "ok": false}}
BAD {"seed": 602044, "n": 10, "truth": ["sat", 1], "base": {"status": "unsat", "ok": false}, "cand": {"status": "unsat", "ok": false}, "check": {"status": "unsat", "ok": false}}
BAD {"seed": 602056, "n": 8, "truth": ["sat", 5], "base": {"status": "unsat", "ok": false}, "cand": {"status": "unsat", "ok": false}, "check": {"status": "unsat", "ok": false}}
BAD {"seed": 602058, "n": 13, "truth": ["sat", 4], "base": {"status": "unsat", "ok": false}, "cand": {"status": "unsat", "ok": false}, "check": {"status": "unsat", "ok": false}}
BAD {"seed": 602061, "n": 20, "truth": ["sat", 3], "base": {"status": "unsat", "ok": false}, "cand": {"status": "unsat", "ok": false}, "check": {"status": "unsat", "ok": false}}
BAD {"seed": 602065, "n": 9, "truth": ["sat", 3], "base": {"status": "unsat", "ok": false}, "cand": {"status": "unsat", "ok": false}, "check": {"status": "unsat", "ok": false}}
BAD {"seed": 602071, "n": 20, "truth": ["sat", 4], "base": {"status": "unsat", "ok": false}, "cand": {"status": "unsat", "ok": false}, "check": {"status": "unsat", "ok": false}}
BAD {"seed": 602072, "n": 12, "truth": ["sat", 5], "base": {"status": "unsat", "ok": false}, "cand": {"status": "unsat", "ok": false}, "check": {"status": "unsat", "ok": false}}
BAD {"seed": 602078, "n": 11, "truth": ["sat", 1], "base": {"status": "sat", "cost": 1, "ok": true}, "cand": {"status": "crash", "rc": -10, "tail": "", "ok": false}, "check": {"status": "crash", "rc": -10, "tail": "", "ok": false}}
BAD {"seed": 602089, "n": 13, "truth": ["sat", 4], "base": {"status": "unsat", "ok": false}, "cand": {"status": "unsat", "ok": false}, "check": {"status": "unsat", "ok": false}}
BAD {"seed": 602092, "n": 13, "truth": ["sat", 1], "base": {"status": "unsat", "ok": false}, "cand": {"status": "unsat", "ok": false}, "check": {"status": "unsat", "ok": false}}
BAD {"seed": 602097, "n": 9, "truth": ["sat", 4], "base": {"status": "unsat", "ok": false}, "cand": {"status": "unsat", "ok": false}, "check": {"status": "unsat", "ok": false}}
BAD {"seed": 602098, "n": 20, "truth": ["sat", 4], "base": {"status": "unsat", "ok": false}, "cand": {"status": "unsat", "ok": false}, "check": {"status": "unsat", "ok": false}}
BAD {"seed": 602100, "n": 18, "truth": ["sat", 1], "base": {"status": "unsat", "ok": false}, "cand": {"status": "unsat", "ok": false}, "check": {"status": "unsat", "ok": false}}
BAD {"seed": 602102, "n": 13, "truth": ["sat", 5], "base": {"status": "unsat", "ok": false}, "cand": {"status": "unsat", "ok": false}, "check": {"status": "unsat", "ok": false}}
BAD {"seed": 602104, "n": 20, "truth": ["sat", 4], "base": {"status": "unsat", "ok": false}, "cand": {"status": "unsat", "ok": false}, "check": {"status": "unsat", "ok": false}}
BAD {"seed": 602107, "n": 20, "truth": ["sat", 2], "base": {"status": "unsat", "ok": false}, "cand": {"status": "unsat", "ok": false}, "check": {"status": "unsat", "ok": false}}
BAD {"seed": 602109, "n": 19, "truth": ["sat", 2], "base": {"status": "unsat", "ok": false}, "cand": {"status": "unsat", "ok": false}, "check": {"status": "unsat", "ok": false}}
BAD {"seed": 602111, "n": 8, "truth": ["sat", 5], "base": {"status": "unsat", "ok": false}, "cand": {"status": "unsat", "ok": false}, "check": {"status": "unsat", "ok": false}}
BAD {"seed": 602115, "n": 10, "truth": ["sat", 7], "base": {"status": "unsat", "ok": false}, "cand": {"status": "unsat", "ok": false}, "check": {"status": "unsat", "ok": false}}
BAD {"seed": 602116, "n": 17, "truth": ["sat", 8], "base": {"status": "unsat", "ok": false}, "cand": {"status": "unsat", "ok": false}, "check": {"status": "unsat", "ok": false}}
BAD {"seed": 602121, "n": 19, "truth": ["sat", 3], "base": {"status": "unsat", "ok": false}, "cand": {"status": "unsat", "ok": false}, "check": {"status": "unsat", "ok": false}}
BAD {"seed": 602122, "n": 9, "truth": ["sat", 2], "base": {"status": "unsat", "ok": false}, "cand": {"status": "unsat", "ok": false}, "check": {"status": "unsat", "ok": false}}
BAD {"seed": 602123, "n": 16, "truth": ["sat", 1], "base": {"status": "unsat", "ok": false}, "cand": {"status": "unsat", "ok": false}, "check": {"status": "unsat", "ok": false}}
BAD {"seed": 602124, "n": 12, "truth": ["sat", 4], "base": {"status": "unsat", "ok": false}, "cand": {"status": "unsat", "ok": false}, "check": {"status": "unsat", "ok": false}}
BAD {"seed": 602125, "n": 8, "truth": ["sat", 8], "base": {"status": "unsat", "ok": false}, "cand": {"status": "unsat", "ok": false}, "check": {"status": "unsat", "ok": false}}
BAD {"seed": 602131, "n": 14, "truth": ["sat", 1], "base": {"status": "unsat", "ok": false}, "cand": {"status": "unsat", "ok": false}, "check": {"status": "unsat", "ok": false}}
BAD {"seed": 602133, "n": 17, "truth": ["sat", 4], "base": {"status": "sat", "cost": 4, "ok": true}, "cand": {"status": "sat", "cost": 4, "ok": true}, "check": {"status": "timeout", "ok": false}}
BAD {"seed": 602141, "n": 11, "truth": ["sat", 2], "base": {"status": "unsat", "ok": false}, "cand": {"status": "unsat", "ok": false}, "check": {"status": "unsat", "ok": false}}
BAD {"seed": 602146, "n": 13, "truth": ["sat", 5], "base": {"status": "unsat", "ok": false}, "cand": {"status": "unsat", "ok": false}, "check": {"status": "unsat", "ok": false}}
BAD {"seed": 602147, "n": 20, "truth": ["sat", 5], "base": {"status": "unsat", "ok": false}, "cand": {"status": "unsat", "ok": false}, "check": {"status": "unsat", "ok": false}}
BAD {"seed": 602148, "n": 14, "truth": ["sat", 3], "base": {"status": "unsat", "ok": false}, "cand": {"status": "unsat", "ok": false}, "check": {"status": "unsat", "ok": false}}
BAD {"seed": 602157, "n": 12, "truth": ["sat", 4], "base": {"status": "unsat", "ok": false}, "cand": {"status": "unsat", "ok": false}, "check": {"status": "unsat", "ok": false}}
BAD {"seed": 602158, "n": 16, "truth": ["sat", 2], "base": {"status": "unsat", "ok": false}, "cand": {"status": "unsat", "ok": false}, "check": {"status": "unsat", "ok": false}}
BAD {"seed": 602165, "n": 19, "truth": ["sat", 1], "base": {"status": "unsat", "ok": false}, "cand": {"status": "unsat", "ok": false}, "check": {"status": "unsat", "ok": false}}
BAD {"seed": 602166, "n": 15, "truth": ["sat", 4], "base": {"status": "unsat", "ok": false}, "cand": {"status": "unsat", "ok": false}, "check": {"status": "unsat", "ok": false}}
BAD {"seed": 602171, "n": 19, "truth": ["sat", 1], "base": {"status": "unsat", "ok": false}, "cand": {"status": "unsat", "ok": false}, "check": {"status": "unsat", "ok": false}}
BAD {"seed": 602172, "n": 8, "truth": ["sat", 6], "base": {"status": "unsat", "ok": false}, "cand": {"status": "unsat", "ok": false}, "check": {"status": "unsat", "ok": false}}
BAD {"seed": 602174, "n": 8, "truth": ["sat", 4], "base": {"status": "unsat", "ok": false}, "cand": {"status": "unsat", "ok": false}, "check": {"status": "unsat", "ok": false}}
BAD {"seed": 602178, "n": 11, "truth": ["sat", 7], "base": {"status": "unsat", "ok": false}, "cand": {"status": "unsat", "ok": false}, "check": {"status": "unsat", "ok": false}}
BAD {"seed": 602181, "n": 16, "truth": ["sat", 4], "base": {"status": "unsat", "ok": false}, "cand": {"status": "unsat", "ok": false}, "check": {"status": "unsat", "ok": false}}
BAD {"seed": 602188, "n": 15, "truth": ["sat", 3], "base": {"status": "unsat", "ok": false}, "cand": {"status": "unsat", "ok": false}, "check": {"status": "unsat", "ok": false}}
BAD {"seed": 602193, "n": 19, "truth": ["sat", 4], "base": {"status": "unsat", "ok": false}, "cand": {"status": "unsat", "ok": false}, "check": {"status": "unsat", "ok": false}}
BAD {"seed": 602194, "n": 13, "truth": ["sat", 4], "base": {"status": "unsat", "ok": false}, "cand": {"status": "unsat", "ok": false}, "check": {"status": "unsat", "ok": false}}
BAD {"seed": 602195, "n": 10, "truth": ["sat", 3], "base": {"status": "unsat", "ok": false}, "cand": {"status": "unsat", "ok": false}, "check": {"status": "unsat", "ok": false}}
BAD {"seed": 602198, "n": 17, "truth": ["sat", 2], "base": {"status": "unsat", "ok": false}, "cand": {"status": "unsat", "ok": false}, "check": {"status": "unsat", "ok": false}}
BAD {"seed": 602201, "n": 13, "truth": ["sat", 2], "base": {"status": "unsat", "ok": false}, "cand": {"status": "unsat", "ok": false}, "check": {"status": "unsat", "ok": false}}
BAD {"seed": 602203, "n": 18, "truth": ["sat", 2], "base": {"status": "unsat", "ok": false}, "cand": {"status": "unsat", "ok": false}, "check": {"status": "unsat", "ok": false}}
BAD {"seed": 602206, "n": 16, "truth": ["sat", 2], "base": {"status": "unsat", "ok": false}, "cand": {"status": "unsat", "ok": false}, "check": {"status": "unsat", "ok": false}}
BAD {"seed": 602208, "n": 9, "truth": ["sat", 3], "base": {"status": "unsat", "ok": false}, "cand": {"status": "unsat", "ok": false}, "check": {"status": "unsat", "ok": false}}
BAD {"seed": 602211, "n": 20, "truth": ["sat", 1], "base": {"status": "unsat", "ok": false}, "cand": {"status": "unsat", "ok": false}, "check": {"status": "unsat", "ok": false}}
BAD {"seed": 602213, "n": 8, "truth": ["sat", 2], "base": {"status": "unsat", "ok": false}, "cand": {"status": "unsat", "ok": false}, "check": {"status": "unsat", "ok": false}}
BAD {"seed": 602219, "n": 17, "truth": ["sat", 5], "base": {"status": "unsat", "ok": false}, "cand": {"status": "unsat", "ok": false}, "check": {"status": "unsat", "ok": false}}
BAD {"seed": 602224, "n": 20, "truth": ["sat", 1], "base": {"status": "unsat", "ok": false}, "cand": {"status": "unsat", "ok": false}, "check": {"status": "unsat", "ok": false}}
BAD {"seed": 602226, "n": 14, "truth": ["sat", 2], "base": {"status": "unsat", "ok": false}, "cand": {"status": "unsat", "ok": false}, "check": {"status": "unsat", "ok": false}}
BAD {"seed": 602227, "n": 10, "truth": ["sat", 3], "base": {"status": "unsat", "ok": false}, "cand": {"status": "unsat", "ok": false}, "check": {"status": "unsat", "ok": false}}
BAD {"seed": 602232, "n": 14, "truth": ["sat", 2], "base": {"status": "unsat", "ok": false}, "cand": {"status": "unsat", "ok": false}, "check": {"status": "unsat", "ok": false}}
BAD {"seed": 602234, "n": 13, "truth": ["sat", 4], "base": {"status": "unsat", "ok": false}, "cand": {"status": "unsat", "ok": false}, "check": {"status": "unsat", "ok": false}}
BAD {"seed": 602235, "n": 14, "truth": ["sat", 2], "base": {"status": "unsat", "ok": false}, "cand": {"status": "unsat", "ok": false}, "check": {"status": "unsat", "ok": false}}
BAD {"seed": 602239, "n": 12, "truth": ["sat", 6], "base": {"status": "unsat", "ok": false}, "cand": {"status": "unsat", "ok": false}, "check": {"status": "unsat", "ok": false}}
BAD {"seed": 602241, "n": 16, "truth": ["sat", 1], "base": {"status": "timeout", "ok": false}, "cand": {"status": "timeout", "ok": false}, "check": {"status": "timeout", "ok": false}}
BAD {"seed": 602242, "n": 16, "truth": ["sat", 2], "base": {"status": "unsat", "ok": false}, "cand": {"status": "unsat", "ok": false}, "check": {"status": "unsat", "ok": false}}
BAD {"seed": 602248, "n": 12, "truth": ["sat", 1], "base": {"status": "unsat", "ok": false}, "cand": {"status": "unsat", "ok": false}, "check": {"status": "unsat", "ok": false}}
BAD {"seed": 602249, "n": 16, "truth": ["sat", 1], "base": {"status": "unsat", "ok": false}, "cand": {"status": "unsat", "ok": false}, "check": {"status": "unsat", "ok": false}}
2250 done
BAD {"seed": 602251, "n": 11, "truth": ["sat", 3], "base": {"status": "crash", "rc": -11, "tail": "", "ok": false}, "cand": {"status": "unsat", "ok": false}, "check": {"status": "crash", "rc": -11, "tail": "", "ok": false}}
BAD {"seed": 602253, "n": 11, "truth": ["sat", 1], "base": {"status": "unsat", "ok": false}, "cand": {"status": "unsat", "ok": false}, "check": {"status": "unsat", "ok": false}}
BAD {"seed": 602255, "n": 8, "truth": ["sat", 4], "base": {"status": "unsat", "ok": false}, "cand": {"status": "unsat", "ok": false}, "check": {"status": "unsat", "ok": false}}
BAD {"seed": 602256, "n": 14, "truth": ["sat", 2], "base": {"status": "unsat", "ok": false}, "cand": {"status": "unsat", "ok": false}, "check": {"status": "unsat", "ok": false}}
BAD {"seed": 602257, "n": 15, "truth": ["sat", 8], "base": {"status": "unsat", "ok": false}, "cand": {"status": "unsat", "ok": false}, "check": {"status": "unsat", "ok": false}}
BAD {"seed": 602264, "n": 17, "truth": ["sat", 4], "base": {"status": "unsat", "ok": false}, "cand": {"status": "unsat", "ok": false}, "check": {"status": "unsat", "ok": false}}
BAD {"seed": 602267, "n": 8, "truth": ["sat", 5], "base": {"status": "unsat", "ok": false}, "cand": {"status": "unsat", "ok": false}, "check": {"status": "unsat", "ok": false}}
BAD {"seed": 602274, "n": 18, "truth": ["sat", 1], "base": {"status": "unsat", "ok": false}, "cand": {"status": "unsat", "ok": false}, "check": {"status": "unsat", "ok": false}}
BAD {"seed": 602276, "n": 19, "truth": ["sat", 1], "base": {"status": "unsat", "ok": false}, "cand": {"status": "unsat", "ok": false}, "check": {"status": "unsat", "ok": false}}
BAD {"seed": 602279, "n": 13, "truth": ["sat", 3], "base": {"status": "unsat", "ok": false}, "cand": {"status": "unsat", "ok": false}, "check": {"status": "unsat", "ok": false}}
BAD {"seed": 602281, "n": 13, "truth": ["sat", 5], "base": {"status": "unsat", "ok": false}, "cand": {"status": "unsat", "ok": false}, "check": {"status": "unsat", "ok": false}}
BAD {"seed": 602283, "n": 10, "truth": ["sat", 3], "base": {"status": "unsat", "ok": false}, "cand": {"status": "unsat", "ok": false}, "check": {"status": "unsat", "ok": false}}
BAD {"seed": 602289, "n": 20, "truth": ["sat", 5], "base": {"status": "unsat", "ok": false}, "cand": {"status": "unsat", "ok": false}, "check": {"status": "unsat", "ok": false}}
BAD {"seed": 602290, "n": 17, "truth": ["sat", 2], "base": {"status": "unsat", "ok": false}, "cand": {"status": "unsat", "ok": false}, "check": {"status": "crash", "rc": -10, "tail": "", "ok": false}}
BAD {"seed": 602291, "n": 11, "truth": ["sat", 3], "base": {"status": "unsat", "ok": false}, "cand": {"status": "unsat", "ok": false}, "check": {"status": "unsat", "ok": false}}
BAD {"seed": 602296, "n": 11, "truth": ["sat", 5], "base": {"status": "unsat", "ok": false}, "cand": {"status": "unsat", "ok": false}, "check": {"status": "unsat", "ok": false}}
BAD {"seed": 602297, "n": 13, "truth": ["sat", 3], "base": {"status": "unsat", "ok": false}, "cand": {"status": "unsat", "ok": false}, "check": {"status": "unsat", "ok": false}}
BAD {"seed": 602302, "n": 18, "truth": ["sat", 1], "base": {"status": "unsat", "ok": false}, "cand": {"status": "unsat", "ok": false}, "check": {"status": "unsat", "ok": false}}
BAD {"seed": 602303, "n": 19, "truth": ["sat", 3], "base": {"status": "unsat", "ok": false}, "cand": {"status": "unsat", "ok": false}, "check": {"status": "unsat", "ok": false}}
BAD {"seed": 602304, "n": 13, "truth": ["sat", 4], "base": {"status": "unsat", "ok": false}, "cand": {"status": "unsat", "ok": false}, "check": {"status": "unsat", "ok": false}}
BAD {"seed": 602306, "n": 8, "truth": ["sat", 2], "base": {"status": "unsat", "ok": false}, "cand": {"status": "unsat", "ok": false}, "check": {"status": "unsat", "ok": false}}
BAD {"seed": 602310, "n": 9, "truth": ["sat", 7], "base": {"status": "unsat", "ok": false}, "cand": {"status": "unsat", "ok": false}, "check": {"status": "unsat", "ok": false}}
BAD {"seed": 602317, "n": 8, "truth": ["sat", 2], "base": {"status": "unsat", "ok": false}, "cand": {"status": "unsat", "ok": false}, "check": {"status": "unsat", "ok": false}}
BAD {"seed": 602320, "n": 14, "truth": ["sat", 2], "base": {"status": "unsat", "ok": false}, "cand": {"status": "unsat", "ok": false}, "check": {"status": "unsat", "ok": false}}
BAD {"seed": 602321, "n": 10, "truth": ["sat", 1], "base": {"status": "unsat", "ok": false}, "cand": {"status": "unsat", "ok": false}, "check": {"status": "unsat", "ok": false}}
BAD {"seed": 602322, "n": 13, "truth": ["sat", 5], "base": {"status": "unsat", "ok": false}, "cand": {"status": "unsat", "ok": false}, "check": {"status": "unsat", "ok": false}}
BAD {"seed": 602324, "n": 8, "truth": ["sat", 3], "base": {"status": "unsat", "ok": false}, "cand": {"status": "unsat", "ok": false}, "check": {"status": "unsat", "ok": false}}
BAD {"seed": 602339, "n": 19, "truth": ["sat", 4], "base": {"status": "unsat", "ok": false}, "cand": {"status": "unsat", "ok": false}, "check": {"status": "unsat", "ok": false}}
BAD {"seed": 602344, "n": 17, "truth": ["sat", 6], "base": {"status": "unsat", "ok": false}, "cand": {"status": "unsat", "ok": false}, "check": {"status": "unsat", "ok": false}}
BAD {"seed": 602346, "n": 15, "truth": ["sat", 2], "base": {"status": "unsat", "ok": false}, "cand": {"status": "unsat", "ok": false}, "check": {"status": "unsat", "ok": false}}
BAD {"seed": 602349, "n": 13, "truth": ["sat", 2], "base": {"status": "unsat", "ok": false}, "cand": {"status": "unsat", "ok": false}, "check": {"status": "unsat", "ok": false}}
BAD {"seed": 602352, "n": 14, "truth": ["sat", 1], "base": {"status": "unsat", "ok": false}, "cand": {"status": "unsat", "ok": false}, "check": {"status": "unsat", "ok": false}}
BAD {"seed": 602354, "n": 9, "truth": ["sat", 3], "base": {"status": "unsat", "ok": false}, "cand": {"status": "unsat", "ok": false}, "check": {"status": "unsat", "ok": false}}
BAD {"seed": 602360, "n": 19, "truth": ["sat", 1], "base": {"status": "unsat", "ok": false}, "cand": {"status": "unsat", "ok": false}, "check": {"status": "unsat", "ok": false}}
BAD {"seed": 602361, "n": 11, "truth": ["sat", 3], "base": {"status": "unsat", "ok": false}, "cand": {"status": "unsat", "ok": false}, "check": {"status": "unsat", "ok": false}}
BAD {"seed": 602362, "n": 10, "truth": ["sat", 1], "base": {"status": "unsat", "ok": false}, "cand": {"status": "unsat", "ok": false}, "check": {"status": "unsat", "ok": false}}
BAD {"seed": 602372, "n": 14, "truth": ["sat", 5], "base": {"status": "unsat", "ok": false}, "cand": {"status": "unsat", "ok": false}, "check": {"status": "unsat", "ok": false}}
BAD {"seed": 602377, "n": 19, "truth": ["sat", 5], "base": {"status": "unsat", "ok": false}, "cand": {"status": "unsat", "ok": false}, "check": {"status": "unsat", "ok": false}}
BAD {"seed": 602378, "n": 17, "truth": ["sat", 1], "base": {"status": "sat", "cost": 1, "ok": true}, "cand": {"status": "timeout", "ok": false}, "check": {"status": "sat", "cost": 1, "ok": true}}
BAD {"seed": 602380, "n": 15, "truth": ["sat", 1], "base": {"status": "unsat", "ok": false}, "cand": {"status": "unsat", "ok": false}, "check": {"status": "unsat", "ok": false}}
BAD {"seed": 602383, "n": 14, "truth": ["sat", 3], "base": {"status": "unsat", "ok": false}, "cand": {"status": "unsat", "ok": false}, "check": {"status": "unsat", "ok": false}}
BAD {"seed": 602392, "n": 18, "truth": ["sat", 3], "base": {"status": "unsat", "ok": false}, "cand": {"status": "unsat", "ok": false}, "check": {"status": "unsat", "ok": false}}
BAD {"seed": 602394, "n": 19, "truth": ["sat", 2], "base": {"status": "unsat", "ok": false}, "cand": {"status": "unsat", "ok": false}, "check": {"status": "unsat", "ok": false}}
BAD {"seed": 602395, "n": 11, "truth": ["sat", 5], "base": {"status": "unsat", "ok": false}, "cand": {"status": "unsat", "ok": false}, "check": {"status": "unsat", "ok": false}}
BAD {"seed": 602398, "n": 10, "truth": ["sat", 1], "base": {"status": "unsat", "ok": false}, "cand": {"status": "unsat", "ok": false}, "check": {"status": "unsat", "ok": false}}
BAD {"seed": 602399, "n": 10, "truth": ["sat", 4], "base": {"status": "unsat", "ok": false}, "cand": {"status": "unsat", "ok": false}, "check": {"status": "unsat", "ok": false}}
BAD {"seed": 602402, "n": 20, "truth": ["sat", 1], "base": {"status": "unsat", "ok": false}, "cand": {"status": "unsat", "ok": false}, "check": {"status": "unsat", "ok": false}}
BAD {"seed": 602405, "n": 10, "truth": ["sat", 2], "base": {"status": "unsat", "ok": false}, "cand": {"status": "unsat", "ok": false}, "check": {"status": "unsat", "ok": false}}
BAD {"seed": 602410, "n": 17, "truth": ["sat", 2], "base": {"status": "sat", "cost": 2, "ok": true}, "cand": {"status": "timeout", "ok": false}, "check": {"status": "sat", "cost": 2, "ok": true}}
BAD {"seed": 602412, "n": 12, "truth": ["sat", 2], "base": {"status": "unsat", "ok": false}, "cand": {"status": "unsat", "ok": false}, "check": {"status": "unsat", "ok": false}}
BAD {"seed": 602413, "n": 16, "truth": ["sat", 2], "base": {"status": "unsat", "ok": false}, "cand": {"status": "unsat", "ok": false}, "check": {"status": "unsat", "ok": false}}
BAD {"seed": 602418, "n": 13, "truth": ["sat", 7], "base": {"status": "unsat", "ok": false}, "cand": {"status": "unsat", "ok": false}, "check": {"status": "unsat", "ok": false}}
BAD {"seed": 602422, "n": 19, "truth": ["sat", 1], "base": {"status": "unsat", "ok": false}, "cand": {"status": "unsat", "ok": false}, "check": {"status": "unsat", "ok": false}}
BAD {"seed": 602430, "n": 17, "truth": ["sat", 2], "base": {"status": "unsat", "ok": false}, "cand": {"status": "unsat", "ok": false}, "check": {"status": "unsat", "ok": false}}
BAD {"seed": 602434, "n": 10, "truth": ["sat", 5], "base": {"status": "unsat", "ok": false}, "cand": {"status": "unsat", "ok": false}, "check": {"status": "unsat", "ok": false}}
BAD {"seed": 602435, "n": 13, "truth": ["sat", 6], "base": {"status": "unsat", "ok": false}, "cand": {"status": "unsat", "ok": false}, "check": {"status": "unsat", "ok": false}}
BAD {"seed": 602437, "n": 11, "truth": ["sat", 1], "base": {"status": "unsat", "ok": false}, "cand": {"status": "unsat", "ok": false}, "check": {"status": "unsat", "ok": false}}
BAD {"seed": 602438, "n": 18, "truth": ["sat", 2], "base": {"status": "unsat", "ok": false}, "cand": {"status": "unsat", "ok": false}, "check": {"status": "unsat", "ok": false}}
BAD {"seed": 602439, "n": 18, "truth": ["sat", 5], "base": {"status": "unsat", "ok": false}, "cand": {"status": "unsat", "ok": false}, "check": {"status": "unsat", "ok": false}}
BAD {"seed": 602446, "n": 13, "truth": ["sat", 6], "base": {"status": "unsat", "ok": false}, "cand": {"status": "unsat", "ok": false}, "check": {"status": "unsat", "ok": false}}
BAD {"seed": 602454, "n": 8, "truth": ["sat", 3], "base": {"status": "unsat", "ok": false}, "cand": {"status": "unsat", "ok": false}, "check": {"status": "unsat", "ok": false}}
BAD {"seed": 602456, "n": 9, "truth": ["sat", 2], "base": {"status": "unsat", "ok": false}, "cand": {"status": "unsat", "ok": false}, "check": {"status": "unsat", "ok": false}}
BAD {"seed": 602459, "n": 17, "truth": ["sat", 3], "base": {"status": "unsat", "ok": false}, "cand": {"status": "unsat", "ok": false}, "check": {"status": "unsat", "ok": false}}
BAD {"seed": 602461, "n": 16, "truth": ["sat", 5], "base": {"status": "unsat", "ok": false}, "cand": {"status": "unsat", "ok": false}, "check": {"status": "unsat", "ok": false}}
BAD {"seed": 602464, "n": 16, "truth": ["sat", 1], "base": {"status": "unsat", "ok": false}, "cand": {"status": "unsat", "ok": false}, "check": {"status": "unsat", "ok": false}}
BAD {"seed": 602469, "n": 9, "truth": ["sat", 3], "base": {"status": "unsat", "ok": false}, "cand": {"status": "unsat", "ok": false}, "check": {"status": "unsat", "ok": false}}
BAD {"seed": 602473, "n": 10, "truth": ["sat", 5], "base": {"status": "unsat", "ok": false}, "cand": {"status": "unsat", "ok": false}, "check": {"status": "unsat", "ok": false}}
BAD {"seed": 602475, "n": 10, "truth": ["sat", 1], "base": {"status": "unsat", "ok": false}, "cand": {"status": "unsat", "ok": false}, "check": {"status": "unsat", "ok": false}}
BAD {"seed": 602476, "n": 10, "truth": ["sat", 3], "base": {"status": "unsat", "ok": false}, "cand": {"status": "unsat", "ok": false}, "check": {"status": "unsat", "ok": false}}
BAD {"seed": 602478, "n": 9, "truth": ["sat", 3], "base": {"status": "unsat", "ok": false}, "cand": {"status": "unsat", "ok": false}, "check": {"status": "unsat", "ok": false}}
BAD {"seed": 602479, "n": 10, "truth": ["sat", 4], "base": {"status": "unsat", "ok": false}, "cand": {"status": "unsat", "ok": false}, "check": {"status": "unsat", "ok": false}}
BAD {"seed": 602481, "n": 20, "truth": ["sat", 5], "base": {"status": "unsat", "ok": false}, "cand": {"status": "unsat", "ok": false}, "check": {"status": "unsat", "ok": false}}
BAD {"seed": 602484, "n": 12, "truth": ["sat", 2], "base": {"status": "unsat", "ok": false}, "cand": {"status": "unsat", "ok": false}, "check": {"status": "unsat", "ok": false}}
BAD {"seed": 602489, "n": 20, "truth": ["sat", 4], "base": {"status": "unsat", "ok": false}, "cand": {"status": "unsat", "ok": false}, "check": {"status": "unsat", "ok": false}}
BAD {"seed": 602490, "n": 17, "truth": ["sat", 1], "base": {"status": "unsat", "ok": false}, "cand": {"status": "unsat", "ok": false}, "check": {"status": "unsat", "ok": false}}
BAD {"seed": 602492, "n": 13, "truth": ["sat", 2], "base": {"status": "unsat", "ok": false}, "cand": {"status": "unsat", "ok": false}, "check": {"status": "unsat", "ok": false}}
BAD {"seed": 602493, "n": 15, "truth": ["sat", 2], "base": {"status": "unsat", "ok": false}, "cand": {"status": "unsat", "ok": false}, "check": {"status": "unsat", "ok": false}}
BAD {"seed": 602494, "n": 14, "truth": ["sat", 2], "base": {"status": "unsat", "ok": false}, "cand": {"status": "unsat", "ok": false}, "check": {"status": "unsat", "ok": false}}
BAD {"seed": 602498, "n": 18, "truth": ["sat", 3], "base": {"status": "unsat", "ok": false}, "cand": {"status": "unsat", "ok": false}, "check": {"status": "unsat", "ok": false}}
BAD {"seed": 602500, "n": 16, "truth": ["sat", 3], "base": {"status": "unsat", "ok": false}, "cand": {"status": "unsat", "ok": false}, "check": {"status": "unsat", "ok": false}}
2500 done
BAD {"seed": 602501, "n": 18, "truth": ["sat", 4], "base": {"status": "unsat", "ok": false}, "cand": {"status": "unsat", "ok": false}, "check": {"status": "unsat", "ok": false}}
BAD {"seed": 602502, "n": 12, "truth": ["sat", 6], "base": {"status": "unsat", "ok": false}, "cand": {"status": "unsat", "ok": false}, "check": {"status": "unsat", "ok": false}}
BAD {"seed": 602509, "n": 11, "truth": ["sat", 2], "base": {"status": "unsat", "ok": false}, "cand": {"status": "unsat", "ok": false}, "check": {"status": "unsat", "ok": false}}
BAD {"seed": 602510, "n": 13, "truth": ["sat", 5], "base": {"status": "unsat", "ok": false}, "cand": {"status": "unsat", "ok": false}, "check": {"status": "unsat", "ok": false}}
BAD {"seed": 602511, "n": 19, "truth": ["sat", 4], "base": {"status": "unsat", "ok": false}, "cand": {"status": "unsat", "ok": false}, "check": {"status": "unsat", "ok": false}}
BAD {"seed": 602512, "n": 15, "truth": ["sat", 1], "base": {"status": "unsat", "ok": false}, "cand": {"status": "unsat", "ok": false}, "check": {"status": "unsat", "ok": false}}
BAD {"seed": 602517, "n": 9, "truth": ["sat", 5], "base": {"status": "unsat", "ok": false}, "cand": {"status": "unsat", "ok": false}, "check": {"status": "unsat", "ok": false}}
BAD {"seed": 602518, "n": 9, "truth": ["sat", 4], "base": {"status": "unsat", "ok": false}, "cand": {"status": "unsat", "ok": false}, "check": {"status": "unsat", "ok": false}}
BAD {"seed": 602523, "n": 15, "truth": ["sat", 2], "base": {"status": "unsat", "ok": false}, "cand": {"status": "unsat", "ok": false}, "check": {"status": "unsat", "ok": false}}
BAD {"seed": 602524, "n": 18, "truth": ["sat", 4], "base": {"status": "unsat", "ok": false}, "cand": {"status": "unsat", "ok": false}, "check": {"status": "unsat", "ok": false}}
BAD {"seed": 602525, "n": 10, "truth": ["sat", 3], "base": {"status": "unsat", "ok": false}, "cand": {"status": "unsat", "ok": false}, "check": {"status": "unsat", "ok": false}}
BAD {"seed": 602528, "n": 11, "truth": ["sat", 4], "base": {"status": "unsat", "ok": false}, "cand": {"status": "unsat", "ok": false}, "check": {"status": "unsat", "ok": false}}
BAD {"seed": 602530, "n": 11, "truth": ["sat", 1], "base": {"status": "unsat", "ok": false}, "cand": {"status": "unsat", "ok": false}, "check": {"status": "crash", "rc": -10, "tail": "", "ok": false}}
BAD {"seed": 602531, "n": 10, "truth": ["sat", 5], "base": {"status": "unsat", "ok": false}, "cand": {"status": "unsat", "ok": false}, "check": {"status": "unsat", "ok": false}}
BAD {"seed": 602534, "n": 10, "truth": ["sat", 5], "base": {"status": "unsat", "ok": false}, "cand": {"status": "unsat", "ok": false}, "check": {"status": "unsat", "ok": false}}
BAD {"seed": 602535, "n": 14, "truth": ["sat", 3], "base": {"status": "unsat", "ok": false}, "cand": {"status": "unsat", "ok": false}, "check": {"status": "unsat", "ok": false}}
BAD {"seed": 602536, "n": 10, "truth": ["sat", 1], "base": {"status": "unsat", "ok": false}, "cand": {"status": "unsat", "ok": false}, "check": {"status": "unsat", "ok": false}}
BAD {"seed": 602538, "n": 20, "truth": ["sat", 5], "base": {"status": "unsat", "ok": false}, "cand": {"status": "unsat", "ok": false}, "check": {"status": "unsat", "ok": false}}
BAD {"seed": 602539, "n": 14, "truth": ["sat", 3], "base": {"status": "unsat", "ok": false}, "cand": {"status": "unsat", "ok": false}, "check": {"status": "unsat", "ok": false}}
BAD {"seed": 602541, "n": 8, "truth": ["sat", 4], "base": {"status": "unsat", "ok": false}, "cand": {"status": "unsat", "ok": false}, "check": {"status": "unsat", "ok": false}}
BAD {"seed": 602545, "n": 20, "truth": ["sat", 4], "base": {"status": "unsat", "ok": false}, "cand": {"status": "unsat", "ok": false}, "check": {"status": "unsat", "ok": false}}
BAD {"seed": 602549, "n": 12, "truth": ["sat", 3], "base": {"status": "unsat", "ok": false}, "cand": {"status": "unsat", "ok": false}, "check": {"status": "unsat", "ok": false}}
BAD {"seed": 602550, "n": 14, "truth": ["sat", 1], "base": {"status": "unsat", "ok": false}, "cand": {"status": "unsat", "ok": false}, "check": {"status": "unsat", "ok": false}}
BAD {"seed": 602555, "n": 9, "truth": ["sat", 1], "base": {"status": "unsat", "ok": false}, "cand": {"status": "unsat", "ok": false}, "check": {"status": "unsat", "ok": false}}
BAD {"seed": 602558, "n": 9, "truth": ["sat", 6], "base": {"status": "unsat", "ok": false}, "cand": {"status": "unsat", "ok": false}, "check": {"status": "unsat", "ok": false}}
BAD {"seed": 602562, "n": 12, "truth": ["sat", 1], "base": {"status": "unsat", "ok": false}, "cand": {"status": "unsat", "ok": false}, "check": {"status": "unsat", "ok": false}}
BAD {"seed": 602573, "n": 11, "truth": ["sat", 4], "base": {"status": "unsat", "ok": false}, "cand": {"status": "unsat", "ok": false}, "check": {"status": "unsat", "ok": false}}
BAD {"seed": 602577, "n": 13, "truth": ["sat", 3], "base": {"status": "unsat", "ok": false}, "cand": {"status": "unsat", "ok": false}, "check": {"status": "unsat", "ok": false}}
BAD {"seed": 602579, "n": 19, "truth": ["sat", 1], "base": {"status": "unsat", "ok": false}, "cand": {"status": "unsat", "ok": false}, "check": {"status": "unsat", "ok": false}}
BAD {"seed": 602582, "n": 20, "truth": ["sat", 3], "base": {"status": "unsat", "ok": false}, "cand": {"status": "unsat", "ok": false}, "check": {"status": "unsat", "ok": false}}
BAD {"seed": 602583, "n": 12, "truth": ["sat", 4], "base": {"status": "unsat", "ok": false}, "cand": {"status": "unsat", "ok": false}, "check": {"status": "unsat", "ok": false}}
BAD {"seed": 602584, "n": 18, "truth": ["sat", 3], "base": {"status": "unsat", "ok": false}, "cand": {"status": "unsat", "ok": false}, "check": {"status": "unsat", "ok": false}}
BAD {"seed": 602587, "n": 12, "truth": ["sat", 6], "base": {"status": "unsat", "ok": false}, "cand": {"status": "unsat", "ok": false}, "check": {"status": "unsat", "ok": false}}
BAD {"seed": 602590, "n": 11, "truth": ["sat", 5], "base": {"status": "unsat", "ok": false}, "cand": {"status": "unsat", "ok": false}, "check": {"status": "unsat", "ok": false}}
BAD {"seed": 602594, "n": 13, "truth": ["sat", 2], "base": {"status": "unsat", "ok": false}, "cand": {"status": "unsat", "ok": false}, "check": {"status": "unsat", "ok": false}}
BAD {"seed": 602597, "n": 10, "truth": ["sat", 5], "base": {"status": "unsat", "ok": false}, "cand": {"status": "unsat", "ok": false}, "check": {"status": "unsat", "ok": false}}
BAD {"seed": 602606, "n": 19, "truth": ["sat", 4], "base": {"status": "unsat", "ok": false}, "cand": {"status": "unsat", "ok": false}, "check": {"status": "unsat", "ok": false}}
BAD {"seed": 602610, "n": 8, "truth": ["sat", 4], "base": {"status": "unsat", "ok": false}, "cand": {"status": "unsat", "ok": false}, "check": {"status": "unsat", "ok": false}}
BAD {"seed": 602613, "n": 20, "truth": ["sat", 1], "base": {"status": "unsat", "ok": false}, "cand": {"status": "unsat", "ok": false}, "check": {"status": "unsat", "ok": false}}
BAD {"seed": 602617, "n": 14, "truth": ["sat", 4], "base": {"status": "unsat", "ok": false}, "cand": {"status": "unsat", "ok": false}, "check": {"status": "unsat", "ok": false}}
BAD {"seed": 602619, "n": 15, "truth": ["sat", 2], "base": {"status": "unsat", "ok": false}, "cand": {"status": "unsat", "ok": false}, "check": {"status": "unsat", "ok": false}}
BAD {"seed": 602630, "n": 16, "truth": ["sat", 5], "base": {"status": "unsat", "ok": false}, "cand": {"status": "unsat", "ok": false}, "check": {"status": "unsat", "ok": false}}
BAD {"seed": 602635, "n": 9, "truth": ["sat", 3], "base": {"status": "unsat", "ok": false}, "cand": {"status": "unsat", "ok": false}, "check": {"status": "unsat", "ok": false}}
BAD {"seed": 602643, "n": 12, "truth": ["sat", 5], "base": {"status": "unsat", "ok": false}, "cand": {"status": "unsat", "ok": false}, "check": {"status": "unsat", "ok": false}}
BAD {"seed": 602651, "n": 18, "truth": ["sat", 1], "base": {"status": "unsat", "ok": false}, "cand": {"status": "unsat", "ok": false}, "check": {"status": "unsat", "ok": false}}
BAD {"seed": 602652, "n": 19, "truth": ["sat", 3], "base": {"status": "unsat", "ok": false}, "cand": {"status": "unsat", "ok": false}, "check": {"status": "unsat", "ok": false}}
BAD {"seed": 602660, "n": 14, "truth": ["sat", 1], "base": {"status": "unsat", "ok": false}, "cand": {"status": "unsat", "ok": false}, "check": {"status": "unsat", "ok": false}}
BAD {"seed": 602662, "n": 12, "truth": ["sat", 5], "base": {"status": "unsat", "ok": false}, "cand": {"status": "unsat", "ok": false}, "check": {"status": "unsat", "ok": false}}
BAD {"seed": 602664, "n": 14, "truth": ["sat", 3], "base": {"status": "unsat", "ok": false}, "cand": {"status": "unsat", "ok": false}, "check": {"status": "unsat", "ok": false}}
BAD {"seed": 602666, "n": 11, "truth": ["sat", 7], "base": {"status": "unsat", "ok": false}, "cand": {"status": "unsat", "ok": false}, "check": {"status": "unsat", "ok": false}}
BAD {"seed": 602668, "n": 10, "truth": ["sat", 1], "base": {"status": "unsat", "ok": false}, "cand": {"status": "unsat", "ok": false}, "check": {"status": "unsat", "ok": false}}
BAD {"seed": 602669, "n": 13, "truth": ["sat", 3], "base": {"status": "unsat", "ok": false}, "cand": {"status": "unsat", "ok": false}, "check": {"status": "unsat", "ok": false}}
BAD {"seed": 602676, "n": 11, "truth": ["sat", 4], "base": {"status": "unsat", "ok": false}, "cand": {"status": "unsat", "ok": false}, "check": {"status": "unsat", "ok": false}}
BAD {"seed": 602677, "n": 18, "truth": ["sat", 1], "base": {"status": "unsat", "ok": false}, "cand": {"status": "unsat", "ok": false}, "check": {"status": "unsat", "ok": false}}
BAD {"seed": 602681, "n": 17, "truth": ["sat", 1], "base": {"status": "sat", "cost": 1, "ok": true}, "cand": {"status": "sat", "cost": 1, "ok": true}, "check": {"status": "crash", "rc": -11, "tail": "", "ok": false}}
BAD {"seed": 602690, "n": 16, "truth": ["sat", 3], "base": {"status": "unsat", "ok": false}, "cand": {"status": "unsat", "ok": false}, "check": {"status": "unsat", "ok": false}}
BAD {"seed": 602694, "n": 20, "truth": ["sat", 3], "base": {"status": "unsat", "ok": false}, "cand": {"status": "unsat", "ok": false}, "check": {"status": "unsat", "ok": false}}
BAD {"seed": 602695, "n": 17, "truth": ["sat", 1], "base": {"status": "unsat", "ok": false}, "cand": {"status": "unsat", "ok": false}, "check": {"status": "unsat", "ok": false}}
BAD {"seed": 602699, "n": 17, "truth": ["sat", 4], "base": {"status": "unsat", "ok": false}, "cand": {"status": "unsat", "ok": false}, "check": {"status": "unsat", "ok": false}}
BAD {"seed": 602703, "n": 11, "truth": ["sat", 5], "base": {"status": "unsat", "ok": false}, "cand": {"status": "unsat", "ok": false}, "check": {"status": "unsat", "ok": false}}
BAD {"seed": 602710, "n": 10, "truth": ["sat", 1], "base": {"status": "unsat", "ok": false}, "cand": {"status": "unsat", "ok": false}, "check": {"status": "unsat", "ok": false}}
BAD {"seed": 602711, "n": 18, "truth": ["sat", 3], "base": {"status": "unsat", "ok": false}, "cand": {"status": "unsat", "ok": false}, "check": {"status": "unsat", "ok": false}}
BAD {"seed": 602714, "n": 18, "truth": ["sat", 2], "base": {"status": "unsat", "ok": false}, "cand": {"status": "unsat", "ok": false}, "check": {"status": "unsat", "ok": false}}
BAD {"seed": 602717, "n": 12, "truth": ["sat", 5], "base": {"status": "unsat", "ok": false}, "cand": {"status": "unsat", "ok": false}, "check": {"status": "unsat", "ok": false}}
BAD {"seed": 602719, "n": 14, "truth": ["sat", 3], "base": {"status": "unsat", "ok": false}, "cand": {"status": "unsat", "ok": false}, "check": {"status": "unsat", "ok": false}}
BAD {"seed": 602721, "n": 9, "truth": ["sat", 2], "base": {"status": "unsat", "ok": false}, "cand": {"status": "unsat", "ok": false}, "check": {"status": "unsat", "ok": false}}
BAD {"seed": 602725, "n": 18, "truth": ["sat", 3], "base": {"status": "unsat", "ok": false}, "cand": {"status": "unsat", "ok": false}, "check": {"status": "unsat", "ok": false}}
BAD {"seed": 602732, "n": 11, "truth": ["sat", 6], "base": {"status": "unsat", "ok": false}, "cand": {"status": "unsat", "ok": false}, "check": {"status": "unsat", "ok": false}}
BAD {"seed": 602735, "n": 11, "truth": ["sat", 2], "base": {"status": "unsat", "ok": false}, "cand": {"status": "unsat", "ok": false}, "check": {"status": "unsat", "ok": false}}
BAD {"seed": 602736, "n": 15, "truth": ["sat", 2], "base": {"status": "unsat", "ok": false}, "cand": {"status": "unsat", "ok": false}, "check": {"status": "unsat", "ok": false}}
BAD {"seed": 602737, "n": 16, "truth": ["sat", 1], "base": {"status": "unsat", "ok": false}, "cand": {"status": "unsat", "ok": false}, "check": {"status": "unsat", "ok": false}}
BAD {"seed": 602739, "n": 9, "truth": ["sat", 3], "base": {"status": "unsat", "ok": false}, "cand": {"status": "unsat", "ok": false}, "check": {"status": "unsat", "ok": false}}
BAD {"seed": 602744, "n": 9, "truth": ["sat", 1], "base": {"status": "unsat", "ok": false}, "cand": {"status": "unsat", "ok": false}, "check": {"status": "unsat", "ok": false}}
BAD {"seed": 602748, "n": 9, "truth": ["sat", 4], "base": {"status": "unsat", "ok": false}, "cand": {"status": "unsat", "ok": false}, "check": {"status": "unsat", "ok": false}}
2750 done
BAD {"seed": 602751, "n": 18, "truth": ["sat", 4], "base": {"status": "unsat", "ok": false}, "cand": {"status": "unsat", "ok": false}, "check": {"status": "unsat", "ok": false}}
BAD {"seed": 602755, "n": 11, "truth": ["sat", 1], "base": {"status": "unsat", "ok": false}, "cand": {"status": "unsat", "ok": false}, "check": {"status": "unsat", "ok": false}}
BAD {"seed": 602767, "n": 9, "truth": ["sat", 2], "base": {"status": "unsat", "ok": false}, "cand": {"status": "unsat", "ok": false}, "check": {"status": "unsat", "ok": false}}
BAD {"seed": 602768, "n": 15, "truth": ["sat", 1], "base": {"status": "unsat", "ok": false}, "cand": {"status": "unsat", "ok": false}, "check": {"status": "unsat", "ok": false}}
BAD {"seed": 602772, "n": 14, "truth": ["sat", 2], "base": {"status": "unsat", "ok": false}, "cand": {"status": "unsat", "ok": false}, "check": {"status": "unsat", "ok": false}}
BAD {"seed": 602775, "n": 11, "truth": ["sat", 3], "base": {"status": "unsat", "ok": false}, "cand": {"status": "unsat", "ok": false}, "check": {"status": "sat", "cost": 3, "ok": true}}
BAD {"seed": 602789, "n": 13, "truth": ["sat", 2], "base": {"status": "unsat", "ok": false}, "cand": {"status": "unsat", "ok": false}, "check": {"status": "unsat", "ok": false}}
BAD {"seed": 602790, "n": 11, "truth": ["sat", 5], "base": {"status": "unsat", "ok": false}, "cand": {"status": "unsat", "ok": false}, "check": {"status": "unsat", "ok": false}}
BAD {"seed": 602792, "n": 19, "truth": ["sat", 4], "base": {"status": "unsat", "ok": false}, "cand": {"status": "unsat", "ok": false}, "check": {"status": "unsat", "ok": false}}
BAD {"seed": 602795, "n": 16, "truth": ["sat", 3], "base": {"status": "unsat", "ok": false}, "cand": {"status": "unsat", "ok": false}, "check": {"status": "unsat", "ok": false}}
BAD {"seed": 602800, "n": 16, "truth": ["sat", 1], "base": {"status": "sat", "cost": 1, "ok": true}, "cand": {"status": "sat", "cost": 1, "ok": true}, "check": {"status": "timeout", "ok": false}}
BAD {"seed": 602806, "n": 15, "truth": ["sat", 2], "base": {"status": "unsat", "ok": false}, "cand": {"status": "unsat", "ok": false}, "check": {"status": "unsat", "ok": false}}
BAD {"seed": 602808, "n": 17, "truth": ["sat", 1], "base": {"status": "sat", "cost": 1, "ok": true}, "cand": {"status": "sat", "cost": 1, "ok": true}, "check": {"status": "crash", "rc": -10, "tail": "", "ok": false}}
BAD {"seed": 602812, "n": 18, "truth": ["sat", 1], "base": {"status": "unsat", "ok": false}, "cand": {"status": "unsat", "ok": false}, "check": {"status": "unsat", "ok": false}}
BAD {"seed": 602813, "n": 20, "truth": ["sat", 3], "base": {"status": "unsat", "ok": false}, "cand": {"status": "unsat", "ok": false}, "check": {"status": "unsat", "ok": false}}
BAD {"seed": 602815, "n": 20, "truth": ["sat", 4], "base": {"status": "unsat", "ok": false}, "cand": {"status": "unsat", "ok": false}, "check": {"status": "unsat", "ok": false}}
BAD {"seed": 602819, "n": 14, "truth": ["sat", 4], "base": {"status": "unsat", "ok": false}, "cand": {"status": "unsat", "ok": false}, "check": {"status": "unsat", "ok": false}}
BAD {"seed": 602821, "n": 20, "truth": ["sat", 4], "base": {"status": "unsat", "ok": false}, "cand": {"status": "unsat", "ok": false}, "check": {"status": "unsat", "ok": false}}
BAD {"seed": 602822, "n": 12, "truth": ["sat", 2], "base": {"status": "unsat", "ok": false}, "cand": {"status": "unsat", "ok": false}, "check": {"status": "unsat", "ok": false}}
BAD {"seed": 602824, "n": 10, "truth": ["sat", 7], "base": {"status": "unsat", "ok": false}, "cand": {"status": "unsat", "ok": false}, "check": {"status": "unsat", "ok": false}}
BAD {"seed": 602835, "n": 13, "truth": ["sat", 5], "base": {"status": "unsat", "ok": false}, "cand": {"status": "unsat", "ok": false}, "check": {"status": "unsat", "ok": false}}
BAD {"seed": 602836, "n": 17, "truth": ["sat", 4], "base": {"status": "unsat", "ok": false}, "cand": {"status": "unsat", "ok": false}, "check": {"status": "unsat", "ok": false}}
BAD {"seed": 602837, "n": 19, "truth": ["sat", 4], "base": {"status": "unsat", "ok": false}, "cand": {"status": "unsat", "ok": false}, "check": {"status": "unsat", "ok": false}}
BAD {"seed": 602838, "n": 8, "truth": ["sat", 2], "base": {"status": "unsat", "ok": false}, "cand": {"status": "unsat", "ok": false}, "check": {"status": "unsat", "ok": false}}
BAD {"seed": 602840, "n": 17, "truth": ["sat", 2], "base": {"status": "unsat", "ok": false}, "cand": {"status": "unsat", "ok": false}, "check": {"status": "unsat", "ok": false}}
BAD {"seed": 602843, "n": 17, "truth": ["sat", 2], "base": {"status": "unsat", "ok": false}, "cand": {"status": "unsat", "ok": false}, "check": {"status": "unsat", "ok": false}}
BAD {"seed": 602849, "n": 18, "truth": ["sat", 5], "base": {"status": "unsat", "ok": false}, "cand": {"status": "unsat", "ok": false}, "check": {"status": "unsat", "ok": false}}
BAD {"seed": 602854, "n": 12, "truth": ["sat", 3], "base": {"status": "unsat", "ok": false}, "cand": {"status": "unsat", "ok": false}, "check": {"status": "unsat", "ok": false}}
BAD {"seed": 602858, "n": 18, "truth": ["sat", 2], "base": {"status": "unsat", "ok": false}, "cand": {"status": "unsat", "ok": false}, "check": {"status": "unsat", "ok": false}}
BAD {"seed": 602859, "n": 11, "truth": ["sat", 4], "base": {"status": "unsat", "ok": false}, "cand": {"status": "unsat", "ok": false}, "check": {"status": "unsat", "ok": false}}
BAD {"seed": 602865, "n": 10, "truth": ["sat", 5], "base": {"status": "unsat", "ok": false}, "cand": {"status": "unsat", "ok": false}, "check": {"status": "unsat", "ok": false}}
BAD {"seed": 602867, "n": 13, "truth": ["sat", 3], "base": {"status": "unsat", "ok": false}, "cand": {"status": "unsat", "ok": false}, "check": {"status": "unsat", "ok": false}}
BAD {"seed": 602871, "n": 10, "truth": ["sat", 4], "base": {"status": "unsat", "ok": false}, "cand": {"status": "unsat", "ok": false}, "check": {"status": "unsat", "ok": false}}
BAD {"seed": 602872, "n": 8, "truth": ["sat", 2], "base": {"status": "unsat", "ok": false}, "cand": {"status": "unsat", "ok": false}, "check": {"status": "unsat", "ok": false}}
BAD {"seed": 602873, "n": 15, "truth": ["sat", 1], "base": {"status": "unsat", "ok": false}, "cand": {"status": "unsat", "ok": false}, "check": {"status": "unsat", "ok": false}}
BAD {"seed": 602874, "n": 16, "truth": ["sat", 2], "base": {"status": "unsat", "ok": false}, "cand": {"status": "unsat", "ok": false}, "check": {"status": "unsat", "ok": false}}
BAD {"seed": 602878, "n": 8, "truth": ["sat", 2], "base": {"status": "unsat", "ok": false}, "cand": {"status": "unsat", "ok": false}, "check": {"status": "unsat", "ok": false}}
BAD {"seed": 602884, "n": 15, "truth": ["sat", 6], "base": {"status": "unsat", "ok": false}, "cand": {"status": "unsat", "ok": false}, "check": {"status": "unsat", "ok": false}}
BAD {"seed": 602889, "n": 15, "truth": ["sat", 2], "base": {"status": "unsat", "ok": false}, "cand": {"status": "unsat", "ok": false}, "check": {"status": "unsat", "ok": false}}
BAD {"seed": 602890, "n": 16, "truth": ["sat", 1], "base": {"status": "unsat", "ok": false}, "cand": {"status": "unsat", "ok": false}, "check": {"status": "unsat", "ok": false}}
BAD {"seed": 602893, "n": 17, "truth": ["sat", 2], "base": {"status": "sat", "cost": 2, "ok": true}, "cand": {"status": "sat", "cost": 2, "ok": true}, "check": {"status": "crash", "rc": -11, "tail": "", "ok": false}}
BAD {"seed": 602899, "n": 18, "truth": ["sat", 3], "base": {"status": "unsat", "ok": false}, "cand": {"status": "unsat", "ok": false}, "check": {"status": "unsat", "ok": false}}
BAD {"seed": 602900, "n": 18, "truth": ["sat", 3], "base": {"status": "unsat", "ok": false}, "cand": {"status": "unsat", "ok": false}, "check": {"status": "unsat", "ok": false}}
BAD {"seed": 602907, "n": 16, "truth": ["sat", 3], "base": {"status": "unsat", "ok": false}, "cand": {"status": "unsat", "ok": false}, "check": {"status": "unsat", "ok": false}}
BAD {"seed": 602910, "n": 10, "truth": ["sat", 2], "base": {"status": "unsat", "ok": false}, "cand": {"status": "unsat", "ok": false}, "check": {"status": "unsat", "ok": false}}
BAD {"seed": 602912, "n": 20, "truth": ["sat", 1], "base": {"status": "unsat", "ok": false}, "cand": {"status": "unsat", "ok": false}, "check": {"status": "unsat", "ok": false}}
BAD {"seed": 602914, "n": 12, "truth": ["sat", 4], "base": {"status": "unsat", "ok": false}, "cand": {"status": "unsat", "ok": false}, "check": {"status": "unsat", "ok": false}}
BAD {"seed": 602916, "n": 19, "truth": ["sat", 1], "base": {"status": "unsat", "ok": false}, "cand": {"status": "unsat", "ok": false}, "check": {"status": "unsat", "ok": false}}
BAD {"seed": 602924, "n": 9, "truth": ["sat", 3], "base": {"status": "unsat", "ok": false}, "cand": {"status": "unsat", "ok": false}, "check": {"status": "unsat", "ok": false}}
BAD {"seed": 602928, "n": 14, "truth": ["sat", 2], "base": {"status": "unsat", "ok": false}, "cand": {"status": "unsat", "ok": false}, "check": {"status": "unsat", "ok": false}}
BAD {"seed": 602936, "n": 18, "truth": ["sat", 3], "base": {"status": "unsat", "ok": false}, "cand": {"status": "unsat", "ok": false}, "check": {"status": "unsat", "ok": false}}
BAD {"seed": 602937, "n": 14, "truth": ["sat", 3], "base": {"status": "unsat", "ok": false}, "cand": {"status": "unsat", "ok": false}, "check": {"status": "unsat", "ok": false}}
BAD {"seed": 602943, "n": 11, "truth": ["sat", 4], "base": {"status": "unsat", "ok": false}, "cand": {"status": "unsat", "ok": false}, "check": {"status": "unsat", "ok": false}}
BAD {"seed": 602945, "n": 13, "truth": ["sat", 3], "base": {"status": "unsat", "ok": false}, "cand": {"status": "unsat", "ok": false}, "check": {"status": "unsat", "ok": false}}
BAD {"seed": 602948, "n": 18, "truth": ["sat", 5], "base": {"status": "unsat", "ok": false}, "cand": {"status": "unsat", "ok": false}, "check": {"status": "unsat", "ok": false}}
BAD {"seed": 602954, "n": 19, "truth": ["sat", 2], "base": {"status": "unsat", "ok": false}, "cand": {"status": "unsat", "ok": false}, "check": {"status": "unsat", "ok": false}}
BAD {"seed": 602955, "n": 11, "truth": ["sat", 3], "base": {"status": "unsat", "ok": false}, "cand": {"status": "unsat", "ok": false}, "check": {"status": "unsat", "ok": false}}
BAD {"seed": 602959, "n": 19, "truth": ["sat", 2], "base": {"status": "unsat", "ok": false}, "cand": {"status": "unsat", "ok": false}, "check": {"status": "unsat", "ok": false}}
BAD {"seed": 602960, "n": 8, "truth": ["sat", 6], "base": {"status": "unsat", "ok": false}, "cand": {"status": "unsat", "ok": false}, "check": {"status": "unsat", "ok": false}}
BAD {"seed": 602964, "n": 17, "truth": ["sat", 5], "base": {"status": "unsat", "ok": false}, "cand": {"status": "unsat", "ok": false}, "check": {"status": "unsat", "ok": false}}
BAD {"seed": 602966, "n": 19, "truth": ["sat", 3], "base": {"status": "unsat", "ok": false}, "cand": {"status": "unsat", "ok": false}, "check": {"status": "unsat", "ok": false}}
BAD {"seed": 602978, "n": 18, "truth": ["sat", 3], "base": {"status": "unsat", "ok": false}, "cand": {"status": "unsat", "ok": false}, "check": {"status": "unsat", "ok": false}}
BAD {"seed": 602983, "n": 17, "truth": ["sat", 4], "base": {"status": "unsat", "ok": false}, "cand": {"status": "unsat", "ok": false}, "check": {"status": "sat", "cost": 4, "ok": true}}
BAD {"seed": 602989, "n": 19, "truth": ["sat", 3], "base": {"status": "unsat", "ok": false}, "cand": {"status": "unsat", "ok": false}, "check": {"status": "unsat", "ok": false}}
BAD {"seed": 602990, "n": 8, "truth": ["sat", 3], "base": {"status": "unsat", "ok": false}, "cand": {"status": "unsat", "ok": false}, "check": {"status": "unsat", "ok": false}}
BAD {"seed": 602993, "n": 9, "truth": ["sat", 3], "base": {"status": "unsat", "ok": false}, "cand": {"status": "unsat", "ok": false}, "check": {"status": "unsat", "ok": false}}
BAD {"seed": 602994, "n": 12, "truth": ["sat", 4], "base": {"status": "unsat", "ok": false}, "cand": {"status": "unsat", "ok": false}, "check": {"status": "unsat", "ok": false}}
BAD {"seed": 602999, "n": 8, "truth": ["sat", 2], "base": {"status": "unsat", "ok": false}, "cand": {"status": "unsat", "ok": false}, "check": {"status": "unsat", "ok": false}}
{"base:sat:ok": 1501, "base:unsat:ok": 111, "base:unsat:WRONG": 827, "base:crash:WRONG": 549, "base:timeout:WRONG": 12, "cand:sat:ok": 1507, "cand:unsat:ok": 111, "cand:unsat:WRONG": 830, "cand:crash:WRONG": 540, "cand:timeout:WRONG": 12, "check:sat:ok": 1508, "check:unsat:ok": 111, "check:unsat:WRONG": 823, "check:crash:WRONG": 543, "check:timeout:WRONG": 15} cand failures: [600002, 600004, 600010, 600017, 600019, 600022, 600029, 600036, 600037, 600038, 600043, 600046, 600058, 600062, 600068, 600071, 600076, 600077, 600080, 600084]
exit=2
