config,cell,idx,half,cap,lb,first,outcome,value,d_confl,d_dec,d_prop,d_starts,d_lk,d_lksucc,d_lkprop,d_softconfl,pre_core,pre_tier2,pre_local,pre_card,pre_hardens,pre_vars,pre_trail,pre_lk_thres,pre_lk_coef,pre_lk_nbS,pre_lk_maxS,pre_var_decay,pre_step,pre_timer,pre_var_inc,pre_polT,pre_actV,pre_actC,pre_actLB,pre_coreLimit,pre_conflV,pre_feas,post_core,post_tier2,post_local,post_card,post_hardens,post_vars,post_trail,post_lk_thres,post_lk_coef,post_lk_nbS,post_lk_maxS,post_var_decay,post_step,post_timer,post_var_inc,post_polT,post_actV,post_actC,post_actLB,post_coreLimit,post_conflV,post_feas
abl-m0,LP_442_68_10.card-mto,0,X,1,1,1,NONE,,5,5,3614,1,1,0,2301,0,0,0,0,0,0,3558,265,2,2.0,0,0,0.8,0.4,5000,1,3558,0/0,0/0,0/0/0,50000,0,0,0,0,0,0,0,3999,265,1,2.0,0,0,0.8,0.4,4995,2.44,3790,8.75/1.83e+03,0/0,0.4/87.2/218,50000,4,0
abl-m0,LP_442_68_10.card-mto,1,Z,1,1,1,NONE,,3,3,3672,1,1,0,2298,0,0,0,0,0,0,3558,263,2,2.0,0,0,0.8,0.4,5000,1,3558,0/0,0/0,0/0/0,50000,0,0,0,0,0,0,0,3999,263,1,2.0,0,0,0.8,0.4,4997,1.56,3782,3.48/605,0/0,0.4/74.4/186,50000,2,0
abl-m0,LP_442_68_10.card-mto,2,X,2,2,1,NONE,,233,1334,74835,2,13,13,16378,58,0,0,0,0,0,3999,265,1,2.0,0,0,0.8,0.4,4995,2.44,3790,8.75/1.83e+03,0/0,0.4/87.2/218,50000,4,0,0,0,0,0,0,4881,265,3,1.9,1,3,0.8,0.4,4762,7.43e+22,4836,3.26e+23/1.6e+25,0/0,0.972/348/439,50000,236,0
abl-m0,LP_442_68_10.card-mto,3,Z,2,2,1,NONE,,316,1996,173068,4,1,0,2220,20,0,0,0,0,0,3999,263,1,2.0,0,0,0.8,0.4,4997,1.56,3782,3.48/605,0/0,0.4/74.4/186,50000,2,0,0,0,0,0,0,4881,263,0,2.0,0,0,0.8,0.4,4681,5.25e+30,4646,1.95e+31/5.85e+33,0/0,0.64/176/367,50000,317,0
abl-m0,LP_442_68_10.card-mto,4,X,4,3,1,NONE,,729,2059,58791,11,756,664,969818,688,0,0,0,0,0,4881,265,3,1.9,1,3,0.8,0.4,4762,7.43e+22,4836,3.26e+23/1.6e+25,0/0,0.972/348/439,50000,236,0,0,0,0,0,0,5391,265,5,2.0,5,5,0.8,0.4,4033,2.64e+93,4790,1.37e+94/8.24e+95,0/0,1/371/442,50000,964,0
abl-m0,LP_442_68_10.card-mto,5,Z,4,3,1,NONE,,1210,3949,72621,19,1147,1101,1015557,1141,0,0,0,0,0,4881,263,0,2.0,0,0,0.8,0.4,4681,5.25e+30,4646,1.95e+31/5.85e+33,0/0,0.64/176/367,50000,317,0,0,0,0,0,0,5391,263,5,2.5,8,5,0.8,0.4,3471,7.67e+47,4811,2.97e+48/1.47e+50,0/0,1/342/442,50000,1526,0
abl-m0,LP_442_68_10.card-mto,6,X,8,5,1,NONE,,9645,19500,519022,80,11296,9318,16029671,9418,0,0,0,0,0,5391,265,5,2.0,5,5,0.8,0.4,4033,2.64e+93,4790,1.37e+94/8.24e+95,0/0,1/371/442,50000,964,0,0,0,0,0,0,5645,265,9,3.9,75,9,0.82,0.4,4388,3.04e+94,4759,1.83e+95/2.01e+97,0/0,1/350/442,50000,10608,0
abl-m0,LP_442_68_10.card-mto,7,Z,8,5,1,NONE,,15129,29526,829476,114,17813,14651,26165134,14808,0,0,0,0,0,5391,263,5,2.5,8,5,0.8,0.4,3471,7.67e+47,4811,2.97e+48/1.47e+50,0/0,1/342/442,50000,1526,0,0,0,0,0,0,5645,263,9,3.2,113,9,0.82,0.3949,3471,4e+73,5392,2.33e+74/2.96e+76,0.976/181,1/408/442,50000,11526,0
abl-m0,LP_442_68_10.card-mto,8,X,16,9,1,FOUND,16,16315,29605,755619,117,19429,16052,29108509,16072,0,0,0,0,0,5645,265,9,3.9,75,9,0.82,0.4,4388,3.04e+94,4759,1.83e+95/2.01e+97,0/0,1/350/442,50000,10608,0,1600,1532,8362,4758,283,5771,265,6,4.2,134,18,0.84,0.3937,4376,3.29e+24,5264,2.14e+25/3.33e+27,0.926/146,1/248/442,50000,20620,1
abl-m0,LP_442_68_10.card-mto,9,Z,16,9,1,FOUND,16,28006,44760,1243561,150,33768,27792,48732282,27827,0,0,0,0,0,5645,263,9,3.2,113,9,0.82,0.3949,3471,4e+73,5392,2.33e+74/2.96e+76,0.976/181,1/408/442,50000,11526,0,972,8,20027,4758,198,5771,263,7,5.3,251,19,0.84,0.3769,3448,7.45e+94,5145,5.07e+95/1.73e+97,0.987/230,1/260/442,50000,21549,1
abl-m0,LP_442_68_10.card-mto,10,X,15,9,1,FOUND,14,123174,176770,5691578,313,152944,121934,216796769,122263,1600,1532,8362,4758,283,5771,265,6,4.2,134,18,0.84,0.3937,4376,3.29e+24,5264,2.14e+25/3.33e+27,0.926/146,1/248/442,50000,20620,1,15531,3292,18639,4473,88,7858,265,1,5.5,981,18,0.84,0.2705,4376,3.29e+24,7629,2.14e+25/3.33e+27,0.955/224,1/255/442,50000,20620,1
abl-m0,LP_442_68_10.card-mto,11,Z,13,9,1,FOUND,12,82955,117629,3757498,192,101283,82151,142078676,82396,972,8,20027,4758,198,5771,263,7,5.3,251,19,0.84,0.3769,3448,7.45e+94,5145,5.07e+95/1.73e+97,0.987/230,1/260/442,50000,21549,1,1179,359,8980,4474,49,7858,272,1,5.5,662,16,0.84,0.2939,3448,7.45e+94,7383,5.07e+95/1.73e+97,1/236,1/176/442,50000,21549,1
abl-m0,LP_442_68_10.card-mto,12,Z,12,9,0,OPT,10,23225,40599,1114384,79,28223,22694,39515733,22916,1179,359,8980,4474,49,7858,272,1,5.5,662,16,0.84,0.2939,3448,7.45e+94,7383,5.07e+95/1.73e+97,1/236,1/176/442,50000,21549,1,636,81,1662,4419,114,11990,413,13,5.9,186,13,0.84,0.2707,3448,7.45e+94,9508,5.07e+95/1.73e+97,1/171,1/376/442,50000,21549,1
abl-m0,LP_442_68_10.card-mto,13,X,10,9,0,OPT,10,12014,22241,646047,38,14692,11515,19926866,11674,15531,3292,18639,4473,88,7858,265,1,5.5,981,18,0.84,0.2705,4376,3.29e+24,7629,2.14e+25/3.33e+27,0.955/224,1/255/442,50000,20620,1,3046,780,1474,4467,208,12029,424,14,5.8,85,14,0.84,0.2585,4376,3.29e+24,9358,2.14e+25/3.33e+27,1/244,1/369/442,50000,20620,1
abl-m1,LP_442_68_10.card-mto,0,X,1,1,1,NONE,,5,5,3614,1,1,0,2301,0,0,0,0,0,0,3558,265,2,2.0,0,0,0.8,0.4,5000,1,3558,0/0,0/0,0/0/0,50000,0,0,0,0,0,0,0,3999,265,1,2.0,0,0,0.8,0.4,4995,2.44,3790,8.75/1.83e+03,0/0,0.4/87.2/218,50000,4,0
abl-m1,LP_442_68_10.card-mto,1,Z,1,1,1,NONE,,3,3,3672,1,1,0,2298,0,0,0,0,0,0,3558,263,2,2.0,0,0,0.8,0.4,5000,1,3558,0/0,0/0,0/0/0,50000,0,0,0,0,0,0,0,3999,263,1,2.0,0,0,0.8,0.4,4997,1.56,3782,3.48/605,0/0,0.4/74.4/186,50000,2,0
abl-m1,LP_442_68_10.card-mto,2,X,2,2,1,NONE,,233,1334,74835,2,13,13,16378,58,0,0,0,0,0,3999,265,1,2.0,0,0,0.8,0.4,4995,2.44,3790,8.75/1.83e+03,0/0,0.4/87.2/218,50000,4,0,0,0,0,0,0,4881,265,3,1.9,1,3,0.8,0.4,4762,7.43e+22,4836,3.26e+23/1.6e+25,0/0,0.972/348/439,50000,236,0
abl-m1,LP_442_68_10.card-mto,3,Z,2,2,1,NONE,,316,1996,173068,4,1,0,2220,20,0,0,0,0,0,3999,263,1,2.0,0,0,0.8,0.4,4997,1.56,3782,3.48/605,0/0,0.4/74.4/186,50000,2,0,0,0,0,0,0,4881,263,0,2.0,0,0,0.8,0.4,4681,5.25e+30,4646,1.95e+31/5.85e+33,0/0,0.64/176/367,50000,317,0
abl-m1,LP_442_68_10.card-mto,4,X,4,3,1,NONE,,729,2059,58791,11,756,664,969818,688,0,0,0,0,0,4881,265,3,1.9,1,3,0.8,0.4,4762,7.43e+22,4836,3.26e+23/1.6e+25,0/0,0.972/348/439,50000,236,0,0,0,0,0,0,5391,265,5,2.0,5,5,0.8,0.4,4033,2.64e+93,4790,1.37e+94/8.24e+95,0/0,1/371/442,50000,964,0
abl-m1,LP_442_68_10.card-mto,5,Z,4,3,1,NONE,,1210,3949,72621,19,1147,1101,1015557,1141,0,0,0,0,0,4881,263,0,2.0,0,0,0.8,0.4,4681,5.25e+30,4646,1.95e+31/5.85e+33,0/0,0.64/176/367,50000,317,0,0,0,0,0,0,5391,263,5,2.5,8,5,0.8,0.4,3471,7.67e+47,4811,2.97e+48/1.47e+50,0/0,1/342/442,50000,1526,0
abl-m1,LP_442_68_10.card-mto,6,X,8,5,1,NONE,,9645,19500,519022,80,11296,9318,16029671,9418,0,0,0,0,0,5391,265,5,2.0,5,5,0.8,0.4,4033,2.64e+93,4790,1.37e+94/8.24e+95,0/0,1/371/442,50000,964,0,0,0,0,0,0,5645,265,9,3.9,75,9,0.82,0.4,4388,3.04e+94,4759,1.83e+95/2.01e+97,0/0,1/350/442,50000,10608,0
abl-m1,LP_442_68_10.card-mto,7,Z,8,5,1,NONE,,15129,29526,829476,114,17813,14651,26165134,14808,0,0,0,0,0,5391,263,5,2.5,8,5,0.8,0.4,3471,7.67e+47,4811,2.97e+48/1.47e+50,0/0,1/342/442,50000,1526,0,0,0,0,0,0,5645,263,9,3.2,113,9,0.82,0.3949,3471,4e+73,5392,2.33e+74/2.96e+76,0.976/181,1/408/442,50000,11526,0
abl-m1,LP_442_68_10.card-mto,8,X,16,9,1,FOUND,16,16315,29605,755619,117,19429,16052,29108509,16072,0,0,0,0,0,5645,265,9,3.9,75,9,0.82,0.4,4388,3.04e+94,4759,1.83e+95/2.01e+97,0/0,1/350/442,50000,10608,0,1600,1532,8362,4758,283,5771,265,6,4.2,134,18,0.84,0.3937,4376,3.29e+24,5264,2.14e+25/3.33e+27,0.926/146,1/248/442,50000,20620,1
abl-m1,LP_442_68_10.card-mto,9,Z,16,9,1,FOUND,16,28006,44760,1243561,150,33768,27792,48732282,27827,0,0,0,0,0,5645,263,9,3.2,113,9,0.82,0.3949,3471,4e+73,5392,2.33e+74/2.96e+76,0.976/181,1/408/442,50000,11526,0,972,8,20027,4758,198,5771,263,7,5.3,251,19,0.84,0.3769,3448,7.45e+94,5145,5.07e+95/1.73e+97,0.987/230,1/260/442,50000,21549,1
abl-m1,LP_442_68_10.card-mto,10,X,15,9,1,FOUND,14,109988,161539,5031705,316,136042,108881,192941173,109164,1600,1532,8362,4758,283,5771,265,6,4.2,134,18,0.84,0.3937,4376,3.29e+24,5264,2.14e+25/3.33e+27,0.926/146,1/248/442,50000,20620,1,4970,2715,20426,4473,199,7858,266,1,3.7,870,16,0.86,0.2937,4372,7.96e+49,7373,5.69e+50/3.43e+52,1/204,1/155/442,50000,30624,1
abl-m1,LP_442_68_10.card-mto,11,Z,13,9,1,FOUND,12,43788,71889,1893013,210,53138,43411,75507468,43544,972,8,20027,4758,198,5771,263,7,5.3,251,19,0.84,0.3769,3448,7.45e+94,5145,5.07e+95/1.73e+97,0.987/230,1/260/442,50000,21549,1,5844,3753,24977,4474,8,7858,263,1,6.3,351,17,0.86,0.3431,3431,421000000000.0,7389,3e+12/2.3e+14,0.979/268,1/201/442,50000,31566,1
abl-m1,LP_442_68_10.card-mto,12,Z,12,9,0,OPT,10,35892,64293,1764708,181,43416,35152,63373216,35419,5844,3753,24977,4474,8,7858,263,1,6.3,351,17,0.86,0.3431,3431,421000000000.0,7389,3e+12/2.3e+14,0.979/268,1/201/442,50000,31566,1,4591,384,10873,4475,151,12032,1244,15,6.7,153,15,0.88,0.3173,3406,1.77e+27,9599,1.46e+28/5.85e+29,1/169,1/294/442,50000,41591,1
abl-m1,LP_442_68_10.card-mto,13,X,10,9,0,OPT,10,17781,38547,899901,117,21670,17258,29757454,17392,4970,2715,20426,4473,199,7858,266,1,3.7,870,16,0.86,0.2937,4372,7.96e+49,7373,5.69e+50/3.43e+52,1/204,1/155/442,50000,30624,1,22452,6605,22057,4411,139,12005,624,12,4.9,68,12,0.88,0.2859,4358,2.04e+74,9282,1.46e+75/2.22e+77,1/162,0.991/344/442,50000,40638,1
abl-m126,LP_442_68_10.card-mto,0,X,1,1,1,NONE,,5,5,3614,1,1,0,2301,0,0,0,0,0,0,3558,265,2,2.0,0,0,0.8,0.4,5000,1,3558,0/0,0/0,0/0/0,50000,0,0,0,0,0,0,0,3999,265,1,2.0,0,0,0.8,0.4,4995,2.44,3790,8.75/1.83e+03,0/0,0.4/87.2/218,50000,4,0
abl-m126,LP_442_68_10.card-mto,1,Z,1,1,1,NONE,,3,3,3672,1,1,0,2298,0,0,0,0,0,0,3558,263,2,2.0,0,0,0.8,0.4,5000,1,3558,0/0,0/0,0/0/0,50000,0,0,0,0,0,0,0,3999,263,1,2.0,0,0,0.8,0.4,4997,1.56,3782,3.48/605,0/0,0.4/74.4/186,50000,2,0
abl-m126,LP_442_68_10.card-mto,2,X,2,2,1,NONE,,236,1077,126001,1,0,0,0,16,0,0,0,0,0,3999,265,1,2.0,0,0,0.8,0.4,4995,2.44,3790,8.75/1.83e+03,0/0,0.4/87.2/218,50000,4,0,0,0,0,0,0,4881,265,0,2.0,0,0,0.8,0.4,4764,5.94e+22,4573,2.48e+23/3.28e+25,0/0,0/0/0,50000,235,0
abl-m126,LP_442_68_10.card-mto,3,Z,2,2,1,NONE,,344,1840,139230,4,58,58,53420,70,0,0,0,0,0,3999,263,1,2.0,0,0,0.8,0.4,4997,1.56,3782,3.48/605,0/0,0.4/74.4/186,50000,2,0,0,0,0,0,0,4881,263,3,2.1,3,3,0.8,0.4,4656,1.74e+33,4816,7.6e+33/2.49e+35,0/0,0.998/417/439,50000,343,0
abl-m126,LP_442_68_10.card-mto,4,X,4,3,1,NONE,,1231,4290,126925,17,983,941,891291,1004,0,0,0,0,0,4881,265,0,2.0,0,0,0.8,0.4,4764,5.94e+22,4573,2.48e+23/3.28e+25,0/0,0/0/0,50000,235,0,0,0,0,0,0,5391,265,5,2.7,8,5,0.8,0.4,3769,1.58e+19,5245,7.92e+19/5.29e+21,0/0,1/397/442,50000,1230,0
abl-m126,LP_442_68_10.card-mto,5,Z,4,3,1,NONE,,1235,3620,174600,14,909,819,1061416,868,0,0,0,0,0,4881,263,3,2.1,3,3,0.8,0.4,4656,1.74e+33,4816,7.6e+33/2.49e+35,0/0,0.998/417/439,50000,343,0,0,0,0,0,0,5391,263,6,2.2,6,6,0.8,0.4,3765,3.86e+19,5246,1.94e+20/1.14e+22,0/0,1/434/442,50000,1234,0
abl-m126,LP_442_68_10.card-mto,6,X,8,5,1,NONE,,9567,20917,638908,95,10461,8434,15868987,8723,0,0,0,0,0,5391,265,5,2.7,8,5,0.8,0.4,3769,1.58e+19,5245,7.92e+19/5.29e+21,0/0,1/397/442,50000,1230,0,0,0,0,0,0,5645,265,9,2.8,66,9,0.81,0.4,433,252,5313,1.09e+03/6.94e+04,0/0,1/318/442,50000,9566,0
abl-m126,LP_442_68_10.card-mto,7,Z,8,5,1,NONE,,14435,27560,825930,108,16344,13368,24703492,13745,0,0,0,0,0,5391,263,6,2.2,6,6,0.8,0.4,3765,3.86e+19,5246,1.94e+20/1.14e+22,0/0,1/434/442,50000,1234,0,0,0,0,0,0,5645,263,9,3.1,111,9,0.82,0.3956,4994,4.28e+42,5329,2.27e+43/3.17e+45,0.864/209,1/315/442,50000,10006,0
abl-m126,LP_442_68_10.card-mto,8,X,16,9,1,FOUND,16,11973,22221,593350,88,13801,11498,20811480,11541,0,0,0,0,0,5645,265,9,2.8,66,9,0.81,0.4,433,252,5313,1.09e+03/6.94e+04,0/0,1/318/442,50000,9566,0,1830,1353,11432,4758,204,5771,265,8,3.0,94,18,0.82,0.398,4996,2.88e+42,5647,1.43e+43/1.47e+45,0.882/118,1/285/442,50000,10004,1
abl-m126,LP_442_68_10.card-mto,9,Z,16,9,1,FOUND,16,7102,14287,451770,54,7534,6510,10540359,6551,0,0,0,0,0,5645,263,9,3.1,111,9,0.82,0.3956,4994,4.28e+42,5329,2.27e+43/3.17e+45,0.864/209,1/315/442,50000,10006,0,1851,1698,6592,4758,234,5771,263,10,3.3,52,22,0.81,0.4,2898,8.11e+76,5290,1.65e+77/1.24e+79,0/0,1/217/442,50000,7102,1
abl-m126,LP_442_68_10.card-mto,10,X,15,9,1,FOUND,14,145778,213877,6379111,369,177906,143946,246357253,144389,1830,1353,11432,4758,204,5771,265,8,3.0,94,18,0.82,0.398,4996,2.88e+42,5647,1.43e+43/1.47e+45,0.882/118,1/285/442,50000,10004,1,2566,3637,25158,4473,68,7858,267,1,3.8,1195,16,0.8,0.2542,5000,1,7259,0/0,1/263,1/189/442,50000,0,1
abl-m126,LP_442_68_10.card-mto,11,Z,13,9,1,FOUND,12,3113,8161,270656,15,3420,2773,4615348,2790,1851,1698,6592,4758,234,5771,263,10,3.3,52,22,0.81,0.4,2898,8.11e+76,5290,1.65e+77/1.24e+79,0/0,1/217/442,50000,7102,1,280,139,2929,4474,81,7858,263,1,3.8,31,14,0.8,0.3969,5000,1,7323,0/0,0.992/264,0.995/160/442,50000,0,1
abl-m126,LP_442_68_10.card-mto,12,Z,12,9,0,OPT,10,30502,53690,1469210,109,36381,29464,50319201,29783,280,139,2929,4474,81,7858,263,1,3.8,31,14,0.8,0.3969,5000,1,7323,0/0,0.992/264,0.995/160/442,50000,0,1,520,58,330,4475,114,12032,1206,12,5.0,206,12,0.8,0.3695,5000,1,9584,0/0,1/185,1/307/442,50000,0,1
abl-m126,LP_442_68_10.card-mto,13,X,10,9,0,OPT,10,14182,27125,858017,61,16903,13253,22624259,13467,2566,3637,25158,4473,68,7858,267,1,3.8,1195,16,0.8,0.2542,5000,1,7259,0/0,1/263,1/189/442,50000,0,1,704,167,1641,4459,110,12020,392,10,3.4,110,10,0.8,0.3858,5000,1,9604,0/0,1/159,1/345/440,50000,0,1
abl-m127,LP_442_68_10.card-mto,0,X,1,1,1,NONE,,5,5,3614,1,1,0,2301,0,0,0,0,0,0,3558,265,2,2.0,0,0,0.8,0.4,5000,1,3558,0/0,0/0,0/0/0,50000,0,0,0,0,0,0,0,3999,265,1,2.0,0,0,0.8,0.4,4995,2.44,3790,8.75/1.83e+03,0/0,0.4/87.2/218,50000,4,0
abl-m127,LP_442_68_10.card-mto,1,Z,1,1,1,NONE,,3,3,3672,1,1,0,2298,0,0,0,0,0,0,3558,263,2,2.0,0,0,0.8,0.4,5000,1,3558,0/0,0/0,0/0/0,50000,0,0,0,0,0,0,0,3999,263,1,2.0,0,0,0.8,0.4,4997,1.56,3782,3.48/605,0/0,0.4/74.4/186,50000,2,0
abl-m127,LP_442_68_10.card-mto,2,X,2,2,1,NONE,,236,1077,126001,1,0,0,0,16,0,0,0,0,0,3999,265,1,2.0,0,0,0.8,0.4,4995,2.44,3790,8.75/1.83e+03,0/0,0.4/87.2/218,50000,4,0,0,0,0,0,0,4881,265,0,2.0,0,0,0.8,0.4,4764,5.94e+22,4573,2.48e+23/3.28e+25,0/0,0/0/0,50000,235,0
abl-m127,LP_442_68_10.card-mto,3,Z,2,2,1,NONE,,344,1840,139230,4,58,58,53420,70,0,0,0,0,0,3999,263,1,2.0,0,0,0.8,0.4,4997,1.56,3782,3.48/605,0/0,0.4/74.4/186,50000,2,0,0,0,0,0,0,4881,263,3,2.1,3,3,0.8,0.4,4656,1.74e+33,4816,7.6e+33/2.49e+35,0/0,0.998/417/439,50000,343,0
abl-m127,LP_442_68_10.card-mto,4,X,4,3,1,NONE,,1231,4290,126925,17,983,941,891291,1004,0,0,0,0,0,4881,265,0,2.0,0,0,0.8,0.4,4764,5.94e+22,4573,2.48e+23/3.28e+25,0/0,0/0/0,50000,235,0,0,0,0,0,0,5391,265,5,2.7,8,5,0.8,0.4,3769,1.58e+19,5245,7.92e+19/5.29e+21,0/0,1/397/442,50000,1230,0
abl-m127,LP_442_68_10.card-mto,5,Z,4,3,1,NONE,,1235,3620,174600,14,909,819,1061416,868,0,0,0,0,0,4881,263,3,2.1,3,3,0.8,0.4,4656,1.74e+33,4816,7.6e+33/2.49e+35,0/0,0.998/417/439,50000,343,0,0,0,0,0,0,5391,263,6,2.2,6,6,0.8,0.4,3765,3.86e+19,5246,1.94e+20/1.14e+22,0/0,1/434/442,50000,1234,0
abl-m127,LP_442_68_10.card-mto,6,X,8,5,1,NONE,,9567,20917,638908,95,10461,8434,15868987,8723,0,0,0,0,0,5391,265,5,2.7,8,5,0.8,0.4,3769,1.58e+19,5245,7.92e+19/5.29e+21,0/0,1/397/442,50000,1230,0,0,0,0,0,0,5645,265,9,2.8,66,9,0.81,0.4,433,252,5313,1.09e+03/6.94e+04,0/0,1/318/442,50000,9566,0
abl-m127,LP_442_68_10.card-mto,7,Z,8,5,1,NONE,,14435,27560,825930,108,16344,13368,24703492,13745,0,0,0,0,0,5391,263,6,2.2,6,6,0.8,0.4,3765,3.86e+19,5246,1.94e+20/1.14e+22,0/0,1/434/442,50000,1234,0,0,0,0,0,0,5645,263,9,3.1,111,9,0.82,0.3956,4994,4.28e+42,5329,2.27e+43/3.17e+45,0.864/209,1/315/442,50000,10006,0
abl-m127,LP_442_68_10.card-mto,8,X,16,9,1,FOUND,16,11973,22221,593350,88,13801,11498,20811480,11541,0,0,0,0,0,5645,265,9,2.8,66,9,0.81,0.4,433,252,5313,1.09e+03/6.94e+04,0/0,1/318/442,50000,9566,0,1830,1353,11432,4758,204,5771,265,8,3.0,94,18,0.82,0.398,4996,2.88e+42,5647,1.43e+43/1.47e+45,0.882/118,1/285/442,50000,10004,1
abl-m127,LP_442_68_10.card-mto,9,Z,16,9,1,FOUND,16,7102,14287,451770,54,7534,6510,10540359,6551,0,0,0,0,0,5645,263,9,3.1,111,9,0.82,0.3956,4994,4.28e+42,5329,2.27e+43/3.17e+45,0.864/209,1/315/442,50000,10006,0,1851,1698,6592,4758,234,5771,263,10,3.3,52,22,0.81,0.4,2898,8.11e+76,5290,1.65e+77/1.24e+79,0/0,1/217/442,50000,7102,1
abl-m127,LP_442_68_10.card-mto,10,X,15,9,1,FOUND,14,81438,128454,3917004,298,99475,79721,141295185,80100,1830,1353,11432,4758,204,5771,265,8,3.0,94,18,0.82,0.398,4996,2.88e+42,5647,1.43e+43/1.47e+45,0.882/118,1/285/442,50000,10004,1,1006,9,6538,4473,256,7858,266,1,4.0,651,17,0.82,0.3286,5000,1.3e+42,7171,8.41e+42/1.24e+45,1/299,0.999/131/442,50000,10000,1
abl-m127,LP_442_68_10.card-mto,11,Z,13,9,1,FOUND,12,17582,34218,957168,105,20433,16716,30561954,16786,1851,1698,6592,4758,234,5771,263,10,3.3,52,22,0.81,0.4,2898,8.11e+76,5290,1.65e+77/1.24e+79,0/0,1/217/442,50000,7102,1,1153,749,9572,4474,49,7858,263,1,3.5,162,15,0.82,0.3924,4994,4.28e+42,7627,2.34e+43/2.84e+45,0.996/263,1/200/442,50000,10006,1
abl-m127,LP_442_68_10.card-mto,12,Z,12,9,0,OPT,10,57448,98996,2920240,218,68785,55930,98348058,56346,1153,749,9572,4474,49,7858,263,1,3.5,162,15,0.82,0.3924,4994,4.28e+42,7627,2.34e+43/2.84e+45,0.996/263,1/200/442,50000,10006,1,1333,90,3015,4403,132,12005,291,11,3.7,129,11,0.82,0.3526,4999,1.59e+42,9530,8.42e+42/5.4e+44,1/166,1/383/442,50000,10001,1
abl-m127,LP_442_68_10.card-mto,13,X,10,9,0,OPT,10,18493,38735,1036171,115,21558,17354,29949376,17590,1006,9,6538,4473,256,7858,266,1,4.0,651,17,0.82,0.3286,5000,1.3e+42,7171,8.41e+42/1.24e+45,1/299,0.999/131/442,50000,10000,1,961,480,3853,4451,92,12020,1230,8,3.6,99,11,0.82,0.3915,4990,9.46e+42,11408,5.97e+43/3.41e+45,1/186,1/308/441,50000,10010,1
abl-m2,LP_442_68_10.card-mto,0,X,1,1,1,NONE,,5,5,3614,1,1,0,2301,0,0,0,0,0,0,3558,265,2,2.0,0,0,0.8,0.4,5000,1,3558,0/0,0/0,0/0/0,50000,0,0,0,0,0,0,0,3999,265,1,2.0,0,0,0.8,0.4,4995,2.44,3790,8.75/1.83e+03,0/0,0.4/87.2/218,50000,4,0
abl-m2,LP_442_68_10.card-mto,1,Z,1,1,1,NONE,,3,3,3672,1,1,0,2298,0,0,0,0,0,0,3558,263,2,2.0,0,0,0.8,0.4,5000,1,3558,0/0,0/0,0/0/0,50000,0,0,0,0,0,0,0,3999,263,1,2.0,0,0,0.8,0.4,4997,1.56,3782,3.48/605,0/0,0.4/74.4/186,50000,2,0
abl-m2,LP_442_68_10.card-mto,2,X,2,2,1,NONE,,233,1334,74835,2,13,13,16378,58,0,0,0,0,0,3999,265,1,2.0,0,0,0.8,0.4,4995,2.44,3790,8.75/1.83e+03,0/0,0.4/87.2/218,50000,4,0,0,0,0,0,0,4881,265,3,1.9,1,3,0.8,0.4,4762,7.43e+22,4836,3.26e+23/1.6e+25,0/0,0.972/348/439,50000,236,0
abl-m2,LP_442_68_10.card-mto,3,Z,2,2,1,NONE,,316,1996,173068,4,1,0,2220,20,0,0,0,0,0,3999,263,1,2.0,0,0,0.8,0.4,4997,1.56,3782,3.48/605,0/0,0.4/74.4/186,50000,2,0,0,0,0,0,0,4881,263,0,2.0,0,0,0.8,0.4,4681,5.25e+30,4646,1.95e+31/5.85e+33,0/0,0.64/176/367,50000,317,0
abl-m2,LP_442_68_10.card-mto,4,X,4,3,1,NONE,,729,2059,58791,11,756,664,969818,688,0,0,0,0,0,4881,265,3,1.9,1,3,0.8,0.4,4762,7.43e+22,4836,3.26e+23/1.6e+25,0/0,0.972/348/439,50000,236,0,0,0,0,0,0,5391,265,5,2.0,5,5,0.8,0.4,4033,2.64e+93,4790,1.37e+94/8.24e+95,0/0,1/371/442,50000,964,0
abl-m2,LP_442_68_10.card-mto,5,Z,4,3,1,NONE,,1210,3949,72621,19,1147,1101,1015557,1141,0,0,0,0,0,4881,263,0,2.0,0,0,0.8,0.4,4681,5.25e+30,4646,1.95e+31/5.85e+33,0/0,0.64/176/367,50000,317,0,0,0,0,0,0,5391,263,5,2.5,8,5,0.8,0.4,3471,7.67e+47,4811,2.97e+48/1.47e+50,0/0,1/342/442,50000,1526,0
abl-m2,LP_442_68_10.card-mto,6,X,8,5,1,NONE,,9645,19500,519022,80,11296,9318,16029671,9418,0,0,0,0,0,5391,265,5,2.0,5,5,0.8,0.4,4033,2.64e+93,4790,1.37e+94/8.24e+95,0/0,1/371/442,50000,964,0,0,0,0,0,0,5645,265,9,3.9,75,9,0.82,0.4,4388,3.04e+94,4759,1.83e+95/2.01e+97,0/0,1/350/442,50000,10608,0
abl-m2,LP_442_68_10.card-mto,7,Z,8,5,1,NONE,,15129,29526,829476,114,17813,14651,26165134,14808,0,0,0,0,0,5391,263,5,2.5,8,5,0.8,0.4,3471,7.67e+47,4811,2.97e+48/1.47e+50,0/0,1/342/442,50000,1526,0,0,0,0,0,0,5645,263,9,3.2,113,9,0.82,0.3949,3471,4e+73,5392,2.33e+74/2.96e+76,0.976/181,1/408/442,50000,11526,0
abl-m2,LP_442_68_10.card-mto,8,X,16,9,1,FOUND,16,16315,29605,755619,117,19429,16052,29108509,16072,0,0,0,0,0,5645,265,9,3.9,75,9,0.82,0.4,4388,3.04e+94,4759,1.83e+95/2.01e+97,0/0,1/350/442,50000,10608,0,1600,1532,8362,4758,283,5771,265,6,4.2,134,18,0.84,0.3937,4376,3.29e+24,5264,2.14e+25/3.33e+27,0.926/146,1/248/442,50000,20620,1
abl-m2,LP_442_68_10.card-mto,9,Z,16,9,1,FOUND,16,28006,44760,1243561,150,33768,27792,48732282,27827,0,0,0,0,0,5645,263,9,3.2,113,9,0.82,0.3949,3471,4e+73,5392,2.33e+74/2.96e+76,0.976/181,1/408/442,50000,11526,0,972,8,20027,4758,198,5771,263,7,5.3,251,19,0.84,0.3769,3448,7.45e+94,5145,5.07e+95/1.73e+97,0.987/230,1/260/442,50000,21549,1
abl-m2,LP_442_68_10.card-mto,10,X,15,9,1,FOUND,10,35376,53618,1563135,97,43028,35056,58477895,35175,1600,1532,8362,4758,283,5771,265,6,4.2,134,18,0.84,0.3937,4376,3.29e+24,5264,2.14e+25/3.33e+27,0.926/146,1/248/442,50000,20620,1,2622,611,19155,4473,18,7858,265,5,3.8,300,16,0.84,0.3583,4376,3.29e+24,7264,2.14e+25/3.33e+27,1/318,1/200/442,50000,20620,1
abl-m2,LP_442_68_10.card-mto,11,Z,9,9,1,NONE,,22469,37450,1040965,64,27164,21865,36594666,22095,972,8,20027,4758,198,5771,263,7,5.3,251,19,0.84,0.3769,3448,7.45e+94,5145,5.07e+95/1.73e+97,0.987/230,1/260/442,50000,21549,1,1939,958,6155,4475,57,7858,1184,7,3.3,176,11,0.84,0.3544,3448,7.45e+94,5286,5.07e+95/1.73e+97,1/160,1/331/440,50000,21549,1
abl-m2,LP_442_68_10.card-mto,12,X,10,9,0,OPT,10,15491,25513,803771,62,18663,14830,25661441,15009,2622,611,19155,4473,18,7858,265,5,3.8,300,16,0.84,0.3583,4376,3.29e+24,7264,2.14e+25/3.33e+27,1/318,1/200/442,50000,20620,1,2991,486,6821,4475,188,9945,871,11,3.8,123,11,0.84,0.3428,4376,3.29e+24,7528,2.14e+25/3.33e+27,1/258,1/320/441,50000,20620,1
abl-m24,LP_442_68_10.card-mto,0,X,1,1,1,NONE,,5,5,3614,1,1,0,2301,0,0,0,0,0,0,3558,265,2,2.0,0,0,0.8,0.4,5000,1,3558,0/0,0/0,0/0/0,50000,0,0,0,0,0,0,0,3999,265,1,2.0,0,0,0.8,0.4,4995,2.44,3790,8.75/1.83e+03,0/0,0.4/87.2/218,50000,4,0
abl-m24,LP_442_68_10.card-mto,1,Z,1,1,1,NONE,,3,3,3672,1,1,0,2298,0,0,0,0,0,0,3558,263,2,2.0,0,0,0.8,0.4,5000,1,3558,0/0,0/0,0/0/0,50000,0,0,0,0,0,0,0,3999,263,1,2.0,0,0,0.8,0.4,4997,1.56,3782,3.48/605,0/0,0.4/74.4/186,50000,2,0
abl-m24,LP_442_68_10.card-mto,2,X,2,2,1,NONE,,233,1334,74835,2,13,13,16378,58,0,0,0,0,0,3999,265,1,2.0,0,0,0.8,0.4,4995,2.44,3790,8.75/1.83e+03,0/0,0.4/87.2/218,50000,4,0,0,0,0,0,0,4881,265,3,1.9,1,3,0.8,0.4,4762,7.43e+22,4836,3.26e+23/1.6e+25,0/0,0.972/348/439,50000,236,0
abl-m24,LP_442_68_10.card-mto,3,Z,2,2,1,NONE,,316,1996,173068,4,1,0,2220,20,0,0,0,0,0,3999,263,1,2.0,0,0,0.8,0.4,4997,1.56,3782,3.48/605,0/0,0.4/74.4/186,50000,2,0,0,0,0,0,0,4881,263,0,2.0,0,0,0.8,0.4,4681,5.25e+30,4646,1.95e+31/5.85e+33,0/0,0.64/176/367,50000,317,0
abl-m24,LP_442_68_10.card-mto,4,X,4,3,1,NONE,,729,2059,58791,11,756,664,969818,688,0,0,0,0,0,4881,265,3,1.9,1,3,0.8,0.4,4762,7.43e+22,4836,3.26e+23/1.6e+25,0/0,0.972/348/439,50000,236,0,0,0,0,0,0,5391,265,5,2.0,5,5,0.8,0.4,4033,2.64e+93,4790,1.37e+94/8.24e+95,0/0,1/371/442,50000,964,0
abl-m24,LP_442_68_10.card-mto,5,Z,4,3,1,NONE,,1210,3949,72621,19,1147,1101,1015557,1141,0,0,0,0,0,4881,263,0,2.0,0,0,0.8,0.4,4681,5.25e+30,4646,1.95e+31/5.85e+33,0/0,0.64/176/367,50000,317,0,0,0,0,0,0,5391,263,5,2.5,8,5,0.8,0.4,3471,7.67e+47,4811,2.97e+48/1.47e+50,0/0,1/342/442,50000,1526,0
abl-m24,LP_442_68_10.card-mto,6,X,8,5,1,NONE,,9645,19500,519022,80,11296,9318,16029671,9418,0,0,0,0,0,5391,265,5,2.0,5,5,0.8,0.4,4033,2.64e+93,4790,1.37e+94/8.24e+95,0/0,1/371/442,50000,964,0,0,0,0,0,0,5645,265,9,3.9,75,9,0.82,0.4,4388,3.04e+94,4759,1.83e+95/2.01e+97,0/0,1/350/442,50000,10608,0
abl-m24,LP_442_68_10.card-mto,7,Z,8,5,1,NONE,,15129,29526,829476,114,17813,14651,26165134,14808,0,0,0,0,0,5391,263,5,2.5,8,5,0.8,0.4,3471,7.67e+47,4811,2.97e+48/1.47e+50,0/0,1/342/442,50000,1526,0,0,0,0,0,0,5645,263,9,3.2,113,9,0.82,0.3949,3471,4e+73,5392,2.33e+74/2.96e+76,0.976/181,1/408/442,50000,11526,0
abl-m24,LP_442_68_10.card-mto,8,X,16,9,1,FOUND,16,16315,29605,755619,117,19429,16052,29108509,16072,0,0,0,0,0,5645,265,9,3.9,75,9,0.82,0.4,4388,3.04e+94,4759,1.83e+95/2.01e+97,0/0,1/350/442,50000,10608,0,1600,1532,8362,4758,283,5771,265,6,4.2,134,18,0.84,0.3937,4376,3.29e+24,5264,2.14e+25/3.33e+27,0.926/146,1/248/442,50000,20620,1
abl-m24,LP_442_68_10.card-mto,9,Z,16,9,1,FOUND,16,28006,44760,1243561,150,33768,27792,48732282,27827,0,0,0,0,0,5645,263,9,3.2,113,9,0.82,0.3949,3471,4e+73,5392,2.33e+74/2.96e+76,0.976/181,1/408/442,50000,11526,0,972,8,20027,4758,198,5771,263,7,5.3,251,19,0.84,0.3769,3448,7.45e+94,5145,5.07e+95/1.73e+97,0.987/230,1/260/442,50000,21549,1
abl-m24,LP_442_68_10.card-mto,10,X,15,9,1,FOUND,14,55220,82402,2377685,159,67681,54820,92228789,54930,1600,1532,8362,4758,283,5771,265,6,4.2,134,18,0.84,0.3937,4376,3.29e+24,5264,2.14e+25/3.33e+27,0.926/146,1/248/442,50000,20620,1,2273,3880,17517,4473,80,7858,266,1,5.5,454,19,0.84,0.3385,4376,3.29e+24,7072,2.14e+25/3.33e+27,1/202,1/122/442,50000,20620,1
abl-m24,LP_442_68_10.card-mto,11,Z,13,9,1,FOUND,12,23458,37449,1093203,64,28715,23157,40544318,23241,972,8,20027,4758,198,5771,263,7,5.3,251,19,0.84,0.3769,3448,7.45e+94,5145,5.07e+95/1.73e+97,0.987/230,1/260/442,50000,21549,1,234,474,1543,4474,25,7858,264,1,5.6,187,17,0.84,0.3534,3448,7.45e+94,7132,5.07e+95/1.73e+97,1/301,0.999/186/442,50000,21549,1
abl-m24,LP_442_68_10.card-mto,12,Z,12,9,0,OPT,10,31872,53852,1580399,114,38949,31154,54415249,31409,234,474,1543,4474,25,7858,264,1,5.6,187,17,0.84,0.3534,3448,7.45e+94,7132,5.07e+95/1.73e+97,1/301,0.999/186/442,50000,21549,1,1710,1104,8486,4451,200,12020,654,14,5.9,151,14,0.84,0.3216,3448,7.45e+94,9358,5.07e+95/1.73e+97,1/256,1/374/442,50000,21549,1
abl-m24,LP_442_68_10.card-mto,13,X,10,9,0,OPT,10,10084,20524,594794,42,12685,9748,16965268,9839,2273,3880,17517,4473,80,7858,266,1,5.5,454,19,0.84,0.3385,4376,3.29e+24,7072,2.14e+25/3.33e+27,1/202,1/122/442,50000,20620,1,1334,182,5194,4467,160,12026,401,14,5.9,64,14,0.84,0.3284,4376,3.29e+24,9589,2.14e+25/3.33e+27,1/242,1/340/442,50000,20620,1
abl-m4,LP_442_68_10.card-mto,0,X,1,1,1,NONE,,5,5,3614,1,1,0,2301,0,0,0,0,0,0,3558,265,2,2.0,0,0,0.8,0.4,5000,1,3558,0/0,0/0,0/0/0,50000,0,0,0,0,0,0,0,3999,265,1,2.0,0,0,0.8,0.4,4995,2.44,3790,8.75/1.83e+03,0/0,0.4/87.2/218,50000,4,0
abl-m4,LP_442_68_10.card-mto,1,Z,1,1,1,NONE,,3,3,3672,1,1,0,2298,0,0,0,0,0,0,3558,263,2,2.0,0,0,0.8,0.4,5000,1,3558,0/0,0/0,0/0/0,50000,0,0,0,0,0,0,0,3999,263,1,2.0,0,0,0.8,0.4,4997,1.56,3782,3.48/605,0/0,0.4/74.4/186,50000,2,0
abl-m4,LP_442_68_10.card-mto,2,X,2,2,1,NONE,,233,1334,74835,2,13,13,16378,58,0,0,0,0,0,3999,265,1,2.0,0,0,0.8,0.4,4995,2.44,3790,8.75/1.83e+03,0/0,0.4/87.2/218,50000,4,0,0,0,0,0,0,4881,265,3,1.9,1,3,0.8,0.4,4762,7.43e+22,4836,3.26e+23/1.6e+25,0/0,0.972/348/439,50000,236,0
abl-m4,LP_442_68_10.card-mto,3,Z,2,2,1,NONE,,316,1996,173068,4,1,0,2220,20,0,0,0,0,0,3999,263,1,2.0,0,0,0.8,0.4,4997,1.56,3782,3.48/605,0/0,0.4/74.4/186,50000,2,0,0,0,0,0,0,4881,263,0,2.0,0,0,0.8,0.4,4681,5.25e+30,4646,1.95e+31/5.85e+33,0/0,0.64/176/367,50000,317,0
abl-m4,LP_442_68_10.card-mto,4,X,4,3,1,NONE,,729,2059,58791,11,756,664,969818,688,0,0,0,0,0,4881,265,3,1.9,1,3,0.8,0.4,4762,7.43e+22,4836,3.26e+23/1.6e+25,0/0,0.972/348/439,50000,236,0,0,0,0,0,0,5391,265,5,2.0,5,5,0.8,0.4,4033,2.64e+93,4790,1.37e+94/8.24e+95,0/0,1/371/442,50000,964,0
abl-m4,LP_442_68_10.card-mto,5,Z,4,3,1,NONE,,1210,3949,72621,19,1147,1101,1015557,1141,0,0,0,0,0,4881,263,0,2.0,0,0,0.8,0.4,4681,5.25e+30,4646,1.95e+31/5.85e+33,0/0,0.64/176/367,50000,317,0,0,0,0,0,0,5391,263,5,2.5,8,5,0.8,0.4,3471,7.67e+47,4811,2.97e+48/1.47e+50,0/0,1/342/442,50000,1526,0
abl-m4,LP_442_68_10.card-mto,6,X,8,5,1,NONE,,9645,19500,519022,80,11296,9318,16029671,9418,0,0,0,0,0,5391,265,5,2.0,5,5,0.8,0.4,4033,2.64e+93,4790,1.37e+94/8.24e+95,0/0,1/371/442,50000,964,0,0,0,0,0,0,5645,265,9,3.9,75,9,0.82,0.4,4388,3.04e+94,4759,1.83e+95/2.01e+97,0/0,1/350/442,50000,10608,0
abl-m4,LP_442_68_10.card-mto,7,Z,8,5,1,NONE,,15129,29526,829476,114,17813,14651,26165134,14808,0,0,0,0,0,5391,263,5,2.5,8,5,0.8,0.4,3471,7.67e+47,4811,2.97e+48/1.47e+50,0/0,1/342/442,50000,1526,0,0,0,0,0,0,5645,263,9,3.2,113,9,0.82,0.3949,3471,4e+73,5392,2.33e+74/2.96e+76,0.976/181,1/408/442,50000,11526,0
abl-m4,LP_442_68_10.card-mto,8,X,16,9,1,FOUND,16,16315,29605,755619,117,19429,16052,29108509,16072,0,0,0,0,0,5645,265,9,3.9,75,9,0.82,0.4,4388,3.04e+94,4759,1.83e+95/2.01e+97,0/0,1/350/442,50000,10608,0,1600,1532,8362,4758,283,5771,265,6,4.2,134,18,0.84,0.3937,4376,3.29e+24,5264,2.14e+25/3.33e+27,0.926/146,1/248/442,50000,20620,1
abl-m4,LP_442_68_10.card-mto,9,Z,16,9,1,FOUND,16,28006,44760,1243561,150,33768,27792,48732282,27827,0,0,0,0,0,5645,263,9,3.2,113,9,0.82,0.3949,3471,4e+73,5392,2.33e+74/2.96e+76,0.976/181,1/408/442,50000,11526,0,972,8,20027,4758,198,5771,263,7,5.3,251,19,0.84,0.3769,3448,7.45e+94,5145,5.07e+95/1.73e+97,0.987/230,1/260/442,50000,21549,1
abl-m4,LP_442_68_10.card-mto,10,X,15,9,1,FOUND,14,46542,73608,2764143,128,55755,44816,75551368,44907,1600,1532,8362,4758,283,5771,265,6,4.2,134,18,0.84,0.3937,4376,3.29e+24,5264,2.14e+25/3.33e+27,0.926/146,1/248/442,50000,20620,1,4419,3781,7542,4473,183,7858,266,1,5.0,365,18,0.8,0.3535,5000,1,7232,0/0,1/257,1/199/442,50000,20620,1
abl-m4,LP_442_68_10.card-mto,11,Z,13,9,1,FOUND,10,5466,12368,334671,29,6612,5263,8805904,5289,972,8,20027,4758,198,5771,263,7,5.3,251,19,0.84,0.3769,3448,7.45e+94,5145,5.07e+95/1.73e+97,0.987/230,1/260/442,50000,21549,1,1504,1695,14309,4474,85,7858,263,3,5.7,37,14,0.8,0.3945,5000,1,7389,0/0,0.851/204,0.999/159/442,50000,21549,1
abl-m4,LP_442_68_10.card-mto,12,Z,10,9,0,OPT,10,25087,38496,1379916,58,29859,23984,41389271,24220,1504,1695,14309,4474,85,7858,263,3,5.7,37,14,0.8,0.3945,5000,1,7389,0/0,0.851/204,0.999/159/442,50000,21549,1,3859,812,25691,4475,160,9945,301,13,5.5,193,13,0.8,0.3749,5000,1,9111,0/0,1/201,0.995/300/442,50000,21549,1
abl-m4,LP_442_68_10.card-mto,13,X,10,9,0,OPT,10,14816,29231,783483,48,18287,14235,24412926,14423,4419,3781,7542,4473,183,7858,266,1,5.0,365,18,0.8,0.3535,5000,1,7232,0/0,1/257,1/199/442,50000,20620,1,4241,1358,5729,4467,160,12026,903,13,5.3,107,13,0.8,0.3852,5000,1,9489,0/0,1/192,1/379/442,50000,20620,1
abl-m63,LP_442_68_10.card-mto,0,X,1,1,1,NONE,,5,5,3614,1,1,0,2301,0,0,0,0,0,0,3558,265,2,2.0,0,0,0.8,0.4,5000,1,3558,0/0,0/0,0/0/0,50000,0,0,0,0,0,0,0,3999,265,1,2.0,0,0,0.8,0.4,4995,2.44,3790,8.75/1.83e+03,0/0,0.4/87.2/218,50000,4,0
abl-m63,LP_442_68_10.card-mto,1,Z,1,1,1,NONE,,3,3,3672,1,1,0,2298,0,0,0,0,0,0,3558,263,2,2.0,0,0,0.8,0.4,5000,1,3558,0/0,0/0,0/0/0,50000,0,0,0,0,0,0,0,3999,263,1,2.0,0,0,0.8,0.4,4997,1.56,3782,3.48/605,0/0,0.4/74.4/186,50000,2,0
abl-m63,LP_442_68_10.card-mto,2,X,2,2,1,NONE,,233,1334,74835,2,13,13,16378,58,0,0,0,0,0,3999,265,1,2.0,0,0,0.8,0.4,4995,2.44,3790,8.75/1.83e+03,0/0,0.4/87.2/218,50000,4,0,0,0,0,0,0,4881,265,3,1.9,1,3,0.8,0.4,4762,7.43e+22,4836,3.26e+23/1.6e+25,0/0,0.972/348/439,50000,236,0
abl-m63,LP_442_68_10.card-mto,3,Z,2,2,1,NONE,,316,1996,173068,4,1,0,2220,20,0,0,0,0,0,3999,263,1,2.0,0,0,0.8,0.4,4997,1.56,3782,3.48/605,0/0,0.4/74.4/186,50000,2,0,0,0,0,0,0,4881,263,0,2.0,0,0,0.8,0.4,4681,5.25e+30,4646,1.95e+31/5.85e+33,0/0,0.64/176/367,50000,317,0
abl-m63,LP_442_68_10.card-mto,4,X,4,3,1,NONE,,729,2059,58791,11,756,664,969818,688,0,0,0,0,0,4881,265,3,1.9,1,3,0.8,0.4,4762,7.43e+22,4836,3.26e+23/1.6e+25,0/0,0.972/348/439,50000,236,0,0,0,0,0,0,5391,265,5,2.0,5,5,0.8,0.4,4033,2.64e+93,4790,1.37e+94/8.24e+95,0/0,1/371/442,50000,964,0
abl-m63,LP_442_68_10.card-mto,5,Z,4,3,1,NONE,,1210,3949,72621,19,1147,1101,1015557,1141,0,0,0,0,0,4881,263,0,2.0,0,0,0.8,0.4,4681,5.25e+30,4646,1.95e+31/5.85e+33,0/0,0.64/176/367,50000,317,0,0,0,0,0,0,5391,263,5,2.5,8,5,0.8,0.4,3471,7.67e+47,4811,2.97e+48/1.47e+50,0/0,1/342/442,50000,1526,0
abl-m63,LP_442_68_10.card-mto,6,X,8,5,1,NONE,,9645,19500,519022,80,11296,9318,16029671,9418,0,0,0,0,0,5391,265,5,2.0,5,5,0.8,0.4,4033,2.64e+93,4790,1.37e+94/8.24e+95,0/0,1/371/442,50000,964,0,0,0,0,0,0,5645,265,9,3.9,75,9,0.82,0.4,4388,3.04e+94,4759,1.83e+95/2.01e+97,0/0,1/350/442,50000,10608,0
abl-m63,LP_442_68_10.card-mto,7,Z,8,5,1,NONE,,15129,29526,829476,114,17813,14651,26165134,14808,0,0,0,0,0,5391,263,5,2.5,8,5,0.8,0.4,3471,7.67e+47,4811,2.97e+48/1.47e+50,0/0,1/342/442,50000,1526,0,0,0,0,0,0,5645,263,9,3.2,113,9,0.82,0.3949,3471,4e+73,5392,2.33e+74/2.96e+76,0.976/181,1/408/442,50000,11526,0
abl-m63,LP_442_68_10.card-mto,8,X,16,9,1,FOUND,16,16315,29605,755619,117,19429,16052,29108509,16072,0,0,0,0,0,5645,265,9,3.9,75,9,0.82,0.4,4388,3.04e+94,4759,1.83e+95/2.01e+97,0/0,1/350/442,50000,10608,0,1600,1532,8362,4758,283,5771,265,6,4.2,134,18,0.84,0.3937,4376,3.29e+24,5264,2.14e+25/3.33e+27,0.926/146,1/248/442,50000,20620,1
abl-m63,LP_442_68_10.card-mto,9,Z,16,9,1,FOUND,16,28006,44760,1243561,150,33768,27792,48732282,27827,0,0,0,0,0,5645,263,9,3.2,113,9,0.82,0.3949,3471,4e+73,5392,2.33e+74/2.96e+76,0.976/181,1/408/442,50000,11526,0,972,8,20027,4758,198,5771,263,7,5.3,251,19,0.84,0.3769,3448,7.45e+94,5145,5.07e+95/1.73e+97,0.987/230,1/260/442,50000,21549,1
abl-m63,LP_442_68_10.card-mto,10,X,15,9,1,FOUND,14,17150,32247,793122,110,20294,16753,29406022,16788,1600,1532,8362,4758,283,5771,265,6,4.2,134,18,0.84,0.3937,4376,3.29e+24,5264,2.14e+25/3.33e+27,0.926/146,1/248/442,50000,20620,1,1091,30,9169,4473,117,7858,265,1,3.6,156,16,0.82,0.3929,4953,1.46e+46,7340,8.36e+46/5.47e+48,0.973/233,1/180/442,50000,10047,1
abl-m63,LP_442_68_10.card-mto,11,Z,13,9,1,FOUND,12,21412,41655,935949,135,25330,20970,35440610,21049,972,8,20027,4758,198,5771,263,7,5.3,251,19,0.84,0.3769,3448,7.45e+94,5145,5.07e+95/1.73e+97,0.987/230,1/260/442,50000,21549,1,2201,1419,13154,4474,83,7858,263,1,4.1,174,15,0.82,0.3886,4988,1.41e+43,7431,8.25e+43/5.69e+45,0.965/163,1/117/442,50000,10012,1
abl-m63,LP_442_68_10.card-mto,12,Z,12,9,0,OPT,10,35381,67509,1734798,176,41875,34373,57919295,34649,2201,1419,13154,4474,83,7858,263,1,4.1,174,15,0.82,0.3886,4988,1.41e+43,7431,8.25e+43/5.69e+45,0.965/163,1/117/442,50000,10012,1,3704,685,5529,4475,143,12032,1001,7,3.6,193,10,0.82,0.3746,5000,1.3e+42,11235,8.16e+42/3.92e+44,1/250,1/311/442,50000,10000,1
abl-m63,LP_442_68_10.card-mto,13,X,10,9,0,OPT,10,18668,39824,1071199,118,22090,17802,31379324,18031,1091,30,9169,4473,117,7858,265,1,3.6,156,16,0.82,0.3929,4953,1.46e+46,7340,8.36e+46/5.47e+48,0.973/233,1/180/442,50000,10047,1,2576,195,5437,4451,134,12023,847,11,4.3,106,11,0.82,0.3913,4995,3.51e+42,11347,1.99e+43/1.31e+45,1/164,1/317/441,50000,10005,1
abl-m65,LP_442_68_10.card-mto,0,X,1,1,1,NONE,,5,5,3614,1,1,0,2301,0,0,0,0,0,0,3558,265,2,2.0,0,0,0.8,0.4,5000,1,3558,0/0,0/0,0/0/0,50000,0,0,0,0,0,0,0,3999,265,1,2.0,0,0,0.8,0.4,4995,2.44,3790,8.75/1.83e+03,0/0,0.4/87.2/218,50000,4,0
abl-m65,LP_442_68_10.card-mto,1,Z,1,1,1,NONE,,3,3,3672,1,1,0,2298,0,0,0,0,0,0,3558,263,2,2.0,0,0,0.8,0.4,5000,1,3558,0/0,0/0,0/0/0,50000,0,0,0,0,0,0,0,3999,263,1,2.0,0,0,0.8,0.4,4997,1.56,3782,3.48/605,0/0,0.4/74.4/186,50000,2,0
abl-m65,LP_442_68_10.card-mto,2,X,2,2,1,NONE,,233,1334,74835,2,13,13,16378,58,0,0,0,0,0,3999,265,1,2.0,0,0,0.8,0.4,4995,2.44,3790,8.75/1.83e+03,0/0,0.4/87.2/218,50000,4,0,0,0,0,0,0,4881,265,3,1.9,1,3,0.8,0.4,4762,7.43e+22,4836,3.26e+23/1.6e+25,0/0,0.972/348/439,50000,236,0
abl-m65,LP_442_68_10.card-mto,3,Z,2,2,1,NONE,,316,1996,173068,4,1,0,2220,20,0,0,0,0,0,3999,263,1,2.0,0,0,0.8,0.4,4997,1.56,3782,3.48/605,0/0,0.4/74.4/186,50000,2,0,0,0,0,0,0,4881,263,0,2.0,0,0,0.8,0.4,4681,5.25e+30,4646,1.95e+31/5.85e+33,0/0,0.64/176/367,50000,317,0
abl-m65,LP_442_68_10.card-mto,4,X,4,3,1,NONE,,729,2059,58791,11,756,664,969818,688,0,0,0,0,0,4881,265,3,1.9,1,3,0.8,0.4,4762,7.43e+22,4836,3.26e+23/1.6e+25,0/0,0.972/348/439,50000,236,0,0,0,0,0,0,5391,265,5,2.0,5,5,0.8,0.4,4033,2.64e+93,4790,1.37e+94/8.24e+95,0/0,1/371/442,50000,964,0
abl-m65,LP_442_68_10.card-mto,5,Z,4,3,1,NONE,,1210,3949,72621,19,1147,1101,1015557,1141,0,0,0,0,0,4881,263,0,2.0,0,0,0.8,0.4,4681,5.25e+30,4646,1.95e+31/5.85e+33,0/0,0.64/176/367,50000,317,0,0,0,0,0,0,5391,263,5,2.5,8,5,0.8,0.4,3471,7.67e+47,4811,2.97e+48/1.47e+50,0/0,1/342/442,50000,1526,0
abl-m65,LP_442_68_10.card-mto,6,X,8,5,1,NONE,,9645,19500,519022,80,11296,9318,16029671,9418,0,0,0,0,0,5391,265,5,2.0,5,5,0.8,0.4,4033,2.64e+93,4790,1.37e+94/8.24e+95,0/0,1/371/442,50000,964,0,0,0,0,0,0,5645,265,9,3.9,75,9,0.82,0.4,4388,3.04e+94,4759,1.83e+95/2.01e+97,0/0,1/350/442,50000,10608,0
abl-m65,LP_442_68_10.card-mto,7,Z,8,5,1,NONE,,15129,29526,829476,114,17813,14651,26165134,14808,0,0,0,0,0,5391,263,5,2.5,8,5,0.8,0.4,3471,7.67e+47,4811,2.97e+48/1.47e+50,0/0,1/342/442,50000,1526,0,0,0,0,0,0,5645,263,9,3.2,113,9,0.82,0.3949,3471,4e+73,5392,2.33e+74/2.96e+76,0.976/181,1/408/442,50000,11526,0
abl-m65,LP_442_68_10.card-mto,8,X,16,9,1,FOUND,16,16315,29605,755619,117,19429,16052,29108509,16072,0,0,0,0,0,5645,265,9,3.9,75,9,0.82,0.4,4388,3.04e+94,4759,1.83e+95/2.01e+97,0/0,1/350/442,50000,10608,0,1600,1532,8362,4758,283,5771,265,6,4.2,134,18,0.84,0.3937,4376,3.29e+24,5264,2.14e+25/3.33e+27,0.926/146,1/248/442,50000,20620,1
abl-m65,LP_442_68_10.card-mto,9,Z,16,9,1,FOUND,16,28006,44760,1243561,150,33768,27792,48732282,27827,0,0,0,0,0,5645,263,9,3.2,113,9,0.82,0.3949,3471,4e+73,5392,2.33e+74/2.96e+76,0.976/181,1/408/442,50000,11526,0,972,8,20027,4758,198,5771,263,7,5.3,251,19,0.84,0.3769,3448,7.45e+94,5145,5.07e+95/1.73e+97,0.987/230,1/260/442,50000,21549,1
abl-m65,LP_442_68_10.card-mto,10,X,15,9,1,FOUND,14,109988,161539,5031705,316,136042,108881,192941173,109164,1600,1532,8362,4758,283,5771,265,6,4.2,134,18,0.84,0.3937,4376,3.29e+24,5264,2.14e+25/3.33e+27,0.926/146,1/248/442,50000,20620,1,4970,2715,20426,4473,199,7858,266,1,3.7,870,16,0.86,0.2937,4372,7.96e+49,7373,5.69e+50/3.43e+52,1/204,1/155/442,50000,30624,1
abl-m65,LP_442_68_10.card-mto,11,Z,13,9,1,FOUND,12,43788,71889,1893013,210,53138,43411,75507468,43544,972,8,20027,4758,198,5771,263,7,5.3,251,19,0.84,0.3769,3448,7.45e+94,5145,5.07e+95/1.73e+97,0.987/230,1/260/442,50000,21549,1,5844,3753,24977,4474,8,7858,263,1,6.3,351,17,0.86,0.3431,3431,421000000000.0,7389,3e+12/2.3e+14,0.979/268,1/201/442,50000,31566,1
abl-m65,LP_442_68_10.card-mto,12,Z,12,9,0,OPT,10,35892,64293,1764708,181,43416,35152,63373216,35419,5844,3753,24977,4474,8,7858,263,1,6.3,351,17,0.86,0.3431,3431,421000000000.0,7389,3e+12/2.3e+14,0.979/268,1/201/442,50000,31566,1,4591,384,10873,4475,151,12032,1244,15,6.7,153,15,0.88,0.3173,3406,1.77e+27,9599,1.46e+28/5.85e+29,1/169,1/294/442,50000,41591,1
abl-m65,LP_442_68_10.card-mto,13,X,10,9,0,OPT,10,17781,38547,899901,117,21670,17258,29757454,17392,4970,2715,20426,4473,199,7858,266,1,3.7,870,16,0.86,0.2937,4372,7.96e+49,7373,5.69e+50/3.43e+52,1/204,1/155/442,50000,30624,1,22452,6605,22057,4411,139,12005,624,12,4.9,68,12,0.88,0.2859,4358,2.04e+74,9282,1.46e+75/2.22e+77,1/162,0.991/344/442,50000,40638,1
abl-m66,LP_442_68_10.card-mto,0,X,1,1,1,NONE,,5,5,3614,1,1,0,2301,0,0,0,0,0,0,3558,265,2,2.0,0,0,0.8,0.4,5000,1,3558,0/0,0/0,0/0/0,50000,0,0,0,0,0,0,0,3999,265,1,2.0,0,0,0.8,0.4,4995,2.44,3790,8.75/1.83e+03,0/0,0.4/87.2/218,50000,4,0
abl-m66,LP_442_68_10.card-mto,1,Z,1,1,1,NONE,,3,3,3672,1,1,0,2298,0,0,0,0,0,0,3558,263,2,2.0,0,0,0.8,0.4,5000,1,3558,0/0,0/0,0/0/0,50000,0,0,0,0,0,0,0,3999,263,1,2.0,0,0,0.8,0.4,4997,1.56,3782,3.48/605,0/0,0.4/74.4/186,50000,2,0
abl-m66,LP_442_68_10.card-mto,2,X,2,2,1,NONE,,236,1336,75458,2,15,14,19935,59,0,0,0,0,0,3999,265,1,2.0,0,0,0.8,0.4,4995,2.44,3790,8.75/1.83e+03,0/0,0.4/87.2/218,50000,4,0,0,0,0,0,0,4881,265,3,2.0,1,3,0.8,0.4,4759,1.45e+23,4774,6.52e+23/3.04e+25,0/0,0.953/348/432,50000,239,0
abl-m66,LP_442_68_10.card-mto,3,Z,2,2,1,NONE,,314,2093,171974,4,1,0,2510,20,0,0,0,0,0,3999,263,1,2.0,0,0,0.8,0.4,4997,1.56,3782,3.48/605,0/0,0.4/74.4/186,50000,2,0,0,0,0,0,0,4881,263,0,2.0,0,0,0.8,0.4,4683,3.36e+30,4649,1.65e+31/3.88e+33,0/0,0.4/131/328,50000,315,0
abl-m66,LP_442_68_10.card-mto,4,X,4,3,1,NONE,,1102,3367,88682,16,1028,938,1115760,999,0,0,0,0,0,4881,265,3,2.0,1,3,0.8,0.4,4759,1.45e+23,4774,6.52e+23/3.04e+25,0/0,0.953/348/432,50000,239,0,0,0,0,0,0,5391,265,5,2.3,8,5,0.8,0.4,3657,7.23e+29,4607,3.61e+30/3.54e+32,0/0,1/344/441,50000,1340,0
abl-m66,LP_442_68_10.card-mto,5,Z,4,3,1,NONE,,730,2203,50044,12,732,641,1010915,689,0,0,0,0,0,4881,263,0,2.0,0,0,0.8,0.4,4683,3.36e+30,4649,1.65e+31/3.88e+33,0/0,0.4/131/328,50000,315,0,0,0,0,0,0,5391,263,5,2.0,5,5,0.8,0.4,3953,14.9,4777,79.3/7.43e+03,0/0,1/399/442,50000,1044,0
abl-m66,LP_442_68_10.card-mto,6,X,8,5,1,NONE,,11547,24435,817632,104,12979,10458,19362773,10623,0,0,0,0,0,5391,265,5,2.3,8,5,0.8,0.4,3657,7.23e+29,4607,3.61e+30/3.54e+32,0/0,1/344/441,50000,1340,0,0,0,0,0,0,5645,265,9,3.0,89,9,0.82,0.3985,3631,6.49e+59,5496,3.42e+60/3.87e+62,0.999/210,1/351/442,50000,11366,0
abl-m66,LP_442_68_10.card-mto,7,Z,8,5,1,NONE,,16915,33715,910026,122,19796,16237,28341674,16453,0,0,0,0,0,5391,263,5,2.0,5,5,0.8,0.4,3953,14.9,4777,79.3/7.43e+03,0/0,1/399/442,50000,1044,0,0,0,0,0,0,5645,263,9,2.7,112,9,0.82,0.3931,3931,9.05e+33,5281,4.68e+34/2.8e+36,0.966/176,1/346/442,50000,11066,0
abl-m66,LP_442_68_10.card-mto,8,X,16,9,1,FOUND,16,46033,74158,2076224,213,55745,45446,79056245,45547,0,0,0,0,0,5645,265,9,3.0,89,9,0.82,0.3985,3631,6.49e+59,5496,3.42e+60/3.87e+62,0.999/210,1/351/442,50000,11366,0,1076,581,14001,4758,256,5771,267,9,3.5,391,17,0.84,0.3625,3627,2.08e+81,5125,1.36e+82/1.33e+84,0.968/246,1/273/442,50000,21370,1
abl-m66,LP_442_68_10.card-mto,9,Z,16,9,1,FOUND,16,14345,27769,587619,116,16854,14143,23393487,14186,0,0,0,0,0,5645,263,9,2.7,112,9,0.82,0.3931,3931,9.05e+33,5281,4.68e+34/2.8e+36,0.966/176,1/346/442,50000,11066,0,1628,2463,13687,4758,221,5771,263,6,3.0,123,17,0.84,0.3888,3911,6.5e+59,5262,4.04e+60/4.91e+62,0.962/191,1/287/442,50000,21086,1
abl-m66,LP_442_68_10.card-mto,10,X,15,9,1,FOUND,14,122463,179373,5370936,288,149960,121205,210877038,121590,1076,581,14001,4758,256,5771,267,9,3.5,391,17,0.84,0.3625,3627,2.08e+81,5125,1.36e+82/1.33e+84,0.968/246,1/273/442,50000,21370,1,3476,361,4771,4473,80,7858,268,1,3.7,1007,16,0.84,0.24,3627,2.08e+81,7095,1.36e+82/1.33e+84,1/147,1/176/442,50000,21370,1
abl-m66,LP_442_68_10.card-mto,11,Z,13,9,1,FOUND,12,13000,23946,542461,41,15525,12788,19846924,12839,1628,2463,13687,4758,221,5771,263,6,3.0,123,17,0.84,0.3888,3911,6.5e+59,5262,4.04e+60/4.91e+62,0.962/191,1/287/442,50000,21086,1,1378,566,19223,4474,151,7858,263,1,3.3,130,14,0.84,0.3758,3911,6.5e+59,7221,4.04e+60/4.91e+62,0.989/217,0.998/162/440,50000,21086,1
abl-m66,LP_442_68_10.card-mto,12,Z,12,9,0,OPT,10,25027,43781,1185251,64,30253,24443,41955316,24684,1378,566,19223,4474,151,7858,263,1,3.3,130,14,0.84,0.3758,3911,6.5e+59,7221,4.04e+60/4.91e+62,0.989/217,0.998/162/440,50000,21086,1,880,88,718,4475,72,12032,537,13,6.1,148,13,0.84,0.3508,3911,6.5e+59,9438,4.04e+60/4.91e+62,1/213,0.998/324/441,50000,21086,1
abl-m66,LP_442_68_10.card-mto,13,X,10,9,0,OPT,10,13267,26705,723171,45,16280,12823,21853427,12934,3476,361,4771,4473,80,7858,268,1,3.7,1007,16,0.84,0.24,3627,2.08e+81,7095,1.36e+82/1.33e+84,1/147,1/176/442,50000,21370,1,4689,1115,8541,4459,390,12023,587,11,3.4,106,11,0.84,0.2267,3627,2.08e+81,9540,1.36e+82/1.33e+84,1/200,1/308/440,50000,21370,1
abl-m68,LP_442_68_10.card-mto,0,X,1,1,1,NONE,,5,5,3614,1,1,0,2301,0,0,0,0,0,0,3558,265,2,2.0,0,0,0.8,0.4,5000,1,3558,0/0,0/0,0/0/0,50000,0,0,0,0,0,0,0,3999,265,1,2.0,0,0,0.8,0.4,4995,2.44,3790,8.75/1.83e+03,0/0,0.4/87.2/218,50000,4,0
abl-m68,LP_442_68_10.card-mto,1,Z,1,1,1,NONE,,3,3,3672,1,1,0,2298,0,0,0,0,0,0,3558,263,2,2.0,0,0,0.8,0.4,5000,1,3558,0/0,0/0,0/0/0,50000,0,0,0,0,0,0,0,3999,263,1,2.0,0,0,0.8,0.4,4997,1.56,3782,3.48/605,0/0,0.4/74.4/186,50000,2,0
abl-m68,LP_442_68_10.card-mto,2,X,2,2,1,NONE,,297,2034,133509,3,12,12,4825,33,0,0,0,0,0,3999,265,1,2.0,0,0,0.8,0.4,4995,2.44,3790,8.75/1.83e+03,0/0,0.4/87.2/218,50000,4,0,0,0,0,0,0,4881,265,2,1.9,1,2,0.8,0.4,4703,4.85e+28,4820,2.05e+29/8.34e+30,0/0,0.983/148/290,50000,300,0
abl-m68,LP_442_68_10.card-mto,3,Z,2,2,1,NONE,,340,1799,136525,4,53,53,49471,64,0,0,0,0,0,3999,263,1,2.0,0,0,0.8,0.4,4997,1.56,3782,3.48/605,0/0,0.4/74.4/186,50000,2,0,0,0,0,0,0,4881,263,2,2.0,2,2,0.8,0.4,4660,7.12e+32,4779,3.53e+33/9.73e+34,0/0,1/420/441,50000,341,0
abl-m68,LP_442_68_10.card-mto,4,X,4,3,1,NONE,,826,2545,76288,10,743,688,703344,722,0,0,0,0,0,4881,265,2,1.9,1,2,0.8,0.4,4703,4.85e+28,4820,2.05e+29/8.34e+30,0/0,0.983/148/290,50000,300,0,0,0,0,0,0,5391,265,5,2.2,5,5,0.8,0.4,4174,8.93e+79,5269,4.34e+80/2.97e+82,0/0,1/319/442,50000,1125,0
abl-m68,LP_442_68_10.card-mto,5,Z,4,3,1,NONE,,2059,5597,133653,22,1896,1827,1434101,1869,0,0,0,0,0,4881,263,2,2.0,2,2,0.8,0.4,4660,7.12e+32,4779,3.53e+33/9.73e+34,0/0,1/420/441,50000,341,0,0,0,0,0,0,5391,263,5,3.0,13,5,0.8,0.4,2941,0.276,5225,1.32/81.9,0/0,1/414/442,50000,2399,0
abl-m68,LP_442_68_10.card-mto,6,X,8,5,1,NONE,,9861,19868,545797,86,11373,9390,16097781,9494,0,0,0,0,0,5391,265,5,2.2,5,5,0.8,0.4,4174,8.93e+79,5269,4.34e+80/2.97e+82,0/0,1/319/442,50000,1125,0,0,0,0,0,0,5645,265,11,4.2,70,11,0.81,0.4,139,2.03e+29,5076,1.07e+30/8.65e+31,0/0,1/363/442,50000,10985,0
abl-m68,LP_442_68_10.card-mto,7,Z,8,5,1,NONE,,17446,34533,993260,134,20520,16799,30215034,17000,0,0,0,0,0,5391,263,5,3.0,13,5,0.8,0.4,2941,0.276,5225,1.32/81.9,0/0,1/414/442,50000,2399,0,0,0,0,0,0,5645,263,10,3.6,133,10,0.82,0.3926,4995,3.51e+42,5192,2.07e+43/1.33e+45,0.764/166,1/337/442,50000,12404,0
abl-m68,LP_442_68_10.card-mto,8,X,16,9,1,FOUND,16,3283,4065,141388,2,4991,2447,1137794,2468,0,0,0,0,0,5645,265,11,4.2,70,11,0.81,0.4,139,2.03e+29,5076,1.07e+30/8.65e+31,0/0,1/363/442,50000,10985,0,461,16,3049,4758,209,5771,265,6,3.7,12,22,0.8,0.4,1717,1.43e+18,5652,2.6e+18/1.57e+20,0/0,1/276/442,50000,14268,1
abl-m68,LP_442_68_10.card-mto,9,Z,16,9,1,FOUND,16,4871,8952,269946,37,5393,4579,7706001,4581,0,0,0,0,0,5645,263,10,3.6,133,10,0.82,0.3926,4995,3.51e+42,5192,2.07e+43/1.33e+45,0.764/166,1/337/442,50000,12404,0,679,363,4443,4758,276,5771,263,5,5.4,40,17,0.8,0.4,129,1.12e+72,5219,3.1e+72/1.48e+74,0/0,1/235/442,50000,17275,1
abl-m68,LP_442_68_10.card-mto,10,X,15,9,1,FOUND,14,59005,89492,2599849,180,72156,58368,99382143,58474,461,16,3049,4758,209,5771,265,6,3.7,12,22,0.8,0.4,1717,1.43e+18,5652,2.6e+18/1.57e+20,0/0,1/276/442,50000,14268,1,812,454,4437,4473,150,7858,269,1,5.6,494,18,0.8,0.341,5000,1,7151,0/0,1/181,1/157/442,50000,14268,1
abl-m68,LP_442_68_10.card-mto,11,Z,13,9,1,FOUND,12,19877,32945,882305,63,24104,19616,32347425,19692,679,363,4443,4758,276,5771,263,5,5.4,40,17,0.8,0.4,129,1.12e+72,5219,3.1e+72/1.48e+74,0/0,1/235/442,50000,17275,1,4752,3576,16485,4474,150,7858,263,1,6.6,188,19,0.8,0.3801,5000,1,7276,0/0,0.998/208,0.995/96.9/442,50000,17275,1
abl-m68,LP_442_68_10.card-mto,12,Z,12,9,0,OPT,10,27444,46887,1363622,77,33415,26798,46497419,27018,4752,3576,16485,4474,150,7858,263,1,6.6,188,19,0.8,0.3801,5000,1,7276,0/0,0.998/208,0.995/96.9/442,50000,17275,1,2600,768,9777,4475,65,12032,676,15,6.9,168,15,0.8,0.3726,5000,1,9548,0/0,1/185,1/355/442,50000,17275,1
abl-m68,LP_442_68_10.card-mto,13,X,10,9,0,OPT,10,13647,25230,866906,41,16798,13041,23812751,13198,812,454,4437,4473,150,7858,269,1,5.6,494,18,0.8,0.341,5000,1,7151,0/0,1/181,1/157/442,50000,14268,1,2183,874,7062,4451,123,12014,278,15,5.9,108,15,0.8,0.3864,5000,1,9567,0/0,1/243,1/366/442,50000,14268,1
abl-m8,LP_442_68_10.card-mto,0,X,1,1,1,NONE,,5,5,3614,1,1,0,2301,0,0,0,0,0,0,3558,265,2,2.0,0,0,0.8,0.4,5000,1,3558,0/0,0/0,0/0/0,50000,0,0,0,0,0,0,0,3999,265,1,2.0,0,0,0.8,0.4,4995,2.44,3790,8.75/1.83e+03,0/0,0.4/87.2/218,50000,4,0
abl-m8,LP_442_68_10.card-mto,1,Z,1,1,1,NONE,,3,3,3672,1,1,0,2298,0,0,0,0,0,0,3558,263,2,2.0,0,0,0.8,0.4,5000,1,3558,0/0,0/0,0/0/0,50000,0,0,0,0,0,0,0,3999,263,1,2.0,0,0,0.8,0.4,4997,1.56,3782,3.48/605,0/0,0.4/74.4/186,50000,2,0
abl-m8,LP_442_68_10.card-mto,2,X,2,2,1,NONE,,233,1334,74835,2,13,13,16378,58,0,0,0,0,0,3999,265,1,2.0,0,0,0.8,0.4,4995,2.44,3790,8.75/1.83e+03,0/0,0.4/87.2/218,50000,4,0,0,0,0,0,0,4881,265,3,1.9,1,3,0.8,0.4,4762,7.43e+22,4836,3.26e+23/1.6e+25,0/0,0.972/348/439,50000,236,0
abl-m8,LP_442_68_10.card-mto,3,Z,2,2,1,NONE,,316,1996,173068,4,1,0,2220,20,0,0,0,0,0,3999,263,1,2.0,0,0,0.8,0.4,4997,1.56,3782,3.48/605,0/0,0.4/74.4/186,50000,2,0,0,0,0,0,0,4881,263,0,2.0,0,0,0.8,0.4,4681,5.25e+30,4646,1.95e+31/5.85e+33,0/0,0.64/176/367,50000,317,0
abl-m8,LP_442_68_10.card-mto,4,X,4,3,1,NONE,,729,2059,58791,11,756,664,969818,688,0,0,0,0,0,4881,265,3,1.9,1,3,0.8,0.4,4762,7.43e+22,4836,3.26e+23/1.6e+25,0/0,0.972/348/439,50000,236,0,0,0,0,0,0,5391,265,5,2.0,5,5,0.8,0.4,4033,2.64e+93,4790,1.37e+94/8.24e+95,0/0,1/371/442,50000,964,0
abl-m8,LP_442_68_10.card-mto,5,Z,4,3,1,NONE,,1210,3949,72621,19,1147,1101,1015557,1141,0,0,0,0,0,4881,263,0,2.0,0,0,0.8,0.4,4681,5.25e+30,4646,1.95e+31/5.85e+33,0/0,0.64/176/367,50000,317,0,0,0,0,0,0,5391,263,5,2.5,8,5,0.8,0.4,3471,7.67e+47,4811,2.97e+48/1.47e+50,0/0,1/342/442,50000,1526,0
abl-m8,LP_442_68_10.card-mto,6,X,8,5,1,NONE,,9645,19500,519022,80,11296,9318,16029671,9418,0,0,0,0,0,5391,265,5,2.0,5,5,0.8,0.4,4033,2.64e+93,4790,1.37e+94/8.24e+95,0/0,1/371/442,50000,964,0,0,0,0,0,0,5645,265,9,3.9,75,9,0.82,0.4,4388,3.04e+94,4759,1.83e+95/2.01e+97,0/0,1/350/442,50000,10608,0
abl-m8,LP_442_68_10.card-mto,7,Z,8,5,1,NONE,,15129,29526,829476,114,17813,14651,26165134,14808,0,0,0,0,0,5391,263,5,2.5,8,5,0.8,0.4,3471,7.67e+47,4811,2.97e+48/1.47e+50,0/0,1/342/442,50000,1526,0,0,0,0,0,0,5645,263,9,3.2,113,9,0.82,0.3949,3471,4e+73,5392,2.33e+74/2.96e+76,0.976/181,1/408/442,50000,11526,0
abl-m8,LP_442_68_10.card-mto,8,X,16,9,1,FOUND,16,16315,29605,755619,117,19429,16052,29108509,16072,0,0,0,0,0,5645,265,9,3.9,75,9,0.82,0.4,4388,3.04e+94,4759,1.83e+95/2.01e+97,0/0,1/350/442,50000,10608,0,1600,1532,8362,4758,283,5771,265,6,4.2,134,18,0.84,0.3937,4376,3.29e+24,5264,2.14e+25/3.33e+27,0.926/146,1/248/442,50000,20620,1
abl-m8,LP_442_68_10.card-mto,9,Z,16,9,1,FOUND,16,28006,44760,1243561,150,33768,27792,48732282,27827,0,0,0,0,0,5645,263,9,3.2,113,9,0.82,0.3949,3471,4e+73,5392,2.33e+74/2.96e+76,0.976/181,1/408/442,50000,11526,0,972,8,20027,4758,198,5771,263,7,5.3,251,19,0.84,0.3769,3448,7.45e+94,5145,5.07e+95/1.73e+97,0.987/230,1/260/442,50000,21549,1
abl-m8,LP_442_68_10.card-mto,10,X,15,9,1,FOUND,14,80385,119113,3472262,224,98690,79742,134936322,79918,1600,1532,8362,4758,283,5771,265,6,4.2,134,18,0.84,0.3937,4376,3.29e+24,5264,2.14e+25/3.33e+27,0.926/146,1/248/442,50000,20620,1,3486,1793,20932,4473,48,7858,265,1,5.2,660,18,0.84,0.3133,4376,3.29e+24,7363,2.14e+25/3.33e+27,0.993/212,0.99/159/442,50000,20620,1
abl-m8,LP_442_68_10.card-mto,11,Z,13,9,1,FOUND,12,10739,20960,489779,45,12993,10500,17247728,10575,972,8,20027,4758,198,5771,263,7,5.3,251,19,0.84,0.3769,3448,7.45e+94,5145,5.07e+95/1.73e+97,0.987/230,1/260/442,50000,21549,1,2221,1244,9480,4474,105,7858,263,1,5.8,85,18,0.84,0.3661,3448,7.45e+94,7359,5.07e+95/1.73e+97,0.971/269,0.999/215/442,50000,21549,1
abl-m8,LP_442_68_10.card-mto,12,Z,12,9,0,OPT,10,26050,44134,1233048,65,31506,25458,43743811,25707,2221,1244,9480,4474,105,7858,263,1,5.8,85,18,0.84,0.3661,3448,7.45e+94,7359,5.07e+95/1.73e+97,0.971/269,0.999/215/442,50000,21549,1,2609,583,10697,4475,127,12032,616,14,6.5,169,14,0.84,0.3401,3448,7.45e+94,9612,5.07e+95/1.73e+97,1/162,1/363/442,50000,21549,1
abl-m8,LP_442_68_10.card-mto,13,X,10,9,0,OPT,10,13318,25839,653962,54,16348,12931,21443364,13050,3486,1793,20932,4473,48,7858,265,1,5.2,660,18,0.84,0.3133,4376,3.29e+24,7363,2.14e+25/3.33e+27,0.993/212,0.99/159/442,50000,20620,1,2035,385,2241,4475,193,12032,541,12,5.5,92,12,0.84,0.3,4376,3.29e+24,9513,2.14e+25/3.33e+27,1/213,1/311/442,50000,20620,1
abl-m96,LP_442_68_10.card-mto,0,X,1,1,1,NONE,,5,5,3614,1,1,0,2301,0,0,0,0,0,0,3558,265,2,2.0,0,0,0.8,0.4,5000,1,3558,0/0,0/0,0/0/0,50000,0,0,0,0,0,0,0,3999,265,1,2.0,0,0,0.8,0.4,4995,2.44,3790,8.75/1.83e+03,0/0,0.4/87.2/218,50000,4,0
abl-m96,LP_442_68_10.card-mto,1,Z,1,1,1,NONE,,3,3,3672,1,1,0,2298,0,0,0,0,0,0,3558,263,2,2.0,0,0,0.8,0.4,5000,1,3558,0/0,0/0,0/0/0,50000,0,0,0,0,0,0,0,3999,263,1,2.0,0,0,0.8,0.4,4997,1.56,3782,3.48/605,0/0,0.4/74.4/186,50000,2,0
abl-m96,LP_442_68_10.card-mto,2,X,2,2,1,NONE,,233,1334,74835,2,13,13,16378,58,0,0,0,0,0,3999,265,1,2.0,0,0,0.8,0.4,4995,2.44,3790,8.75/1.83e+03,0/0,0.4/87.2/218,50000,4,0,0,0,0,0,0,4881,265,3,1.9,1,3,0.8,0.4,4762,7.43e+22,4836,3.26e+23/1.6e+25,0/0,0.972/348/439,50000,232,0
abl-m96,LP_442_68_10.card-mto,3,Z,2,2,1,NONE,,352,1928,176693,2,32,32,18914,57,0,0,0,0,0,3999,263,1,2.0,0,0,0.8,0.4,4997,1.56,3782,3.48/605,0/0,0.4/74.4/186,50000,2,0,0,0,0,0,0,4881,263,2,2.1,3,2,0.8,0.4,4645,1.62e+34,4777,6.77e+34/2.3e+36,0/0,0.996/305/412,50000,351,0
abl-m96,LP_442_68_10.card-mto,4,X,4,3,1,NONE,,311,770,26485,5,329,279,483911,295,0,0,0,0,0,4881,265,3,1.9,1,3,0.8,0.4,4762,7.43e+22,4836,3.26e+23/1.6e+25,0/0,0.972/348/439,50000,232,0,0,0,0,0,0,5391,265,4,2.1,3,4,0.8,0.4,4451,8.18e+52,4709,4.07e+53/2.31e+55,0/0,0.999/424/442,50000,310,0
abl-m96,LP_442_68_10.card-mto,5,Z,4,3,1,NONE,,1586,6015,125557,25,1546,1368,1896614,1454,0,0,0,0,0,4881,263,2,2.1,3,2,0.8,0.4,4645,1.62e+34,4777,6.77e+34/2.3e+36,0/0,0.996/305/412,50000,351,0,0,0,0,0,0,5391,263,5,2.5,7,5,0.8,0.4,3059,6.48e+87,4729,3.27e+88/2.53e+90,0/0,0.999/388/442,50000,1585,0
abl-m96,LP_442_68_10.card-mto,6,X,8,5,1,NONE,,9596,20429,502625,83,11287,9315,16434603,9425,0,0,0,0,0,5391,265,4,2.1,3,4,0.8,0.4,4451,8.18e+52,4709,4.07e+53/2.31e+55,0/0,0.999/424/442,50000,310,0,0,0,0,0,0,5645,265,9,3.3,70,9,0.82,0.4,4855,1.72e+54,4651,1.17e+55/1.82e+57,0/0,1/343/442,50000,9595,0
abl-m96,LP_442_68_10.card-mto,7,Z,8,5,1,NONE,,15242,29332,817662,106,18165,14840,27345915,15008,0,0,0,0,0,5391,263,5,2.5,7,5,0.8,0.4,3059,6.48e+87,4729,3.27e+88/2.53e+90,0/0,0.999/388/442,50000,1585,0,0,0,0,0,0,5645,263,6,2.7,119,9,0.82,0.3948,3023,1640000000000.0,4718,8.88e+12/5.99e+14,0.809/218,0.997/313/442,50000,10036,0
abl-m96,LP_442_68_10.card-mto,8,X,16,9,1,FOUND,16,29684,48112,1279582,130,35768,29251,49712368,29303,0,0,0,0,0,5645,265,9,3.3,70,9,0.82,0.4,4855,1.72e+54,4651,1.17e+55/1.82e+57,0/0,1/343/442,50000,9595,0,2189,489,21621,4758,241,5771,265,9,5.0,250,17,0.84,0.3803,4855,1.76e+88,5247,1.16e+89/1.58e+91,0.992/151,1/215/442,50000,10000,1
abl-m96,LP_442_68_10.card-mto,9,Z,16,9,1,FOUND,16,51162,75359,2242693,196,62470,50832,88636963,50891,0,0,0,0,0,5645,263,6,2.7,119,9,0.82,0.3948,3023,1640000000000.0,4718,8.88e+12/5.99e+14,0.809/218,0.997/313/442,50000,10036,0,2061,60,18775,4758,137,5771,263,6,4.1,436,18,0.84,0.3536,3019,2.27e+27,5501,1.47e+28/6.69e+29,0.988/270,1/280/442,50000,10004,1
abl-m96,LP_442_68_10.card-mto,10,X,15,9,1,FOUND,12,88964,127547,3916376,209,109423,88156,151748592,88372,2189,489,21621,4758,241,5771,265,9,5.0,250,17,0.84,0.3803,4855,1.76e+88,5247,1.16e+89/1.58e+91,0.992/151,1/215/442,50000,10000,1,4149,645,28255,4473,104,7858,265,3,5.4,704,18,0.84,0.2914,4855,1.76e+88,7650,1.16e+89/1.58e+91,0.909/238,1/240/442,50000,0,1
abl-m96,LP_442_68_10.card-mto,11,Z,11,9,1,FOUND,10,5592,12070,269810,29,6761,5499,9528306,5522,2061,60,18775,4758,137,5771,263,6,4.1,436,18,0.84,0.3536,3019,2.27e+27,5501,1.47e+28/6.69e+29,0.988/270,1/280/442,50000,10004,1,3301,943,14457,4474,144,7858,263,1,5.4,47,15,0.84,0.348,3019,2.27e+27,7288,1.47e+28/6.69e+29,0.958/183,1/164/442,50000,0,1
abl-m96,LP_442_68_10.card-mto,12,Z,10,9,0,OPT,10,20770,33065,1064209,65,25176,20254,35811469,20450,3301,943,14457,4474,144,7858,263,1,5.4,47,15,0.84,0.348,3019,2.27e+27,7288,1.47e+28/6.69e+29,0.958/183,1/164/442,50000,0,1,2188,179,7468,4475,79,9945,538,14,5.5,152,14,0.84,0.3273,3019,2.27e+27,7441,1.47e+28/6.69e+29,1/221,1/396/442,50000,0,1
abl-m96,LP_442_68_10.card-mto,13,X,10,9,0,OPT,10,14538,26286,817652,46,17920,14054,24696420,14218,4149,645,28255,4473,104,7858,265,3,5.4,704,18,0.84,0.2914,4855,1.76e+88,7650,1.16e+89/1.58e+91,0.909/238,1/240/442,50000,0,1,2296,623,5468,4475,94,12032,689,12,5.6,116,12,0.84,0.2768,4855,1.76e+88,9453,1.16e+89/1.58e+91,1/214,1/409/442,50000,0,1
abl2-f1m0,BB_108_8_10.card-mto,0,X,1,1,1,NONE,,0,0,62,1,0,0,0,0,0,0,0,0,0,504,62,2,2.0,0,0,0.8,0.4,5000,1,503,0/0,0/0,0/0/0,50000,0,0,0,0,0,0,0,504,62,2,2.0,0,0,0.8,0.4,5000,1,503,0/0,0/0,0/0/0,50000,0,0
abl2-f1m0,BB_108_8_10.card-mto,1,Z,1,1,1,NONE,,0,0,56,1,0,0,0,0,0,0,0,0,0,522,62,2,2.0,0,0,0.8,0.4,5000,1,521,0/0,0/0,0/0/0,50000,0,0,0,0,0,0,0,522,62,2,2.0,0,0,0.8,0.4,5000,1,521,0/0,0/0,0/0/0,50000,0,0
abl2-f1m0,BB_108_8_10.card-mto,2,X,2,2,1,NONE,,2,1,204,1,1,0,305,0,0,0,0,0,0,504,62,2,2.0,0,0,0.8,0.4,5000,1,503,0/0,0/0,0/0/0,50000,0,0,0,0,0,0,0,610,62,1,2.0,0,0,0.8,0.4,4998,1.25,478,1.6/26,0/0,0.4/16.8/42,50000,1,0
abl2-f1m0,BB_108_8_10.card-mto,3,Z,2,2,1,NONE,,1,0,0,1,1,1,313,0,0,0,0,0,0,522,62,2,2.0,0,0,0.8,0.4,5000,1,521,0/0,0/0,0/0/0,50000,0,0,0,0,0,0,0,628,62,2,2.0,0,0,0.8,0.4,4999,1,521,0.2/10.5,0/0,0.4/22.8/57,50000,0,0
abl2-f1m0,BB_108_8_10.card-mto,4,X,4,3,1,NONE,,267,546,37839,2,0,0,0,4,0,0,0,0,0,504,62,2,2.0,0,0,0.8,0.4,5000,1,503,0/0,0/0,0/0/0,50000,0,0,0,0,0,0,0,822,62,0,2.0,0,0,0.8,0.4,4733,6e+25,769,2.75e+26/2.61e+28,0/0,0/0/0,50000,266,0
abl2-f1m0,BB_108_8_10.card-mto,5,Z,4,3,1,NONE,,158,297,25463,1,0,0,0,13,0,0,0,0,0,522,62,2,2.0,0,0,0.8,0.4,5000,1,521,0/0,0/0,0/0/0,50000,0,0,0,0,0,0,0,840,62,0,2.0,0,0,0.8,0.4,4842,1640000000000000.0,767,8.73e+15/2.24e+17,0/0,0/0/0,50000,157,0
abl2-f1m0,BB_108_8_10.card-mto,6,X,8,5,1,NONE,,1447,2372,27892,12,1294,1156,218225,1180,0,0,0,0,0,504,62,2,2.0,0,0,0.8,0.4,5000,1,503,0/0,0/0,0/0/0,50000,0,0,0,0,0,0,0,948,62,8,2.8,10,8,0.8,0.4,3553,1.35e+40,701,7.51e+40/2.46e+42,0/0,1/97.9/107,50000,1446,0
abl2-f1m0,BB_108_8_10.card-mto,7,Z,8,5,1,NONE,,829,1248,17979,7,733,574,174798,587,0,0,0,0,0,522,62,2,2.0,0,0,0.8,0.4,5000,1,521,0/0,0/0,0/0/0,50000,0,0,0,0,0,0,0,966,62,8,2.2,6,8,0.8,0.4,4171,1.74e+80,695,1.04e+81/2.51e+82,0/0,1/91.2/105,50000,828,0
abl2-f1m0,BB_108_8_10.card-mto,8,X,16,9,1,FOUND,12,17,78,2096,1,0,0,0,0,0,0,0,0,0,504,62,2,2.0,0,0,0.8,0.4,5000,1,503,0/0,0/0,0/0/0,50000,0,0,17,0,0,1073,0,1010,62,0,2.0,0,0,0.8,0.4,4983,44.4,922,104/5.77e+03,0/0,0/0/0,50000,17,1
abl2-f1m0,BB_108_8_10.card-mto,9,Z,16,9,1,FOUND,12,26,77,2246,1,0,0,0,0,0,0,0,0,0,522,62,2,2.0,0,0,0.8,0.4,5000,1,521,0/0,0/0,0/0/0,50000,0,0,26,0,0,1073,0,1028,62,0,2.0,0,0,0.8,0.4,4974,331,951,724/3.7e+04,0/0,0/0/0,50000,26,1
abl2-f1m0,BB_108_8_10.card-mto,10,X,11,9,1,FOUND,10,3812,6055,152218,20,4231,3007,1075637,3061,17,0,0,1073,0,1010,62,0,2.0,0,0,0.8,0.4,4983,44.4,922,104/5.77e+03,0/0,0/0/0,50000,17,1,679,1090,3158,1075,30,1516,63,1,2.6,21,11,0.8,0.3962,4983,44.4,1348,104/5.77e+03,0.909/91.8,0.988/62.6/107,50000,17,1
abl2-f1m0,BB_108_8_10.card-mto,11,Z,9,9,1,NONE,,1252,1693,35054,8,1364,984,346697,996,26,0,0,1073,0,1028,62,0,2.0,0,0,0.8,0.4,4974,331,951,724/3.7e+04,0/0,0/0/0,50000,26,1,210,0,149,1076,38,1534,200,9,2.2,7,9,0.8,0.3987,4974,331,1327,724/3.7e+04,1/52.7,1/79.2/106,50000,26,1
abl2-f1m0,BB_108_8_10.card-mto,12,X,10,9,0,OPT,10,766,991,11804,4,947,729,210339,741,679,1090,3158,1075,30,1516,63,1,2.6,21,11,0.8,0.3962,4983,44.4,1348,104/5.77e+03,0.909/91.8,0.988/62.6/107,50000,17,1,1593,330,3658,1076,40,2022,122,9,3.2,8,9,0.8,0.3954,4983,44.4,1345,104/5.77e+03,0.994/81.6,1/86.3/107,50000,17,1
abl2-f1m0,BB_108_8_10.no-card,0,X,1,1,1,NONE,,0,0,62,1,0,0,0,0,0,0,0,0,0,504,62,2,2.0,0,0,0.8,0.4,5000,1,503,0/0,0/0,0/0/0,50000,0,0,0,0,0,0,0,504,62,2,2.0,0,0,0.8,0.4,5000,1,503,0/0,0/0,0/0/0,50000,0,0
abl2-f1m0,BB_108_8_10.no-card,1,Z,1,1,1,NONE,,0,0,56,1,0,0,0,0,0,0,0,0,0,522,62,2,2.0,0,0,0.8,0.4,5000,1,521,0/0,0/0,0/0/0,50000,0,0,0,0,0,0,0,522,62,2,2.0,0,0,0.8,0.4,5000,1,521,0/0,0/0,0/0/0,50000,0,0
abl2-f1m0,BB_108_8_10.no-card,2,X,2,2,1,NONE,,2,1,243,1,1,0,305,0,0,0,0,0,0,504,62,2,2.0,0,0,0.8,0.4,5000,1,503,0/0,0/0,0/0/0,50000,0,0,0,0,0,0,0,504,62,1,2.0,0,0,0.8,0.4,4998,1.25,466,1.6/26,0/0,0.4/16.8/42,50000,1,0
abl2-f1m0,BB_108_8_10.no-card,3,Z,2,2,1,NONE,,1,0,0,1,1,1,313,0,0,0,0,0,0,522,62,2,2.0,0,0,0.8,0.4,5000,1,521,0/0,0/0,0/0/0,50000,0,0,0,0,0,0,0,522,62,2,2.0,0,0,0.8,0.4,4999,1,521,0.2/10.5,0/0,0.4/22.8/57,50000,0,0
abl2-f1m0,BB_108_8_10.no-card,4,X,4,3,1,NONE,,261,583,14162,1,27,27,2659,55,0,0,0,0,0,504,62,2,2.0,0,0,0.8,0.4,5000,1,503,0/0,0/0,0/0/0,50000,0,0,0,0,0,0,0,504,62,3,2.1,2,3,0.8,0.4,4739,1.57e+25,456,8.08e+25/7.19e+26,0/0,1/80.6/101,50000,260,0
abl2-f1m0,BB_108_8_10.no-card,5,Z,4,3,1,NONE,,304,811,13066,1,40,40,2622,81,0,0,0,0,0,522,62,2,2.0,0,0,0.8,0.4,5000,1,521,0/0,0/0,0/0/0,50000,0,0,0,0,0,0,0,522,62,3,2.2,2,3,0.8,0.4,4696,2.31e+29,485,1.22e+30/1.02e+31,0/0,1/84.9/105,50000,303,0
abl2-f1m0,BB_108_8_10.no-card,6,X,8,5,1,NONE,,961,1590,19672,6,810,703,152619,717,0,0,0,0,0,504,62,2,2.0,0,0,0.8,0.4,5000,1,503,0/0,0/0,0/0/0,50000,0,0,0,0,0,0,0,504,62,8,2.4,8,8,0.8,0.4,4039,1.08e+93,425,5.03e+93/2.3e+95,0/0,1/71.5/107,50000,960,0
abl2-f1m0,BB_108_8_10.no-card,7,Z,8,5,1,NONE,,1408,2186,25094,11,1364,1148,265231,1171,0,0,0,0,0,522,62,2,2.0,0,0,0.8,0.4,5000,1,521,0/0,0/0,0/0/0,50000,0,0,0,0,0,0,0,522,62,8,2.5,7,8,0.8,0.4,3592,2.25e+36,459,1.21e+37/3.6e+38,0/0,1/99.5/107,50000,1407,0
abl2-f1m0,BB_108_8_10.no-card,8,X,16,9,1,FOUND,12,1,15,314,1,0,0,0,0,0,0,0,0,0,504,62,2,2.0,0,0,0.8,0.4,5000,1,503,0/0,0/0,0/0/0,50000,0,0,1,0,0,0,0,504,62,0,2.0,0,0,0.8,0.4,4999,1.25,472,1.5/60,0/0,0/0/0,50000,1,1
abl2-f1m0,BB_108_8_10.no-card,9,Z,16,9,1,FOUND,12,2,24,404,1,0,0,0,0,0,0,0,0,0,522,62,2,2.0,0,0,0.8,0.4,5000,1,521,0/0,0/0,0/0/0,50000,0,0,2,0,0,0,0,522,62,0,2.0,0,0,0.8,0.4,4998,1.56,493,3.38/83.4,0/0,0/0/0,50000,2,1
abl2-f1m0,BB_108_8_10.no-card,10,X,11,9,1,FOUND,10,625,1038,7709,6,454,415,53675,424,1,0,0,0,0,504,62,0,2.0,0,0,0.8,0.4,4999,1.25,472,1.5/60,0/0,0/0/0,50000,1,1,37,198,460,0,28,504,63,1,2.4,5,8,0.8,0.3994,4999,1.25,436,1.5/60,0.998/41.9,1/38.2/103,50000,1,1
abl2-f1m0,BB_108_8_10.no-card,11,Z,9,9,1,NONE,,1668,2262,28786,11,1710,1418,367557,1437,2,0,0,0,0,522,62,0,2.0,0,0,0.8,0.4,4998,1.56,493,3.38/83.4,0/0,0/0/0,50000,2,1,843,363,688,0,44,522,111,7,2.7,8,7,0.8,0.3983,4998,1.56,453,3.38/83.4,1/64.8,1/84.5/106,50000,2,1
abl2-f1m0,BB_108_8_10.no-card,12,X,10,9,0,OPT,10,1664,1959,19706,9,1897,1631,410311,1641,37,198,460,0,28,504,63,1,2.4,5,8,0.8,0.3994,4999,1.25,436,1.5/60,0.998/41.9,1/38.2/103,50000,1,1,124,9,88,0,26,504,72,8,3.3,10,8,0.8,0.3977,4999,1.25,424,1.5/60,0.999/98.2,1/91.2/106,50000,1,1
abl2-f1m0,BB_144_12_12.no-card,0,X,1,1,1,NONE,,0,0,84,1,0,0,0,0,0,0,0,0,0,760,84,2,2.0,0,0,0.8,0.4,5000,1,759,0/0,0/0,0/0/0,50000,0,0,0,0,0,0,0,760,84,2,2.0,0,0,0.8,0.4,5000,1,759,0/0,0/0,0/0/0,50000,0,0
abl2-f1m0,BB_144_12_12.no-card,1,Z,1,1,1,NONE,,0,0,74,1,0,0,0,0,0,0,0,0,0,674,84,2,2.0,0,0,0.8,0.4,5000,1,673,0/0,0/0,0/0/0,50000,0,0,0,0,0,0,0,674,84,2,2.0,0,0,0.8,0.4,5000,1,673,0/0,0/0,0/0/0,50000,0,0
abl2-f1m0,BB_144_12_12.no-card,2,X,2,2,1,NONE,,2,1,410,1,1,0,440,0,0,0,0,0,0,760,84,2,2.0,0,0,0.8,0.4,5000,1,759,0/0,0/0,0/0/0,50000,0,0,0,0,0,0,0,760,84,1,2.0,0,0,0.8,0.4,4998,1.25,681,1.6/40.1,0/0,0.4/24/60,50000,1,0
abl2-f1m0,BB_144_12_12.no-card,3,Z,2,2,1,NONE,,2,1,424,1,1,0,527,0,0,0,0,0,0,674,84,2,2.0,0,0,0.8,0.4,5000,1,673,0/0,0/0,0/0/0,50000,0,0,0,0,0,0,0,674,84,1,2.0,0,0,0.8,0.4,4998,1.25,593,1.6/24.4,0/0,0.4/20/50,50000,1,0
abl2-f1m0,BB_144_12_12.no-card,4,X,4,3,1,NONE,,310,767,18297,2,55,55,5065,101,0,0,0,0,0,760,84,2,2.0,0,0,0.8,0.4,5000,1,759,0/0,0/0,0/0/0,50000,0,0,0,0,0,0,0,760,84,3,2.2,3,3,0.8,0.4,4690,8.81e+29,712,3.74e+30/3.78e+31,0/0,0.999/120/141,50000,309,0
abl2-f1m0,BB_144_12_12.no-card,5,Z,4,3,1,NONE,,376,923,17607,5,96,96,10094,144,0,0,0,0,0,674,84,2,2.0,0,0,0.8,0.4,5000,1,673,0/0,0/0,0/0/0,50000,0,0,0,0,0,0,0,674,84,2,2.2,3,2,0.8,0.4,4624,2.19e+36,626,1.1e+37/9e+37,0/0,1/139/141,50000,375,0
abl2-f1m0,BB_144_12_12.no-card,6,X,8,5,1,NONE,,1239,2006,25926,12,1139,1000,281499,1041,0,0,0,0,0,760,84,2,2.0,0,0,0.8,0.4,5000,1,759,0/0,0/0,0/0/0,50000,0,0,0,0,0,0,0,760,84,8,2.8,10,8,0.8,0.4,3761,9.43e+19,640,5.36e+20/1.82e+22,0/0,1/121/143,50000,1238,0
abl2-f1m0,BB_144_12_12.no-card,7,Z,8,5,1,NONE,,1122,1884,29082,12,996,877,299272,916,0,0,0,0,0,674,84,2,2.0,0,0,0.8,0.4,5000,1,673,0/0,0/0,0/0/0,50000,0,0,0,0,0,0,0,674,84,9,2.6,8,9,0.8,0.4,3878,433000000.0,627,2.48e+09/1.46e+11,0/0,0.999/104/143,50000,1121,0
abl2-f1m0,BB_144_12_12.no-card,8,X,16,9,1,FOUND,16,1060,1754,20176,12,893,811,188759,864,0,0,0,0,0,760,84,2,2.0,0,0,0.8,0.4,5000,1,759,0/0,0/0,0/0/0,50000,0,0,140,90,933,0,85,760,84,8,2.9,9,14,0.8,0.4,3940,530,641,2.96e+03/1.07e+05,0/0,1/89.8/143,50000,1060,1
abl2-f1m0,BB_144_12_12.no-card,9,Z,16,9,1,FOUND,12,12,34,815,1,0,0,0,6,0,0,0,0,0,674,84,2,2.0,0,0,0.8,0.4,5000,1,673,0/0,0/0,0/0/0,50000,0,0,16,0,0,0,42,674,84,0,2.0,0,0,0.8,0.4,4988,14.6,641,57.8/1.77e+03,0/0,0/0/0,50000,12,1
abl2-f1m0,BB_144_12_12.no-card,10,Z,12,9,0,OPT,12,7119,8701,139996,31,8846,6748,3014043,6818,16,0,0,0,42,674,84,0,2.0,0,0,0.8,0.4,4988,14.6,641,57.8/1.77e+03,0/0,0/0/0,50000,12,1,1090,393,1466,0,26,674,239,7,3.0,53,12,0.8,0.3929,4988,14.6,610,57.8/1.77e+03,1/91.8,1/95.8/142,50000,12,1
abl2-f1m0,BB_144_12_12.no-card,11,X,12,9,0,OPT,12,6906,8144,137646,31,9104,6759,3217775,6803,140,90,933,0,85,760,84,8,2.9,9,14,0.8,0.4,3940,530,641,2.96e+03/1.07e+05,0/0,1/89.8/143,50000,1060,1,2077,945,2567,0,44,760,246,11,3.6,46,11,0.8,0.3931,3940,530,658,2.96e+03/1.07e+05,1/77.8,1/107/143,50000,1060,1
abl2-f1m0,BB_144_14_14.no-card,0,X,1,1,1,NONE,,0,0,94,1,0,0,0,0,0,0,0,0,0,1038,86,2,2.0,0,0,0.8,0.4,5000,1,1037,0/0,0/0,0/0/0,50000,0,0,0,0,0,0,0,1038,86,2,2.0,0,0,0.8,0.4,5000,1,1037,0/0,0/0,0/0/0,50000,0,0
abl2-f1m0,BB_144_14_14.no-card,1,Z,1,1,1,NONE,,0,0,100,1,0,0,0,0,0,0,0,0,0,1112,86,2,2.0,0,0,0.8,0.4,5000,1,1111,0/0,0/0,0/0/0,50000,0,0,0,0,0,0,0,1112,86,2,2.0,0,0,0.8,0.4,5000,1,1111,0/0,0/0,0/0/0,50000,0,0
abl2-f1m0,BB_144_14_14.no-card,2,X,2,2,1,NONE,,1,0,0,1,1,1,461,0,0,0,0,0,0,1038,86,2,2.0,0,0,0.8,0.4,5000,1,1037,0/0,0/0,0/0/0,50000,0,0,0,0,0,0,0,1038,86,2,2.0,0,0,0.8,0.4,4999,1,1037,0.2/12,0/0,0.4/24.8/62,50000,0,0
abl2-f1m0,BB_144_14_14.no-card,3,Z,2,2,1,NONE,,1,0,0,1,1,1,484,0,0,0,0,0,0,1112,86,2,2.0,0,0,0.8,0.4,5000,1,1111,0/0,0/0,0/0/0,50000,0,0,0,0,0,0,0,1112,86,2,2.0,0,0,0.8,0.4,4999,1,1111,0.2/12.8,0/0,0.4/29.6/74,50000,0,0
abl2-f1m0,BB_144_14_14.no-card,4,X,4,3,1,NONE,,303,634,17610,2,54,54,8935,104,0,0,0,0,0,1038,86,2,2.0,0,0,0.8,0.4,5000,1,1037,0/0,0/0,0/0/0,50000,0,0,0,0,0,0,0,1038,86,3,2.2,2,3,0.8,0.4,4697,1.85e+29,978,5.41e+29/8.76e+30,0/0,1/139/141,50000,302,0
abl2-f1m0,BB_144_14_14.no-card,5,Z,4,3,1,NONE,,293,940,20742,2,67,67,8702,103,0,0,0,0,0,1112,86,2,2.0,0,0,0.8,0.4,5000,1,1111,0/0,0/0,0/0/0,50000,0,0,0,0,0,0,0,1112,86,3,2.3,3,3,0.8,0.4,4707,1.98e+28,1059,9.78e+28/1.16e+30,0/0,1/137/141,50000,292,0
abl2-f1m0,BB_144_14_14.no-card,6,X,8,5,1,NONE,,2229,3110,46241,20,2198,1780,729743,1927,0,0,0,0,0,1038,86,2,2.0,0,0,0.8,0.4,5000,1,1037,0/0,0/0,0/0/0,50000,0,0,0,0,0,0,0,1038,86,9,2.2,14,9,0.8,0.4,2771,8230000000000000.0,919,5.12e+16/2.64e+18,0/0,1/118/143,50000,2228,0
abl2-f1m0,BB_144_14_14.no-card,7,Z,8,5,1,NONE,,1964,2739,36659,17,1883,1631,619651,1788,0,0,0,0,0,1112,86,2,2.0,0,0,0.8,0.4,5000,1,1111,0/0,0/0,0/0/0,50000,0,0,0,0,0,0,0,1112,86,8,2.8,10,8,0.8,0.4,3036,1.72e+90,917,9.4e+90/3.28e+92,0/0,1/105/143,50000,1963,0
abl2-f1m0,BB_144_14_14.no-card,8,X,16,9,1,FOUND,16,3150,4236,67548,31,3564,2801,1172003,2813,0,0,0,0,0,1038,86,2,2.0,0,0,0.8,0.4,5000,1,1037,0/0,0/0,0/0/0,50000,0,0,182,77,2675,0,68,1038,87,6,3.7,18,15,0.8,0.4,1850,185000.0,878,1.01e+06/4.69e+07,0/0,1/87.6/143,50000,3150,1
abl2-f1m0,BB_144_14_14.no-card,9,Z,16,9,1,FOUND,16,28829,35628,617577,142,38054,28269,13716762,28450,0,0,0,0,0,1112,86,2,2.0,0,0,0.8,0.4,5000,1,1111,0/0,0/0,0/0/0,50000,0,0,968,618,20447,0,43,1112,87,8,5.5,203,16,0.82,0.3812,5000,1.3e+42,925,8.62e+42/5.31e+44,1/66.3,0.994/98.2/143,50000,10000,1
abl2-f1m0,BB_144_14_14.no-card,10,X,15,9,1,FOUND,14,8731,10625,196591,36,12063,8627,4354301,8639,182,77,2675,0,68,1038,87,6,3.7,18,15,0.8,0.4,1850,185000.0,878,1.01e+06/4.69e+07,0/0,1/87.6/143,50000,3150,1,222,10,11446,0,22,1038,87,1,5.9,62,15,0.8,0.3913,1850,185000.0,853,1.01e+06/4.69e+07,1/132,1/84.3/143,50000,3150,1
abl2-f1m0,BB_144_14_14.no-card,11,Z,13,9,1,NONE,,393647,444887,8411352,945,537072,388283,191938254,389065,968,618,20447,0,43,1112,87,8,5.5,203,16,0.82,0.3812,5000,1.3e+42,925,8.62e+42/5.31e+44,1/66.3,0.994/98.2/143,50000,10000,1,4820,2173,3378,0,23,1112,204,13,4.7,2777,13,0.82,0.06,5000,1.3e+42,923,8.62e+42/5.31e+44,1/47.2,0.992/118/143,50000,10000,1
abl2-f1m0,BB_144_14_14.no-card,12,X,14,9,0,OPT,14,412026,463544,8912870,984,564942,406460,203588633,407259,222,10,11446,0,22,1038,87,1,5.9,62,15,0.8,0.3913,1850,185000.0,853,1.01e+06/4.69e+07,1/132,1/84.3/143,50000,3150,1,1826,269,571,0,57,1038,288,15,5.9,2877,15,0.8,0.06,1850,185000.0,890,1.01e+06/4.69e+07,1/43.9,0.996/117/143,50000,3150,1
abl2-f1m0,BB_90_8_10.card-mto,0,X,1,1,1,NONE,,0,0,53,1,0,0,0,0,0,0,0,0,0,425,53,2,2.0,0,0,0.8,0.4,5000,1,424,0/0,0/0,0/0/0,50000,0,0,0,0,0,0,0,425,53,2,2.0,0,0,0.8,0.4,5000,1,424,0/0,0/0,0/0/0,50000,0,0
abl2-f1m0,BB_90_8_10.card-mto,1,Z,1,1,1,NONE,,0,0,47,1,0,0,0,0,0,0,0,0,0,429,53,2,2.0,0,0,0.8,0.4,5000,1,428,0/0,0/0,0/0/0,50000,0,0,0,0,0,0,0,429,53,2,2.0,0,0,0.8,0.4,5000,1,428,0/0,0/0,0/0/0,50000,0,0
abl2-f1m0,BB_90_8_10.card-mto,2,X,2,2,1,NONE,,3,3,239,1,1,0,308,0,0,0,0,0,0,425,53,2,2.0,0,0,0.8,0.4,5000,1,424,0/0,0/0,0/0/0,50000,0,0,0,0,0,0,0,513,53,0,2.0,0,0,0.8,0.4,4997,1.56,405,1.98/32.7,0/0,0.4/14.4/36,50000,2,0
abl2-f1m0,BB_90_8_10.card-mto,3,Z,2,2,1,NONE,,1,0,0,1,1,1,285,0,0,0,0,0,0,429,53,2,2.0,0,0,0.8,0.4,5000,1,428,0/0,0/0,0/0/0,50000,0,0,0,0,0,0,0,517,53,2,2.0,0,0,0.8,0.4,4999,1,428,0.2/11,0/0,0.4/22.8/57,50000,0,0
abl2-f1m0,BB_90_8_10.card-mto,4,X,4,3,1,NONE,,260,602,13504,2,28,28,1855,42,0,0,0,0,0,425,53,2,2.0,0,0,0.8,0.4,5000,1,424,0/0,0/0,0/0/0,50000,0,0,0,0,0,0,0,689,53,2,2.1,2,2,0.8,0.4,4740,1.26e+25,639,6.35e+25/6.62e+26,0/0,0.99/69.5/86,50000,259,0
abl2-f1m0,BB_90_8_10.card-mto,5,Z,4,3,1,NONE,,191,364,23250,2,0,0,0,4,0,0,0,0,0,429,53,2,2.0,0,0,0.8,0.4,5000,1,428,0/0,0/0,0/0/0,50000,0,0,0,0,0,0,0,693,53,0,2.0,0,0,0.8,0.4,4809,2.59e+18,632,1.37e+19/5.44e+20,0/0,0/0/0,50000,190,0
abl2-f1m0,BB_90_8_10.card-mto,6,X,8,5,1,NONE,,806,1217,20785,8,720,550,145585,570,0,0,0,0,0,425,53,2,2.0,0,0,0.8,0.4,5000,1,424,0/0,0/0,0/0/0,50000,0,0,0,0,0,0,0,801,53,8,2.2,5,8,0.8,0.4,4194,1.03e+78,565,5.42e+78/2.3e+80,0/0,1/78.8/89,50000,805,0
abl2-f1m0,BB_90_8_10.card-mto,7,Z,8,5,1,NONE,,1146,1527,18308,7,1012,878,174091,905,0,0,0,0,0,429,53,2,2.0,0,0,0.8,0.4,5000,1,428,0/0,0/0,0/0/0,50000,0,0,0,0,0,0,0,805,53,6,2.6,7,6,0.8,0.4,3854,91600000000.0,562,5.25e+11/7.07e+12,0/0,1/85.4/88,50000,1145,0
abl2-f1m0,BB_90_8_10.card-mto,8,X,16,9,1,FOUND,10,23,139,2299,1,0,0,0,0,0,0,0,0,0,425,53,2,2.0,0,0,0.8,0.4,5000,1,424,0/0,0/0,0/0/0,50000,0,0,23,0,0,908,0,863,53,0,2.0,0,0,0.8,0.4,4977,169,781,466/3.19e+04,0/0,0/0/0,50000,23,1
abl2-f1m0,BB_90_8_10.card-mto,9,Z,16,9,1,FOUND,10,20,81,1651,1,0,0,0,0,0,0,0,0,0,429,53,2,2.0,0,0,0.8,0.4,5000,1,428,0/0,0/0,0/0/0,50000,0,0,20,1,0,908,0,867,53,0,2.0,0,0,0.8,0.4,4980,86.7,807,318/1.53e+04,0/0,0/0/0,50000,20,1
abl2-f1m0,BB_90_8_10.card-mto,10,X,9,9,1,NONE,,2308,2979,41383,14,2308,2005,377635,2038,23,0,0,908,0,863,53,0,2.0,0,0,0.8,0.4,4977,169,781,466/3.19e+04,0/0,0/0/0,50000,23,1,176,11,69,911,13,1301,158,8,2.9,10,8,0.8,0.3977,4977,169,1081,466/3.19e+04,1/79.7,1/74.3/88,50000,23,1
abl2-f1m0,BB_90_8_10.card-mto,11,Z,9,9,1,NONE,,1944,2576,46934,13,2000,1662,353836,1690,20,1,0,908,0,867,53,0,2.0,0,0,0.8,0.4,4980,86.7,807,318/1.53e+04,0/0,0/0/0,50000,20,1,1015,205,350,911,15,1305,142,8,2.9,10,8,0.8,0.3981,4980,86.7,1112,318/1.53e+04,0.998/103,1/80.5/89,50000,20,1
abl2-f1m0,BB_90_8_10.no-card,0,X,1,1,1,NONE,,0,0,53,1,0,0,0,0,0,0,0,0,0,425,53,2,2.0,0,0,0.8,0.4,5000,1,424,0/0,0/0,0/0/0,50000,0,0,0,0,0,0,0,425,53,2,2.0,0,0,0.8,0.4,5000,1,424,0/0,0/0,0/0/0,50000,0,0
abl2-f1m0,BB_90_8_10.no-card,1,Z,1,1,1,NONE,,0,0,47,1,0,0,0,0,0,0,0,0,0,429,53,2,2.0,0,0,0.8,0.4,5000,1,428,0/0,0/0,0/0/0,50000,0,0,0,0,0,0,0,429,53,2,2.0,0,0,0.8,0.4,5000,1,428,0/0,0/0,0/0/0,50000,0,0
abl2-f1m0,BB_90_8_10.no-card,2,X,2,2,1,NONE,,3,3,251,1,1,0,308,0,0,0,0,0,0,425,53,2,2.0,0,0,0.8,0.4,5000,1,424,0/0,0/0,0/0/0,50000,0,0,0,0,0,0,0,425,53,0,2.0,0,0,0.8,0.4,4997,1.56,388,1.98/32.7,0/0,0.4/14.4/36,50000,2,0
abl2-f1m0,BB_90_8_10.no-card,3,Z,2,2,1,NONE,,1,0,0,1,1,1,279,0,0,0,0,0,0,429,53,2,2.0,0,0,0.8,0.4,5000,1,428,0/0,0/0,0/0/0,50000,0,0,0,0,0,0,0,429,53,2,2.0,0,0,0.8,0.4,4999,1,428,0.2/11,0/0,0.4/22.8/57,50000,0,0
abl2-f1m0,BB_90_8_10.no-card,4,X,4,3,1,NONE,,240,617,12361,2,4,4,644,31,0,0,0,0,0,425,53,2,2.0,0,0,0.8,0.4,5000,1,424,0/0,0/0,0/0/0,50000,0,0,0,0,0,0,0,425,53,3,2.0,1,3,0.8,0.4,4760,1.45e+23,391,6.6e+23/8.03e+24,0/0,0.87/34/57,50000,239,0
abl2-f1m0,BB_90_8_10.no-card,5,Z,4,3,1,NONE,,282,640,11113,2,47,47,3747,79,0,0,0,0,0,429,53,2,2.0,0,0,0.8,0.4,5000,1,428,0/0,0/0,0/0/0,50000,0,0,0,0,0,0,0,429,53,2,2.1,2,2,0.8,0.4,4718,1.7e+27,402,6.97e+27/6.16e+28,0/0,0.998/81.3/85,50000,281,0
abl2-f1m0,BB_90_8_10.no-card,6,X,8,5,1,NONE,,1720,2410,23748,13,1711,1453,294739,1475,0,0,0,0,0,425,53,2,2.0,0,0,0.8,0.4,5000,1,424,0/0,0/0,0/0/0,50000,0,0,0,0,0,0,0,425,53,8,2.8,10,8,0.8,0.4,3280,3.88e+66,373,2.02e+67/6.05e+68,0/0,1/83.2/89,50000,1719,0
abl2-f1m0,BB_90_8_10.no-card,7,Z,8,5,1,NONE,,1454,2007,20925,10,1392,1171,213721,1198,0,0,0,0,0,429,53,2,2.0,0,0,0.8,0.4,5000,1,428,0/0,0/0,0/0/0,50000,0,0,0,0,0,0,0,429,53,8,2.6,10,8,0.8,0.4,3546,6.46e+40,373,3.5e+41/6.6e+42,0/0,1/74.3/89,50000,1453,0
abl2-f1m0,BB_90_8_10.no-card,8,X,16,9,1,FOUND,10,1,15,264,1,0,0,0,0,0,0,0,0,0,425,53,2,2.0,0,0,0.8,0.4,5000,1,424,0/0,0/0,0/0/0,50000,0,0,1,0,0,0,0,425,53,0,2.0,0,0,0.8,0.4,4999,1.25,395,1.5/47,0/0,0/0/0,50000,1,1
abl2-f1m0,BB_90_8_10.no-card,9,Z,16,9,1,FOUND,10,1,13,250,1,0,0,0,0,0,0,0,0,0,429,53,2,2.0,0,0,0.8,0.4,5000,1,428,0/0,0/0,0/0/0,50000,0,0,1,0,0,0,0,429,53,0,2.0,0,0,0.8,0.4,4999,1.25,405,1.5/34.5,0/0,0/0/0,50000,1,1
abl2-f1m0,BB_90_8_10.no-card,10,X,9,9,1,NONE,,1837,2332,30167,13,1961,1555,349928,1585,1,0,0,0,0,425,53,0,2.0,0,0,0.8,0.4,4999,1.25,395,1.5/47,0/0,0/0/0,50000,1,1,878,346,456,0,32,425,123,9,2.8,11,9,0.8,0.3982,4999,1.25,340,1.5/47,1/63.4,1/68.6/89,50000,1,1
abl2-f1m0,BB_90_8_10.no-card,11,Z,9,9,1,NONE,,1854,2223,28555,13,1938,1556,333836,1602,1,0,0,0,0,429,53,0,2.0,0,0,0.8,0.4,4999,1.25,405,1.5/34.5,0/0,0/0/0,50000,1,1,222,62,300,0,6,429,110,9,2.9,12,9,0.8,0.3981,4999,1.25,379,1.5/34.5,1/71.4,1/72.4/88,50000,1,1
abl2-f1m0,GB_144_12_12.card-mto,0,X,1,1,1,NONE,,0,0,99,1,0,0,0,0,0,0,0,0,0,1006,78,2,2.0,0,0,0.8,0.4,5000,1,1005,0/0,0/0,0/0/0,50000,0,0,0,0,0,0,0,1006,78,2,2.0,0,0,0.8,0.4,5000,1,1005,0/0,0/0,0/0/0,50000,0,0
abl2-f1m0,GB_144_12_12.card-mto,1,Z,1,1,1,NONE,,0,0,95,1,0,0,0,0,0,0,0,0,0,1017,78,2,2.0,0,0,0.8,0.4,5000,1,1016,0/0,0/0,0/0/0,50000,0,0,0,0,0,0,0,1017,78,2,2.0,0,0,0.8,0.4,5000,1,1016,0/0,0/0,0/0/0,50000,0,0
abl2-f1m0,GB_144_12_12.card-mto,2,X,2,2,1,NONE,,7,18,1589,1,1,0,432,0,0,0,0,0,0,1006,78,2,2.0,0,0,0.8,0.4,5000,1,1005,0/0,0/0,0/0/0,50000,0,0,0,0,0,0,0,1148,78,0,2.0,0,0,0.8,0.4,4993,3.81,980,13.2/565,0/0,0.4/36/90,50000,6,0
abl2-f1m0,GB_144_12_12.card-mto,3,Z,2,2,1,NONE,,4,5,885,1,1,0,437,0,0,0,0,0,0,1017,78,2,2.0,0,0,0.8,0.4,5000,1,1016,0/0,0/0,0/0/0,50000,0,0,0,0,0,0,0,1159,78,0,2.0,0,0,0.8,0.4,4996,1.95,1080,4.22/153,0/0,0.4/36.8/92,50000,3,0
abl2-f1m0,GB_144_12_12.card-mto,4,X,4,3,1,NONE,,349,701,71611,1,9,9,3958,19,0,0,0,0,0,1006,78,2,2.0,0,0,0.8,0.4,5000,1,1005,0/0,0/0,0/0/0,50000,0,0,0,0,0,0,0,1432,78,3,2.0,1,3,0.8,0.4,4651,5.3e+33,1243,2.42e+34/1.83e+36,0/0,0.953/95.9/136,50000,348,0
abl2-f1m0,GB_144_12_12.card-mto,5,Z,4,3,1,NONE,,407,857,80051,4,8,7,3393,16,0,0,0,0,0,1017,78,2,2.0,0,0,0.8,0.4,5000,1,1016,0/0,0/0,0/0/0,50000,0,0,0,0,0,0,0,1443,78,3,2.0,1,3,0.8,0.4,4593,2.22e+39,1314,7.77e+39/1.06e+42,0/0,0.922/84.6/139,50000,406,0
abl2-f1m0,GB_144_12_12.card-mto,6,X,8,5,1,NONE,,3843,5823,72828,36,3956,3488,1184586,3520,0,0,0,0,0,1006,78,2,2.0,0,0,0.8,0.4,5000,1,1005,0/0,0/0,0/0/0,50000,0,0,0,0,0,0,0,1588,78,8,4.6,29,8,0.8,0.4,1157,2.13e+72,1401,9.82e+72/2.61e+74,0/0,1/131/143,50000,3842,0
abl2-f1m0,GB_144_12_12.card-mto,7,Z,8,5,1,NONE,,3229,5123,98207,32,3405,2816,1132014,2854,0,0,0,0,0,1017,78,2,2.0,0,0,0.8,0.4,5000,1,1016,0/0,0/0,0/0/0,50000,0,0,0,0,0,0,0,1599,78,8,3.4,18,8,0.8,0.4,1771,6690000000000.0,1397,3.9e+13/1.45e+15,0/0,1/122/143,50000,3228,0
abl2-f1m0,GB_144_12_12.card-mto,8,X,16,9,1,FOUND,15,70725,84686,1577325,263,94840,69491,33174517,69574,0,0,0,0,0,1006,78,2,2.0,0,0,0.8,0.4,5000,1,1005,0/0,0/0,0/0/0,50000,0,0,1842,1718,24017,1421,62,1680,78,1,6.1,513,16,0.82,0.3393,4987,1.72e+43,1449,1.01e+44/4.9e+45,0.988/123,0.992/51.4/143,50000,10013,1
abl2-f1m0,GB_144_12_12.card-mto,9,Z,16,9,1,FOUND,16,302781,345513,6706284,774,415639,299161,145597670,299595,0,0,0,0,0,1017,78,2,2.0,0,0,0.8,0.4,5000,1,1016,0/0,0/0,0/0/0,50000,0,0,11224,6793,16930,1421,71,1691,78,7,6.1,2126,16,0.82,0.1072,4978,1.02e+44,1457,5.72e+44/2.77e+46,0.987/73.7,0.926/111/143,50000,10022,1
abl2-f1m0,GB_144_12_12.card-mto,10,X,15,9,0,OPT,12,434729,492946,9443792,927,594483,428951,206271505,429823,1842,1718,24017,1421,62,1680,78,1,6.1,513,16,0.82,0.3393,4987,1.72e+43,1449,1.01e+44/4.9e+45,0.988/123,0.992/51.4/143,50000,10013,1,12299,1840,2423,1423,41,3702,236,7,7.0,177,15,0.82,0.06,4987,1.72e+43,2782,1.01e+44/4.9e+45,1/39.2,0.985/118/143,50000,10013,1
abl2-f1m0,GB_144_12_12.card-mto,11,Z,12,9,0,OPT,12,116936,133264,2580045,301,160829,115197,55480010,115496,11224,6793,16930,1421,71,1691,78,7,6.1,2126,16,0.82,0.1072,4978,1.02e+44,1457,5.72e+44/2.77e+46,0.987/73.7,0.926/111/143,50000,10022,1,7335,2678,21030,1303,58,2969,97,11,5.8,8,11,0.82,0.06,4978,1.02e+44,2092,5.72e+44/2.77e+46,1/47,0.998/121/143,50000,10022,1
abl2-f1m0,GB_144_12_8.card-mto,0,X,1,1,1,NONE,,0,0,69,1,0,0,0,0,0,0,0,0,0,743,78,2,2.0,0,0,0.8,0.4,5000,1,742,0/0,0/0,0/0/0,50000,0,0,0,0,0,0,0,743,78,2,2.0,0,0,0.8,0.4,5000,1,742,0/0,0/0,0/0/0,50000,0,0
abl2-f1m0,GB_144_12_8.card-mto,1,Z,1,1,1,NONE,,0,0,89,1,0,0,0,0,0,0,0,0,0,856,78,2,2.0,0,0,0.8,0.4,5000,1,855,0/0,0/0,0/0/0,50000,0,0,0,0,0,0,0,856,78,2,2.0,0,0,0.8,0.4,5000,1,855,0/0,0/0,0/0/0,50000,0,0
abl2-f1m0,GB_144_12_8.card-mto,2,X,2,2,1,NONE,,1,0,0,1,1,1,525,0,0,0,0,0,0,743,78,2,2.0,0,0,0.8,0.4,5000,1,742,0/0,0/0,0/0/0,50000,0,0,0,0,0,0,0,885,78,2,2.0,0,0,0.8,0.4,4999,1,742,0.2/23.8,0/0,0.4/34.4/86,50000,0,0
abl2-f1m0,GB_144_12_8.card-mto,3,Z,2,2,1,NONE,,1,0,0,1,1,1,491,0,0,0,0,0,0,856,78,2,2.0,0,0,0.8,0.4,5000,1,855,0/0,0/0,0/0/0,50000,0,0,0,0,0,0,0,998,78,2,2.0,0,0,0.8,0.4,4999,1,855,0.2/8,0/0,0.4/18.4/46,50000,0,0
abl2-f1m0,GB_144_12_8.card-mto,4,X,4,3,1,NONE,,275,620,19253,2,52,52,5447,60,0,0,0,0,0,743,78,2,2.0,0,0,0.8,0.4,5000,1,742,0/0,0/0,0/0/0,50000,0,0,0,0,0,0,0,1169,78,2,2.1,2,2,0.8,0.4,4725,3.58e+26,1109,2.07e+27/2.67e+28,0/0,1/129/138,50000,274,0
abl2-f1m0,GB_144_12_8.card-mto,5,Z,4,3,1,NONE,,282,498,72351,3,0,0,0,1,0,0,0,0,0,856,78,2,2.0,0,0,0.8,0.4,5000,1,855,0/0,0/0,0/0/0,50000,0,0,0,0,0,0,0,1282,78,0,2.0,0,0,0.8,0.4,4718,1.7e+27,1160,7.41e+27/6.53e+29,0/0,0/0/0,50000,281,0
abl2-f1m0,GB_144_12_8.card-mto,6,X,8,5,1,FOUND,8,4,71,1538,1,0,0,0,0,0,0,0,0,0,743,78,2,2.0,0,0,0.8,0.4,5000,1,742,0/0,0/0,0/0/0,50000,0,0,4,0,0,1239,64,1325,78,2,2.0,0,0,0.8,0.4,4996,2.44,1275,5.27/212,0/0,0/0/0,50000,4,1
abl2-f1m0,GB_144_12_8.card-mto,7,Z,8,5,1,FOUND,8,1348,2323,44309,7,1074,1001,241694,1015,0,0,0,0,0,856,78,2,2.0,0,0,0.8,0.4,5000,1,855,0/0,0/0,0/0/0,50000,0,0,612,97,404,1239,46,1438,82,5,2.7,8,7,0.8,0.4,3652,4.31e+30,1319,1.61e+31/5.65e+32,0/0,0.998/90.4/143,50000,1348,1
abl2-f1m0,GB_144_12_8.card-mto,8,X,7,5,1,NONE,,522,891,14478,5,298,287,64050,301,4,0,0,1239,64,1325,78,2,2.0,0,0,0.8,0.4,4996,2.44,1275,5.27/212,0/0,0/0/0,50000,4,1,286,309,132,1240,34,1907,81,6,2.3,4,6,0.8,0.3995,4996,2.44,1220,5.27/212,1/61.2,1/135/142,50000,4,1
abl2-f1m0,GB_144_12_8.card-mto,9,Z,7,5,1,NONE,,214,319,12720,3,256,184,91054,184,612,97,404,1239,46,1438,82,5,2.7,8,7,0.8,0.4,3652,4.31e+30,1319,1.61e+31/5.65e+32,0/0,0.998/90.4/143,50000,1348,1,956,198,514,1204,38,2000,101,7,2.7,0,7,0.8,0.3998,3652,4.31e+30,1684,1.61e+31/5.65e+32,0.997/145,1/130/143,50000,1348,1
abl2-f1m0,GB_144_12_8.no-card,0,X,1,1,1,NONE,,0,0,69,1,0,0,0,0,0,0,0,0,0,743,78,2,2.0,0,0,0.8,0.4,5000,1,742,0/0,0/0,0/0/0,50000,0,0,0,0,0,0,0,743,78,2,2.0,0,0,0.8,0.4,5000,1,742,0/0,0/0,0/0/0,50000,0,0
abl2-f1m0,GB_144_12_8.no-card,1,Z,1,1,1,NONE,,0,0,89,1,0,0,0,0,0,0,0,0,0,856,78,2,2.0,0,0,0.8,0.4,5000,1,855,0/0,0/0,0/0/0,50000,0,0,0,0,0,0,0,856,78,2,2.0,0,0,0.8,0.4,5000,1,855,0/0,0/0,0/0/0,50000,0,0
abl2-f1m0,GB_144_12_8.no-card,2,X,2,2,1,NONE,,1,0,0,1,1,1,525,0,0,0,0,0,0,743,78,2,2.0,0,0,0.8,0.4,5000,1,742,0/0,0/0,0/0/0,50000,0,0,0,0,0,0,0,743,78,2,2.0,0,0,0.8,0.4,4999,1,742,0.2/23.8,0/0,0.4/34.4/86,50000,0,0
abl2-f1m0,GB_144_12_8.no-card,3,Z,2,2,1,NONE,,1,0,0,1,1,1,491,0,0,0,0,0,0,856,78,2,2.0,0,0,0.8,0.4,5000,1,855,0/0,0/0,0/0/0,50000,0,0,0,0,0,0,0,856,78,2,2.0,0,0,0.8,0.4,4999,1,855,0.2/8,0/0,0.4/18.4/46,50000,0,0
abl2-f1m0,GB_144_12_8.no-card,4,X,4,3,1,NONE,,287,700,17401,2,36,36,4828,63,0,0,0,0,0,743,78,2,2.0,0,0,0.8,0.4,5000,1,742,0/0,0/0,0/0/0,50000,0,0,0,0,0,0,0,743,78,2,2.1,2,2,0.8,0.4,4713,5.2e+27,712,2.73e+28/2.97e+29,0/0,1/120/139,50000,286,0
abl2-f1m0,GB_144_12_8.no-card,5,Z,4,3,1,NONE,,357,564,10676,2,91,91,15685,137,0,0,0,0,0,856,78,2,2.0,0,0,0.8,0.4,5000,1,855,0/0,0/0,0/0/0,50000,0,0,0,0,0,0,0,856,78,3,2.3,3,3,0.8,0.4,4643,3.16e+34,789,1.48e+35/1.87e+36,0/0,1/141/142,50000,356,0
abl2-f1m0,GB_144_12_8.no-card,6,X,8,5,1,FOUND,8,0,2,400,1,0,0,0,0,0,0,0,0,0,743,78,2,2.0,0,0,0.8,0.4,5000,1,742,0/0,0/0,0/0/0,50000,0,0,0,0,0,0,64,743,78,2,2.0,0,0,0.8,0.4,5000,1,731,0/0,0/0,0/0/0,50000,0,1
abl2-f1m0,GB_144_12_8.no-card,7,Z,8,5,1,FOUND,8,2102,2684,36661,17,1875,1689,473918,1870,0,0,0,0,0,856,78,2,2.0,0,0,0.8,0.4,5000,1,855,0/0,0/0,0/0/0,50000,0,0,376,211,695,0,57,856,94,5,3.0,11,7,0.8,0.4,2898,5070.0,768,2.74e+04/1.8e+06,0/0,1/102/143,50000,2102,1
abl2-f1m0,GB_144_12_8.no-card,8,X,7,5,1,NONE,,511,815,14932,4,301,292,69433,299,0,0,0,0,64,743,78,2,2.0,0,0,0.8,0.4,5000,1,731,0/0,0/0,0/0/0,50000,0,1,434,214,96,0,54,743,84,6,2.3,4,6,0.8,0.3995,5000,1,697,0/0,0.99/51.8,1/118/143,50000,0,1
abl2-f1m0,GB_144_12_8.no-card,9,Z,7,5,1,NONE,,209,286,3674,2,251,201,86690,203,376,211,695,0,57,856,94,5,3.0,11,7,0.8,0.4,2898,5070.0,768,2.74e+04/1.8e+06,0/0,1/102/143,50000,2102,1,687,246,838,0,48,856,147,8,3.1,2,8,0.8,0.3998,2898,5070.0,712,2.74e+04/1.8e+06,0.979/112,1/119/143,50000,2102,1
abl2-f1m0,LP_238_44_6.card-mto,0,X,1,1,1,NONE,,3,3,1718,1,1,0,1165,0,0,0,0,0,0,1630,151,2,2.0,0,0,0.8,0.4,5000,1,1630,0/0,0/0,0/0/0,50000,0,0,0,0,0,0,0,1867,151,1,2.0,0,0,0.8,0.4,4997,1.56,1804,3.48/371,0/0,0.4/37.2/93,50000,2,0
abl2-f1m0,LP_238_44_6.card-mto,1,Z,1,1,1,NONE,,3,3,1665,1,1,0,1286,0,0,0,0,0,0,1630,149,2,2.0,0,0,0.8,0.4,5000,1,1630,0/0,0/0,0/0/0,50000,0,0,0,0,0,0,0,1867,149,1,2.0,0,0,0.8,0.4,4997,1.56,1805,3.48/286,0/0,0.4/33.2/83,50000,2,0
abl2-f1m0,LP_238_44_6.card-mto,2,X,2,2,1,NONE,,292,699,48584,2,0,0,0,12,0,0,0,0,0,1630,151,2,2.0,0,0,0.8,0.4,5000,1,1630,0/0,0/0,0/0/0,50000,0,0,0,0,0,0,0,2341,151,0,2.0,0,0,0.8,0.4,4708,1.59e+28,2275,8.77e+28/3.48e+30,0/0,0/0/0,50000,291,0
abl2-f1m0,LP_238_44_6.card-mto,3,Z,2,2,1,NONE,,289,1304,75591,3,6,6,2241,15,0,0,0,0,0,1630,149,2,2.0,0,0,0.8,0.4,5000,1,1630,0/0,0/0,0/0/0,50000,0,0,0,0,0,0,0,2341,149,2,2.0,1,2,0.8,0.4,4711,8.13e+27,2264,3.14e+28/2.64e+30,0/0,0.64/63.9/131,50000,288,0
abl2-f1m0,LP_238_44_6.card-mto,4,X,4,3,1,NONE,,1350,3834,103980,17,1012,945,533359,989,0,0,0,0,0,1630,151,2,2.0,0,0,0.8,0.4,5000,1,1630,0/0,0/0,0/0/0,50000,0,0,0,0,0,0,0,2595,151,3,2.7,9,5,0.8,0.4,3650,5.39e+30,2455,2.76e+31/2.48e+33,0/0,0.999/164/238,50000,1349,0
abl2-f1m0,LP_238_44_6.card-mto,5,Z,4,3,1,NONE,,1300,2782,86351,13,995,927,473644,961,0,0,0,0,0,1630,149,2,2.0,0,0,0.8,0.4,5000,1,1630,0/0,0/0,0/0/0,50000,0,0,0,0,0,0,0,2595,149,5,2.7,9,5,0.8,0.4,3700,7.69e+25,2421,2.99e+26/1.96e+28,0/0,0.995/187/238,50000,1299,0
abl2-f1m0,LP_238_44_6.card-mto,6,X,8,5,1,FOUND,8,542,1978,88860,5,194,87,137207,95,0,0,0,0,0,1630,151,2,2.0,0,0,0.8,0.4,5000,1,1630,0/0,0/0,0/0/0,50000,0,0,173,74,327,2364,48,2721,151,4,2.0,2,10,0.8,0.4,4458,3.35e+52,2652,9.97e+52/3.41e+54,0/0,0.996/98.1/238,50000,542,1
abl2-f1m0,LP_238_44_6.card-mto,7,Z,8,5,1,FOUND,8,636,1221,74014,4,335,265,197529,307,0,0,0,0,0,1630,149,2,2.0,0,0,0.8,0.4,5000,1,1630,0/0,0/0,0/0/0,50000,0,0,390,189,408,2364,139,2721,149,4,2.2,4,9,0.8,0.4,4364,4.31e+61,2542,1.6e+62/1.29e+64,0/0,1/120/238,50000,636,1
abl2-f1m0,LP_238_44_6.card-mto,8,X,7,5,1,FOUND,6,1141,3143,107527,7,1262,932,945163,945,173,74,327,2364,48,2721,151,4,2.0,2,10,0.8,0.4,4458,3.35e+52,2652,9.97e+52/3.41e+54,0/0,0.996/98.1/238,50000,542,1,756,112,844,2080,107,3686,153,1,2.3,5,7,0.8,0.3989,4458,3.35e+52,3588,9.97e+52/3.41e+54,0.997/122,0.992/86.9/238,50000,542,1
abl2-f1m0,LP_238_44_6.card-mto,9,Z,5,5,1,NONE,,1247,2395,75297,7,1258,1045,808725,1094,390,189,408,2364,139,2721,149,4,2.2,4,9,0.8,0.4,4364,4.31e+61,2542,1.6e+62/1.29e+64,0/0,1/120/238,50000,636,1,364,20,822,2081,96,3686,338,3,2.6,6,5,0.8,0.3988,4364,4.31e+61,3376,1.6e+62/1.29e+64,0.995/119,0.999/202/238,50000,636,1
abl2-f1m0,LP_238_44_6.card-mto,10,X,6,5,0,OPT,6,728,1208,37502,6,770,654,463381,676,756,112,844,2080,107,3686,153,1,2.3,5,7,0.8,0.3989,4458,3.35e+52,3588,9.97e+52/3.41e+54,0.997/122,0.992/86.9/238,50000,542,1,1500,420,1338,2065,86,4645,218,4,2.8,5,4,0.8,0.3981,4458,3.35e+52,3517,9.97e+52/3.41e+54,0.997/103,1/224/238,50000,542,1
abl2-f1m0,LP_238_44_6.no-card,0,X,1,1,1,NONE,,12,17,1597,1,1,0,1165,3,0,0,0,0,0,1630,151,2,2.0,0,0,0.8,0.4,5000,1,1630,0/0,0/0,0/0/0,50000,0,0,0,0,0,0,0,1630,151,0,2.0,0,0,0.8,0.4,4988,11.6,1485,38.4/1.37e+03,0/0,0.4/37.2/93,50000,11,0
abl2-f1m0,LP_238_44_6.no-card,1,Z,1,1,1,NONE,,3,3,973,1,1,0,1286,0,0,0,0,0,0,1630,149,2,2.0,0,0,0.8,0.4,5000,1,1630,0/0,0/0,0/0/0,50000,0,0,0,0,0,0,0,1630,149,0,2.0,0,0,0.8,0.4,4997,1.56,1609,3.48/112,0/0,0.4/33.2/83,50000,2,0
abl2-f1m0,LP_238_44_6.no-card,2,X,2,2,1,NONE,,367,1196,48696,4,36,34,16959,106,0,0,0,0,0,1630,151,2,2.0,0,0,0.8,0.4,5000,1,1630,0/0,0/0,0/0/0,50000,0,0,0,0,0,0,0,1630,151,2,2.2,2,2,0.8,0.4,4633,2.94e+35,1590,1.38e+36/3.69e+37,0/0,0.999/199/229,50000,366,0
abl2-f1m0,LP_238_44_6.no-card,3,Z,2,2,1,NONE,,282,1162,39064,3,32,32,15166,73,0,0,0,0,0,1630,149,2,2.0,0,0,0.8,0.4,5000,1,1630,0/0,0/0,0/0/0,50000,0,0,0,0,0,0,0,1630,149,2,2.1,2,2,0.8,0.4,4718,1.7e+27,1583,8.81e+27/1.5e+29,0/0,0.998/196/227,50000,281,0
abl2-f1m0,LP_238_44_6.no-card,4,X,4,3,1,NONE,,689,1550,52392,6,454,431,186336,459,0,0,0,0,0,1630,151,2,2.0,0,0,0.8,0.4,5000,1,1630,0/0,0/0,0/0/0,50000,0,0,0,0,0,0,0,1630,151,5,2.3,5,5,0.8,0.4,4311,4.72e+66,1547,2.79e+67/6.2e+68,0/0,1/185/237,50000,688,0
abl2-f1m0,LP_238_44_6.no-card,5,Z,4,3,1,NONE,,949,2396,82405,10,685,630,370176,700,0,0,0,0,0,1630,149,2,2.0,0,0,0.8,0.4,5000,1,1630,0/0,0/0,0/0/0,50000,0,0,0,0,0,0,0,1630,149,5,2.4,7,5,0.8,0.4,4051,7.42e+91,1564,4.18e+92/2.63e+94,0/0,0.989/177/238,50000,948,0
abl2-f1m0,LP_238_44_6.no-card,6,X,8,5,1,FOUND,8,1327,2659,58939,13,1237,1097,656638,1126,0,0,0,0,0,1630,151,2,2.0,0,0,0.8,0.4,5000,1,1630,0/0,0/0,0/0/0,50000,0,0,918,130,695,0,109,1630,154,3,2.6,9,9,0.8,0.4,3673,3.98e+28,1509,2.12e+29/2.09e+31,0/0,0.996/120/238,50000,1327,1
abl2-f1m0,LP_238_44_6.no-card,7,Z,8,5,1,FOUND,8,1186,2482,52607,14,1050,944,579270,984,0,0,0,0,0,1630,149,2,2.0,0,0,0.8,0.4,5000,1,1630,0/0,0/0,0/0/0,50000,0,0,479,7,960,0,50,1630,150,5,2.7,8,8,0.8,0.4,3814,862000000000000.0,1574,3.57e+15/3.32e+17,0/0,0.999/132/238,50000,1186,1
abl2-f1m0,LP_238_44_6.no-card,8,X,7,5,1,FOUND,6,1205,1759,41355,7,1413,1154,931086,1169,918,130,695,0,109,1630,154,3,2.6,9,9,0.8,0.4,3673,3.98e+28,1509,2.12e+29/2.09e+31,0/0,0.996/120/238,50000,1327,1,1487,483,1700,0,138,1630,162,1,3.5,9,7,0.8,0.3988,3673,3.98e+28,1435,2.12e+29/2.09e+31,0.995/89.1,0.987/42.7/238,50000,1327,1
abl2-f1m0,LP_238_44_6.no-card,9,Z,5,5,1,NONE,,1108,1895,43549,7,1113,1002,592566,1041,479,7,960,0,50,1630,150,5,2.7,8,8,0.8,0.4,3814,862000000000000.0,1574,3.57e+15/3.32e+17,0/0,0.999/132/238,50000,1186,1,973,337,1864,0,178,1630,159,6,3.1,6,6,0.8,0.3989,3814,862000000000000.0,1553,3.57e+15/3.32e+17,0.981/112,1/223/238,50000,1186,1
abl2-f1m0,LP_238_44_6.no-card,10,X,6,5,0,OPT,6,530,791,19454,4,586,492,336175,502,1487,483,1700,0,138,1630,162,1,3.5,9,7,0.8,0.3988,3673,3.98e+28,1435,2.12e+29/2.09e+31,0.995/89.1,0.987/42.7/238,50000,1327,1,482,132,1082,0,192,1630,282,8,3.6,4,8,0.8,0.3983,3673,3.98e+28,1510,2.12e+29/2.09e+31,0.995/87.4,1/228/238,50000,1327,1
abl2-f1m0,LP_340_56_8.card-mto,0,X,1,1,1,NONE,,1,0,0,1,1,1,2391,0,0,0,0,0,0,2589,208,2,2.0,0,0,0.8,0.4,5000,1,2589,0/0,0/0,0/0/0,50000,0,0,0,0,0,0,0,2928,208,2,2.0,0,0,0.8,0.4,4999,1,2589,0.2/78.2,0/0,0.4/128/319,50000,0,0
abl2-f1m0,LP_340_56_8.card-mto,1,Z,1,1,1,NONE,,1,0,0,1,1,1,2331,0,0,0,0,0,0,2589,206,2,2.0,0,0,0.8,0.4,5000,1,2589,0/0,0/0,0/0/0,50000,0,0,0,0,0,0,0,2928,206,2,2.0,0,0,0.8,0.4,4999,1,2589,0.2/78,0/0,0.4/126/316,50000,0,0
abl2-f1m0,LP_340_56_8.card-mto,2,X,2,2,1,NONE,,275,1088,83131,3,0,0,0,6,0,0,0,0,0,2589,208,2,2.0,0,0,0.8,0.4,5000,1,2589,0/0,0/0,0/0/0,50000,0,0,0,0,0,0,0,3606,208,0,2.0,0,0,0.8,0.4,4725,3.58e+26,3554,1.54e+27/4.68e+29,0/0,0/0/0,50000,274,0
abl2-f1m0,LP_340_56_8.card-mto,3,Z,2,2,1,NONE,,193,489,71922,2,0,0,0,4,0,0,0,0,0,2589,206,2,2.0,0,0,0.8,0.4,5000,1,2589,0/0,0/0,0/0/0,50000,0,0,0,0,0,0,0,3606,206,0,2.0,0,0,0.8,0.4,4807,4.04e+18,3422,1.77e+19/9.42e+20,0/0,0/0/0,50000,192,0
abl2-f1m0,LP_340_56_8.card-mto,4,X,4,3,1,NONE,,1986,4847,157529,24,1424,1398,806460,1488,0,0,0,0,0,2589,208,2,2.0,0,0,0.8,0.4,5000,1,2589,0/0,0/0,0/0/0,50000,0,0,0,0,0,0,0,4028,208,4,2.6,6,4,0.8,0.4,3014,2.32e+92,3756,1.36e+93/4.63e+94,0/0,1/324/340,50000,1985,0
abl2-f1m0,LP_340_56_8.card-mto,5,Z,4,3,1,NONE,,1359,3509,121368,18,1075,979,945030,1037,0,0,0,0,0,2589,206,2,2.0,0,0,0.8,0.4,5000,1,2589,0/0,0/0,0/0/0,50000,0,0,0,0,0,0,0,4028,206,5,2.5,9,5,0.8,0.4,3641,4.02e+31,3841,1.99e+32/2.03e+34,0/0,1/299/340,50000,1358,0
abl2-f1m0,LP_340_56_8.card-mto,6,X,8,5,1,FOUND,8,1689,3777,224151,11,932,853,672313,875,0,0,0,0,0,2589,208,2,2.0,0,0,0.8,0.4,5000,1,2589,0/0,0/0,0/0/0,50000,0,0,941,302,959,3528,257,4282,434,5,2.6,7,9,0.8,0.4,3311,4.8e+63,3916,1.86e+64/7.83e+65,0/0,1/174/340,50000,1689,1
abl2-f1m0,LP_340_56_8.card-mto,7,Z,8,5,1,FOUND,8,1084,2264,98594,4,754,728,318167,758,0,0,0,0,0,2589,206,2,2.0,0,0,0.8,0.4,5000,1,2589,0/0,0/0,0/0/0,50000,0,0,825,147,517,3528,240,4282,206,5,2.7,8,8,0.8,0.4,3916,112000.0,3912,3.12e+05/3.59e+07,0/0,1/192/340,50000,1084,1
abl2-f1m0,LP_340_56_8.card-mto,8,X,7,5,1,NONE,,2908,4396,162420,15,3457,2702,3495892,2746,941,302,959,3528,257,4282,434,5,2.6,7,9,0.8,0.4,3311,4.8e+63,3916,1.86e+64/7.83e+65,0/0,1/174/340,50000,1689,1,1483,278,2780,3000,174,5721,608,8,2.9,20,8,0.8,0.3971,3311,4.8e+63,5377,1.86e+64/7.83e+65,0.999/174,1/262/340,50000,1689,1
abl2-f1m0,LP_340_56_8.card-mto,9,Z,7,5,1,NONE,,6409,10514,346510,30,7720,6090,8674781,6182,825,147,517,3528,240,4282,206,5,2.7,8,8,0.8,0.4,3916,112000.0,3912,3.12e+05/3.59e+07,0/0,1/192/340,50000,1084,1,1205,56,1254,3000,73,5721,249,8,2.8,49,8,0.8,0.3936,3916,112000.0,5324,3.12e+05/3.59e+07,1/178,1/302/340,50000,1084,1
abl2-f1m0,LP_340_56_8.no-card,0,X,1,1,1,NONE,,1,0,0,1,1,1,2391,0,0,0,0,0,0,2589,208,2,2.0,0,0,0.8,0.4,5000,1,2589,0/0,0/0,0/0/0,50000,0,0,0,0,0,0,0,2589,208,2,2.0,0,0,0.8,0.4,4999,1,2589,0.2/78.2,0/0,0.4/128/319,50000,0,0
abl2-f1m0,LP_340_56_8.no-card,1,Z,1,1,1,NONE,,1,0,0,1,1,1,2331,0,0,0,0,0,0,2589,206,2,2.0,0,0,0.8,0.4,5000,1,2589,0/0,0/0,0/0/0,50000,0,0,0,0,0,0,0,2589,206,2,2.0,0,0,0.8,0.4,4999,1,2589,0.2/78,0/0,0.4/126/316,50000,0,0
abl2-f1m0,LP_340_56_8.no-card,2,X,2,2,1,NONE,,237,874,45681,3,45,44,39476,93,0,0,0,0,0,2589,208,2,2.0,0,0,0.8,0.4,5000,1,2589,0/0,0/0,0/0/0,50000,0,0,0,0,0,0,0,2589,208,3,2.0,2,3,0.8,0.4,4763,7.43e+22,2537,3.6e+23/1.24e+25,0/0,0.998/299/339,50000,236,0
abl2-f1m0,LP_340_56_8.no-card,3,Z,2,2,1,NONE,,237,1548,44315,1,31,31,24716,73,0,0,0,0,0,2589,206,2,2.0,0,0,0.8,0.4,5000,1,2589,0/0,0/0,0/0/0,50000,0,0,0,0,0,0,0,2589,206,3,2.0,2,3,0.8,0.4,4763,7.43e+22,2514,3.22e+23/6.83e+24,0/0,0.996/322/338,50000,236,0
abl2-f1m0,LP_340_56_8.no-card,4,X,4,3,1,NONE,,1353,3657,126253,19,1118,987,1085407,1067,0,0,0,0,0,2589,208,2,2.0,0,0,0.8,0.4,5000,1,2589,0/0,0/0,0/0/0,50000,0,0,0,0,0,0,0,2589,208,5,2.4,9,5,0.8,0.4,3647,1.05e+31,2460,5.54e+31/2.77e+33,0/0,1/291/339,50000,1352,0
abl2-f1m0,LP_340_56_8.no-card,5,Z,4,3,1,NONE,,1455,4365,127475,20,1173,1113,890413,1194,0,0,0,0,0,2589,206,2,2.0,0,0,0.8,0.4,5000,1,2589,0/0,0/0,0/0/0,50000,0,0,0,0,0,0,0,2589,206,4,2.8,9,4,0.8,0.4,3545,8.08e+40,2496,3.88e+41/3.61e+43,0/0,1/236/340,50000,1454,0
abl2-f1m0,LP_340_56_8.no-card,6,X,8,5,1,FOUND,8,870,1712,70646,7,755,664,716500,691,0,0,0,0,0,2589,208,2,2.0,0,0,0.8,0.4,5000,1,2589,0/0,0/0,0/0/0,50000,0,0,1117,501,600,0,235,2589,210,2,2.1,4,9,0.8,0.4,4130,2.05e+84,2219,1.01e+85/6.42e+86,0/0,1/145/340,50000,870,1
abl2-f1m0,LP_340_56_8.no-card,7,Z,8,5,1,FOUND,8,1582,2948,61906,11,1364,1253,976569,1362,0,0,0,0,0,2589,206,2,2.0,0,0,0.8,0.4,5000,1,2589,0/0,0/0,0/0/0,50000,0,0,1192,860,1221,0,157,2589,207,4,2.9,10,8,0.8,0.4,3418,2.05e+53,2318,1.15e+54/1.17e+56,0/0,0.999/163/340,50000,1582,1
abl2-f1m0,LP_340_56_8.no-card,8,X,7,5,1,NONE,,4189,6315,209745,22,4993,3992,5556669,4066,1117,501,600,0,235,2589,210,2,2.1,4,9,0.8,0.4,4130,2.05e+84,2219,1.01e+85/6.42e+86,0/0,1/145/340,50000,870,1,552,55,2376,0,133,2589,430,8,2.7,27,8,0.8,0.3958,4130,2.05e+84,2461,1.01e+85/6.42e+86,1/155,1/281/340,50000,870,1
abl2-f1m0,LP_340_56_8.no-card,9,Z,7,5,1,NONE,,6550,10440,296318,31,7839,6290,8389414,6383,1192,860,1221,0,157,2589,207,4,2.9,10,8,0.8,0.4,3418,2.05e+53,2318,1.15e+54/1.17e+56,0/0,0.999/163/340,50000,1582,1,1554,594,6529,0,121,2589,324,8,3.5,57,8,0.8,0.3935,3418,2.05e+53,2409,1.15e+54/1.17e+56,1/208,1/321/340,50000,1582,1
abl2-f1m0,LP_442_68_10.card-mto,0,X,1,1,1,NONE,,5,5,3614,1,1,0,2301,0,0,0,0,0,0,3558,265,2,2.0,0,0,0.8,0.4,5000,1,3558,0/0,0/0,0/0/0,50000,0,0,0,0,0,0,0,3999,265,1,2.0,0,0,0.8,0.4,4995,2.44,3790,8.75/1.83e+03,0/0,0.4/87.2/218,50000,4,0
abl2-f1m0,LP_442_68_10.card-mto,1,Z,1,1,1,NONE,,3,3,3672,1,1,0,2298,0,0,0,0,0,0,3558,263,2,2.0,0,0,0.8,0.4,5000,1,3558,0/0,0/0,0/0/0,50000,0,0,0,0,0,0,0,3999,263,1,2.0,0,0,0.8,0.4,4997,1.56,3782,3.48/605,0/0,0.4/74.4/186,50000,2,0
abl2-f1m0,LP_442_68_10.card-mto,2,X,2,2,1,NONE,,341,1650,162986,4,0,0,0,11,0,0,0,0,0,3558,265,2,2.0,0,0,0.8,0.4,5000,1,3558,0/0,0/0,0/0/0,50000,0,0,0,0,0,0,0,4881,265,0,2.0,0,0,0.8,0.4,4659,8.9e+32,4785,4.44e+33/1.62e+36,0/0,0/0/0,50000,340,0
abl2-f1m0,LP_442_68_10.card-mto,3,Z,2,2,1,NONE,,265,950,125825,3,0,0,0,6,0,0,0,0,0,3558,263,2,2.0,0,0,0.8,0.4,5000,1,3558,0/0,0/0,0/0/0,50000,0,0,0,0,0,0,0,4881,263,0,2.0,0,0,0.8,0.4,4735,3.84e+25,4846,2.1e+26/6.64e+28,0/0,0/0/0,50000,264,0
abl2-f1m0,LP_442_68_10.card-mto,4,X,4,3,1,NONE,,878,3077,147578,9,565,522,523139,561,0,0,0,0,0,3558,265,2,2.0,0,0,0.8,0.4,5000,1,3558,0/0,0/0,0/0/0,50000,0,0,0,0,0,0,0,5391,265,5,2.3,7,5,0.8,0.4,4122,9.77e+84,5231,5.1e+85/3.11e+87,0/0,1/415/442,50000,877,0
abl2-f1m0,LP_442_68_10.card-mto,5,Z,4,3,1,NONE,,1021,2655,138452,13,745,696,746138,721,0,0,0,0,0,3558,263,2,2.0,0,0,0.8,0.4,5000,1,3558,0/0,0/0,0/0/0,50000,0,0,0,0,0,0,0,5391,263,5,2.5,7,5,0.8,0.4,3979,7.05e+98,5219,3.72e+99/2.58e+101,0/0,1/369/442,50000,1020,0
abl2-f1m0,LP_442_68_10.card-mto,6,X,8,5,1,NONE,,7210,15410,461524,60,8244,6655,11817140,6777,0,0,0,0,0,3558,265,2,2.0,0,0,0.8,0.4,5000,1,3558,0/0,0/0,0/0/0,50000,0,0,0,0,0,0,0,5645,265,9,2.7,54,9,0.81,0.4,2790,5.03e+86,5024,2.5e+87/1.11e+89,0/0,1/327/442,50000,7209,0
abl2-f1m0,LP_442_68_10.card-mto,7,Z,8,5,1,NONE,,14991,31170,868227,131,17174,14248,24619094,14409,0,0,0,0,0,3558,263,2,2.0,0,0,0.8,0.4,5000,1,3558,0/0,0/0,0/0/0,50000,0,0,0,0,0,0,0,5645,263,10,2.9,109,10,0.82,0.395,4997,2.36e+42,5271,1.16e+43/1.01e+45,0.953/194,1/420/442,50000,10003,0
abl2-f1m0,LP_442_68_10.card-mto,8,X,16,9,1,FOUND,16,34090,49323,1773927,85,37084,27567,39509371,27647,0,0,0,0,0,3558,265,2,2.0,0,0,0.8,0.4,5000,1,3558,0/0,0/0,0/0/0,50000,0,0,2319,1893,15053,4758,258,5771,362,9,3.9,225,17,0.82,0.3759,5000,1.3e+42,5213,7.66e+42/5.75e+44,0.968/172,1/292/442,50000,10000,1
abl2-f1m0,LP_442_68_10.card-mto,9,Z,16,9,1,FOUND,16,27311,44709,1284333,149,32576,26745,47805579,26903,0,0,0,0,0,3558,263,2,2.0,0,0,0.8,0.4,5000,1,3558,0/0,0/0,0/0/0,50000,0,0,1549,38,18878,4758,172,5771,263,6,3.2,202,17,0.82,0.3827,4999,1.59e+42,5563,1.02e+43/2.11e+45,0.987/213,0.998/279/442,50000,10001,1
abl2-f1m0,LP_442_68_10.card-mto,10,X,15,9,1,FOUND,14,39572,58954,1695165,106,48358,39314,66956035,39372,2319,1893,15053,4758,258,5771,362,9,3.9,225,17,0.82,0.3759,5000,1.3e+42,5213,7.66e+42/5.75e+44,0.968/172,1/292/442,50000,10000,1,10372,765,27013,4473,133,7858,362,1,4.2,330,16,0.82,0.3363,5000,1.3e+42,7212,7.66e+42/5.75e+44,0.991/163,0.993/131/442,50000,10000,1
abl2-f1m0,LP_442_68_10.card-mto,11,Z,13,9,1,FOUND,12,35812,53963,1708192,102,43841,35410,62552750,35530,1549,38,18878,4758,172,5771,263,6,3.2,202,17,0.82,0.3827,4999,1.59e+42,5563,1.02e+43/2.11e+45,0.987/213,0.998/279/442,50000,10001,1,3838,1274,10536,4474,60,7858,266,1,5.2,291,16,0.82,0.3469,4999,1.59e+42,7175,1.02e+43/2.11e+45,1/241,0.997/233/442,50000,10001,1
abl2-f1m0,LP_442_68_10.card-mto,12,Z,12,9,0,OPT,10,22237,38899,1056294,76,26990,21673,36470443,21877,3838,1274,10536,4474,60,7858,266,1,5.2,291,16,0.82,0.3469,4999,1.59e+42,7175,1.02e+43/2.11e+45,1/241,0.997/233/442,50000,10001,1,3905,1525,16507,4451,75,12014,644,13,5.3,175,13,0.82,0.3246,4999,1.59e+42,9390,1.02e+43/2.11e+45,1/164,1/367/442,50000,10001,1
abl2-f1m0,LP_442_68_10.card-mto,13,X,10,9,0,OPT,10,11040,22254,547414,46,13614,10665,17118400,10791,10372,765,27013,4473,133,7858,362,1,4.2,330,16,0.82,0.3363,5000,1.3e+42,7212,7.66e+42/5.75e+44,0.991/163,0.993/131/442,50000,10000,1,5790,2403,15959,4475,57,12032,922,12,5.2,77,12,0.82,0.3253,5000,1.3e+42,9438,7.66e+42/5.75e+44,1/161,1/385/442,50000,10000,1
abl2-f1m0,LP_442_68_10.no-card,0,X,1,1,1,NONE,,42,224,8663,1,1,0,2301,17,0,0,0,0,0,3558,265,2,2.0,0,0,0.8,0.4,5000,1,3558,0/0,0/0,0/0/0,50000,0,0,0,0,0,0,0,3558,265,0,2.0,0,0,0.8,0.4,4958,9400.0,3522,2.48e+04/6.9e+05,0/0,0.4/87.2/218,50000,41,0
abl2-f1m0,LP_442_68_10.no-card,1,Z,1,1,1,NONE,,14,37,5217,1,1,0,2298,5,0,0,0,0,0,3558,263,2,2.0,0,0,0.8,0.4,5000,1,3558,0/0,0/0,0/0/0,50000,0,0,0,0,0,0,0,3558,263,0,2.0,0,0,0.8,0.4,4986,18.2,3355,62.5/8.05e+03,0/0,0.4/74.4/186,50000,13,0
abl2-f1m0,LP_442_68_10.no-card,2,X,2,2,1,NONE,,344,1558,89418,6,70,69,56567,114,0,0,0,0,0,3558,265,2,2.0,0,0,0.8,0.4,5000,1,3558,0/0,0/0,0/0/0,50000,0,0,0,0,0,0,0,3558,265,3,2.1,3,3,0.8,0.4,4656,1.74e+33,3458,9.11e+33/3.31e+35,0/0,0.994/417/440,50000,343,0
abl2-f1m0,LP_442_68_10.no-card,3,Z,2,2,1,NONE,,287,2011,74886,3,48,45,46905,82,0,0,0,0,0,3558,263,2,2.0,0,0,0.8,0.4,5000,1,3558,0/0,0/0,0/0/0,50000,0,0,0,0,0,0,0,3558,263,3,2.0,2,3,0.8,0.4,4713,5.2e+27,3513,2.39e+28/9.1e+29,0/0,0.98/351/439,50000,286,0
abl2-f1m0,LP_442_68_10.no-card,4,X,4,3,1,NONE,,885,2917,118974,11,654,608,697262,658,0,0,0,0,0,3558,265,2,2.0,0,0,0.8,0.4,5000,1,3558,0/0,0/0,0/0/0,50000,0,0,0,0,0,0,0,3558,265,5,2.4,7,5,0.8,0.4,4115,4.66e+85,3477,2.64e+86/1.03e+88,0/0,1/322/441,50000,884,0
abl2-f1m0,LP_442_68_10.no-card,5,Z,4,3,1,NONE,,1856,4933,172403,24,1542,1512,1211136,1572,0,0,0,0,0,3558,263,2,2.0,0,0,0.8,0.4,5000,1,3558,0/0,0/0,0/0/0,50000,0,0,0,0,0,0,0,3558,263,4,3.0,11,4,0.8,0.4,3144,5.86e+79,3419,2.95e+80/1.25e+82,0/0,1/430/442,50000,1855,0
abl2-f1m0,LP_442_68_10.no-card,6,X,8,5,1,NONE,,6460,13376,375796,54,7503,6089,10464313,6172,0,0,0,0,0,3558,265,2,2.0,0,0,0.8,0.4,5000,1,3558,0/0,0/0,0/0/0,50000,0,0,0,0,0,0,0,3558,265,9,2.9,52,10,0.81,0.4,3540,1.16e+18,3327,6.71e+18/4.21e+20,0/0,1/362/442,50000,6459,0
abl2-f1m0,LP_442_68_10.no-card,7,Z,8,5,1,NONE,,15871,31421,868131,130,18483,15276,27765518,15459,0,0,0,0,0,3558,263,2,2.0,0,0,0.8,0.4,5000,1,3558,0/0,0/0,0/0/0,50000,0,0,0,0,0,0,0,3558,263,9,2.7,117,9,0.82,0.3941,4988,1.41e+43,3450,7.11e+43/7.68e+45,0.932/163,1/367/442,50000,10012,0
abl2-f1m0,LP_442_68_10.no-card,8,X,16,9,1,FOUND,16,9509,17558,392638,78,10889,9254,15371663,9286,0,0,0,0,0,3558,265,2,2.0,0,0,0.8,0.4,5000,1,3558,0/0,0/0,0/0/0,50000,0,0,671,629,8953,0,293,3558,268,7,2.8,79,18,0.81,0.4,491,1.53e+97,2954,6.84e+97/7.08e+99,0/0,1/257/442,50000,9509,1
abl2-f1m0,LP_442_68_10.no-card,9,Z,16,9,1,FOUND,14,14118,26620,547395,107,16151,13802,22045371,13846,0,0,0,0,0,3558,263,2,2.0,0,0,0.8,0.4,5000,1,3558,0/0,0/0,0/0/0,50000,0,0,775,1934,13585,0,173,3558,264,2,3.3,114,19,0.82,0.3959,4984,3.11e+43,3268,2.17e+44/3.31e+46,1/196,1/243/442,50000,10016,1
abl2-f1m0,LP_442_68_10.no-card,10,Z,14,9,0,OPT,10,38970,58933,1923343,106,47066,38167,67742759,38487,775,1934,13585,0,173,3558,264,2,3.3,114,19,0.82,0.3959,4984,3.11e+43,3268,2.17e+44/3.31e+46,1/196,1/243/442,50000,10016,1,2758,1004,8209,0,145,3558,546,13,6.0,181,13,0.82,0.3569,4984,3.11e+43,3470,2.17e+44/3.31e+46,1/181,1/362/442,50000,10016,1
abl2-f1m0,LP_442_68_10.no-card,11,X,10,9,0,OPT,10,13974,22106,720838,60,17146,13538,23189061,13670,671,629,8953,0,293,3558,268,7,2.8,79,18,0.81,0.4,491,1.53e+97,2954,6.84e+97/7.08e+99,0/0,1/257/442,50000,9509,1,1738,938,4603,0,120,3558,777,12,4.1,91,12,0.81,0.386,491,1.53e+97,3157,6.84e+97/7.08e+99,1/221,1/375/442,50000,9509,1
abl2-f1m0,TN_144_2_13.no-card,0,X,1,1,1,NONE,,9,27,1100,1,1,0,526,2,0,0,0,0,0,791,78,2,2.0,0,0,0.8,0.4,5000,1,791,0/0,0/0,0/0/0,50000,0,0,0,0,0,0,0,791,78,0,2.0,0,0,0.8,0.4,4991,5.96,764,18.2/372,0/0,0.4/33.2/83,50000,8,0
abl2-f1m0,TN_144_2_13.no-card,1,Z,1,1,1,NONE,,4,3,513,1,1,0,777,0,0,0,0,0,0,817,78,2,2.0,0,0,0.8,0.4,5000,1,817,0/0,0/0,0/0/0,50000,0,0,0,0,0,0,0,817,78,0,2.0,0,0,0.8,0.4,4996,1.95,774,5.82/88,0/0,0.4/24.8/62,50000,3,0
abl2-f1m0,TN_144_2_13.no-card,2,X,2,2,1,NONE,,267,705,21828,2,14,14,4465,30,0,0,0,0,0,791,78,2,2.0,0,0,0.8,0.4,5000,1,791,0/0,0/0,0/0/0,50000,0,0,0,0,0,0,0,791,78,2,2.1,1,2,0.8,0.4,4733,6e+25,732,1.92e+26/7.34e+27,0/0,0.953/128/142,50000,266,0
abl2-f1m0,TN_144_2_13.no-card,3,Z,2,2,1,NONE,,198,492,18252,1,2,2,495,35,0,0,0,0,0,817,78,2,2.0,0,0,0.8,0.4,5000,1,817,0/0,0/0,0/0/0,50000,0,0,0,0,0,0,0,817,78,2,2.1,1,2,0.8,0.4,4802,1.23e+19,757,6.99e+19/1.15e+21,0/0,0.64/27.8/69,50000,197,0
abl2-f1m0,TN_144_2_13.no-card,4,X,4,3,1,NONE,,662,1271,28270,7,436,393,131939,420,0,0,0,0,0,791,78,2,2.0,0,0,0.8,0.4,5000,1,791,0/0,0/0,0/0/0,50000,0,0,0,0,0,0,0,791,78,5,2.2,5,5,0.8,0.4,4338,1.14e+64,702,5.39e+64/3.83e+66,0/0,1/119/144,50000,661,0
abl2-f1m0,TN_144_2_13.no-card,5,Z,4,3,1,NONE,,916,1544,37894,7,614,602,131078,650,0,0,0,0,0,817,78,2,2.0,0,0,0.8,0.4,5000,1,817,0/0,0/0,0/0/0,50000,0,0,0,0,0,0,0,817,78,4,2.6,7,4,0.8,0.4,4084,4.71e+88,775,2.35e+89/1.17e+91,0/0,1/109/144,50000,915,0
abl2-f1m0,TN_144_2_13.no-card,6,X,8,5,1,NONE,,14077,18633,364772,86,17192,13175,6363866,13312,0,0,0,0,0,791,78,2,2.0,0,0,0.8,0.4,5000,1,791,0/0,0/0,0/0/0,50000,0,0,0,0,0,0,0,791,78,9,3.4,96,9,0.82,0.3959,4997,2.36e+42,715,1.34e+43/4.27e+44,0.98/95.6,1/103/144,50000,10003,0
abl2-f1m0,TN_144_2_13.no-card,7,Z,8,5,1,NONE,,13354,17593,353775,85,16500,12469,6297471,12614,0,0,0,0,0,817,78,2,2.0,0,0,0.8,0.4,5000,1,817,0/0,0/0,0/0/0,50000,0,0,0,0,0,0,0,817,78,9,3.8,106,9,0.82,0.3966,4999,1.59e+42,741,9.63e+42/5.47e+44,0.994/101,1/116/144,50000,10001,0
abl2-f1m0,TN_144_2_13.no-card,8,X,16,9,1,FOUND,16,16,19,998,1,0,0,0,0,0,0,0,0,0,791,78,2,2.0,0,0,0.8,0.4,5000,1,791,0/0,0/0,0/0/0,50000,0,0,16,0,0,0,0,791,78,0,2.0,0,0,0.8,0.4,4984,35.5,726,207/8.21e+03,0/0,0/0/0,50000,16,1
abl2-f1m0,TN_144_2_13.no-card,9,Z,16,9,1,FOUND,16,19,28,786,1,0,0,0,0,0,0,0,0,0,817,78,2,2.0,0,0,0.8,0.4,5000,1,817,0/0,0/0,0/0/0,50000,0,0,19,0,0,0,0,817,78,0,2.0,0,0,0.8,0.4,4981,69.4,780,304/9.52e+03,0/0,0/0/0,50000,19,1
abl2-f1m0,TN_144_2_13.no-card,10,X,15,9,1,FOUND,15,534394,597123,11998355,1086,742284,525894,277876724,526756,16,0,0,0,0,791,78,0,2.0,0,0,0.8,0.4,4984,35.5,726,207/8.21e+03,0/0,0/0/0,50000,16,1,14783,4389,23737,0,40,791,84,7,6.4,3728,16,0.8,0.06,4984,35.5,662,207/8.21e+03,1/46.3,0.939/112/144,50000,16,1
abl2-f1m0,TN_144_2_13.no-card,11,Z,14,9,1,FOUND,14,598397,667304,13655215,1276,836459,587408,307239764,588646,19,0,0,0,0,817,78,0,2.0,0,0,0.8,0.4,4981,69.4,780,304/9.52e+03,0/0,0/0/0,50000,19,1,18408,5822,27875,0,27,817,84,7,5.6,4131,15,0.8,0.06,4981,69.4,689,304/9.52e+03,1/48,0.946/113/144,50000,19,1
abl2-f1m0,TN_144_2_13.no-card,12,Z,14,9,0,OPT,13,333409,372989,7416547,870,465171,327069,168340034,327862,18408,5822,27875,0,27,817,84,7,5.6,4131,15,0.8,0.06,4981,69.4,689,304/9.52e+03,1/48,0.946/113/144,50000,19,1,14439,538,13277,0,21,817,207,13,5.0,646,13,0.9,0.06,2701,6.63e+74,654,8.21e+75/3.31e+77,1/53,0.997/123/144,50000,52298,1
abl2-f1m0,TN_144_2_13.no-card,13,X,13,9,0,OPT,13,230028,253309,5508126,511,322057,225599,122722109,226205,14783,4389,23737,0,40,791,84,7,6.4,3728,16,0.8,0.06,4984,35.5,662,207/8.21e+03,1/46.3,0.939/112/144,50000,16,1,4914,212,310,0,55,791,118,18,8.0,1178,18,0.8,0.06,4984,35.5,665,207/8.21e+03,1/54.2,0.999/122/144,50000,16,1
abl2-f1m2,GB_144_12_12.card-mto,0,X,1,1,1,NONE,,0,0,99,1,0,0,0,0,0,0,0,0,0,1006,78,2,2.0,0,0,0.8,0.4,5000,1,1005,0/0,0/0,0/0/0,50000,0,0,0,0,0,0,0,1006,78,2,2.0,0,0,0.8,0.4,5000,1,1005,0/0,0/0,0/0/0,50000,0,0
abl2-f1m2,GB_144_12_12.card-mto,1,Z,1,1,1,NONE,,0,0,95,1,0,0,0,0,0,0,0,0,0,1017,78,2,2.0,0,0,0.8,0.4,5000,1,1016,0/0,0/0,0/0/0,50000,0,0,0,0,0,0,0,1017,78,2,2.0,0,0,0.8,0.4,5000,1,1016,0/0,0/0,0/0/0,50000,0,0
abl2-f1m2,GB_144_12_12.card-mto,2,X,2,2,1,NONE,,7,18,1589,1,1,0,432,0,0,0,0,0,0,1006,78,2,2.0,0,0,0.8,0.4,5000,1,1005,0/0,0/0,0/0/0,50000,0,0,0,0,0,0,0,1148,78,0,2.0,0,0,0.8,0.4,4993,3.81,980,13.2/565,0/0,0.4/36/90,50000,6,0
abl2-f1m2,GB_144_12_12.card-mto,3,Z,2,2,1,NONE,,4,5,885,1,1,0,437,0,0,0,0,0,0,1017,78,2,2.0,0,0,0.8,0.4,5000,1,1016,0/0,0/0,0/0/0,50000,0,0,0,0,0,0,0,1159,78,0,2.0,0,0,0.8,0.4,4996,1.95,1080,4.22/153,0/0,0.4/36.8/92,50000,3,0
abl2-f1m2,GB_144_12_12.card-mto,4,X,4,3,1,NONE,,349,701,71611,1,9,9,3958,19,0,0,0,0,0,1006,78,2,2.0,0,0,0.8,0.4,5000,1,1005,0/0,0/0,0/0/0,50000,0,0,0,0,0,0,0,1432,78,3,2.0,1,3,0.8,0.4,4651,5.3e+33,1243,2.42e+34/1.83e+36,0/0,0.953/95.9/136,50000,348,0
abl2-f1m2,GB_144_12_12.card-mto,5,Z,4,3,1,NONE,,407,857,80051,4,8,7,3393,16,0,0,0,0,0,1017,78,2,2.0,0,0,0.8,0.4,5000,1,1016,0/0,0/0,0/0/0,50000,0,0,0,0,0,0,0,1443,78,3,2.0,1,3,0.8,0.4,4593,2.22e+39,1314,7.77e+39/1.06e+42,0/0,0.922/84.6/139,50000,406,0
abl2-f1m2,GB_144_12_12.card-mto,6,X,8,5,1,NONE,,3843,5823,72828,36,3956,3488,1184586,3520,0,0,0,0,0,1006,78,2,2.0,0,0,0.8,0.4,5000,1,1005,0/0,0/0,0/0/0,50000,0,0,0,0,0,0,0,1588,78,8,4.6,29,8,0.8,0.4,1157,2.13e+72,1401,9.82e+72/2.61e+74,0/0,1/131/143,50000,3842,0
abl2-f1m2,GB_144_12_12.card-mto,7,Z,8,5,1,NONE,,3229,5123,98207,32,3405,2816,1132014,2854,0,0,0,0,0,1017,78,2,2.0,0,0,0.8,0.4,5000,1,1016,0/0,0/0,0/0/0,50000,0,0,0,0,0,0,0,1599,78,8,3.4,18,8,0.8,0.4,1771,6690000000000.0,1397,3.9e+13/1.45e+15,0/0,1/122/143,50000,3228,0
abl2-f1m2,GB_144_12_12.card-mto,8,X,16,9,1,FOUND,15,70725,84686,1577325,263,94840,69491,33174517,69574,0,0,0,0,0,1006,78,2,2.0,0,0,0.8,0.4,5000,1,1005,0/0,0/0,0/0/0,50000,0,0,1842,1718,24017,1421,62,1680,78,1,6.1,513,16,0.82,0.3393,4987,1.72e+43,1449,1.01e+44/4.9e+45,0.988/123,0.992/51.4/143,50000,10013,1
abl2-f1m2,GB_144_12_12.card-mto,9,Z,16,9,1,FOUND,16,302781,345513,6706284,774,415639,299161,145597670,299595,0,0,0,0,0,1017,78,2,2.0,0,0,0.8,0.4,5000,1,1016,0/0,0/0,0/0/0,50000,0,0,11224,6793,16930,1421,71,1691,78,7,6.1,2126,16,0.82,0.1072,4978,1.02e+44,1457,5.72e+44/2.77e+46,0.987/73.7,0.926/111/143,50000,10022,1
abl2-f1m2,GB_144_12_12.card-mto,10,X,15,9,0,OPT,12,1260233,1459971,27137860,3644,1723820,1243738,601681542,1245891,1842,1718,24017,1421,62,1680,78,1,6.1,513,16,0.82,0.3393,4987,1.72e+43,1449,1.01e+44/4.9e+45,0.988/123,0.992/51.4/143,50000,10013,1,38978,2291,23125,1399,34,3674,111,13,5.5,116,13,0.95,0.06,-335010,2.57e+50,2653,6.58e+51/3.03e+53,1/57.8,0.959/117/143,50000,415009,1
abl2-f1m2,GB_144_12_12.card-mto,11,Z,12,9,0,OPT,12,60571,70469,1338541,152,81332,59352,27203245,59556,11224,6793,16930,1421,71,1691,78,7,6.1,2126,16,0.82,0.1072,4978,1.02e+44,1457,5.72e+44/2.77e+46,0.987/73.7,0.926/111/143,50000,10022,1,6457,905,8954,1411,34,3032,133,12,5.4,154,12,0.82,0.06,4978,1.02e+44,2115,5.72e+44/2.77e+46,1/45,1/117/142,50000,10022,1
abl2-f1m2,LP_340_56_8.card-mto,0,X,1,1,1,NONE,,1,0,0,1,1,1,2391,0,0,0,0,0,0,2589,208,2,2.0,0,0,0.8,0.4,5000,1,2589,0/0,0/0,0/0/0,50000,0,0,0,0,0,0,0,2928,208,2,2.0,0,0,0.8,0.4,4999,1,2589,0.2/78.2,0/0,0.4/128/319,50000,0,0
abl2-f1m2,LP_340_56_8.card-mto,1,Z,1,1,1,NONE,,1,0,0,1,1,1,2331,0,0,0,0,0,0,2589,206,2,2.0,0,0,0.8,0.4,5000,1,2589,0/0,0/0,0/0/0,50000,0,0,0,0,0,0,0,2928,206,2,2.0,0,0,0.8,0.4,4999,1,2589,0.2/78,0/0,0.4/126/316,50000,0,0
abl2-f1m2,LP_340_56_8.card-mto,2,X,2,2,1,NONE,,275,1088,83131,3,0,0,0,6,0,0,0,0,0,2589,208,2,2.0,0,0,0.8,0.4,5000,1,2589,0/0,0/0,0/0/0,50000,0,0,0,0,0,0,0,3606,208,0,2.0,0,0,0.8,0.4,4725,3.58e+26,3554,1.54e+27/4.68e+29,0/0,0/0/0,50000,274,0
abl2-f1m2,LP_340_56_8.card-mto,3,Z,2,2,1,NONE,,193,489,71922,2,0,0,0,4,0,0,0,0,0,2589,206,2,2.0,0,0,0.8,0.4,5000,1,2589,0/0,0/0,0/0/0,50000,0,0,0,0,0,0,0,3606,206,0,2.0,0,0,0.8,0.4,4807,4.04e+18,3422,1.77e+19/9.42e+20,0/0,0/0/0,50000,192,0
abl2-f1m2,LP_340_56_8.card-mto,4,X,4,3,1,NONE,,1986,4847,157529,24,1424,1398,806460,1488,0,0,0,0,0,2589,208,2,2.0,0,0,0.8,0.4,5000,1,2589,0/0,0/0,0/0/0,50000,0,0,0,0,0,0,0,4028,208,4,2.6,6,4,0.8,0.4,3014,2.32e+92,3756,1.36e+93/4.63e+94,0/0,1/324/340,50000,1985,0
abl2-f1m2,LP_340_56_8.card-mto,5,Z,4,3,1,NONE,,1359,3509,121368,18,1075,979,945030,1037,0,0,0,0,0,2589,206,2,2.0,0,0,0.8,0.4,5000,1,2589,0/0,0/0,0/0/0,50000,0,0,0,0,0,0,0,4028,206,5,2.5,9,5,0.8,0.4,3641,4.02e+31,3841,1.99e+32/2.03e+34,0/0,1/299/340,50000,1358,0
abl2-f1m2,LP_340_56_8.card-mto,6,X,8,5,1,FOUND,8,1689,3777,224151,11,932,853,672313,875,0,0,0,0,0,2589,208,2,2.0,0,0,0.8,0.4,5000,1,2589,0/0,0/0,0/0/0,50000,0,0,941,302,959,3528,257,4282,434,5,2.6,7,9,0.8,0.4,3311,4.8e+63,3916,1.86e+64/7.83e+65,0/0,1/174/340,50000,1689,1
abl2-f1m2,LP_340_56_8.card-mto,7,Z,8,5,1,FOUND,8,1084,2264,98594,4,754,728,318167,758,0,0,0,0,0,2589,206,2,2.0,0,0,0.8,0.4,5000,1,2589,0/0,0/0,0/0/0,50000,0,0,825,147,517,3528,240,4282,206,5,2.7,8,8,0.8,0.4,3916,112000.0,3912,3.12e+05/3.59e+07,0/0,1/192/340,50000,1084,1
abl2-f1m2,LP_340_56_8.card-mto,8,X,7,5,1,NONE,,3429,6073,240710,17,3357,2654,3126422,2771,941,302,959,3528,257,4282,434,5,2.6,7,9,0.8,0.4,3311,4.8e+63,3916,1.86e+64/7.83e+65,0/0,1/174/340,50000,1689,1,1194,28,1339,3000,118,5721,816,9,2.8,23,9,0.8,0.3966,3311,4.8e+63,5428,1.86e+64/7.83e+65,1/116,1/238/339,50000,1689,1
abl2-f1m2,LP_340_56_8.card-mto,9,Z,7,5,1,NONE,,4535,7329,242535,22,5309,4255,5587455,4329,825,147,517,3528,240,4282,206,5,2.7,8,8,0.8,0.4,3916,112000.0,3912,3.12e+05/3.59e+07,0/0,1/192/340,50000,1084,1,1454,412,3486,3000,90,5721,549,8,2.7,30,8,0.8,0.3955,3916,112000.0,5267,3.12e+05/3.59e+07,1/117,1/250/340,50000,1084,1
abl2-f1m2,LP_340_56_8.no-card,0,X,1,1,1,NONE,,1,0,0,1,1,1,2391,0,0,0,0,0,0,2589,208,2,2.0,0,0,0.8,0.4,5000,1,2589,0/0,0/0,0/0/0,50000,0,0,0,0,0,0,0,2589,208,2,2.0,0,0,0.8,0.4,4999,1,2589,0.2/78.2,0/0,0.4/128/319,50000,0,0
abl2-f1m2,LP_340_56_8.no-card,1,Z,1,1,1,NONE,,1,0,0,1,1,1,2331,0,0,0,0,0,0,2589,206,2,2.0,0,0,0.8,0.4,5000,1,2589,0/0,0/0,0/0/0,50000,0,0,0,0,0,0,0,2589,206,2,2.0,0,0,0.8,0.4,4999,1,2589,0.2/78,0/0,0.4/126/316,50000,0,0
abl2-f1m2,LP_340_56_8.no-card,2,X,2,2,1,NONE,,237,874,45681,3,45,44,39476,93,0,0,0,0,0,2589,208,2,2.0,0,0,0.8,0.4,5000,1,2589,0/0,0/0,0/0/0,50000,0,0,0,0,0,0,0,2589,208,3,2.0,2,3,0.8,0.4,4763,7.43e+22,2537,3.6e+23/1.24e+25,0/0,0.998/299/339,50000,236,0
abl2-f1m2,LP_340_56_8.no-card,3,Z,2,2,1,NONE,,237,1548,44315,1,31,31,24716,73,0,0,0,0,0,2589,206,2,2.0,0,0,0.8,0.4,5000,1,2589,0/0,0/0,0/0/0,50000,0,0,0,0,0,0,0,2589,206,3,2.0,2,3,0.8,0.4,4763,7.43e+22,2514,3.22e+23/6.83e+24,0/0,0.996/322/338,50000,236,0
abl2-f1m2,LP_340_56_8.no-card,4,X,4,3,1,NONE,,1353,3657,126253,19,1118,987,1085407,1067,0,0,0,0,0,2589,208,2,2.0,0,0,0.8,0.4,5000,1,2589,0/0,0/0,0/0/0,50000,0,0,0,0,0,0,0,2589,208,5,2.4,9,5,0.8,0.4,3647,1.05e+31,2460,5.54e+31/2.77e+33,0/0,1/291/339,50000,1352,0
abl2-f1m2,LP_340_56_8.no-card,5,Z,4,3,1,NONE,,1455,4365,127475,20,1173,1113,890413,1194,0,0,0,0,0,2589,206,2,2.0,0,0,0.8,0.4,5000,1,2589,0/0,0/0,0/0/0,50000,0,0,0,0,0,0,0,2589,206,4,2.8,9,4,0.8,0.4,3545,8.08e+40,2496,3.88e+41/3.61e+43,0/0,1/236/340,50000,1454,0
abl2-f1m2,LP_340_56_8.no-card,6,X,8,5,1,FOUND,8,870,1712,70646,7,755,664,716500,691,0,0,0,0,0,2589,208,2,2.0,0,0,0.8,0.4,5000,1,2589,0/0,0/0,0/0/0,50000,0,0,1117,501,600,0,235,2589,210,2,2.1,4,9,0.8,0.4,4130,2.05e+84,2219,1.01e+85/6.42e+86,0/0,1/145/340,50000,870,1
abl2-f1m2,LP_340_56_8.no-card,7,Z,8,5,1,FOUND,8,1582,2948,61906,11,1364,1253,976569,1362,0,0,0,0,0,2589,206,2,2.0,0,0,0.8,0.4,5000,1,2589,0/0,0/0,0/0/0,50000,0,0,1192,860,1221,0,157,2589,207,4,2.9,10,8,0.8,0.4,3418,2.05e+53,2318,1.15e+54/1.17e+56,0/0,0.999/163/340,50000,1582,1
abl2-f1m2,LP_340_56_8.no-card,8,X,7,5,1,NONE,,3263,5635,161611,16,3508,2897,2892197,2972,1117,501,600,0,235,2589,210,2,2.1,4,9,0.8,0.4,4130,2.05e+84,2219,1.01e+85/6.42e+86,0/0,1/145/340,50000,870,1,462,2,1431,0,169,2589,296,8,2.7,24,8,0.8,0.3967,4130,2.05e+84,2378,1.01e+85/6.42e+86,1/203,1/292/338,50000,870,1
abl2-f1m2,LP_340_56_8.no-card,9,Z,7,5,1,NONE,,5629,9912,296677,29,6384,5156,6665457,5265,1192,860,1221,0,157,2589,207,4,2.9,10,8,0.8,0.4,3418,2.05e+53,2318,1.15e+54/1.17e+56,0/0,0.999/163/340,50000,1582,1,1556,418,5114,0,102,2589,369,8,2.9,48,8,0.8,0.3944,3418,2.05e+53,2476,1.15e+54/1.17e+56,1/140,0.999/303/339,50000,1582,1
abl2-f1m2,LP_442_68_10.card-mto,0,X,1,1,1,NONE,,5,5,3614,1,1,0,2301,0,0,0,0,0,0,3558,265,2,2.0,0,0,0.8,0.4,5000,1,3558,0/0,0/0,0/0/0,50000,0,0,0,0,0,0,0,3999,265,1,2.0,0,0,0.8,0.4,4995,2.44,3790,8.75/1.83e+03,0/0,0.4/87.2/218,50000,4,0
abl2-f1m2,LP_442_68_10.card-mto,1,Z,1,1,1,NONE,,3,3,3672,1,1,0,2298,0,0,0,0,0,0,3558,263,2,2.0,0,0,0.8,0.4,5000,1,3558,0/0,0/0,0/0/0,50000,0,0,0,0,0,0,0,3999,263,1,2.0,0,0,0.8,0.4,4997,1.56,3782,3.48/605,0/0,0.4/74.4/186,50000,2,0
abl2-f1m2,LP_442_68_10.card-mto,2,X,2,2,1,NONE,,341,1650,162986,4,0,0,0,11,0,0,0,0,0,3558,265,2,2.0,0,0,0.8,0.4,5000,1,3558,0/0,0/0,0/0/0,50000,0,0,0,0,0,0,0,4881,265,0,2.0,0,0,0.8,0.4,4659,8.9e+32,4785,4.44e+33/1.62e+36,0/0,0/0/0,50000,340,0
abl2-f1m2,LP_442_68_10.card-mto,3,Z,2,2,1,NONE,,265,950,125825,3,0,0,0,6,0,0,0,0,0,3558,263,2,2.0,0,0,0.8,0.4,5000,1,3558,0/0,0/0,0/0/0,50000,0,0,0,0,0,0,0,4881,263,0,2.0,0,0,0.8,0.4,4735,3.84e+25,4846,2.1e+26/6.64e+28,0/0,0/0/0,50000,264,0
abl2-f1m2,LP_442_68_10.card-mto,4,X,4,3,1,NONE,,878,3077,147578,9,565,522,523139,561,0,0,0,0,0,3558,265,2,2.0,0,0,0.8,0.4,5000,1,3558,0/0,0/0,0/0/0,50000,0,0,0,0,0,0,0,5391,265,5,2.3,7,5,0.8,0.4,4122,9.77e+84,5231,5.1e+85/3.11e+87,0/0,1/415/442,50000,877,0
abl2-f1m2,LP_442_68_10.card-mto,5,Z,4,3,1,NONE,,1021,2655,138452,13,745,696,746138,721,0,0,0,0,0,3558,263,2,2.0,0,0,0.8,0.4,5000,1,3558,0/0,0/0,0/0/0,50000,0,0,0,0,0,0,0,5391,263,5,2.5,7,5,0.8,0.4,3979,7.05e+98,5219,3.72e+99/2.58e+101,0/0,1/369/442,50000,1020,0
abl2-f1m2,LP_442_68_10.card-mto,6,X,8,5,1,NONE,,7210,15410,461524,60,8244,6655,11817140,6777,0,0,0,0,0,3558,265,2,2.0,0,0,0.8,0.4,5000,1,3558,0/0,0/0,0/0/0,50000,0,0,0,0,0,0,0,5645,265,9,2.7,54,9,0.81,0.4,2790,5.03e+86,5024,2.5e+87/1.11e+89,0/0,1/327/442,50000,7209,0
abl2-f1m2,LP_442_68_10.card-mto,7,Z,8,5,1,NONE,,14991,31170,868227,131,17174,14248,24619094,14409,0,0,0,0,0,3558,263,2,2.0,0,0,0.8,0.4,5000,1,3558,0/0,0/0,0/0/0,50000,0,0,0,0,0,0,0,5645,263,10,2.9,109,10,0.82,0.395,4997,2.36e+42,5271,1.16e+43/1.01e+45,0.953/194,1/420/442,50000,10003,0
abl2-f1m2,LP_442_68_10.card-mto,8,X,16,9,1,FOUND,16,34090,49323,1773927,85,37084,27567,39509371,27647,0,0,0,0,0,3558,265,2,2.0,0,0,0.8,0.4,5000,1,3558,0/0,0/0,0/0/0,50000,0,0,2319,1893,15053,4758,258,5771,362,9,3.9,225,17,0.82,0.3759,5000,1.3e+42,5213,7.66e+42/5.75e+44,0.968/172,1/292/442,50000,10000,1
abl2-f1m2,LP_442_68_10.card-mto,9,Z,16,9,1,FOUND,16,27311,44709,1284333,149,32576,26745,47805579,26903,0,0,0,0,0,3558,263,2,2.0,0,0,0.8,0.4,5000,1,3558,0/0,0/0,0/0/0,50000,0,0,1549,38,18878,4758,172,5771,263,6,3.2,202,17,0.82,0.3827,4999,1.59e+42,5563,1.02e+43/2.11e+45,0.987/213,0.998/279/442,50000,10001,1
abl2-f1m2,LP_442_68_10.card-mto,10,X,15,9,1,FOUND,14,83658,124371,3716353,186,102053,82724,139089926,82986,2319,1893,15053,4758,258,5771,362,9,3.9,225,17,0.82,0.3759,5000,1.3e+42,5213,7.66e+42/5.75e+44,0.968/172,1/292/442,50000,10000,1,8094,6489,25408,4473,58,7858,363,1,3.5,670,16,0.82,0.2923,5000,1.3e+42,7624,7.66e+42/5.75e+44,1/252,0.997/267/441,50000,10000,1
abl2-f1m2,LP_442_68_10.card-mto,11,Z,13,9,1,FOUND,12,44746,68767,1977606,127,54204,44249,72847367,44397,1549,38,18878,4758,172,5771,263,6,3.2,202,17,0.82,0.3827,4999,1.59e+42,5563,1.02e+43/2.11e+45,0.987/213,0.998/279/442,50000,10001,1,6587,4591,17595,4474,82,7858,265,1,3.1,379,14,0.82,0.3379,4999,1.59e+42,7227,1.02e+43/2.11e+45,1/265,1/136/441,50000,10001,1
abl2-f1m2,LP_442_68_10.card-mto,12,Z,12,9,0,OPT,10,24294,44613,1148528,64,28726,23344,38625893,23613,6587,4591,17595,4474,82,7858,265,1,3.1,379,14,0.82,0.3379,4999,1.59e+42,7227,1.02e+43/2.11e+45,1/265,1/136/441,50000,10001,1,437,24,266,4459,0,12020,1450,10,3.5,163,10,0.82,0.3137,4999,1.59e+42,9482,1.02e+43/2.11e+45,1/208,1/320/440,50000,10001,1
abl2-f1m2,LP_442_68_10.card-mto,13,X,10,9,0,OPT,10,14239,26524,820691,48,17265,13590,23042041,13781,8094,6489,25408,4473,58,7858,363,1,3.5,670,16,0.82,0.2923,5000,1.3e+42,7624,7.66e+42/5.75e+44,1/252,0.997/267/441,50000,10000,1,4298,1037,5438,4443,136,12017,994,11,3.4,60,11,0.82,0.278,5000,1.3e+42,9377,7.66e+42/5.75e+44,1/221,1/336/440,50000,10000,1
abl2-f1m2,LP_442_68_10.no-card,0,X,1,1,1,NONE,,42,224,8663,1,1,0,2301,17,0,0,0,0,0,3558,265,2,2.0,0,0,0.8,0.4,5000,1,3558,0/0,0/0,0/0/0,50000,0,0,0,0,0,0,0,3558,265,0,2.0,0,0,0.8,0.4,4958,9400.0,3522,2.48e+04/6.9e+05,0/0,0.4/87.2/218,50000,41,0
abl2-f1m2,LP_442_68_10.no-card,1,Z,1,1,1,NONE,,14,37,5217,1,1,0,2298,5,0,0,0,0,0,3558,263,2,2.0,0,0,0.8,0.4,5000,1,3558,0/0,0/0,0/0/0,50000,0,0,0,0,0,0,0,3558,263,0,2.0,0,0,0.8,0.4,4986,18.2,3355,62.5/8.05e+03,0/0,0.4/74.4/186,50000,13,0
abl2-f1m2,LP_442_68_10.no-card,2,X,2,2,1,NONE,,344,1558,89418,6,70,69,56567,114,0,0,0,0,0,3558,265,2,2.0,0,0,0.8,0.4,5000,1,3558,0/0,0/0,0/0/0,50000,0,0,0,0,0,0,0,3558,265,3,2.1,3,3,0.8,0.4,4656,1.74e+33,3458,9.11e+33/3.31e+35,0/0,0.994/417/440,50000,343,0
abl2-f1m2,LP_442_68_10.no-card,3,Z,2,2,1,NONE,,287,2011,74886,3,48,45,46905,82,0,0,0,0,0,3558,263,2,2.0,0,0,0.8,0.4,5000,1,3558,0/0,0/0,0/0/0,50000,0,0,0,0,0,0,0,3558,263,3,2.0,2,3,0.8,0.4,4713,5.2e+27,3513,2.39e+28/9.1e+29,0/0,0.98/351/439,50000,286,0
abl2-f1m2,LP_442_68_10.no-card,4,X,4,3,1,NONE,,885,2917,118974,11,654,608,697262,658,0,0,0,0,0,3558,265,2,2.0,0,0,0.8,0.4,5000,1,3558,0/0,0/0,0/0/0,50000,0,0,0,0,0,0,0,3558,265,5,2.4,7,5,0.8,0.4,4115,4.66e+85,3477,2.64e+86/1.03e+88,0/0,1/322/441,50000,884,0
abl2-f1m2,LP_442_68_10.no-card,5,Z,4,3,1,NONE,,1856,4933,172403,24,1542,1512,1211136,1572,0,0,0,0,0,3558,263,2,2.0,0,0,0.8,0.4,5000,1,3558,0/0,0/0,0/0/0,50000,0,0,0,0,0,0,0,3558,263,4,3.0,11,4,0.8,0.4,3144,5.86e+79,3419,2.95e+80/1.25e+82,0/0,1/430/442,50000,1855,0
abl2-f1m2,LP_442_68_10.no-card,6,X,8,5,1,NONE,,6460,13376,375796,54,7503,6089,10464313,6172,0,0,0,0,0,3558,265,2,2.0,0,0,0.8,0.4,5000,1,3558,0/0,0/0,0/0/0,50000,0,0,0,0,0,0,0,3558,265,9,2.9,52,10,0.81,0.4,3540,1.16e+18,3327,6.71e+18/4.21e+20,0/0,1/362/442,50000,6459,0
abl2-f1m2,LP_442_68_10.no-card,7,Z,8,5,1,NONE,,15871,31421,868131,130,18483,15276,27765518,15459,0,0,0,0,0,3558,263,2,2.0,0,0,0.8,0.4,5000,1,3558,0/0,0/0,0/0/0,50000,0,0,0,0,0,0,0,3558,263,9,2.7,117,9,0.82,0.3941,4988,1.41e+43,3450,7.11e+43/7.68e+45,0.932/163,1/367/442,50000,10012,0
abl2-f1m2,LP_442_68_10.no-card,8,X,16,9,1,FOUND,16,9509,17558,392638,78,10889,9254,15371663,9286,0,0,0,0,0,3558,265,2,2.0,0,0,0.8,0.4,5000,1,3558,0/0,0/0,0/0/0,50000,0,0,671,629,8953,0,293,3558,268,7,2.8,79,18,0.81,0.4,491,1.53e+97,2954,6.84e+97/7.08e+99,0/0,1/257/442,50000,9509,1
abl2-f1m2,LP_442_68_10.no-card,9,Z,16,9,1,FOUND,14,14118,26620,547395,107,16151,13802,22045371,13846,0,0,0,0,0,3558,263,2,2.0,0,0,0.8,0.4,5000,1,3558,0/0,0/0,0/0/0,50000,0,0,775,1934,13585,0,173,3558,264,2,3.3,114,19,0.82,0.3959,4984,3.11e+43,3268,2.17e+44/3.31e+46,1/196,1/243/442,50000,10016,1
abl2-f1m2,LP_442_68_10.no-card,10,Z,14,9,0,OPT,10,29906,46934,1539796,104,35986,28984,51759507,29298,775,1934,13585,0,173,3558,264,2,3.3,114,19,0.82,0.3959,4984,3.11e+43,3268,2.17e+44/3.31e+46,1/196,1/243/442,50000,10016,1,2059,1672,6304,0,146,3558,564,11,4.0,155,11,0.82,0.366,4984,3.11e+43,3317,2.17e+44/3.31e+46,1/240,1/381/441,50000,10016,1
abl2-f1m2,LP_442_68_10.no-card,11,X,10,9,0,OPT,10,14190,22558,821273,61,17028,13429,24229548,13631,671,629,8953,0,293,3558,268,7,2.8,79,18,0.81,0.4,491,1.53e+97,2954,6.84e+97/7.08e+99,0/0,1/257/442,50000,9509,1,2362,1166,3039,0,115,3558,805,10,3.7,85,10,0.81,0.3858,491,1.53e+97,3227,6.84e+97/7.08e+99,1/260,1/352/441,50000,9509,1
abl2-f1m2,TN_144_2_13.no-card,0,X,1,1,1,NONE,,9,27,1100,1,1,0,526,2,0,0,0,0,0,791,78,2,2.0,0,0,0.8,0.4,5000,1,791,0/0,0/0,0/0/0,50000,0,0,0,0,0,0,0,791,78,0,2.0,0,0,0.8,0.4,4991,5.96,764,18.2/372,0/0,0.4/33.2/83,50000,8,0
abl2-f1m2,TN_144_2_13.no-card,1,Z,1,1,1,NONE,,4,3,513,1,1,0,777,0,0,0,0,0,0,817,78,2,2.0,0,0,0.8,0.4,5000,1,817,0/0,0/0,0/0/0,50000,0,0,0,0,0,0,0,817,78,0,2.0,0,0,0.8,0.4,4996,1.95,774,5.82/88,0/0,0.4/24.8/62,50000,3,0
abl2-f1m2,TN_144_2_13.no-card,2,X,2,2,1,NONE,,267,705,21828,2,14,14,4465,30,0,0,0,0,0,791,78,2,2.0,0,0,0.8,0.4,5000,1,791,0/0,0/0,0/0/0,50000,0,0,0,0,0,0,0,791,78,2,2.1,1,2,0.8,0.4,4733,6e+25,732,1.92e+26/7.34e+27,0/0,0.953/128/142,50000,266,0
abl2-f1m2,TN_144_2_13.no-card,3,Z,2,2,1,NONE,,198,492,18252,1,2,2,495,35,0,0,0,0,0,817,78,2,2.0,0,0,0.8,0.4,5000,1,817,0/0,0/0,0/0/0,50000,0,0,0,0,0,0,0,817,78,2,2.1,1,2,0.8,0.4,4802,1.23e+19,757,6.99e+19/1.15e+21,0/0,0.64/27.8/69,50000,197,0
abl2-f1m2,TN_144_2_13.no-card,4,X,4,3,1,NONE,,662,1271,28270,7,436,393,131939,420,0,0,0,0,0,791,78,2,2.0,0,0,0.8,0.4,5000,1,791,0/0,0/0,0/0/0,50000,0,0,0,0,0,0,0,791,78,5,2.2,5,5,0.8,0.4,4338,1.14e+64,702,5.39e+64/3.83e+66,0/0,1/119/144,50000,661,0
abl2-f1m2,TN_144_2_13.no-card,5,Z,4,3,1,NONE,,916,1544,37894,7,614,602,131078,650,0,0,0,0,0,817,78,2,2.0,0,0,0.8,0.4,5000,1,817,0/0,0/0,0/0/0,50000,0,0,0,0,0,0,0,817,78,4,2.6,7,4,0.8,0.4,4084,4.71e+88,775,2.35e+89/1.17e+91,0/0,1/109/144,50000,915,0
abl2-f1m2,TN_144_2_13.no-card,6,X,8,5,1,NONE,,14077,18633,364772,86,17192,13175,6363866,13312,0,0,0,0,0,791,78,2,2.0,0,0,0.8,0.4,5000,1,791,0/0,0/0,0/0/0,50000,0,0,0,0,0,0,0,791,78,9,3.4,96,9,0.82,0.3959,4997,2.36e+42,715,1.34e+43/4.27e+44,0.98/95.6,1/103/144,50000,10003,0
abl2-f1m2,TN_144_2_13.no-card,7,Z,8,5,1,NONE,,13354,17593,353775,85,16500,12469,6297471,12614,0,0,0,0,0,817,78,2,2.0,0,0,0.8,0.4,5000,1,817,0/0,0/0,0/0/0,50000,0,0,0,0,0,0,0,817,78,9,3.8,106,9,0.82,0.3966,4999,1.59e+42,741,9.63e+42/5.47e+44,0.994/101,1/116/144,50000,10001,0
abl2-f1m2,TN_144_2_13.no-card,8,X,16,9,1,FOUND,16,16,19,998,1,0,0,0,0,0,0,0,0,0,791,78,2,2.0,0,0,0.8,0.4,5000,1,791,0/0,0/0,0/0/0,50000,0,0,16,0,0,0,0,791,78,0,2.0,0,0,0.8,0.4,4984,35.5,726,207/8.21e+03,0/0,0/0/0,50000,16,1
abl2-f1m2,TN_144_2_13.no-card,9,Z,16,9,1,FOUND,16,19,28,786,1,0,0,0,0,0,0,0,0,0,817,78,2,2.0,0,0,0.8,0.4,5000,1,817,0/0,0/0,0/0/0,50000,0,0,19,0,0,0,0,817,78,0,2.0,0,0,0.8,0.4,4981,69.4,780,304/9.52e+03,0/0,0/0/0,50000,19,1
abl2-f1m2,TN_144_2_13.no-card,10,X,15,9,1,FOUND,15,534394,597123,11998355,1086,742284,525894,277876724,526756,16,0,0,0,0,791,78,0,2.0,0,0,0.8,0.4,4984,35.5,726,207/8.21e+03,0/0,0/0/0,50000,16,1,14783,4389,23737,0,40,791,84,7,6.4,3728,16,0.8,0.06,4984,35.5,662,207/8.21e+03,1/46.3,0.939/112/144,50000,16,1
abl2-f1m2,TN_144_2_13.no-card,11,Z,14,9,1,FOUND,14,598397,667304,13655215,1276,836459,587408,307239764,588646,19,0,0,0,0,817,78,0,2.0,0,0,0.8,0.4,4981,69.4,780,304/9.52e+03,0/0,0/0/0,50000,19,1,18408,5822,27875,0,27,817,84,7,5.6,4131,15,0.8,0.06,4981,69.4,689,304/9.52e+03,1/48,0.946/113/144,50000,19,1
abl2-f1m2,TN_144_2_13.no-card,12,Z,14,9,0,OPT,13,236352,261282,5230777,512,326545,231049,115256124,231851,18408,5822,27875,0,27,817,84,7,5.6,4131,15,0.8,0.06,4981,69.4,689,304/9.52e+03,1/48,0.946/113/144,50000,19,1,27120,2278,22658,0,46,817,177,13,4.5,612,13,0.8,0.06,4981,69.4,686,304/9.52e+03,1/45.9,0.991/121/142,50000,19,1
abl2-f1m2,TN_144_2_13.no-card,13,X,13,9,0,OPT,13,237935,263700,5681091,541,329278,232792,124136463,233475,14783,4389,23737,0,40,791,84,7,6.4,3728,16,0.8,0.06,4984,35.5,662,207/8.21e+03,1/46.3,0.939/112/144,50000,16,1,11418,1627,1939,0,43,791,101,15,6.3,1348,15,0.8,0.06,4984,35.5,672,207/8.21e+03,1/43.1,0.995/120/143,50000,16,1
abl2-f1m4,GB_144_12_12.card-mto,0,X,1,1,1,NONE,,0,0,99,1,0,0,0,0,0,0,0,0,0,1006,78,2,2.0,0,0,0.8,0.4,5000,1,1005,0/0,0/0,0/0/0,50000,0,0,0,0,0,0,0,1006,78,2,2.0,0,0,0.8,0.4,5000,1,1005,0/0,0/0,0/0/0,50000,0,0
abl2-f1m4,GB_144_12_12.card-mto,1,Z,1,1,1,NONE,,0,0,95,1,0,0,0,0,0,0,0,0,0,1017,78,2,2.0,0,0,0.8,0.4,5000,1,1016,0/0,0/0,0/0/0,50000,0,0,0,0,0,0,0,1017,78,2,2.0,0,0,0.8,0.4,5000,1,1016,0/0,0/0,0/0/0,50000,0,0
abl2-f1m4,GB_144_12_12.card-mto,2,X,2,2,1,NONE,,7,18,1589,1,1,0,432,0,0,0,0,0,0,1006,78,2,2.0,0,0,0.8,0.4,5000,1,1005,0/0,0/0,0/0/0,50000,0,0,0,0,0,0,0,1148,78,0,2.0,0,0,0.8,0.4,4993,3.81,980,13.2/565,0/0,0.4/36/90,50000,6,0
abl2-f1m4,GB_144_12_12.card-mto,3,Z,2,2,1,NONE,,4,5,885,1,1,0,437,0,0,0,0,0,0,1017,78,2,2.0,0,0,0.8,0.4,5000,1,1016,0/0,0/0,0/0/0,50000,0,0,0,0,0,0,0,1159,78,0,2.0,0,0,0.8,0.4,4996,1.95,1080,4.22/153,0/0,0.4/36.8/92,50000,3,0
abl2-f1m4,GB_144_12_12.card-mto,4,X,4,3,1,NONE,,349,701,71611,1,9,9,3958,19,0,0,0,0,0,1006,78,2,2.0,0,0,0.8,0.4,5000,1,1005,0/0,0/0,0/0/0,50000,0,0,0,0,0,0,0,1432,78,3,2.0,1,3,0.8,0.4,4651,5.3e+33,1243,2.42e+34/1.83e+36,0/0,0.953/95.9/136,50000,348,0
abl2-f1m4,GB_144_12_12.card-mto,5,Z,4,3,1,NONE,,407,857,80051,4,8,7,3393,16,0,0,0,0,0,1017,78,2,2.0,0,0,0.8,0.4,5000,1,1016,0/0,0/0,0/0/0,50000,0,0,0,0,0,0,0,1443,78,3,2.0,1,3,0.8,0.4,4593,2.22e+39,1314,7.77e+39/1.06e+42,0/0,0.922/84.6/139,50000,406,0
abl2-f1m4,GB_144_12_12.card-mto,6,X,8,5,1,NONE,,3843,5823,72828,36,3956,3488,1184586,3520,0,0,0,0,0,1006,78,2,2.0,0,0,0.8,0.4,5000,1,1005,0/0,0/0,0/0/0,50000,0,0,0,0,0,0,0,1588,78,8,4.6,29,8,0.8,0.4,1157,2.13e+72,1401,9.82e+72/2.61e+74,0/0,1/131/143,50000,3842,0
abl2-f1m4,GB_144_12_12.card-mto,7,Z,8,5,1,NONE,,3229,5123,98207,32,3405,2816,1132014,2854,0,0,0,0,0,1017,78,2,2.0,0,0,0.8,0.4,5000,1,1016,0/0,0/0,0/0/0,50000,0,0,0,0,0,0,0,1599,78,8,3.4,18,8,0.8,0.4,1771,6690000000000.0,1397,3.9e+13/1.45e+15,0/0,1/122/143,50000,3228,0
abl2-f1m4,GB_144_12_12.card-mto,8,X,16,9,1,FOUND,15,70725,84686,1577325,263,94840,69491,33174517,69574,0,0,0,0,0,1006,78,2,2.0,0,0,0.8,0.4,5000,1,1005,0/0,0/0,0/0/0,50000,0,0,1842,1718,24017,1421,62,1680,78,1,6.1,513,16,0.82,0.3393,4987,1.72e+43,1449,1.01e+44/4.9e+45,0.988/123,0.992/51.4/143,50000,10013,1
abl2-f1m4,GB_144_12_12.card-mto,9,Z,16,9,1,FOUND,16,302781,345513,6706284,774,415639,299161,145597670,299595,0,0,0,0,0,1017,78,2,2.0,0,0,0.8,0.4,5000,1,1016,0/0,0/0,0/0/0,50000,0,0,11224,6793,16930,1421,71,1691,78,7,6.1,2126,16,0.82,0.1072,4978,1.02e+44,1457,5.72e+44/2.77e+46,0.987/73.7,0.926/111/143,50000,10022,1
abl2-f1m4,GB_144_12_12.card-mto,10,X,15,9,0,OPT,12,487559,549650,10518328,953,667544,481083,232006787,481946,1842,1718,24017,1421,62,1680,78,1,6.1,513,16,0.82,0.3393,4987,1.72e+43,1449,1.01e+44/4.9e+45,0.988/123,0.992/51.4/143,50000,10013,1,9405,626,870,1411,32,3021,120,13,5.2,153,13,0.8,0.06,5000,1,2063,0/0,1/34.6,0.984/124/143,50000,10013,1
abl2-f1m4,GB_144_12_12.card-mto,11,Z,12,9,0,OPT,12,68346,78129,1475120,160,92830,67289,32582235,67458,11224,6793,16930,1421,71,1691,78,7,6.1,2126,16,0.82,0.1072,4978,1.02e+44,1457,5.72e+44/2.77e+46,0.987/73.7,0.926/111/143,50000,10022,1,24915,3669,21085,1399,33,3025,99,15,6.7,118,15,0.8,0.3317,5000,1,2049,0/0,1/123,0.998/120/143,50000,10022,1
abl2-f1m4,LP_340_56_8.card-mto,0,X,1,1,1,NONE,,1,0,0,1,1,1,2391,0,0,0,0,0,0,2589,208,2,2.0,0,0,0.8,0.4,5000,1,2589,0/0,0/0,0/0/0,50000,0,0,0,0,0,0,0,2928,208,2,2.0,0,0,0.8,0.4,4999,1,2589,0.2/78.2,0/0,0.4/128/319,50000,0,0
abl2-f1m4,LP_340_56_8.card-mto,1,Z,1,1,1,NONE,,1,0,0,1,1,1,2331,0,0,0,0,0,0,2589,206,2,2.0,0,0,0.8,0.4,5000,1,2589,0/0,0/0,0/0/0,50000,0,0,0,0,0,0,0,2928,206,2,2.0,0,0,0.8,0.4,4999,1,2589,0.2/78,0/0,0.4/126/316,50000,0,0
abl2-f1m4,LP_340_56_8.card-mto,2,X,2,2,1,NONE,,275,1088,83131,3,0,0,0,6,0,0,0,0,0,2589,208,2,2.0,0,0,0.8,0.4,5000,1,2589,0/0,0/0,0/0/0,50000,0,0,0,0,0,0,0,3606,208,0,2.0,0,0,0.8,0.4,4725,3.58e+26,3554,1.54e+27/4.68e+29,0/0,0/0/0,50000,274,0
abl2-f1m4,LP_340_56_8.card-mto,3,Z,2,2,1,NONE,,193,489,71922,2,0,0,0,4,0,0,0,0,0,2589,206,2,2.0,0,0,0.8,0.4,5000,1,2589,0/0,0/0,0/0/0,50000,0,0,0,0,0,0,0,3606,206,0,2.0,0,0,0.8,0.4,4807,4.04e+18,3422,1.77e+19/9.42e+20,0/0,0/0/0,50000,192,0
abl2-f1m4,LP_340_56_8.card-mto,4,X,4,3,1,NONE,,1986,4847,157529,24,1424,1398,806460,1488,0,0,0,0,0,2589,208,2,2.0,0,0,0.8,0.4,5000,1,2589,0/0,0/0,0/0/0,50000,0,0,0,0,0,0,0,4028,208,4,2.6,6,4,0.8,0.4,3014,2.32e+92,3756,1.36e+93/4.63e+94,0/0,1/324/340,50000,1985,0
abl2-f1m4,LP_340_56_8.card-mto,5,Z,4,3,1,NONE,,1359,3509,121368,18,1075,979,945030,1037,0,0,0,0,0,2589,206,2,2.0,0,0,0.8,0.4,5000,1,2589,0/0,0/0,0/0/0,50000,0,0,0,0,0,0,0,4028,206,5,2.5,9,5,0.8,0.4,3641,4.02e+31,3841,1.99e+32/2.03e+34,0/0,1/299/340,50000,1358,0
abl2-f1m4,LP_340_56_8.card-mto,6,X,8,5,1,FOUND,8,1689,3777,224151,11,932,853,672313,875,0,0,0,0,0,2589,208,2,2.0,0,0,0.8,0.4,5000,1,2589,0/0,0/0,0/0/0,50000,0,0,941,302,959,3528,257,4282,434,5,2.6,7,9,0.8,0.4,3311,4.8e+63,3916,1.86e+64/7.83e+65,0/0,1/174/340,50000,1689,1
abl2-f1m4,LP_340_56_8.card-mto,7,Z,8,5,1,FOUND,8,1084,2264,98594,4,754,728,318167,758,0,0,0,0,0,2589,206,2,2.0,0,0,0.8,0.4,5000,1,2589,0/0,0/0,0/0/0,50000,0,0,825,147,517,3528,240,4282,206,5,2.7,8,8,0.8,0.4,3916,112000.0,3912,3.12e+05/3.59e+07,0/0,1/192/340,50000,1084,1
abl2-f1m4,LP_340_56_8.card-mto,8,X,7,5,1,NONE,,2707,4036,164992,15,3301,2498,3657034,2552,941,302,959,3528,257,4282,434,5,2.6,7,9,0.8,0.4,3311,4.8e+63,3916,1.86e+64/7.83e+65,0/0,1/174/340,50000,1689,1,1511,158,3073,3000,127,5721,600,8,3.1,15,8,0.8,0.3973,5000,1,5359,0/0,0.998/156,1/276/340,50000,1689,1
abl2-f1m4,LP_340_56_8.card-mto,9,Z,7,5,1,NONE,,4809,7576,279445,25,5660,4536,6032836,4599,825,147,517,3528,240,4282,206,5,2.7,8,8,0.8,0.4,3916,112000.0,3912,3.12e+05/3.59e+07,0/0,1/192/340,50000,1084,1,1228,507,3699,3000,87,5721,436,8,3.0,37,8,0.8,0.3952,5000,1,5310,0/0,1/187,1/265/340,50000,1084,1
abl2-f1m4,LP_340_56_8.no-card,0,X,1,1,1,NONE,,1,0,0,1,1,1,2391,0,0,0,0,0,0,2589,208,2,2.0,0,0,0.8,0.4,5000,1,2589,0/0,0/0,0/0/0,50000,0,0,0,0,0,0,0,2589,208,2,2.0,0,0,0.8,0.4,4999,1,2589,0.2/78.2,0/0,0.4/128/319,50000,0,0
abl2-f1m4,LP_340_56_8.no-card,1,Z,1,1,1,NONE,,1,0,0,1,1,1,2331,0,0,0,0,0,0,2589,206,2,2.0,0,0,0.8,0.4,5000,1,2589,0/0,0/0,0/0/0,50000,0,0,0,0,0,0,0,2589,206,2,2.0,0,0,0.8,0.4,4999,1,2589,0.2/78,0/0,0.4/126/316,50000,0,0
abl2-f1m4,LP_340_56_8.no-card,2,X,2,2,1,NONE,,237,874,45681,3,45,44,39476,93,0,0,0,0,0,2589,208,2,2.0,0,0,0.8,0.4,5000,1,2589,0/0,0/0,0/0/0,50000,0,0,0,0,0,0,0,2589,208,3,2.0,2,3,0.8,0.4,4763,7.43e+22,2537,3.6e+23/1.24e+25,0/0,0.998/299/339,50000,236,0
abl2-f1m4,LP_340_56_8.no-card,3,Z,2,2,1,NONE,,237,1548,44315,1,31,31,24716,73,0,0,0,0,0,2589,206,2,2.0,0,0,0.8,0.4,5000,1,2589,0/0,0/0,0/0/0,50000,0,0,0,0,0,0,0,2589,206,3,2.0,2,3,0.8,0.4,4763,7.43e+22,2514,3.22e+23/6.83e+24,0/0,0.996/322/338,50000,236,0
abl2-f1m4,LP_340_56_8.no-card,4,X,4,3,1,NONE,,1353,3657,126253,19,1118,987,1085407,1067,0,0,0,0,0,2589,208,2,2.0,0,0,0.8,0.4,5000,1,2589,0/0,0/0,0/0/0,50000,0,0,0,0,0,0,0,2589,208,5,2.4,9,5,0.8,0.4,3647,1.05e+31,2460,5.54e+31/2.77e+33,0/0,1/291/339,50000,1352,0
abl2-f1m4,LP_340_56_8.no-card,5,Z,4,3,1,NONE,,1455,4365,127475,20,1173,1113,890413,1194,0,0,0,0,0,2589,206,2,2.0,0,0,0.8,0.4,5000,1,2589,0/0,0/0,0/0/0,50000,0,0,0,0,0,0,0,2589,206,4,2.8,9,4,0.8,0.4,3545,8.08e+40,2496,3.88e+41/3.61e+43,0/0,1/236/340,50000,1454,0
abl2-f1m4,LP_340_56_8.no-card,6,X,8,5,1,FOUND,8,870,1712,70646,7,755,664,716500,691,0,0,0,0,0,2589,208,2,2.0,0,0,0.8,0.4,5000,1,2589,0/0,0/0,0/0/0,50000,0,0,1117,501,600,0,235,2589,210,2,2.1,4,9,0.8,0.4,4130,2.05e+84,2219,1.01e+85/6.42e+86,0/0,1/145/340,50000,870,1
abl2-f1m4,LP_340_56_8.no-card,7,Z,8,5,1,FOUND,8,1582,2948,61906,11,1364,1253,976569,1362,0,0,0,0,0,2589,206,2,2.0,0,0,0.8,0.4,5000,1,2589,0/0,0/0,0/0/0,50000,0,0,1192,860,1221,0,157,2589,207,4,2.9,10,8,0.8,0.4,3418,2.05e+53,2318,1.15e+54/1.17e+56,0/0,0.999/163/340,50000,1582,1
abl2-f1m4,LP_340_56_8.no-card,8,X,7,5,1,NONE,,3217,5138,177034,15,3913,3025,4333603,3100,1117,501,600,0,235,2589,210,2,2.1,4,9,0.8,0.4,4130,2.05e+84,2219,1.01e+85/6.42e+86,0/0,1/145/340,50000,870,1,882,425,3610,0,150,2589,703,8,2.7,24,8,0.8,0.3968,5000,1,2412,0/0,0.998/116,1/222/340,50000,870,1
abl2-f1m4,LP_340_56_8.no-card,9,Z,7,5,1,NONE,,3874,6223,163706,20,4709,3744,4969959,3796,1192,860,1221,0,157,2589,207,4,2.9,10,8,0.8,0.4,3418,2.05e+53,2318,1.15e+54/1.17e+56,0/0,0.999/163/340,50000,1582,1,1440,727,4741,0,143,2589,229,9,3.3,33,9,0.8,0.3961,5000,1,2305,0/0,1/203,0.999/276/340,50000,1582,1
abl2-f1m4,LP_442_68_10.card-mto,0,X,1,1,1,NONE,,5,5,3614,1,1,0,2301,0,0,0,0,0,0,3558,265,2,2.0,0,0,0.8,0.4,5000,1,3558,0/0,0/0,0/0/0,50000,0,0,0,0,0,0,0,3999,265,1,2.0,0,0,0.8,0.4,4995,2.44,3790,8.75/1.83e+03,0/0,0.4/87.2/218,50000,4,0
abl2-f1m4,LP_442_68_10.card-mto,1,Z,1,1,1,NONE,,3,3,3672,1,1,0,2298,0,0,0,0,0,0,3558,263,2,2.0,0,0,0.8,0.4,5000,1,3558,0/0,0/0,0/0/0,50000,0,0,0,0,0,0,0,3999,263,1,2.0,0,0,0.8,0.4,4997,1.56,3782,3.48/605,0/0,0.4/74.4/186,50000,2,0
abl2-f1m4,LP_442_68_10.card-mto,2,X,2,2,1,NONE,,341,1650,162986,4,0,0,0,11,0,0,0,0,0,3558,265,2,2.0,0,0,0.8,0.4,5000,1,3558,0/0,0/0,0/0/0,50000,0,0,0,0,0,0,0,4881,265,0,2.0,0,0,0.8,0.4,4659,8.9e+32,4785,4.44e+33/1.62e+36,0/0,0/0/0,50000,340,0
abl2-f1m4,LP_442_68_10.card-mto,3,Z,2,2,1,NONE,,265,950,125825,3,0,0,0,6,0,0,0,0,0,3558,263,2,2.0,0,0,0.8,0.4,5000,1,3558,0/0,0/0,0/0/0,50000,0,0,0,0,0,0,0,4881,263,0,2.0,0,0,0.8,0.4,4735,3.84e+25,4846,2.1e+26/6.64e+28,0/0,0/0/0,50000,264,0
abl2-f1m4,LP_442_68_10.card-mto,4,X,4,3,1,NONE,,878,3077,147578,9,565,522,523139,561,0,0,0,0,0,3558,265,2,2.0,0,0,0.8,0.4,5000,1,3558,0/0,0/0,0/0/0,50000,0,0,0,0,0,0,0,5391,265,5,2.3,7,5,0.8,0.4,4122,9.77e+84,5231,5.1e+85/3.11e+87,0/0,1/415/442,50000,877,0
abl2-f1m4,LP_442_68_10.card-mto,5,Z,4,3,1,NONE,,1021,2655,138452,13,745,696,746138,721,0,0,0,0,0,3558,263,2,2.0,0,0,0.8,0.4,5000,1,3558,0/0,0/0,0/0/0,50000,0,0,0,0,0,0,0,5391,263,5,2.5,7,5,0.8,0.4,3979,7.05e+98,5219,3.72e+99/2.58e+101,0/0,1/369/442,50000,1020,0
abl2-f1m4,LP_442_68_10.card-mto,6,X,8,5,1,NONE,,7210,15410,461524,60,8244,6655,11817140,6777,0,0,0,0,0,3558,265,2,2.0,0,0,0.8,0.4,5000,1,3558,0/0,0/0,0/0/0,50000,0,0,0,0,0,0,0,5645,265,9,2.7,54,9,0.81,0.4,2790,5.03e+86,5024,2.5e+87/1.11e+89,0/0,1/327/442,50000,7209,0
abl2-f1m4,LP_442_68_10.card-mto,7,Z,8,5,1,NONE,,14991,31170,868227,131,17174,14248,24619094,14409,0,0,0,0,0,3558,263,2,2.0,0,0,0.8,0.4,5000,1,3558,0/0,0/0,0/0/0,50000,0,0,0,0,0,0,0,5645,263,10,2.9,109,10,0.82,0.395,4997,2.36e+42,5271,1.16e+43/1.01e+45,0.953/194,1/420/442,50000,10003,0
abl2-f1m4,LP_442_68_10.card-mto,8,X,16,9,1,FOUND,16,34090,49323,1773927,85,37084,27567,39509371,27647,0,0,0,0,0,3558,265,2,2.0,0,0,0.8,0.4,5000,1,3558,0/0,0/0,0/0/0,50000,0,0,2319,1893,15053,4758,258,5771,362,9,3.9,225,17,0.82,0.3759,5000,1.3e+42,5213,7.66e+42/5.75e+44,0.968/172,1/292/442,50000,10000,1
abl2-f1m4,LP_442_68_10.card-mto,9,Z,16,9,1,FOUND,16,27311,44709,1284333,149,32576,26745,47805579,26903,0,0,0,0,0,3558,263,2,2.0,0,0,0.8,0.4,5000,1,3558,0/0,0/0,0/0/0,50000,0,0,1549,38,18878,4758,172,5771,263,6,3.2,202,17,0.82,0.3827,4999,1.59e+42,5563,1.02e+43/2.11e+45,0.987/213,0.998/279/442,50000,10001,1
abl2-f1m4,LP_442_68_10.card-mto,10,X,15,9,1,FOUND,14,70756,101756,3066482,171,86782,69851,116934410,69969,2319,1893,15053,4758,258,5771,362,9,3.9,225,17,0.82,0.3759,5000,1.3e+42,5213,7.66e+42/5.75e+44,0.968/172,1/292/442,50000,10000,1,4342,44,28666,4473,123,7858,362,1,5.8,577,18,0.8,0.3292,5000,1,7357,0/0,0.999/212,0.978/189/442,50000,10000,1
abl2-f1m4,LP_442_68_10.card-mto,11,Z,13,9,1,FOUND,12,3201,7562,206617,15,3897,3056,5546558,3071,1549,38,18878,4758,172,5771,263,6,3.2,202,17,0.82,0.3827,4999,1.59e+42,5563,1.02e+43/2.11e+45,0.987/213,0.998/279/442,50000,10001,1,2323,741,11151,4474,176,7858,263,1,4.1,19,14,0.8,0.3968,5000,1,7261,0/0,0.989/166,0.996/141/442,50000,10001,1
abl2-f1m4,LP_442_68_10.card-mto,12,Z,12,9,0,OPT,10,20676,36452,1038331,49,24955,20131,34823659,20291,2323,741,11151,4474,176,7858,263,1,4.1,19,14,0.8,0.3968,5000,1,7261,0/0,0.989/166,0.996/141/442,50000,10001,1,12069,5162,17426,4475,167,12032,536,12,4.8,173,12,0.8,0.3793,5000,1,9304,0/0,1/336,1/374/442,50000,10001,1
abl2-f1m4,LP_442_68_10.card-mto,13,X,10,9,0,OPT,10,11955,22651,656299,50,14911,11503,18906053,11621,4342,44,28666,4473,123,7858,362,1,5.8,577,18,0.8,0.3292,5000,1,7357,0/0,0.999/212,0.978/189/442,50000,10000,1,6852,1127,19659,4475,125,12032,966,14,6.5,81,14,0.8,0.388,5000,1,9487,0/0,1/224,1/376/442,50000,10000,1
abl2-f1m4,LP_442_68_10.no-card,0,X,1,1,1,NONE,,42,224,8663,1,1,0,2301,17,0,0,0,0,0,3558,265,2,2.0,0,0,0.8,0.4,5000,1,3558,0/0,0/0,0/0/0,50000,0,0,0,0,0,0,0,3558,265,0,2.0,0,0,0.8,0.4,4958,9400.0,3522,2.48e+04/6.9e+05,0/0,0.4/87.2/218,50000,41,0
abl2-f1m4,LP_442_68_10.no-card,1,Z,1,1,1,NONE,,14,37,5217,1,1,0,2298,5,0,0,0,0,0,3558,263,2,2.0,0,0,0.8,0.4,5000,1,3558,0/0,0/0,0/0/0,50000,0,0,0,0,0,0,0,3558,263,0,2.0,0,0,0.8,0.4,4986,18.2,3355,62.5/8.05e+03,0/0,0.4/74.4/186,50000,13,0
abl2-f1m4,LP_442_68_10.no-card,2,X,2,2,1,NONE,,344,1558,89418,6,70,69,56567,114,0,0,0,0,0,3558,265,2,2.0,0,0,0.8,0.4,5000,1,3558,0/0,0/0,0/0/0,50000,0,0,0,0,0,0,0,3558,265,3,2.1,3,3,0.8,0.4,4656,1.74e+33,3458,9.11e+33/3.31e+35,0/0,0.994/417/440,50000,343,0
abl2-f1m4,LP_442_68_10.no-card,3,Z,2,2,1,NONE,,287,2011,74886,3,48,45,46905,82,0,0,0,0,0,3558,263,2,2.0,0,0,0.8,0.4,5000,1,3558,0/0,0/0,0/0/0,50000,0,0,0,0,0,0,0,3558,263,3,2.0,2,3,0.8,0.4,4713,5.2e+27,3513,2.39e+28/9.1e+29,0/0,0.98/351/439,50000,286,0
abl2-f1m4,LP_442_68_10.no-card,4,X,4,3,1,NONE,,885,2917,118974,11,654,608,697262,658,0,0,0,0,0,3558,265,2,2.0,0,0,0.8,0.4,5000,1,3558,0/0,0/0,0/0/0,50000,0,0,0,0,0,0,0,3558,265,5,2.4,7,5,0.8,0.4,4115,4.66e+85,3477,2.64e+86/1.03e+88,0/0,1/322/441,50000,884,0
abl2-f1m4,LP_442_68_10.no-card,5,Z,4,3,1,NONE,,1856,4933,172403,24,1542,1512,1211136,1572,0,0,0,0,0,3558,263,2,2.0,0,0,0.8,0.4,5000,1,3558,0/0,0/0,0/0/0,50000,0,0,0,0,0,0,0,3558,263,4,3.0,11,4,0.8,0.4,3144,5.86e+79,3419,2.95e+80/1.25e+82,0/0,1/430/442,50000,1855,0
abl2-f1m4,LP_442_68_10.no-card,6,X,8,5,1,NONE,,6460,13376,375796,54,7503,6089,10464313,6172,0,0,0,0,0,3558,265,2,2.0,0,0,0.8,0.4,5000,1,3558,0/0,0/0,0/0/0,50000,0,0,0,0,0,0,0,3558,265,9,2.9,52,10,0.81,0.4,3540,1.16e+18,3327,6.71e+18/4.21e+20,0/0,1/362/442,50000,6459,0
abl2-f1m4,LP_442_68_10.no-card,7,Z,8,5,1,NONE,,15871,31421,868131,130,18483,15276,27765518,15459,0,0,0,0,0,3558,263,2,2.0,0,0,0.8,0.4,5000,1,3558,0/0,0/0,0/0/0,50000,0,0,0,0,0,0,0,3558,263,9,2.7,117,9,0.82,0.3941,4988,1.41e+43,3450,7.11e+43/7.68e+45,0.932/163,1/367/442,50000,10012,0
abl2-f1m4,LP_442_68_10.no-card,8,X,16,9,1,FOUND,16,9509,17558,392638,78,10889,9254,15371663,9286,0,0,0,0,0,3558,265,2,2.0,0,0,0.8,0.4,5000,1,3558,0/0,0/0,0/0/0,50000,0,0,671,629,8953,0,293,3558,268,7,2.8,79,18,0.81,0.4,491,1.53e+97,2954,6.84e+97/7.08e+99,0/0,1/257/442,50000,9509,1
abl2-f1m4,LP_442_68_10.no-card,9,Z,16,9,1,FOUND,14,14118,26620,547395,107,16151,13802,22045371,13846,0,0,0,0,0,3558,263,2,2.0,0,0,0.8,0.4,5000,1,3558,0/0,0/0,0/0/0,50000,0,0,775,1934,13585,0,173,3558,264,2,3.3,114,19,0.82,0.3959,4984,3.11e+43,3268,2.17e+44/3.31e+46,1/196,1/243/442,50000,10016,1
abl2-f1m4,LP_442_68_10.no-card,10,Z,14,9,0,OPT,10,35779,55571,1745486,106,43700,35096,60964650,35356,775,1934,13585,0,173,3558,264,2,3.3,114,19,0.82,0.3959,4984,3.11e+43,3268,2.17e+44/3.31e+46,1/196,1/243/442,50000,10016,1,1949,832,5458,0,180,3558,670,12,4.8,169,12,0.8,0.3642,5000,1,3245,0/0,1/234,1/357/442,50000,10016,1
abl2-f1m4,LP_442_68_10.no-card,11,X,10,9,0,OPT,10,14196,22385,781872,61,17706,13732,24696801,13880,671,629,8953,0,293,3558,268,7,2.8,79,18,0.81,0.4,491,1.53e+97,2954,6.84e+97/7.08e+99,0/0,1/257/442,50000,9509,1,3320,2628,10135,0,120,3558,671,11,3.8,76,11,0.8,0.3858,5000,1,3252,0/0,1/223,0.999/333/442,50000,9509,1
abl2-f1m4,TN_144_2_13.no-card,0,X,1,1,1,NONE,,9,27,1100,1,1,0,526,2,0,0,0,0,0,791,78,2,2.0,0,0,0.8,0.4,5000,1,791,0/0,0/0,0/0/0,50000,0,0,0,0,0,0,0,791,78,0,2.0,0,0,0.8,0.4,4991,5.96,764,18.2/372,0/0,0.4/33.2/83,50000,8,0
abl2-f1m4,TN_144_2_13.no-card,1,Z,1,1,1,NONE,,4,3,513,1,1,0,777,0,0,0,0,0,0,817,78,2,2.0,0,0,0.8,0.4,5000,1,817,0/0,0/0,0/0/0,50000,0,0,0,0,0,0,0,817,78,0,2.0,0,0,0.8,0.4,4996,1.95,774,5.82/88,0/0,0.4/24.8/62,50000,3,0
abl2-f1m4,TN_144_2_13.no-card,2,X,2,2,1,NONE,,267,705,21828,2,14,14,4465,30,0,0,0,0,0,791,78,2,2.0,0,0,0.8,0.4,5000,1,791,0/0,0/0,0/0/0,50000,0,0,0,0,0,0,0,791,78,2,2.1,1,2,0.8,0.4,4733,6e+25,732,1.92e+26/7.34e+27,0/0,0.953/128/142,50000,266,0
abl2-f1m4,TN_144_2_13.no-card,3,Z,2,2,1,NONE,,198,492,18252,1,2,2,495,35,0,0,0,0,0,817,78,2,2.0,0,0,0.8,0.4,5000,1,817,0/0,0/0,0/0/0,50000,0,0,0,0,0,0,0,817,78,2,2.1,1,2,0.8,0.4,4802,1.23e+19,757,6.99e+19/1.15e+21,0/0,0.64/27.8/69,50000,197,0
abl2-f1m4,TN_144_2_13.no-card,4,X,4,3,1,NONE,,662,1271,28270,7,436,393,131939,420,0,0,0,0,0,791,78,2,2.0,0,0,0.8,0.4,5000,1,791,0/0,0/0,0/0/0,50000,0,0,0,0,0,0,0,791,78,5,2.2,5,5,0.8,0.4,4338,1.14e+64,702,5.39e+64/3.83e+66,0/0,1/119/144,50000,661,0
abl2-f1m4,TN_144_2_13.no-card,5,Z,4,3,1,NONE,,916,1544,37894,7,614,602,131078,650,0,0,0,0,0,817,78,2,2.0,0,0,0.8,0.4,5000,1,817,0/0,0/0,0/0/0,50000,0,0,0,0,0,0,0,817,78,4,2.6,7,4,0.8,0.4,4084,4.71e+88,775,2.35e+89/1.17e+91,0/0,1/109/144,50000,915,0
abl2-f1m4,TN_144_2_13.no-card,6,X,8,5,1,NONE,,14077,18633,364772,86,17192,13175,6363866,13312,0,0,0,0,0,791,78,2,2.0,0,0,0.8,0.4,5000,1,791,0/0,0/0,0/0/0,50000,0,0,0,0,0,0,0,791,78,9,3.4,96,9,0.82,0.3959,4997,2.36e+42,715,1.34e+43/4.27e+44,0.98/95.6,1/103/144,50000,10003,0
abl2-f1m4,TN_144_2_13.no-card,7,Z,8,5,1,NONE,,13354,17593,353775,85,16500,12469,6297471,12614,0,0,0,0,0,817,78,2,2.0,0,0,0.8,0.4,5000,1,817,0/0,0/0,0/0/0,50000,0,0,0,0,0,0,0,817,78,9,3.8,106,9,0.82,0.3966,4999,1.59e+42,741,9.63e+42/5.47e+44,0.994/101,1/116/144,50000,10001,0
abl2-f1m4,TN_144_2_13.no-card,8,X,16,9,1,FOUND,16,16,19,998,1,0,0,0,0,0,0,0,0,0,791,78,2,2.0,0,0,0.8,0.4,5000,1,791,0/0,0/0,0/0/0,50000,0,0,16,0,0,0,0,791,78,0,2.0,0,0,0.8,0.4,4984,35.5,726,207/8.21e+03,0/0,0/0/0,50000,16,1
abl2-f1m4,TN_144_2_13.no-card,9,Z,16,9,1,FOUND,16,19,28,786,1,0,0,0,0,0,0,0,0,0,817,78,2,2.0,0,0,0.8,0.4,5000,1,817,0/0,0/0,0/0/0,50000,0,0,19,0,0,0,0,817,78,0,2.0,0,0,0.8,0.4,4981,69.4,780,304/9.52e+03,0/0,0/0/0,50000,19,1
abl2-f1m4,TN_144_2_13.no-card,10,X,15,9,1,FOUND,15,534394,597123,11998355,1086,742284,525894,277876724,526756,16,0,0,0,0,791,78,0,2.0,0,0,0.8,0.4,4984,35.5,726,207/8.21e+03,0/0,0/0/0,50000,16,1,14783,4389,23737,0,40,791,84,7,6.4,3728,16,0.8,0.06,5000,1,662,0/0,1/46.3,0.939/112/144,50000,16,1
abl2-f1m4,TN_144_2_13.no-card,11,Z,14,9,1,FOUND,14,418705,467856,9744004,1019,584823,409138,214294576,410457,19,0,0,0,0,817,78,0,2.0,0,0,0.8,0.4,4981,69.4,780,304/9.52e+03,0/0,0/0/0,50000,19,1,21799,2219,27361,0,49,817,90,9,5.7,2850,15,0.8,0.06,5000,1,690,0/0,1/54,0.922/112/144,50000,19,1
abl2-f1m4,TN_144_2_13.no-card,12,Z,14,9,0,OPT,13,306524,337373,6874186,515,427627,300346,153005743,301217,21799,2219,27361,0,49,817,90,9,5.7,2850,15,0.8,0.06,5000,1,690,0/0,1/54,0.922/112/144,50000,19,1,23154,1425,17030,0,48,817,115,15,6.2,722,15,0.8,0.0935,5000,1,709,0/0,1/51,0.983/122/144,50000,19,1
abl2-f1m4,TN_144_2_13.no-card,13,X,13,9,0,OPT,13,441858,494527,10159523,1193,610314,434048,233854930,435112,14783,4389,23737,0,40,791,84,7,6.4,3728,16,0.8,0.06,5000,1,662,0/0,1/46.3,0.939/112/144,50000,16,1,24244,1209,12968,0,22,791,145,15,6.8,1300,15,0.95,0.06,-10921,7.5e+30,677,1.7e+32/9.47e+33,1/75.5,0.972/125/144,50000,90936,1
abl2-f1m8,GB_144_12_12.card-mto,0,X,1,1,1,NONE,,0,0,99,1,0,0,0,0,0,0,0,0,0,1006,78,2,2.0,0,0,0.8,0.4,5000,1,1005,0/0,0/0,0/0/0,50000,0,0,0,0,0,0,0,1006,78,2,2.0,0,0,0.8,0.4,5000,1,1005,0/0,0/0,0/0/0,50000,0,0
abl2-f1m8,GB_144_12_12.card-mto,1,Z,1,1,1,NONE,,0,0,95,1,0,0,0,0,0,0,0,0,0,1017,78,2,2.0,0,0,0.8,0.4,5000,1,1016,0/0,0/0,0/0/0,50000,0,0,0,0,0,0,0,1017,78,2,2.0,0,0,0.8,0.4,5000,1,1016,0/0,0/0,0/0/0,50000,0,0
abl2-f1m8,GB_144_12_12.card-mto,2,X,2,2,1,NONE,,7,18,1589,1,1,0,432,0,0,0,0,0,0,1006,78,2,2.0,0,0,0.8,0.4,5000,1,1005,0/0,0/0,0/0/0,50000,0,0,0,0,0,0,0,1148,78,0,2.0,0,0,0.8,0.4,4993,3.81,980,13.2/565,0/0,0.4/36/90,50000,6,0
abl2-f1m8,GB_144_12_12.card-mto,3,Z,2,2,1,NONE,,4,5,885,1,1,0,437,0,0,0,0,0,0,1017,78,2,2.0,0,0,0.8,0.4,5000,1,1016,0/0,0/0,0/0/0,50000,0,0,0,0,0,0,0,1159,78,0,2.0,0,0,0.8,0.4,4996,1.95,1080,4.22/153,0/0,0.4/36.8/92,50000,3,0
abl2-f1m8,GB_144_12_12.card-mto,4,X,4,3,1,NONE,,349,701,71611,1,9,9,3958,19,0,0,0,0,0,1006,78,2,2.0,0,0,0.8,0.4,5000,1,1005,0/0,0/0,0/0/0,50000,0,0,0,0,0,0,0,1432,78,3,2.0,1,3,0.8,0.4,4651,5.3e+33,1243,2.42e+34/1.83e+36,0/0,0.953/95.9/136,50000,348,0
abl2-f1m8,GB_144_12_12.card-mto,5,Z,4,3,1,NONE,,407,857,80051,4,8,7,3393,16,0,0,0,0,0,1017,78,2,2.0,0,0,0.8,0.4,5000,1,1016,0/0,0/0,0/0/0,50000,0,0,0,0,0,0,0,1443,78,3,2.0,1,3,0.8,0.4,4593,2.22e+39,1314,7.77e+39/1.06e+42,0/0,0.922/84.6/139,50000,406,0
abl2-f1m8,GB_144_12_12.card-mto,6,X,8,5,1,NONE,,3843,5823,72828,36,3956,3488,1184586,3520,0,0,0,0,0,1006,78,2,2.0,0,0,0.8,0.4,5000,1,1005,0/0,0/0,0/0/0,50000,0,0,0,0,0,0,0,1588,78,8,4.6,29,8,0.8,0.4,1157,2.13e+72,1401,9.82e+72/2.61e+74,0/0,1/131/143,50000,3842,0
abl2-f1m8,GB_144_12_12.card-mto,7,Z,8,5,1,NONE,,3229,5123,98207,32,3405,2816,1132014,2854,0,0,0,0,0,1017,78,2,2.0,0,0,0.8,0.4,5000,1,1016,0/0,0/0,0/0/0,50000,0,0,0,0,0,0,0,1599,78,8,3.4,18,8,0.8,0.4,1771,6690000000000.0,1397,3.9e+13/1.45e+15,0/0,1/122/143,50000,3228,0
abl2-f1m8,GB_144_12_12.card-mto,8,X,16,9,1,FOUND,15,70725,84686,1577325,263,94840,69491,33174517,69574,0,0,0,0,0,1006,78,2,2.0,0,0,0.8,0.4,5000,1,1005,0/0,0/0,0/0/0,50000,0,0,1842,1718,24017,1421,62,1680,78,1,6.1,513,16,0.82,0.3393,4987,1.72e+43,1449,1.01e+44/4.9e+45,0.988/123,0.992/51.4/143,50000,10013,1
abl2-f1m8,GB_144_12_12.card-mto,9,Z,16,9,1,FOUND,16,302781,345513,6706284,774,415639,299161,145597670,299595,0,0,0,0,0,1017,78,2,2.0,0,0,0.8,0.4,5000,1,1016,0/0,0/0,0/0/0,50000,0,0,11224,6793,16930,1421,71,1691,78,7,6.1,2126,16,0.82,0.1072,4978,1.02e+44,1457,5.72e+44/2.77e+46,0.987/73.7,0.926/111/143,50000,10022,1
abl2-f1m8,GB_144_12_12.card-mto,10,X,15,9,0,OPT,12,699379,789641,15330776,1468,963807,690633,339041987,691893,1842,1718,24017,1421,62,1680,78,1,6.1,513,16,0.82,0.3393,4987,1.72e+43,1449,1.01e+44/4.9e+45,0.988/123,0.992/51.4/143,50000,10013,1,14553,1517,1887,1399,48,3674,137,13,5.9,135,13,0.82,0.06,4987,1.72e+43,2712,1.01e+44/4.9e+45,1/36.2,0.999/115/143,50000,10013,1
abl2-f1m8,GB_144_12_12.card-mto,11,Z,12,9,0,OPT,12,119158,135750,2602970,309,164119,117416,57059321,117712,11224,6793,16930,1421,71,1691,78,7,6.1,2126,16,0.82,0.1072,4978,1.02e+44,1457,5.72e+44/2.77e+46,0.987/73.7,0.926/111/143,50000,10022,1,6647,275,199,1211,23,2922,108,12,6.6,8,12,0.82,0.06,4978,1.02e+44,2034,5.72e+44/2.77e+46,1/54.5,0.971/119/143,50000,10022,1
abl2-f1m8,LP_340_56_8.card-mto,0,X,1,1,1,NONE,,1,0,0,1,1,1,2391,0,0,0,0,0,0,2589,208,2,2.0,0,0,0.8,0.4,5000,1,2589,0/0,0/0,0/0/0,50000,0,0,0,0,0,0,0,2928,208,2,2.0,0,0,0.8,0.4,4999,1,2589,0.2/78.2,0/0,0.4/128/319,50000,0,0
abl2-f1m8,LP_340_56_8.card-mto,1,Z,1,1,1,NONE,,1,0,0,1,1,1,2331,0,0,0,0,0,0,2589,206,2,2.0,0,0,0.8,0.4,5000,1,2589,0/0,0/0,0/0/0,50000,0,0,0,0,0,0,0,2928,206,2,2.0,0,0,0.8,0.4,4999,1,2589,0.2/78,0/0,0.4/126/316,50000,0,0
abl2-f1m8,LP_340_56_8.card-mto,2,X,2,2,1,NONE,,275,1088,83131,3,0,0,0,6,0,0,0,0,0,2589,208,2,2.0,0,0,0.8,0.4,5000,1,2589,0/0,0/0,0/0/0,50000,0,0,0,0,0,0,0,3606,208,0,2.0,0,0,0.8,0.4,4725,3.58e+26,3554,1.54e+27/4.68e+29,0/0,0/0/0,50000,274,0
abl2-f1m8,LP_340_56_8.card-mto,3,Z,2,2,1,NONE,,193,489,71922,2,0,0,0,4,0,0,0,0,0,2589,206,2,2.0,0,0,0.8,0.4,5000,1,2589,0/0,0/0,0/0/0,50000,0,0,0,0,0,0,0,3606,206,0,2.0,0,0,0.8,0.4,4807,4.04e+18,3422,1.77e+19/9.42e+20,0/0,0/0/0,50000,192,0
abl2-f1m8,LP_340_56_8.card-mto,4,X,4,3,1,NONE,,1986,4847,157529,24,1424,1398,806460,1488,0,0,0,0,0,2589,208,2,2.0,0,0,0.8,0.4,5000,1,2589,0/0,0/0,0/0/0,50000,0,0,0,0,0,0,0,4028,208,4,2.6,6,4,0.8,0.4,3014,2.32e+92,3756,1.36e+93/4.63e+94,0/0,1/324/340,50000,1985,0
abl2-f1m8,LP_340_56_8.card-mto,5,Z,4,3,1,NONE,,1359,3509,121368,18,1075,979,945030,1037,0,0,0,0,0,2589,206,2,2.0,0,0,0.8,0.4,5000,1,2589,0/0,0/0,0/0/0,50000,0,0,0,0,0,0,0,4028,206,5,2.5,9,5,0.8,0.4,3641,4.02e+31,3841,1.99e+32/2.03e+34,0/0,1/299/340,50000,1358,0
abl2-f1m8,LP_340_56_8.card-mto,6,X,8,5,1,FOUND,8,1689,3777,224151,11,932,853,672313,875,0,0,0,0,0,2589,208,2,2.0,0,0,0.8,0.4,5000,1,2589,0/0,0/0,0/0/0,50000,0,0,941,302,959,3528,257,4282,434,5,2.6,7,9,0.8,0.4,3311,4.8e+63,3916,1.86e+64/7.83e+65,0/0,1/174/340,50000,1689,1
abl2-f1m8,LP_340_56_8.card-mto,7,Z,8,5,1,FOUND,8,1084,2264,98594,4,754,728,318167,758,0,0,0,0,0,2589,206,2,2.0,0,0,0.8,0.4,5000,1,2589,0/0,0/0,0/0/0,50000,0,0,825,147,517,3528,240,4282,206,5,2.7,8,8,0.8,0.4,3916,112000.0,3912,3.12e+05/3.59e+07,0/0,1/192/340,50000,1084,1
abl2-f1m8,LP_340_56_8.card-mto,8,X,7,5,1,NONE,,3830,6578,312385,19,4476,3421,5060153,3471,941,302,959,3528,257,4282,434,5,2.6,7,9,0.8,0.4,3311,4.8e+63,3916,1.86e+64/7.83e+65,0/0,1/174/340,50000,1689,1,1107,110,1001,3000,73,5721,838,8,3.2,29,8,0.8,0.3962,3311,4.8e+63,5476,1.86e+64/7.83e+65,1/155,1/224/340,50000,1689,1
abl2-f1m8,LP_340_56_8.card-mto,9,Z,7,5,1,NONE,,5040,8161,285708,26,5961,4753,6196357,4806,825,147,517,3528,240,4282,206,5,2.7,8,8,0.8,0.4,3916,112000.0,3912,3.12e+05/3.59e+07,0/0,1/192/340,50000,1084,1,1906,483,3737,3000,103,5721,575,9,3.1,37,9,0.8,0.395,3916,112000.0,5403,3.12e+05/3.59e+07,1/181,1/240/340,50000,1084,1
abl2-f1m8,LP_340_56_8.no-card,0,X,1,1,1,NONE,,1,0,0,1,1,1,2391,0,0,0,0,0,0,2589,208,2,2.0,0,0,0.8,0.4,5000,1,2589,0/0,0/0,0/0/0,50000,0,0,0,0,0,0,0,2589,208,2,2.0,0,0,0.8,0.4,4999,1,2589,0.2/78.2,0/0,0.4/128/319,50000,0,0
abl2-f1m8,LP_340_56_8.no-card,1,Z,1,1,1,NONE,,1,0,0,1,1,1,2331,0,0,0,0,0,0,2589,206,2,2.0,0,0,0.8,0.4,5000,1,2589,0/0,0/0,0/0/0,50000,0,0,0,0,0,0,0,2589,206,2,2.0,0,0,0.8,0.4,4999,1,2589,0.2/78,0/0,0.4/126/316,50000,0,0
abl2-f1m8,LP_340_56_8.no-card,2,X,2,2,1,NONE,,237,874,45681,3,45,44,39476,93,0,0,0,0,0,2589,208,2,2.0,0,0,0.8,0.4,5000,1,2589,0/0,0/0,0/0/0,50000,0,0,0,0,0,0,0,2589,208,3,2.0,2,3,0.8,0.4,4763,7.43e+22,2537,3.6e+23/1.24e+25,0/0,0.998/299/339,50000,236,0
abl2-f1m8,LP_340_56_8.no-card,3,Z,2,2,1,NONE,,237,1548,44315,1,31,31,24716,73,0,0,0,0,0,2589,206,2,2.0,0,0,0.8,0.4,5000,1,2589,0/0,0/0,0/0/0,50000,0,0,0,0,0,0,0,2589,206,3,2.0,2,3,0.8,0.4,4763,7.43e+22,2514,3.22e+23/6.83e+24,0/0,0.996/322/338,50000,236,0
abl2-f1m8,LP_340_56_8.no-card,4,X,4,3,1,NONE,,1353,3657,126253,19,1118,987,1085407,1067,0,0,0,0,0,2589,208,2,2.0,0,0,0.8,0.4,5000,1,2589,0/0,0/0,0/0/0,50000,0,0,0,0,0,0,0,2589,208,5,2.4,9,5,0.8,0.4,3647,1.05e+31,2460,5.54e+31/2.77e+33,0/0,1/291/339,50000,1352,0
abl2-f1m8,LP_340_56_8.no-card,5,Z,4,3,1,NONE,,1455,4365,127475,20,1173,1113,890413,1194,0,0,0,0,0,2589,206,2,2.0,0,0,0.8,0.4,5000,1,2589,0/0,0/0,0/0/0,50000,0,0,0,0,0,0,0,2589,206,4,2.8,9,4,0.8,0.4,3545,8.08e+40,2496,3.88e+41/3.61e+43,0/0,1/236/340,50000,1454,0
abl2-f1m8,LP_340_56_8.no-card,6,X,8,5,1,FOUND,8,870,1712,70646,7,755,664,716500,691,0,0,0,0,0,2589,208,2,2.0,0,0,0.8,0.4,5000,1,2589,0/0,0/0,0/0/0,50000,0,0,1117,501,600,0,235,2589,210,2,2.1,4,9,0.8,0.4,4130,2.05e+84,2219,1.01e+85/6.42e+86,0/0,1/145/340,50000,870,1
abl2-f1m8,LP_340_56_8.no-card,7,Z,8,5,1,FOUND,8,1582,2948,61906,11,1364,1253,976569,1362,0,0,0,0,0,2589,206,2,2.0,0,0,0.8,0.4,5000,1,2589,0/0,0/0,0/0/0,50000,0,0,1192,860,1221,0,157,2589,207,4,2.9,10,8,0.8,0.4,3418,2.05e+53,2318,1.15e+54/1.17e+56,0/0,0.999/163/340,50000,1582,1
abl2-f1m8,LP_340_56_8.no-card,8,X,7,5,1,NONE,,3240,5078,139552,15,3787,3101,3607086,3138,1117,501,600,0,235,2589,210,2,2.1,4,9,0.8,0.4,4130,2.05e+84,2219,1.01e+85/6.42e+86,0/0,1/145/340,50000,870,1,118,10,99,0,9,2589,582,9,3.1,25,9,0.8,0.3968,4130,2.05e+84,2433,1.01e+85/6.42e+86,0.999/161,1/248/340,50000,870,1
abl2-f1m8,LP_340_56_8.no-card,9,Z,7,5,1,NONE,,3663,5873,169377,18,4443,3527,4711322,3577,1192,860,1221,0,157,2589,207,4,2.9,10,8,0.8,0.4,3418,2.05e+53,2318,1.15e+54/1.17e+56,0/0,0.999/163/340,50000,1582,1,415,20,561,0,97,2589,295,9,3.1,28,9,0.8,0.3963,3418,2.05e+53,2239,1.15e+54/1.17e+56,1/165,1/281/340,50000,1582,1
abl2-f1m8,LP_442_68_10.card-mto,0,X,1,1,1,NONE,,5,5,3614,1,1,0,2301,0,0,0,0,0,0,3558,265,2,2.0,0,0,0.8,0.4,5000,1,3558,0/0,0/0,0/0/0,50000,0,0,0,0,0,0,0,3999,265,1,2.0,0,0,0.8,0.4,4995,2.44,3790,8.75/1.83e+03,0/0,0.4/87.2/218,50000,4,0
abl2-f1m8,LP_442_68_10.card-mto,1,Z,1,1,1,NONE,,3,3,3672,1,1,0,2298,0,0,0,0,0,0,3558,263,2,2.0,0,0,0.8,0.4,5000,1,3558,0/0,0/0,0/0/0,50000,0,0,0,0,0,0,0,3999,263,1,2.0,0,0,0.8,0.4,4997,1.56,3782,3.48/605,0/0,0.4/74.4/186,50000,2,0
abl2-f1m8,LP_442_68_10.card-mto,2,X,2,2,1,NONE,,341,1650,162986,4,0,0,0,11,0,0,0,0,0,3558,265,2,2.0,0,0,0.8,0.4,5000,1,3558,0/0,0/0,0/0/0,50000,0,0,0,0,0,0,0,4881,265,0,2.0,0,0,0.8,0.4,4659,8.9e+32,4785,4.44e+33/1.62e+36,0/0,0/0/0,50000,340,0
abl2-f1m8,LP_442_68_10.card-mto,3,Z,2,2,1,NONE,,265,950,125825,3,0,0,0,6,0,0,0,0,0,3558,263,2,2.0,0,0,0.8,0.4,5000,1,3558,0/0,0/0,0/0/0,50000,0,0,0,0,0,0,0,4881,263,0,2.0,0,0,0.8,0.4,4735,3.84e+25,4846,2.1e+26/6.64e+28,0/0,0/0/0,50000,264,0
abl2-f1m8,LP_442_68_10.card-mto,4,X,4,3,1,NONE,,878,3077,147578,9,565,522,523139,561,0,0,0,0,0,3558,265,2,2.0,0,0,0.8,0.4,5000,1,3558,0/0,0/0,0/0/0,50000,0,0,0,0,0,0,0,5391,265,5,2.3,7,5,0.8,0.4,4122,9.77e+84,5231,5.1e+85/3.11e+87,0/0,1/415/442,50000,877,0
abl2-f1m8,LP_442_68_10.card-mto,5,Z,4,3,1,NONE,,1021,2655,138452,13,745,696,746138,721,0,0,0,0,0,3558,263,2,2.0,0,0,0.8,0.4,5000,1,3558,0/0,0/0,0/0/0,50000,0,0,0,0,0,0,0,5391,263,5,2.5,7,5,0.8,0.4,3979,7.05e+98,5219,3.72e+99/2.58e+101,0/0,1/369/442,50000,1020,0
abl2-f1m8,LP_442_68_10.card-mto,6,X,8,5,1,NONE,,7210,15410,461524,60,8244,6655,11817140,6777,0,0,0,0,0,3558,265,2,2.0,0,0,0.8,0.4,5000,1,3558,0/0,0/0,0/0/0,50000,0,0,0,0,0,0,0,5645,265,9,2.7,54,9,0.81,0.4,2790,5.03e+86,5024,2.5e+87/1.11e+89,0/0,1/327/442,50000,7209,0
abl2-f1m8,LP_442_68_10.card-mto,7,Z,8,5,1,NONE,,14991,31170,868227,131,17174,14248,24619094,14409,0,0,0,0,0,3558,263,2,2.0,0,0,0.8,0.4,5000,1,3558,0/0,0/0,0/0/0,50000,0,0,0,0,0,0,0,5645,263,10,2.9,109,10,0.82,0.395,4997,2.36e+42,5271,1.16e+43/1.01e+45,0.953/194,1/420/442,50000,10003,0
abl2-f1m8,LP_442_68_10.card-mto,8,X,16,9,1,FOUND,16,34090,49323,1773927,85,37084,27567,39509371,27647,0,0,0,0,0,3558,265,2,2.0,0,0,0.8,0.4,5000,1,3558,0/0,0/0,0/0/0,50000,0,0,2319,1893,15053,4758,258,5771,362,9,3.9,225,17,0.82,0.3759,5000,1.3e+42,5213,7.66e+42/5.75e+44,0.968/172,1/292/442,50000,10000,1
abl2-f1m8,LP_442_68_10.card-mto,9,Z,16,9,1,FOUND,16,27311,44709,1284333,149,32576,26745,47805579,26903,0,0,0,0,0,3558,263,2,2.0,0,0,0.8,0.4,5000,1,3558,0/0,0/0,0/0/0,50000,0,0,1549,38,18878,4758,172,5771,263,6,3.2,202,17,0.82,0.3827,4999,1.59e+42,5563,1.02e+43/2.11e+45,0.987/213,0.998/279/442,50000,10001,1
abl2-f1m8,LP_442_68_10.card-mto,10,X,15,9,1,FOUND,12,107899,158143,4670587,265,132271,106818,181115948,107164,2319,1893,15053,4758,258,5771,362,9,3.9,225,17,0.82,0.3759,5000,1.3e+42,5213,7.66e+42/5.75e+44,0.968/172,1/292/442,50000,10000,1,7346,357,21102,4473,118,7858,363,3,4.6,893,18,0.82,0.268,5000,1.3e+42,7480,7.66e+42/5.75e+44,1/213,1/226/442,50000,10000,1
abl2-f1m8,LP_442_68_10.card-mto,11,Z,11,9,1,FOUND,10,5039,10679,261438,25,5982,4952,8672080,4976,1549,38,18878,4758,172,5771,263,6,3.2,202,17,0.82,0.3827,4999,1.59e+42,5563,1.02e+43/2.11e+45,0.987/213,0.998/279/442,50000,10001,1,1254,711,2394,4474,30,7858,265,1,4.4,42,12,0.82,0.3777,4999,1.59e+42,7400,1.02e+43/2.11e+45,1/197,1/241/442,50000,10001,1
abl2-f1m8,LP_442_68_10.card-mto,12,Z,10,9,0,OPT,10,23952,36930,1108550,54,29122,23414,40119530,23653,1254,711,2394,4474,30,7858,265,1,4.4,42,12,0.82,0.3777,4999,1.59e+42,7400,1.02e+43/2.11e+45,1/197,1/241/442,50000,10001,1,2041,426,4299,4459,123,9939,308,12,4.6,210,12,0.82,0.3537,4999,1.59e+42,7402,1.02e+43/2.11e+45,1/285,1/336/442,50000,10001,1
abl2-f1m8,LP_442_68_10.card-mto,13,X,10,9,0,OPT,10,12238,22165,714515,33,15151,11847,21953764,11974,7346,357,21102,4473,118,7858,363,3,4.6,893,18,0.82,0.268,5000,1.3e+42,7480,7.66e+42/5.75e+44,1/213,1/226/442,50000,10000,1,3775,345,6987,4467,147,12026,373,12,5.0,76,12,0.82,0.2558,5000,1.3e+42,9371,7.66e+42/5.75e+44,1/181,1/414/442,50000,10000,1
abl2-f1m8,LP_442_68_10.no-card,0,X,1,1,1,NONE,,42,224,8663,1,1,0,2301,17,0,0,0,0,0,3558,265,2,2.0,0,0,0.8,0.4,5000,1,3558,0/0,0/0,0/0/0,50000,0,0,0,0,0,0,0,3558,265,0,2.0,0,0,0.8,0.4,4958,9400.0,3522,2.48e+04/6.9e+05,0/0,0.4/87.2/218,50000,41,0
abl2-f1m8,LP_442_68_10.no-card,1,Z,1,1,1,NONE,,14,37,5217,1,1,0,2298,5,0,0,0,0,0,3558,263,2,2.0,0,0,0.8,0.4,5000,1,3558,0/0,0/0,0/0/0,50000,0,0,0,0,0,0,0,3558,263,0,2.0,0,0,0.8,0.4,4986,18.2,3355,62.5/8.05e+03,0/0,0.4/74.4/186,50000,13,0
abl2-f1m8,LP_442_68_10.no-card,2,X,2,2,1,NONE,,344,1558,89418,6,70,69,56567,114,0,0,0,0,0,3558,265,2,2.0,0,0,0.8,0.4,5000,1,3558,0/0,0/0,0/0/0,50000,0,0,0,0,0,0,0,3558,265,3,2.1,3,3,0.8,0.4,4656,1.74e+33,3458,9.11e+33/3.31e+35,0/0,0.994/417/440,50000,343,0
abl2-f1m8,LP_442_68_10.no-card,3,Z,2,2,1,NONE,,287,2011,74886,3,48,45,46905,82,0,0,0,0,0,3558,263,2,2.0,0,0,0.8,0.4,5000,1,3558,0/0,0/0,0/0/0,50000,0,0,0,0,0,0,0,3558,263,3,2.0,2,3,0.8,0.4,4713,5.2e+27,3513,2.39e+28/9.1e+29,0/0,0.98/351/439,50000,286,0
abl2-f1m8,LP_442_68_10.no-card,4,X,4,3,1,NONE,,885,2917,118974,11,654,608,697262,658,0,0,0,0,0,3558,265,2,2.0,0,0,0.8,0.4,5000,1,3558,0/0,0/0,0/0/0,50000,0,0,0,0,0,0,0,3558,265,5,2.4,7,5,0.8,0.4,4115,4.66e+85,3477,2.64e+86/1.03e+88,0/0,1/322/441,50000,884,0
abl2-f1m8,LP_442_68_10.no-card,5,Z,4,3,1,NONE,,1856,4933,172403,24,1542,1512,1211136,1572,0,0,0,0,0,3558,263,2,2.0,0,0,0.8,0.4,5000,1,3558,0/0,0/0,0/0/0,50000,0,0,0,0,0,0,0,3558,263,4,3.0,11,4,0.8,0.4,3144,5.86e+79,3419,2.95e+80/1.25e+82,0/0,1/430/442,50000,1855,0
abl2-f1m8,LP_442_68_10.no-card,6,X,8,5,1,NONE,,6460,13376,375796,54,7503,6089,10464313,6172,0,0,0,0,0,3558,265,2,2.0,0,0,0.8,0.4,5000,1,3558,0/0,0/0,0/0/0,50000,0,0,0,0,0,0,0,3558,265,9,2.9,52,10,0.81,0.4,3540,1.16e+18,3327,6.71e+18/4.21e+20,0/0,1/362/442,50000,6459,0
abl2-f1m8,LP_442_68_10.no-card,7,Z,8,5,1,NONE,,15871,31421,868131,130,18483,15276,27765518,15459,0,0,0,0,0,3558,263,2,2.0,0,0,0.8,0.4,5000,1,3558,0/0,0/0,0/0/0,50000,0,0,0,0,0,0,0,3558,263,9,2.7,117,9,0.82,0.3941,4988,1.41e+43,3450,7.11e+43/7.68e+45,0.932/163,1/367/442,50000,10012,0
abl2-f1m8,LP_442_68_10.no-card,8,X,16,9,1,FOUND,16,9509,17558,392638,78,10889,9254,15371663,9286,0,0,0,0,0,3558,265,2,2.0,0,0,0.8,0.4,5000,1,3558,0/0,0/0,0/0/0,50000,0,0,671,629,8953,0,293,3558,268,7,2.8,79,18,0.81,0.4,491,1.53e+97,2954,6.84e+97/7.08e+99,0/0,1/257/442,50000,9509,1
abl2-f1m8,LP_442_68_10.no-card,9,Z,16,9,1,FOUND,14,14118,26620,547395,107,16151,13802,22045371,13846,0,0,0,0,0,3558,263,2,2.0,0,0,0.8,0.4,5000,1,3558,0/0,0/0,0/0/0,50000,0,0,775,1934,13585,0,173,3558,264,2,3.3,114,19,0.82,0.3959,4984,3.11e+43,3268,2.17e+44/3.31e+46,1/196,1/243/442,50000,10016,1
abl2-f1m8,LP_442_68_10.no-card,10,Z,14,9,0,OPT,10,38295,60287,1771983,106,46406,37539,65005285,37855,775,1934,13585,0,173,3558,264,2,3.3,114,19,0.82,0.3959,4984,3.11e+43,3268,2.17e+44/3.31e+46,1/196,1/243/442,50000,10016,1,1474,148,1118,0,149,3558,426,13,5.5,197,13,0.82,0.3576,4984,3.11e+43,3396,2.17e+44/3.31e+46,1/178,1/321/442,50000,10016,1
abl2-f1m8,LP_442_68_10.no-card,11,X,10,9,0,OPT,10,13173,21258,665942,56,16151,12754,20826652,12914,671,629,8953,0,293,3558,268,7,2.8,79,18,0.81,0.4,491,1.53e+97,2954,6.84e+97/7.08e+99,0/0,1/257/442,50000,9509,1,1210,571,2375,0,62,3558,1557,12,4.2,78,12,0.81,0.3868,491,1.53e+97,3317,6.84e+97/7.08e+99,1/188,1/344/442,50000,9509,1
abl3-f2m0,BB_108_8_10.card-mto,0,X,1,1,1,NONE,,0,0,62,1,0,0,0,0,0,0,0,0,0,504,62,2,2.0,0,0,0.8,0.4,5000,1,503,0/0,0/0,0/0/0,50000,0,0,0,0,0,0,0,504,62,2,2.0,0,0,0.8,0.4,5000,1,503,0/0,0/0,0/0/0,50000,0,0
abl3-f2m0,BB_108_8_10.card-mto,1,Z,1,1,1,NONE,,0,0,56,1,0,0,0,0,0,0,0,0,0,522,62,2,2.0,0,0,0.8,0.4,5000,1,521,0/0,0/0,0/0/0,50000,0,0,0,0,0,0,0,522,62,2,2.0,0,0,0.8,0.4,5000,1,521,0/0,0/0,0/0/0,50000,0,0
abl3-f2m0,BB_108_8_10.card-mto,2,X,2,2,1,NONE,,2,1,204,1,1,0,305,0,0,0,0,0,0,504,62,2,2.0,0,0,0.8,0.4,5000,1,503,0/0,0/0,0/0/0,50000,0,0,0,0,0,0,0,610,62,1,2.0,0,0,0.8,0.4,4998,1.25,478,1.6/26,0/0,0.4/16.8/42,50000,1,0
abl3-f2m0,BB_108_8_10.card-mto,3,Z,2,2,1,NONE,,1,0,0,1,1,1,313,0,0,0,0,0,0,522,62,2,2.0,0,0,0.8,0.4,5000,1,521,0/0,0/0,0/0/0,50000,0,0,0,0,0,0,0,628,62,2,2.0,0,0,0.8,0.4,4999,1,521,0.2/10.5,0/0,0.4/22.8/57,50000,0,0
abl3-f2m0,BB_108_8_10.card-mto,4,X,4,3,1,NONE,,267,546,37839,2,0,0,0,4,0,0,0,0,0,504,62,2,2.0,0,0,0.8,0.4,5000,1,503,0/0,0/0,0/0/0,50000,0,0,0,0,0,0,0,822,62,0,2.0,0,0,0.8,0.4,4733,6e+25,769,2.75e+26/2.61e+28,0/0,0/0/0,50000,266,0
abl3-f2m0,BB_108_8_10.card-mto,5,Z,4,3,1,NONE,,158,297,25463,1,0,0,0,13,0,0,0,0,0,522,62,2,2.0,0,0,0.8,0.4,5000,1,521,0/0,0/0,0/0/0,50000,0,0,0,0,0,0,0,840,62,0,2.0,0,0,0.8,0.4,4842,1640000000000000.0,767,8.73e+15/2.24e+17,0/0,0/0/0,50000,157,0
abl3-f2m0,BB_108_8_10.card-mto,6,X,8,5,1,NONE,,1447,2372,27892,12,1294,1156,218225,1180,0,0,0,0,0,504,62,2,2.0,0,0,0.8,0.4,5000,1,503,0/0,0/0,0/0/0,50000,0,0,0,0,0,0,0,948,62,8,2.8,10,8,0.8,0.4,3553,1.35e+40,701,7.51e+40/2.46e+42,0/0,1/97.9/107,50000,1446,0
abl3-f2m0,BB_108_8_10.card-mto,7,Z,8,5,1,NONE,,829,1248,17979,7,733,574,174798,587,0,0,0,0,0,522,62,2,2.0,0,0,0.8,0.4,5000,1,521,0/0,0/0,0/0/0,50000,0,0,0,0,0,0,0,966,62,8,2.2,6,8,0.8,0.4,4171,1.74e+80,695,1.04e+81/2.51e+82,0/0,1/91.2/105,50000,828,0
abl3-f2m0,BB_108_8_10.card-mto,8,X,16,9,1,FOUND,12,17,78,2096,1,0,0,0,0,0,0,0,0,0,504,62,2,2.0,0,0,0.8,0.4,5000,1,503,0/0,0/0,0/0/0,50000,0,0,17,0,0,1073,0,1010,62,0,2.0,0,0,0.8,0.4,4983,44.4,922,104/5.77e+03,0/0,0/0/0,50000,17,1
abl3-f2m0,BB_108_8_10.card-mto,9,Z,16,9,1,FOUND,12,26,77,2246,1,0,0,0,0,0,0,0,0,0,522,62,2,2.0,0,0,0.8,0.4,5000,1,521,0/0,0/0,0/0/0,50000,0,0,26,0,0,1073,0,1028,62,0,2.0,0,0,0.8,0.4,4974,331,951,724/3.7e+04,0/0,0/0/0,50000,26,1
abl3-f2m0,BB_108_8_10.card-mto,10,X,11,9,1,FOUND,10,10808,13988,188789,78,13567,10226,3319464,10277,0,0,0,0,0,504,62,2,2.0,0,0,0.8,0.4,5000,1,503,0/0,0/0,0/0/0,50000,0,0,4024,891,7506,1075,26,1010,65,1,2.9,67,11,0.82,0.3992,4995,3.51e+42,899,2.36e+43/1.32e+45,0.955/115,0.994/55.7/107,50000,10005,1
abl3-f2m0,BB_108_8_10.card-mto,11,Z,9,9,1,NONE,,1986,2602,36443,11,2120,1690,504925,1716,0,0,0,0,0,522,62,2,2.0,0,0,0.8,0.4,5000,1,521,0/0,0/0,0/0/0,50000,0,0,0,0,0,0,0,1028,62,8,2.8,10,8,0.8,0.4,3014,2.32e+92,805,1.23e+93/4.43e+94,0/0,0.999/96.9/107,50000,1985,0
abl3-f2m0,BB_108_8_10.card-mto,12,X,10,9,0,OPT,10,795,900,14043,4,976,759,234875,765,4024,891,7506,1075,26,1010,65,1,2.9,67,11,0.82,0.3992,4995,3.51e+42,899,2.36e+43/1.32e+45,0.955/115,0.994/55.7/107,50000,10005,1,5042,1408,7997,1060,31,1510,72,8,3.3,7,8,0.82,0.3984,4995,3.51e+42,906,2.36e+43/1.32e+45,1/92,1/90/107,50000,10005,1
abl3-f2m0,BB_108_8_10.no-card,0,X,1,1,1,NONE,,0,0,62,1,0,0,0,0,0,0,0,0,0,504,62,2,2.0,0,0,0.8,0.4,5000,1,503,0/0,0/0,0/0/0,50000,0,0,0,0,0,0,0,504,62,2,2.0,0,0,0.8,0.4,5000,1,503,0/0,0/0,0/0/0,50000,0,0
abl3-f2m0,BB_108_8_10.no-card,1,Z,1,1,1,NONE,,0,0,56,1,0,0,0,0,0,0,0,0,0,522,62,2,2.0,0,0,0.8,0.4,5000,1,521,0/0,0/0,0/0/0,50000,0,0,0,0,0,0,0,522,62,2,2.0,0,0,0.8,0.4,5000,1,521,0/0,0/0,0/0/0,50000,0,0
abl3-f2m0,BB_108_8_10.no-card,2,X,2,2,1,NONE,,2,1,243,1,1,0,305,0,0,0,0,0,0,504,62,2,2.0,0,0,0.8,0.4,5000,1,503,0/0,0/0,0/0/0,50000,0,0,0,0,0,0,0,504,62,1,2.0,0,0,0.8,0.4,4998,1.25,466,1.6/26,0/0,0.4/16.8/42,50000,1,0
abl3-f2m0,BB_108_8_10.no-card,3,Z,2,2,1,NONE,,1,0,0,1,1,1,313,0,0,0,0,0,0,522,62,2,2.0,0,0,0.8,0.4,5000,1,521,0/0,0/0,0/0/0,50000,0,0,0,0,0,0,0,522,62,2,2.0,0,0,0.8,0.4,4999,1,521,0.2/10.5,0/0,0.4/22.8/57,50000,0,0
abl3-f2m0,BB_108_8_10.no-card,4,X,4,3,1,NONE,,261,583,14162,1,27,27,2659,55,0,0,0,0,0,504,62,2,2.0,0,0,0.8,0.4,5000,1,503,0/0,0/0,0/0/0,50000,0,0,0,0,0,0,0,504,62,3,2.1,2,3,0.8,0.4,4739,1.57e+25,456,8.08e+25/7.19e+26,0/0,1/80.6/101,50000,260,0
abl3-f2m0,BB_108_8_10.no-card,5,Z,4,3,1,NONE,,304,811,13066,1,40,40,2622,81,0,0,0,0,0,522,62,2,2.0,0,0,0.8,0.4,5000,1,521,0/0,0/0,0/0/0,50000,0,0,0,0,0,0,0,522,62,3,2.2,2,3,0.8,0.4,4696,2.31e+29,485,1.22e+30/1.02e+31,0/0,1/84.9/105,50000,303,0
abl3-f2m0,BB_108_8_10.no-card,6,X,8,5,1,NONE,,961,1590,19672,6,810,703,152619,717,0,0,0,0,0,504,62,2,2.0,0,0,0.8,0.4,5000,1,503,0/0,0/0,0/0/0,50000,0,0,0,0,0,0,0,504,62,8,2.4,8,8,0.8,0.4,4039,1.08e+93,425,5.03e+93/2.3e+95,0/0,1/71.5/107,50000,960,0
abl3-f2m0,BB_108_8_10.no-card,7,Z,8,5,1,NONE,,1408,2186,25094,11,1364,1148,265231,1171,0,0,0,0,0,522,62,2,2.0,0,0,0.8,0.4,5000,1,521,0/0,0/0,0/0/0,50000,0,0,0,0,0,0,0,522,62,8,2.5,7,8,0.8,0.4,3592,2.25e+36,459,1.21e+37/3.6e+38,0/0,1/99.5/107,50000,1407,0
abl3-f2m0,BB_108_8_10.no-card,8,X,16,9,1,FOUND,12,1,15,314,1,0,0,0,0,0,0,0,0,0,504,62,2,2.0,0,0,0.8,0.4,5000,1,503,0/0,0/0,0/0/0,50000,0,0,1,0,0,0,0,504,62,0,2.0,0,0,0.8,0.4,4999,1.25,472,1.5/60,0/0,0/0/0,50000,1,1
abl3-f2m0,BB_108_8_10.no-card,9,Z,16,9,1,FOUND,12,2,24,404,1,0,0,0,0,0,0,0,0,0,522,62,2,2.0,0,0,0.8,0.4,5000,1,521,0/0,0/0,0/0/0,50000,0,0,2,0,0,0,0,522,62,0,2.0,0,0,0.8,0.4,4998,1.56,493,3.38/83.4,0/0,0/0/0,50000,2,1
abl3-f2m0,BB_108_8_10.no-card,10,X,11,9,1,FOUND,10,8054,10325,138002,57,10138,7643,2467163,7700,0,0,0,0,0,504,62,2,2.0,0,0,0.8,0.4,5000,1,503,0/0,0/0,0/0/0,50000,0,0,4521,2698,5943,0,22,504,63,1,3.6,62,11,0.81,0.4,1946,1.08e+64,445,3.52e+64/2.5e+66,0/0,1/60/107,50000,8054,1
abl3-f2m0,BB_108_8_10.no-card,11,Z,9,9,1,NONE,,2270,3039,37382,18,2483,1979,591580,2003,0,0,0,0,0,522,62,2,2.0,0,0,0.8,0.4,5000,1,521,0/0,0/0,0/0/0,50000,0,0,0,0,0,0,0,522,62,9,2.6,15,9,0.8,0.4,2730,7.74e+19,432,4.36e+20/1.23e+22,0/0,1/93/107,50000,2269,0
abl3-f2m0,BB_108_8_10.no-card,12,X,10,9,0,OPT,10,1051,1285,17961,7,1292,992,308435,1003,4521,2698,5943,0,22,504,63,1,3.6,62,11,0.81,0.4,1946,1.08e+64,445,3.52e+64/2.5e+66,0/0,1/60/107,50000,8054,1,2401,640,6310,0,7,504,123,10,3.8,4,10,0.81,0.3989,1946,1.08e+64,392,3.52e+64/2.5e+66,1/79.8,1/85.2/107,50000,8054,1
abl3-f2m0,BB_144_12_12.no-card,0,X,1,1,1,NONE,,0,0,84,1,0,0,0,0,0,0,0,0,0,760,84,2,2.0,0,0,0.8,0.4,5000,1,759,0/0,0/0,0/0/0,50000,0,0,0,0,0,0,0,760,84,2,2.0,0,0,0.8,0.4,5000,1,759,0/0,0/0,0/0/0,50000,0,0
abl3-f2m0,BB_144_12_12.no-card,1,Z,1,1,1,NONE,,0,0,74,1,0,0,0,0,0,0,0,0,0,674,84,2,2.0,0,0,0.8,0.4,5000,1,673,0/0,0/0,0/0/0,50000,0,0,0,0,0,0,0,674,84,2,2.0,0,0,0.8,0.4,5000,1,673,0/0,0/0,0/0/0,50000,0,0
abl3-f2m0,BB_144_12_12.no-card,2,X,2,2,1,NONE,,2,1,410,1,1,0,440,0,0,0,0,0,0,760,84,2,2.0,0,0,0.8,0.4,5000,1,759,0/0,0/0,0/0/0,50000,0,0,0,0,0,0,0,760,84,1,2.0,0,0,0.8,0.4,4998,1.25,681,1.6/40.1,0/0,0.4/24/60,50000,1,0
abl3-f2m0,BB_144_12_12.no-card,3,Z,2,2,1,NONE,,2,1,424,1,1,0,527,0,0,0,0,0,0,674,84,2,2.0,0,0,0.8,0.4,5000,1,673,0/0,0/0,0/0/0,50000,0,0,0,0,0,0,0,674,84,1,2.0,0,0,0.8,0.4,4998,1.25,593,1.6/24.4,0/0,0.4/20/50,50000,1,0
abl3-f2m0,BB_144_12_12.no-card,4,X,4,3,1,NONE,,310,767,18297,2,55,55,5065,101,0,0,0,0,0,760,84,2,2.0,0,0,0.8,0.4,5000,1,759,0/0,0/0,0/0/0,50000,0,0,0,0,0,0,0,760,84,3,2.2,3,3,0.8,0.4,4690,8.81e+29,712,3.74e+30/3.78e+31,0/0,0.999/120/141,50000,309,0
abl3-f2m0,BB_144_12_12.no-card,5,Z,4,3,1,NONE,,376,923,17607,5,96,96,10094,144,0,0,0,0,0,674,84,2,2.0,0,0,0.8,0.4,5000,1,673,0/0,0/0,0/0/0,50000,0,0,0,0,0,0,0,674,84,2,2.2,3,2,0.8,0.4,4624,2.19e+36,626,1.1e+37/9e+37,0/0,1/139/141,50000,375,0
abl3-f2m0,BB_144_12_12.no-card,6,X,8,5,1,NONE,,1239,2006,25926,12,1139,1000,281499,1041,0,0,0,0,0,760,84,2,2.0,0,0,0.8,0.4,5000,1,759,0/0,0/0,0/0/0,50000,0,0,0,0,0,0,0,760,84,8,2.8,10,8,0.8,0.4,3761,9.43e+19,640,5.36e+20/1.82e+22,0/0,1/121/143,50000,1238,0
abl3-f2m0,BB_144_12_12.no-card,7,Z,8,5,1,NONE,,1122,1884,29082,12,996,877,299272,916,0,0,0,0,0,674,84,2,2.0,0,0,0.8,0.4,5000,1,673,0/0,0/0,0/0/0,50000,0,0,0,0,0,0,0,674,84,9,2.6,8,9,0.8,0.4,3878,433000000.0,627,2.48e+09/1.46e+11,0/0,0.999/104/143,50000,1121,0
abl3-f2m0,BB_144_12_12.no-card,8,X,16,9,1,FOUND,16,1060,1754,20176,12,893,811,188759,864,0,0,0,0,0,760,84,2,2.0,0,0,0.8,0.4,5000,1,759,0/0,0/0,0/0/0,50000,0,0,140,90,933,0,85,760,84,8,2.9,9,14,0.8,0.4,3940,530,641,2.96e+03/1.07e+05,0/0,1/89.8/143,50000,1060,1
abl3-f2m0,BB_144_12_12.no-card,9,Z,16,9,1,FOUND,12,12,34,815,1,0,0,0,6,0,0,0,0,0,674,84,2,2.0,0,0,0.8,0.4,5000,1,673,0/0,0/0,0/0/0,50000,0,0,16,0,0,0,42,674,84,0,2.0,0,0,0.8,0.4,4988,14.6,641,57.8/1.77e+03,0/0,0/0/0,50000,12,1
abl3-f2m0,BB_144_12_12.no-card,10,Z,12,9,0,OPT,12,7119,8701,139996,31,8846,6748,3014043,6818,16,0,0,0,42,674,84,0,2.0,0,0,0.8,0.4,4988,14.6,641,57.8/1.77e+03,0/0,0/0/0,50000,12,1,1090,393,1466,0,26,674,239,7,3.0,53,12,0.8,0.3929,4988,14.6,610,57.8/1.77e+03,1/91.8,1/95.8/142,50000,12,1
abl3-f2m0,BB_144_12_12.no-card,11,X,12,9,0,OPT,12,6906,8144,137646,31,9104,6759,3217775,6803,140,90,933,0,85,760,84,8,2.9,9,14,0.8,0.4,3940,530,641,2.96e+03/1.07e+05,0/0,1/89.8/143,50000,1060,1,2077,945,2567,0,44,760,246,11,3.6,46,11,0.8,0.3931,3940,530,658,2.96e+03/1.07e+05,1/77.8,1/107/143,50000,1060,1
abl3-f2m0,BB_144_14_14.no-card,0,X,1,1,1,NONE,,0,0,94,1,0,0,0,0,0,0,0,0,0,1038,86,2,2.0,0,0,0.8,0.4,5000,1,1037,0/0,0/0,0/0/0,50000,0,0,0,0,0,0,0,1038,86,2,2.0,0,0,0.8,0.4,5000,1,1037,0/0,0/0,0/0/0,50000,0,0
abl3-f2m0,BB_144_14_14.no-card,1,Z,1,1,1,NONE,,0,0,100,1,0,0,0,0,0,0,0,0,0,1112,86,2,2.0,0,0,0.8,0.4,5000,1,1111,0/0,0/0,0/0/0,50000,0,0,0,0,0,0,0,1112,86,2,2.0,0,0,0.8,0.4,5000,1,1111,0/0,0/0,0/0/0,50000,0,0
abl3-f2m0,BB_144_14_14.no-card,2,X,2,2,1,NONE,,1,0,0,1,1,1,461,0,0,0,0,0,0,1038,86,2,2.0,0,0,0.8,0.4,5000,1,1037,0/0,0/0,0/0/0,50000,0,0,0,0,0,0,0,1038,86,2,2.0,0,0,0.8,0.4,4999,1,1037,0.2/12,0/0,0.4/24.8/62,50000,0,0
abl3-f2m0,BB_144_14_14.no-card,3,Z,2,2,1,NONE,,1,0,0,1,1,1,484,0,0,0,0,0,0,1112,86,2,2.0,0,0,0.8,0.4,5000,1,1111,0/0,0/0,0/0/0,50000,0,0,0,0,0,0,0,1112,86,2,2.0,0,0,0.8,0.4,4999,1,1111,0.2/12.8,0/0,0.4/29.6/74,50000,0,0
abl3-f2m0,BB_144_14_14.no-card,4,X,4,3,1,NONE,,303,634,17610,2,54,54,8935,104,0,0,0,0,0,1038,86,2,2.0,0,0,0.8,0.4,5000,1,1037,0/0,0/0,0/0/0,50000,0,0,0,0,0,0,0,1038,86,3,2.2,2,3,0.8,0.4,4697,1.85e+29,978,5.41e+29/8.76e+30,0/0,1/139/141,50000,302,0
abl3-f2m0,BB_144_14_14.no-card,5,Z,4,3,1,NONE,,293,940,20742,2,67,67,8702,103,0,0,0,0,0,1112,86,2,2.0,0,0,0.8,0.4,5000,1,1111,0/0,0/0,0/0/0,50000,0,0,0,0,0,0,0,1112,86,3,2.3,3,3,0.8,0.4,4707,1.98e+28,1059,9.78e+28/1.16e+30,0/0,1/137/141,50000,292,0
abl3-f2m0,BB_144_14_14.no-card,6,X,8,5,1,NONE,,2229,3110,46241,20,2198,1780,729743,1927,0,0,0,0,0,1038,86,2,2.0,0,0,0.8,0.4,5000,1,1037,0/0,0/0,0/0/0,50000,0,0,0,0,0,0,0,1038,86,9,2.2,14,9,0.8,0.4,2771,8230000000000000.0,919,5.12e+16/2.64e+18,0/0,1/118/143,50000,2228,0
abl3-f2m0,BB_144_14_14.no-card,7,Z,8,5,1,NONE,,1964,2739,36659,17,1883,1631,619651,1788,0,0,0,0,0,1112,86,2,2.0,0,0,0.8,0.4,5000,1,1111,0/0,0/0,0/0/0,50000,0,0,0,0,0,0,0,1112,86,8,2.8,10,8,0.8,0.4,3036,1.72e+90,917,9.4e+90/3.28e+92,0/0,1/105/143,50000,1963,0
abl3-f2m0,BB_144_14_14.no-card,8,X,16,9,1,FOUND,16,3150,4236,67548,31,3564,2801,1172003,2813,0,0,0,0,0,1038,86,2,2.0,0,0,0.8,0.4,5000,1,1037,0/0,0/0,0/0/0,50000,0,0,182,77,2675,0,68,1038,87,6,3.7,18,15,0.8,0.4,1850,185000.0,878,1.01e+06/4.69e+07,0/0,1/87.6/143,50000,3150,1
abl3-f2m0,BB_144_14_14.no-card,9,Z,16,9,1,FOUND,16,28829,35628,617577,142,38054,28269,13716762,28450,0,0,0,0,0,1112,86,2,2.0,0,0,0.8,0.4,5000,1,1111,0/0,0/0,0/0/0,50000,0,0,968,618,20447,0,43,1112,87,8,5.5,203,16,0.82,0.3812,5000,1.3e+42,925,8.62e+42/5.31e+44,1/66.3,0.994/98.2/143,50000,10000,1
abl3-f2m0,BB_144_14_14.no-card,10,X,15,9,1,FOUND,14,232437,265876,5035234,586,315412,229748,113804085,230157,0,0,0,0,0,1038,86,2,2.0,0,0,0.8,0.4,5000,1,1037,0/0,0/0,0/0/0,50000,0,0,10438,1551,21949,0,30,1038,87,1,5.5,1683,15,0.82,0.1776,4988,1.41e+43,868,7.6e+43/4.03e+45,1/83.6,0.989/96/143,50000,10012,1
abl3-f2m0,BB_144_14_14.no-card,11,Z,13,9,1,NONE,,391133,443809,8406690,961,531672,385485,190384089,386418,0,0,0,0,0,1112,86,2,2.0,0,0,0.8,0.4,5000,1,1111,0/0,0/0,0/0/0,50000,0,0,0,0,0,0,0,1112,86,13,4.4,2771,13,0.82,0.06,4996,2.88e+42,929,1.6e+43/1.09e+45,0.946/50.9,1/118/143,50000,10004,0
abl3-f2m0,BB_144_14_14.no-card,12,X,14,9,0,OPT,14,399248,447348,8486894,819,549869,394257,196247382,395025,10438,1551,21949,0,30,1038,87,1,5.5,1683,15,0.82,0.1776,4988,1.41e+43,868,7.6e+43/4.03e+45,1/83.6,0.989/96/143,50000,10012,1,11024,1796,4336,0,44,1038,113,14,5.6,2725,14,0.82,0.06,4988,1.41e+43,853,7.6e+43/4.03e+45,1/57.5,0.985/118/143,50000,10012,1
abl3-f2m0,BB_90_8_10.card-mto,0,X,1,1,1,NONE,,0,0,53,1,0,0,0,0,0,0,0,0,0,425,53,2,2.0,0,0,0.8,0.4,5000,1,424,0/0,0/0,0/0/0,50000,0,0,0,0,0,0,0,425,53,2,2.0,0,0,0.8,0.4,5000,1,424,0/0,0/0,0/0/0,50000,0,0
abl3-f2m0,BB_90_8_10.card-mto,1,Z,1,1,1,NONE,,0,0,47,1,0,0,0,0,0,0,0,0,0,429,53,2,2.0,0,0,0.8,0.4,5000,1,428,0/0,0/0,0/0/0,50000,0,0,0,0,0,0,0,429,53,2,2.0,0,0,0.8,0.4,5000,1,428,0/0,0/0,0/0/0,50000,0,0
abl3-f2m0,BB_90_8_10.card-mto,2,X,2,2,1,NONE,,3,3,239,1,1,0,308,0,0,0,0,0,0,425,53,2,2.0,0,0,0.8,0.4,5000,1,424,0/0,0/0,0/0/0,50000,0,0,0,0,0,0,0,513,53,0,2.0,0,0,0.8,0.4,4997,1.56,405,1.98/32.7,0/0,0.4/14.4/36,50000,2,0
abl3-f2m0,BB_90_8_10.card-mto,3,Z,2,2,1,NONE,,1,0,0,1,1,1,285,0,0,0,0,0,0,429,53,2,2.0,0,0,0.8,0.4,5000,1,428,0/0,0/0,0/0/0,50000,0,0,0,0,0,0,0,517,53,2,2.0,0,0,0.8,0.4,4999,1,428,0.2/11,0/0,0.4/22.8/57,50000,0,0
abl3-f2m0,BB_90_8_10.card-mto,4,X,4,3,1,NONE,,260,602,13504,2,28,28,1855,42,0,0,0,0,0,425,53,2,2.0,0,0,0.8,0.4,5000,1,424,0/0,0/0,0/0/0,50000,0,0,0,0,0,0,0,689,53,2,2.1,2,2,0.8,0.4,4740,1.26e+25,639,6.35e+25/6.62e+26,0/0,0.99/69.5/86,50000,259,0
abl3-f2m0,BB_90_8_10.card-mto,5,Z,4,3,1,NONE,,191,364,23250,2,0,0,0,4,0,0,0,0,0,429,53,2,2.0,0,0,0.8,0.4,5000,1,428,0/0,0/0,0/0/0,50000,0,0,0,0,0,0,0,693,53,0,2.0,0,0,0.8,0.4,4809,2.59e+18,632,1.37e+19/5.44e+20,0/0,0/0/0,50000,190,0
abl3-f2m0,BB_90_8_10.card-mto,6,X,8,5,1,NONE,,806,1217,20785,8,720,550,145585,570,0,0,0,0,0,425,53,2,2.0,0,0,0.8,0.4,5000,1,424,0/0,0/0,0/0/0,50000,0,0,0,0,0,0,0,801,53,8,2.2,5,8,0.8,0.4,4194,1.03e+78,565,5.42e+78/2.3e+80,0/0,1/78.8/89,50000,805,0
abl3-f2m0,BB_90_8_10.card-mto,7,Z,8,5,1,NONE,,1146,1527,18308,7,1012,878,174091,905,0,0,0,0,0,429,53,2,2.0,0,0,0.8,0.4,5000,1,428,0/0,0/0,0/0/0,50000,0,0,0,0,0,0,0,805,53,6,2.6,7,6,0.8,0.4,3854,91600000000.0,562,5.25e+11/7.07e+12,0/0,1/85.4/88,50000,1145,0
abl3-f2m0,BB_90_8_10.card-mto,8,X,16,9,1,FOUND,10,23,139,2299,1,0,0,0,0,0,0,0,0,0,425,53,2,2.0,0,0,0.8,0.4,5000,1,424,0/0,0/0,0/0/0,50000,0,0,23,0,0,908,0,863,53,0,2.0,0,0,0.8,0.4,4977,169,781,466/3.19e+04,0/0,0/0/0,50000,23,1
abl3-f2m0,BB_90_8_10.card-mto,9,Z,16,9,1,FOUND,10,20,81,1651,1,0,0,0,0,0,0,0,0,0,429,53,2,2.0,0,0,0.8,0.4,5000,1,428,0/0,0/0,0/0/0,50000,0,0,20,1,0,908,0,867,53,0,2.0,0,0,0.8,0.4,4980,86.7,807,318/1.53e+04,0/0,0/0/0,50000,20,1
abl3-f2m0,BB_90_8_10.card-mto,10,X,9,9,1,NONE,,2569,3242,44029,12,2830,2230,519559,2261,0,0,0,0,0,425,53,2,2.0,0,0,0.8,0.4,5000,1,424,0/0,0/0,0/0/0,50000,0,0,0,0,0,0,0,863,53,9,2.9,13,9,0.8,0.4,2431,7.33e+48,644,2.15e+49/8.25e+50,0/0,1/64.5/89,50000,2568,0
abl3-f2m0,BB_90_8_10.card-mto,11,Z,9,9,1,NONE,,2789,3636,41287,18,3080,2443,566532,2480,0,0,0,0,0,429,53,2,2.0,0,0,0.8,0.4,5000,1,428,0/0,0/0,0/0/0,50000,0,0,0,0,0,0,0,867,53,9,2.9,17,9,0.8,0.4,2211,1.53e+70,678,7.88e+70/2.32e+72,0/0,1/72/89,50000,2788,0
abl3-f2m0,BB_90_8_10.no-card,0,X,1,1,1,NONE,,0,0,53,1,0,0,0,0,0,0,0,0,0,425,53,2,2.0,0,0,0.8,0.4,5000,1,424,0/0,0/0,0/0/0,50000,0,0,0,0,0,0,0,425,53,2,2.0,0,0,0.8,0.4,5000,1,424,0/0,0/0,0/0/0,50000,0,0
abl3-f2m0,BB_90_8_10.no-card,1,Z,1,1,1,NONE,,0,0,47,1,0,0,0,0,0,0,0,0,0,429,53,2,2.0,0,0,0.8,0.4,5000,1,428,0/0,0/0,0/0/0,50000,0,0,0,0,0,0,0,429,53,2,2.0,0,0,0.8,0.4,5000,1,428,0/0,0/0,0/0/0,50000,0,0
abl3-f2m0,BB_90_8_10.no-card,2,X,2,2,1,NONE,,3,3,251,1,1,0,308,0,0,0,0,0,0,425,53,2,2.0,0,0,0.8,0.4,5000,1,424,0/0,0/0,0/0/0,50000,0,0,0,0,0,0,0,425,53,0,2.0,0,0,0.8,0.4,4997,1.56,388,1.98/32.7,0/0,0.4/14.4/36,50000,2,0
abl3-f2m0,BB_90_8_10.no-card,3,Z,2,2,1,NONE,,1,0,0,1,1,1,279,0,0,0,0,0,0,429,53,2,2.0,0,0,0.8,0.4,5000,1,428,0/0,0/0,0/0/0,50000,0,0,0,0,0,0,0,429,53,2,2.0,0,0,0.8,0.4,4999,1,428,0.2/11,0/0,0.4/22.8/57,50000,0,0
abl3-f2m0,BB_90_8_10.no-card,4,X,4,3,1,NONE,,240,617,12361,2,4,4,644,31,0,0,0,0,0,425,53,2,2.0,0,0,0.8,0.4,5000,1,424,0/0,0/0,0/0/0,50000,0,0,0,0,0,0,0,425,53,3,2.0,1,3,0.8,0.4,4760,1.45e+23,391,6.6e+23/8.03e+24,0/0,0.87/34/57,50000,239,0
abl3-f2m0,BB_90_8_10.no-card,5,Z,4,3,1,NONE,,282,640,11113,2,47,47,3747,79,0,0,0,0,0,429,53,2,2.0,0,0,0.8,0.4,5000,1,428,0/0,0/0,0/0/0,50000,0,0,0,0,0,0,0,429,53,2,2.1,2,2,0.8,0.4,4718,1.7e+27,402,6.97e+27/6.16e+28,0/0,0.998/81.3/85,50000,281,0
abl3-f2m0,BB_90_8_10.no-card,6,X,8,5,1,NONE,,1720,2410,23748,13,1711,1453,294739,1475,0,0,0,0,0,425,53,2,2.0,0,0,0.8,0.4,5000,1,424,0/0,0/0,0/0/0,50000,0,0,0,0,0,0,0,425,53,8,2.8,10,8,0.8,0.4,3280,3.88e+66,373,2.02e+67/6.05e+68,0/0,1/83.2/89,50000,1719,0
abl3-f2m0,BB_90_8_10.no-card,7,Z,8,5,1,NONE,,1454,2007,20925,10,1392,1171,213721,1198,0,0,0,0,0,429,53,2,2.0,0,0,0.8,0.4,5000,1,428,0/0,0/0,0/0/0,50000,0,0,0,0,0,0,0,429,53,8,2.6,10,8,0.8,0.4,3546,6.46e+40,373,3.5e+41/6.6e+42,0/0,1/74.3/89,50000,1453,0
abl3-f2m0,BB_90_8_10.no-card,8,X,16,9,1,FOUND,10,1,15,264,1,0,0,0,0,0,0,0,0,0,425,53,2,2.0,0,0,0.8,0.4,5000,1,424,0/0,0/0,0/0/0,50000,0,0,1,0,0,0,0,425,53,0,2.0,0,0,0.8,0.4,4999,1.25,395,1.5/47,0/0,0/0/0,50000,1,1
abl3-f2m0,BB_90_8_10.no-card,9,Z,16,9,1,FOUND,10,1,13,250,1,0,0,0,0,0,0,0,0,0,429,53,2,2.0,0,0,0.8,0.4,5000,1,428,0/0,0/0,0/0/0,50000,0,0,1,0,0,0,0,429,53,0,2.0,0,0,0.8,0.4,4999,1.25,405,1.5/34.5,0/0,0/0/0,50000,1,1
abl3-f2m0,BB_90_8_10.no-card,10,X,9,9,1,NONE,,2708,3419,45110,20,3030,2354,570940,2391,0,0,0,0,0,425,53,2,2.0,0,0,0.8,0.4,5000,1,424,0/0,0/0,0/0/0,50000,0,0,0,0,0,0,0,425,53,10,2.7,17,10,0.8,0.4,2292,2.16e+62,354,1.29e+63/2.42e+64,0/0,1/72.6/89,50000,2707,0
abl3-f2m0,BB_90_8_10.no-card,11,Z,9,9,1,NONE,,2017,2543,34459,11,2244,1717,464237,1752,0,0,0,0,0,429,53,2,2.0,0,0,0.8,0.4,5000,1,428,0/0,0/0,0/0/0,50000,0,0,0,0,0,0,0,429,53,9,2.9,12,9,0.8,0.4,2983,2.35e+95,354,1.38e+96/6.15e+97,0/0,1/77/89,50000,2016,0
abl3-f2m0,GB_144_12_12.card-mto,0,X,1,1,1,NONE,,0,0,99,1,0,0,0,0,0,0,0,0,0,1006,78,2,2.0,0,0,0.8,0.4,5000,1,1005,0/0,0/0,0/0/0,50000,0,0,0,0,0,0,0,1006,78,2,2.0,0,0,0.8,0.4,5000,1,1005,0/0,0/0,0/0/0,50000,0,0
abl3-f2m0,GB_144_12_12.card-mto,1,Z,1,1,1,NONE,,0,0,95,1,0,0,0,0,0,0,0,0,0,1017,78,2,2.0,0,0,0.8,0.4,5000,1,1016,0/0,0/0,0/0/0,50000,0,0,0,0,0,0,0,1017,78,2,2.0,0,0,0.8,0.4,5000,1,1016,0/0,0/0,0/0/0,50000,0,0
abl3-f2m0,GB_144_12_12.card-mto,2,X,2,2,1,NONE,,7,18,1589,1,1,0,432,0,0,0,0,0,0,1006,78,2,2.0,0,0,0.8,0.4,5000,1,1005,0/0,0/0,0/0/0,50000,0,0,0,0,0,0,0,1148,78,0,2.0,0,0,0.8,0.4,4993,3.81,980,13.2/565,0/0,0.4/36/90,50000,6,0
abl3-f2m0,GB_144_12_12.card-mto,3,Z,2,2,1,NONE,,4,5,885,1,1,0,437,0,0,0,0,0,0,1017,78,2,2.0,0,0,0.8,0.4,5000,1,1016,0/0,0/0,0/0/0,50000,0,0,0,0,0,0,0,1159,78,0,2.0,0,0,0.8,0.4,4996,1.95,1080,4.22/153,0/0,0.4/36.8/92,50000,3,0
abl3-f2m0,GB_144_12_12.card-mto,4,X,4,3,1,NONE,,349,701,71611,1,9,9,3958,19,0,0,0,0,0,1006,78,2,2.0,0,0,0.8,0.4,5000,1,1005,0/0,0/0,0/0/0,50000,0,0,0,0,0,0,0,1432,78,3,2.0,1,3,0.8,0.4,4651,5.3e+33,1243,2.42e+34/1.83e+36,0/0,0.953/95.9/136,50000,348,0
abl3-f2m0,GB_144_12_12.card-mto,5,Z,4,3,1,NONE,,407,857,80051,4,8,7,3393,16,0,0,0,0,0,1017,78,2,2.0,0,0,0.8,0.4,5000,1,1016,0/0,0/0,0/0/0,50000,0,0,0,0,0,0,0,1443,78,3,2.0,1,3,0.8,0.4,4593,2.22e+39,1314,7.77e+39/1.06e+42,0/0,0.922/84.6/139,50000,406,0
abl3-f2m0,GB_144_12_12.card-mto,6,X,8,5,1,NONE,,3843,5823,72828,36,3956,3488,1184586,3520,0,0,0,0,0,1006,78,2,2.0,0,0,0.8,0.4,5000,1,1005,0/0,0/0,0/0/0,50000,0,0,0,0,0,0,0,1588,78,8,4.6,29,8,0.8,0.4,1157,2.13e+72,1401,9.82e+72/2.61e+74,0/0,1/131/143,50000,3842,0
abl3-f2m0,GB_144_12_12.card-mto,7,Z,8,5,1,NONE,,3229,5123,98207,32,3405,2816,1132014,2854,0,0,0,0,0,1017,78,2,2.0,0,0,0.8,0.4,5000,1,1016,0/0,0/0,0/0/0,50000,0,0,0,0,0,0,0,1599,78,8,3.4,18,8,0.8,0.4,1771,6690000000000.0,1397,3.9e+13/1.45e+15,0/0,1/122/143,50000,3228,0
abl3-f2m0,GB_144_12_12.card-mto,8,X,16,9,1,FOUND,15,70725,84686,1577325,263,94840,69491,33174517,69574,0,0,0,0,0,1006,78,2,2.0,0,0,0.8,0.4,5000,1,1005,0/0,0/0,0/0/0,50000,0,0,1842,1718,24017,1421,62,1680,78,1,6.1,513,16,0.82,0.3393,4987,1.72e+43,1449,1.01e+44/4.9e+45,0.988/123,0.992/51.4/143,50000,10013,1
abl3-f2m0,GB_144_12_12.card-mto,9,Z,16,9,1,FOUND,16,302781,345513,6706284,774,415639,299161,145597670,299595,0,0,0,0,0,1017,78,2,2.0,0,0,0.8,0.4,5000,1,1016,0/0,0/0,0/0/0,50000,0,0,11224,6793,16930,1421,71,1691,78,7,6.1,2126,16,0.82,0.1072,4978,1.02e+44,1457,5.72e+44/2.77e+46,0.987/73.7,0.926/111/143,50000,10022,1
abl3-f2m0,GB_144_12_12.card-mto,10,X,15,9,0,OPT,12,434729,492946,9443792,927,594483,428951,206271505,429823,1842,1718,24017,1421,62,1680,78,1,6.1,513,16,0.82,0.3393,4987,1.72e+43,1449,1.01e+44/4.9e+45,0.988/123,0.992/51.4/143,50000,10013,1,12299,1840,2423,1423,41,3702,236,7,7.0,177,15,0.82,0.06,4987,1.72e+43,2782,1.01e+44/4.9e+45,1/39.2,0.985/118/143,50000,10013,1
abl3-f2m0,GB_144_12_12.card-mto,11,Z,12,9,0,OPT,12,116936,133264,2580045,301,160829,115197,55480010,115496,11224,6793,16930,1421,71,1691,78,7,6.1,2126,16,0.82,0.1072,4978,1.02e+44,1457,5.72e+44/2.77e+46,0.987/73.7,0.926/111/143,50000,10022,1,7335,2678,21030,1303,58,2969,97,11,5.8,8,11,0.82,0.06,4978,1.02e+44,2092,5.72e+44/2.77e+46,1/47,0.998/121/143,50000,10022,1
abl3-f2m0,GB_144_12_8.card-mto,0,X,1,1,1,NONE,,0,0,69,1,0,0,0,0,0,0,0,0,0,743,78,2,2.0,0,0,0.8,0.4,5000,1,742,0/0,0/0,0/0/0,50000,0,0,0,0,0,0,0,743,78,2,2.0,0,0,0.8,0.4,5000,1,742,0/0,0/0,0/0/0,50000,0,0
abl3-f2m0,GB_144_12_8.card-mto,1,Z,1,1,1,NONE,,0,0,89,1,0,0,0,0,0,0,0,0,0,856,78,2,2.0,0,0,0.8,0.4,5000,1,855,0/0,0/0,0/0/0,50000,0,0,0,0,0,0,0,856,78,2,2.0,0,0,0.8,0.4,5000,1,855,0/0,0/0,0/0/0,50000,0,0
abl3-f2m0,GB_144_12_8.card-mto,2,X,2,2,1,NONE,,1,0,0,1,1,1,525,0,0,0,0,0,0,743,78,2,2.0,0,0,0.8,0.4,5000,1,742,0/0,0/0,0/0/0,50000,0,0,0,0,0,0,0,885,78,2,2.0,0,0,0.8,0.4,4999,1,742,0.2/23.8,0/0,0.4/34.4/86,50000,0,0
abl3-f2m0,GB_144_12_8.card-mto,3,Z,2,2,1,NONE,,1,0,0,1,1,1,491,0,0,0,0,0,0,856,78,2,2.0,0,0,0.8,0.4,5000,1,855,0/0,0/0,0/0/0,50000,0,0,0,0,0,0,0,998,78,2,2.0,0,0,0.8,0.4,4999,1,855,0.2/8,0/0,0.4/18.4/46,50000,0,0
abl3-f2m0,GB_144_12_8.card-mto,4,X,4,3,1,NONE,,275,620,19253,2,52,52,5447,60,0,0,0,0,0,743,78,2,2.0,0,0,0.8,0.4,5000,1,742,0/0,0/0,0/0/0,50000,0,0,0,0,0,0,0,1169,78,2,2.1,2,2,0.8,0.4,4725,3.58e+26,1109,2.07e+27/2.67e+28,0/0,1/129/138,50000,274,0
abl3-f2m0,GB_144_12_8.card-mto,5,Z,4,3,1,NONE,,282,498,72351,3,0,0,0,1,0,0,0,0,0,856,78,2,2.0,0,0,0.8,0.4,5000,1,855,0/0,0/0,0/0/0,50000,0,0,0,0,0,0,0,1282,78,0,2.0,0,0,0.8,0.4,4718,1.7e+27,1160,7.41e+27/6.53e+29,0/0,0/0/0,50000,281,0
abl3-f2m0,GB_144_12_8.card-mto,6,X,8,5,1,FOUND,8,4,71,1538,1,0,0,0,0,0,0,0,0,0,743,78,2,2.0,0,0,0.8,0.4,5000,1,742,0/0,0/0,0/0/0,50000,0,0,4,0,0,1239,64,1325,78,2,2.0,0,0,0.8,0.4,4996,2.44,1275,5.27/212,0/0,0/0/0,50000,4,1
abl3-f2m0,GB_144_12_8.card-mto,7,Z,8,5,1,FOUND,8,1348,2323,44309,7,1074,1001,241694,1015,0,0,0,0,0,856,78,2,2.0,0,0,0.8,0.4,5000,1,855,0/0,0/0,0/0/0,50000,0,0,612,97,404,1239,46,1438,82,5,2.7,8,7,0.8,0.4,3652,4.31e+30,1319,1.61e+31/5.65e+32,0/0,0.998/90.4/143,50000,1348,1
abl3-f2m0,GB_144_12_8.card-mto,8,X,7,5,1,NONE,,802,1299,30959,6,574,541,143296,567,0,0,0,0,0,743,78,2,2.0,0,0,0.8,0.4,5000,1,742,0/0,0/0,0/0/0,50000,0,0,0,0,0,0,0,1325,78,7,2.4,6,7,0.8,0.4,4198,4.22e+77,1204,2.69e+78/1.17e+80,0/0,1/114/142,50000,801,0
abl3-f2m0,GB_144_12_8.card-mto,9,Z,7,5,1,NONE,,1287,2089,35898,9,1044,992,234104,1011,0,0,0,0,0,856,78,2,2.0,0,0,0.8,0.4,5000,1,855,0/0,0/0,0/0/0,50000,0,0,0,0,0,0,0,1438,78,6,2.8,9,6,0.8,0.4,3713,4.23e+24,1236,2.23e+25/9.38e+26,0/0,1/92.7/143,50000,1286,0
abl3-f2m0,GB_144_12_8.no-card,0,X,1,1,1,NONE,,0,0,69,1,0,0,0,0,0,0,0,0,0,743,78,2,2.0,0,0,0.8,0.4,5000,1,742,0/0,0/0,0/0/0,50000,0,0,0,0,0,0,0,743,78,2,2.0,0,0,0.8,0.4,5000,1,742,0/0,0/0,0/0/0,50000,0,0
abl3-f2m0,GB_144_12_8.no-card,1,Z,1,1,1,NONE,,0,0,89,1,0,0,0,0,0,0,0,0,0,856,78,2,2.0,0,0,0.8,0.4,5000,1,855,0/0,0/0,0/0/0,50000,0,0,0,0,0,0,0,856,78,2,2.0,0,0,0.8,0.4,5000,1,855,0/0,0/0,0/0/0,50000,0,0
abl3-f2m0,GB_144_12_8.no-card,2,X,2,2,1,NONE,,1,0,0,1,1,1,525,0,0,0,0,0,0,743,78,2,2.0,0,0,0.8,0.4,5000,1,742,0/0,0/0,0/0/0,50000,0,0,0,0,0,0,0,743,78,2,2.0,0,0,0.8,0.4,4999,1,742,0.2/23.8,0/0,0.4/34.4/86,50000,0,0
abl3-f2m0,GB_144_12_8.no-card,3,Z,2,2,1,NONE,,1,0,0,1,1,1,491,0,0,0,0,0,0,856,78,2,2.0,0,0,0.8,0.4,5000,1,855,0/0,0/0,0/0/0,50000,0,0,0,0,0,0,0,856,78,2,2.0,0,0,0.8,0.4,4999,1,855,0.2/8,0/0,0.4/18.4/46,50000,0,0
abl3-f2m0,GB_144_12_8.no-card,4,X,4,3,1,NONE,,287,700,17401,2,36,36,4828,63,0,0,0,0,0,743,78,2,2.0,0,0,0.8,0.4,5000,1,742,0/0,0/0,0/0/0,50000,0,0,0,0,0,0,0,743,78,2,2.1,2,2,0.8,0.4,4713,5.2e+27,712,2.73e+28/2.97e+29,0/0,1/120/139,50000,286,0
abl3-f2m0,GB_144_12_8.no-card,5,Z,4,3,1,NONE,,357,564,10676,2,91,91,15685,137,0,0,0,0,0,856,78,2,2.0,0,0,0.8,0.4,5000,1,855,0/0,0/0,0/0/0,50000,0,0,0,0,0,0,0,856,78,3,2.3,3,3,0.8,0.4,4643,3.16e+34,789,1.48e+35/1.87e+36,0/0,1/141/142,50000,356,0
abl3-f2m0,GB_144_12_8.no-card,6,X,8,5,1,FOUND,8,0,2,400,1,0,0,0,0,0,0,0,0,0,743,78,2,2.0,0,0,0.8,0.4,5000,1,742,0/0,0/0,0/0/0,50000,0,0,0,0,0,0,64,743,78,2,2.0,0,0,0.8,0.4,5000,1,731,0/0,0/0,0/0/0,50000,0,1
abl3-f2m0,GB_144_12_8.no-card,7,Z,8,5,1,FOUND,8,2102,2684,36661,17,1875,1689,473918,1870,0,0,0,0,0,856,78,2,2.0,0,0,0.8,0.4,5000,1,855,0/0,0/0,0/0/0,50000,0,0,376,211,695,0,57,856,94,5,3.0,11,7,0.8,0.4,2898,5070.0,768,2.74e+04/1.8e+06,0/0,1/102/143,50000,2102,1
abl3-f2m0,GB_144_12_8.no-card,8,X,7,5,1,NONE,,673,1173,19292,5,440,415,92060,443,0,0,0,0,0,743,78,2,2.0,0,0,0.8,0.4,5000,1,742,0/0,0/0,0/0/0,50000,0,0,0,0,0,0,0,743,78,7,2.3,5,7,0.8,0.4,4327,1.33e+65,682,7.93e+65/3.09e+67,0/0,1/109/143,50000,672,0
abl3-f2m0,GB_144_12_8.no-card,9,Z,7,5,1,NONE,,943,1203,18369,6,736,640,185441,743,0,0,0,0,0,856,78,2,2.0,0,0,0.8,0.4,5000,1,855,0/0,0/0,0/0/0,50000,0,0,0,0,0,0,0,856,78,7,2.6,7,7,0.8,0.4,4057,1.95e+91,758,1.04e+92/4.06e+93,0/0,1/122/143,50000,942,0
abl3-f2m0,LP_238_44_6.card-mto,0,X,1,1,1,NONE,,3,3,1718,1,1,0,1165,0,0,0,0,0,0,1630,151,2,2.0,0,0,0.8,0.4,5000,1,1630,0/0,0/0,0/0/0,50000,0,0,0,0,0,0,0,1867,151,1,2.0,0,0,0.8,0.4,4997,1.56,1804,3.48/371,0/0,0.4/37.2/93,50000,2,0
abl3-f2m0,LP_238_44_6.card-mto,1,Z,1,1,1,NONE,,3,3,1665,1,1,0,1286,0,0,0,0,0,0,1630,149,2,2.0,0,0,0.8,0.4,5000,1,1630,0/0,0/0,0/0/0,50000,0,0,0,0,0,0,0,1867,149,1,2.0,0,0,0.8,0.4,4997,1.56,1805,3.48/286,0/0,0.4/33.2/83,50000,2,0
abl3-f2m0,LP_238_44_6.card-mto,2,X,2,2,1,NONE,,292,699,48584,2,0,0,0,12,0,0,0,0,0,1630,151,2,2.0,0,0,0.8,0.4,5000,1,1630,0/0,0/0,0/0/0,50000,0,0,0,0,0,0,0,2341,151,0,2.0,0,0,0.8,0.4,4708,1.59e+28,2275,8.77e+28/3.48e+30,0/0,0/0/0,50000,291,0
abl3-f2m0,LP_238_44_6.card-mto,3,Z,2,2,1,NONE,,289,1304,75591,3,6,6,2241,15,0,0,0,0,0,1630,149,2,2.0,0,0,0.8,0.4,5000,1,1630,0/0,0/0,0/0/0,50000,0,0,0,0,0,0,0,2341,149,2,2.0,1,2,0.8,0.4,4711,8.13e+27,2264,3.14e+28/2.64e+30,0/0,0.64/63.9/131,50000,288,0
abl3-f2m0,LP_238_44_6.card-mto,4,X,4,3,1,NONE,,1350,3834,103980,17,1012,945,533359,989,0,0,0,0,0,1630,151,2,2.0,0,0,0.8,0.4,5000,1,1630,0/0,0/0,0/0/0,50000,0,0,0,0,0,0,0,2595,151,3,2.7,9,5,0.8,0.4,3650,5.39e+30,2455,2.76e+31/2.48e+33,0/0,0.999/164/238,50000,1349,0
abl3-f2m0,LP_238_44_6.card-mto,5,Z,4,3,1,NONE,,1300,2782,86351,13,995,927,473644,961,0,0,0,0,0,1630,149,2,2.0,0,0,0.8,0.4,5000,1,1630,0/0,0/0,0/0/0,50000,0,0,0,0,0,0,0,2595,149,5,2.7,9,5,0.8,0.4,3700,7.69e+25,2421,2.99e+26/1.96e+28,0/0,0.995/187/238,50000,1299,0
abl3-f2m0,LP_238_44_6.card-mto,6,X,8,5,1,FOUND,8,542,1978,88860,5,194,87,137207,95,0,0,0,0,0,1630,151,2,2.0,0,0,0.8,0.4,5000,1,1630,0/0,0/0,0/0/0,50000,0,0,173,74,327,2364,48,2721,151,4,2.0,2,10,0.8,0.4,4458,3.35e+52,2652,9.97e+52/3.41e+54,0/0,0.996/98.1/238,50000,542,1
abl3-f2m0,LP_238_44_6.card-mto,7,Z,8,5,1,FOUND,8,636,1221,74014,4,335,265,197529,307,0,0,0,0,0,1630,149,2,2.0,0,0,0.8,0.4,5000,1,1630,0/0,0/0,0/0/0,50000,0,0,390,189,408,2364,139,2721,149,4,2.2,4,9,0.8,0.4,4364,4.31e+61,2542,1.6e+62/1.29e+64,0/0,1/120/238,50000,636,1
abl3-f2m0,LP_238_44_6.card-mto,8,X,7,5,1,FOUND,6,1807,3818,135880,21,1754,1403,1247863,1429,0,0,0,0,0,1630,151,2,2.0,0,0,0.8,0.4,5000,1,1630,0/0,0/0,0/0/0,50000,0,0,683,437,1329,2080,64,2595,152,1,2.9,10,7,0.8,0.4,3193,1.31e+75,2433,5.01e+75/2.02e+77,0/0,0.999/84.6/238,50000,1807,1
abl3-f2m0,LP_238_44_6.card-mto,9,Z,5,5,1,NONE,,1947,4500,142167,26,1758,1453,1214890,1519,0,0,0,0,0,1630,149,2,2.0,0,0,0.8,0.4,5000,1,1630,0/0,0/0,0/0/0,50000,0,0,0,0,0,0,0,2595,149,6,2.3,8,6,0.8,0.4,3053,3.86e+88,2401,1.52e+89/7.3e+90,0/0,1/187/238,50000,1946,0
abl3-f2m0,LP_238_44_6.card-mto,10,X,6,5,0,OPT,6,726,1547,109420,6,660,461,498543,475,683,437,1329,2080,64,2595,152,1,2.9,10,7,0.8,0.4,3193,1.31e+75,2433,5.01e+75/2.02e+77,0/0,0.999/84.6/238,50000,1807,1,1496,656,1845,2073,99,3557,158,7,3.2,5,7,0.8,0.3993,3193,1.31e+75,3350,5.01e+75/2.02e+77,0.991/210,1/186/238,50000,1807,1
abl3-f2m0,LP_238_44_6.no-card,0,X,1,1,1,NONE,,12,17,1597,1,1,0,1165,3,0,0,0,0,0,1630,151,2,2.0,0,0,0.8,0.4,5000,1,1630,0/0,0/0,0/0/0,50000,0,0,0,0,0,0,0,1630,151,0,2.0,0,0,0.8,0.4,4988,11.6,1485,38.4/1.37e+03,0/0,0.4/37.2/93,50000,11,0
abl3-f2m0,LP_238_44_6.no-card,1,Z,1,1,1,NONE,,3,3,973,1,1,0,1286,0,0,0,0,0,0,1630,149,2,2.0,0,0,0.8,0.4,5000,1,1630,0/0,0/0,0/0/0,50000,0,0,0,0,0,0,0,1630,149,0,2.0,0,0,0.8,0.4,4997,1.56,1609,3.48/112,0/0,0.4/33.2/83,50000,2,0
abl3-f2m0,LP_238_44_6.no-card,2,X,2,2,1,NONE,,367,1196,48696,4,36,34,16959,106,0,0,0,0,0,1630,151,2,2.0,0,0,0.8,0.4,5000,1,1630,0/0,0/0,0/0/0,50000,0,0,0,0,0,0,0,1630,151,2,2.2,2,2,0.8,0.4,4633,2.94e+35,1590,1.38e+36/3.69e+37,0/0,0.999/199/229,50000,366,0
abl3-f2m0,LP_238_44_6.no-card,3,Z,2,2,1,NONE,,282,1162,39064,3,32,32,15166,73,0,0,0,0,0,1630,149,2,2.0,0,0,0.8,0.4,5000,1,1630,0/0,0/0,0/0/0,50000,0,0,0,0,0,0,0,1630,149,2,2.1,2,2,0.8,0.4,4718,1.7e+27,1583,8.81e+27/1.5e+29,0/0,0.998/196/227,50000,281,0
abl3-f2m0,LP_238_44_6.no-card,4,X,4,3,1,NONE,,689,1550,52392,6,454,431,186336,459,0,0,0,0,0,1630,151,2,2.0,0,0,0.8,0.4,5000,1,1630,0/0,0/0,0/0/0,50000,0,0,0,0,0,0,0,1630,151,5,2.3,5,5,0.8,0.4,4311,4.72e+66,1547,2.79e+67/6.2e+68,0/0,1/185/237,50000,688,0
abl3-f2m0,LP_238_44_6.no-card,5,Z,4,3,1,NONE,,949,2396,82405,10,685,630,370176,700,0,0,0,0,0,1630,149,2,2.0,0,0,0.8,0.4,5000,1,1630,0/0,0/0,0/0/0,50000,0,0,0,0,0,0,0,1630,149,5,2.4,7,5,0.8,0.4,4051,7.42e+91,1564,4.18e+92/2.63e+94,0/0,0.989/177/238,50000,948,0
abl3-f2m0,LP_238_44_6.no-card,6,X,8,5,1,FOUND,8,1327,2659,58939,13,1237,1097,656638,1126,0,0,0,0,0,1630,151,2,2.0,0,0,0.8,0.4,5000,1,1630,0/0,0/0,0/0/0,50000,0,0,918,130,695,0,109,1630,154,3,2.6,9,9,0.8,0.4,3673,3.98e+28,1509,2.12e+29/2.09e+31,0/0,0.996/120/238,50000,1327,1
abl3-f2m0,LP_238_44_6.no-card,7,Z,8,5,1,FOUND,8,1186,2482,52607,14,1050,944,579270,984,0,0,0,0,0,1630,149,2,2.0,0,0,0.8,0.4,5000,1,1630,0/0,0/0,0/0/0,50000,0,0,479,7,960,0,50,1630,150,5,2.7,8,8,0.8,0.4,3814,862000000000000.0,1574,3.57e+15/3.32e+17,0/0,0.999/132/238,50000,1186,1
abl3-f2m0,LP_238_44_6.no-card,8,X,7,5,1,FOUND,6,1769,3574,87937,18,1747,1476,1178801,1514,0,0,0,0,0,1630,151,2,2.0,0,0,0.8,0.4,5000,1,1630,0/0,0/0,0/0/0,50000,0,0,1293,509,1006,0,44,1630,159,1,2.6,8,8,0.8,0.4,3231,2.72e+71,1599,8.18e+71/7.25e+73,0/0,0.958/110/238,50000,1769,1
abl3-f2m0,LP_238_44_6.no-card,9,Z,5,5,1,NONE,,2170,4579,120749,27,2151,1789,1485945,1888,0,0,0,0,0,1630,149,2,2.0,0,0,0.8,0.4,5000,1,1630,0/0,0/0,0/0/0,50000,0,0,0,0,0,0,0,1630,149,6,2.5,14,6,0.8,0.4,2830,15800000000.0,1421,7.38e+10/6.08e+12,0/0,0.999/188/238,50000,2169,0
abl3-f2m0,LP_238_44_6.no-card,10,X,6,5,0,OPT,6,496,805,22042,4,555,438,395070,461,1293,509,1006,0,44,1630,159,1,2.6,8,8,0.8,0.4,3231,2.72e+71,1599,8.18e+71/7.25e+73,0/0,0.958/110/238,50000,1769,1,176,46,671,0,99,1630,229,5,2.7,3,5,0.8,0.3995,3231,2.72e+71,1521,8.18e+71/7.25e+73,0.984/93,0.998/196/238,50000,1769,1
abl3-f2m0,LP_340_56_8.card-mto,0,X,1,1,1,NONE,,1,0,0,1,1,1,2391,0,0,0,0,0,0,2589,208,2,2.0,0,0,0.8,0.4,5000,1,2589,0/0,0/0,0/0/0,50000,0,0,0,0,0,0,0,2928,208,2,2.0,0,0,0.8,0.4,4999,1,2589,0.2/78.2,0/0,0.4/128/319,50000,0,0
abl3-f2m0,LP_340_56_8.card-mto,1,Z,1,1,1,NONE,,1,0,0,1,1,1,2331,0,0,0,0,0,0,2589,206,2,2.0,0,0,0.8,0.4,5000,1,2589,0/0,0/0,0/0/0,50000,0,0,0,0,0,0,0,2928,206,2,2.0,0,0,0.8,0.4,4999,1,2589,0.2/78,0/0,0.4/126/316,50000,0,0
abl3-f2m0,LP_340_56_8.card-mto,2,X,2,2,1,NONE,,275,1088,83131,3,0,0,0,6,0,0,0,0,0,2589,208,2,2.0,0,0,0.8,0.4,5000,1,2589,0/0,0/0,0/0/0,50000,0,0,0,0,0,0,0,3606,208,0,2.0,0,0,0.8,0.4,4725,3.58e+26,3554,1.54e+27/4.68e+29,0/0,0/0/0,50000,274,0
abl3-f2m0,LP_340_56_8.card-mto,3,Z,2,2,1,NONE,,193,489,71922,2,0,0,0,4,0,0,0,0,0,2589,206,2,2.0,0,0,0.8,0.4,5000,1,2589,0/0,0/0,0/0/0,50000,0,0,0,0,0,0,0,3606,206,0,2.0,0,0,0.8,0.4,4807,4.04e+18,3422,1.77e+19/9.42e+20,0/0,0/0/0,50000,192,0
abl3-f2m0,LP_340_56_8.card-mto,4,X,4,3,1,NONE,,1986,4847,157529,24,1424,1398,806460,1488,0,0,0,0,0,2589,208,2,2.0,0,0,0.8,0.4,5000,1,2589,0/0,0/0,0/0/0,50000,0,0,0,0,0,0,0,4028,208,4,2.6,6,4,0.8,0.4,3014,2.32e+92,3756,1.36e+93/4.63e+94,0/0,1/324/340,50000,1985,0
abl3-f2m0,LP_340_56_8.card-mto,5,Z,4,3,1,NONE,,1359,3509,121368,18,1075,979,945030,1037,0,0,0,0,0,2589,206,2,2.0,0,0,0.8,0.4,5000,1,2589,0/0,0/0,0/0/0,50000,0,0,0,0,0,0,0,4028,206,5,2.5,9,5,0.8,0.4,3641,4.02e+31,3841,1.99e+32/2.03e+34,0/0,1/299/340,50000,1358,0
abl3-f2m0,LP_340_56_8.card-mto,6,X,8,5,1,FOUND,8,1689,3777,224151,11,932,853,672313,875,0,0,0,0,0,2589,208,2,2.0,0,0,0.8,0.4,5000,1,2589,0/0,0/0,0/0/0,50000,0,0,941,302,959,3528,257,4282,434,5,2.6,7,9,0.8,0.4,3311,4.8e+63,3916,1.86e+64/7.83e+65,0/0,1/174/340,50000,1689,1
abl3-f2m0,LP_340_56_8.card-mto,7,Z,8,5,1,FOUND,8,1084,2264,98594,4,754,728,318167,758,0,0,0,0,0,2589,206,2,2.0,0,0,0.8,0.4,5000,1,2589,0/0,0/0,0/0/0,50000,0,0,825,147,517,3528,240,4282,206,5,2.7,8,8,0.8,0.4,3916,112000.0,3912,3.12e+05/3.59e+07,0/0,1/192/340,50000,1084,1
abl3-f2m0,LP_340_56_8.card-mto,8,X,7,5,1,NONE,,7974,16296,525757,72,8816,7146,9769901,7285,0,0,0,0,0,2589,208,2,2.0,0,0,0.8,0.4,5000,1,2589,0/0,0/0,0/0/0,50000,0,0,0,0,0,0,0,4028,208,8,2.7,62,8,0.81,0.4,2026,4.16e+56,3791,2.4e+57/1.6e+59,0/0,1/286/340,50000,7973,0
abl3-f2m0,LP_340_56_8.card-mto,9,Z,7,5,1,NONE,,8860,17208,407200,78,10048,8265,11013795,8395,0,0,0,0,0,2589,206,2,2.0,0,0,0.8,0.4,5000,1,2589,0/0,0/0,0/0/0,50000,0,0,0,0,0,0,0,4028,206,8,2.7,69,8,0.81,0.4,1140,5.02e+37,3756,2.78e+38/2.58e+40,0/0,1/299/340,50000,8859,0
abl3-f2m0,LP_340_56_8.no-card,0,X,1,1,1,NONE,,1,0,0,1,1,1,2391,0,0,0,0,0,0,2589,208,2,2.0,0,0,0.8,0.4,5000,1,2589,0/0,0/0,0/0/0,50000,0,0,0,0,0,0,0,2589,208,2,2.0,0,0,0.8,0.4,4999,1,2589,0.2/78.2,0/0,0.4/128/319,50000,0,0
abl3-f2m0,LP_340_56_8.no-card,1,Z,1,1,1,NONE,,1,0,0,1,1,1,2331,0,0,0,0,0,0,2589,206,2,2.0,0,0,0.8,0.4,5000,1,2589,0/0,0/0,0/0/0,50000,0,0,0,0,0,0,0,2589,206,2,2.0,0,0,0.8,0.4,4999,1,2589,0.2/78,0/0,0.4/126/316,50000,0,0
abl3-f2m0,LP_340_56_8.no-card,2,X,2,2,1,NONE,,237,874,45681,3,45,44,39476,93,0,0,0,0,0,2589,208,2,2.0,0,0,0.8,0.4,5000,1,2589,0/0,0/0,0/0/0,50000,0,0,0,0,0,0,0,2589,208,3,2.0,2,3,0.8,0.4,4763,7.43e+22,2537,3.6e+23/1.24e+25,0/0,0.998/299/339,50000,236,0
abl3-f2m0,LP_340_56_8.no-card,3,Z,2,2,1,NONE,,237,1548,44315,1,31,31,24716,73,0,0,0,0,0,2589,206,2,2.0,0,0,0.8,0.4,5000,1,2589,0/0,0/0,0/0/0,50000,0,0,0,0,0,0,0,2589,206,3,2.0,2,3,0.8,0.4,4763,7.43e+22,2514,3.22e+23/6.83e+24,0/0,0.996/322/338,50000,236,0
abl3-f2m0,LP_340_56_8.no-card,4,X,4,3,1,NONE,,1353,3657,126253,19,1118,987,1085407,1067,0,0,0,0,0,2589,208,2,2.0,0,0,0.8,0.4,5000,1,2589,0/0,0/0,0/0/0,50000,0,0,0,0,0,0,0,2589,208,5,2.4,9,5,0.8,0.4,3647,1.05e+31,2460,5.54e+31/2.77e+33,0/0,1/291/339,50000,1352,0
abl3-f2m0,LP_340_56_8.no-card,5,Z,4,3,1,NONE,,1455,4365,127475,20,1173,1113,890413,1194,0,0,0,0,0,2589,206,2,2.0,0,0,0.8,0.4,5000,1,2589,0/0,0/0,0/0/0,50000,0,0,0,0,0,0,0,2589,206,4,2.8,9,4,0.8,0.4,3545,8.08e+40,2496,3.88e+41/3.61e+43,0/0,1/236/340,50000,1454,0
abl3-f2m0,LP_340_56_8.no-card,6,X,8,5,1,FOUND,8,870,1712,70646,7,755,664,716500,691,0,0,0,0,0,2589,208,2,2.0,0,0,0.8,0.4,5000,1,2589,0/0,0/0,0/0/0,50000,0,0,1117,501,600,0,235,2589,210,2,2.1,4,9,0.8,0.4,4130,2.05e+84,2219,1.01e+85/6.42e+86,0/0,1/145/340,50000,870,1
abl3-f2m0,LP_340_56_8.no-card,7,Z,8,5,1,FOUND,8,1582,2948,61906,11,1364,1253,976569,1362,0,0,0,0,0,2589,206,2,2.0,0,0,0.8,0.4,5000,1,2589,0/0,0/0,0/0/0,50000,0,0,1192,860,1221,0,157,2589,207,4,2.9,10,8,0.8,0.4,3418,2.05e+53,2318,1.15e+54/1.17e+56,0/0,0.999/163/340,50000,1582,1
abl3-f2m0,LP_340_56_8.no-card,8,X,7,5,1,NONE,,4328,8542,263133,33,4902,3917,4961652,4008,0,0,0,0,0,2589,208,2,2.0,0,0,0.8,0.4,5000,1,2589,0/0,0/0,0/0/0,50000,0,0,0,0,0,0,0,2589,208,8,2.6,34,8,0.8,0.4,672,2.14e+19,2467,1.21e+20/8.47e+21,0/0,1/246/340,50000,4327,0
abl3-f2m0,LP_340_56_8.no-card,9,Z,7,5,1,NONE,,10155,20208,498248,103,11660,9504,13402391,9667,0,0,0,0,0,2589,206,2,2.0,0,0,0.8,0.4,5000,1,2589,0/0,0/0,0/0/0,50000,0,0,0,0,0,0,0,2589,206,8,3.1,75,8,0.82,0.3999,4973,2.76e+44,2341,1.51e+45/8.66e+46,0.965/131,1/285/340,50000,10027,0
abl3-f2m0,LP_442_68_10.card-mto,0,X,1,1,1,NONE,,5,5,3614,1,1,0,2301,0,0,0,0,0,0,3558,265,2,2.0,0,0,0.8,0.4,5000,1,3558,0/0,0/0,0/0/0,50000,0,0,0,0,0,0,0,3999,265,1,2.0,0,0,0.8,0.4,4995,2.44,3790,8.75/1.83e+03,0/0,0.4/87.2/218,50000,4,0
abl3-f2m0,LP_442_68_10.card-mto,1,Z,1,1,1,NONE,,3,3,3672,1,1,0,2298,0,0,0,0,0,0,3558,263,2,2.0,0,0,0.8,0.4,5000,1,3558,0/0,0/0,0/0/0,50000,0,0,0,0,0,0,0,3999,263,1,2.0,0,0,0.8,0.4,4997,1.56,3782,3.48/605,0/0,0.4/74.4/186,50000,2,0
abl3-f2m0,LP_442_68_10.card-mto,2,X,2,2,1,NONE,,341,1650,162986,4,0,0,0,11,0,0,0,0,0,3558,265,2,2.0,0,0,0.8,0.4,5000,1,3558,0/0,0/0,0/0/0,50000,0,0,0,0,0,0,0,4881,265,0,2.0,0,0,0.8,0.4,4659,8.9e+32,4785,4.44e+33/1.62e+36,0/0,0/0/0,50000,340,0
abl3-f2m0,LP_442_68_10.card-mto,3,Z,2,2,1,NONE,,265,950,125825,3,0,0,0,6,0,0,0,0,0,3558,263,2,2.0,0,0,0.8,0.4,5000,1,3558,0/0,0/0,0/0/0,50000,0,0,0,0,0,0,0,4881,263,0,2.0,0,0,0.8,0.4,4735,3.84e+25,4846,2.1e+26/6.64e+28,0/0,0/0/0,50000,264,0
abl3-f2m0,LP_442_68_10.card-mto,4,X,4,3,1,NONE,,878,3077,147578,9,565,522,523139,561,0,0,0,0,0,3558,265,2,2.0,0,0,0.8,0.4,5000,1,3558,0/0,0/0,0/0/0,50000,0,0,0,0,0,0,0,5391,265,5,2.3,7,5,0.8,0.4,4122,9.77e+84,5231,5.1e+85/3.11e+87,0/0,1/415/442,50000,877,0
abl3-f2m0,LP_442_68_10.card-mto,5,Z,4,3,1,NONE,,1021,2655,138452,13,745,696,746138,721,0,0,0,0,0,3558,263,2,2.0,0,0,0.8,0.4,5000,1,3558,0/0,0/0,0/0/0,50000,0,0,0,0,0,0,0,5391,263,5,2.5,7,5,0.8,0.4,3979,7.05e+98,5219,3.72e+99/2.58e+101,0/0,1/369/442,50000,1020,0
abl3-f2m0,LP_442_68_10.card-mto,6,X,8,5,1,NONE,,7210,15410,461524,60,8244,6655,11817140,6777,0,0,0,0,0,3558,265,2,2.0,0,0,0.8,0.4,5000,1,3558,0/0,0/0,0/0/0,50000,0,0,0,0,0,0,0,5645,265,9,2.7,54,9,0.81,0.4,2790,5.03e+86,5024,2.5e+87/1.11e+89,0/0,1/327/442,50000,7209,0
abl3-f2m0,LP_442_68_10.card-mto,7,Z,8,5,1,NONE,,14991,31170,868227,131,17174,14248,24619094,14409,0,0,0,0,0,3558,263,2,2.0,0,0,0.8,0.4,5000,1,3558,0/0,0/0,0/0/0,50000,0,0,0,0,0,0,0,5645,263,10,2.9,109,10,0.82,0.395,4997,2.36e+42,5271,1.16e+43/1.01e+45,0.953/194,1/420/442,50000,10003,0
abl3-f2m0,LP_442_68_10.card-mto,8,X,16,9,1,FOUND,16,34090,49323,1773927,85,37084,27567,39509371,27647,0,0,0,0,0,3558,265,2,2.0,0,0,0.8,0.4,5000,1,3558,0/0,0/0,0/0/0,50000,0,0,2319,1893,15053,4758,258,5771,362,9,3.9,225,17,0.82,0.3759,5000,1.3e+42,5213,7.66e+42/5.75e+44,0.968/172,1/292/442,50000,10000,1
abl3-f2m0,LP_442_68_10.card-mto,9,Z,16,9,1,FOUND,16,27311,44709,1284333,149,32576,26745,47805579,26903,0,0,0,0,0,3558,263,2,2.0,0,0,0.8,0.4,5000,1,3558,0/0,0/0,0/0/0,50000,0,0,1549,38,18878,4758,172,5771,263,6,3.2,202,17,0.82,0.3827,4999,1.59e+42,5563,1.02e+43/2.11e+45,0.987/213,0.998/279/442,50000,10001,1
abl3-f2m0,LP_442_68_10.card-mto,10,X,15,9,1,FOUND,14,49316,77638,2194174,209,59583,48512,81749127,48636,0,0,0,0,0,3558,265,2,2.0,0,0,0.8,0.4,5000,1,3558,0/0,0/0,0/0/0,50000,0,0,1919,1419,17148,4473,88,5645,265,1,3.8,416,16,0.82,0.3607,5000,1.3e+42,5267,7.23e+42/7.44e+44,0.998/217,1/167/442,50000,10000,1
abl3-f2m0,LP_442_68_10.card-mto,11,Z,13,9,1,FOUND,12,2544,5930,198230,24,2616,2203,3863099,2210,0,0,0,0,0,3558,263,2,2.0,0,0,0.8,0.4,5000,1,3558,0/0,0/0,0/0/0,50000,0,0,1516,1227,2255,4474,122,5645,263,1,3.7,18,13,0.8,0.4,2456,3.46e+46,5249,5.79e+46/3.56e+48,0/0,0.977/147/442,50000,2544,1
abl3-f2m0,LP_442_68_10.card-mto,12,Z,12,9,0,OPT,10,42853,67368,2085683,127,52269,41850,72936168,42177,1516,1227,2255,4474,122,5645,263,1,3.7,18,13,0.8,0.4,2456,3.46e+46,5249,5.79e+46/3.56e+48,0/0,0.977/147/442,50000,2544,1,5279,2645,12705,4475,208,9819,392,12,4.5,183,12,0.8,0.3571,2456,3.46e+46,7430,5.79e+46/3.56e+48,1/166,1/393/442,50000,2544,1
abl3-f2m0,LP_442_68_10.card-mto,13,X,10,9,0,OPT,10,10835,20110,537451,45,13206,10524,16780022,10615,1919,1419,17148,4473,88,5645,265,1,3.8,416,16,0.82,0.3607,5000,1.3e+42,5267,7.23e+42/7.44e+44,0.998/217,1/167/442,50000,10000,1,2339,564,2386,4475,208,9819,521,11,4.4,72,11,0.82,0.3498,5000,1.3e+42,7342,7.23e+42/7.44e+44,1/170,0.997/344/442,50000,10000,1
abl3-f2m0,LP_442_68_10.no-card,0,X,1,1,1,NONE,,42,224,8663,1,1,0,2301,17,0,0,0,0,0,3558,265,2,2.0,0,0,0.8,0.4,5000,1,3558,0/0,0/0,0/0/0,50000,0,0,0,0,0,0,0,3558,265,0,2.0,0,0,0.8,0.4,4958,9400.0,3522,2.48e+04/6.9e+05,0/0,0.4/87.2/218,50000,41,0
abl3-f2m0,LP_442_68_10.no-card,1,Z,1,1,1,NONE,,14,37,5217,1,1,0,2298,5,0,0,0,0,0,3558,263,2,2.0,0,0,0.8,0.4,5000,1,3558,0/0,0/0,0/0/0,50000,0,0,0,0,0,0,0,3558,263,0,2.0,0,0,0.8,0.4,4986,18.2,3355,62.5/8.05e+03,0/0,0.4/74.4/186,50000,13,0
abl3-f2m0,LP_442_68_10.no-card,2,X,2,2,1,NONE,,344,1558,89418,6,70,69,56567,114,0,0,0,0,0,3558,265,2,2.0,0,0,0.8,0.4,5000,1,3558,0/0,0/0,0/0/0,50000,0,0,0,0,0,0,0,3558,265,3,2.1,3,3,0.8,0.4,4656,1.74e+33,3458,9.11e+33/3.31e+35,0/0,0.994/417/440,50000,343,0
abl3-f2m0,LP_442_68_10.no-card,3,Z,2,2,1,NONE,,287,2011,74886,3,48,45,46905,82,0,0,0,0,0,3558,263,2,2.0,0,0,0.8,0.4,5000,1,3558,0/0,0/0,0/0/0,50000,0,0,0,0,0,0,0,3558,263,3,2.0,2,3,0.8,0.4,4713,5.2e+27,3513,2.39e+28/9.1e+29,0/0,0.98/351/439,50000,286,0
abl3-f2m0,LP_442_68_10.no-card,4,X,4,3,1,NONE,,885,2917,118974,11,654,608,697262,658,0,0,0,0,0,3558,265,2,2.0,0,0,0.8,0.4,5000,1,3558,0/0,0/0,0/0/0,50000,0,0,0,0,0,0,0,3558,265,5,2.4,7,5,0.8,0.4,4115,4.66e+85,3477,2.64e+86/1.03e+88,0/0,1/322/441,50000,884,0
abl3-f2m0,LP_442_68_10.no-card,5,Z,4,3,1,NONE,,1856,4933,172403,24,1542,1512,1211136,1572,0,0,0,0,0,3558,263,2,2.0,0,0,0.8,0.4,5000,1,3558,0/0,0/0,0/0/0,50000,0,0,0,0,0,0,0,3558,263,4,3.0,11,4,0.8,0.4,3144,5.86e+79,3419,2.95e+80/1.25e+82,0/0,1/430/442,50000,1855,0
abl3-f2m0,LP_442_68_10.no-card,6,X,8,5,1,NONE,,6460,13376,375796,54,7503,6089,10464313,6172,0,0,0,0,0,3558,265,2,2.0,0,0,0.8,0.4,5000,1,3558,0/0,0/0,0/0/0,50000,0,0,0,0,0,0,0,3558,265,9,2.9,52,10,0.81,0.4,3540,1.16e+18,3327,6.71e+18/4.21e+20,0/0,1/362/442,50000,6459,0
abl3-f2m0,LP_442_68_10.no-card,7,Z,8,5,1,NONE,,15871,31421,868131,130,18483,15276,27765518,15459,0,0,0,0,0,3558,263,2,2.0,0,0,0.8,0.4,5000,1,3558,0/0,0/0,0/0/0,50000,0,0,0,0,0,0,0,3558,263,9,2.7,117,9,0.82,0.3941,4988,1.41e+43,3450,7.11e+43/7.68e+45,0.932/163,1/367/442,50000,10012,0
abl3-f2m0,LP_442_68_10.no-card,8,X,16,9,1,FOUND,16,9509,17558,392638,78,10889,9254,15371663,9286,0,0,0,0,0,3558,265,2,2.0,0,0,0.8,0.4,5000,1,3558,0/0,0/0,0/0/0,50000,0,0,671,629,8953,0,293,3558,268,7,2.8,79,18,0.81,0.4,491,1.53e+97,2954,6.84e+97/7.08e+99,0/0,1/257/442,50000,9509,1
abl3-f2m0,LP_442_68_10.no-card,9,Z,16,9,1,FOUND,14,14118,26620,547395,107,16151,13802,22045371,13846,0,0,0,0,0,3558,263,2,2.0,0,0,0.8,0.4,5000,1,3558,0/0,0/0,0/0/0,50000,0,0,775,1934,13585,0,173,3558,264,2,3.3,114,19,0.82,0.3959,4984,3.11e+43,3268,2.17e+44/3.31e+46,1/196,1/243/442,50000,10016,1
abl3-f2m0,LP_442_68_10.no-card,10,Z,14,9,0,OPT,10,38970,58933,1923343,106,47066,38167,67742759,38487,775,1934,13585,0,173,3558,264,2,3.3,114,19,0.82,0.3959,4984,3.11e+43,3268,2.17e+44/3.31e+46,1/196,1/243/442,50000,10016,1,2758,1004,8209,0,145,3558,546,13,6.0,181,13,0.82,0.3569,4984,3.11e+43,3470,2.17e+44/3.31e+46,1/181,1/362/442,50000,10016,1
abl3-f2m0,LP_442_68_10.no-card,11,X,10,9,0,OPT,10,13974,22106,720838,60,17146,13538,23189061,13670,671,629,8953,0,293,3558,268,7,2.8,79,18,0.81,0.4,491,1.53e+97,2954,6.84e+97/7.08e+99,0/0,1/257/442,50000,9509,1,1738,938,4603,0,120,3558,777,12,4.1,91,12,0.81,0.386,491,1.53e+97,3157,6.84e+97/7.08e+99,1/221,1/375/442,50000,9509,1
abl3-f2m0,TN_144_2_13.no-card,0,X,1,1,1,NONE,,9,27,1100,1,1,0,526,2,0,0,0,0,0,791,78,2,2.0,0,0,0.8,0.4,5000,1,791,0/0,0/0,0/0/0,50000,0,0,0,0,0,0,0,791,78,0,2.0,0,0,0.8,0.4,4991,5.96,764,18.2/372,0/0,0.4/33.2/83,50000,8,0
abl3-f2m0,TN_144_2_13.no-card,1,Z,1,1,1,NONE,,4,3,513,1,1,0,777,0,0,0,0,0,0,817,78,2,2.0,0,0,0.8,0.4,5000,1,817,0/0,0/0,0/0/0,50000,0,0,0,0,0,0,0,817,78,0,2.0,0,0,0.8,0.4,4996,1.95,774,5.82/88,0/0,0.4/24.8/62,50000,3,0
abl3-f2m0,TN_144_2_13.no-card,2,X,2,2,1,NONE,,267,705,21828,2,14,14,4465,30,0,0,0,0,0,791,78,2,2.0,0,0,0.8,0.4,5000,1,791,0/0,0/0,0/0/0,50000,0,0,0,0,0,0,0,791,78,2,2.1,1,2,0.8,0.4,4733,6e+25,732,1.92e+26/7.34e+27,0/0,0.953/128/142,50000,266,0
abl3-f2m0,TN_144_2_13.no-card,3,Z,2,2,1,NONE,,198,492,18252,1,2,2,495,35,0,0,0,0,0,817,78,2,2.0,0,0,0.8,0.4,5000,1,817,0/0,0/0,0/0/0,50000,0,0,0,0,0,0,0,817,78,2,2.1,1,2,0.8,0.4,4802,1.23e+19,757,6.99e+19/1.15e+21,0/0,0.64/27.8/69,50000,197,0
abl3-f2m0,TN_144_2_13.no-card,4,X,4,3,1,NONE,,662,1271,28270,7,436,393,131939,420,0,0,0,0,0,791,78,2,2.0,0,0,0.8,0.4,5000,1,791,0/0,0/0,0/0/0,50000,0,0,0,0,0,0,0,791,78,5,2.2,5,5,0.8,0.4,4338,1.14e+64,702,5.39e+64/3.83e+66,0/0,1/119/144,50000,661,0
abl3-f2m0,TN_144_2_13.no-card,5,Z,4,3,1,NONE,,916,1544,37894,7,614,602,131078,650,0,0,0,0,0,817,78,2,2.0,0,0,0.8,0.4,5000,1,817,0/0,0/0,0/0/0,50000,0,0,0,0,0,0,0,817,78,4,2.6,7,4,0.8,0.4,4084,4.71e+88,775,2.35e+89/1.17e+91,0/0,1/109/144,50000,915,0
abl3-f2m0,TN_144_2_13.no-card,6,X,8,5,1,NONE,,14077,18633,364772,86,17192,13175,6363866,13312,0,0,0,0,0,791,78,2,2.0,0,0,0.8,0.4,5000,1,791,0/0,0/0,0/0/0,50000,0,0,0,0,0,0,0,791,78,9,3.4,96,9,0.82,0.3959,4997,2.36e+42,715,1.34e+43/4.27e+44,0.98/95.6,1/103/144,50000,10003,0
abl3-f2m0,TN_144_2_13.no-card,7,Z,8,5,1,NONE,,13354,17593,353775,85,16500,12469,6297471,12614,0,0,0,0,0,817,78,2,2.0,0,0,0.8,0.4,5000,1,817,0/0,0/0,0/0/0,50000,0,0,0,0,0,0,0,817,78,9,3.8,106,9,0.82,0.3966,4999,1.59e+42,741,9.63e+42/5.47e+44,0.994/101,1/116/144,50000,10001,0
abl3-f2m0,TN_144_2_13.no-card,8,X,16,9,1,FOUND,16,16,19,998,1,0,0,0,0,0,0,0,0,0,791,78,2,2.0,0,0,0.8,0.4,5000,1,791,0/0,0/0,0/0/0,50000,0,0,16,0,0,0,0,791,78,0,2.0,0,0,0.8,0.4,4984,35.5,726,207/8.21e+03,0/0,0/0/0,50000,16,1
abl3-f2m0,TN_144_2_13.no-card,9,Z,16,9,1,FOUND,16,19,28,786,1,0,0,0,0,0,0,0,0,0,817,78,2,2.0,0,0,0.8,0.4,5000,1,817,0/0,0/0,0/0/0,50000,0,0,19,0,0,0,0,817,78,0,2.0,0,0,0.8,0.4,4981,69.4,780,304/9.52e+03,0/0,0/0/0,50000,19,1
abl3-f2m0,TN_144_2_13.no-card,10,X,15,9,1,FOUND,13,458610,515813,10786683,1079,638694,450349,242444860,451210,0,0,0,0,0,791,78,2,2.0,0,0,0.8,0.4,5000,1,791,0/0,0/0,0/0/0,50000,0,0,16307,1645,23237,0,35,791,84,2,6.0,3176,16,0.82,0.06,5000,1.3e+42,715,8.23e+42/2e+44,1/54.5,0.963/101/144,50000,10000,1
abl3-f2m0,TN_144_2_13.no-card,11,Z,12,9,1,NONE,,253542,285224,5974708,613,348936,247491,130784990,248338,0,0,0,0,0,817,78,2,2.0,0,0,0.8,0.4,5000,1,817,0/0,0/0,0/0/0,50000,0,0,0,0,0,0,0,817,78,13,4.6,1747,13,0.82,0.1565,5000,1.3e+42,719,8.07e+42/4.98e+44,0.867/63.9,0.973/117/144,50000,10000,0
abl3-f2m0,TN_144_2_13.no-card,12,X,13,9,0,OPT,13,194370,214385,4598099,383,271571,190740,104259821,191234,16307,1645,23237,0,35,791,84,2,6.0,3176,16,0.82,0.06,5000,1.3e+42,715,8.23e+42/2e+44,1/54.5,0.963/101/144,50000,10000,1,8916,975,1031,0,34,791,134,15,6.1,1263,15,0.82,0.06,5000,1.3e+42,694,8.23e+42/2e+44,1/48.2,0.988/119/144,50000,10000,1
abl4-f1m1,BB_144_12_12.no-card,0,X,1,1,1,NONE,,0,0,84,1,0,0,0,0,0,0,0,0,0,760,84,2,2.0,0,0,0.8,0.4,5000,1,759,0/0,0/0,0/0/0,50000,0,0,0,0,0,0,0,760,84,2,2.0,0,0,0.8,0.4,5000,1,759,0/0,0/0,0/0/0,50000,0,0
abl4-f1m1,BB_144_12_12.no-card,1,Z,1,1,1,NONE,,0,0,74,1,0,0,0,0,0,0,0,0,0,674,84,2,2.0,0,0,0.8,0.4,5000,1,673,0/0,0/0,0/0/0,50000,0,0,0,0,0,0,0,674,84,2,2.0,0,0,0.8,0.4,5000,1,673,0/0,0/0,0/0/0,50000,0,0
abl4-f1m1,BB_144_12_12.no-card,2,X,2,2,1,NONE,,2,1,410,1,1,0,440,0,0,0,0,0,0,760,84,2,2.0,0,0,0.8,0.4,5000,1,759,0/0,0/0,0/0/0,50000,0,0,0,0,0,0,0,760,84,1,2.0,0,0,0.8,0.4,4998,1.25,681,1.6/40.1,0/0,0.4/24/60,50000,1,0
abl4-f1m1,BB_144_12_12.no-card,3,Z,2,2,1,NONE,,2,1,424,1,1,0,527,0,0,0,0,0,0,674,84,2,2.0,0,0,0.8,0.4,5000,1,673,0/0,0/0,0/0/0,50000,0,0,0,0,0,0,0,674,84,1,2.0,0,0,0.8,0.4,4998,1.25,593,1.6/24.4,0/0,0.4/20/50,50000,1,0
abl4-f1m1,BB_144_12_12.no-card,4,X,4,3,1,NONE,,310,767,18297,2,55,55,5065,101,0,0,0,0,0,760,84,2,2.0,0,0,0.8,0.4,5000,1,759,0/0,0/0,0/0/0,50000,0,0,0,0,0,0,0,760,84,3,2.2,3,3,0.8,0.4,4690,8.81e+29,712,3.74e+30/3.78e+31,0/0,0.999/120/141,50000,309,0
abl4-f1m1,BB_144_12_12.no-card,5,Z,4,3,1,NONE,,376,923,17607,5,96,96,10094,144,0,0,0,0,0,674,84,2,2.0,0,0,0.8,0.4,5000,1,673,0/0,0/0,0/0/0,50000,0,0,0,0,0,0,0,674,84,2,2.2,3,2,0.8,0.4,4624,2.19e+36,626,1.1e+37/9e+37,0/0,1/139/141,50000,375,0
abl4-f1m1,BB_144_12_12.no-card,6,X,8,5,1,NONE,,1239,2006,25926,12,1139,1000,281499,1041,0,0,0,0,0,760,84,2,2.0,0,0,0.8,0.4,5000,1,759,0/0,0/0,0/0/0,50000,0,0,0,0,0,0,0,760,84,8,2.8,10,8,0.8,0.4,3761,9.43e+19,640,5.36e+20/1.82e+22,0/0,1/121/143,50000,1238,0
abl4-f1m1,BB_144_12_12.no-card,7,Z,8,5,1,NONE,,1122,1884,29082,12,996,877,299272,916,0,0,0,0,0,674,84,2,2.0,0,0,0.8,0.4,5000,1,673,0/0,0/0,0/0/0,50000,0,0,0,0,0,0,0,674,84,9,2.6,8,9,0.8,0.4,3878,433000000.0,627,2.48e+09/1.46e+11,0/0,0.999/104/143,50000,1121,0
abl4-f1m1,BB_144_12_12.no-card,8,X,16,9,1,FOUND,16,1060,1754,20176,12,893,811,188759,864,0,0,0,0,0,760,84,2,2.0,0,0,0.8,0.4,5000,1,759,0/0,0/0,0/0/0,50000,0,0,140,90,933,0,85,760,84,8,2.9,9,14,0.8,0.4,3940,530,641,2.96e+03/1.07e+05,0/0,1/89.8/143,50000,1060,1
abl4-f1m1,BB_144_12_12.no-card,9,Z,16,9,1,FOUND,12,12,34,815,1,0,0,0,6,0,0,0,0,0,674,84,2,2.0,0,0,0.8,0.4,5000,1,673,0/0,0/0,0/0/0,50000,0,0,16,0,0,0,42,674,84,0,2.0,0,0,0.8,0.4,4988,14.6,641,57.8/1.77e+03,0/0,0/0/0,50000,12,1
abl4-f1m1,BB_144_12_12.no-card,10,Z,12,9,0,OPT,,0,1,0,1,0,0,0,0,16,0,0,0,42,674,84,0,2.0,0,0,0.8,0.4,4988,14.6,641,57.8/1.77e+03,0/0,0/0/0,50000,12,1,16,0,0,0,0,674,84,0,2.0,0,0,0.8,0.4,4988,14.6,641,57.8/1.77e+03,0/0,0/0/0,50000,12,1
abl4-f1m1,BB_144_14_14.no-card,0,X,1,1,1,NONE,,0,0,94,1,0,0,0,0,0,0,0,0,0,1038,86,2,2.0,0,0,0.8,0.4,5000,1,1037,0/0,0/0,0/0/0,50000,0,0,0,0,0,0,0,1038,86,2,2.0,0,0,0.8,0.4,5000,1,1037,0/0,0/0,0/0/0,50000,0,0
abl4-f1m1,BB_144_14_14.no-card,1,Z,1,1,1,NONE,,0,0,100,1,0,0,0,0,0,0,0,0,0,1112,86,2,2.0,0,0,0.8,0.4,5000,1,1111,0/0,0/0,0/0/0,50000,0,0,0,0,0,0,0,1112,86,2,2.0,0,0,0.8,0.4,5000,1,1111,0/0,0/0,0/0/0,50000,0,0
abl4-f1m1,BB_144_14_14.no-card,2,X,2,2,1,NONE,,1,0,0,1,1,1,461,0,0,0,0,0,0,1038,86,2,2.0,0,0,0.8,0.4,5000,1,1037,0/0,0/0,0/0/0,50000,0,0,0,0,0,0,0,1038,86,2,2.0,0,0,0.8,0.4,4999,1,1037,0.2/12,0/0,0.4/24.8/62,50000,0,0
abl4-f1m1,BB_144_14_14.no-card,3,Z,2,2,1,NONE,,1,0,0,1,1,1,484,0,0,0,0,0,0,1112,86,2,2.0,0,0,0.8,0.4,5000,1,1111,0/0,0/0,0/0/0,50000,0,0,0,0,0,0,0,1112,86,2,2.0,0,0,0.8,0.4,4999,1,1111,0.2/12.8,0/0,0.4/29.6/74,50000,0,0
abl4-f1m1,BB_144_14_14.no-card,4,X,4,3,1,NONE,,303,634,17610,2,54,54,8935,104,0,0,0,0,0,1038,86,2,2.0,0,0,0.8,0.4,5000,1,1037,0/0,0/0,0/0/0,50000,0,0,0,0,0,0,0,1038,86,3,2.2,2,3,0.8,0.4,4697,1.85e+29,978,5.41e+29/8.76e+30,0/0,1/139/141,50000,302,0
abl4-f1m1,BB_144_14_14.no-card,5,Z,4,3,1,NONE,,293,940,20742,2,67,67,8702,103,0,0,0,0,0,1112,86,2,2.0,0,0,0.8,0.4,5000,1,1111,0/0,0/0,0/0/0,50000,0,0,0,0,0,0,0,1112,86,3,2.3,3,3,0.8,0.4,4707,1.98e+28,1059,9.78e+28/1.16e+30,0/0,1/137/141,50000,292,0
abl4-f1m1,BB_144_14_14.no-card,6,X,8,5,1,NONE,,2229,3110,46241,20,2198,1780,729743,1927,0,0,0,0,0,1038,86,2,2.0,0,0,0.8,0.4,5000,1,1037,0/0,0/0,0/0/0,50000,0,0,0,0,0,0,0,1038,86,9,2.2,14,9,0.8,0.4,2771,8230000000000000.0,919,5.12e+16/2.64e+18,0/0,1/118/143,50000,2228,0
abl4-f1m1,BB_144_14_14.no-card,7,Z,8,5,1,NONE,,1964,2739,36659,17,1883,1631,619651,1788,0,0,0,0,0,1112,86,2,2.0,0,0,0.8,0.4,5000,1,1111,0/0,0/0,0/0/0,50000,0,0,0,0,0,0,0,1112,86,8,2.8,10,8,0.8,0.4,3036,1.72e+90,917,9.4e+90/3.28e+92,0/0,1/105/143,50000,1963,0
abl4-f1m1,BB_144_14_14.no-card,8,X,16,9,1,FOUND,16,3150,4236,67548,31,3564,2801,1172003,2813,0,0,0,0,0,1038,86,2,2.0,0,0,0.8,0.4,5000,1,1037,0/0,0/0,0/0/0,50000,0,0,182,77,2675,0,68,1038,87,6,3.7,18,15,0.8,0.4,1850,185000.0,878,1.01e+06/4.69e+07,0/0,1/87.6/143,50000,3150,1
abl4-f1m1,BB_144_14_14.no-card,9,Z,16,9,1,FOUND,16,28829,35628,617577,142,38054,28269,13716762,28450,0,0,0,0,0,1112,86,2,2.0,0,0,0.8,0.4,5000,1,1111,0/0,0/0,0/0/0,50000,0,0,968,618,20447,0,43,1112,87,8,5.5,203,16,0.82,0.3812,5000,1.3e+42,925,8.62e+42/5.31e+44,1/66.3,0.994/98.2/143,50000,10000,1
abl4-f1m1,BB_144_14_14.no-card,10,X,15,9,1,FOUND,,0,1,0,1,0,0,0,0,182,77,2675,0,68,1038,87,6,3.7,18,15,0.8,0.4,1850,185000.0,878,1.01e+06/4.69e+07,0/0,1/87.6/143,50000,3150,1,182,77,2675,0,0,1038,87,6,3.7,0,15,0.8,0.4,1850,185000.0,878,1.01e+06/4.69e+07,0/0,1/87.6/143,50000,3150,1
abl4-f1m1,GB_144_12_12.card-mto,0,X,1,1,1,NONE,,0,0,99,1,0,0,0,0,0,0,0,0,0,1006,78,2,2.0,0,0,0.8,0.4,5000,1,1005,0/0,0/0,0/0/0,50000,0,0,0,0,0,0,0,1006,78,2,2.0,0,0,0.8,0.4,5000,1,1005,0/0,0/0,0/0/0,50000,0,0
abl4-f1m1,GB_144_12_12.card-mto,1,Z,1,1,1,NONE,,0,0,95,1,0,0,0,0,0,0,0,0,0,1017,78,2,2.0,0,0,0.8,0.4,5000,1,1016,0/0,0/0,0/0/0,50000,0,0,0,0,0,0,0,1017,78,2,2.0,0,0,0.8,0.4,5000,1,1016,0/0,0/0,0/0/0,50000,0,0
abl4-f1m1,GB_144_12_12.card-mto,2,X,2,2,1,NONE,,7,18,1589,1,1,0,432,0,0,0,0,0,0,1006,78,2,2.0,0,0,0.8,0.4,5000,1,1005,0/0,0/0,0/0/0,50000,0,0,0,0,0,0,0,1148,78,0,2.0,0,0,0.8,0.4,4993,3.81,980,13.2/565,0/0,0.4/36/90,50000,6,0
abl4-f1m1,GB_144_12_12.card-mto,3,Z,2,2,1,NONE,,4,5,885,1,1,0,437,0,0,0,0,0,0,1017,78,2,2.0,0,0,0.8,0.4,5000,1,1016,0/0,0/0,0/0/0,50000,0,0,0,0,0,0,0,1159,78,0,2.0,0,0,0.8,0.4,4996,1.95,1080,4.22/153,0/0,0.4/36.8/92,50000,3,0
abl4-f1m1,GB_144_12_12.card-mto,4,X,4,3,1,NONE,,349,701,71611,1,9,9,3958,19,0,0,0,0,0,1006,78,2,2.0,0,0,0.8,0.4,5000,1,1005,0/0,0/0,0/0/0,50000,0,0,0,0,0,0,0,1432,78,3,2.0,1,3,0.8,0.4,4651,5.3e+33,1243,2.42e+34/1.83e+36,0/0,0.953/95.9/136,50000,348,0
abl4-f1m1,GB_144_12_12.card-mto,5,Z,4,3,1,NONE,,407,857,80051,4,8,7,3393,16,0,0,0,0,0,1017,78,2,2.0,0,0,0.8,0.4,5000,1,1016,0/0,0/0,0/0/0,50000,0,0,0,0,0,0,0,1443,78,3,2.0,1,3,0.8,0.4,4593,2.22e+39,1314,7.77e+39/1.06e+42,0/0,0.922/84.6/139,50000,406,0
abl4-f1m1,GB_144_12_12.card-mto,6,X,8,5,1,NONE,,3843,5823,72828,36,3956,3488,1184586,3520,0,0,0,0,0,1006,78,2,2.0,0,0,0.8,0.4,5000,1,1005,0/0,0/0,0/0/0,50000,0,0,0,0,0,0,0,1588,78,8,4.6,29,8,0.8,0.4,1157,2.13e+72,1401,9.82e+72/2.61e+74,0/0,1/131/143,50000,3842,0
abl4-f1m1,GB_144_12_12.card-mto,7,Z,8,5,1,NONE,,3229,5123,98207,32,3405,2816,1132014,2854,0,0,0,0,0,1017,78,2,2.0,0,0,0.8,0.4,5000,1,1016,0/0,0/0,0/0/0,50000,0,0,0,0,0,0,0,1599,78,8,3.4,18,8,0.8,0.4,1771,6690000000000.0,1397,3.9e+13/1.45e+15,0/0,1/122/143,50000,3228,0
abl4-f1m1,GB_144_12_12.card-mto,8,X,16,9,1,FOUND,15,70725,84686,1577325,263,94840,69491,33174517,69574,0,0,0,0,0,1006,78,2,2.0,0,0,0.8,0.4,5000,1,1005,0/0,0/0,0/0/0,50000,0,0,1842,1718,24017,1421,62,1680,78,1,6.1,513,16,0.82,0.3393,4987,1.72e+43,1449,1.01e+44/4.9e+45,0.988/123,0.992/51.4/143,50000,10013,1
abl4-f1m1,GB_144_12_12.card-mto,9,Z,16,9,1,FOUND,16,302781,345513,6706284,774,415639,299161,145597670,299595,0,0,0,0,0,1017,78,2,2.0,0,0,0.8,0.4,5000,1,1016,0/0,0/0,0/0/0,50000,0,0,11224,6793,16930,1421,71,1691,78,7,6.1,2126,16,0.82,0.1072,4978,1.02e+44,1457,5.72e+44/2.77e+46,0.987/73.7,0.926/111/143,50000,10022,1
abl4-f1m1,GB_144_12_12.card-mto,10,X,15,9,0,OPT,12,649822,733504,14168033,1396,895279,641554,311971850,642650,1842,1718,24017,1421,62,1680,78,1,6.1,513,16,0.82,0.3393,4987,1.72e+43,1449,1.01e+44/4.9e+45,0.988/123,0.992/51.4/143,50000,10013,1,16711,3550,11359,1340,49,3653,182,6,7.4,10,10,0.84,0.06,4986,5.06e+78,2641,3.19e+79/2.04e+81,1/47.5,0.966/116/143,50000,20014,1
abl4-f1m1,GB_144_12_12.card-mto,11,Z,12,9,0,OPT,12,108969,126387,2314457,324,148506,107470,51270826,107711,11224,6793,16930,1421,71,1691,78,7,6.1,2126,16,0.82,0.1072,4978,1.02e+44,1457,5.72e+44/2.77e+46,0.987/73.7,0.926/111/143,50000,10022,1,13977,2421,2469,1423,58,3039,167,14,6.8,50,14,0.84,0.06,4976,2.89e+79,2065,1.87e+80/7.15e+81,1/40.5,0.983/121/143,50000,20024,1
abl4-f1m1,LP_340_56_8.card-mto,0,X,1,1,1,NONE,,1,0,0,1,1,1,2391,0,0,0,0,0,0,2589,208,2,2.0,0,0,0.8,0.4,5000,1,2589,0/0,0/0,0/0/0,50000,0,0,0,0,0,0,0,2928,208,2,2.0,0,0,0.8,0.4,4999,1,2589,0.2/78.2,0/0,0.4/128/319,50000,0,0
abl4-f1m1,LP_340_56_8.card-mto,1,Z,1,1,1,NONE,,1,0,0,1,1,1,2331,0,0,0,0,0,0,2589,206,2,2.0,0,0,0.8,0.4,5000,1,2589,0/0,0/0,0/0/0,50000,0,0,0,0,0,0,0,2928,206,2,2.0,0,0,0.8,0.4,4999,1,2589,0.2/78,0/0,0.4/126/316,50000,0,0
abl4-f1m1,LP_340_56_8.card-mto,2,X,2,2,1,NONE,,275,1088,83131,3,0,0,0,6,0,0,0,0,0,2589,208,2,2.0,0,0,0.8,0.4,5000,1,2589,0/0,0/0,0/0/0,50000,0,0,0,0,0,0,0,3606,208,0,2.0,0,0,0.8,0.4,4725,3.58e+26,3554,1.54e+27/4.68e+29,0/0,0/0/0,50000,274,0
abl4-f1m1,LP_340_56_8.card-mto,3,Z,2,2,1,NONE,,193,489,71922,2,0,0,0,4,0,0,0,0,0,2589,206,2,2.0,0,0,0.8,0.4,5000,1,2589,0/0,0/0,0/0/0,50000,0,0,0,0,0,0,0,3606,206,0,2.0,0,0,0.8,0.4,4807,4.04e+18,3422,1.77e+19/9.42e+20,0/0,0/0/0,50000,192,0
abl4-f1m1,LP_340_56_8.card-mto,4,X,4,3,1,NONE,,1986,4847,157529,24,1424,1398,806460,1488,0,0,0,0,0,2589,208,2,2.0,0,0,0.8,0.4,5000,1,2589,0/0,0/0,0/0/0,50000,0,0,0,0,0,0,0,4028,208,4,2.6,6,4,0.8,0.4,3014,2.32e+92,3756,1.36e+93/4.63e+94,0/0,1/324/340,50000,1985,0
abl4-f1m1,LP_340_56_8.card-mto,5,Z,4,3,1,NONE,,1359,3509,121368,18,1075,979,945030,1037,0,0,0,0,0,2589,206,2,2.0,0,0,0.8,0.4,5000,1,2589,0/0,0/0,0/0/0,50000,0,0,0,0,0,0,0,4028,206,5,2.5,9,5,0.8,0.4,3641,4.02e+31,3841,1.99e+32/2.03e+34,0/0,1/299/340,50000,1358,0
abl4-f1m1,LP_340_56_8.card-mto,6,X,8,5,1,FOUND,8,1689,3777,224151,11,932,853,672313,875,0,0,0,0,0,2589,208,2,2.0,0,0,0.8,0.4,5000,1,2589,0/0,0/0,0/0/0,50000,0,0,941,302,959,3528,257,4282,434,5,2.6,7,9,0.8,0.4,3311,4.8e+63,3916,1.86e+64/7.83e+65,0/0,1/174/340,50000,1689,1
abl4-f1m1,LP_340_56_8.card-mto,7,Z,8,5,1,FOUND,8,1084,2264,98594,4,754,728,318167,758,0,0,0,0,0,2589,206,2,2.0,0,0,0.8,0.4,5000,1,2589,0/0,0/0,0/0/0,50000,0,0,825,147,517,3528,240,4282,206,5,2.7,8,8,0.8,0.4,3916,112000.0,3912,3.12e+05/3.59e+07,0/0,1/192/340,50000,1084,1
abl4-f1m1,LP_340_56_8.card-mto,8,X,7,5,1,NONE,,5676,12123,288043,60,6753,5384,7381256,5471,941,302,959,3528,257,4282,434,5,2.6,7,9,0.8,0.4,3311,4.8e+63,3916,1.86e+64/7.83e+65,0/0,1/174/340,50000,1689,1,1131,151,3157,3000,52,5721,618,9,3.4,43,9,0.81,0.4,2635,7.69,4130,42.8/8.06e+03,0/0,1/265/340,50000,7364,1
abl4-f1m1,LP_340_56_8.card-mto,9,Z,7,5,1,NONE,,8774,16891,401936,84,10234,8396,11081646,8526,825,147,517,3528,240,4282,206,5,2.7,8,8,0.8,0.4,3916,112000.0,3912,3.12e+05/3.59e+07,0/0,1/192/340,50000,1084,1,2740,205,6325,3000,70,5721,346,9,3.4,71,9,0.81,0.4,142,1.08e+29,4000,6.75e+29/2.65e+31,0/0,0.999/291/340,50000,9857,1
abl4-f1m1,LP_340_56_8.no-card,0,X,1,1,1,NONE,,1,0,0,1,1,1,2391,0,0,0,0,0,0,2589,208,2,2.0,0,0,0.8,0.4,5000,1,2589,0/0,0/0,0/0/0,50000,0,0,0,0,0,0,0,2589,208,2,2.0,0,0,0.8,0.4,4999,1,2589,0.2/78.2,0/0,0.4/128/319,50000,0,0
abl4-f1m1,LP_340_56_8.no-card,1,Z,1,1,1,NONE,,1,0,0,1,1,1,2331,0,0,0,0,0,0,2589,206,2,2.0,0,0,0.8,0.4,5000,1,2589,0/0,0/0,0/0/0,50000,0,0,0,0,0,0,0,2589,206,2,2.0,0,0,0.8,0.4,4999,1,2589,0.2/78,0/0,0.4/126/316,50000,0,0
abl4-f1m1,LP_340_56_8.no-card,2,X,2,2,1,NONE,,237,874,45681,3,45,44,39476,93,0,0,0,0,0,2589,208,2,2.0,0,0,0.8,0.4,5000,1,2589,0/0,0/0,0/0/0,50000,0,0,0,0,0,0,0,2589,208,3,2.0,2,3,0.8,0.4,4763,7.43e+22,2537,3.6e+23/1.24e+25,0/0,0.998/299/339,50000,236,0
abl4-f1m1,LP_340_56_8.no-card,3,Z,2,2,1,NONE,,237,1548,44315,1,31,31,24716,73,0,0,0,0,0,2589,206,2,2.0,0,0,0.8,0.4,5000,1,2589,0/0,0/0,0/0/0,50000,0,0,0,0,0,0,0,2589,206,3,2.0,2,3,0.8,0.4,4763,7.43e+22,2514,3.22e+23/6.83e+24,0/0,0.996/322/338,50000,236,0
abl4-f1m1,LP_340_56_8.no-card,4,X,4,3,1,NONE,,1353,3657,126253,19,1118,987,1085407,1067,0,0,0,0,0,2589,208,2,2.0,0,0,0.8,0.4,5000,1,2589,0/0,0/0,0/0/0,50000,0,0,0,0,0,0,0,2589,208,5,2.4,9,5,0.8,0.4,3647,1.05e+31,2460,5.54e+31/2.77e+33,0/0,1/291/339,50000,1352,0
abl4-f1m1,LP_340_56_8.no-card,5,Z,4,3,1,NONE,,1455,4365,127475,20,1173,1113,890413,1194,0,0,0,0,0,2589,206,2,2.0,0,0,0.8,0.4,5000,1,2589,0/0,0/0,0/0/0,50000,0,0,0,0,0,0,0,2589,206,4,2.8,9,4,0.8,0.4,3545,8.08e+40,2496,3.88e+41/3.61e+43,0/0,1/236/340,50000,1454,0
abl4-f1m1,LP_340_56_8.no-card,6,X,8,5,1,FOUND,8,870,1712,70646,7,755,664,716500,691,0,0,0,0,0,2589,208,2,2.0,0,0,0.8,0.4,5000,1,2589,0/0,0/0,0/0/0,50000,0,0,1117,501,600,0,235,2589,210,2,2.1,4,9,0.8,0.4,4130,2.05e+84,2219,1.01e+85/6.42e+86,0/0,1/145/340,50000,870,1
abl4-f1m1,LP_340_56_8.no-card,7,Z,8,5,1,FOUND,8,1582,2948,61906,11,1364,1253,976569,1362,0,0,0,0,0,2589,206,2,2.0,0,0,0.8,0.4,5000,1,2589,0/0,0/0,0/0/0,50000,0,0,1192,860,1221,0,157,2589,207,4,2.9,10,8,0.8,0.4,3418,2.05e+53,2318,1.15e+54/1.17e+56,0/0,0.999/163/340,50000,1582,1
abl4-f1m1,LP_340_56_8.no-card,8,X,7,5,1,FOUND,,0,1,0,1,0,0,0,0,1117,501,600,0,235,2589,210,2,2.1,4,9,0.8,0.4,4130,2.05e+84,2219,1.01e+85/6.42e+86,0/0,1/145/340,50000,870,1,1117,501,600,0,0,2589,210,2,2.1,0,9,0.8,0.4,4130,2.05e+84,2219,1.01e+85/6.42e+86,0/0,1/145/340,50000,870,1
abl4-f1m1,LP_442_68_10.card-mto,0,X,1,1,1,NONE,,5,5,3614,1,1,0,2301,0,0,0,0,0,0,3558,265,2,2.0,0,0,0.8,0.4,5000,1,3558,0/0,0/0,0/0/0,50000,0,0,0,0,0,0,0,3999,265,1,2.0,0,0,0.8,0.4,4995,2.44,3790,8.75/1.83e+03,0/0,0.4/87.2/218,50000,4,0
abl4-f1m1,LP_442_68_10.card-mto,1,Z,1,1,1,NONE,,3,3,3672,1,1,0,2298,0,0,0,0,0,0,3558,263,2,2.0,0,0,0.8,0.4,5000,1,3558,0/0,0/0,0/0/0,50000,0,0,0,0,0,0,0,3999,263,1,2.0,0,0,0.8,0.4,4997,1.56,3782,3.48/605,0/0,0.4/74.4/186,50000,2,0
abl4-f1m1,LP_442_68_10.card-mto,2,X,2,2,1,NONE,,341,1650,162986,4,0,0,0,11,0,0,0,0,0,3558,265,2,2.0,0,0,0.8,0.4,5000,1,3558,0/0,0/0,0/0/0,50000,0,0,0,0,0,0,0,4881,265,0,2.0,0,0,0.8,0.4,4659,8.9e+32,4785,4.44e+33/1.62e+36,0/0,0/0/0,50000,340,0
abl4-f1m1,LP_442_68_10.card-mto,3,Z,2,2,1,NONE,,265,950,125825,3,0,0,0,6,0,0,0,0,0,3558,263,2,2.0,0,0,0.8,0.4,5000,1,3558,0/0,0/0,0/0/0,50000,0,0,0,0,0,0,0,4881,263,0,2.0,0,0,0.8,0.4,4735,3.84e+25,4846,2.1e+26/6.64e+28,0/0,0/0/0,50000,264,0
abl4-f1m1,LP_442_68_10.card-mto,4,X,4,3,1,NONE,,878,3077,147578,9,565,522,523139,561,0,0,0,0,0,3558,265,2,2.0,0,0,0.8,0.4,5000,1,3558,0/0,0/0,0/0/0,50000,0,0,0,0,0,0,0,5391,265,5,2.3,7,5,0.8,0.4,4122,9.77e+84,5231,5.1e+85/3.11e+87,0/0,1/415/442,50000,877,0
abl4-f1m1,LP_442_68_10.card-mto,5,Z,4,3,1,NONE,,1021,2655,138452,13,745,696,746138,721,0,0,0,0,0,3558,263,2,2.0,0,0,0.8,0.4,5000,1,3558,0/0,0/0,0/0/0,50000,0,0,0,0,0,0,0,5391,263,5,2.5,7,5,0.8,0.4,3979,7.05e+98,5219,3.72e+99/2.58e+101,0/0,1/369/442,50000,1020,0
abl4-f1m1,LP_442_68_10.card-mto,6,X,8,5,1,NONE,,7210,15410,461524,60,8244,6655,11817140,6777,0,0,0,0,0,3558,265,2,2.0,0,0,0.8,0.4,5000,1,3558,0/0,0/0,0/0/0,50000,0,0,0,0,0,0,0,5645,265,9,2.7,54,9,0.81,0.4,2790,5.03e+86,5024,2.5e+87/1.11e+89,0/0,1/327/442,50000,7209,0
abl4-f1m1,LP_442_68_10.card-mto,7,Z,8,5,1,NONE,,14991,31170,868227,131,17174,14248,24619094,14409,0,0,0,0,0,3558,263,2,2.0,0,0,0.8,0.4,5000,1,3558,0/0,0/0,0/0/0,50000,0,0,0,0,0,0,0,5645,263,10,2.9,109,10,0.82,0.395,4997,2.36e+42,5271,1.16e+43/1.01e+45,0.953/194,1/420/442,50000,10003,0
abl4-f1m1,LP_442_68_10.card-mto,8,X,16,9,1,FOUND,16,34090,49323,1773927,85,37084,27567,39509371,27647,0,0,0,0,0,3558,265,2,2.0,0,0,0.8,0.4,5000,1,3558,0/0,0/0,0/0/0,50000,0,0,2319,1893,15053,4758,258,5771,362,9,3.9,225,17,0.82,0.3759,5000,1.3e+42,5213,7.66e+42/5.75e+44,0.968/172,1/292/442,50000,10000,1
abl4-f1m1,LP_442_68_10.card-mto,9,Z,16,9,1,FOUND,16,27311,44709,1284333,149,32576,26745,47805579,26903,0,0,0,0,0,3558,263,2,2.0,0,0,0.8,0.4,5000,1,3558,0/0,0/0,0/0/0,50000,0,0,1549,38,18878,4758,172,5771,263,6,3.2,202,17,0.82,0.3827,4999,1.59e+42,5563,1.02e+43/2.11e+45,0.987/213,0.998/279/442,50000,10001,1
abl4-f1m1,LP_442_68_10.card-mto,10,X,15,9,1,FOUND,14,150349,223605,6385147,473,183504,149091,252814670,149467,2319,1893,15053,4758,258,5771,362,9,3.9,225,17,0.82,0.3759,5000,1.3e+42,5213,7.66e+42/5.75e+44,0.968/172,1/292/442,50000,10000,1,9769,1671,18941,4473,59,7858,363,1,4.1,1266,17,0.84,0.2356,4999,5.25e+77,7634,3.07e+78/1.56e+80,1/193,1/264/442,50000,20001,1
abl4-f1m1,LP_442_68_10.card-mto,11,Z,13,9,1,FOUND,12,77798,118529,3334788,269,94246,77113,132448406,77343,1549,38,18878,4758,172,5771,263,6,3.2,202,17,0.82,0.3827,4999,1.59e+42,5563,1.02e+43/2.11e+45,0.987/213,0.998/279/442,50000,10001,1,4192,620,8729,4474,143,7858,264,1,5.1,656,16,0.84,0.3149,4996,8.85e+77,7150,5.82e+78/7.4e+80,1/212,1/153/442,50000,20004,1
abl4-f1m1,LP_442_68_10.card-mto,12,Z,12,9,0,OPT,10,29247,54585,1417312,134,35197,28600,50195659,28833,4192,620,8729,4474,143,7858,264,1,5.1,656,16,0.84,0.3149,4996,8.85e+77,7150,5.82e+78/7.4e+80,1/212,1/153/442,50000,20004,1,9544,3876,24272,4467,222,12026,792,13,5.6,191,13,0.86,0.2956,4996,2540000000.0,9161,2.33e+10/1.16e+12,1/163,1/324/442,50000,30004,1
abl4-f1m1,LP_442_68_10.card-mto,13,X,10,9,0,OPT,10,17972,37032,937223,117,21823,17496,30604702,17651,9769,1671,18941,4473,59,7858,363,1,4.1,1266,17,0.84,0.2356,4999,5.25e+77,7634,3.07e+78/1.56e+80,1/193,1/264/442,50000,20001,1,16250,5063,20844,4443,213,12017,522,12,4.4,114,12,0.86,0.2276,4974,70100000000.0,9483,4.91e+11/4.8e+13,1/190,0.999/381/442,50000,30026,1
abl4-f1m1,LP_442_68_10.no-card,0,X,1,1,1,NONE,,42,224,8663,1,1,0,2301,17,0,0,0,0,0,3558,265,2,2.0,0,0,0.8,0.4,5000,1,3558,0/0,0/0,0/0/0,50000,0,0,0,0,0,0,0,3558,265,0,2.0,0,0,0.8,0.4,4958,9400.0,3522,2.48e+04/6.9e+05,0/0,0.4/87.2/218,50000,41,0
abl4-f1m1,LP_442_68_10.no-card,1,Z,1,1,1,NONE,,14,37,5217,1,1,0,2298,5,0,0,0,0,0,3558,263,2,2.0,0,0,0.8,0.4,5000,1,3558,0/0,0/0,0/0/0,50000,0,0,0,0,0,0,0,3558,263,0,2.0,0,0,0.8,0.4,4986,18.2,3355,62.5/8.05e+03,0/0,0.4/74.4/186,50000,13,0
abl4-f1m1,LP_442_68_10.no-card,2,X,2,2,1,NONE,,344,1558,89418,6,70,69,56567,114,0,0,0,0,0,3558,265,2,2.0,0,0,0.8,0.4,5000,1,3558,0/0,0/0,0/0/0,50000,0,0,0,0,0,0,0,3558,265,3,2.1,3,3,0.8,0.4,4656,1.74e+33,3458,9.11e+33/3.31e+35,0/0,0.994/417/440,50000,343,0
abl4-f1m1,LP_442_68_10.no-card,3,Z,2,2,1,NONE,,287,2011,74886,3,48,45,46905,82,0,0,0,0,0,3558,263,2,2.0,0,0,0.8,0.4,5000,1,3558,0/0,0/0,0/0/0,50000,0,0,0,0,0,0,0,3558,263,3,2.0,2,3,0.8,0.4,4713,5.2e+27,3513,2.39e+28/9.1e+29,0/0,0.98/351/439,50000,286,0
abl4-f1m1,LP_442_68_10.no-card,4,X,4,3,1,NONE,,885,2917,118974,11,654,608,697262,658,0,0,0,0,0,3558,265,2,2.0,0,0,0.8,0.4,5000,1,3558,0/0,0/0,0/0/0,50000,0,0,0,0,0,0,0,3558,265,5,2.4,7,5,0.8,0.4,4115,4.66e+85,3477,2.64e+86/1.03e+88,0/0,1/322/441,50000,884,0
abl4-f1m1,LP_442_68_10.no-card,5,Z,4,3,1,NONE,,1856,4933,172403,24,1542,1512,1211136,1572,0,0,0,0,0,3558,263,2,2.0,0,0,0.8,0.4,5000,1,3558,0/0,0/0,0/0/0,50000,0,0,0,0,0,0,0,3558,263,4,3.0,11,4,0.8,0.4,3144,5.86e+79,3419,2.95e+80/1.25e+82,0/0,1/430/442,50000,1855,0
abl4-f1m1,LP_442_68_10.no-card,6,X,8,5,1,NONE,,6460,13376,375796,54,7503,6089,10464313,6172,0,0,0,0,0,3558,265,2,2.0,0,0,0.8,0.4,5000,1,3558,0/0,0/0,0/0/0,50000,0,0,0,0,0,0,0,3558,265,9,2.9,52,10,0.81,0.4,3540,1.16e+18,3327,6.71e+18/4.21e+20,0/0,1/362/442,50000,6459,0
abl4-f1m1,LP_442_68_10.no-card,7,Z,8,5,1,NONE,,15871,31421,868131,130,18483,15276,27765518,15459,0,0,0,0,0,3558,263,2,2.0,0,0,0.8,0.4,5000,1,3558,0/0,0/0,0/0/0,50000,0,0,0,0,0,0,0,3558,263,9,2.7,117,9,0.82,0.3941,4988,1.41e+43,3450,7.11e+43/7.68e+45,0.932/163,1/367/442,50000,10012,0
abl4-f1m1,LP_442_68_10.no-card,8,X,16,9,1,FOUND,16,9509,17558,392638,78,10889,9254,15371663,9286,0,0,0,0,0,3558,265,2,2.0,0,0,0.8,0.4,5000,1,3558,0/0,0/0,0/0/0,50000,0,0,671,629,8953,0,293,3558,268,7,2.8,79,18,0.81,0.4,491,1.53e+97,2954,6.84e+97/7.08e+99,0/0,1/257/442,50000,9509,1
abl4-f1m1,LP_442_68_10.no-card,9,Z,16,9,1,FOUND,14,14118,26620,547395,107,16151,13802,22045371,13846,0,0,0,0,0,3558,263,2,2.0,0,0,0.8,0.4,5000,1,3558,0/0,0/0,0/0/0,50000,0,0,775,1934,13585,0,173,3558,264,2,3.3,114,19,0.82,0.3959,4984,3.11e+43,3268,2.17e+44/3.31e+46,1/196,1/243/442,50000,10016,1
abl4-f1m1,LP_442_68_10.no-card,10,Z,14,9,0,OPT,10,77672,120244,3516749,282,93752,76652,133694750,77001,775,1934,13585,0,173,3558,264,2,3.3,114,19,0.82,0.3959,4984,3.11e+43,3268,2.17e+44/3.31e+46,1/196,1/243/442,50000,10016,1,3538,1098,8265,0,117,3558,395,13,6.2,152,13,0.84,0.3282,4983,8.54e+78,3412,4.93e+79/4.67e+81,1/187,1/399/442,50000,20017,1
abl4-f1m1,LP_442_68_10.no-card,11,X,10,9,0,OPT,,0,1,0,1,0,0,0,0,671,629,8953,0,293,3558,268,7,2.8,79,18,0.81,0.4,491,1.53e+97,2954,6.84e+97/7.08e+99,0/0,1/257/442,50000,9509,1,671,629,8953,0,0,3558,268,7,2.8,0,18,0.81,0.4,491,1.53e+97,2954,6.84e+97/7.08e+99,0/0,1/257/442,50000,9509,1
abl4-f1m1,TN_144_2_13.no-card,0,X,1,1,1,NONE,,9,27,1100,1,1,0,526,2,0,0,0,0,0,791,78,2,2.0,0,0,0.8,0.4,5000,1,791,0/0,0/0,0/0/0,50000,0,0,0,0,0,0,0,791,78,0,2.0,0,0,0.8,0.4,4991,5.96,764,18.2/372,0/0,0.4/33.2/83,50000,8,0
abl4-f1m1,TN_144_2_13.no-card,1,Z,1,1,1,NONE,,4,3,513,1,1,0,777,0,0,0,0,0,0,817,78,2,2.0,0,0,0.8,0.4,5000,1,817,0/0,0/0,0/0/0,50000,0,0,0,0,0,0,0,817,78,0,2.0,0,0,0.8,0.4,4996,1.95,774,5.82/88,0/0,0.4/24.8/62,50000,3,0
abl4-f1m1,TN_144_2_13.no-card,2,X,2,2,1,NONE,,267,705,21828,2,14,14,4465,30,0,0,0,0,0,791,78,2,2.0,0,0,0.8,0.4,5000,1,791,0/0,0/0,0/0/0,50000,0,0,0,0,0,0,0,791,78,2,2.1,1,2,0.8,0.4,4733,6e+25,732,1.92e+26/7.34e+27,0/0,0.953/128/142,50000,266,0
abl4-f1m1,TN_144_2_13.no-card,3,Z,2,2,1,NONE,,198,492,18252,1,2,2,495,35,0,0,0,0,0,817,78,2,2.0,0,0,0.8,0.4,5000,1,817,0/0,0/0,0/0/0,50000,0,0,0,0,0,0,0,817,78,2,2.1,1,2,0.8,0.4,4802,1.23e+19,757,6.99e+19/1.15e+21,0/0,0.64/27.8/69,50000,197,0
abl4-f1m1,TN_144_2_13.no-card,4,X,4,3,1,NONE,,662,1271,28270,7,436,393,131939,420,0,0,0,0,0,791,78,2,2.0,0,0,0.8,0.4,5000,1,791,0/0,0/0,0/0/0,50000,0,0,0,0,0,0,0,791,78,5,2.2,5,5,0.8,0.4,4338,1.14e+64,702,5.39e+64/3.83e+66,0/0,1/119/144,50000,661,0
abl4-f1m1,TN_144_2_13.no-card,5,Z,4,3,1,NONE,,916,1544,37894,7,614,602,131078,650,0,0,0,0,0,817,78,2,2.0,0,0,0.8,0.4,5000,1,817,0/0,0/0,0/0/0,50000,0,0,0,0,0,0,0,817,78,4,2.6,7,4,0.8,0.4,4084,4.71e+88,775,2.35e+89/1.17e+91,0/0,1/109/144,50000,915,0
abl4-f1m1,TN_144_2_13.no-card,6,X,8,5,1,NONE,,14077,18633,364772,86,17192,13175,6363866,13312,0,0,0,0,0,791,78,2,2.0,0,0,0.8,0.4,5000,1,791,0/0,0/0,0/0/0,50000,0,0,0,0,0,0,0,791,78,9,3.4,96,9,0.82,0.3959,4997,2.36e+42,715,1.34e+43/4.27e+44,0.98/95.6,1/103/144,50000,10003,0
abl4-f1m1,TN_144_2_13.no-card,7,Z,8,5,1,NONE,,13354,17593,353775,85,16500,12469,6297471,12614,0,0,0,0,0,817,78,2,2.0,0,0,0.8,0.4,5000,1,817,0/0,0/0,0/0/0,50000,0,0,0,0,0,0,0,817,78,9,3.8,106,9,0.82,0.3966,4999,1.59e+42,741,9.63e+42/5.47e+44,0.994/101,1/116/144,50000,10001,0
abl4-f1m1,TN_144_2_13.no-card,8,X,16,9,1,FOUND,16,16,19,998,1,0,0,0,0,0,0,0,0,0,791,78,2,2.0,0,0,0.8,0.4,5000,1,791,0/0,0/0,0/0/0,50000,0,0,16,0,0,0,0,791,78,0,2.0,0,0,0.8,0.4,4984,35.5,726,207/8.21e+03,0/0,0/0/0,50000,16,1
abl4-f1m1,TN_144_2_13.no-card,9,Z,16,9,1,FOUND,16,19,28,786,1,0,0,0,0,0,0,0,0,0,817,78,2,2.0,0,0,0.8,0.4,5000,1,817,0/0,0/0,0/0/0,50000,0,0,19,0,0,0,0,817,78,0,2.0,0,0,0.8,0.4,4981,69.4,780,304/9.52e+03,0/0,0/0/0,50000,19,1
abl4-f1m1,TN_144_2_13.no-card,10,X,15,9,1,FOUND,,0,1,0,1,0,0,0,0,16,0,0,0,0,791,78,0,2.0,0,0,0.8,0.4,4984,35.5,726,207/8.21e+03,0/0,0/0/0,50000,16,1,16,0,0,0,0,791,78,0,2.0,0,0,0.8,0.4,4984,35.5,726,207/8.21e+03,0/0,0/0/0,50000,16,1
abl5-m66,TN_144_2_13.no-card,0,X,1,1,1,NONE,,9,27,1100,1,1,0,526,2,0,0,0,0,0,791,78,2,2.0,0,0,0.8,0.4,5000,1,791,0/0,0/0,0/0/0,50000,0,0,0,0,0,0,0,791,78,0,2.0,0,0,0.8,0.4,4991,5.96,764,18.2/372,0/0,0.4/33.2/83,50000,8,0
abl5-m66,TN_144_2_13.no-card,1,Z,1,1,1,NONE,,4,3,513,1,1,0,777,0,0,0,0,0,0,817,78,2,2.0,0,0,0.8,0.4,5000,1,817,0/0,0/0,0/0/0,50000,0,0,0,0,0,0,0,817,78,0,2.0,0,0,0.8,0.4,4996,1.95,774,5.82/88,0/0,0.4/24.8/62,50000,3,0
abl5-m66,TN_144_2_13.no-card,2,X,2,2,1,NONE,,248,718,22903,4,3,3,1441,35,0,0,0,0,0,791,78,0,2.0,0,0,0.8,0.4,4991,5.96,764,18.2/372,0/0,0.4/33.2/83,50000,8,0,0,0,0,0,0,791,78,2,2.0,1,2,0.8,0.4,4743,5.15e+24,736,2.64e+25/4.94e+26,0/0,0.784/64.5/136,50000,255,0
abl5-m66,TN_144_2_13.no-card,3,Z,2,2,1,NONE,,186,516,24285,1,0,0,0,23,0,0,0,0,0,817,78,0,2.0,0,0,0.8,0.4,4996,1.95,774,5.82/88,0/0,0.4/24.8/62,50000,3,0,0,0,0,0,0,817,78,0,2.0,0,0,0.8,0.4,4810,1.66e+18,774,6.79e+18/1.05e+20,0/0,0/0/0,50000,188,0
abl5-m66,TN_144_2_13.no-card,4,X,4,3,1,NONE,,859,1409,29710,12,741,670,181260,719,0,0,0,0,0,791,78,2,2.0,1,2,0.8,0.4,4743,5.15e+24,736,2.64e+25/4.94e+26,0/0,0.784/64.5/136,50000,255,0,0,0,0,0,0,791,78,5,2.6,7,5,0.8,0.4,3884,72600000.0,722,4.15e+08/1.86e+10,0/0,0.99/98.1/144,50000,1113,0
abl5-m66,TN_144_2_13.no-card,5,Z,4,3,1,NONE,,483,767,12296,5,437,434,87717,437,0,0,0,0,0,817,78,0,2.0,0,0,0.8,0.4,4810,1.66e+18,774,6.79e+18/1.05e+20,0/0,0/0/0,50000,188,0,0,0,0,0,0,817,78,3,2.3,4,3,0.8,0.4,4327,8.51e+64,759,4.02e+65/5.82e+66,0/0,1/144/144,50000,670,0
abl5-m66,TN_144_2_13.no-card,6,X,8,5,1,NONE,,15327,20613,377530,103,18816,14568,6796279,14723,0,0,0,0,0,791,78,5,2.6,7,5,0.8,0.4,3884,72600000.0,722,4.15e+08/1.86e+10,0/0,0.99/98.1/144,50000,1113,0,0,0,0,0,0,791,78,9,3.2,110,9,0.82,0.3947,3884,1.02e+38,708,6.49e+38/3.7e+40,0.95/95.5,1/116/144,50000,11113,0
abl5-m66,TN_144_2_13.no-card,7,Z,8,5,1,NONE,,14943,20472,369513,114,18370,14192,6743624,14327,0,0,0,0,0,817,78,3,2.3,4,3,0.8,0.4,4327,8.51e+64,759,4.02e+65/5.82e+66,0/0,1/144/144,50000,670,0,0,0,0,0,0,817,78,5,3.2,107,9,0.82,0.3951,4326,0.818,726,4.27/231,0.825/73.4,1/90.4/144,50000,10671,0
abl5-m66,TN_144_2_13.no-card,8,X,16,9,1,FOUND,15,396731,449964,9317705,1063,553943,390460,210052826,391059,0,0,0,0,0,791,78,9,3.2,110,9,0.82,0.3947,3884,1.02e+38,708,6.49e+38/3.7e+40,0.95/95.5,1/116/144,50000,11113,0,9985,806,21469,0,31,791,78,1,6.4,2754,17,0.84,0.06,3868,1.17e+63,684,8.83e+63/4.7e+65,1/47.6,0.926/97.1/144,50000,21129,1
abl5-m66,TN_144_2_13.no-card,9,Z,16,9,1,FOUND,16,32580,40934,746738,194,43764,31513,15888413,31721,0,0,0,0,0,817,78,5,3.2,107,9,0.82,0.3951,4326,0.818,726,4.27/231,0.825/73.4,1/90.4/144,50000,10671,0,520,291,13732,0,38,817,78,7,7.1,236,17,0.84,0.3725,4322,4.92e+28,674,2.92e+29/1.28e+31,0.999/90.8,1/103/144,50000,20675,1
abl5-m66,TN_144_2_13.no-card,10,X,15,9,0,OPT,13,411811,453375,9793384,767,575384,404105,217430633,405122,9985,806,21469,0,31,791,78,1,6.4,2754,17,0.84,0.06,3868,1.17e+63,684,8.83e+63/4.7e+65,1/47.6,0.926/97.1/144,50000,21129,1,8120,1310,526,0,50,791,149,13,5.0,1203,13,0.84,0.06,3868,1.17e+63,676,8.83e+63/4.7e+65,1/38.6,0.992/123/143,50000,21129,1
abl5-m66,TN_144_2_13.no-card,11,Z,13,9,0,OPT,13,402102,447868,9307938,943,558760,393621,206472363,394873,520,291,13732,0,38,817,78,7,7.1,236,17,0.84,0.3725,4322,4.92e+28,674,2.92e+29/1.28e+31,0.999/90.8,1/103/144,50000,20675,1,4631,668,1305,0,19,817,185,13,4.8,1064,13,0.84,0.06,4322,4.92e+28,690,2.92e+29/1.28e+31,1/54.1,0.976/118/144,50000,20675,1
abl5-m68,BB_108_8_10.card-mto,0,X,1,1,1,NONE,,0,0,62,1,0,0,0,0,0,0,0,0,0,504,62,2,2.0,0,0,0.8,0.4,5000,1,503,0/0,0/0,0/0/0,50000,0,0,0,0,0,0,0,504,62,2,2.0,0,0,0.8,0.4,5000,1,503,0/0,0/0,0/0/0,50000,0,0
abl5-m68,BB_108_8_10.card-mto,1,Z,1,1,1,NONE,,0,0,56,1,0,0,0,0,0,0,0,0,0,522,62,2,2.0,0,0,0.8,0.4,5000,1,521,0/0,0/0,0/0/0,50000,0,0,0,0,0,0,0,522,62,2,2.0,0,0,0.8,0.4,5000,1,521,0/0,0/0,0/0/0,50000,0,0
abl5-m68,BB_108_8_10.card-mto,2,X,2,2,1,NONE,,2,1,204,1,1,0,305,0,0,0,0,0,0,504,62,2,2.0,0,0,0.8,0.4,5000,1,503,0/0,0/0,0/0/0,50000,0,0,0,0,0,0,0,610,62,1,2.0,0,0,0.8,0.4,4998,1.25,478,1.6/26,0/0,0.4/16.8/42,50000,1,0
abl5-m68,BB_108_8_10.card-mto,3,Z,2,2,1,NONE,,1,0,0,1,1,1,313,0,0,0,0,0,0,522,62,2,2.0,0,0,0.8,0.4,5000,1,521,0/0,0/0,0/0/0,50000,0,0,0,0,0,0,0,628,62,2,2.0,0,0,0.8,0.4,4999,1,521,0.2/10.5,0/0,0.4/22.8/57,50000,0,0
abl5-m68,BB_108_8_10.card-mto,4,X,4,3,1,NONE,,298,578,41048,3,1,0,598,6,0,0,0,0,0,610,62,1,2.0,0,0,0.8,0.4,4998,1.25,478,1.6/26,0/0,0.4/16.8/42,50000,1,0,0,0,0,0,0,822,62,0,2.0,0,0,0.8,0.4,4702,6.06e+28,746,2.54e+29/1.29e+31,0/0,0.64/35.6/96,50000,298,0
abl5-m68,BB_108_8_10.card-mto,5,Z,4,3,1,NONE,,132,227,20628,2,0,0,0,0,0,0,0,0,0,628,62,2,2.0,0,0,0.8,0.4,4999,1,521,0.2/10.5,0/0,0.4/22.8/57,50000,0,0,0,0,0,0,0,840,62,0,2.0,0,0,0.8,0.4,4868,4960000000000.0,768,2.49e+13/1.95e+15,0/0,0.4/22.8/57,50000,131,0
abl5-m68,BB_108_8_10.card-mto,6,X,8,5,1,NONE,,1419,2071,18430,19,1577,1345,298348,1357,0,0,0,0,0,822,62,0,2.0,0,0,0.8,0.4,4702,6.06e+28,746,2.54e+29/1.29e+31,0/0,0.64/35.6/96,50000,298,0,0,0,0,0,0,948,62,8,2.6,8,8,0.8,0.4,3581,2.62e+37,812,1.51e+38/4.91e+39,0/0,1/84.7/107,50000,1716,0
abl5-m68,BB_108_8_10.card-mto,7,Z,8,5,1,NONE,,899,1258,18557,10,914,708,224839,727,0,0,0,0,0,840,62,0,2.0,0,0,0.8,0.4,4868,4960000000000.0,768,2.49e+13/1.95e+15,0/0,0.4/22.8/57,50000,131,0,0,0,0,0,0,966,62,9,2.2,6,9,0.8,0.4,4101,1.06e+87,827,5.23e+87/9.18e+88,0/0,1/102/107,50000,1029,0
abl5-m68,BB_108_8_10.card-mto,8,X,16,9,1,FOUND,12,46,128,3295,1,15,0,891,0,0,0,0,0,0,948,62,8,2.6,8,8,0.8,0.4,3581,2.62e+37,812,1.51e+38/4.91e+39,0/0,1/84.7/107,50000,1716,0,42,2,2,1073,0,1010,62,4,2.6,0,8,0.8,0.4,4954,28700.0,923,6.28e+04/2.52e+06,0/0,1/55.8/107,50000,1762,1
abl5-m68,BB_108_8_10.card-mto,9,Z,16,9,1,FOUND,12,26,76,2254,1,6,0,304,0,0,0,0,0,0,966,62,9,2.2,6,9,0.8,0.4,4101,1.06e+87,827,5.23e+87/9.18e+88,0/0,1/102/107,50000,1029,0,26,0,0,1073,0,1028,62,4,2.2,0,9,0.8,0.4,4974,331,951,724/3.71e+04,0/0,1/73.1/107,50000,1055,1
abl5-m68,BB_108_8_10.card-mto,10,X,11,9,1,FOUND,10,173,887,7776,2,177,112,36146,119,42,2,2,1073,0,1010,62,4,2.6,0,8,0.8,0.4,4954,28700.0,923,6.28e+04/2.52e+06,0/0,1/55.8/107,50000,1762,1,200,149,72,1075,27,1516,63,1,2.7,1,8,0.8,0.3998,5000,1,1351,0/0,0.809/76.3,1/31.1/107,50000,1762,1
abl5-m68,BB_108_8_10.card-mto,11,Z,9,9,1,NONE,,1130,1402,18136,7,1359,1090,312842,1097,26,0,0,1073,0,1028,62,4,2.2,0,9,0.8,0.4,4974,331,951,724/3.71e+04,0/0,1/73.1/107,50000,1055,1,11,0,35,1076,0,1534,211,9,2.6,7,9,0.8,0.3989,5000,1,1219,0/0,0.999/130,1/69/107,50000,1055,1
abl5-m68,BB_108_8_10.card-mto,12,X,10,9,0,OPT,10,1396,1728,41949,8,1601,1237,381190,1245,200,149,72,1075,27,1516,63,1,2.7,1,8,0.8,0.3998,5000,1,1351,0/0,0.809/76.3,1/31.1/107,50000,1762,1,880,239,723,1076,42,2022,139,8,3.6,10,8,0.8,0.3986,5000,1,1766,0/0,1/78.9,1/86.8/107,50000,1762,1
abl5-m68,BB_108_8_10.no-card,0,X,1,1,1,NONE,,0,0,62,1,0,0,0,0,0,0,0,0,0,504,62,2,2.0,0,0,0.8,0.4,5000,1,503,0/0,0/0,0/0/0,50000,0,0,0,0,0,0,0,504,62,2,2.0,0,0,0.8,0.4,5000,1,503,0/0,0/0,0/0/0,50000,0,0
abl5-m68,BB_108_8_10.no-card,1,Z,1,1,1,NONE,,0,0,56,1,0,0,0,0,0,0,0,0,0,522,62,2,2.0,0,0,0.8,0.4,5000,1,521,0/0,0/0,0/0/0,50000,0,0,0,0,0,0,0,522,62,2,2.0,0,0,0.8,0.4,5000,1,521,0/0,0/0,0/0/0,50000,0,0
abl5-m68,BB_108_8_10.no-card,2,X,2,2,1,NONE,,2,1,243,1,1,0,305,0,0,0,0,0,0,504,62,2,2.0,0,0,0.8,0.4,5000,1,503,0/0,0/0,0/0/0,50000,0,0,0,0,0,0,0,504,62,1,2.0,0,0,0.8,0.4,4998,1.25,466,1.6/26,0/0,0.4/16.8/42,50000,1,0
abl5-m68,BB_108_8_10.no-card,3,Z,2,2,1,NONE,,1,0,0,1,1,1,313,0,0,0,0,0,0,522,62,2,2.0,0,0,0.8,0.4,5000,1,521,0/0,0/0,0/0/0,50000,0,0,0,0,0,0,0,522,62,2,2.0,0,0,0.8,0.4,4999,1,521,0.2/10.5,0/0,0.4/22.8/57,50000,0,0
abl5-m68,BB_108_8_10.no-card,4,X,4,3,1,NONE,,272,743,13509,3,39,39,3555,69,0,0,0,0,0,504,62,1,2.0,0,0,0.8,0.4,4998,1.25,466,1.6/26,0/0,0.4/16.8/42,50000,1,0,0,0,0,0,0,504,62,3,2.0,2,3,0.8,0.4,4728,1.83e+26,442,8.27e+26/1.16e+28,0/0,0.994/93.7/105,50000,272,0
abl5-m68,BB_108_8_10.no-card,5,Z,4,3,1,NONE,,280,796,11808,3,44,44,3593,65,0,0,0,0,0,522,62,2,2.0,0,0,0.8,0.4,4999,1,521,0.2/10.5,0/0,0.4/22.8/57,50000,0,0,0,0,0,0,0,522,62,3,2.2,2,3,0.8,0.4,4720,1.09e+27,490,6.22e+27/7.21e+28,0/0,1/98.7/106,50000,279,0
abl5-m68,BB_108_8_10.no-card,6,X,8,5,1,NONE,,1546,2056,13456,11,1610,1518,271123,1526,0,0,0,0,0,504,62,3,2.0,2,3,0.8,0.4,4728,1.83e+26,442,8.27e+26/1.16e+28,0/0,0.994/93.7/105,50000,272,0,0,0,0,0,0,504,62,7,2.8,8,7,0.8,0.4,3454,5.32e+49,432,2.78e+50/6.75e+51,0/0,1/105/107,50000,1817,0
abl5-m68,BB_108_8_10.no-card,7,Z,8,5,1,NONE,,915,1322,11286,13,1065,882,209249,894,0,0,0,0,0,522,62,3,2.2,2,3,0.8,0.4,4720,1.09e+27,490,6.22e+27/7.21e+28,0/0,1/98.7/106,50000,279,0,0,0,0,0,0,522,62,8,2.6,6,8,0.8,0.4,4085,3.76e+88,459,1.92e+89/8.31e+90,0/0,1/88.4/107,50000,1193,0
abl5-m68,BB_108_8_10.no-card,8,X,16,9,1,FOUND,12,1,15,315,1,1,0,76,0,0,0,0,0,0,504,62,7,2.8,8,7,0.8,0.4,3454,5.32e+49,432,2.78e+50/6.75e+51,0/0,1/105/107,50000,1817,0,1,0,0,0,0,504,62,4,2.8,0,7,0.8,0.4,4999,1.25,472,1.5/60,0/0,1/90.7/107,50000,1818,1
abl5-m68,BB_108_8_10.no-card,9,Z,16,9,1,FOUND,12,2,23,406,1,1,0,72,0,0,0,0,0,0,522,62,8,2.6,6,8,0.8,0.4,4085,3.76e+88,459,1.92e+89/8.31e+90,0/0,1/88.4/107,50000,1193,0,2,0,0,0,0,522,62,4,2.6,0,8,0.8,0.4,4998,1.56,493,3.38/78.9,0/0,1/77.4/107,50000,1195,1
abl5-m68,BB_108_8_10.no-card,10,X,11,9,1,FOUND,10,1317,1576,22053,8,1742,1288,411751,1296,1,0,0,0,0,504,62,4,2.8,0,7,0.8,0.4,4999,1.25,472,1.5/60,0/0,1/90.7/107,50000,1818,1,337,135,488,0,63,504,64,1,3.9,12,9,0.8,0.3987,5000,1,442,0/0,0.999/63.5,1/46.6/107,50000,1818,1
abl5-m68,BB_108_8_10.no-card,11,Z,9,9,1,NONE,,1689,2102,20707,11,2008,1640,425610,1651,2,0,0,0,0,522,62,4,2.6,0,8,0.8,0.4,4998,1.56,493,3.38/78.9,0/0,1/77.4/107,50000,1195,1,510,153,613,0,31,522,122,9,3.3,10,9,0.8,0.3983,5000,1,447,0/0,1/73.6,1/86.8/107,50000,1195,1
abl5-m68,BB_108_8_10.no-card,12,X,10,9,0,OPT,10,1078,1202,19353,6,1408,1031,370131,1040,337,135,488,0,63,504,64,1,3.9,12,9,0.8,0.3987,5000,1,442,0/0,0.999/63.5,1/46.6/107,50000,1818,1,1438,374,1114,0,21,504,91,9,4.5,8,9,0.8,0.3989,5000,1,428,0/0,0.998/104,1/87.7/107,50000,1818,1
abl5-m68,BB_144_12_12.no-card,0,X,1,1,1,NONE,,0,0,84,1,0,0,0,0,0,0,0,0,0,760,84,2,2.0,0,0,0.8,0.4,5000,1,759,0/0,0/0,0/0/0,50000,0,0,0,0,0,0,0,760,84,2,2.0,0,0,0.8,0.4,5000,1,759,0/0,0/0,0/0/0,50000,0,0
abl5-m68,BB_144_12_12.no-card,1,Z,1,1,1,NONE,,0,0,74,1,0,0,0,0,0,0,0,0,0,674,84,2,2.0,0,0,0.8,0.4,5000,1,673,0/0,0/0,0/0/0,50000,0,0,0,0,0,0,0,674,84,2,2.0,0,0,0.8,0.4,5000,1,673,0/0,0/0,0/0/0,50000,0,0
abl5-m68,BB_144_12_12.no-card,2,X,2,2,1,NONE,,2,1,410,1,1,0,440,0,0,0,0,0,0,760,84,2,2.0,0,0,0.8,0.4,5000,1,759,0/0,0/0,0/0/0,50000,0,0,0,0,0,0,0,760,84,1,2.0,0,0,0.8,0.4,4998,1.25,681,1.6/40.1,0/0,0.4/24/60,50000,1,0
abl5-m68,BB_144_12_12.no-card,3,Z,2,2,1,NONE,,2,1,424,1,1,0,527,0,0,0,0,0,0,674,84,2,2.0,0,0,0.8,0.4,5000,1,673,0/0,0/0,0/0/0,50000,0,0,0,0,0,0,0,674,84,1,2.0,0,0,0.8,0.4,4998,1.25,593,1.6/24.4,0/0,0.4/20/50,50000,1,0
abl5-m68,BB_144_12_12.no-card,4,X,4,3,1,NONE,,279,715,17508,3,35,35,4315,77,0,0,0,0,0,760,84,1,2.0,0,0,0.8,0.4,4998,1.25,681,1.6/40.1,0/0,0.4/24/60,50000,1,0,0,0,0,0,0,760,84,3,2.0,2,3,0.8,0.4,4721,8.73e+26,709,4.23e+27/5.37e+28,0/0,0.996/118/138,50000,279,0
abl5-m68,BB_144_12_12.no-card,5,Z,4,3,1,NONE,,262,804,21751,3,47,47,7478,67,0,0,0,0,0,674,84,1,2.0,0,0,0.8,0.4,4998,1.25,593,1.6/24.4,0/0,0.4/20/50,50000,1,0,0,0,0,0,0,674,84,3,2.0,2,3,0.8,0.4,4738,1.97e+25,634,9.18e+25/1.46e+27,0/0,1/133/140,50000,262,0
abl5-m68,BB_144_12_12.no-card,6,X,8,5,1,NONE,,856,1447,13791,11,873,760,220792,799,0,0,0,0,0,760,84,3,2.0,2,3,0.8,0.4,4721,8.73e+26,709,4.23e+27/5.37e+28,0/0,0.996/118/138,50000,279,0,0,0,0,0,0,760,84,8,2.5,7,8,0.8,0.4,4144,7.21e+82,683,5.28e+83/2.3e+85,0/0,1/90.8/143,50000,1134,0
abl5-m68,BB_144_12_12.no-card,7,Z,8,5,1,NONE,,1561,2217,16697,21,1604,1499,398423,1531,0,0,0,0,0,674,84,3,2.0,2,3,0.8,0.4,4738,1.97e+25,634,9.18e+25/1.46e+27,0/0,1/133/140,50000,262,0,0,0,0,0,0,674,84,8,2.8,8,8,0.8,0.4,3439,1.51e+51,601,7.49e+51/3.73e+53,0/0,1/123/143,50000,1822,0
abl5-m68,BB_144_12_12.no-card,8,X,16,9,1,FOUND,16,30,40,1521,1,15,15,1771,18,0,0,0,0,0,760,84,8,2.5,7,8,0.8,0.4,4144,7.21e+82,683,5.28e+83/2.3e+85,0/0,1/90.8/143,50000,1134,0,36,1,0,0,48,760,84,8,2.5,0,8,0.8,0.4,4970,808,711,4.94e+03/3.89e+05,0/0,1/107/143,50000,1164,1
abl5-m68,BB_144_12_12.no-card,9,Z,16,9,1,FOUND,12,4,18,474,1,3,2,214,2,0,0,0,0,0,674,84,8,2.8,8,8,0.8,0.4,3439,1.51e+51,601,7.49e+51/3.73e+53,0/0,1/123/143,50000,1822,0,4,0,0,0,0,674,84,4,2.8,0,8,0.8,0.4,4996,2.44,641,8.65/314,0/0,1/108/143,50000,1826,1
abl5-m68,BB_144_12_12.no-card,10,Z,12,9,0,OPT,12,6867,8090,141231,31,9112,6710,3257757,6775,4,0,0,0,0,674,84,4,2.8,0,8,0.8,0.4,4996,2.44,641,8.65/314,0/0,1/108/143,50000,1826,1,869,115,699,0,50,674,121,11,3.3,52,11,0.8,0.3931,5000,1,592,0/0,1/124,1/116/143,50000,1826,1
abl5-m68,BB_144_12_12.no-card,11,X,12,9,0,OPT,12,7498,8823,151882,31,9887,7325,3510941,7391,36,1,0,0,48,760,84,8,2.5,0,8,0.8,0.4,4970,808,711,4.94e+03/3.89e+05,0/0,1/107/143,50000,1164,1,3976,2707,5856,0,61,760,193,11,3.4,59,11,0.8,0.3925,5000,1,640,0/0,1/111,1/109/143,50000,1164,1
abl5-m68,BB_144_14_14.no-card,0,X,1,1,1,NONE,,0,0,94,1,0,0,0,0,0,0,0,0,0,1038,86,2,2.0,0,0,0.8,0.4,5000,1,1037,0/0,0/0,0/0/0,50000,0,0,0,0,0,0,0,1038,86,2,2.0,0,0,0.8,0.4,5000,1,1037,0/0,0/0,0/0/0,50000,0,0
abl5-m68,BB_144_14_14.no-card,1,Z,1,1,1,NONE,,0,0,100,1,0,0,0,0,0,0,0,0,0,1112,86,2,2.0,0,0,0.8,0.4,5000,1,1111,0/0,0/0,0/0/0,50000,0,0,0,0,0,0,0,1112,86,2,2.0,0,0,0.8,0.4,5000,1,1111,0/0,0/0,0/0/0,50000,0,0
abl5-m68,BB_144_14_14.no-card,2,X,2,2,1,NONE,,1,0,0,1,1,1,461,0,0,0,0,0,0,1038,86,2,2.0,0,0,0.8,0.4,5000,1,1037,0/0,0/0,0/0/0,50000,0,0,0,0,0,0,0,1038,86,2,2.0,0,0,0.8,0.4,4999,1,1037,0.2/12,0/0,0.4/24.8/62,50000,0,0
abl5-m68,BB_144_14_14.no-card,3,Z,2,2,1,NONE,,1,0,0,1,1,1,484,0,0,0,0,0,0,1112,86,2,2.0,0,0,0.8,0.4,5000,1,1111,0/0,0/0,0/0/0,50000,0,0,0,0,0,0,0,1112,86,2,2.0,0,0,0.8,0.4,4999,1,1111,0.2/12.8,0/0,0.4/29.6/74,50000,0,0
abl5-m68,BB_144_14_14.no-card,4,X,4,3,1,NONE,,282,664,14828,2,60,60,11001,104,0,0,0,0,0,1038,86,2,2.0,0,0,0.8,0.4,4999,1,1037,0.2/12,0/0,0.4/24.8/62,50000,0,0,0,0,0,0,0,1038,86,4,2.2,3,4,0.8,0.4,4718,1.7e+27,962,9.2e+27/2.28e+29,0/0,1/139/143,50000,281,0
abl5-m68,BB_144_14_14.no-card,5,Z,4,3,1,NONE,,546,1472,28667,6,254,254,33614,299,0,0,0,0,0,1112,86,2,2.0,0,0,0.8,0.4,4999,1,1111,0.2/12.8,0/0,0.4/29.6/74,50000,0,0,0,0,0,0,0,1112,86,3,2.4,4,3,0.8,0.4,4454,6.55e+52,1054,2.83e+53/5.68e+54,0/0,1/142/143,50000,545,0
abl5-m68,BB_144_14_14.no-card,6,X,8,5,1,NONE,,3015,4399,52909,35,3496,2911,1181226,2930,0,0,0,0,0,1038,86,4,2.2,3,4,0.8,0.4,4718,1.7e+27,962,9.2e+27/2.28e+29,0/0,1/139/143,50000,281,0,0,0,0,0,0,1038,86,8,2.8,21,8,0.8,0.4,1985,1.22e+92,927,5.19e+92/1.88e+94,0/0,1/130/143,50000,3295,0
abl5-m68,BB_144_14_14.no-card,7,Z,8,5,1,NONE,,1219,1682,21430,13,1311,1076,409239,1126,0,0,0,0,0,1112,86,3,2.4,4,3,0.8,0.4,4454,6.55e+52,1054,2.83e+53/5.68e+54,0/0,1/142/143,50000,545,0,0,0,0,0,0,1112,86,9,2.6,6,9,0.8,0.4,3781,1.09e+18,973,5.79e+18/2.18e+20,0/0,1/132/143,50000,1763,0
abl5-m68,BB_144_14_14.no-card,8,X,16,9,1,FOUND,16,92202,109641,1989588,352,124735,91169,44568670,91279,0,0,0,0,0,1038,86,8,2.8,21,8,0.8,0.4,1985,1.22e+92,927,5.19e+92/1.88e+94,0/0,1/130/143,50000,3295,0,2443,2930,16504,0,51,1038,87,9,5.8,640,16,0.82,0.3178,4992,6.36e+42,855,3.67e+43/2.13e+45,1/62.9,0.999/95/143,50000,13303,1
abl5-m68,BB_144_14_14.no-card,9,Z,16,9,1,FOUND,16,63087,75138,1323912,255,85221,62496,30130765,62541,0,0,0,0,0,1112,86,9,2.6,6,9,0.8,0.4,3781,1.09e+18,973,5.79e+18/2.18e+20,0/0,1/132/143,50000,1763,0,3134,4365,16411,0,48,1112,87,7,6.0,473,16,0.82,0.3469,4983,3.8e+43,936,2.16e+44/8.76e+45,1/84,1/99.8/143,50000,11780,1
abl5-m68,BB_144_14_14.no-card,10,X,15,9,1,FOUND,14,577597,647140,12550157,1152,798247,571629,290333392,572284,2443,2930,16504,0,51,1038,87,9,5.8,640,16,0.82,0.3178,4992,6.36e+42,855,3.67e+43/2.13e+45,1/62.9,0.999/95/143,50000,13303,1,5886,3760,22696,0,34,1038,88,1,5.3,3985,15,0.8,0.06,5000,1,867,0/0,1/54.5,0.914/92.5/143,50000,13303,1
abl5-m68,BB_144_14_14.no-card,11,Z,13,9,1,NONE,,414640,466050,8862499,865,567359,409073,203120082,409876,3134,4365,16411,0,48,1112,87,7,6.0,473,16,0.82,0.3469,4983,3.8e+43,936,2.16e+44/8.76e+45,1/84,1/99.8/143,50000,11780,1,8206,1621,1904,0,43,1112,97,13,4.5,3004,13,0.8,0.06,5000,1,913,0/0,1/42.2,0.985/116/143,50000,11780,1
abl5-m68,BB_144_14_14.no-card,12,X,14,9,0,OPT,14,462998,531763,9978870,1361,631191,455973,232428051,456800,5886,3760,22696,0,34,1038,88,1,5.3,3985,15,0.8,0.06,5000,1,867,0/0,1/54.5,0.914/92.5/143,50000,13303,1,6841,361,5541,0,17,1038,128,13,4.4,3266,13,0.95,0.1333,-116304,2.68e+78,885,6.56e+79/3.7e+81,1/98.9,1/118/143,50000,209606,1
abl5-m68,BB_90_8_10.card-mto,0,X,1,1,1,NONE,,0,0,53,1,0,0,0,0,0,0,0,0,0,425,53,2,2.0,0,0,0.8,0.4,5000,1,424,0/0,0/0,0/0/0,50000,0,0,0,0,0,0,0,425,53,2,2.0,0,0,0.8,0.4,5000,1,424,0/0,0/0,0/0/0,50000,0,0
abl5-m68,BB_90_8_10.card-mto,1,Z,1,1,1,NONE,,0,0,47,1,0,0,0,0,0,0,0,0,0,429,53,2,2.0,0,0,0.8,0.4,5000,1,428,0/0,0/0,0/0/0,50000,0,0,0,0,0,0,0,429,53,2,2.0,0,0,0.8,0.4,5000,1,428,0/0,0/0,0/0/0,50000,0,0
abl5-m68,BB_90_8_10.card-mto,2,X,2,2,1,NONE,,3,3,239,1,1,0,308,0,0,0,0,0,0,425,53,2,2.0,0,0,0.8,0.4,5000,1,424,0/0,0/0,0/0/0,50000,0,0,0,0,0,0,0,513,53,0,2.0,0,0,0.8,0.4,4997,1.56,405,1.98/32.7,0/0,0.4/14.4/36,50000,2,0
abl5-m68,BB_90_8_10.card-mto,3,Z,2,2,1,NONE,,1,0,0,1,1,1,285,0,0,0,0,0,0,429,53,2,2.0,0,0,0.8,0.4,5000,1,428,0/0,0/0,0/0/0,50000,0,0,0,0,0,0,0,517,53,2,2.0,0,0,0.8,0.4,4999,1,428,0.2/11,0/0,0.4/22.8/57,50000,0,0
abl5-m68,BB_90_8_10.card-mto,4,X,4,3,1,NONE,,242,609,13315,2,24,24,1671,38,0,0,0,0,0,513,53,0,2.0,0,0,0.8,0.4,4997,1.56,405,1.98/32.7,0/0,0.4/14.4/36,50000,2,0,0,0,0,0,0,689,53,2,1.9,1,2,0.8,0.4,4758,2.27e+23,638,1.36e+24/1.1e+25,0/0,1/72.2/87,50000,243,0
abl5-m68,BB_90_8_10.card-mto,5,Z,4,3,1,NONE,,307,746,16199,2,65,65,5562,88,0,0,0,0,0,517,53,2,2.0,0,0,0.8,0.4,4999,1,428,0.2/11,0/0,0.4/22.8/57,50000,0,0,0,0,0,0,0,693,53,4,2.2,3,4,0.8,0.4,4693,4.51e+29,635,1.87e+30/3.52e+31,0/0,1/86.3/88,50000,306,0
abl5-m68,BB_90_8_10.card-mto,6,X,8,5,1,NONE,,1126,1523,14749,15,1295,1076,214670,1088,0,0,0,0,0,689,53,2,1.9,1,2,0.8,0.4,4758,2.27e+23,638,1.36e+24/1.1e+25,0/0,1/72.2/87,50000,243,0,0,0,0,0,0,801,53,9,2.4,7,9,0.8,0.4,3874,1060000000.0,676,6.5e+09/1.53e+11,0/0,1/79.7/89,50000,1368,0
abl5-m68,BB_90_8_10.card-mto,7,Z,8,5,1,NONE,,1074,1402,12791,15,1196,1021,193304,1031,0,0,0,0,0,693,53,4,2.2,3,4,0.8,0.4,4693,4.51e+29,635,1.87e+30/3.52e+31,0/0,1/86.3/88,50000,306,0,0,0,0,0,0,805,53,7,2.8,6,7,0.8,0.4,3926,9650.0,698,5.1e+04/1.24e+06,0/0,1/83.1/89,50000,1379,0
abl5-m68,BB_90_8_10.card-mto,8,X,16,9,1,FOUND,10,24,146,2421,1,12,0,640,0,0,0,0,0,0,801,53,9,2.4,7,9,0.8,0.4,3874,1060000000.0,676,6.5e+09/1.53e+11,0/0,1/79.7/89,50000,1368,0,23,1,0,908,0,863,53,6,2.4,0,9,0.8,0.4,4976,212,791,487/3.72e+04,0/0,1/52.3/89,50000,1392,1
abl5-m68,BB_90_8_10.card-mto,9,Z,16,9,1,FOUND,10,14,67,1528,1,4,0,256,0,0,0,0,0,0,805,53,7,2.8,6,7,0.8,0.4,3926,9650.0,698,5.1e+04/1.24e+06,0/0,1/83.1/89,50000,1379,0,14,0,0,908,0,867,53,6,2.8,0,7,0.8,0.4,4986,22.7,807,92.6/4.39e+03,0/0,1/58.5/89,50000,1393,1
abl5-m68,BB_90_8_10.card-mto,10,X,9,9,1,NONE,,1796,2163,26675,12,2094,1712,330214,1744,23,1,0,908,0,863,53,6,2.4,0,9,0.8,0.4,4976,212,791,487/3.72e+04,0/0,1/52.3/89,50000,1392,1,259,130,211,911,17,1301,118,9,3.4,12,9,0.8,0.3982,5000,1,1050,0/0,1/85.2,1/76.5/89,50000,1392,1
abl5-m68,BB_90_8_10.card-mto,11,Z,9,9,1,NONE,,1167,1291,19455,7,1557,1122,313269,1140,14,0,0,908,0,867,53,6,2.8,0,7,0.8,0.4,4986,22.7,807,92.6/4.39e+03,0/0,1/58.5/89,50000,1393,1,389,71,100,911,23,1305,64,8,3.0,6,8,0.8,0.3988,5000,1,1076,0/0,1/88.8,1/78.8/89,50000,1393,1
abl5-m68,BB_90_8_10.no-card,0,X,1,1,1,NONE,,0,0,53,1,0,0,0,0,0,0,0,0,0,425,53,2,2.0,0,0,0.8,0.4,5000,1,424,0/0,0/0,0/0/0,50000,0,0,0,0,0,0,0,425,53,2,2.0,0,0,0.8,0.4,5000,1,424,0/0,0/0,0/0/0,50000,0,0
abl5-m68,BB_90_8_10.no-card,1,Z,1,1,1,NONE,,0,0,47,1,0,0,0,0,0,0,0,0,0,429,53,2,2.0,0,0,0.8,0.4,5000,1,428,0/0,0/0,0/0/0,50000,0,0,0,0,0,0,0,429,53,2,2.0,0,0,0.8,0.4,5000,1,428,0/0,0/0,0/0/0,50000,0,0
abl5-m68,BB_90_8_10.no-card,2,X,2,2,1,NONE,,3,3,251,1,1,0,308,0,0,0,0,0,0,425,53,2,2.0,0,0,0.8,0.4,5000,1,424,0/0,0/0,0/0/0,50000,0,0,0,0,0,0,0,425,53,0,2.0,0,0,0.8,0.4,4997,1.56,388,1.98/32.7,0/0,0.4/14.4/36,50000,2,0
abl5-m68,BB_90_8_10.no-card,3,Z,2,2,1,NONE,,1,0,0,1,1,1,279,0,0,0,0,0,0,429,53,2,2.0,0,0,0.8,0.4,5000,1,428,0/0,0/0,0/0/0,50000,0,0,0,0,0,0,0,429,53,2,2.0,0,0,0.8,0.4,4999,1,428,0.2/11,0/0,0.4/22.8/57,50000,0,0
abl5-m68,BB_90_8_10.no-card,4,X,4,3,1,NONE,,279,649,12046,2,33,33,2084,57,0,0,0,0,0,425,53,0,2.0,0,0,0.8,0.4,4997,1.56,388,1.98/32.7,0/0,0.4/14.4/36,50000,2,0,0,0,0,0,0,425,53,3,2.0,2,3,0.8,0.4,4721,8.73e+26,390,4.55e+27/3.48e+28,0/0,1/64.9/86,50000,280,0
abl5-m68,BB_90_8_10.no-card,5,Z,4,3,1,NONE,,269,670,11581,2,28,28,1391,52,0,0,0,0,0,429,53,2,2.0,0,0,0.8,0.4,4999,1,428,0.2/11,0/0,0.4/22.8/57,50000,0,0,0,0,0,0,0,429,53,2,2.1,1,2,0.8,0.4,4731,9.37e+25,393,5.09e+26/4.18e+27,0/0,1/62.9/86,50000,268,0
abl5-m68,BB_90_8_10.no-card,6,X,8,5,1,NONE,,965,1220,11520,10,1085,923,181508,935,0,0,0,0,0,425,53,3,2.0,2,3,0.8,0.4,4721,8.73e+26,390,4.55e+27/3.48e+28,0/0,1/64.9/86,50000,280,0,0,0,0,0,0,425,53,7,2.4,4,7,0.8,0.4,4035,2.64e+93,381,8.35e+93/4.04e+95,0/0,0.999/68.4/89,50000,1244,0
abl5-m68,BB_90_8_10.no-card,7,Z,8,5,1,NONE,,1157,1593,13388,16,1307,1121,221952,1125,0,0,0,0,0,429,53,2,2.1,1,2,0.8,0.4,4731,9.37e+25,393,5.09e+26/4.18e+27,0/0,1/62.9/86,50000,268,0,0,0,0,0,0,429,53,7,2.8,7,7,0.8,0.4,3843,1070000000000.0,357,3.95e+12/1.85e+14,0/0,1/67.4/89,50000,1424,0
abl5-m68,BB_90_8_10.no-card,8,X,16,9,1,FOUND,10,1,16,264,1,1,0,62,0,0,0,0,0,0,425,53,7,2.4,4,7,0.8,0.4,4035,2.64e+93,381,8.35e+93/4.04e+95,0/0,0.999/68.4/89,50000,1244,0,1,0,0,0,0,425,53,6,2.4,0,7,0.8,0.4,4999,1.25,395,1.5/47,0/0,0.998/60.1/89,50000,1245,1
abl5-m68,BB_90_8_10.no-card,9,Z,16,9,1,FOUND,10,1,13,250,1,1,0,0,0,0,0,0,0,0,429,53,7,2.8,7,7,0.8,0.4,3843,1070000000000.0,357,3.95e+12/1.85e+14,0/0,1/67.4/89,50000,1424,0,1,0,0,0,0,429,53,6,2.8,0,7,0.8,0.4,4999,1.25,405,1.5/36.5,0/0,1/67.4/89,50000,1425,1
abl5-m68,BB_90_8_10.no-card,10,X,9,9,1,NONE,,1357,1537,19283,9,1595,1311,291288,1325,1,0,0,0,0,425,53,6,2.4,0,7,0.8,0.4,4999,1.25,395,1.5/47,0/0,0.998/60.1/89,50000,1245,1,502,66,501,0,17,425,158,6,3.2,8,8,0.8,0.3986,5000,1,347,0/0,0.999/66.2,1/67.7/89,50000,1245,1
abl5-m68,BB_90_8_10.no-card,11,Z,9,9,1,NONE,,1538,1743,26664,10,1988,1438,391228,1469,1,0,0,0,0,429,53,6,2.8,0,7,0.8,0.4,4999,1.25,405,1.5/36.5,0/0,1/67.4/89,50000,1425,1,292,83,301,0,32,429,80,8,3.5,8,8,0.8,0.3985,5000,1,384,0/0,1/85,1/74.2/89,50000,1425,1
abl5-m68,GB_144_12_12.card-mto,0,X,1,1,1,NONE,,0,0,99,1,0,0,0,0,0,0,0,0,0,1006,78,2,2.0,0,0,0.8,0.4,5000,1,1005,0/0,0/0,0/0/0,50000,0,0,0,0,0,0,0,1006,78,2,2.0,0,0,0.8,0.4,5000,1,1005,0/0,0/0,0/0/0,50000,0,0
abl5-m68,GB_144_12_12.card-mto,1,Z,1,1,1,NONE,,0,0,95,1,0,0,0,0,0,0,0,0,0,1017,78,2,2.0,0,0,0.8,0.4,5000,1,1016,0/0,0/0,0/0/0,50000,0,0,0,0,0,0,0,1017,78,2,2.0,0,0,0.8,0.4,5000,1,1016,0/0,0/0,0/0/0,50000,0,0
abl5-m68,GB_144_12_12.card-mto,2,X,2,2,1,NONE,,7,18,1589,1,1,0,432,0,0,0,0,0,0,1006,78,2,2.0,0,0,0.8,0.4,5000,1,1005,0/0,0/0,0/0/0,50000,0,0,0,0,0,0,0,1148,78,0,2.0,0,0,0.8,0.4,4993,3.81,980,13.2/565,0/0,0.4/36/90,50000,6,0
abl5-m68,GB_144_12_12.card-mto,3,Z,2,2,1,NONE,,4,5,885,1,1,0,437,0,0,0,0,0,0,1017,78,2,2.0,0,0,0.8,0.4,5000,1,1016,0/0,0/0,0/0/0,50000,0,0,0,0,0,0,0,1159,78,0,2.0,0,0,0.8,0.4,4996,1.95,1080,4.22/153,0/0,0.4/36.8/92,50000,3,0
abl5-m68,GB_144_12_12.card-mto,4,X,4,3,1,NONE,,302,815,55129,1,9,7,3834,11,0,0,0,0,0,1148,78,0,2.0,0,0,0.8,0.4,4993,3.81,980,13.2/565,0/0,0.4/36/90,50000,6,0,0,0,0,0,0,1432,78,4,1.9,1,4,0.8,0.4,4698,1.48e+29,1258,7.35e+29/1.87e+32,0/0,0.983/111/134,50000,307,0
abl5-m68,GB_144_12_12.card-mto,5,Z,4,3,1,NONE,,351,945,33115,3,108,107,14496,121,0,0,0,0,0,1159,78,0,2.0,0,0,0.8,0.4,4996,1.95,1080,4.22/153,0/0,0.4/36.8/92,50000,3,0,0,0,0,0,0,1443,78,3,2.1,3,3,0.8,0.4,4649,8.29e+33,1382,3.81e+34/5.36e+35,0/0,1/142/143,50000,353,0
abl5-m68,GB_144_12_12.card-mto,6,X,8,5,1,NONE,,1945,3097,50708,21,2289,1836,783681,1844,0,0,0,0,0,1432,78,4,1.9,1,4,0.8,0.4,4698,1.48e+29,1258,7.35e+29/1.87e+32,0/0,0.983/111/134,50000,307,0,0,0,0,0,0,1588,78,9,2.5,14,9,0.8,0.4,3055,2.47e+88,1378,9.72e+88/3.77e+90,0/0,1/112/143,50000,2251,0
abl5-m68,GB_144_12_12.card-mto,7,Z,8,5,1,NONE,,2538,4191,66030,28,2860,2342,930775,2361,0,0,0,0,0,1443,78,3,2.1,3,3,0.8,0.4,4649,8.29e+33,1382,3.81e+34/5.36e+35,0/0,1/142/143,50000,353,0,0,0,0,0,0,1599,78,8,3.1,18,8,0.8,0.4,2462,7.26e+45,1378,4.52e+46/1.91e+48,0/0,1/125/143,50000,2890,0
abl5-m68,GB_144_12_12.card-mto,8,X,16,9,1,FOUND,15,69493,84137,1582765,283,93715,68060,32436505,68123,0,0,0,0,0,1588,78,9,2.5,14,9,0.8,0.4,3055,2.47e+88,1378,9.72e+88/3.77e+90,0/0,1/112/143,50000,2251,0,2821,1731,22625,1421,36,1680,79,1,5.9,502,16,0.82,0.3405,4988,1.41e+43,1441,7.49e+43/3.72e+45,0.918/110,0.997/61.1/143,50000,12263,1
abl5-m68,GB_144_12_12.card-mto,9,Z,16,9,1,FOUND,16,38974,49519,894068,212,51554,37864,18090184,37922,0,0,0,0,0,1599,78,8,3.1,18,8,0.8,0.4,2462,7.26e+45,1378,4.52e+46/1.91e+48,0/0,1/125/143,50000,2890,0,798,316,19936,1421,63,1691,78,5,5.9,283,16,0.82,0.371,4996,2.88e+42,1433,1.6e+43/9.06e+44,0.938/136,0.982/89.5/143,50000,12894,1
abl5-m68,GB_144_12_12.card-mto,10,X,15,9,0,OPT,12,674190,759216,14698994,1370,929036,665216,320374260,666496,2821,1731,22625,1421,36,1680,79,1,5.9,502,16,0.82,0.3405,4988,1.41e+43,1441,7.49e+43/3.72e+45,0.918/110,0.997/61.1/143,50000,12263,1,7267,2015,1413,1339,25,3632,158,12,4.5,38,12,0.8,0.06,5000,1,2675,0/0,1/41.9,0.969/114/143,50000,12263,1
abl5-m68,GB_144_12_12.card-mto,11,Z,12,9,0,OPT,12,64389,75063,1410418,152,85874,63195,29994324,63392,798,316,19936,1421,63,1691,78,5,5.9,283,16,0.82,0.371,4996,2.88e+42,1433,1.6e+43/9.06e+44,0.938/136,0.982/89.5/143,50000,12894,1,1921,337,992,1399,28,3025,117,16,8.0,199,16,0.8,0.3356,5000,1,2057,0/0,1/114,1/118/143,50000,12894,1
abl5-m68,GB_144_12_8.card-mto,0,X,1,1,1,NONE,,0,0,69,1,0,0,0,0,0,0,0,0,0,743,78,2,2.0,0,0,0.8,0.4,5000,1,742,0/0,0/0,0/0/0,50000,0,0,0,0,0,0,0,743,78,2,2.0,0,0,0.8,0.4,5000,1,742,0/0,0/0,0/0/0,50000,0,0
abl5-m68,GB_144_12_8.card-mto,1,Z,1,1,1,NONE,,0,0,89,1,0,0,0,0,0,0,0,0,0,856,78,2,2.0,0,0,0.8,0.4,5000,1,855,0/0,0/0,0/0/0,50000,0,0,0,0,0,0,0,856,78,2,2.0,0,0,0.8,0.4,5000,1,855,0/0,0/0,0/0/0,50000,0,0
abl5-m68,GB_144_12_8.card-mto,2,X,2,2,1,NONE,,1,0,0,1,1,1,525,0,0,0,0,0,0,743,78,2,2.0,0,0,0.8,0.4,5000,1,742,0/0,0/0,0/0/0,50000,0,0,0,0,0,0,0,885,78,2,2.0,0,0,0.8,0.4,4999,1,742,0.2/23.8,0/0,0.4/34.4/86,50000,0,0
abl5-m68,GB_144_12_8.card-mto,3,Z,2,2,1,NONE,,1,0,0,1,1,1,491,0,0,0,0,0,0,856,78,2,2.0,0,0,0.8,0.4,5000,1,855,0/0,0/0,0/0/0,50000,0,0,0,0,0,0,0,998,78,2,2.0,0,0,0.8,0.4,4999,1,855,0.2/8,0/0,0.4/18.4/46,50000,0,0
abl5-m68,GB_144_12_8.card-mto,4,X,4,3,1,NONE,,163,414,24991,1,0,0,0,12,0,0,0,0,0,885,78,2,2.0,0,0,0.8,0.4,4999,1,742,0.2/23.8,0/0,0.4/34.4/86,50000,0,0,0,0,0,0,0,1169,78,0,2.0,0,0,0.8,0.4,4837,5010000000000000.0,1097,2.05e+16/2.82e+18,0/0,0.4/34.4/86,50000,162,0
abl5-m68,GB_144_12_8.card-mto,5,Z,4,3,1,NONE,,259,570,60596,3,0,0,0,1,0,0,0,0,0,998,78,2,2.0,0,0,0.8,0.4,4999,1,855,0.2/8,0/0,0.4/18.4/46,50000,0,0,0,0,0,0,0,1282,78,0,2.0,0,0,0.8,0.4,4741,1.01e+25,1148,5.04e+25/3.26e+27,0/0,0.4/18.4/46,50000,258,0
abl5-m68,GB_144_12_8.card-mto,6,X,8,5,1,FOUND,8,7,41,1800,1,0,0,0,0,0,0,0,0,0,1169,78,0,2.0,0,0,0.8,0.4,4837,5010000000000000.0,1097,2.05e+16/2.82e+18,0/0,0.4/34.4/86,50000,162,0,7,0,0,1239,64,1325,78,0,2.0,0,0,0.8,0.4,4993,4.77,1275,18.8/600,0/0,0.4/34.4/86,50000,169,1
abl5-m68,GB_144_12_8.card-mto,7,Z,8,5,1,FOUND,8,1127,1502,24411,10,1115,991,283069,1027,0,0,0,0,0,1282,78,0,2.0,0,0,0.8,0.4,4741,1.01e+25,1148,5.04e+25/3.26e+27,0/0,0.4/18.4/46,50000,258,0,283,69,310,1239,42,1438,88,4,2.6,6,7,0.8,0.4,3873,1650000000.0,1316,3.87e+09/3.26e+11,0/0,1/105/143,50000,1385,1
abl5-m68,GB_144_12_8.card-mto,8,X,7,5,1,NONE,,487,765,6170,4,410,393,75380,405,7,0,0,1239,64,1325,78,0,2.0,0,0,0.8,0.4,4993,4.77,1275,18.8/600,0/0,0.4/34.4/86,50000,169,1,672,204,140,1240,43,1907,86,7,2.5,5,7,0.8,0.3995,5000,1,1252,0/0,0.994/100,1/129/142,50000,169,1
abl5-m68,GB_144_12_8.card-mto,9,Z,7,5,1,NONE,,69,93,3860,1,89,58,35966,57,283,69,310,1239,42,1438,88,4,2.6,6,7,0.8,0.4,3873,1650000000.0,1316,3.87e+09/3.26e+11,0/0,1/105/143,50000,1385,1,624,98,321,1168,43,1980,149,7,2.6,0,7,0.8,0.3999,5000,1,1766,0/0,0.999/142,1/120/143,50000,1385,1
abl5-m68,GB_144_12_8.no-card,0,X,1,1,1,NONE,,0,0,69,1,0,0,0,0,0,0,0,0,0,743,78,2,2.0,0,0,0.8,0.4,5000,1,742,0/0,0/0,0/0/0,50000,0,0,0,0,0,0,0,743,78,2,2.0,0,0,0.8,0.4,5000,1,742,0/0,0/0,0/0/0,50000,0,0
abl5-m68,GB_144_12_8.no-card,1,Z,1,1,1,NONE,,0,0,89,1,0,0,0,0,0,0,0,0,0,856,78,2,2.0,0,0,0.8,0.4,5000,1,855,0/0,0/0,0/0/0,50000,0,0,0,0,0,0,0,856,78,2,2.0,0,0,0.8,0.4,5000,1,855,0/0,0/0,0/0/0,50000,0,0
abl5-m68,GB_144_12_8.no-card,2,X,2,2,1,NONE,,1,0,0,1,1,1,525,0,0,0,0,0,0,743,78,2,2.0,0,0,0.8,0.4,5000,1,742,0/0,0/0,0/0/0,50000,0,0,0,0,0,0,0,743,78,2,2.0,0,0,0.8,0.4,4999,1,742,0.2/23.8,0/0,0.4/34.4/86,50000,0,0
abl5-m68,GB_144_12_8.no-card,3,Z,2,2,1,NONE,,1,0,0,1,1,1,491,0,0,0,0,0,0,856,78,2,2.0,0,0,0.8,0.4,5000,1,855,0/0,0/0,0/0/0,50000,0,0,0,0,0,0,0,856,78,2,2.0,0,0,0.8,0.4,4999,1,855,0.2/8,0/0,0.4/18.4/46,50000,0,0
abl5-m68,GB_144_12_8.no-card,4,X,4,3,1,NONE,,334,803,20036,4,76,76,10148,107,0,0,0,0,0,743,78,2,2.0,0,0,0.8,0.4,4999,1,742,0.2/23.8,0/0,0.4/34.4/86,50000,0,0,0,0,0,0,0,743,78,3,2.3,3,3,0.8,0.4,4666,1.87e+32,688,8.61e+32/1.2e+34,0/0,1/139/142,50000,333,0
abl5-m68,GB_144_12_8.no-card,5,Z,4,3,1,NONE,,313,526,7465,1,59,59,10229,109,0,0,0,0,0,856,78,2,2.0,0,0,0.8,0.4,4999,1,855,0.2/8,0/0,0.4/18.4/46,50000,0,0,0,0,0,0,0,856,78,3,2.2,2,3,0.8,0.4,4687,1.72e+30,826,2.98e+30/9.15e+31,0/0,1/140/143,50000,312,0
abl5-m68,GB_144_12_8.no-card,6,X,8,5,1,FOUND,8,0,2,400,1,0,0,0,0,0,0,0,0,0,743,78,3,2.3,3,3,0.8,0.4,4666,1.87e+32,688,8.61e+32/1.2e+34,0/0,1/139/142,50000,333,0,0,0,0,0,64,743,78,3,2.3,0,3,0.8,0.4,5000,1,731,0/0,0/0,1/139/142,50000,333,1
abl5-m68,GB_144_12_8.no-card,7,Z,8,5,1,FOUND,8,1512,2409,25522,19,1624,1457,411326,1465,0,0,0,0,0,856,78,3,2.2,2,3,0.8,0.4,4687,1.72e+30,826,2.98e+30/9.15e+31,0/0,1/140/143,50000,312,0,1457,196,895,0,33,856,84,4,3.0,9,8,0.8,0.4,3488,3.37e+46,773,1.38e+47/1.13e+49,0/0,1/95/143,50000,1824,1
abl5-m68,GB_144_12_8.no-card,8,X,7,5,1,NONE,,574,917,5657,5,559,544,74321,548,0,0,0,0,64,743,78,3,2.3,0,3,0.8,0.4,5000,1,731,0/0,0/0,1/139/142,50000,333,1,7,8,7,0,46,743,197,7,2.7,5,7,0.8,0.3994,5000,1,672,0/0,0.998/83.8,1/109/143,50000,333,1
abl5-m68,GB_144_12_8.no-card,9,Z,7,5,1,NONE,,163,185,3210,2,202,157,69631,160,1457,196,895,0,33,856,84,4,3.0,9,8,0.8,0.4,3488,3.37e+46,773,1.38e+47/1.13e+49,0/0,1/95/143,50000,1824,1,1697,255,983,0,31,856,89,5,3.2,2,5,0.8,0.3998,5000,1,759,0/0,0.975/57.1,1/138/143,50000,1824,1
abl5-m68,LP_238_44_6.card-mto,0,X,1,1,1,NONE,,3,3,1718,1,1,0,1165,0,0,0,0,0,0,1630,151,2,2.0,0,0,0.8,0.4,5000,1,1630,0/0,0/0,0/0/0,50000,0,0,0,0,0,0,0,1867,151,1,2.0,0,0,0.8,0.4,4997,1.56,1804,3.48/371,0/0,0.4/37.2/93,50000,2,0
abl5-m68,LP_238_44_6.card-mto,1,Z,1,1,1,NONE,,3,3,1665,1,1,0,1286,0,0,0,0,0,0,1630,149,2,2.0,0,0,0.8,0.4,5000,1,1630,0/0,0/0,0/0/0,50000,0,0,0,0,0,0,0,1867,149,1,2.0,0,0,0.8,0.4,4997,1.56,1805,3.48/286,0/0,0.4/33.2/83,50000,2,0
abl5-m68,LP_238_44_6.card-mto,2,X,2,2,1,NONE,,290,1088,75044,4,0,0,0,10,0,0,0,0,0,1867,151,1,2.0,0,0,0.8,0.4,4997,1.56,1804,3.48/371,0/0,0.4/37.2/93,50000,2,0,0,0,0,0,0,2341,151,0,2.0,0,0,0.8,0.4,4710,1.02e+28,2287,2.95e+28/2.09e+30,0/0,0.4/37.2/93,50000,291,0
abl5-m68,LP_238_44_6.card-mto,3,Z,2,2,1,NONE,,195,715,48271,2,0,0,0,17,0,0,0,0,0,1867,149,1,2.0,0,0,0.8,0.4,4997,1.56,1805,3.48/286,0/0,0.4/33.2/83,50000,2,0,0,0,0,0,0,2341,149,0,2.0,0,0,0.8,0.4,4805,6.32e+18,2276,3.11e+19/8.86e+21,0/0,0.4/33.2/83,50000,196,0
abl5-m68,LP_238_44_6.card-mto,4,X,4,3,1,NONE,,865,2571,85235,13,620,565,347546,595,0,0,0,0,0,2341,151,0,2.0,0,0,0.8,0.4,4710,1.02e+28,2287,2.95e+28/2.09e+30,0/0,0.4/37.2/93,50000,291,0,0,0,0,0,0,2595,151,5,2.1,4,5,0.8,0.4,4135,5.37e+83,2483,2.01e+84/8.05e+85,0/0,1/174/238,50000,1155,0
abl5-m68,LP_238_44_6.card-mto,5,Z,4,3,1,NONE,,1101,3007,72303,13,876,804,447670,839,0,0,0,0,0,2341,149,0,2.0,0,0,0.8,0.4,4805,6.32e+18,2276,3.11e+19/8.86e+21,0/0,0.4/33.2/83,50000,196,0,0,0,0,0,0,2595,149,5,2.3,7,5,0.8,0.4,3899,3990000.0,2460,2.06e+07/2.62e+09,0/0,0.989/175/238,50000,1296,0
abl5-m68,LP_238_44_6.card-mto,6,X,8,5,1,FOUND,6,955,1452,84331,1,228,163,17673,166,0,0,0,0,0,2595,151,5,2.1,4,5,0.8,0.4,4135,5.37e+83,2483,2.01e+84/8.05e+85,0/0,1/174/238,50000,1155,0,231,189,659,2364,4,2721,151,2,2.1,0,5,0.8,0.4,4045,3.54e+92,2651,1.7e+93/8.62e+94,0/0,1/185/238,50000,2110,1
abl5-m68,LP_238_44_6.card-mto,7,Z,8,5,1,FOUND,8,330,1138,49666,3,180,126,138951,126,0,0,0,0,0,2595,149,5,2.3,7,5,0.8,0.4,3899,3990000.0,2460,2.06e+07/2.62e+09,0/0,0.989/175/238,50000,1296,0,92,21,228,2364,153,2721,149,4,2.4,1,8,0.8,0.4,4670,9.56e+31,2583,2.57e+32/1.44e+34,0/0,0.997/128/238,50000,1626,1
abl5-m68,LP_238_44_6.card-mto,8,X,6,5,0,OPT,6,962,2196,74344,7,822,697,503346,724,231,189,659,2364,4,2721,151,2,2.1,0,5,0.8,0.4,4045,3.54e+92,2651,1.7e+93/8.62e+94,0/0,1/185/238,50000,2110,1,974,189,1402,2081,92,3686,157,6,2.4,4,6,0.8,0.399,5000,1,3522,0/0,0.986/177,0.991/193/238,50000,2110,1
abl5-m68,LP_238_44_6.card-mto,9,Z,6,5,0,OPT,6,1479,3518,72157,10,1644,1342,1126962,1368,92,21,228,2364,153,2721,149,4,2.4,1,8,0.8,0.4,4670,9.56e+31,2583,2.57e+32/1.44e+34,0/0,0.997/128/238,50000,1626,1,786,181,1025,2057,74,4642,192,6,2.9,7,6,0.8,0.3985,5000,1,3521,0/0,0.998/159,1/189/238,50000,1626,1
abl5-m68,LP_238_44_6.no-card,0,X,1,1,1,NONE,,12,17,1597,1,1,0,1165,3,0,0,0,0,0,1630,151,2,2.0,0,0,0.8,0.4,5000,1,1630,0/0,0/0,0/0/0,50000,0,0,0,0,0,0,0,1630,151,0,2.0,0,0,0.8,0.4,4988,11.6,1485,38.4/1.37e+03,0/0,0.4/37.2/93,50000,11,0
abl5-m68,LP_238_44_6.no-card,1,Z,1,1,1,NONE,,3,3,973,1,1,0,1286,0,0,0,0,0,0,1630,149,2,2.0,0,0,0.8,0.4,5000,1,1630,0/0,0/0,0/0/0,50000,0,0,0,0,0,0,0,1630,149,0,2.0,0,0,0.8,0.4,4997,1.56,1609,3.48/112,0/0,0.4/33.2/83,50000,2,0
abl5-m68,LP_238_44_6.no-card,2,X,2,2,1,NONE,,277,929,43129,4,37,35,16701,79,0,0,0,0,0,1630,151,0,2.0,0,0,0.8,0.4,4988,11.6,1485,38.4/1.37e+03,0/0,0.4/37.2/93,50000,11,0,0,0,0,0,0,1630,151,3,1.9,2,3,0.8,0.4,4723,5.59e+26,1561,2.21e+27/1.17e+29,0/0,0.945/173/236,50000,287,0
abl5-m68,LP_238_44_6.no-card,3,Z,2,2,1,NONE,,299,1270,40209,4,74,74,33828,127,0,0,0,0,0,1630,149,0,2.0,0,0,0.8,0.4,4997,1.56,1609,3.48/112,0/0,0.4/33.2/83,50000,2,0,0,0,0,0,0,1630,149,2,2.1,3,2,0.8,0.4,4701,7.57e+28,1555,3.53e+29/6.47e+30,0/0,1/233/236,50000,300,0
abl5-m68,LP_238_44_6.no-card,4,X,4,3,1,NONE,,541,1360,27138,10,488,452,245196,486,0,0,0,0,0,1630,151,3,1.9,2,3,0.8,0.4,4723,5.59e+26,1561,2.21e+27/1.17e+29,0/0,0.945/173/236,50000,287,0,0,0,0,0,0,1630,151,5,2.2,4,5,0.8,0.4,4459,2.14e+52,1498,9.42e+52/2.2e+54,0/0,1/208/238,50000,827,0
abl5-m68,LP_238_44_6.no-card,5,Z,4,3,1,NONE,,819,1634,37369,8,788,718,396595,749,0,0,0,0,0,1630,149,2,2.1,3,2,0.8,0.4,4701,7.57e+28,1555,3.53e+29/6.47e+30,0/0,1/233/236,50000,300,0,0,0,0,0,0,1630,149,6,2.4,5,6,0.8,0.4,4181,1.87e+79,1454,9.02e+79/6.3e+81,0/0,0.989/188/238,50000,1118,0
abl5-m68,LP_238_44_6.no-card,6,X,8,5,1,FOUND,8,775,1153,20992,2,788,755,362264,757,0,0,0,0,0,1630,151,5,2.2,4,5,0.8,0.4,4459,2.14e+52,1498,9.42e+52/2.2e+54,0/0,1/208/238,50000,827,0,453,171,139,0,16,1630,155,2,2.6,4,7,0.8,0.4,4225,1.27e+75,1491,7.49e+75/7.33e+77,0/0,1/151/238,50000,1602,1
abl5-m68,LP_238_44_6.no-card,7,Z,8,5,1,FOUND,6,693,1545,19781,10,771,680,483037,684,0,0,0,0,0,1630,149,6,2.4,5,6,0.8,0.4,4181,1.87e+79,1454,9.02e+79/6.3e+81,0/0,0.989/188/238,50000,1118,0,768,597,570,0,123,1630,149,2,2.6,2,8,0.8,0.4,4307,1.44e+67,1476,5.62e+67/3.05e+69,0/0,1/78.4/238,50000,1811,1
abl5-m68,LP_238_44_6.no-card,8,Z,6,5,0,OPT,6,1142,1780,45391,7,1184,1049,663782,1080,768,597,570,0,123,1630,149,2,2.6,2,8,0.8,0.4,4307,1.44e+67,1476,5.62e+67/3.05e+69,0/0,1/78.4/238,50000,1811,1,768,250,1523,0,98,1630,154,6,3.5,10,6,0.8,0.3989,5000,1,1497,0/0,0.994/97.7,1/219/238,50000,1811,1
abl5-m68,LP_238_44_6.no-card,9,X,6,5,0,OPT,6,594,973,26994,6,662,527,438958,551,453,171,139,0,16,1630,155,2,2.6,4,7,0.8,0.4,4225,1.27e+75,1491,7.49e+75/7.33e+77,0/0,1/151/238,50000,1602,1,350,386,446,0,55,1630,285,7,2.8,5,7,0.8,0.3994,5000,1,1433,0/0,0.989/99.8,1/196/238,50000,1602,1
abl5-m68,LP_340_56_8.card-mto,0,X,1,1,1,NONE,,1,0,0,1,1,1,2391,0,0,0,0,0,0,2589,208,2,2.0,0,0,0.8,0.4,5000,1,2589,0/0,0/0,0/0/0,50000,0,0,0,0,0,0,0,2928,208,2,2.0,0,0,0.8,0.4,4999,1,2589,0.2/78.2,0/0,0.4/128/319,50000,0,0
abl5-m68,LP_340_56_8.card-mto,1,Z,1,1,1,NONE,,1,0,0,1,1,1,2331,0,0,0,0,0,0,2589,206,2,2.0,0,0,0.8,0.4,5000,1,2589,0/0,0/0,0/0/0,50000,0,0,0,0,0,0,0,2928,206,2,2.0,0,0,0.8,0.4,4999,1,2589,0.2/78,0/0,0.4/126/316,50000,0,0
abl5-m68,LP_340_56_8.card-mto,2,X,2,2,1,NONE,,316,1027,92669,2,11,11,7328,23,0,0,0,0,0,2928,208,2,2.0,0,0,0.8,0.4,4999,1,2589,0.2/78.2,0/0,0.4/128/319,50000,0,0,0,0,0,0,0,3606,208,2,2.1,1,2,0.8,0.4,4684,3.36e+30,3553,1.16e+31/1.45e+33,0/0,0.87/195/326,50000,315,0
abl5-m68,LP_340_56_8.card-mto,3,Z,2,2,1,NONE,,243,592,82567,1,0,0,0,5,0,0,0,0,0,2928,206,2,2.0,0,0,0.8,0.4,4999,1,2589,0.2/78,0/0,0.4/126/316,50000,0,0,0,0,0,0,0,3606,206,0,2.0,0,0,0.8,0.4,4757,2.83e+23,3382,9.36e+23/1.21e+26,0/0,0.4/126/316,50000,242,0
abl5-m68,LP_340_56_8.card-mto,4,X,4,3,1,NONE,,1737,4390,131112,20,1438,1392,750260,1465,0,0,0,0,0,3606,208,2,2.1,1,2,0.8,0.4,4684,3.36e+30,3553,1.16e+31/1.45e+33,0/0,0.87/195/326,50000,315,0,0,0,0,0,0,4028,208,5,2.8,8,5,0.8,0.4,3263,1.72e+68,3866,1.16e+69/9.49e+70,0/0,1/295/340,50000,2051,0
abl5-m68,LP_340_56_8.card-mto,5,Z,4,3,1,NONE,,665,1686,51792,11,655,546,696132,580,0,0,0,0,0,3606,206,0,2.0,0,0,0.8,0.4,4757,2.83e+23,3382,9.36e+23/1.21e+26,0/0,0.4/126/316,50000,242,0,0,0,0,0,0,4028,206,4,2.2,6,4,0.8,0.4,4335,2.23e+64,3860,1.34e+65/4.89e+66,0/0,1/337/340,50000,906,0
abl5-m68,LP_340_56_8.card-mto,6,X,8,5,1,FOUND,8,1070,2489,76494,10,876,798,720743,808,0,0,0,0,0,4028,208,5,2.8,8,5,0.8,0.4,3263,1.72e+68,3866,1.16e+69/9.49e+70,0/0,1/295/340,50000,2051,0,331,13,766,3528,183,4282,435,3,3.8,10,8,0.8,0.4,3930,4940.0,4013,1.34e+04/6.54e+05,0/0,1/191/340,50000,3121,1
abl5-m68,LP_340_56_8.card-mto,7,Z,8,5,1,FOUND,8,1763,3111,76343,8,1654,1564,801199,1578,0,0,0,0,0,4028,206,4,2.2,6,4,0.8,0.4,4335,2.23e+64,3860,1.34e+65/4.89e+66,0/0,1/337/340,50000,906,0,854,340,1343,3528,205,4282,207,5,2.9,8,9,0.8,0.4,3237,7.12e+70,4184,2.13e+71/1.73e+73,0/0,1/202/340,50000,2669,1
abl5-m68,LP_340_56_8.card-mto,8,X,7,5,1,NONE,,2829,4821,263399,15,3166,2433,3440787,2474,331,13,766,3528,183,4282,435,3,3.8,10,8,0.8,0.4,3930,4940.0,4013,1.34e+04/6.54e+05,0/0,1/191/340,50000,3121,1,923,319,2966,3000,134,5721,469,9,4.1,18,9,0.8,0.3972,5000,1,5386,0/0,0.999/179,1/252/340,50000,3121,1
abl5-m68,LP_340_56_8.card-mto,9,Z,7,5,1,NONE,,5285,8245,262296,28,6402,5041,6992635,5105,854,340,1343,3528,205,4282,207,5,2.9,8,9,0.8,0.4,3237,7.12e+70,4184,2.13e+71/1.73e+73,0/0,1/202/340,50000,2669,1,3620,897,5403,3000,83,5721,635,8,3.4,44,8,0.8,0.3947,5000,1,5428,0/0,1/142,1/248/340,50000,2669,1
abl5-m68,LP_340_56_8.no-card,0,X,1,1,1,NONE,,1,0,0,1,1,1,2391,0,0,0,0,0,0,2589,208,2,2.0,0,0,0.8,0.4,5000,1,2589,0/0,0/0,0/0/0,50000,0,0,0,0,0,0,0,2589,208,2,2.0,0,0,0.8,0.4,4999,1,2589,0.2/78.2,0/0,0.4/128/319,50000,0,0
abl5-m68,LP_340_56_8.no-card,1,Z,1,1,1,NONE,,1,0,0,1,1,1,2331,0,0,0,0,0,0,2589,206,2,2.0,0,0,0.8,0.4,5000,1,2589,0/0,0/0,0/0/0,50000,0,0,0,0,0,0,0,2589,206,2,2.0,0,0,0.8,0.4,4999,1,2589,0.2/78,0/0,0.4/126/316,50000,0,0
abl5-m68,LP_340_56_8.no-card,2,X,2,2,1,NONE,,290,1288,66354,3,31,30,22604,67,0,0,0,0,0,2589,208,2,2.0,0,0,0.8,0.4,4999,1,2589,0.2/78.2,0/0,0.4/128/319,50000,0,0,0,0,0,0,0,2589,208,3,2.1,2,3,0.8,0.4,4710,1.02e+28,2554,5.58e+28/5.16e+30,0/0,0.953/228/340,50000,289,0
abl5-m68,LP_340_56_8.no-card,3,Z,2,2,1,NONE,,257,1090,52165,3,42,42,33049,88,0,0,0,0,0,2589,206,2,2.0,0,0,0.8,0.4,4999,1,2589,0.2/78,0/0,0.4/126/316,50000,0,0,0,0,0,0,0,2589,206,2,2.2,2,2,0.8,0.4,4743,6.44e+24,2535,3.21e+25/7.26e+26,0/0,0.999/315/339,50000,256,0
abl5-m68,LP_340_56_8.no-card,4,X,4,3,1,NONE,,615,1681,41100,10,544,500,380571,544,0,0,0,0,0,2589,208,3,2.1,2,3,0.8,0.4,4710,1.02e+28,2554,5.58e+28/5.16e+30,0/0,0.953/228/340,50000,289,0,0,0,0,0,0,2589,208,5,2.4,4,5,0.8,0.4,4385,3.18e+59,2434,1.84e+60/2.19e+62,0/0,1/262/340,50000,903,0
abl5-m68,LP_340_56_8.no-card,5,Z,4,3,1,NONE,,1130,3231,70410,16,1103,978,952577,1035,0,0,0,0,0,2589,206,2,2.2,2,2,0.8,0.4,4743,6.44e+24,2535,3.21e+25/7.26e+26,0/0,0.999/315/339,50000,256,0,0,0,0,0,0,2589,206,5,2.6,7,5,0.8,0.4,3870,2580000000.0,2404,1.13e+10/5.96e+11,0/0,0.995/205/340,50000,1385,0
abl5-m68,LP_340_56_8.no-card,6,X,8,5,1,FOUND,8,1457,2667,47146,11,1566,1428,1362978,1432,0,0,0,0,0,2589,208,5,2.4,4,5,0.8,0.4,4385,3.18e+59,2434,1.84e+60/2.19e+62,0/0,1/262/340,50000,903,0,1104,63,1028,0,248,2589,212,4,2.8,8,9,0.8,0.4,3543,1.58e+41,2317,8.41e+41/8.57e+43,0/0,0.999/173/340,50000,2360,1
abl5-m68,LP_340_56_8.no-card,7,Z,8,5,1,FOUND,8,1298,2319,43861,7,1391,1263,1226139,1276,0,0,0,0,0,2589,206,5,2.6,7,5,0.8,0.4,3870,2580000000.0,2404,1.13e+10/5.96e+11,0/0,0.995/205/340,50000,1385,0,449,149,1036,0,240,2589,210,5,2.9,8,9,0.8,0.4,3702,6.15e+25,2541,2.78e+26/1.98e+28,0/0,0.964/156/340,50000,2683,1
abl5-m68,LP_340_56_8.no-card,8,X,7,5,1,NONE,,3304,5235,185198,15,4031,3065,4278511,3148,1104,63,1028,0,248,2589,212,4,2.8,8,9,0.8,0.4,3543,1.58e+41,2317,8.41e+41/8.57e+43,0/0,0.999/173/340,50000,2360,1,2301,483,3792,0,172,2589,557,10,3.1,29,10,0.8,0.3967,5000,1,2393,0/0,0.999/195,1/220/340,50000,2360,1
abl5-m68,LP_340_56_8.no-card,9,Z,7,5,1,NONE,,4100,6474,200647,22,5044,3931,5730770,3990,449,149,1036,0,240,2589,210,5,2.9,8,9,0.8,0.4,3702,6.15e+25,2541,2.78e+26/1.98e+28,0/0,0.964/156/340,50000,2683,1,1489,489,4071,0,118,2589,251,8,3.0,31,8,0.8,0.3959,5000,1,2360,0/0,1/213,1/293/340,50000,2683,1
abl5-m68,LP_442_68_10.card-mto,0,X,1,1,1,NONE,,5,5,3614,1,1,0,2301,0,0,0,0,0,0,3558,265,2,2.0,0,0,0.8,0.4,5000,1,3558,0/0,0/0,0/0/0,50000,0,0,0,0,0,0,0,3999,265,1,2.0,0,0,0.8,0.4,4995,2.44,3790,8.75/1.83e+03,0/0,0.4/87.2/218,50000,4,0
abl5-m68,LP_442_68_10.card-mto,1,Z,1,1,1,NONE,,3,3,3672,1,1,0,2298,0,0,0,0,0,0,3558,263,2,2.0,0,0,0.8,0.4,5000,1,3558,0/0,0/0,0/0/0,50000,0,0,0,0,0,0,0,3999,263,1,2.0,0,0,0.8,0.4,4997,1.56,3782,3.48/605,0/0,0.4/74.4/186,50000,2,0
abl5-m68,LP_442_68_10.card-mto,2,X,2,2,1,NONE,,297,2034,133509,3,12,12,4825,33,0,0,0,0,0,3999,265,1,2.0,0,0,0.8,0.4,4995,2.44,3790,8.75/1.83e+03,0/0,0.4/87.2/218,50000,4,0,0,0,0,0,0,4881,265,2,1.9,1,2,0.8,0.4,4703,4.85e+28,4820,2.05e+29/8.34e+30,0/0,0.983/148/290,50000,300,0
abl5-m68,LP_442_68_10.card-mto,3,Z,2,2,1,NONE,,340,1799,136525,4,53,53,49471,64,0,0,0,0,0,3999,263,1,2.0,0,0,0.8,0.4,4997,1.56,3782,3.48/605,0/0,0.4/74.4/186,50000,2,0,0,0,0,0,0,4881,263,2,2.0,2,2,0.8,0.4,4660,7.12e+32,4779,3.53e+33/9.73e+34,0/0,1/420/441,50000,341,0
abl5-m68,LP_442_68_10.card-mto,4,X,4,3,1,NONE,,826,2545,76288,10,743,688,703344,722,0,0,0,0,0,4881,265,2,1.9,1,2,0.8,0.4,4703,4.85e+28,4820,2.05e+29/8.34e+30,0/0,0.983/148/290,50000,300,0,0,0,0,0,0,5391,265,5,2.2,5,5,0.8,0.4,4174,8.93e+79,5269,4.34e+80/2.97e+82,0/0,1/319/442,50000,1125,0
abl5-m68,LP_442_68_10.card-mto,5,Z,4,3,1,NONE,,2059,5597,133653,22,1896,1827,1434101,1869,0,0,0,0,0,4881,263,2,2.0,2,2,0.8,0.4,4660,7.12e+32,4779,3.53e+33/9.73e+34,0/0,1/420/441,50000,341,0,0,0,0,0,0,5391,263,5,3.0,13,5,0.8,0.4,2941,0.276,5225,1.32/81.9,0/0,1/414/442,50000,2399,0
abl5-m68,LP_442_68_10.card-mto,6,X,8,5,1,NONE,,9861,19868,545797,86,11373,9390,16097781,9494,0,0,0,0,0,5391,265,5,2.2,5,5,0.8,0.4,4174,8.93e+79,5269,4.34e+80/2.97e+82,0/0,1/319/442,50000,1125,0,0,0,0,0,0,5645,265,11,4.2,70,11,0.81,0.4,139,2.03e+29,5076,1.07e+30/8.65e+31,0/0,1/363/442,50000,10985,0
abl5-m68,LP_442_68_10.card-mto,7,Z,8,5,1,NONE,,17446,34533,993260,134,20520,16799,30215034,17000,0,0,0,0,0,5391,263,5,3.0,13,5,0.8,0.4,2941,0.276,5225,1.32/81.9,0/0,1/414/442,50000,2399,0,0,0,0,0,0,5645,263,10,3.6,133,10,0.82,0.3926,4995,3.51e+42,5192,2.07e+43/1.33e+45,0.764/166,1/337/442,50000,12404,0
abl5-m68,LP_442_68_10.card-mto,8,X,16,9,1,FOUND,16,3283,4065,141388,2,4991,2447,1137794,2468,0,0,0,0,0,5645,265,11,4.2,70,11,0.81,0.4,139,2.03e+29,5076,1.07e+30/8.65e+31,0/0,1/363/442,50000,10985,0,461,16,3049,4758,209,5771,265,6,3.7,12,22,0.8,0.4,1717,1.43e+18,5652,2.6e+18/1.57e+20,0/0,1/276/442,50000,14268,1
abl5-m68,LP_442_68_10.card-mto,9,Z,16,9,1,FOUND,16,4871,8952,269946,37,5393,4579,7706001,4581,0,0,0,0,0,5645,263,10,3.6,133,10,0.82,0.3926,4995,3.51e+42,5192,2.07e+43/1.33e+45,0.764/166,1/337/442,50000,12404,0,679,363,4443,4758,276,5771,263,5,5.4,40,17,0.8,0.4,129,1.12e+72,5219,3.1e+72/1.48e+74,0/0,1/235/442,50000,17275,1
abl5-m68,LP_442_68_10.card-mto,10,X,15,9,1,FOUND,14,59005,89492,2599849,180,72156,58368,99382143,58474,461,16,3049,4758,209,5771,265,6,3.7,12,22,0.8,0.4,1717,1.43e+18,5652,2.6e+18/1.57e+20,0/0,1/276/442,50000,14268,1,812,454,4437,4473,150,7858,269,1,5.6,494,18,0.8,0.341,5000,1,7151,0/0,1/181,1/157/442,50000,14268,1
abl5-m68,LP_442_68_10.card-mto,11,Z,13,9,1,FOUND,12,19877,32945,882305,63,24104,19616,32347425,19692,679,363,4443,4758,276,5771,263,5,5.4,40,17,0.8,0.4,129,1.12e+72,5219,3.1e+72/1.48e+74,0/0,1/235/442,50000,17275,1,4752,3576,16485,4474,150,7858,263,1,6.6,188,19,0.8,0.3801,5000,1,7276,0/0,0.998/208,0.995/96.9/442,50000,17275,1
abl5-m68,LP_442_68_10.card-mto,12,Z,12,9,0,OPT,10,27444,46887,1363622,77,33415,26798,46497419,27018,4752,3576,16485,4474,150,7858,263,1,6.6,188,19,0.8,0.3801,5000,1,7276,0/0,0.998/208,0.995/96.9/442,50000,17275,1,2600,768,9777,4475,65,12032,676,15,6.9,168,15,0.8,0.3726,5000,1,9548,0/0,1/185,1/355/442,50000,17275,1
abl5-m68,LP_442_68_10.card-mto,13,X,10,9,0,OPT,10,13647,25230,866906,41,16798,13041,23812751,13198,812,454,4437,4473,150,7858,269,1,5.6,494,18,0.8,0.341,5000,1,7151,0/0,1/181,1/157/442,50000,14268,1,2183,874,7062,4451,123,12014,278,15,5.9,108,15,0.8,0.3864,5000,1,9567,0/0,1/243,1/366/442,50000,14268,1
abl5-m68,LP_442_68_10.no-card,0,X,1,1,1,NONE,,34,176,8870,1,1,0,2301,12,0,0,0,0,0,3558,265,2,2.0,0,0,0.8,0.4,5000,1,3558,0/0,0/0,0/0/0,50000,0,0,0,0,0,0,0,3558,265,0,2.0,0,0,0.8,0.4,4966,1580.0,3543,4.62e+03/3.07e+05,0/0,0.4/87.2/218,50000,33,0
abl5-m68,LP_442_68_10.no-card,1,Z,1,1,1,NONE,,14,37,5217,1,1,0,2298,5,0,0,0,0,0,3558,263,2,2.0,0,0,0.8,0.4,5000,1,3558,0/0,0/0,0/0/0,50000,0,0,0,0,0,0,0,3558,263,0,2.0,0,0,0.8,0.4,4986,18.2,3355,62.5/8.05e+03,0/0,0.4/74.4/186,50000,13,0
abl5-m68,LP_442_68_10.no-card,2,X,2,2,1,NONE,,226,1469,51099,2,45,45,39297,100,0,0,0,0,0,3558,265,0,2.0,0,0,0.8,0.4,4966,1580.0,3543,4.62e+03/3.07e+05,0/0,0.4/87.2/218,50000,33,0,0,0,0,0,0,3558,265,2,2.0,2,2,0.8,0.4,4774,6.38e+21,3500,2.87e+22/1.04e+24,0/0,0.996/393/442,50000,258,0
abl5-m68,LP_442_68_10.no-card,3,Z,2,2,1,NONE,,324,2096,81672,3,54,50,42301,116,0,0,0,0,0,3558,263,0,2.0,0,0,0.8,0.4,4986,18.2,3355,62.5/8.05e+03,0/0,0.4/74.4/186,50000,13,0,0,0,0,0,0,3558,263,3,2.0,2,3,0.8,0.4,4676,2e+31,3477,9.65e+31/8.37e+33,0/0,0.996/360/436,50000,336,0
abl5-m68,LP_442_68_10.no-card,4,X,4,3,1,NONE,,619,1993,59922,9,598,554,555698,567,0,0,0,0,0,3558,265,2,2.0,2,2,0.8,0.4,4774,6.38e+21,3500,2.87e+22/1.04e+24,0/0,0.996/393/442,50000,258,0,0,0,0,0,0,3558,265,5,2.4,5,5,0.8,0.4,4381,7.77e+59,3445,2.97e+60/6.45e+62,0/0,0.999/272/442,50000,876,0
abl5-m68,LP_442_68_10.no-card,5,Z,4,3,1,NONE,,1029,2821,78939,18,917,890,687349,945,0,0,0,0,0,3558,263,3,2.0,2,3,0.8,0.4,4676,2e+31,3477,9.65e+31/8.37e+33,0/0,0.996/360/436,50000,336,0,0,0,0,0,0,3558,263,4,2.6,6,4,0.8,0.4,3971,0.42,3493,1.98/147,0/0,1/394/442,50000,1364,0
abl5-m68,LP_442_68_10.no-card,6,X,8,5,1,NONE,,9688,20068,489688,85,11283,9357,16079967,9476,0,0,0,0,0,3558,265,5,2.4,5,5,0.8,0.4,4381,7.77e+59,3445,2.97e+60/6.45e+62,0/0,0.999/272/442,50000,876,0,0,0,0,0,0,3558,265,9,3.0,75,9,0.81,0.4,312,29900000000000.0,3385,1.36e+14/5.99e+15,0/0,1/391/442,50000,10563,0
abl5-m68,LP_442_68_10.no-card,7,Z,8,5,1,NONE,,17075,32317,780336,116,20001,16698,28372925,16842,0,0,0,0,0,3558,263,4,2.6,6,4,0.8,0.4,3971,0.42,3493,1.98/147,0/0,1/394/442,50000,1364,0,0,0,0,0,0,3558,263,10,4.2,139,10,0.82,0.3929,4996,2.88e+42,3294,1.32e+43/3.08e+45,0.958/216,1/388/442,50000,11368,0
abl5-m68,LP_442_68_10.no-card,8,X,16,9,1,FOUND,16,12286,21088,527308,100,14797,12197,21552397,12218,0,0,0,0,0,3558,265,9,3.0,75,9,0.81,0.4,312,29900000000000.0,3385,1.36e+14/5.99e+15,0/0,1/391/442,50000,10563,0,1155,2367,11590,0,170,3558,266,7,4.4,98,17,0.82,0.3977,4999,1.59e+42,3229,8.58e+42/8.79e+44,1/132,1/248/442,50000,20564,1
abl5-m68,LP_442_68_10.no-card,9,Z,16,9,1,FOUND,16,10977,19597,462147,84,12928,10896,19576885,10908,0,0,0,0,0,3558,263,10,4.2,139,10,0.82,0.3929,4996,2.88e+42,3294,1.32e+43/3.08e+45,0.958/216,1/388/442,50000,11368,0,1055,706,10410,0,226,3558,264,7,6.0,94,21,0.82,0.399,4997,2.36e+42,3249,1.21e+43/1.74e+45,0.998/160,1/297/442,50000,21371,1
abl5-m68,LP_442_68_10.no-card,10,X,15,9,1,FOUND,14,12103,19083,514436,47,14845,12035,20206239,12057,1155,2367,11590,0,170,3558,266,7,4.4,98,17,0.82,0.3977,4999,1.59e+42,3229,8.58e+42/8.79e+44,1/132,1/248/442,50000,20564,1,1378,2653,16421,0,95,3558,268,1,5.8,104,17,0.8,0.3879,5000,1,3232,0/0,1/145,1/165/442,50000,20564,1
abl5-m68,LP_442_68_10.no-card,11,Z,13,9,1,FOUND,12,76310,109102,3654493,229,93424,75498,134136488,75757,1055,706,10410,0,226,3558,264,7,6.0,94,21,0.82,0.399,4997,2.36e+42,3249,1.21e+43/1.74e+45,0.998/160,1/297/442,50000,21371,1,1280,978,3174,0,165,3558,276,1,6.1,629,18,0.8,0.3237,5000,1,3131,0/0,1/237,1/135/442,50000,21371,1
abl5-m68,LP_442_68_10.no-card,12,Z,12,9,0,OPT,10,19707,27575,970507,19,23876,19192,34172066,19408,1280,978,3174,0,165,3558,276,1,6.1,629,18,0.8,0.3237,5000,1,3131,0/0,1/237,1/135/442,50000,21371,1,3137,1384,10458,0,212,3558,285,14,6.5,107,14,0.8,0.3803,5000,1,3477,0/0,0.999/216,1/364/442,50000,21371,1
abl5-m68,LP_442_68_10.no-card,13,X,10,9,0,OPT,10,16029,23743,851557,52,19753,15576,27847148,15715,1378,2653,16421,0,95,3558,268,1,5.8,104,17,0.8,0.3879,5000,1,3232,0/0,1/145,1/165/442,50000,20564,1,2965,1109,20251,0,184,3558,609,13,5.9,94,13,0.8,0.384,5000,1,3143,0/0,1/158,1/353/442,50000,20564,1
abl5-m68,TN_144_2_13.no-card,0,X,1,1,1,NONE,,9,27,1100,1,1,0,526,2,0,0,0,0,0,791,78,2,2.0,0,0,0.8,0.4,5000,1,791,0/0,0/0,0/0/0,50000,0,0,0,0,0,0,0,791,78,0,2.0,0,0,0.8,0.4,4991,5.96,764,18.2/372,0/0,0.4/33.2/83,50000,8,0
abl5-m68,TN_144_2_13.no-card,1,Z,1,1,1,NONE,,4,3,513,1,1,0,777,0,0,0,0,0,0,817,78,2,2.0,0,0,0.8,0.4,5000,1,817,0/0,0/0,0/0/0,50000,0,0,0,0,0,0,0,817,78,0,2.0,0,0,0.8,0.4,4996,1.95,774,5.82/88,0/0,0.4/24.8/62,50000,3,0
abl5-m68,TN_144_2_13.no-card,2,X,2,2,1,NONE,,279,756,18980,3,30,29,8430,69,0,0,0,0,0,791,78,0,2.0,0,0,0.8,0.4,4991,5.96,764,18.2/372,0/0,0.4/33.2/83,50000,8,0,0,0,0,0,0,791,78,1,2.0,2,2,0.8,0.4,4721,8.73e+26,714,4.19e+27/2.7e+29,0/0,0.996/97.9/139,50000,286,0
abl5-m68,TN_144_2_13.no-card,3,Z,2,2,1,NONE,,233,585,17968,1,0,0,0,47,0,0,0,0,0,817,78,0,2.0,0,0,0.8,0.4,4996,1.95,774,5.82/88,0/0,0.4/24.8/62,50000,3,0,0,0,0,0,0,817,78,0,2.0,0,0,0.8,0.4,4767,3.04e+22,763,1.54e+23/1.5e+24,0/0,0.4/24.8/62,50000,235,0
abl5-m68,TN_144_2_13.no-card,4,X,4,3,1,NONE,,1179,1976,28312,16,1092,1046,269748,1071,0,0,0,0,0,791,78,1,2.0,2,2,0.8,0.4,4721,8.73e+26,714,4.19e+27/2.7e+29,0/0,0.996/97.9/139,50000,286,0,0,0,0,0,0,791,78,4,2.6,6,4,0.8,0.4,3821,145000000000000.0,712,7.07e+14/1.89e+16,0/0,1/113/144,50000,1464,0
abl5-m68,TN_144_2_13.no-card,5,Z,4,3,1,NONE,,436,691,13475,6,340,328,85445,349,0,0,0,0,0,817,78,0,2.0,0,0,0.8,0.4,4767,3.04e+22,763,1.54e+23/1.5e+24,0/0,0.4/24.8/62,50000,235,0,0,0,0,0,0,817,78,3,2.2,4,4,0.8,0.4,4564,1.43e+42,757,7.36e+42/1.97e+44,0/0,1/112/144,50000,670,0
abl5-m68,TN_144_2_13.no-card,6,X,8,5,1,NONE,,16100,21092,413540,104,20054,15375,7486973,15510,0,0,0,0,0,791,78,4,2.6,6,4,0.8,0.4,3821,145000000000000.0,712,7.07e+14/1.89e+16,0/0,1/113/144,50000,1464,0,0,0,0,0,0,791,78,10,4.8,119,10,0.82,0.3939,4985,2.55e+43,667,1.3e+44/5.03e+45,0.929/66.9,1/136/144,50000,11479,0
abl5-m68,TN_144_2_13.no-card,7,Z,8,5,1,NONE,,13286,17371,332624,95,16567,12694,6440036,12797,0,0,0,0,0,817,78,3,2.2,4,4,0.8,0.4,4564,1.43e+42,757,7.36e+42/1.97e+44,0/0,1/112/144,50000,670,0,0,0,0,0,0,817,78,9,3.6,98,9,0.82,0.3967,4986,2.09e+43,717,1.03e+44/3.55e+45,0.984/89.5,1/115/144,50000,10684,0
abl5-m68,TN_144_2_13.no-card,8,X,16,9,1,FOUND,16,11,16,757,1,2,0,96,0,0,0,0,0,0,791,78,10,4.8,119,10,0.82,0.3939,4985,2.55e+43,667,1.3e+44/5.03e+45,0.929/66.9,1/136/144,50000,11479,0,13,0,0,0,0,791,78,0,4.8,0,10,0.8,0.4,4989,11.6,726,64.8/2.95e+03,0/0,1/136/144,50000,11490,1
abl5-m68,TN_144_2_13.no-card,9,Z,16,9,1,FOUND,16,19,28,783,1,0,0,0,0,0,0,0,0,0,817,78,9,3.6,98,9,0.82,0.3967,4986,2.09e+43,717,1.03e+44/3.55e+45,0.984/89.5,1/115/144,50000,10684,0,19,0,0,0,0,817,78,9,3.6,0,9,0.8,0.4,4981,69.4,780,290/9.46e+03,0/0,1/115/144,50000,10703,1
abl5-m68,TN_144_2_13.no-card,10,X,15,9,1,FOUND,15,9880,11668,239448,43,13486,9687,4998866,9715,13,0,0,0,0,791,78,0,4.8,0,10,0.8,0.4,4989,11.6,726,64.8/2.95e+03,0/0,1/136/144,50000,11490,1,327,11,9695,0,57,791,84,5,7.8,64,16,0.8,0.3901,5000,1,689,0/0,1/98.3,0.994/94.8/144,50000,11490,1
abl5-m68,TN_144_2_13.no-card,11,Z,14,9,1,FOUND,14,448260,500017,10497768,1022,628797,440112,228076551,441049,19,0,0,0,0,817,78,9,3.6,0,9,0.8,0.4,4981,69.4,780,290/9.46e+03,0/0,1/115/144,50000,10703,1,9038,3671,23124,0,39,817,84,7,5.6,3064,15,0.8,0.06,5000,1,710,0/0,1/33.8,0.963/112/144,50000,10703,1
abl5-m68,TN_144_2_13.no-card,12,Z,14,9,0,OPT,13,316477,348433,6794035,635,442978,309723,155008199,310672,9038,3671,23124,0,39,817,84,7,5.6,3064,15,0.8,0.06,5000,1,710,0/0,1/33.8,0.963/112/144,50000,10703,1,4037,57,273,0,22,817,164,13,4.8,777,13,0.8,0.0835,5000,1,669,0/0,1/64.9,0.998/125/144,50000,10703,1
abl5-m68,TN_144_2_13.no-card,13,X,13,9,0,OPT,13,427898,475849,10316828,979,595386,418883,227986033,419963,327,11,9695,0,57,791,84,5,7.8,64,16,0.8,0.3901,5000,1,689,0/0,1/98.3,0.994/94.8/144,50000,11490,1,3389,104,77,0,38,791,117,15,6.0,779,15,0.8,0.06,5000,1,691,0/0,1/51.5,0.962/119/144,50000,11490,1
abl5-m96,TN_144_2_13.no-card,0,X,1,1,1,NONE,,9,27,1100,1,1,0,526,2,0,0,0,0,0,791,78,2,2.0,0,0,0.8,0.4,5000,1,791,0/0,0/0,0/0/0,50000,0,0,0,0,0,0,0,791,78,0,2.0,0,0,0.8,0.4,4991,5.96,764,18.2/372,0/0,0.4/33.2/83,50000,8,0
abl5-m96,TN_144_2_13.no-card,1,Z,1,1,1,NONE,,4,3,513,1,1,0,777,0,0,0,0,0,0,817,78,2,2.0,0,0,0.8,0.4,5000,1,817,0/0,0/0,0/0/0,50000,0,0,0,0,0,0,0,817,78,0,2.0,0,0,0.8,0.4,4996,1.95,774,5.82/88,0/0,0.4/24.8/62,50000,3,0
abl5-m96,TN_144_2_13.no-card,2,X,2,2,1,NONE,,280,690,22924,4,14,14,3680,75,0,0,0,0,0,791,78,0,2.0,0,0,0.8,0.4,4991,5.96,764,18.2/372,0/0,0.4/33.2/83,50000,8,0,0,0,0,0,0,791,78,2,1.9,1,2,0.8,0.4,4711,6.5e+27,745,3.08e+28/6.46e+29,0/0,0.994/122/144,50000,279,0
abl5-m96,TN_144_2_13.no-card,3,Z,2,2,1,NONE,,186,516,24285,1,0,0,0,23,0,0,0,0,0,817,78,0,2.0,0,0,0.8,0.4,4996,1.95,774,5.82/88,0/0,0.4/24.8/62,50000,3,0,0,0,0,0,0,817,78,0,2.0,0,0,0.8,0.4,4810,1.66e+18,774,6.79e+18/1.05e+20,0/0,0.4/24.8/62,50000,185,0
abl5-m96,TN_144_2_13.no-card,4,X,4,3,1,NONE,,996,1568,21267,9,912,886,189675,905,0,0,0,0,0,791,78,2,1.9,1,2,0.8,0.4,4711,6.5e+27,745,3.08e+28/6.46e+29,0/0,0.994/122/144,50000,279,0,0,0,0,0,0,791,78,4,2.7,8,4,0.8,0.4,3715,1.73e+24,703,8.53e+24/6.05e+26,0/0,0.998/113/144,50000,995,0
abl5-m96,TN_144_2_13.no-card,5,Z,4,3,1,NONE,,421,656,11621,4,384,373,95431,382,0,0,0,0,0,817,78,0,2.0,0,0,0.8,0.4,4810,1.66e+18,774,6.79e+18/1.05e+20,0/0,0.4/24.8/62,50000,185,0,0,0,0,0,0,817,78,5,2.3,5,5,0.8,0.4,4389,8.34e+58,699,5.63e+59/2.65e+61,0/0,1/122/144,50000,420,0
abl5-m96,TN_144_2_13.no-card,6,X,8,5,1,NONE,,14719,19222,391368,81,18406,14085,6961809,14222,0,0,0,0,0,791,78,4,2.7,8,4,0.8,0.4,3715,1.73e+24,703,8.53e+24/6.05e+26,0/0,0.998/113/144,50000,995,0,0,0,0,0,0,791,78,10,5.0,107,10,0.82,0.3953,3688,7.94e+54,717,4.53e+55/2.09e+57,0.989/94.4,1/108/144,50000,10027,0
abl5-m96,TN_144_2_13.no-card,7,Z,8,5,1,NONE,,12047,14905,288238,55,14818,11574,5530180,11671,0,0,0,0,0,817,78,5,2.3,5,5,0.8,0.4,4389,8.34e+58,699,5.63e+59/2.65e+61,0/0,1/122/144,50000,420,0,0,0,0,0,0,817,78,9,3.6,86,9,0.82,0.398,4387,4.53e+94,766,2.49e+95/1.12e+97,0.996/126,1/125/144,50000,10002,0
abl5-m96,TN_144_2_13.no-card,8,X,16,9,1,FOUND,16,358907,402141,8480964,835,503633,353141,191624770,353627,0,0,0,0,0,791,78,10,5.0,107,10,0.82,0.3953,3688,7.94e+54,717,4.53e+55/2.09e+57,0.989/94.4,1/108/144,50000,10027,0,8433,4684,27902,0,38,791,78,7,6.6,2475,17,0.84,0.06,3677,3.4e+77,687,2.08e+78/1.1e+80,1/44.3,0.998/115/144,50000,10011,1
abl5-m96,TN_144_2_13.no-card,9,Z,16,9,1,FOUND,16,310422,347608,7140995,717,433913,305178,160087539,305683,0,0,0,0,0,817,78,9,3.6,86,9,0.82,0.398,4387,4.53e+94,766,2.49e+95/1.12e+97,0.996/126,1/125/144,50000,10002,0,8458,1967,25070,0,31,817,78,7,6.9,2211,16,0.84,0.0975,4386,7.01e+23,702,4.49e+24/3.73e+26,1/55.3,0.966/114/144,50000,10001,1
abl5-m96,TN_144_2_13.no-card,10,X,15,9,1,FOUND,15,685902,772330,15714189,1658,965314,676390,364773306,677338,8433,4684,27902,0,38,791,78,7,6.6,2475,17,0.84,0.06,3677,3.4e+77,687,2.08e+78/1.1e+80,1/44.3,0.998/115/144,50000,10011,1,30111,624,25506,0,53,791,78,8,5.6,4677,16,0.95,0.06,-124506,7.43e+60,695,1.59e+62/1.28e+64,1/53.9,0.965/118/144,50000,183183,1
abl5-m96,TN_144_2_13.no-card,11,Z,14,9,1,FOUND,14,465888,515247,10420617,881,656128,458289,237336170,459150,8458,1967,25070,0,31,817,78,7,6.9,2211,16,0.84,0.0975,4386,7.01e+23,702,4.49e+24/3.73e+26,1/55.3,0.966/114/144,50000,10001,1,14009,5480,14886,0,46,817,80,8,6.4,3098,15,0.84,0.06,4386,7.01e+23,694,4.49e+24/3.73e+26,1/47.8,0.961/118/144,50000,0,1
abl5-m96,TN_144_2_13.no-card,12,Z,14,9,0,OPT,13,355877,408021,8323685,1223,493311,347429,185976103,348561,14009,5480,14886,0,46,817,80,8,6.4,3098,15,0.84,0.06,4386,7.01e+23,694,4.49e+24/3.73e+26,1/47.8,0.961/118/144,50000,0,1,22514,5616,15368,0,39,817,177,15,6.1,1596,15,0.95,0.06,-170501,2.83e+85,693,7.14e+86/3.96e+88,1/42.9,0.96/119/144,50000,229886,1
abl5-m96,TN_144_2_13.no-card,13,X,13,9,0,OPT,13,767288,897242,17325050,3039,1055597,755233,414368522,756989,30111,624,25506,0,53,791,78,8,5.6,4677,16,0.95,0.06,-124506,7.43e+60,695,1.59e+62/1.28e+64,1/53.9,0.965/118/144,50000,183183,1,37638,3649,2809,0,38,791,194,14,5.4,1489,14,0.95,0.06,-842840,5.79e+62,675,9.92e+63/6.84e+65,1/53.3,0.989/122/144,66550,718334,1
diag89,BB_108_8_10.card-mto,0,X,1,1,1,NONE,,0,0,62,1,0,0,0,0,0,0,0,0,0,504,62,2,2.0,0,0,0.8,0.4,5000,1,503,0/0,0/0,0/0/0,50000,0,0,0,0,0,0,0,504,62,2,2.0,0,0,0.8,0.4,5000,1,503,0/0,0/0,0/0/0,50000,0,0
diag89,BB_108_8_10.card-mto,1,Z,1,1,1,NONE,,0,0,56,1,0,0,0,0,0,0,0,0,0,522,62,2,2.0,0,0,0.8,0.4,5000,1,521,0/0,0/0,0/0/0,50000,0,0,0,0,0,0,0,522,62,2,2.0,0,0,0.8,0.4,5000,1,521,0/0,0/0,0/0/0,50000,0,0
diag89,BB_108_8_10.card-mto,2,X,2,2,1,NONE,,2,1,204,1,1,0,305,0,0,0,0,0,0,504,62,2,2.0,0,0,0.8,0.4,5000,1,503,0/0,0/0,0/0/0,50000,0,0,0,0,0,0,0,610,62,1,2.0,0,0,0.8,0.4,4998,1.25,478,1.6/26,0/0,0.4/16.8/42,50000,1,0
diag89,BB_108_8_10.card-mto,3,Z,2,2,1,NONE,,1,0,0,1,1,1,313,0,0,0,0,0,0,522,62,2,2.0,0,0,0.8,0.4,5000,1,521,0/0,0/0,0/0/0,50000,0,0,0,0,0,0,0,628,62,2,2.0,0,0,0.8,0.4,4999,1,521,0.2/10.5,0/0,0.4/22.8/57,50000,0,0
diag89,BB_108_8_10.card-mto,4,X,4,3,1,NONE,,354,556,56129,1,9,9,470,17,0,0,0,0,0,610,62,1,2.0,0,0,0.8,0.4,4998,1.25,478,1.6/26,0/0,0.4/16.8/42,50000,1,0,0,0,0,0,0,822,62,2,1.9,1,2,0.8,0.4,4644,2.02e+34,769,8.42e+34/4.77e+36,0/0,0.87/33.1/69,50000,354,0
diag89,BB_108_8_10.card-mto,5,Z,4,3,1,NONE,,202,383,28312,2,0,0,0,4,0,0,0,0,0,628,62,2,2.0,0,0,0.8,0.4,4999,1,521,0.2/10.5,0/0,0.4/22.8/57,50000,0,0,0,0,0,0,0,840,62,0,2.0,0,0,0.8,0.4,4797,3.01e+19,777,1.48e+20/1.43e+22,0/0,0.4/22.8/57,50000,201,0
diag89,BB_108_8_10.card-mto,6,X,8,5,1,NONE,,686,928,10309,11,849,661,204886,666,0,0,0,0,0,822,62,2,1.9,1,2,0.8,0.4,4644,2.02e+34,769,8.42e+34/4.77e+36,0/0,0.87/33.1/69,50000,354,0,0,0,0,0,0,948,62,6,2.2,6,8,0.8,0.4,3958,4.89,741,29.6/1.17e+03,0/0,1/67.8/107,50000,1039,0
diag89,BB_108_8_10.card-mto,7,Z,8,5,1,NONE,,1014,1481,16380,14,1069,912,235192,930,0,0,0,0,0,840,62,0,2.0,0,0,0.8,0.4,4797,3.01e+19,777,1.48e+20/1.43e+22,0/0,0.4/22.8/57,50000,201,0,0,0,0,0,0,966,62,7,2.8,8,7,0.8,0.4,3783,4.45e+17,774,2.65e+18/5.63e+19,0/0,1/83.9/107,50000,1214,0
diag89,BB_108_8_10.card-mto,8,X,16,9,1,FOUND,16,1357,2266,86756,8,508,447,98449,447,0,0,0,0,0,948,62,6,2.2,6,8,0.8,0.4,3958,4.89,741,29.6/1.17e+03,0/0,1/67.8/107,50000,1039,0,327,12,1035,1073,41,1010,62,8,2.4,2,10,0.8,0.4,2601,1.57e+32,867,3.88e+32/2.07e+34,0/0,1/73.4/107,50000,2396,1
diag89,BB_108_8_10.card-mto,9,Z,16,9,1,FOUND,16,281,489,5634,6,268,250,48862,250,0,0,0,0,0,966,62,7,2.8,8,7,0.8,0.4,3783,4.45e+17,774,2.65e+18/5.63e+19,0/0,1/83.9/107,50000,1214,0,22,5,257,1073,46,1028,62,2,2.9,1,8,0.8,0.4,3502,7.59e+44,902,2.16e+45/1.58e+47,0/0,1/79.9/107,50000,1495,1
diag89,BB_108_8_10.card-mto,10,X,15,9,1,FOUND,12,76,661,5856,1,37,15,7143,15,327,12,1035,1073,41,1010,62,8,2.4,2,10,0.8,0.4,2601,1.57e+32,867,3.88e+32/2.07e+34,0/0,1/73.4/107,50000,2396,1,355,18,1090,1074,10,1516,62,3,2.5,1,8,0.8,0.3999,2601,1.57e+32,1327,3.88e+32/2.07e+34,0.833/105,0.996/65.9/107,50000,2396,1
diag89,BB_108_8_10.card-mto,11,Z,11,9,1,FOUND,10,1618,2691,38751,10,2141,1492,526759,1506,22,5,257,1073,46,1028,62,2,2.9,1,8,0.8,0.4,3502,7.59e+44,902,2.16e+45/1.58e+47,0/0,1/79.9/107,50000,1495,1,1102,674,1410,1075,42,1534,62,1,3.1,12,10,0.8,0.3984,3502,7.59e+44,1364,2.16e+45/1.58e+47,0.962/110,1/36.2/107,50000,1495,1
diag89,BB_108_8_10.card-mto,12,Z,10,9,0,OPT,10,1514,2177,22055,5,1783,1465,352847,1475,1102,674,1410,1075,42,1534,62,1,3.1,12,10,0.8,0.3984,3502,7.59e+44,1364,2.16e+45/1.58e+47,0.962/110,1/36.2/107,50000,1495,1,1753,662,1537,1076,22,2040,332,9,3.6,12,9,0.8,0.3969,3502,7.59e+44,1356,2.16e+45/1.58e+47,0.998/69.3,1/69.2/107,50000,1495,1
diag89,BB_108_8_10.card-mto,13,X,10,9,0,OPT,10,1981,3804,39318,13,2565,1902,651834,1920,355,18,1090,1074,10,1516,62,3,2.5,1,8,0.8,0.3999,2601,1.57e+32,1327,3.88e+32/2.07e+34,0.833/105,0.996/65.9/107,50000,2396,1,606,91,1343,1052,47,2519,274,7,3.6,4,7,0.8,0.3979,2601,1.57e+32,1764,3.88e+32/2.07e+34,1/95.1,1/73.5/107,50000,2396,1
diag89,BB_108_8_10.no-card,0,X,1,1,1,NONE,,0,0,62,1,0,0,0,0,0,0,0,0,0,504,62,2,2.0,0,0,0.8,0.4,5000,1,503,0/0,0/0,0/0/0,50000,0,0,0,0,0,0,0,504,62,2,2.0,0,0,0.8,0.4,5000,1,503,0/0,0/0,0/0/0,50000,0,0
diag89,BB_108_8_10.no-card,1,Z,1,1,1,NONE,,0,0,56,1,0,0,0,0,0,0,0,0,0,522,62,2,2.0,0,0,0.8,0.4,5000,1,521,0/0,0/0,0/0/0,50000,0,0,0,0,0,0,0,522,62,2,2.0,0,0,0.8,0.4,5000,1,521,0/0,0/0,0/0/0,50000,0,0
diag89,BB_108_8_10.no-card,2,X,2,2,1,NONE,,2,1,243,1,1,0,305,0,0,0,0,0,0,504,62,2,2.0,0,0,0.8,0.4,5000,1,503,0/0,0/0,0/0/0,50000,0,0,0,0,0,0,0,504,62,1,2.0,0,0,0.8,0.4,4998,1.25,466,1.6/26,0/0,0.4/16.8/42,50000,1,0
diag89,BB_108_8_10.no-card,3,Z,2,2,1,NONE,,1,0,0,1,1,1,313,0,0,0,0,0,0,522,62,2,2.0,0,0,0.8,0.4,5000,1,521,0/0,0/0,0/0/0,50000,0,0,0,0,0,0,0,522,62,2,2.0,0,0,0.8,0.4,4999,1,521,0.2/10.5,0/0,0.4/22.8/57,50000,0,0
diag89,BB_108_8_10.no-card,4,X,4,3,1,NONE,,442,873,15586,4,138,138,9919,196,0,0,0,0,0,504,62,1,2.0,0,0,0.8,0.4,4998,1.25,466,1.6/26,0/0,0.4/16.8/42,50000,1,0,0,0,0,0,0,504,62,2,2.1,3,2,0.8,0.4,4556,6.83e+42,470,2.82e+43/3e+44,0/0,1/106/107,50000,442,0
diag89,BB_108_8_10.no-card,5,Z,4,3,1,NONE,,309,640,11350,3,59,59,4485,84,0,0,0,0,0,522,62,2,2.0,0,0,0.8,0.4,4999,1,521,0.2/10.5,0/0,0.4/22.8/57,50000,0,0,0,0,0,0,0,522,62,3,2.3,3,3,0.8,0.4,4690,7.05e+29,451,3.79e+30/2.73e+31,0/0,1/101/107,50000,308,0
diag89,BB_108_8_10.no-card,6,X,8,5,1,NONE,,934,1170,10712,8,979,897,187213,905,0,0,0,0,0,504,62,2,2.1,3,2,0.8,0.4,4556,6.83e+42,470,2.82e+43/3e+44,0/0,1/106/107,50000,442,0,0,0,0,0,0,504,62,6,2.5,4,6,0.8,0.4,3622,1.78e+33,443,8.92e+33/2.04e+35,0/0,1/104/107,50000,1375,0
diag89,BB_108_8_10.no-card,7,Z,8,5,1,NONE,,1107,1647,13159,17,1260,1068,235409,1072,0,0,0,0,0,522,62,3,2.3,3,3,0.8,0.4,4690,7.05e+29,451,3.79e+30/2.73e+31,0/0,1/101/107,50000,308,0,0,0,0,0,0,522,62,8,2.8,6,8,0.8,0.4,3583,1.07e+37,459,5.17e+37/1.3e+39,0/0,1/85.6/107,50000,1414,0
diag89,BB_108_8_10.no-card,8,X,16,9,1,FOUND,16,1157,1729,11945,19,1322,1149,225100,1149,0,0,0,0,0,504,62,6,2.5,4,6,0.8,0.4,3622,1.78e+33,443,8.92e+33/2.04e+35,0/0,1/104/107,50000,1375,0,24,0,1136,0,57,504,62,3,3.2,7,12,0.8,0.4,2465,2.38e+45,431,1.25e+46/6.77e+47,0/0,1/64.1/107,50000,2532,1
diag89,BB_108_8_10.no-card,9,Z,16,9,1,FOUND,16,492,794,4949,11,516,487,85459,487,0,0,0,0,0,522,62,8,2.8,6,8,0.8,0.4,3583,1.07e+37,459,5.17e+37/1.3e+39,0/0,1/85.6/107,50000,1414,0,0,0,494,0,33,522,62,8,3.0,2,12,0.8,0.4,3091,5.13e+84,422,2.53e+85/1.05e+87,0/0,1/70.3/107,50000,1906,1
diag89,BB_108_8_10.no-card,10,X,15,9,1,FOUND,14,42,100,861,1,55,38,10303,40,24,0,1136,0,57,504,62,3,3.2,7,12,0.8,0.4,2465,2.38e+45,431,1.25e+46/6.77e+47,0/0,1/64.1/107,50000,2532,1,25,0,1178,0,21,504,62,1,3.2,0,12,0.8,0.4,2465,2.38e+45,430,1.25e+46/6.77e+47,0.912/96.9,1/57.3/107,50000,2532,1
diag89,BB_108_8_10.no-card,11,Z,13,9,1,FOUND,12,315,411,5715,3,463,306,128541,308,0,0,494,0,33,522,62,8,3.0,2,12,0.8,0.4,3091,5.13e+84,422,2.53e+85/1.05e+87,0/0,1/70.3/107,50000,1906,1,32,96,794,0,13,522,62,1,3.1,2,13,0.8,0.3997,3091,5.13e+84,438,2.53e+85/1.05e+87,0.995/64.6,1/39.7/107,50000,1906,1
diag89,BB_108_8_10.no-card,12,Z,12,9,0,OPT,10,1601,1963,24797,11,2070,1546,506004,1563,32,96,794,0,13,522,62,1,3.1,2,13,0.8,0.3997,3091,5.13e+84,438,2.53e+85/1.05e+87,0.995/64.6,1/39.7/107,50000,1906,1,1579,799,1340,0,41,522,122,10,3.4,13,10,0.8,0.3981,3091,5.13e+84,434,2.53e+85/1.05e+87,1/100,1/85.6/107,50000,1906,1
diag89,BB_108_8_10.no-card,13,X,10,9,0,OPT,10,1861,2176,34289,12,2433,1792,628583,1813,25,0,1178,0,21,504,62,1,3.2,0,12,0.8,0.4,2465,2.38e+45,430,1.25e+46/6.77e+47,0.912/96.9,1/57.3/107,50000,2532,1,1508,658,2076,0,37,504,105,10,4.3,11,10,0.8,0.3981,2465,2.38e+45,426,1.25e+46/6.77e+47,1/74.7,1/91.3/107,50000,2532,1
diag89,BB_144_12_12.no-card,0,X,1,1,1,NONE,,0,0,84,1,0,0,0,0,0,0,0,0,0,760,84,2,2.0,0,0,0.8,0.4,5000,1,759,0/0,0/0,0/0/0,50000,0,0,0,0,0,0,0,760,84,2,2.0,0,0,0.8,0.4,5000,1,759,0/0,0/0,0/0/0,50000,0,0
diag89,BB_144_12_12.no-card,1,Z,1,1,1,NONE,,0,0,74,1,0,0,0,0,0,0,0,0,0,674,84,2,2.0,0,0,0.8,0.4,5000,1,673,0/0,0/0,0/0/0,50000,0,0,0,0,0,0,0,674,84,2,2.0,0,0,0.8,0.4,5000,1,673,0/0,0/0,0/0/0,50000,0,0
diag89,BB_144_12_12.no-card,2,X,2,2,1,NONE,,2,1,410,1,1,0,440,0,0,0,0,0,0,760,84,2,2.0,0,0,0.8,0.4,5000,1,759,0/0,0/0,0/0/0,50000,0,0,0,0,0,0,0,760,84,1,2.0,0,0,0.8,0.4,4998,1.25,681,1.6/40.1,0/0,0.4/24/60,50000,1,0
diag89,BB_144_12_12.no-card,3,Z,2,2,1,NONE,,2,1,424,1,1,0,527,0,0,0,0,0,0,674,84,2,2.0,0,0,0.8,0.4,5000,1,673,0/0,0/0,0/0/0,50000,0,0,0,0,0,0,0,674,84,1,2.0,0,0,0.8,0.4,4998,1.25,593,1.6/24.4,0/0,0.4/20/50,50000,1,0
diag89,BB_144_12_12.no-card,4,X,4,3,1,NONE,,434,1284,21346,5,145,145,16771,188,0,0,0,0,0,760,84,1,2.0,0,0,0.8,0.4,4998,1.25,681,1.6/40.1,0/0,0.4/24/60,50000,1,0,0,0,0,0,0,760,84,3,2.1,3,3,0.8,0.4,4564,1.15e+42,728,2.79e+42/3.7e+43,0/0,1/142/143,50000,434,0
diag89,BB_144_12_12.no-card,5,Z,4,3,1,NONE,,302,770,14182,2,56,56,7753,120,0,0,0,0,0,674,84,1,2.0,0,0,0.8,0.4,4998,1.25,593,1.6/24.4,0/0,0.4/20/50,50000,1,0,0,0,0,0,0,674,84,3,2.0,2,3,0.8,0.4,4696,1.85e+29,637,7.76e+29/1.11e+31,0/0,1/135/141,50000,302,0
diag89,BB_144_12_12.no-card,6,X,8,5,1,NONE,,862,1243,13903,11,968,813,289148,828,0,0,0,0,0,760,84,3,2.1,3,3,0.8,0.4,4564,1.15e+42,728,2.79e+42/3.7e+43,0/0,1/142/143,50000,434,0,0,0,0,0,0,760,84,8,2.3,5,8,0.8,0.4,3702,3.15e+25,685,1.61e+26/9.7e+27,0/0,1/119/143,50000,1295,0
diag89,BB_144_12_12.no-card,7,Z,8,5,1,NONE,,1251,1968,16188,13,1317,1196,309522,1221,0,0,0,0,0,674,84,3,2.0,2,3,0.8,0.4,4696,1.85e+29,637,7.76e+29/1.11e+31,0/0,1/135/141,50000,302,0,0,0,0,0,0,674,84,7,2.8,8,7,0.8,0.4,3445,2.54e+50,618,1.19e+51/6.77e+52,0/0,1/112/143,50000,1552,0
diag89,BB_144_12_12.no-card,8,X,16,9,1,FOUND,16,12,54,492,1,13,12,3224,12,0,0,0,0,0,760,84,8,2.3,5,8,0.8,0.4,3702,3.15e+25,685,1.61e+26/9.7e+27,0/0,1/119/143,50000,1295,0,0,0,12,0,78,760,84,7,2.3,0,8,0.8,0.4,3690,4.59e+26,636,2.34e+27/7.82e+28,0/0,0.999/95.5/143,50000,1307,1
diag89,BB_144_12_12.no-card,9,Z,16,9,1,FOUND,16,400,694,2803,7,401,395,75089,395,0,0,0,0,0,674,84,7,2.8,8,7,0.8,0.4,3445,2.54e+50,618,1.19e+51/6.77e+52,0/0,1/112/143,50000,1552,0,1,2,397,0,45,674,84,10,3.1,3,11,0.8,0.4,3045,1.47e+89,603,7.54e+89/3.69e+91,0/0,1/105/143,50000,1952,1
diag89,BB_144_12_12.no-card,10,X,15,9,1,FOUND,14,1484,1998,19558,10,1676,1462,460050,1468,0,0,12,0,78,760,84,7,2.3,0,8,0.8,0.4,3690,4.59e+26,636,2.34e+27/7.82e+28,0/0,0.999/95.5/143,50000,1307,1,18,0,1486,0,11,760,84,1,3.0,7,13,0.8,0.3985,3690,4.59e+26,651,2.34e+27/7.82e+28,1/118,1/86.1/143,50000,1307,1
diag89,BB_144_12_12.no-card,11,Z,13,9,1,FOUND,12,473,645,10582,4,653,465,244927,467,1,2,397,0,45,674,84,10,3.1,3,11,0.8,0.4,3045,1.47e+89,603,7.54e+89/3.69e+91,0/0,1/105/143,50000,1952,1,11,10,861,0,29,674,84,1,3.1,0,11,0.8,0.3995,3045,1.47e+89,610,7.54e+89/3.69e+91,0.996/90.9,0.998/62.3/143,50000,1952,1
diag89,BB_144_12_12.no-card,12,Z,12,9,0,OPT,12,7399,8661,146996,27,9821,7234,3519810,7297,11,10,861,0,29,674,84,1,3.1,0,11,0.8,0.3995,3045,1.47e+89,610,7.54e+89/3.69e+91,0.996/90.9,0.998/62.3/143,50000,1952,1,769,509,2896,0,53,674,316,12,3.5,55,12,0.8,0.3921,3045,1.47e+89,560,7.54e+89/3.69e+91,1/91.1,1/84/143,50000,1952,1
diag89,BB_144_12_12.no-card,13,X,12,9,0,OPT,12,7290,8644,143974,28,9567,7136,3322471,7191,18,0,1486,0,11,760,84,1,3.0,7,13,0.8,0.3985,3690,4.59e+26,651,2.34e+27/7.82e+28,1/118,1/86.1/143,50000,1307,1,1291,885,4608,0,40,760,96,12,4.0,46,12,0.8,0.3912,3690,4.59e+26,653,2.34e+27/7.82e+28,1/105,1/128/143,50000,1307,1
diag89,BB_144_14_14.no-card,0,X,1,1,1,NONE,,0,0,94,1,0,0,0,0,0,0,0,0,0,1038,86,2,2.0,0,0,0.8,0.4,5000,1,1037,0/0,0/0,0/0/0,50000,0,0,0,0,0,0,0,1038,86,2,2.0,0,0,0.8,0.4,5000,1,1037,0/0,0/0,0/0/0,50000,0,0
diag89,BB_144_14_14.no-card,1,Z,1,1,1,NONE,,0,0,100,1,0,0,0,0,0,0,0,0,0,1112,86,2,2.0,0,0,0.8,0.4,5000,1,1111,0/0,0/0,0/0/0,50000,0,0,0,0,0,0,0,1112,86,2,2.0,0,0,0.8,0.4,5000,1,1111,0/0,0/0,0/0/0,50000,0,0
diag89,BB_144_14_14.no-card,2,X,2,2,1,NONE,,1,0,0,1,1,1,461,0,0,0,0,0,0,1038,86,2,2.0,0,0,0.8,0.4,5000,1,1037,0/0,0/0,0/0/0,50000,0,0,0,0,0,0,0,1038,86,2,2.0,0,0,0.8,0.4,4999,1,1037,0.2/12,0/0,0.4/24.8/62,50000,0,0
diag89,BB_144_14_14.no-card,3,Z,2,2,1,NONE,,1,0,0,1,1,1,484,0,0,0,0,0,0,1112,86,2,2.0,0,0,0.8,0.4,5000,1,1111,0/0,0/0,0/0/0,50000,0,0,0,0,0,0,0,1112,86,2,2.0,0,0,0.8,0.4,4999,1,1111,0.2/12.8,0/0,0.4/29.6/74,50000,0,0
diag89,BB_144_14_14.no-card,4,X,4,3,1,NONE,,270,785,18593,3,36,36,5931,84,0,0,0,0,0,1038,86,2,2.0,0,0,0.8,0.4,4999,1,1037,0.2/12,0/0,0.4/24.8/62,50000,0,0,0,0,0,0,0,1038,86,4,2.1,2,4,0.8,0.4,4729,1.17e+26,969,5.92e+26/8.62e+27,0/0,1/135/143,50000,269,0
diag89,BB_144_14_14.no-card,5,Z,4,3,1,NONE,,221,593,22874,1,1,0,456,46,0,0,0,0,0,1112,86,2,2.0,0,0,0.8,0.4,4999,1,1111,0.2/12.8,0/0,0.4/29.6/74,50000,0,0,0,0,0,0,0,1112,86,0,2.0,0,0,0.8,0.4,4778,2.09e+21,1041,1e+22/2.03e+23,0/0,0.64/49.6/96,50000,220,0
diag89,BB_144_14_14.no-card,6,X,8,5,1,NONE,,1937,3087,31514,21,2185,1893,706996,1901,0,0,0,0,0,1038,86,4,2.1,2,4,0.8,0.4,4729,1.17e+26,969,5.92e+26/8.62e+27,0/0,1/135/143,50000,269,0,0,0,0,0,0,1038,86,9,2.8,11,9,0.8,0.4,2792,48600000000000.0,901,2.14e+14/6.17e+15,0/0,1/136/143,50000,2205,0
diag89,BB_144_14_14.no-card,7,Z,8,5,1,NONE,,2209,3560,34944,25,2447,2145,694371,2159,0,0,0,0,0,1112,86,0,2.0,0,0,0.8,0.4,4778,2.09e+21,1041,1e+22/2.03e+23,0/0,0.64/49.6/96,50000,220,0,0,0,0,0,0,1112,86,9,2.9,15,9,0.8,0.4,2569,1.98e+35,1010,1.17e+36/4.24e+37,0/0,1/115/143,50000,2428,0
diag89,BB_144_14_14.no-card,8,X,16,9,1,FOUND,16,125749,145711,2775766,390,172196,124800,62726188,124889,0,0,0,0,0,1038,86,9,2.8,11,9,0.8,0.4,2792,48600000000000.0,901,2.14e+14/6.17e+15,0/0,1/136/143,50000,2205,0,2835,489,20104,0,19,1038,86,8,5.6,891,16,0.82,0.2843,2786,4.36e+32,889,2.87e+33/1.05e+35,1/99.3,1/103/143,50000,12211,1
diag89,BB_144_14_14.no-card,9,Z,16,9,1,FOUND,16,41156,50758,865826,207,55384,40907,20085178,40935,0,0,0,0,0,1112,86,9,2.9,15,9,0.8,0.4,2569,1.98e+35,1010,1.17e+36/4.24e+37,0/0,1/115/143,50000,2428,0,1586,174,21423,0,44,1112,86,8,6.4,301,16,0.82,0.3688,2564,5.93e+51,945,3.8e+52/1.83e+54,1/89.6,1/96.4/143,50000,12433,1
diag89,BB_144_14_14.no-card,10,X,15,9,1,FOUND,14,278246,315878,6013847,639,381778,275082,140666918,275528,2835,489,20104,0,19,1038,86,8,5.6,891,16,0.82,0.2843,2786,4.36e+32,889,2.87e+33/1.05e+35,1/99.3,1/103/143,50000,12211,1,10407,2535,28492,0,27,1038,86,1,6.0,1987,15,0.82,0.06,2786,4.36e+32,907,2.87e+33/1.05e+35,1/57.5,0.964/100/143,50000,12211,1
diag89,BB_144_14_14.no-card,11,Z,13,9,1,NONE,,342358,385789,7444372,780,468723,337613,171118563,338247,1586,174,21423,0,44,1112,86,8,6.4,301,16,0.82,0.3688,2564,5.93e+51,945,3.8e+52/1.83e+54,1/89.6,1/96.4/143,50000,12433,1,1551,108,1382,0,48,1112,201,14,5.7,2456,14,0.82,0.06,2564,5.93e+51,892,3.8e+52/1.83e+54,1/44.7,0.997/120/143,50000,12433,1
diag89,BB_144_14_14.no-card,12,X,14,9,0,OPT,14,329298,368075,7172091,588,454573,325048,166914820,325609,10407,2535,28492,0,27,1038,86,1,6.0,1987,15,0.82,0.06,2786,4.36e+32,907,2.87e+33/1.05e+35,1/57.5,0.964/100/143,50000,12211,1,17799,6670,26560,0,32,1038,96,14,5.5,2228,14,0.82,0.06,2786,4.36e+32,903,2.87e+33/1.05e+35,1/39.3,0.997/125/143,50000,12211,1
diag89,BB_90_8_10.card-mto,0,X,1,1,1,NONE,,0,0,53,1,0,0,0,0,0,0,0,0,0,425,53,2,2.0,0,0,0.8,0.4,5000,1,424,0/0,0/0,0/0/0,50000,0,0,0,0,0,0,0,425,53,2,2.0,0,0,0.8,0.4,5000,1,424,0/0,0/0,0/0/0,50000,0,0
diag89,BB_90_8_10.card-mto,1,Z,1,1,1,NONE,,0,0,47,1,0,0,0,0,0,0,0,0,0,429,53,2,2.0,0,0,0.8,0.4,5000,1,428,0/0,0/0,0/0/0,50000,0,0,0,0,0,0,0,429,53,2,2.0,0,0,0.8,0.4,5000,1,428,0/0,0/0,0/0/0,50000,0,0
diag89,BB_90_8_10.card-mto,2,X,2,2,1,NONE,,3,3,239,1,1,0,308,0,0,0,0,0,0,425,53,2,2.0,0,0,0.8,0.4,5000,1,424,0/0,0/0,0/0/0,50000,0,0,0,0,0,0,0,513,53,0,2.0,0,0,0.8,0.4,4997,1.56,405,1.98/32.7,0/0,0.4/14.4/36,50000,2,0
diag89,BB_90_8_10.card-mto,3,Z,2,2,1,NONE,,1,0,0,1,1,1,285,0,0,0,0,0,0,429,53,2,2.0,0,0,0.8,0.4,5000,1,428,0/0,0/0,0/0/0,50000,0,0,0,0,0,0,0,517,53,2,2.0,0,0,0.8,0.4,4999,1,428,0.2/11,0/0,0.4/22.8/57,50000,0,0
diag89,BB_90_8_10.card-mto,4,X,4,3,1,NONE,,259,585,12585,1,17,17,1562,42,0,0,0,0,0,513,53,0,2.0,0,0,0.8,0.4,4997,1.56,405,1.98/32.7,0/0,0.4/14.4/36,50000,2,0,0,0,0,0,0,689,53,2,1.9,1,2,0.8,0.4,4738,1.57e+25,647,6.74e+25/1.03e+27,0/0,0.983/64.8/88,50000,260,0
diag89,BB_90_8_10.card-mto,5,Z,4,3,1,NONE,,177,387,25775,3,0,0,0,1,0,0,0,0,0,517,53,2,2.0,0,0,0.8,0.4,4999,1,428,0.2/11,0/0,0.4/22.8/57,50000,0,0,0,0,0,0,0,693,53,0,2.0,0,0,0.8,0.4,4822,1.14e+17,639,4.71e+17/3.55e+19,0/0,0.4/22.8/57,50000,176,0
diag89,BB_90_8_10.card-mto,6,X,8,5,1,NONE,,1355,1834,17003,19,1509,1292,249501,1306,0,0,0,0,0,689,53,2,1.9,1,2,0.8,0.4,4738,1.57e+25,647,6.74e+25/1.03e+27,0/0,0.983/64.8/88,50000,260,0,0,0,0,0,0,801,53,7,2.6,7,7,0.8,0.4,3383,2.59e+56,595,1.37e+57/2.65e+58,0/0,1/72.7/89,50000,1614,0
diag89,BB_90_8_10.card-mto,7,Z,8,5,1,NONE,,1220,1680,16684,9,1238,1053,175971,1086,0,0,0,0,0,693,53,0,2.0,0,0,0.8,0.4,4822,1.14e+17,639,4.71e+17/3.55e+19,0/0,0.4/22.8/57,50000,176,0,0,0,0,0,0,805,53,9,2.7,10,9,0.8,0.4,3602,1.55e+35,611,7.63e+35/1.63e+37,0/0,1/65.7/89,50000,1395,0
diag89,BB_90_8_10.card-mto,8,X,16,9,1,FOUND,16,120,332,3928,3,86,84,8049,84,0,0,0,0,0,801,53,7,2.6,7,7,0.8,0.4,3383,2.59e+56,595,1.37e+57/2.65e+58,0/0,1/72.7/89,50000,1614,0,32,1,87,908,4,863,53,6,2.6,0,7,0.8,0.4,3263,1.1e+68,726,2.08e+68/9.01e+69,0/0,1/81.3/89,50000,1734,1
diag89,BB_90_8_10.card-mto,9,Z,16,9,1,FOUND,16,38,151,3321,1,15,8,3174,8,0,0,0,0,0,805,53,9,2.7,10,9,0.8,0.4,3602,1.55e+35,611,7.63e+35/1.63e+37,0/0,1/65.7/89,50000,1395,0,26,7,10,908,18,867,53,2,2.7,0,9,0.8,0.4,3564,7.45e+38,718,2.41e+39/1.18e+41,0/0,1/62.9/89,50000,1433,1
diag89,BB_90_8_10.card-mto,10,X,15,9,1,FOUND,14,392,1105,12237,3,323,265,36832,265,32,1,87,908,4,863,53,6,2.6,0,7,0.8,0.4,3263,1.1e+68,726,2.08e+68/9.01e+69,0/0,1/81.3/89,50000,1734,1,97,24,398,909,16,1301,53,1,3.0,4,9,0.8,0.3996,3263,1.1e+68,1129,2.08e+68/9.01e+69,0.943/93.3,1/47.1/89,50000,1734,1
diag89,BB_90_8_10.card-mto,11,Z,13,9,1,FOUND,12,608,1339,19944,5,663,460,124960,461,26,7,10,908,18,867,53,2,2.7,0,9,0.8,0.4,3564,7.45e+38,718,2.41e+39/1.18e+41,0/0,1/62.9/89,50000,1433,1,322,427,422,910,17,1305,53,1,2.8,1,6,0.8,0.3994,3564,7.45e+38,1125,2.41e+39/1.18e+41,0.873/91.6,1/38.1/89,50000,1433,1
diag89,BB_90_8_10.card-mto,12,Z,12,9,0,OPT,10,1737,3409,36049,9,2339,1623,476212,1647,322,427,422,910,17,1305,53,1,2.8,1,6,0.8,0.3994,3564,7.45e+38,1125,2.41e+39/1.18e+41,0.873/91.6,1/38.1/89,50000,1433,1,1983,582,1176,911,21,2181,62,9,3.0,7,9,0.8,0.3977,3564,7.45e+38,1520,2.41e+39/1.18e+41,1/80.7,1/80.6/89,50000,1433,1
diag89,BB_90_8_10.card-mto,13,X,10,9,0,OPT,10,1004,2510,23458,7,1298,910,263293,925,97,24,398,909,16,1301,53,1,3.0,4,9,0.8,0.3996,3263,1.1e+68,1129,2.08e+68/9.01e+69,0.943/93.3,1/47.1/89,50000,1734,1,577,168,419,911,38,2177,301,8,3.4,6,8,0.8,0.3986,3263,1.1e+68,1533,2.08e+68/9.01e+69,1/77.7,1/61.8/89,50000,1734,1
diag89,BB_90_8_10.no-card,0,X,1,1,1,NONE,,0,0,53,1,0,0,0,0,0,0,0,0,0,425,53,2,2.0,0,0,0.8,0.4,5000,1,424,0/0,0/0,0/0/0,50000,0,0,0,0,0,0,0,425,53,2,2.0,0,0,0.8,0.4,5000,1,424,0/0,0/0,0/0/0,50000,0,0
diag89,BB_90_8_10.no-card,1,Z,1,1,1,NONE,,0,0,47,1,0,0,0,0,0,0,0,0,0,429,53,2,2.0,0,0,0.8,0.4,5000,1,428,0/0,0/0,0/0/0,50000,0,0,0,0,0,0,0,429,53,2,2.0,0,0,0.8,0.4,5000,1,428,0/0,0/0,0/0/0,50000,0,0
diag89,BB_90_8_10.no-card,2,X,2,2,1,NONE,,3,3,251,1,1,0,308,0,0,0,0,0,0,425,53,2,2.0,0,0,0.8,0.4,5000,1,424,0/0,0/0,0/0/0,50000,0,0,0,0,0,0,0,425,53,0,2.0,0,0,0.8,0.4,4997,1.56,388,1.98/32.7,0/0,0.4/14.4/36,50000,2,0
diag89,BB_90_8_10.no-card,3,Z,2,2,1,NONE,,1,0,0,1,1,1,279,0,0,0,0,0,0,429,53,2,2.0,0,0,0.8,0.4,5000,1,428,0/0,0/0,0/0/0,50000,0,0,0,0,0,0,0,429,53,2,2.0,0,0,0.8,0.4,4999,1,428,0.2/11,0/0,0.4/22.8/57,50000,0,0
diag89,BB_90_8_10.no-card,4,X,4,3,1,NONE,,274,589,10392,1,33,33,2239,76,0,0,0,0,0,425,53,0,2.0,0,0,0.8,0.4,4997,1.56,388,1.98/32.7,0/0,0.4/14.4/36,50000,2,0,0,0,0,0,0,425,53,3,2.0,2,3,0.8,0.4,4723,4.47e+26,396,2.96e+27/2.32e+28,0/0,1/73.2/86,50000,275,0
diag89,BB_90_8_10.no-card,5,Z,4,3,1,NONE,,374,783,11598,3,107,107,6588,150,0,0,0,0,0,429,53,2,2.0,0,0,0.8,0.4,4999,1,428,0.2/11,0/0,0.4/22.8/57,50000,0,0,0,0,0,0,0,429,53,2,2.3,3,2,0.8,0.4,4625,1.4e+36,395,5.54e+36/6.56e+37,0/0,1/87.9/89,50000,373,0
diag89,BB_90_8_10.no-card,6,X,8,5,1,NONE,,1312,1766,14412,17,1419,1267,235600,1277,0,0,0,0,0,425,53,3,2.0,2,3,0.8,0.4,4723,4.47e+26,396,2.96e+27/2.32e+28,0/0,1/73.2/86,50000,275,0,0,0,0,0,0,425,53,7,2.7,7,7,0.8,0.4,3411,5e+53,381,2.14e+54/3.76e+55,0/0,1/83.5/89,50000,1586,0
diag89,BB_90_8_10.no-card,7,Z,8,5,1,NONE,,994,1371,11932,11,1077,956,161968,966,0,0,0,0,0,429,53,2,2.3,3,2,0.8,0.4,4625,1.4e+36,395,5.54e+36/6.56e+37,0/0,1/87.9/89,50000,373,0,0,0,0,0,0,429,53,8,2.7,5,8,0.8,0.4,3631,2.39e+32,349,1.37e+33/3.53e+34,0/0,1/81.7/89,50000,1366,0
diag89,BB_90_8_10.no-card,8,X,16,9,1,FOUND,16,1,16,241,1,2,1,701,1,0,0,0,0,0,425,53,7,2.7,7,7,0.8,0.4,3411,5e+53,381,2.14e+54/3.76e+55,0/0,1/83.5/89,50000,1586,0,0,0,1,0,40,425,53,6,2.7,0,7,0.8,0.4,3410,6.25e+53,349,2.51e+54/5.05e+55,0/0,0.998/61.5/89,50000,1587,1
diag89,BB_90_8_10.no-card,9,Z,16,9,1,FOUND,16,19,78,586,2,25,18,4692,19,0,0,0,0,0,429,53,8,2.7,5,8,0.8,0.4,3631,2.39e+32,349,1.37e+33/3.53e+34,0/0,1/81.7/89,50000,1366,0,0,0,19,0,19,429,53,5,2.7,0,8,0.8,0.4,3612,1.66e+34,354,8.29e+34/4.03e+36,0/0,0.999/67.4/89,50000,1385,1
diag89,BB_90_8_10.no-card,10,X,15,9,1,FOUND,14,50,140,1246,1,37,35,2473,41,0,0,1,0,40,425,53,6,2.7,0,7,0.8,0.4,3410,6.25e+53,349,2.51e+54/5.05e+55,0/0,0.998/61.5/89,50000,1587,1,14,1,45,0,29,425,53,1,2.7,0,7,0.8,0.4,3410,6.25e+53,352,2.51e+54/5.05e+55,0.968/56.9,1/75.8/89,50000,1587,1
diag89,BB_90_8_10.no-card,11,Z,13,9,1,FOUND,12,230,369,3175,3,259,219,46248,221,0,0,19,0,19,429,53,5,2.7,0,8,0.8,0.4,3612,1.66e+34,354,8.29e+34/4.03e+36,0/0,0.999/67.4/89,50000,1385,1,7,1,247,0,16,429,53,1,2.7,0,8,0.8,0.3998,3612,1.66e+34,363,8.29e+34/4.03e+36,1/68.8,1/53.1/89,50000,1385,1
diag89,BB_90_8_10.no-card,12,Z,12,9,0,OPT,10,1927,2245,30763,12,2501,1842,486395,1868,7,1,247,0,16,429,53,1,2.7,0,8,0.8,0.3998,3612,1.66e+34,363,8.29e+34/4.03e+36,1/68.8,1/53.1/89,50000,1385,1,1186,462,1132,0,20,429,84,10,3.4,8,10,0.8,0.3978,3612,1.66e+34,354,8.29e+34/4.03e+36,1/64.3,1/78.6/89,50000,1385,1
diag89,BB_90_8_10.no-card,13,X,10,9,0,OPT,10,1252,1535,21512,9,1621,1185,320729,1200,14,1,45,0,29,425,53,1,2.7,0,7,0.8,0.4,3410,6.25e+53,352,2.51e+54/5.05e+55,0.968/56.9,1/75.8/89,50000,1587,1,616,220,1019,0,27,425,228,10,3.0,10,10,0.8,0.3987,3410,6.25e+53,367,2.51e+54/5.05e+55,0.999/52.7,1/74.1/89,50000,1587,1
diag89,GB_144_12_12.card-mto,0,X,1,1,1,NONE,,0,0,99,1,0,0,0,0,0,0,0,0,0,1006,78,2,2.0,0,0,0.8,0.4,5000,1,1005,0/0,0/0,0/0/0,50000,0,0,0,0,0,0,0,1006,78,2,2.0,0,0,0.8,0.4,5000,1,1005,0/0,0/0,0/0/0,50000,0,0
diag89,GB_144_12_12.card-mto,1,Z,1,1,1,NONE,,0,0,95,1,0,0,0,0,0,0,0,0,0,1017,78,2,2.0,0,0,0.8,0.4,5000,1,1016,0/0,0/0,0/0/0,50000,0,0,0,0,0,0,0,1017,78,2,2.0,0,0,0.8,0.4,5000,1,1016,0/0,0/0,0/0/0,50000,0,0
diag89,GB_144_12_12.card-mto,2,X,2,2,1,NONE,,7,18,1589,1,1,0,432,0,0,0,0,0,0,1006,78,2,2.0,0,0,0.8,0.4,5000,1,1005,0/0,0/0,0/0/0,50000,0,0,0,0,0,0,0,1148,78,0,2.0,0,0,0.8,0.4,4993,3.81,980,13.2/565,0/0,0.4/36/90,50000,6,0
diag89,GB_144_12_12.card-mto,3,Z,2,2,1,NONE,,4,5,885,1,1,0,437,0,0,0,0,0,0,1017,78,2,2.0,0,0,0.8,0.4,5000,1,1016,0/0,0/0,0/0/0,50000,0,0,0,0,0,0,0,1159,78,0,2.0,0,0,0.8,0.4,4996,1.95,1080,4.22/153,0/0,0.4/36.8/92,50000,3,0
diag89,GB_144_12_12.card-mto,4,X,4,3,1,NONE,,315,960,32316,4,97,97,16522,117,0,0,0,0,0,1148,78,0,2.0,0,0,0.8,0.4,4993,3.81,980,13.2/565,0/0,0.4/36/90,50000,6,0,0,0,0,0,0,1432,78,3,2.1,3,3,0.8,0.4,4678,1.03e+31,1399,5.65e+31/9.57e+32,0/0,1/141/142,50000,320,0
diag89,GB_144_12_12.card-mto,5,Z,4,3,1,NONE,,394,1276,29968,5,171,171,24779,194,0,0,0,0,0,1159,78,0,2.0,0,0,0.8,0.4,4996,1.95,1080,4.22/153,0/0,0.4/36.8/92,50000,3,0,0,0,0,0,0,1443,78,3,2.1,3,3,0.8,0.4,4602,2.38e+38,1381,1.16e+39/1.18e+40,0/0,1/143/143,50000,396,0
diag89,GB_144_12_12.card-mto,6,X,8,5,1,NONE,,2112,3359,34228,26,2387,2063,689578,2076,0,0,0,0,0,1432,78,3,2.1,3,3,0.8,0.4,4678,1.03e+31,1399,5.65e+31/9.57e+32,0/0,1/141/142,50000,320,0,0,0,0,0,0,1588,78,8,2.9,13,8,0.8,0.4,2566,3.87e+35,1282,2.53e+36/8.17e+37,0/0,1/125/143,50000,2431,0
diag89,GB_144_12_12.card-mto,7,Z,8,5,1,NONE,,3065,4758,46545,35,3489,2991,1048744,3008,0,0,0,0,0,1443,78,3,2.1,3,3,0.8,0.4,4602,2.38e+38,1381,1.16e+39/1.18e+40,0/0,1/143/143,50000,396,0,0,0,0,0,0,1599,78,8,3.0,22,8,0.8,0.4,1537,2.04e+35,1277,1.21e+36/3.56e+37,0/0,1/131/143,50000,3460,0
diag89,GB_144_12_12.card-mto,8,X,16,9,1,FOUND,16,63908,77169,1431553,260,86510,63068,30450634,63145,0,0,0,0,0,1588,78,8,2.9,13,8,0.8,0.4,2566,3.87e+35,1282,2.53e+36/8.17e+37,0/0,1/125/143,50000,2431,0,896,1138,17647,1421,81,1680,78,5,5.8,481,16,0.82,0.3461,2557,2.38e+52,1450,1.09e+53/4.69e+54,0.923/107,0.998/80.2/143,50000,12440,1
diag89,GB_144_12_12.card-mto,9,Z,16,9,1,FOUND,16,102723,121103,2290980,359,139392,101481,49132329,101663,0,0,0,0,0,1599,78,8,3.0,22,8,0.8,0.4,1537,2.04e+35,1277,1.21e+36/3.56e+37,0/0,1/131/143,50000,3460,0,3990,794,26344,1421,62,1691,78,8,6.5,737,16,0.82,0.3073,1532,5.21e+40,1452,2.76e+41/2.06e+43,0.997/97.4,0.987/103/143,50000,13465,1
diag89,GB_144_12_12.card-mto,10,X,15,9,1,FOUND,15,133315,152678,2955343,347,182255,131835,63564593,132020,896,1138,17647,1421,81,1680,78,5,5.8,481,16,0.82,0.3461,2557,2.38e+52,1450,1.09e+53/4.69e+54,0.923/107,0.998/80.2/143,50000,12440,1,7953,4425,16252,1422,57,2354,78,7,5.9,972,15,0.82,0.2128,2557,2.38e+52,2074,1.09e+53/4.69e+54,0.998/117,1/106/143,50000,12440,1
diag89,GB_144_12_12.card-mto,11,Z,14,9,1,FOUND,14,233230,263107,5137508,517,320816,230627,112102212,230950,3990,794,26344,1421,62,1691,78,8,6.5,737,16,0.82,0.3073,1532,5.21e+40,1452,2.76e+41/2.06e+43,0.997/97.4,0.987/103/143,50000,13465,1,5999,38,19730,1422,44,2365,79,5,6.8,1659,16,0.82,0.0741,1532,5.21e+40,2043,2.76e+41/2.06e+43,1/84.8,0.968/110/143,50000,13465,1
diag89,GB_144_12_12.card-mto,12,Z,14,9,0,OPT,12,353181,395249,7600735,726,490119,348505,167645972,349234,5999,38,19730,1422,44,2365,79,5,6.8,1659,16,0.82,0.0741,1532,5.21e+40,2043,2.76e+41/2.06e+43,1/84.8,0.968/110/143,50000,13465,1,2217,176,675,1255,43,3608,148,8,5.5,54,12,0.82,0.06,1532,5.21e+40,2714,2.76e+41/2.06e+43,1/58.9,0.996/116/143,50000,13465,1
diag89,GB_144_12_12.card-mto,13,X,12,9,0,OPT,12,35601,41254,770648,3,47765,34970,16737540,35086,7953,4425,16252,1422,57,2354,78,7,5.9,972,15,0.82,0.2128,2557,2.38e+52,2074,1.09e+53/4.69e+54,0.998/117,1/106/143,50000,12440,1,5120,2459,4220,1423,61,3702,133,13,6.1,231,13,0.82,0.1772,2557,2.38e+52,2693,1.09e+53/4.69e+54,0.998/73.1,0.996/120/143,50000,12440,1
diag89,GB_144_12_8.card-mto,0,X,1,1,1,NONE,,0,0,69,1,0,0,0,0,0,0,0,0,0,743,78,2,2.0,0,0,0.8,0.4,5000,1,742,0/0,0/0,0/0/0,50000,0,0,0,0,0,0,0,743,78,2,2.0,0,0,0.8,0.4,5000,1,742,0/0,0/0,0/0/0,50000,0,0
diag89,GB_144_12_8.card-mto,1,Z,1,1,1,NONE,,0,0,89,1,0,0,0,0,0,0,0,0,0,856,78,2,2.0,0,0,0.8,0.4,5000,1,855,0/0,0/0,0/0/0,50000,0,0,0,0,0,0,0,856,78,2,2.0,0,0,0.8,0.4,5000,1,855,0/0,0/0,0/0/0,50000,0,0
diag89,GB_144_12_8.card-mto,2,X,2,2,1,NONE,,1,0,0,1,1,1,525,0,0,0,0,0,0,743,78,2,2.0,0,0,0.8,0.4,5000,1,742,0/0,0/0,0/0/0,50000,0,0,0,0,0,0,0,885,78,2,2.0,0,0,0.8,0.4,4999,1,742,0.2/23.8,0/0,0.4/34.4/86,50000,0,0
diag89,GB_144_12_8.card-mto,3,Z,2,2,1,NONE,,1,0,0,1,1,1,491,0,0,0,0,0,0,856,78,2,2.0,0,0,0.8,0.4,5000,1,855,0/0,0/0,0/0/0,50000,0,0,0,0,0,0,0,998,78,2,2.0,0,0,0.8,0.4,4999,1,855,0.2/8,0/0,0.4/18.4/46,50000,0,0
diag89,GB_144_12_8.card-mto,4,X,4,3,1,NONE,,246,593,26974,2,6,6,1681,25,0,0,0,0,0,885,78,2,2.0,0,0,0.8,0.4,4999,1,742,0.2/23.8,0/0,0.4/34.4/86,50000,0,0,0,0,0,0,0,1169,78,4,2.0,1,4,0.8,0.4,4753,5.53e+23,1108,2.82e+24/1.04e+26,0/0,0.953/99.6/136,50000,245,0
diag89,GB_144_12_8.card-mto,5,Z,4,3,1,NONE,,285,736,61022,3,0,0,0,4,0,0,0,0,0,998,78,2,2.0,0,0,0.8,0.4,4999,1,855,0.2/8,0/0,0.4/18.4/46,50000,0,0,0,0,0,0,0,1282,78,0,2.0,0,0,0.8,0.4,4714,3.33e+27,1166,1.37e+28/2.3e+30,0/0,0.4/18.4/46,50000,284,0
diag89,GB_144_12_8.card-mto,6,X,8,5,1,FOUND,8,686,1000,9084,9,669,647,158898,654,0,0,0,0,0,1169,78,4,2.0,1,4,0.8,0.4,4753,5.53e+23,1108,2.82e+24/1.04e+26,0/0,0.953/99.6/136,50000,245,0,303,178,444,1239,56,1325,79,7,2.7,7,7,0.8,0.4,4067,1.67e+90,1274,5.31e+90/1.88e+92,0/0,1/97.6/143,50000,931,1
diag89,GB_144_12_8.card-mto,7,Z,8,5,1,FOUND,8,1354,2009,28010,12,1460,1261,438032,1279,0,0,0,0,0,1282,78,0,2.0,0,0,0.8,0.4,4714,3.33e+27,1166,1.37e+28/2.3e+30,0/0,0.4/18.4/46,50000,284,0,319,185,618,1239,41,1438,87,4,2.8,9,7,0.8,0.4,3360,5.48e+58,1314,1.64e+59/7.5e+60,0/0,1/95.5/142,50000,1638,1
diag89,GB_144_12_8.card-mto,8,X,7,5,1,NONE,,352,539,3822,3,382,341,89087,341,303,178,444,1239,56,1325,79,7,2.7,7,7,0.8,0.4,4067,1.67e+90,1274,5.31e+90/1.88e+92,0/0,1/97.6/143,50000,931,1,655,254,645,1231,95,1902,87,5,2.9,2,5,0.8,0.3996,4067,1.67e+90,1228,5.31e+90/1.88e+92,0.967/52.5,1/131/143,50000,931,1
diag89,GB_144_12_8.card-mto,9,Z,7,5,1,NONE,,210,317,12414,3,253,165,102054,169,319,185,618,1239,41,1438,87,4,2.8,9,7,0.8,0.4,3360,5.48e+58,1314,1.64e+59/7.5e+60,0/0,1/95.5/142,50000,1638,1,384,145,622,1168,48,1980,92,7,2.8,0,7,0.8,0.3998,3360,5.48e+58,1616,1.64e+59/7.5e+60,0.986/110,1/115/142,50000,1638,1
diag89,GB_144_12_8.no-card,0,X,1,1,1,NONE,,0,0,69,1,0,0,0,0,0,0,0,0,0,743,78,2,2.0,0,0,0.8,0.4,5000,1,742,0/0,0/0,0/0/0,50000,0,0,0,0,0,0,0,743,78,2,2.0,0,0,0.8,0.4,5000,1,742,0/0,0/0,0/0/0,50000,0,0
diag89,GB_144_12_8.no-card,1,Z,1,1,1,NONE,,0,0,89,1,0,0,0,0,0,0,0,0,0,856,78,2,2.0,0,0,0.8,0.4,5000,1,855,0/0,0/0,0/0/0,50000,0,0,0,0,0,0,0,856,78,2,2.0,0,0,0.8,0.4,5000,1,855,0/0,0/0,0/0/0,50000,0,0
diag89,GB_144_12_8.no-card,2,X,2,2,1,NONE,,1,0,0,1,1,1,525,0,0,0,0,0,0,743,78,2,2.0,0,0,0.8,0.4,5000,1,742,0/0,0/0,0/0/0,50000,0,0,0,0,0,0,0,743,78,2,2.0,0,0,0.8,0.4,4999,1,742,0.2/23.8,0/0,0.4/34.4/86,50000,0,0
diag89,GB_144_12_8.no-card,3,Z,2,2,1,NONE,,1,0,0,1,1,1,491,0,0,0,0,0,0,856,78,2,2.0,0,0,0.8,0.4,5000,1,855,0/0,0/0,0/0/0,50000,0,0,0,0,0,0,0,856,78,2,2.0,0,0,0.8,0.4,4999,1,855,0.2/8,0/0,0.4/18.4/46,50000,0,0
diag89,GB_144_12_8.no-card,4,X,4,3,1,NONE,,279,616,17178,1,37,37,3472,56,0,0,0,0,0,743,78,2,2.0,0,0,0.8,0.4,4999,1,742,0.2/23.8,0/0,0.4/34.4/86,50000,0,0,0,0,0,0,0,743,78,3,2.2,2,3,0.8,0.4,4720,8.73e+26,712,3.58e+27/3.1e+28,0/0,1/115/138,50000,278,0
diag89,GB_144_12_8.no-card,5,Z,4,3,1,NONE,,699,1379,15061,6,337,336,35966,413,0,0,0,0,0,856,78,2,2.0,0,0,0.8,0.4,4999,1,855,0.2/8,0/0,0.4/18.4/46,50000,0,0,0,0,0,0,0,856,78,3,2.4,4,3,0.8,0.4,4300,4.4e+67,776,1.96e+68/3.62e+69,0/0,1/142/143,50000,698,0
diag89,GB_144_12_8.no-card,6,X,8,5,1,FOUND,8,939,1434,9441,12,986,923,217639,929,0,0,0,0,0,743,78,3,2.2,2,3,0.8,0.4,4720,8.73e+26,712,3.58e+27/3.1e+28,0/0,1/115/138,50000,278,0,536,310,549,0,64,743,86,7,2.9,7,7,0.8,0.4,3781,8.7e+17,724,4.44e+18/1.34e+20,0/0,1/133/143,50000,1217,1
diag89,GB_144_12_8.no-card,7,Z,8,5,1,FOUND,8,2243,3191,23883,16,2370,2197,526602,2209,0,0,0,0,0,856,78,3,2.4,4,3,0.8,0.4,4300,4.4e+67,776,1.96e+68/3.62e+69,0/0,1/142/143,50000,698,0,1138,327,1076,0,28,856,86,5,3.4,16,9,0.8,0.4,2057,1.03e+85,771,6.38e+85/4.6e+87,0/0,1/96.9/143,50000,2941,1
diag89,GB_144_12_8.no-card,8,X,7,5,1,NONE,,29,30,1027,1,22,20,2635,25,536,310,549,0,64,743,86,7,2.9,7,7,0.8,0.4,3781,8.7e+17,724,4.44e+18/1.34e+20,0/0,1/133/143,50000,1217,1,37,9,47,0,57,743,222,4,3.0,1,4,0.8,0.4,3781,8.7e+17,627,4.44e+18/1.34e+20,0.938/36.9,1/102/143,50000,1217,1
diag89,GB_144_12_8.no-card,9,Z,7,5,1,NONE,,235,313,4352,3,283,224,96057,223,1138,327,1076,0,28,856,86,5,3.4,16,9,0.8,0.4,2057,1.03e+85,771,6.38e+85/4.6e+87,0/0,1/96.9/143,50000,2941,1,480,48,980,0,48,856,198,7,3.6,3,7,0.8,0.3998,2057,1.03e+85,816,6.38e+85/4.6e+87,0.997/91.7,1/102/143,50000,2941,1
diag89,LP_238_44_6.card-mto,0,X,1,1,1,NONE,,3,3,1718,1,1,0,1165,0,0,0,0,0,0,1630,151,2,2.0,0,0,0.8,0.4,5000,1,1630,0/0,0/0,0/0/0,50000,0,0,0,0,0,0,0,1867,151,1,2.0,0,0,0.8,0.4,4997,1.56,1804,3.48/371,0/0,0.4/37.2/93,50000,2,0
diag89,LP_238_44_6.card-mto,1,Z,1,1,1,NONE,,3,3,1665,1,1,0,1286,0,0,0,0,0,0,1630,149,2,2.0,0,0,0.8,0.4,5000,1,1630,0/0,0/0,0/0/0,50000,0,0,0,0,0,0,0,1867,149,1,2.0,0,0,0.8,0.4,4997,1.56,1805,3.48/286,0/0,0.4/33.2/83,50000,2,0
diag89,LP_238_44_6.card-mto,2,X,2,2,1,NONE,,325,1252,50310,5,36,34,14423,74,0,0,0,0,0,1867,151,1,2.0,0,0,0.8,0.4,4997,1.56,1804,3.48/371,0/0,0.4/37.2/93,50000,2,0,0,0,0,0,0,2341,151,3,1.9,2,3,0.8,0.4,4672,3.91e+31,2287,1.59e+32/1.36e+34,0/0,0.983/161/228,50000,326,0
diag89,LP_238_44_6.card-mto,3,Z,2,2,1,NONE,,285,1279,46607,3,28,28,14310,67,0,0,0,0,0,1867,149,1,2.0,0,0,0.8,0.4,4997,1.56,1805,3.48/286,0/0,0.4/33.2/83,50000,2,0,0,0,0,0,0,2341,149,2,1.9,1,2,0.8,0.4,4712,5.2e+27,2260,2.05e+28/4.97e+29,0/0,0.99/197/224,50000,286,0
diag89,LP_238_44_6.card-mto,4,X,4,3,1,NONE,,896,2398,42486,17,838,767,456496,820,0,0,0,0,0,2341,151,3,1.9,2,3,0.8,0.4,4672,3.91e+31,2287,1.59e+32/1.36e+34,0/0,0.983/161/228,50000,326,0,0,0,0,0,0,2595,151,5,2.2,5,5,0.8,0.4,3776,2.12e+18,2193,7.58e+18/4.38e+20,0/0,0.993/179/238,50000,1221,0
diag89,LP_238_44_6.card-mto,5,Z,4,3,1,NONE,,1248,3044,53345,21,1234,1110,717483,1165,0,0,0,0,0,2341,149,2,1.9,1,2,0.8,0.4,4712,5.2e+27,2260,2.05e+28/4.97e+29,0/0,0.99/197/224,50000,286,0,0,0,0,0,0,2595,149,5,2.5,7,5,0.8,0.4,3464,3.66e+48,2314,1.46e+49/6.4e+50,0/0,1/199/238,50000,1533,0
diag89,LP_238_44_6.card-mto,6,X,8,5,1,FOUND,8,315,556,5086,1,303,299,119374,299,0,0,0,0,0,2595,151,5,2.2,5,5,0.8,0.4,3776,2.12e+18,2193,7.58e+18/4.38e+20,0/0,0.993/179/238,50000,1221,0,127,54,188,2364,125,2721,151,3,2.3,1,5,0.8,0.4,3461,7.14e+48,2468,2.43e+49/1.63e+51,0/0,1/164/238,50000,1536,1
diag89,LP_238_44_6.card-mto,7,Z,8,5,1,FOUND,8,425,658,12827,1,414,397,193659,398,0,0,0,0,0,2595,149,5,2.5,7,5,0.8,0.4,3464,3.66e+48,2314,1.46e+49/6.4e+50,0/0,1/199/238,50000,1533,0,17,13,398,2364,154,2721,149,1,2.7,2,7,0.8,0.4,3039,5.62e+89,2623,1.19e+90/5.31e+91,0/0,1/149/238,50000,1958,1
diag89,LP_238_44_6.card-mto,8,X,7,5,1,FOUND,6,1237,3554,88086,8,1227,1009,868218,1026,127,54,188,2364,125,2721,151,3,2.3,1,5,0.8,0.4,3461,7.14e+48,2468,2.43e+49/1.63e+51,0/0,1/164/238,50000,1536,1,1441,198,995,2080,46,3686,155,1,2.5,5,8,0.8,0.3988,3461,7.14e+48,3486,2.43e+49/1.63e+51,0.996/113,0.998/141/238,50000,1536,1
diag89,LP_238_44_6.card-mto,9,Z,5,5,1,NONE,,851,1411,62301,7,935,713,679532,734,17,13,398,2364,154,2721,149,1,2.7,2,7,0.8,0.4,3039,5.62e+89,2623,1.19e+90/5.31e+91,0/0,1/149/238,50000,1958,1,372,37,979,2081,107,3686,159,6,2.7,7,6,0.8,0.3991,3039,5.62e+89,3535,1.19e+90/5.31e+91,0.994/186,1/176/238,50000,1958,1
diag89,LP_238_44_6.card-mto,10,X,6,5,0,OPT,6,658,1501,29606,5,707,583,466527,609,1441,198,995,2080,46,3686,155,1,2.5,5,8,0.8,0.3988,3461,7.14e+48,3486,2.43e+49/1.63e+51,0.996/113,0.998/141/238,50000,1536,1,735,225,1001,2049,115,4639,156,6,2.8,7,6,0.8,0.3981,3461,7.14e+48,3518,2.43e+49/1.63e+51,0.996/167,0.997/215/238,50000,1536,1
diag89,LP_238_44_6.no-card,0,X,1,1,1,NONE,,12,17,1597,1,1,0,1165,3,0,0,0,0,0,1630,151,2,2.0,0,0,0.8,0.4,5000,1,1630,0/0,0/0,0/0/0,50000,0,0,0,0,0,0,0,1630,151,0,2.0,0,0,0.8,0.4,4988,11.6,1485,38.4/1.37e+03,0/0,0.4/37.2/93,50000,11,0
diag89,LP_238_44_6.no-card,1,Z,1,1,1,NONE,,3,3,973,1,1,0,1286,0,0,0,0,0,0,1630,149,2,2.0,0,0,0.8,0.4,5000,1,1630,0/0,0/0,0/0/0,50000,0,0,0,0,0,0,0,1630,149,0,2.0,0,0,0.8,0.4,4997,1.56,1609,3.48/112,0/0,0.4/33.2/83,50000,2,0
diag89,LP_238_44_6.no-card,2,X,2,2,1,NONE,,278,1012,36424,4,31,31,12259,87,0,0,0,0,0,1630,151,0,2.0,0,0,0.8,0.4,4988,11.6,1485,38.4/1.37e+03,0/0,0.4/37.2/93,50000,11,0,0,0,0,0,0,1630,151,3,1.9,2,3,0.8,0.4,4710,8.13e+27,1572,3.62e+28/1.54e+30,0/0,0.953/209/236,50000,288,0
diag89,LP_238_44_6.no-card,3,Z,2,2,1,NONE,,249,1078,29182,2,24,23,13072,78,0,0,0,0,0,1630,149,0,2.0,0,0,0.8,0.4,4997,1.56,1609,3.48/112,0/0,0.4/33.2/83,50000,2,0,0,0,0,0,0,1630,149,3,1.9,1,3,0.8,0.4,4748,1.69e+24,1561,7.69e+24/4.55e+26,0/0,0.972/203/237,50000,250,0
diag89,LP_238_44_6.no-card,4,X,4,3,1,NONE,,767,1634,30306,12,753,690,450647,718,0,0,0,0,0,1630,151,3,1.9,2,3,0.8,0.4,4710,8.13e+27,1572,3.62e+28/1.54e+30,0/0,0.953/209/236,50000,288,0,0,0,0,0,0,1630,151,5,2.3,5,5,0.8,0.4,3943,139,1547,829/5.29e+04,0/0,1/215/238,50000,1054,0
diag89,LP_238_44_6.no-card,5,Z,4,3,1,NONE,,1313,3292,65167,19,1194,1098,603393,1167,0,0,0,0,0,1630,149,3,1.9,1,3,0.8,0.4,4748,1.69e+24,1561,7.69e+24/4.55e+26,0/0,0.972/203/237,50000,250,0,0,0,0,0,0,1630,149,5,2.6,8,5,0.8,0.4,3435,2.36e+51,1465,1.09e+52/3.19e+53,0/0,1/187/238,50000,1562,0
diag89,LP_238_44_6.no-card,6,X,8,5,1,FOUND,8,2099,3585,56073,17,2253,2033,1266584,2049,0,0,0,0,0,1630,151,5,2.3,5,5,0.8,0.4,3943,139,1547,829/5.29e+04,0/0,1/215/238,50000,1054,0,1705,713,1541,0,30,1630,155,5,4.0,17,9,0.8,0.4,1844,361000.0,1517,1.47e+06/1.75e+08,0/0,1/151/238,50000,3153,1
diag89,LP_238_44_6.no-card,7,Z,8,5,1,FOUND,8,919,1636,24982,6,979,892,553076,895,0,0,0,0,0,1630,149,5,2.6,8,5,0.8,0.4,3435,2.36e+51,1465,1.09e+52/3.19e+53,0/0,1/187/238,50000,1562,0,192,207,785,0,8,1630,149,3,3.2,6,7,0.8,0.4,2516,2.71e+40,1580,1.4e+41/6.8e+42,0/0,1/172/238,50000,2481,1
diag89,LP_238_44_6.no-card,8,X,7,5,1,FOUND,6,927,1588,34965,7,1100,873,794618,892,1705,713,1541,0,30,1630,155,5,4.0,17,9,0.8,0.4,1844,361000.0,1517,1.47e+06/1.75e+08,0/0,1/151/238,50000,3153,1,1493,1091,2058,0,8,1630,158,1,4.8,9,7,0.8,0.3991,1844,361000.0,1499,1.47e+06/1.75e+08,0.997/87.4,1/106/238,50000,3153,1
diag89,LP_238_44_6.no-card,9,Z,5,5,1,NONE,,952,1579,45032,7,1138,873,836830,908,192,207,785,0,8,1630,149,3,3.2,6,7,0.8,0.4,2516,2.71e+40,1580,1.4e+41/6.8e+42,0/0,1/172/238,50000,2481,1,415,132,1598,0,87,1630,195,7,3.4,8,7,0.8,0.399,2516,2.71e+40,1493,1.4e+41/6.8e+42,0.996/112,1/215/238,50000,2481,1
diag89,LP_238_44_6.no-card,10,X,6,5,0,OPT,6,451,684,24060,4,485,400,318565,412,1493,1091,2058,0,8,1630,158,1,4.8,9,7,0.8,0.3991,1844,361000.0,1499,1.47e+06/1.75e+08,0.997/87.4,1/106/238,50000,3153,1,2022,1208,2432,0,71,1630,373,5,5.0,2,5,0.8,0.3986,1844,361000.0,1547,1.47e+06/1.75e+08,0.997/130,0.999/201/238,50000,3153,1
diag89,LP_340_56_8.card-mto,0,X,1,1,1,NONE,,1,0,0,1,1,1,2391,0,0,0,0,0,0,2589,208,2,2.0,0,0,0.8,0.4,5000,1,2589,0/0,0/0,0/0/0,50000,0,0,0,0,0,0,0,2928,208,2,2.0,0,0,0.8,0.4,4999,1,2589,0.2/78.2,0/0,0.4/128/319,50000,0,0
diag89,LP_340_56_8.card-mto,1,Z,1,1,1,NONE,,1,0,0,1,1,1,2331,0,0,0,0,0,0,2589,206,2,2.0,0,0,0.8,0.4,5000,1,2589,0/0,0/0,0/0/0,50000,0,0,0,0,0,0,0,2928,206,2,2.0,0,0,0.8,0.4,4999,1,2589,0.2/78,0/0,0.4/126/316,50000,0,0
diag89,LP_340_56_8.card-mto,2,X,2,2,1,NONE,,370,1390,132247,5,1,1,99,10,0,0,0,0,0,2928,208,2,2.0,0,0,0.8,0.4,4999,1,2589,0.2/78.2,0/0,0.4/128/319,50000,0,0,0,0,0,0,0,3606,208,2,2.1,1,2,0.8,0.4,4629,5.75e+35,3555,2.52e+36/3.68e+38,0/0,0.64/129/319,50000,369,0
diag89,LP_340_56_8.card-mto,3,Z,2,2,1,NONE,,262,1469,97529,3,0,0,0,2,0,0,0,0,0,2928,206,2,2.0,0,0,0.8,0.4,4999,1,2589,0.2/78,0/0,0.4/126/316,50000,0,0,0,0,0,0,0,3606,206,0,2.0,0,0,0.8,0.4,4737,1.97e+25,3515,1.04e+26/2.95e+28,0/0,0.4/126/316,50000,261,0
diag89,LP_340_56_8.card-mto,4,X,4,3,1,NONE,,750,1581,30314,6,709,665,456975,689,0,0,0,0,0,3606,208,2,2.1,1,2,0.8,0.4,4629,5.75e+35,3555,2.52e+36/3.68e+38,0/0,0.64/129/319,50000,369,0,0,0,0,0,0,4028,208,6,2.6,7,6,0.8,0.4,3879,222000000.0,3487,1.03e+09/7.79e+10,0/0,1/303/340,50000,1118,0
diag89,LP_340_56_8.card-mto,5,Z,4,3,1,NONE,,1797,5323,98151,23,1596,1525,1065175,1625,0,0,0,0,0,3606,206,0,2.0,0,0,0.8,0.4,4737,1.97e+25,3515,1.04e+26/2.95e+28,0/0,0.4/126/316,50000,261,0,0,0,0,0,0,4028,206,5,2.9,11,5,0.8,0.4,2940,2.21e+99,3588,9.8e+99/9.74e+101,0/0,1/232/340,50000,2057,0
diag89,LP_340_56_8.card-mto,6,X,8,5,1,FOUND,8,760,1779,43967,12,763,706,735117,710,0,0,0,0,0,4028,208,6,2.6,7,6,0.8,0.4,3879,222000000.0,3487,1.03e+09/7.79e+10,0/0,1/303/340,50000,1118,0,391,40,639,3528,261,4282,208,5,2.8,2,7,0.8,0.4,3119,9.93e+81,4205,2.94e+82/1.71e+84,0/0,1/211/340,50000,1878,1
diag89,LP_340_56_8.card-mto,7,Z,8,5,1,FOUND,8,683,1448,28590,5,679,655,482763,655,0,0,0,0,0,4028,206,5,2.9,11,5,0.8,0.4,2940,2.21e+99,3588,9.8e+99/9.74e+101,0/0,1/232/340,50000,2057,0,66,407,565,3528,149,4282,206,4,3.5,7,9,0.8,0.4,2257,3.42e+65,4172,8.43e+65/5.89e+67,0/0,1/239/340,50000,2740,1
diag89,LP_340_56_8.card-mto,8,X,7,5,1,NONE,,2393,3792,157451,14,2800,2193,3005253,2233,391,40,639,3528,261,4282,208,5,2.8,2,7,0.8,0.4,3119,9.93e+81,4205,2.94e+82/1.71e+84,0/0,1/211/340,50000,1878,1,1660,735,2484,3000,93,5721,249,9,4.3,21,9,0.8,0.3976,3119,9.93e+81,5438,2.94e+82/1.71e+84,0.999/168,1/281/340,50000,1878,1
diag89,LP_340_56_8.card-mto,9,Z,7,5,1,NONE,,6583,10694,336099,30,7802,6220,8124785,6309,66,407,565,3528,149,4282,206,4,3.5,7,9,0.8,0.4,2257,3.42e+65,4172,8.43e+65/5.89e+67,0/0,1/239/340,50000,2740,1,2052,454,5880,3000,56,5721,523,9,3.9,49,9,0.8,0.3934,2257,3.42e+65,5264,8.43e+65/5.89e+67,1/132,1/273/340,50000,2740,1
diag89,LP_340_56_8.no-card,0,X,1,1,1,NONE,,1,0,0,1,1,1,2391,0,0,0,0,0,0,2589,208,2,2.0,0,0,0.8,0.4,5000,1,2589,0/0,0/0,0/0/0,50000,0,0,0,0,0,0,0,2589,208,2,2.0,0,0,0.8,0.4,4999,1,2589,0.2/78.2,0/0,0.4/128/319,50000,0,0
diag89,LP_340_56_8.no-card,1,Z,1,1,1,NONE,,1,0,0,1,1,1,2331,0,0,0,0,0,0,2589,206,2,2.0,0,0,0.8,0.4,5000,1,2589,0/0,0/0,0/0/0,50000,0,0,0,0,0,0,0,2589,206,2,2.0,0,0,0.8,0.4,4999,1,2589,0.2/78,0/0,0.4/126/316,50000,0,0
diag89,LP_340_56_8.no-card,2,X,2,2,1,NONE,,277,1476,53341,3,31,31,19065,90,0,0,0,0,0,2589,208,2,2.0,0,0,0.8,0.4,4999,1,2589,0.2/78.2,0/0,0.4/128/319,50000,0,0,0,0,0,0,0,2589,208,3,2.1,2,3,0.8,0.4,4722,5.59e+26,2533,2.39e+27/1.01e+29,0/0,0.994/283/332,50000,276,0
diag89,LP_340_56_8.no-card,3,Z,2,2,1,NONE,,241,1383,51838,3,30,29,28083,82,0,0,0,0,0,2589,206,2,2.0,0,0,0.8,0.4,4999,1,2589,0.2/78,0/0,0.4/126/316,50000,0,0,0,0,0,0,0,2589,206,2,2.2,2,2,0.8,0.4,4758,1.81e+23,2520,9.19e+23/2.35e+25,0/0,1/319/339,50000,240,0
diag89,LP_340_56_8.no-card,4,X,4,3,1,NONE,,821,2422,49094,13,724,698,438119,741,0,0,0,0,0,2589,208,3,2.1,2,3,0.8,0.4,4722,5.59e+26,2533,2.39e+27/1.01e+29,0/0,0.994/283/332,50000,276,0,0,0,0,0,0,2589,208,4,2.8,7,4,0.8,0.4,3901,1630000.0,2476,7.97e+06/3.45e+08,0/0,1/276/340,50000,1096,0
diag89,LP_340_56_8.no-card,5,Z,4,3,1,NONE,,1401,3864,72216,21,1320,1223,974485,1274,0,0,0,0,0,2589,206,2,2.2,2,2,0.8,0.4,4758,1.81e+23,2520,9.19e+23/2.35e+25,0/0,1/319/339,50000,240,0,0,0,0,0,0,2589,206,5,2.9,8,5,0.8,0.4,3357,8.56e+58,2431,4.71e+59/1.78e+61,0/0,1/313/340,50000,1640,0
diag89,LP_340_56_8.no-card,6,X,8,5,1,FOUND,8,1251,2350,20872,6,1289,1232,774746,1232,0,0,0,0,0,2589,208,4,2.8,7,4,0.8,0.4,3901,1630000.0,2476,7.97e+06/3.45e+08,0/0,1/276/340,50000,1096,0,604,13,947,0,239,2589,209,3,3.3,7,9,0.8,0.4,2650,2.8e+27,2317,1.62e+28/2.04e+30,0/0,0.948/181/340,50000,2347,1
diag89,LP_340_56_8.no-card,7,Z,8,5,1,FOUND,8,202,278,4410,1,209,201,194537,201,0,0,0,0,0,2589,206,5,2.9,8,5,0.8,0.4,3357,8.56e+58,2431,4.71e+59/1.78e+61,0/0,1/313/340,50000,1640,0,52,26,134,0,298,2589,206,2,3.0,1,6,0.8,0.4,3155,3.22e+78,2229,1.59e+79/8.02e+80,0/0,1/181/340,50000,1842,1
diag89,LP_340_56_8.no-card,8,X,7,5,1,NONE,,3799,5888,215914,19,4679,3568,5364221,3656,604,13,947,0,239,2589,209,3,3.3,7,9,0.8,0.4,2650,2.8e+27,2317,1.62e+28/2.04e+30,0/0,0.948/181/340,50000,2347,1,1563,431,3968,0,40,2589,435,9,3.7,29,9,0.8,0.3962,2650,2.8e+27,2441,1.62e+28/2.04e+30,0.998/278,1/240/340,50000,2347,1
diag89,LP_340_56_8.no-card,9,Z,7,5,1,NONE,,4815,7441,232669,25,5821,4628,6485787,4714,52,26,134,0,298,2589,206,2,3.0,1,6,0.8,0.4,3155,3.22e+78,2229,1.59e+79/8.02e+80,0/0,1/181/340,50000,1842,1,537,149,819,0,118,2589,293,8,3.3,35,8,0.8,0.3952,3155,3.22e+78,2425,1.59e+79/8.02e+80,0.999/218,1/320/340,50000,1842,1
diag89,LP_442_68_10.card-mto,0,X,1,1,1,NONE,,5,5,3614,1,1,0,2301,0,0,0,0,0,0,3558,265,2,2.0,0,0,0.8,0.4,5000,1,3558,0/0,0/0,0/0/0,50000,0,0,0,0,0,0,0,3999,265,1,2.0,0,0,0.8,0.4,4995,2.44,3790,8.75/1.83e+03,0/0,0.4/87.2/218,50000,4,0
diag89,LP_442_68_10.card-mto,1,Z,1,1,1,NONE,,3,3,3672,1,1,0,2298,0,0,0,0,0,0,3558,263,2,2.0,0,0,0.8,0.4,5000,1,3558,0/0,0/0,0/0/0,50000,0,0,0,0,0,0,0,3999,263,1,2.0,0,0,0.8,0.4,4997,1.56,3782,3.48/605,0/0,0.4/74.4/186,50000,2,0
diag89,LP_442_68_10.card-mto,2,X,2,2,1,NONE,,233,1334,74835,2,13,13,16378,58,0,0,0,0,0,3999,265,1,2.0,0,0,0.8,0.4,4995,2.44,3790,8.75/1.83e+03,0/0,0.4/87.2/218,50000,4,0,0,0,0,0,0,4881,265,3,1.9,1,3,0.8,0.4,4762,7.43e+22,4836,3.26e+23/1.6e+25,0/0,0.972/348/439,50000,236,0
diag89,LP_442_68_10.card-mto,3,Z,2,2,1,NONE,,316,1996,173068,4,1,0,2220,20,0,0,0,0,0,3999,263,1,2.0,0,0,0.8,0.4,4997,1.56,3782,3.48/605,0/0,0.4/74.4/186,50000,2,0,0,0,0,0,0,4881,263,0,2.0,0,0,0.8,0.4,4681,5.25e+30,4646,1.95e+31/5.85e+33,0/0,0.64/176/367,50000,317,0
diag89,LP_442_68_10.card-mto,4,X,4,3,1,NONE,,729,2059,58791,11,756,664,969818,688,0,0,0,0,0,4881,265,3,1.9,1,3,0.8,0.4,4762,7.43e+22,4836,3.26e+23/1.6e+25,0/0,0.972/348/439,50000,236,0,0,0,0,0,0,5391,265,5,2.0,5,5,0.8,0.4,4033,2.64e+93,4790,1.37e+94/8.24e+95,0/0,1/371/442,50000,964,0
diag89,LP_442_68_10.card-mto,5,Z,4,3,1,NONE,,1210,3949,72621,19,1147,1101,1015557,1141,0,0,0,0,0,4881,263,0,2.0,0,0,0.8,0.4,4681,5.25e+30,4646,1.95e+31/5.85e+33,0/0,0.64/176/367,50000,317,0,0,0,0,0,0,5391,263,5,2.5,8,5,0.8,0.4,3471,7.67e+47,4811,2.97e+48/1.47e+50,0/0,1/342/442,50000,1526,0
diag89,LP_442_68_10.card-mto,6,X,8,5,1,NONE,,9645,19500,519022,80,11296,9318,16029671,9418,0,0,0,0,0,5391,265,5,2.0,5,5,0.8,0.4,4033,2.64e+93,4790,1.37e+94/8.24e+95,0/0,1/371/442,50000,964,0,0,0,0,0,0,5645,265,9,3.9,75,9,0.82,0.4,4388,3.04e+94,4759,1.83e+95/2.01e+97,0/0,1/350/442,50000,10608,0
diag89,LP_442_68_10.card-mto,7,Z,8,5,1,NONE,,15129,29526,829476,114,17813,14651,26165134,14808,0,0,0,0,0,5391,263,5,2.5,8,5,0.8,0.4,3471,7.67e+47,4811,2.97e+48/1.47e+50,0/0,1/342/442,50000,1526,0,0,0,0,0,0,5645,263,9,3.2,113,9,0.82,0.3949,3471,4e+73,5392,2.33e+74/2.96e+76,0.976/181,1/408/442,50000,11526,0
diag89,LP_442_68_10.card-mto,8,X,16,9,1,FOUND,16,16315,29605,755619,117,19429,16052,29108509,16072,0,0,0,0,0,5645,265,9,3.9,75,9,0.82,0.4,4388,3.04e+94,4759,1.83e+95/2.01e+97,0/0,1/350/442,50000,10608,0,1600,1532,8362,4758,283,5771,265,6,4.2,134,18,0.84,0.3937,4376,3.29e+24,5264,2.14e+25/3.33e+27,0.926/146,1/248/442,50000,20620,1
diag89,LP_442_68_10.card-mto,9,Z,16,9,1,FOUND,16,28006,44760,1243561,150,33768,27792,48732282,27827,0,0,0,0,0,5645,263,9,3.2,113,9,0.82,0.3949,3471,4e+73,5392,2.33e+74/2.96e+76,0.976/181,1/408/442,50000,11526,0,972,8,20027,4758,198,5771,263,7,5.3,251,19,0.84,0.3769,3448,7.45e+94,5145,5.07e+95/1.73e+97,0.987/230,1/260/442,50000,21549,1
diag89,LP_442_68_10.card-mto,10,X,15,9,1,FOUND,14,123174,176770,5691578,313,152944,121934,216796769,122263,1600,1532,8362,4758,283,5771,265,6,4.2,134,18,0.84,0.3937,4376,3.29e+24,5264,2.14e+25/3.33e+27,0.926/146,1/248/442,50000,20620,1,15531,3292,18639,4473,88,7858,265,1,5.5,981,18,0.84,0.2705,4376,3.29e+24,7629,2.14e+25/3.33e+27,0.955/224,1/255/442,50000,20620,1
diag89,LP_442_68_10.card-mto,11,Z,13,9,1,FOUND,12,82955,117629,3757498,192,101283,82151,142078676,82396,972,8,20027,4758,198,5771,263,7,5.3,251,19,0.84,0.3769,3448,7.45e+94,5145,5.07e+95/1.73e+97,0.987/230,1/260/442,50000,21549,1,1179,359,8980,4474,49,7858,272,1,5.5,662,16,0.84,0.2939,3448,7.45e+94,7383,5.07e+95/1.73e+97,1/236,1/176/442,50000,21549,1
diag89,LP_442_68_10.card-mto,12,Z,12,9,0,OPT,10,23225,40599,1114384,79,28223,22694,39515733,22916,1179,359,8980,4474,49,7858,272,1,5.5,662,16,0.84,0.2939,3448,7.45e+94,7383,5.07e+95/1.73e+97,1/236,1/176/442,50000,21549,1,636,81,1662,4419,114,11990,413,13,5.9,186,13,0.84,0.2707,3448,7.45e+94,9508,5.07e+95/1.73e+97,1/171,1/376/442,50000,21549,1
diag89,LP_442_68_10.card-mto,13,X,10,9,0,OPT,10,12014,22241,646047,38,14692,11515,19926866,11674,15531,3292,18639,4473,88,7858,265,1,5.5,981,18,0.84,0.2705,4376,3.29e+24,7629,2.14e+25/3.33e+27,0.955/224,1/255/442,50000,20620,1,3046,780,1474,4467,208,12029,424,14,5.8,85,14,0.84,0.2585,4376,3.29e+24,9358,2.14e+25/3.33e+27,1/244,1/369/442,50000,20620,1
diag89,LP_442_68_10.no-card,0,X,1,1,1,NONE,,42,224,8663,1,1,0,2301,17,0,0,0,0,0,3558,265,2,2.0,0,0,0.8,0.4,5000,1,3558,0/0,0/0,0/0/0,50000,0,0,0,0,0,0,0,3558,265,0,2.0,0,0,0.8,0.4,4958,9400.0,3522,2.48e+04/6.9e+05,0/0,0.4/87.2/218,50000,41,0
diag89,LP_442_68_10.no-card,1,Z,1,1,1,NONE,,14,37,5217,1,1,0,2298,5,0,0,0,0,0,3558,263,2,2.0,0,0,0.8,0.4,5000,1,3558,0/0,0/0,0/0/0,50000,0,0,0,0,0,0,0,3558,263,0,2.0,0,0,0.8,0.4,4986,18.2,3355,62.5/8.05e+03,0/0,0.4/74.4/186,50000,13,0
diag89,LP_442_68_10.no-card,2,X,2,2,1,NONE,,234,1119,58260,3,41,41,33192,78,0,0,0,0,0,3558,265,0,2.0,0,0,0.8,0.4,4958,9400.0,3522,2.48e+04/6.9e+05,0/0,0.4/87.2/218,50000,41,0,0,0,0,0,0,3558,265,3,1.9,2,3,0.8,0.4,4724,3.58e+26,3480,1.49e+27/1.53e+29,0/0,0.99/384/440,50000,274,0
diag89,LP_442_68_10.no-card,3,Z,2,2,1,NONE,,239,1781,67447,4,39,39,33188,70,0,0,0,0,0,3558,263,0,2.0,0,0,0.8,0.4,4986,18.2,3355,62.5/8.05e+03,0/0,0.4/74.4/186,50000,13,0,0,0,0,0,0,3558,263,2,2.0,2,2,0.8,0.4,4747,2.11e+24,3517,1.06e+25/1.69e+26,0/0,0.99/336/387,50000,251,0
diag89,LP_442_68_10.no-card,4,X,4,3,1,NONE,,1274,3703,80472,18,1176,1147,1107670,1197,0,0,0,0,0,3558,265,3,1.9,2,3,0.8,0.4,4724,3.58e+26,3480,1.49e+27/1.53e+29,0/0,0.99/384/440,50000,274,0,0,0,0,0,0,3558,265,4,2.7,8,4,0.8,0.4,3450,8.31e+49,3435,4.7e+50/4.06e+52,0/0,1/409/442,50000,1547,0
diag89,LP_442_68_10.no-card,5,Z,4,3,1,NONE,,1390,3936,74723,17,1351,1268,1285912,1300,0,0,0,0,0,3558,263,2,2.0,2,2,0.8,0.4,4747,2.11e+24,3517,1.06e+25/1.69e+26,0/0,0.99/336/387,50000,251,0,0,0,0,0,0,3558,263,5,2.7,8,5,0.8,0.4,3357,8.56e+58,3451,4.18e+59/4.32e+61,0/0,1/382/442,50000,1640,0
diag89,LP_442_68_10.no-card,6,X,8,5,1,NONE,,12046,25150,675958,102,14288,11609,21269114,11754,0,0,0,0,0,3558,265,4,2.7,8,4,0.8,0.4,3450,8.31e+49,3435,4.7e+50/4.06e+52,0/0,1/409/442,50000,1547,0,0,0,0,0,0,3558,265,9,3.1,95,9,0.82,0.398,3448,3.84e+75,3422,2.39e+76/2.88e+78,0.996/176,1/371/442,50000,11549,0
diag89,LP_442_68_10.no-card,7,Z,8,5,1,NONE,,14688,30085,777010,122,17292,14216,26183459,14395,0,0,0,0,0,3558,263,5,2.7,8,5,0.8,0.4,3357,8.56e+58,3451,4.18e+59/4.32e+61,0/0,1/382/442,50000,1640,0,0,0,0,0,0,3558,263,10,5.0,114,10,0.82,0.3954,3286,3.52e+89,3388,1.74e+90/1.03e+92,0.885/177,1/403/442,50000,11711,0
diag89,LP_442_68_10.no-card,8,X,16,9,1,FOUND,16,8266,14740,313444,68,9700,8209,13440148,8220,0,0,0,0,0,3558,265,9,3.1,95,9,0.82,0.398,3448,3.84e+75,3422,2.39e+76/2.88e+78,0.996/176,1/371/442,50000,11549,0,1731,3479,7817,0,294,3558,265,6,3.4,60,17,0.83,0.398,182,4.27e+62,3015,3e+63/2.62e+65,0.6/107,1/261/442,50000,19815,1
diag89,LP_442_68_10.no-card,9,Z,16,9,1,FOUND,16,13566,24090,548539,105,16130,13514,23418180,13522,0,0,0,0,0,3558,263,10,5.0,114,10,0.82,0.3954,3286,3.52e+89,3388,1.74e+90/1.03e+92,0.885/177,1/403/442,50000,11711,0,591,450,13072,0,207,3558,263,12,5.7,122,19,0.84,0.3918,3272,158000000.0,3228,1.07e+09/1.16e+11,1/114,1/266/442,50000,21725,1
diag89,LP_442_68_10.no-card,10,X,15,9,1,FOUND,14,21017,30723,895209,70,25838,20868,35070190,20919,1731,3479,7817,0,294,3558,265,6,3.4,60,17,0.83,0.398,182,4.27e+62,3015,3e+63/2.62e+65,0.6/107,1/261/442,50000,19815,1,1059,915,21298,0,94,3558,265,1,4.6,187,16,0.83,0.3769,182,4.27e+62,3242,3e+63/2.62e+65,1/141,0.991/91.7/442,50000,19815,1
diag89,LP_442_68_10.no-card,11,Z,13,9,1,FOUND,12,27692,40498,1229455,93,34037,27451,47098628,27541,591,450,13072,0,207,3558,263,12,5.7,122,19,0.84,0.3918,3272,158000000.0,3228,1.07e+09/1.16e+11,1/114,1/266/442,50000,21725,1,2006,1635,21648,0,157,3558,263,1,6.1,223,18,0.84,0.3641,3272,158000000.0,3039,1.07e+09/1.16e+11,1/285,1/238/442,50000,21725,1
diag89,LP_442_68_10.no-card,12,Z,12,9,0,OPT,10,21797,32486,1077002,49,26450,21280,37627918,21483,2006,1635,21648,0,157,3558,263,1,6.1,223,18,0.84,0.3641,3272,158000000.0,3039,1.07e+09/1.16e+11,1/285,1/238/442,50000,21725,1,2227,872,10989,0,66,3558,509,14,6.5,179,14,0.84,0.3423,3272,158000000.0,3395,1.07e+09/1.16e+11,1/200,1/340/442,50000,21725,1
diag89,LP_442_68_10.no-card,13,X,10,9,0,OPT,10,12315,19185,611768,53,15109,11948,18590510,12054,1059,915,21298,0,94,3558,265,1,4.6,187,16,0.83,0.3769,182,4.27e+62,3242,3e+63/2.62e+65,1/141,0.991/91.7/442,50000,19815,1,999,64,1876,0,200,3558,840,13,5.2,77,13,0.83,0.3646,182,4.27e+62,3439,3e+63/2.62e+65,1/118,1/345/442,50000,19815,1
diag89,TN_144_2_13.no-card,0,X,1,1,1,NONE,,9,27,1100,1,1,0,526,2,0,0,0,0,0,791,78,2,2.0,0,0,0.8,0.4,5000,1,791,0/0,0/0,0/0/0,50000,0,0,0,0,0,0,0,791,78,0,2.0,0,0,0.8,0.4,4991,5.96,764,18.2/372,0/0,0.4/33.2/83,50000,8,0
diag89,TN_144_2_13.no-card,1,Z,1,1,1,NONE,,4,3,513,1,1,0,777,0,0,0,0,0,0,817,78,2,2.0,0,0,0.8,0.4,5000,1,817,0/0,0/0,0/0/0,50000,0,0,0,0,0,0,0,817,78,0,2.0,0,0,0.8,0.4,4996,1.95,774,5.82/88,0/0,0.4/24.8/62,50000,3,0
diag89,TN_144_2_13.no-card,2,X,2,2,1,NONE,,248,718,22903,4,3,3,1326,35,0,0,0,0,0,791,78,0,2.0,0,0,0.8,0.4,4991,5.96,764,18.2/372,0/0,0.4/33.2/83,50000,8,0,0,0,0,0,0,791,78,2,1.9,1,2,0.8,0.4,4743,5.15e+24,736,2.64e+25/4.76e+26,0/0,0.87/82/139,50000,255,0
diag89,TN_144_2_13.no-card,3,Z,2,2,1,NONE,,186,516,24285,1,0,0,0,23,0,0,0,0,0,817,78,0,2.0,0,0,0.8,0.4,4996,1.95,774,5.82/88,0/0,0.4/24.8/62,50000,3,0,0,0,0,0,0,817,78,0,2.0,0,0,0.8,0.4,4810,1.66e+18,774,6.79e+18/1.05e+20,0/0,0.4/24.8/62,50000,188,0
diag89,TN_144_2_13.no-card,4,X,4,3,1,NONE,,1609,2589,32457,15,1420,1417,228778,1461,0,0,0,0,0,791,78,2,1.9,1,2,0.8,0.4,4743,5.15e+24,736,2.64e+25/4.76e+26,0/0,0.87/82/139,50000,255,0,0,0,0,0,0,791,78,3,2.8,9,3,0.8,0.4,3134,3.49e+80,688,1.46e+81/1.88e+82,0/0,1/144/144,50000,1863,0
diag89,TN_144_2_13.no-card,5,Z,4,3,1,NONE,,484,786,13463,5,419,416,80334,422,0,0,0,0,0,817,78,0,2.0,0,0,0.8,0.4,4810,1.66e+18,774,6.79e+18/1.05e+20,0/0,0.4/24.8/62,50000,188,0,0,0,0,0,0,817,78,3,2.2,4,3,0.8,0.4,4326,1.06e+65,747,5.47e+65/9.81e+66,0/0,1/139/143,50000,671,0
diag89,TN_144_2_13.no-card,6,X,8,5,1,NONE,,15721,21405,406806,131,19650,14979,7312981,15104,0,0,0,0,0,791,78,3,2.8,9,3,0.8,0.4,3134,3.49e+80,688,1.46e+81/1.88e+82,0/0,1/144/144,50000,1863,0,0,0,0,0,0,791,78,9,3.7,122,9,0.82,0.3943,3134,443,702,3.24e+03/1.47e+05,0.942/74.9,1/118/144,50000,11863,0
diag89,TN_144_2_13.no-card,7,Z,8,5,1,NONE,,11752,15804,303989,94,14579,11162,5612882,11253,0,0,0,0,0,817,78,3,2.2,4,3,0.8,0.4,4326,1.06e+65,747,5.47e+65/9.81e+66,0/0,1/139/143,50000,671,0,0,0,0,0,0,817,78,6,4.8,77,10,0.82,0.3983,4324,1.22,725,6.85/260,0.932/108,1/97/144,50000,10673,0
diag89,TN_144_2_13.no-card,8,X,16,9,1,FOUND,16,365692,413330,8934754,963,514244,359713,195864500,360141,0,0,0,0,0,791,78,9,3.7,122,9,0.82,0.3943,3134,443,702,3.24e+03/1.47e+05,0.942/74.9,1/118/144,50000,11863,0,8402,2366,20189,0,49,791,78,9,6.4,2598,17,0.84,0.06,3123,3.03e+19,687,1.92e+20/1.13e+22,1/33.1,0.948/120/144,50000,21874,1
diag89,TN_144_2_13.no-card,9,Z,16,9,1,FOUND,16,269440,306237,6274269,725,376325,264437,136451386,264828,0,0,0,0,0,817,78,6,4.8,77,10,0.82,0.3983,4324,1.22,725,6.85/260,0.932/108,1/97/144,50000,10673,0,6985,5039,28697,0,65,817,78,5,7.3,1892,18,0.84,0.1388,4314,1.98e+29,686,1.33e+30/6.34e+31,1/66.5,0.98/117/144,50000,20683,1
diag89,TN_144_2_13.no-card,10,X,15,9,1,FOUND,15,1150618,1332453,25625305,3762,1616663,1137323,615713370,1138650,8402,2366,20189,0,49,791,78,9,6.4,2598,17,0.84,0.06,3123,3.03e+19,687,1.92e+20/1.13e+22,1/33.1,0.948/120/144,50000,21874,1,25655,1791,15859,0,59,791,78,7,5.2,7905,15,0.95,0.06,-609827,1.18e+72,699,2.6e+73/1.94e+75,1/66.9,0.946/119/144,50000,689824,1
diag89,TN_144_2_13.no-card,11,Z,14,9,1,FOUND,14,166384,184686,3888220,415,235565,163550,85709700,163939,6985,5039,28697,0,65,817,78,5,7.3,1892,18,0.84,0.1388,4314,1.98e+29,686,1.33e+30/6.34e+31,1/66.5,0.98/117/144,50000,20683,1,16166,4938,15098,0,52,817,78,5,6.6,1159,16,0.84,0.06,4314,1.98e+29,690,1.33e+30/6.34e+31,1/47.9,0.977/110/144,50000,20683,1
diag89,TN_144_2_13.no-card,12,Z,14,9,0,OPT,13,391788,428323,9174375,735,555290,384586,201467894,385646,16166,4938,15098,0,52,817,78,5,6.6,1159,16,0.84,0.06,4314,1.98e+29,690,1.33e+30/6.34e+31,1/47.9,0.977/110/144,50000,20683,1,10173,2065,1417,0,31,817,132,16,6.1,208,16,0.84,0.06,4314,1.98e+29,718,1.33e+30/6.34e+31,1/60.6,0.987/118/144,50000,20683,1
diag89,TN_144_2_13.no-card,13,X,13,9,0,OPT,13,411179,459658,9248621,822,573493,405671,221062328,406475,25655,1791,15859,0,59,791,78,7,5.2,7905,15,0.95,0.06,-609827,1.18e+72,699,2.6e+73/1.94e+75,1/66.9,0.946/119/144,50000,689824,1,19473,2645,1710,0,58,791,133,14,5.3,772,14,0.95,0.06,-864808,1.35e+52,641,2.45e+53/2.33e+55,1/37.5,0.981/119/144,50000,944805,1
diagmain,BB_108_8_10.card-mto,0,X,1,1,1,FALSE,,0,0,124,1,1,0,295,0,0,0,0,0,0,503,62,2,2.0,0,0,0.8,0.4,5000,1,503,0/0,0/0,0/0/0,50000,0,0,0,0,0,0,0,504,62,2,2.0,0,0,0.8,0.4,5000,1,503,0/0,0/0,0/0/0,50000,0,0
diagmain,BB_108_8_10.card-mto,1,Z,1,1,1,FALSE,,0,0,118,1,1,0,307,0,0,0,0,0,0,521,62,2,2.0,0,0,0.8,0.4,5000,1,521,0/0,0/0,0/0/0,50000,0,0,0,0,0,0,0,522,62,2,2.0,0,0,0.8,0.4,5000,1,521,0/0,0/0,0/0/0,50000,0,0
diagmain,BB_108_8_10.card-mto,2,X,2,2,1,FALSE,,2,1,266,1,2,0,600,0,0,0,0,0,0,503,62,2,2.0,0,0,0.8,0.4,5000,1,503,0/0,0/0,0/0/0,50000,0,0,0,0,0,0,0,610,62,1,2.0,0,0,0.8,0.4,4998,1.25,478,1.6/26,0/0,0.4/16.8/42,50000,1,0
diagmain,BB_108_8_10.card-mto,3,Z,2,2,1,FALSE,,1,0,62,1,2,1,620,0,0,0,0,0,0,521,62,2,2.0,0,0,0.8,0.4,5000,1,521,0/0,0/0,0/0/0,50000,0,0,0,0,0,0,0,628,62,2,2.0,0,0,0.8,0.4,4999,1,521,0.2/10.5,0/0,0.4/22.8/57,50000,0,0
diagmain,BB_108_8_10.card-mto,4,X,4,3,1,FALSE,,267,546,37901,2,1,0,295,4,0,0,0,0,0,503,62,2,2.0,0,0,0.8,0.4,5000,1,503,0/0,0/0,0/0/0,50000,0,0,0,0,0,0,0,822,62,0,2.0,0,0,0.8,0.4,4733,6e+25,769,2.75e+26/2.61e+28,0/0,0/0/0,50000,266,0
diagmain,BB_108_8_10.card-mto,5,Z,4,3,1,FALSE,,158,297,25525,1,1,0,307,13,0,0,0,0,0,521,62,2,2.0,0,0,0.8,0.4,5000,1,521,0/0,0/0,0/0/0,50000,0,0,0,0,0,0,0,840,62,0,2.0,0,0,0.8,0.4,4842,1640000000000000.0,767,8.73e+15/2.24e+17,0/0,0/0/0,50000,157,0
diagmain,BB_108_8_10.card-mto,6,X,8,5,1,FALSE,,1447,2372,27954,12,1295,1156,218520,1180,0,0,0,0,0,503,62,2,2.0,0,0,0.8,0.4,5000,1,503,0/0,0/0,0/0/0,50000,0,0,0,0,0,0,0,948,62,8,2.8,10,8,0.8,0.4,3553,1.35e+40,701,7.51e+40/2.46e+42,0/0,1/97.9/107,50000,1446,0
diagmain,BB_108_8_10.card-mto,7,Z,8,5,1,FALSE,,829,1248,18041,7,734,574,175105,587,0,0,0,0,0,521,62,2,2.0,0,0,0.8,0.4,5000,1,521,0/0,0/0,0/0/0,50000,0,0,0,0,0,0,0,966,62,8,2.2,6,8,0.8,0.4,4171,1.74e+80,695,1.04e+81/2.51e+82,0/0,1/91.2/105,50000,828,0
diagmain,BB_108_8_10.card-mto,8,X,16,9,1,TRUE,12,17,78,2158,1,1,0,295,0,0,0,0,0,0,503,62,2,2.0,0,0,0.8,0.4,5000,1,503,0/0,0/0,0/0/0,50000,0,0,17,0,0,1073,0,1010,62,0,2.0,0,0,0.8,0.4,4983,44.4,922,104/5.77e+03,0/0,0/0/0,50000,17,1
diagmain,BB_108_8_10.card-mto,9,Z,16,9,1,TRUE,12,26,77,2308,1,1,0,307,0,0,0,0,0,0,521,62,2,2.0,0,0,0.8,0.4,5000,1,521,0/0,0/0,0/0/0,50000,0,0,26,0,0,1073,0,1028,62,0,2.0,0,0,0.8,0.4,4974,331,951,724/3.7e+04,0/0,0/0/0,50000,26,1
diagmain,BB_108_8_10.card-mto,10,X,11,9,1,TRUE,10,10808,13988,188851,78,13568,10226,3319759,10277,0,0,0,0,0,503,62,2,2.0,0,0,0.8,0.4,5000,1,503,0/0,0/0,0/0/0,50000,0,1,4024,891,7506,1075,26,1010,65,1,2.9,67,11,0.82,0.3992,4995,3.51e+42,899,2.36e+43/1.32e+45,1/148,0.994/55.7/107,50000,10005,1
diagmain,BB_108_8_10.card-mto,11,Z,9,9,1,FALSE,,1986,2602,36505,11,2121,1690,505232,1716,0,0,0,0,0,521,62,2,2.0,0,0,0.8,0.4,5000,1,521,0/0,0/0,0/0/0,50000,0,0,0,0,0,0,0,1028,62,8,2.8,10,8,0.8,0.4,3014,2.32e+92,805,1.23e+93/4.43e+94,0/0,0.999/96.9/107,50000,1985,0
diagmain,BB_108_8_10.card-mto,12,X,10,9,0,FALSE,10,2513,3438,58403,19,2752,2152,659993,2189,0,0,0,0,0,503,62,2,2.0,0,0,0.8,0.4,5000,1,503,0/0,0/0,0/0/0,50000,0,0,751,133,1017,1076,44,1516,92,8,3.1,7,8,0.8,0.3991,3434,5.77e+51,1321,2.03e+52/1.25e+54,1/95.2,1/89.5/107,50000,1566,1
diagmain,BB_108_8_10.no-card,0,X,1,1,1,FALSE,,0,0,124,1,1,0,295,0,0,0,0,0,0,503,62,2,2.0,0,0,0.8,0.4,5000,1,503,0/0,0/0,0/0/0,50000,0,0,0,0,0,0,0,504,62,2,2.0,0,0,0.8,0.4,5000,1,503,0/0,0/0,0/0/0,50000,0,0
diagmain,BB_108_8_10.no-card,1,Z,1,1,1,FALSE,,0,0,118,1,1,0,307,0,0,0,0,0,0,521,62,2,2.0,0,0,0.8,0.4,5000,1,521,0/0,0/0,0/0/0,50000,0,0,0,0,0,0,0,522,62,2,2.0,0,0,0.8,0.4,5000,1,521,0/0,0/0,0/0/0,50000,0,0
diagmain,BB_108_8_10.no-card,2,X,2,2,1,FALSE,,2,1,305,1,2,0,600,0,0,0,0,0,0,503,62,2,2.0,0,0,0.8,0.4,5000,1,503,0/0,0/0,0/0/0,50000,0,0,0,0,0,0,0,504,62,1,2.0,0,0,0.8,0.4,4998,1.25,466,1.6/26,0/0,0.4/16.8/42,50000,1,0
diagmain,BB_108_8_10.no-card,3,Z,2,2,1,FALSE,,1,0,62,1,2,1,620,0,0,0,0,0,0,521,62,2,2.0,0,0,0.8,0.4,5000,1,521,0/0,0/0,0/0/0,50000,0,0,0,0,0,0,0,522,62,2,2.0,0,0,0.8,0.4,4999,1,521,0.2/10.5,0/0,0.4/22.8/57,50000,0,0
diagmain,BB_108_8_10.no-card,4,X,4,3,1,FALSE,,261,583,14224,1,28,27,2954,55,0,0,0,0,0,503,62,2,2.0,0,0,0.8,0.4,5000,1,503,0/0,0/0,0/0/0,50000,0,0,0,0,0,0,0,504,62,3,2.1,2,3,0.8,0.4,4739,1.57e+25,456,8.08e+25/7.19e+26,0/0,1/80.6/101,50000,260,0
diagmain,BB_108_8_10.no-card,5,Z,4,3,1,FALSE,,304,811,13128,1,41,40,2929,81,0,0,0,0,0,521,62,2,2.0,0,0,0.8,0.4,5000,1,521,0/0,0/0,0/0/0,50000,0,0,0,0,0,0,0,522,62,3,2.2,2,3,0.8,0.4,4696,2.31e+29,485,1.22e+30/1.02e+31,0/0,1/84.9/105,50000,303,0
diagmain,BB_108_8_10.no-card,6,X,8,5,1,FALSE,,961,1590,19734,6,811,703,152914,717,0,0,0,0,0,503,62,2,2.0,0,0,0.8,0.4,5000,1,503,0/0,0/0,0/0/0,50000,0,0,0,0,0,0,0,504,62,8,2.4,8,8,0.8,0.4,4039,1.08e+93,425,5.03e+93/2.3e+95,0/0,1/71.5/107,50000,960,0
diagmain,BB_108_8_10.no-card,7,Z,8,5,1,FALSE,,1408,2186,25156,11,1365,1148,265538,1171,0,0,0,0,0,521,62,2,2.0,0,0,0.8,0.4,5000,1,521,0/0,0/0,0/0/0,50000,0,0,0,0,0,0,0,522,62,8,2.5,7,8,0.8,0.4,3592,2.25e+36,459,1.21e+37/3.6e+38,0/0,1/99.5/107,50000,1407,0
diagmain,BB_108_8_10.no-card,8,X,16,9,1,TRUE,12,1,15,376,1,1,0,295,0,0,0,0,0,0,503,62,2,2.0,0,0,0.8,0.4,5000,1,503,0/0,0/0,0/0/0,50000,0,0,1,0,0,0,0,504,62,0,2.0,0,0,0.8,0.4,4999,1.25,472,1.5/60,0/0,0/0/0,50000,1,1
diagmain,BB_108_8_10.no-card,9,Z,16,9,1,TRUE,12,2,24,466,1,1,0,307,0,0,0,0,0,0,521,62,2,2.0,0,0,0.8,0.4,5000,1,521,0/0,0/0,0/0/0,50000,0,0,2,0,0,0,0,522,62,0,2.0,0,0,0.8,0.4,4998,1.56,493,3.38/83.4,0/0,0/0/0,50000,2,1
diagmain,BB_108_8_10.no-card,10,X,11,9,1,TRUE,10,8054,10325,138064,57,10139,7643,2467458,7700,0,0,0,0,0,503,62,2,2.0,0,0,0.8,0.4,5000,1,503,0/0,0/0,0/0/0,50000,0,1,4521,2698,5943,0,22,504,63,1,3.6,62,11,0.81,0.4,1946,1.08e+64,445,3.52e+64/2.5e+66,0/0,1/60/107,50000,8054,1
diagmain,BB_108_8_10.no-card,11,Z,9,9,1,FALSE,,2270,3039,37444,18,2484,1979,591887,2003,0,0,0,0,0,521,62,2,2.0,0,0,0.8,0.4,5000,1,521,0/0,0/0,0/0/0,50000,0,0,0,0,0,0,0,522,62,9,2.6,15,9,0.8,0.4,2730,7.74e+19,432,4.36e+20/1.23e+22,0/0,1/93/107,50000,2269,0
diagmain,BB_108_8_10.no-card,12,X,10,9,0,FALSE,10,2587,3447,41540,18,2785,2311,587278,2351,0,0,0,0,0,503,62,2,2.0,0,0,0.8,0.4,5000,1,503,0/0,0/0,0/0/0,50000,0,0,1537,622,958,0,43,504,137,9,3.0,9,9,0.8,0.3984,4000,8.13e+96,424,4.4e+97/2.67e+99,1/76.4,1/80/107,50000,1000,1
diagmain,BB_144_12_12.no-card,0,X,1,1,1,FALSE,,0,0,168,1,1,0,414,0,0,0,0,0,0,759,84,2,2.0,0,0,0.8,0.4,5000,1,759,0/0,0/0,0/0/0,50000,0,0,0,0,0,0,0,760,84,2,2.0,0,0,0.8,0.4,5000,1,759,0/0,0/0,0/0/0,50000,0,0
diagmain,BB_144_12_12.no-card,1,Z,1,1,1,FALSE,,0,0,158,1,1,0,428,0,0,0,0,0,0,673,84,2,2.0,0,0,0.8,0.4,5000,1,673,0/0,0/0,0/0/0,50000,0,0,0,0,0,0,0,674,84,2,2.0,0,0,0.8,0.4,5000,1,673,0/0,0/0,0/0/0,50000,0,0
diagmain,BB_144_12_12.no-card,2,X,2,2,1,FALSE,,2,1,494,1,2,0,854,0,0,0,0,0,0,759,84,2,2.0,0,0,0.8,0.4,5000,1,759,0/0,0/0,0/0/0,50000,0,0,0,0,0,0,0,760,84,1,2.0,0,0,0.8,0.4,4998,1.25,681,1.6/40.1,0/0,0.4/24/60,50000,1,0
diagmain,BB_144_12_12.no-card,3,Z,2,2,1,FALSE,,2,1,508,1,2,0,955,0,0,0,0,0,0,673,84,2,2.0,0,0,0.8,0.4,5000,1,673,0/0,0/0,0/0/0,50000,0,0,0,0,0,0,0,674,84,1,2.0,0,0,0.8,0.4,4998,1.25,593,1.6/24.4,0/0,0.4/20/50,50000,1,0
diagmain,BB_144_12_12.no-card,4,X,4,3,1,FALSE,,310,767,18381,2,56,55,5479,101,0,0,0,0,0,759,84,2,2.0,0,0,0.8,0.4,5000,1,759,0/0,0/0,0/0/0,50000,0,0,0,0,0,0,0,760,84,3,2.2,3,3,0.8,0.4,4690,8.81e+29,712,3.74e+30/3.78e+31,0/0,0.999/120/141,50000,309,0
diagmain,BB_144_12_12.no-card,5,Z,4,3,1,FALSE,,376,923,17691,5,97,96,10522,144,0,0,0,0,0,673,84,2,2.0,0,0,0.8,0.4,5000,1,673,0/0,0/0,0/0/0,50000,0,0,0,0,0,0,0,674,84,2,2.2,3,2,0.8,0.4,4624,2.19e+36,626,1.1e+37/9e+37,0/0,1/139/141,50000,375,0
diagmain,BB_144_12_12.no-card,6,X,8,5,1,FALSE,,1239,2006,26010,12,1140,1000,281913,1041,0,0,0,0,0,759,84,2,2.0,0,0,0.8,0.4,5000,1,759,0/0,0/0,0/0/0,50000,0,0,0,0,0,0,0,760,84,8,2.8,10,8,0.8,0.4,3761,9.43e+19,640,5.36e+20/1.82e+22,0/0,1/121/143,50000,1238,0
diagmain,BB_144_12_12.no-card,7,Z,8,5,1,FALSE,,1122,1884,29166,12,997,877,299700,916,0,0,0,0,0,673,84,2,2.0,0,0,0.8,0.4,5000,1,673,0/0,0/0,0/0/0,50000,0,0,0,0,0,0,0,674,84,9,2.6,8,9,0.8,0.4,3878,433000000.0,627,2.48e+09/1.46e+11,0/0,0.999/104/143,50000,1121,0
diagmain,BB_144_12_12.no-card,8,X,16,9,1,TRUE,16,1060,1754,20260,12,894,811,189173,864,0,0,0,0,0,759,84,2,2.0,0,0,0.8,0.4,5000,1,759,0/0,0/0,0/0/0,50000,0,0,140,90,933,0,85,760,84,8,2.9,9,14,0.8,0.4,3940,530,641,2.96e+03/1.07e+05,0/0,1/89.8/143,50000,1060,1
diagmain,BB_144_12_12.no-card,9,Z,16,9,1,TRUE,12,12,34,899,1,1,0,428,6,0,0,0,0,0,673,84,2,2.0,0,0,0.8,0.4,5000,1,673,0/0,0/0,0/0/0,50000,0,0,16,0,0,0,42,674,84,0,2.0,0,0,0.8,0.4,4988,14.6,641,57.8/1.77e+03,0/0,0/0/0,50000,12,1
diagmain,BB_144_12_12.no-card,10,Z,12,9,0,FALSE,12,7280,8797,144255,32,9282,6919,3245140,6992,0,0,0,0,0,673,84,2,2.0,0,0,0.8,0.4,5000,1,673,0/0,0/0,0/0/0,50000,0,0,138,22,101,0,30,674,106,11,2.7,57,11,0.8,0.3927,4996,2.44,585,8.65/253,1/95.4,1/124/142,50000,4,1
diagmain,BB_144_12_12.no-card,11,X,12,9,0,FALSE,12,7669,9173,161832,32,9790,7303,3434488,7385,0,0,0,0,0,759,84,2,2.0,0,0,0.8,0.4,5000,1,759,0/0,0/0,0/0/0,50000,0,1,1249,472,854,0,36,760,99,11,2.7,50,11,0.8,0.3924,4970,808,657,4.83e+03/2.3e+05,1/120,1/116/142,50000,30,1
diagmain,BB_144_14_14.no-card,0,X,1,1,1,FALSE,,0,0,180,1,1,0,590,0,0,0,0,0,0,1037,86,2,2.0,0,0,0.8,0.4,5000,1,1037,0/0,0/0,0/0/0,50000,0,0,0,0,0,0,0,1038,86,2,2.0,0,0,0.8,0.4,5000,1,1037,0/0,0/0,0/0/0,50000,0,0
diagmain,BB_144_14_14.no-card,1,Z,1,1,1,FALSE,,0,0,186,1,1,0,558,0,0,0,0,0,0,1111,86,2,2.0,0,0,0.8,0.4,5000,1,1111,0/0,0/0,0/0/0,50000,0,0,0,0,0,0,0,1112,86,2,2.0,0,0,0.8,0.4,5000,1,1111,0/0,0/0,0/0/0,50000,0,0
diagmain,BB_144_14_14.no-card,2,X,2,2,1,FALSE,,1,0,86,1,2,1,1051,0,0,0,0,0,0,1037,86,2,2.0,0,0,0.8,0.4,5000,1,1037,0/0,0/0,0/0/0,50000,0,0,0,0,0,0,0,1038,86,2,2.0,0,0,0.8,0.4,4999,1,1037,0.2/12,0/0,0.4/24.8/62,50000,0,0
diagmain,BB_144_14_14.no-card,3,Z,2,2,1,FALSE,,1,0,86,1,2,1,1042,0,0,0,0,0,0,1111,86,2,2.0,0,0,0.8,0.4,5000,1,1111,0/0,0/0,0/0/0,50000,0,0,0,0,0,0,0,1112,86,2,2.0,0,0,0.8,0.4,4999,1,1111,0.2/12.8,0/0,0.4/29.6/74,50000,0,0
diagmain,BB_144_14_14.no-card,4,X,4,3,1,FALSE,,303,634,17696,2,55,54,9525,104,0,0,0,0,0,1037,86,2,2.0,0,0,0.8,0.4,5000,1,1037,0/0,0/0,0/0/0,50000,0,0,0,0,0,0,0,1038,86,3,2.2,2,3,0.8,0.4,4697,1.85e+29,978,5.41e+29/8.76e+30,0/0,1/139/141,50000,302,0
diagmain,BB_144_14_14.no-card,5,Z,4,3,1,FALSE,,293,940,20828,2,68,67,9260,103,0,0,0,0,0,1111,86,2,2.0,0,0,0.8,0.4,5000,1,1111,0/0,0/0,0/0/0,50000,0,0,0,0,0,0,0,1112,86,3,2.3,3,3,0.8,0.4,4707,1.98e+28,1059,9.78e+28/1.16e+30,0/0,1/137/141,50000,292,0
diagmain,BB_144_14_14.no-card,6,X,8,5,1,FALSE,,2229,3110,46327,20,2199,1780,730333,1927,0,0,0,0,0,1037,86,2,2.0,0,0,0.8,0.4,5000,1,1037,0/0,0/0,0/0/0,50000,0,0,0,0,0,0,0,1038,86,9,2.2,14,9,0.8,0.4,2771,8230000000000000.0,919,5.12e+16/2.64e+18,0/0,1/118/143,50000,2228,0
diagmain,BB_144_14_14.no-card,7,Z,8,5,1,FALSE,,1964,2739,36745,17,1884,1631,620209,1788,0,0,0,0,0,1111,86,2,2.0,0,0,0.8,0.4,5000,1,1111,0/0,0/0,0/0/0,50000,0,0,0,0,0,0,0,1112,86,8,2.8,10,8,0.8,0.4,3036,1.72e+90,917,9.4e+90/3.28e+92,0/0,1/105/143,50000,1963,0
diagmain,BB_144_14_14.no-card,8,X,16,9,1,TRUE,16,3150,4236,67634,31,3565,2801,1172593,2813,0,0,0,0,0,1037,86,2,2.0,0,0,0.8,0.4,5000,1,1037,0/0,0/0,0/0/0,50000,0,0,182,77,2675,0,68,1038,87,6,3.7,18,15,0.8,0.4,1850,185000.0,878,1.01e+06/4.69e+07,0/0,1/87.6/143,50000,3150,1
diagmain,BB_144_14_14.no-card,9,Z,16,9,1,TRUE,16,28829,35628,617663,142,38055,28269,13717320,28450,0,0,0,0,0,1111,86,2,2.0,0,0,0.8,0.4,5000,1,1111,0/0,0/0,0/0/0,50000,0,0,968,618,20447,0,43,1112,87,8,5.5,203,16,0.82,0.3812,5000,1.3e+42,925,8.62e+42/5.31e+44,1/57.6,0.994/98.2/143,50000,10000,1
diagmain,BB_144_14_14.no-card,10,X,15,9,1,TRUE,14,232437,265876,5035320,586,315413,229748,113804675,230157,0,0,0,0,0,1037,86,2,2.0,0,0,0.8,0.4,5000,1,1037,0/0,0/0,0/0/0,50000,0,1,10438,1551,21949,0,30,1038,87,1,5.5,1683,15,0.82,0.1776,4988,1.41e+43,868,7.6e+43/4.03e+45,1/75.1,0.989/96/143,50000,10012,1
diagmain,BB_144_14_14.no-card,11,Z,13,9,1,FALSE,,391133,443809,8406776,961,531673,385485,190384647,386418,0,0,0,0,0,1111,86,2,2.0,0,0,0.8,0.4,5000,1,1111,0/0,0/0,0/0/0,50000,0,0,0,0,0,0,0,1112,86,13,4.4,2771,13,0.82,0.06,4996,2.88e+42,929,1.6e+43/1.09e+45,1/52.4,1/118/143,50000,10004,0
diagmain,BB_144_14_14.no-card,12,X,14,9,0,FALSE,14,371837,422984,8152494,941,505763,365929,182906558,366716,0,0,0,0,0,1037,86,2,2.0,0,0,0.8,0.4,5000,1,1037,0/0,0/0,0/0/0,50000,0,0,4981,1111,1596,0,40,1038,265,8,4.4,2337,13,0.82,0.06,4997,2.36e+42,869,1.27e+43/5.61e+44,1/38.9,0.977/114/143,50000,10003,1
diagmain,BB_90_8_10.card-mto,0,X,1,1,1,FALSE,,0,0,106,1,1,0,268,0,0,0,0,0,0,424,53,2,2.0,0,0,0.8,0.4,5000,1,424,0/0,0/0,0/0/0,50000,0,0,0,0,0,0,0,425,53,2,2.0,0,0,0.8,0.4,5000,1,424,0/0,0/0,0/0/0,50000,0,0
diagmain,BB_90_8_10.card-mto,1,Z,1,1,1,FALSE,,0,0,100,1,1,0,238,0,0,0,0,0,0,428,53,2,2.0,0,0,0.8,0.4,5000,1,428,0/0,0/0,0/0/0,50000,0,0,0,0,0,0,0,429,53,2,2.0,0,0,0.8,0.4,5000,1,428,0/0,0/0,0/0/0,50000,0,0
diagmain,BB_90_8_10.card-mto,2,X,2,2,1,FALSE,,3,3,292,1,2,0,576,0,0,0,0,0,0,424,53,2,2.0,0,0,0.8,0.4,5000,1,424,0/0,0/0,0/0/0,50000,0,0,0,0,0,0,0,513,53,0,2.0,0,0,0.8,0.4,4997,1.56,405,1.98/32.7,0/0,0.4/14.4/36,50000,2,0
diagmain,BB_90_8_10.card-mto,3,Z,2,2,1,FALSE,,1,0,53,1,2,1,523,0,0,0,0,0,0,428,53,2,2.0,0,0,0.8,0.4,5000,1,428,0/0,0/0,0/0/0,50000,0,0,0,0,0,0,0,517,53,2,2.0,0,0,0.8,0.4,4999,1,428,0.2/11,0/0,0.4/22.8/57,50000,0,0
diagmain,BB_90_8_10.card-mto,4,X,4,3,1,FALSE,,260,602,13557,2,29,28,2123,42,0,0,0,0,0,424,53,2,2.0,0,0,0.8,0.4,5000,1,424,0/0,0/0,0/0/0,50000,0,0,0,0,0,0,0,689,53,2,2.1,2,2,0.8,0.4,4740,1.26e+25,639,6.35e+25/6.62e+26,0/0,0.99/69.5/86,50000,259,0
diagmain,BB_90_8_10.card-mto,5,Z,4,3,1,FALSE,,191,364,23303,2,1,0,238,4,0,0,0,0,0,428,53,2,2.0,0,0,0.8,0.4,5000,1,428,0/0,0/0,0/0/0,50000,0,0,0,0,0,0,0,693,53,0,2.0,0,0,0.8,0.4,4809,2.59e+18,632,1.37e+19/5.44e+20,0/0,0/0/0,50000,190,0
diagmain,BB_90_8_10.card-mto,6,X,8,5,1,FALSE,,806,1217,20838,8,721,550,145853,570,0,0,0,0,0,424,53,2,2.0,0,0,0.8,0.4,5000,1,424,0/0,0/0,0/0/0,50000,0,0,0,0,0,0,0,801,53,8,2.2,5,8,0.8,0.4,4194,1.03e+78,565,5.42e+78/2.3e+80,0/0,1/78.8/89,50000,805,0
diagmain,BB_90_8_10.card-mto,7,Z,8,5,1,FALSE,,1146,1527,18361,7,1013,878,174329,905,0,0,0,0,0,428,53,2,2.0,0,0,0.8,0.4,5000,1,428,0/0,0/0,0/0/0,50000,0,0,0,0,0,0,0,805,53,6,2.6,7,6,0.8,0.4,3854,91600000000.0,562,5.25e+11/7.07e+12,0/0,1/85.4/88,50000,1145,0
diagmain,BB_90_8_10.card-mto,8,X,16,9,1,TRUE,10,23,139,2352,1,1,0,268,0,0,0,0,0,0,424,53,2,2.0,0,0,0.8,0.4,5000,1,424,0/0,0/0,0/0/0,50000,0,0,23,0,0,908,0,863,53,0,2.0,0,0,0.8,0.4,4977,169,781,466/3.19e+04,0/0,0/0/0,50000,23,1
diagmain,BB_90_8_10.card-mto,9,Z,16,9,1,TRUE,10,20,81,1704,1,1,0,238,0,0,0,0,0,0,428,53,2,2.0,0,0,0.8,0.4,5000,1,428,0/0,0/0,0/0/0,50000,0,0,20,1,0,908,0,867,53,0,2.0,0,0,0.8,0.4,4980,86.7,807,318/1.53e+04,0/0,0/0/0,50000,20,1
diagmain,BB_90_8_10.card-mto,10,X,9,9,1,FALSE,,2569,3242,44082,12,2831,2230,519827,2261,0,0,0,0,0,424,53,2,2.0,0,0,0.8,0.4,5000,1,424,0/0,0/0,0/0/0,50000,0,1,0,0,0,0,0,863,53,9,2.9,13,9,0.8,0.4,2431,7.33e+48,644,2.15e+49/8.25e+50,0/0,1/64.5/89,50000,2568,0
diagmain,BB_90_8_10.card-mto,11,Z,9,9,1,FALSE,,2789,3636,41340,18,3081,2443,566770,2480,0,0,0,0,0,428,53,2,2.0,0,0,0.8,0.4,5000,1,428,0/0,0/0,0/0/0,50000,0,0,0,0,0,0,0,867,53,9,2.9,17,9,0.8,0.4,2211,1.53e+70,678,7.88e+70/2.32e+72,0/0,1/72/89,50000,2788,0
diagmain,BB_90_8_10.no-card,0,X,1,1,1,FALSE,,0,0,106,1,1,0,268,0,0,0,0,0,0,424,53,2,2.0,0,0,0.8,0.4,5000,1,424,0/0,0/0,0/0/0,50000,0,0,0,0,0,0,0,425,53,2,2.0,0,0,0.8,0.4,5000,1,424,0/0,0/0,0/0/0,50000,0,0
diagmain,BB_90_8_10.no-card,1,Z,1,1,1,FALSE,,0,0,100,1,1,0,238,0,0,0,0,0,0,428,53,2,2.0,0,0,0.8,0.4,5000,1,428,0/0,0/0,0/0/0,50000,0,0,0,0,0,0,0,429,53,2,2.0,0,0,0.8,0.4,5000,1,428,0/0,0/0,0/0/0,50000,0,0
diagmain,BB_90_8_10.no-card,2,X,2,2,1,FALSE,,3,3,304,1,2,0,576,0,0,0,0,0,0,424,53,2,2.0,0,0,0.8,0.4,5000,1,424,0/0,0/0,0/0/0,50000,0,0,0,0,0,0,0,425,53,0,2.0,0,0,0.8,0.4,4997,1.56,388,1.98/32.7,0/0,0.4/14.4/36,50000,2,0
diagmain,BB_90_8_10.no-card,3,Z,2,2,1,FALSE,,1,0,53,1,2,1,517,0,0,0,0,0,0,428,53,2,2.0,0,0,0.8,0.4,5000,1,428,0/0,0/0,0/0/0,50000,0,0,0,0,0,0,0,429,53,2,2.0,0,0,0.8,0.4,4999,1,428,0.2/11,0/0,0.4/22.8/57,50000,0,0
diagmain,BB_90_8_10.no-card,4,X,4,3,1,FALSE,,240,617,12414,2,5,4,912,31,0,0,0,0,0,424,53,2,2.0,0,0,0.8,0.4,5000,1,424,0/0,0/0,0/0/0,50000,0,0,0,0,0,0,0,425,53,3,2.0,1,3,0.8,0.4,4760,1.45e+23,391,6.6e+23/8.03e+24,0/0,0.87/34/57,50000,239,0
diagmain,BB_90_8_10.no-card,5,Z,4,3,1,FALSE,,282,640,11166,2,48,47,3985,79,0,0,0,0,0,428,53,2,2.0,0,0,0.8,0.4,5000,1,428,0/0,0/0,0/0/0,50000,0,0,0,0,0,0,0,429,53,2,2.1,2,2,0.8,0.4,4718,1.7e+27,402,6.97e+27/6.16e+28,0/0,0.998/81.3/85,50000,281,0
diagmain,BB_90_8_10.no-card,6,X,8,5,1,FALSE,,1720,2410,23801,13,1712,1453,295007,1475,0,0,0,0,0,424,53,2,2.0,0,0,0.8,0.4,5000,1,424,0/0,0/0,0/0/0,50000,0,0,0,0,0,0,0,425,53,8,2.8,10,8,0.8,0.4,3280,3.88e+66,373,2.02e+67/6.05e+68,0/0,1/83.2/89,50000,1719,0
diagmain,BB_90_8_10.no-card,7,Z,8,5,1,FALSE,,1454,2007,20978,10,1393,1171,213959,1198,0,0,0,0,0,428,53,2,2.0,0,0,0.8,0.4,5000,1,428,0/0,0/0,0/0/0,50000,0,0,0,0,0,0,0,429,53,8,2.6,10,8,0.8,0.4,3546,6.46e+40,373,3.5e+41/6.6e+42,0/0,1/74.3/89,50000,1453,0
diagmain,BB_90_8_10.no-card,8,X,16,9,1,TRUE,10,1,15,317,1,1,0,268,0,0,0,0,0,0,424,53,2,2.0,0,0,0.8,0.4,5000,1,424,0/0,0/0,0/0/0,50000,0,0,1,0,0,0,0,425,53,0,2.0,0,0,0.8,0.4,4999,1.25,395,1.5/47,0/0,0/0/0,50000,1,1
diagmain,BB_90_8_10.no-card,9,Z,16,9,1,TRUE,10,1,13,303,1,1,0,238,0,0,0,0,0,0,428,53,2,2.0,0,0,0.8,0.4,5000,1,428,0/0,0/0,0/0/0,50000,0,0,1,0,0,0,0,429,53,0,2.0,0,0,0.8,0.4,4999,1.25,405,1.5/34.5,0/0,0/0/0,50000,1,1
diagmain,BB_90_8_10.no-card,10,X,9,9,1,FALSE,,2708,3419,45163,20,3031,2354,571208,2391,0,0,0,0,0,424,53,2,2.0,0,0,0.8,0.4,5000,1,424,0/0,0/0,0/0/0,50000,0,1,0,0,0,0,0,425,53,10,2.7,17,10,0.8,0.4,2292,2.16e+62,354,1.29e+63/2.42e+64,0/0,1/72.6/89,50000,2707,0
diagmain,BB_90_8_10.no-card,11,Z,9,9,1,FALSE,,2017,2543,34512,11,2245,1717,464475,1752,0,0,0,0,0,428,53,2,2.0,0,0,0.8,0.4,5000,1,428,0/0,0/0,0/0/0,50000,0,0,0,0,0,0,0,429,53,9,2.9,12,9,0.8,0.4,2983,2.35e+95,354,1.38e+96/6.15e+97,0/0,1/77/89,50000,2016,0
diagmain,GB_144_12_12.card-mto,0,X,1,1,1,FALSE,,0,0,177,1,1,0,424,0,0,0,0,0,0,1005,78,2,2.0,0,0,0.8,0.4,5000,1,1005,0/0,0/0,0/0/0,50000,0,0,0,0,0,0,0,1006,78,2,2.0,0,0,0.8,0.4,5000,1,1005,0/0,0/0,0/0/0,50000,0,0
diagmain,GB_144_12_12.card-mto,1,Z,1,1,1,FALSE,,0,0,173,1,1,0,488,0,0,0,0,0,0,1016,78,2,2.0,0,0,0.8,0.4,5000,1,1016,0/0,0/0,0/0/0,50000,0,0,0,0,0,0,0,1017,78,2,2.0,0,0,0.8,0.4,5000,1,1016,0/0,0/0,0/0/0,50000,0,0
diagmain,GB_144_12_12.card-mto,2,X,2,2,1,FALSE,,7,18,1667,1,2,0,856,0,0,0,0,0,0,1005,78,2,2.0,0,0,0.8,0.4,5000,1,1005,0/0,0/0,0/0/0,50000,0,0,0,0,0,0,0,1148,78,0,2.0,0,0,0.8,0.4,4993,3.81,980,13.2/565,0/0,0.4/36/90,50000,6,0
diagmain,GB_144_12_12.card-mto,3,Z,2,2,1,FALSE,,4,5,963,1,2,0,925,0,0,0,0,0,0,1016,78,2,2.0,0,0,0.8,0.4,5000,1,1016,0/0,0/0,0/0/0,50000,0,0,0,0,0,0,0,1159,78,0,2.0,0,0,0.8,0.4,4996,1.95,1080,4.22/153,0/0,0.4/36.8/92,50000,3,0
diagmain,GB_144_12_12.card-mto,4,X,4,3,1,FALSE,,349,701,71689,1,10,9,4382,19,0,0,0,0,0,1005,78,2,2.0,0,0,0.8,0.4,5000,1,1005,0/0,0/0,0/0/0,50000,0,0,0,0,0,0,0,1432,78,3,2.0,1,3,0.8,0.4,4651,5.3e+33,1243,2.42e+34/1.83e+36,0/0,0.953/95.9/136,50000,348,0
diagmain,GB_144_12_12.card-mto,5,Z,4,3,1,FALSE,,407,857,80129,4,9,7,3881,16,0,0,0,0,0,1016,78,2,2.0,0,0,0.8,0.4,5000,1,1016,0/0,0/0,0/0/0,50000,0,0,0,0,0,0,0,1443,78,3,2.0,1,3,0.8,0.4,4593,2.22e+39,1314,7.77e+39/1.06e+42,0/0,0.922/84.6/139,50000,406,0
diagmain,GB_144_12_12.card-mto,6,X,8,5,1,FALSE,,3843,5823,72906,36,3957,3488,1185010,3520,0,0,0,0,0,1005,78,2,2.0,0,0,0.8,0.4,5000,1,1005,0/0,0/0,0/0/0,50000,0,0,0,0,0,0,0,1588,78,8,4.6,29,8,0.8,0.4,1157,2.13e+72,1401,9.82e+72/2.61e+74,0/0,1/131/143,50000,3842,0
diagmain,GB_144_12_12.card-mto,7,Z,8,5,1,FALSE,,3229,5123,98285,32,3406,2816,1132502,2854,0,0,0,0,0,1016,78,2,2.0,0,0,0.8,0.4,5000,1,1016,0/0,0/0,0/0/0,50000,0,0,0,0,0,0,0,1599,78,8,3.4,18,8,0.8,0.4,1771,6690000000000.0,1397,3.9e+13/1.45e+15,0/0,1/122/143,50000,3228,0
diagmain,GB_144_12_12.card-mto,8,X,16,9,1,TRUE,15,70725,84686,1577403,263,94841,69491,33174941,69574,0,0,0,0,0,1005,78,2,2.0,0,0,0.8,0.4,5000,1,1005,0/0,0/0,0/0/0,50000,0,0,1842,1718,24017,1421,62,1680,78,1,6.1,513,16,0.82,0.3393,4987,1.72e+43,1449,1.01e+44/4.9e+45,1/138,0.992/51.4/143,50000,10013,1
diagmain,GB_144_12_12.card-mto,9,Z,16,9,1,TRUE,16,302781,345513,6706362,774,415640,299161,145598158,299595,0,0,0,0,0,1016,78,2,2.0,0,0,0.8,0.4,5000,1,1016,0/0,0/0,0/0/0,50000,0,0,11224,6793,16930,1421,71,1691,78,7,6.1,2126,16,0.82,0.1072,4978,1.02e+44,1457,5.72e+44/2.77e+46,1/76.3,0.926/111/143,50000,10022,1
diagmain,GB_144_12_12.card-mto,10,X,15,9,0,FALSE,12,1292157,1499067,27325057,3774,1770757,1277262,613266095,1279341,0,0,0,0,0,1005,78,2,2.0,0,0,0.8,0.4,5000,1,1005,0/0,0/0,0/0/0,50000,0,1,28624,6012,14433,1387,49,3660,114,15,6.0,179,15,0.95,0.06,-291117,4.28e+72,2655,9.96e+73/4.27e+75,1/69.6,0.994/124/143,50000,371116,1
diagmain,GB_144_12_12.card-mto,11,Z,12,9,0,FALSE,12,104163,122576,2323310,324,138537,101940,48228407,102272,0,0,0,0,0,1016,78,2,2.0,0,0,0.8,0.4,5000,1,1016,0/0,0/0,0/0/0,50000,0,0,1471,4,48,1363,23,2330,217,13,5.8,113,13,0.82,0.3058,4997,2.36e+42,1449,1.35e+43/6.47e+44,1/93.6,1/112/143,50000,10003,1
diagmain,GB_144_12_8.card-mto,0,X,1,1,1,FALSE,,0,0,147,1,1,0,446,0,0,0,0,0,0,742,78,2,2.0,0,0,0.8,0.4,5000,1,742,0/0,0/0,0/0/0,50000,0,0,0,0,0,0,0,743,78,2,2.0,0,0,0.8,0.4,5000,1,742,0/0,0/0,0/0/0,50000,0,0
diagmain,GB_144_12_8.card-mto,1,Z,1,1,1,FALSE,,0,0,167,1,1,0,478,0,0,0,0,0,0,855,78,2,2.0,0,0,0.8,0.4,5000,1,855,0/0,0/0,0/0/0,50000,0,0,0,0,0,0,0,856,78,2,2.0,0,0,0.8,0.4,5000,1,855,0/0,0/0,0/0/0,50000,0,0
diagmain,GB_144_12_8.card-mto,2,X,2,2,1,FALSE,,1,0,78,1,2,1,971,0,0,0,0,0,0,742,78,2,2.0,0,0,0.8,0.4,5000,1,742,0/0,0/0,0/0/0,50000,0,0,0,0,0,0,0,885,78,2,2.0,0,0,0.8,0.4,4999,1,742,0.2/23.8,0/0,0.4/34.4/86,50000,0,0
diagmain,GB_144_12_8.card-mto,3,Z,2,2,1,FALSE,,1,0,78,1,2,1,969,0,0,0,0,0,0,855,78,2,2.0,0,0,0.8,0.4,5000,1,855,0/0,0/0,0/0/0,50000,0,0,0,0,0,0,0,998,78,2,2.0,0,0,0.8,0.4,4999,1,855,0.2/8,0/0,0.4/18.4/46,50000,0,0
diagmain,GB_144_12_8.card-mto,4,X,4,3,1,FALSE,,275,620,19331,2,53,52,5893,60,0,0,0,0,0,742,78,2,2.0,0,0,0.8,0.4,5000,1,742,0/0,0/0,0/0/0,50000,0,0,0,0,0,0,0,1169,78,2,2.1,2,2,0.8,0.4,4725,3.58e+26,1109,2.07e+27/2.67e+28,0/0,1/129/138,50000,274,0
diagmain,GB_144_12_8.card-mto,5,Z,4,3,1,FALSE,,282,498,72429,3,1,0,478,1,0,0,0,0,0,855,78,2,2.0,0,0,0.8,0.4,5000,1,855,0/0,0/0,0/0/0,50000,0,0,0,0,0,0,0,1282,78,0,2.0,0,0,0.8,0.4,4718,1.7e+27,1160,7.41e+27/6.53e+29,0/0,0/0/0,50000,281,0
diagmain,GB_144_12_8.card-mto,6,X,8,5,1,TRUE,8,4,71,1616,1,1,0,446,0,0,0,0,0,0,742,78,2,2.0,0,0,0.8,0.4,5000,1,742,0/0,0/0,0/0/0,50000,0,0,4,0,0,1239,64,1325,78,2,2.0,0,0,0.8,0.4,4996,2.44,1275,5.27/212,0/0,0/0/0,50000,4,1
diagmain,GB_144_12_8.card-mto,7,Z,8,5,1,TRUE,8,1348,2323,44387,7,1075,1001,242172,1015,0,0,0,0,0,855,78,2,2.0,0,0,0.8,0.4,5000,1,855,0/0,0/0,0/0/0,50000,0,0,612,97,404,1239,46,1438,82,5,2.7,8,7,0.8,0.4,3652,4.31e+30,1319,1.61e+31/5.65e+32,0/0,0.998/90.4/143,50000,1348,1
diagmain,GB_144_12_8.card-mto,8,X,7,5,1,FALSE,,802,1299,31037,6,575,541,143742,567,0,0,0,0,0,742,78,2,2.0,0,0,0.8,0.4,5000,1,742,0/0,0/0,0/0/0,50000,0,1,0,0,0,0,0,1325,78,7,2.4,6,7,0.8,0.4,4198,4.22e+77,1204,2.69e+78/1.17e+80,0/0,1/114/142,50000,801,0
diagmain,GB_144_12_8.card-mto,9,Z,7,5,1,FALSE,,1287,2089,35976,9,1045,992,234582,1011,0,0,0,0,0,855,78,2,2.0,0,0,0.8,0.4,5000,1,855,0/0,0/0,0/0/0,50000,0,0,0,0,0,0,0,1438,78,6,2.8,9,6,0.8,0.4,3713,4.23e+24,1236,2.23e+25/9.38e+26,0/0,1/92.7/143,50000,1286,0
diagmain,GB_144_12_8.no-card,0,X,1,1,1,FALSE,,0,0,147,1,1,0,446,0,0,0,0,0,0,742,78,2,2.0,0,0,0.8,0.4,5000,1,742,0/0,0/0,0/0/0,50000,0,0,0,0,0,0,0,743,78,2,2.0,0,0,0.8,0.4,5000,1,742,0/0,0/0,0/0/0,50000,0,0
diagmain,GB_144_12_8.no-card,1,Z,1,1,1,FALSE,,0,0,167,1,1,0,478,0,0,0,0,0,0,855,78,2,2.0,0,0,0.8,0.4,5000,1,855,0/0,0/0,0/0/0,50000,0,0,0,0,0,0,0,856,78,2,2.0,0,0,0.8,0.4,5000,1,855,0/0,0/0,0/0/0,50000,0,0
diagmain,GB_144_12_8.no-card,2,X,2,2,1,FALSE,,1,0,78,1,2,1,971,0,0,0,0,0,0,742,78,2,2.0,0,0,0.8,0.4,5000,1,742,0/0,0/0,0/0/0,50000,0,0,0,0,0,0,0,743,78,2,2.0,0,0,0.8,0.4,4999,1,742,0.2/23.8,0/0,0.4/34.4/86,50000,0,0
diagmain,GB_144_12_8.no-card,3,Z,2,2,1,FALSE,,1,0,78,1,2,1,969,0,0,0,0,0,0,855,78,2,2.0,0,0,0.8,0.4,5000,1,855,0/0,0/0,0/0/0,50000,0,0,0,0,0,0,0,856,78,2,2.0,0,0,0.8,0.4,4999,1,855,0.2/8,0/0,0.4/18.4/46,50000,0,0
diagmain,GB_144_12_8.no-card,4,X,4,3,1,FALSE,,287,700,17479,2,37,36,5274,63,0,0,0,0,0,742,78,2,2.0,0,0,0.8,0.4,5000,1,742,0/0,0/0,0/0/0,50000,0,0,0,0,0,0,0,743,78,2,2.1,2,2,0.8,0.4,4713,5.2e+27,712,2.73e+28/2.97e+29,0/0,1/120/139,50000,286,0
diagmain,GB_144_12_8.no-card,5,Z,4,3,1,FALSE,,357,564,10754,2,92,91,16163,137,0,0,0,0,0,855,78,2,2.0,0,0,0.8,0.4,5000,1,855,0/0,0/0,0/0/0,50000,0,0,0,0,0,0,0,856,78,3,2.3,3,3,0.8,0.4,4643,3.16e+34,789,1.48e+35/1.87e+36,0/0,1/141/142,50000,356,0
diagmain,GB_144_12_8.no-card,6,X,8,5,1,TRUE,8,0,2,478,1,1,0,446,0,0,0,0,0,0,742,78,2,2.0,0,0,0.8,0.4,5000,1,742,0/0,0/0,0/0/0,50000,0,0,0,0,0,0,64,743,78,2,2.0,0,0,0.8,0.4,5000,1,731,0/0,0/0,0/0/0,50000,0,1
diagmain,GB_144_12_8.no-card,7,Z,8,5,1,TRUE,8,2102,2684,36739,17,1876,1689,474396,1870,0,0,0,0,0,855,78,2,2.0,0,0,0.8,0.4,5000,1,855,0/0,0/0,0/0/0,50000,0,0,376,211,695,0,57,856,94,5,3.0,11,7,0.8,0.4,2898,5070.0,768,2.74e+04/1.8e+06,0/0,1/102/143,50000,2102,1
diagmain,GB_144_12_8.no-card,8,X,7,5,1,FALSE,,673,1173,19370,5,441,415,92506,443,0,0,0,0,0,742,78,2,2.0,0,0,0.8,0.4,5000,1,742,0/0,0/0,0/0/0,50000,0,1,0,0,0,0,0,743,78,7,2.3,5,7,0.8,0.4,4327,1.33e+65,682,7.93e+65/3.09e+67,0/0,1/109/143,50000,672,0
diagmain,GB_144_12_8.no-card,9,Z,7,5,1,FALSE,,943,1203,18447,6,737,640,185919,743,0,0,0,0,0,855,78,2,2.0,0,0,0.8,0.4,5000,1,855,0/0,0/0,0/0/0,50000,0,0,0,0,0,0,0,856,78,7,2.6,7,7,0.8,0.4,4057,1.95e+91,758,1.04e+92/4.06e+93,0/0,1/122/143,50000,942,0
diagmain,LP_238_44_6.card-mto,0,X,1,1,1,FALSE,,3,3,1869,1,2,0,2143,0,0,0,0,0,0,1630,149,2,2.0,0,0,0.8,0.4,5000,1,1630,0/0,0/0,0/0/0,50000,0,0,0,0,0,0,0,1867,151,1,2.0,0,0,0.8,0.4,4997,1.56,1804,3.48/371,0/0,0.4/37.2/93,50000,2,0
diagmain,LP_238_44_6.card-mto,1,Z,1,1,1,FALSE,,3,3,1814,1,2,0,2206,0,0,0,0,0,0,1630,149,2,2.0,0,0,0.8,0.4,5000,1,1630,0/0,0/0,0/0/0,50000,0,0,0,0,0,0,0,1867,149,1,2.0,0,0,0.8,0.4,4997,1.56,1805,3.48/286,0/0,0.4/33.2/83,50000,2,0
diagmain,LP_238_44_6.card-mto,2,X,2,2,1,FALSE,,292,699,48735,2,1,0,978,12,0,0,0,0,0,1630,149,2,2.0,0,0,0.8,0.4,5000,1,1630,0/0,0/0,0/0/0,50000,0,0,0,0,0,0,0,2341,151,0,2.0,0,0,0.8,0.4,4708,1.59e+28,2275,8.77e+28/3.48e+30,0/0,0/0/0,50000,291,0
diagmain,LP_238_44_6.card-mto,3,Z,2,2,1,FALSE,,289,1304,75740,3,7,6,3161,15,0,0,0,0,0,1630,149,2,2.0,0,0,0.8,0.4,5000,1,1630,0/0,0/0,0/0/0,50000,0,0,0,0,0,0,0,2341,149,2,2.0,1,2,0.8,0.4,4711,8.13e+27,2264,3.14e+28/2.64e+30,0/0,0.64/63.9/131,50000,288,0
diagmain,LP_238_44_6.card-mto,4,X,4,3,1,FALSE,,1350,3834,104131,17,1013,945,534337,989,0,0,0,0,0,1630,149,2,2.0,0,0,0.8,0.4,5000,1,1630,0/0,0/0,0/0/0,50000,0,0,0,0,0,0,0,2595,151,3,2.7,9,5,0.8,0.4,3650,5.39e+30,2455,2.76e+31/2.48e+33,0/0,0.999/164/238,50000,1349,0
diagmain,LP_238_44_6.card-mto,5,Z,4,3,1,FALSE,,1300,2782,86500,13,996,927,474564,961,0,0,0,0,0,1630,149,2,2.0,0,0,0.8,0.4,5000,1,1630,0/0,0/0,0/0/0,50000,0,0,0,0,0,0,0,2595,149,5,2.7,9,5,0.8,0.4,3700,7.69e+25,2421,2.99e+26/1.96e+28,0/0,0.995/187/238,50000,1299,0
diagmain,LP_238_44_6.card-mto,6,X,8,5,1,TRUE,8,542,1978,89011,5,195,87,138185,95,0,0,0,0,0,1630,149,2,2.0,0,0,0.8,0.4,5000,1,1630,0/0,0/0,0/0/0,50000,0,0,173,74,327,2364,48,2721,151,4,2.0,2,10,0.8,0.4,4458,3.35e+52,2652,9.97e+52/3.41e+54,0/0,0.996/98.1/238,50000,542,1
diagmain,LP_238_44_6.card-mto,7,Z,8,5,1,TRUE,8,636,1221,74163,4,336,265,198449,307,0,0,0,0,0,1630,149,2,2.0,0,0,0.8,0.4,5000,1,1630,0/0,0/0,0/0/0,50000,0,0,390,189,408,2364,139,2721,149,4,2.2,4,9,0.8,0.4,4364,4.31e+61,2542,1.6e+62/1.29e+64,0/0,1/120/238,50000,636,1
diagmain,LP_238_44_6.card-mto,8,X,7,5,1,TRUE,6,1807,3818,136031,21,1755,1403,1248841,1429,0,0,0,0,0,1630,149,2,2.0,0,0,0.8,0.4,5000,1,1630,0/0,0/0,0/0/0,50000,0,1,683,437,1329,2080,64,2595,152,1,2.9,10,7,0.8,0.4,3193,1.31e+75,2433,5.01e+75/2.02e+77,0/0,0.999/84.6/238,50000,1807,1
diagmain,LP_238_44_6.card-mto,9,Z,5,5,1,FALSE,,1947,4500,142316,26,1759,1453,1215810,1519,0,0,0,0,0,1630,149,2,2.0,0,0,0.8,0.4,5000,1,1630,0/0,0/0,0/0/0,50000,0,0,0,0,0,0,0,2595,149,6,2.3,8,6,0.8,0.4,3053,3.86e+88,2401,1.52e+89/7.3e+90,0/0,1/187/238,50000,1946,0
diagmain,LP_238_44_6.card-mto,10,X,6,5,0,FALSE,6,1461,2921,125724,11,1119,869,809394,885,0,0,0,0,0,1630,149,2,2.0,0,0,0.8,0.4,5000,1,1630,0/0,0/0,0/0/0,50000,0,0,850,113,1065,2081,92,3560,170,6,2.2,6,6,0.8,0.3991,4430,1.73e+55,3401,5.05e+55/4.31e+57,0.994/156,1/220/238,50000,570,1
diagmain,LP_238_44_6.no-card,0,X,1,1,1,FALSE,,12,17,1748,1,2,0,2143,3,0,0,0,0,0,1630,149,2,2.0,0,0,0.8,0.4,5000,1,1630,0/0,0/0,0/0/0,50000,0,0,0,0,0,0,0,1630,151,0,2.0,0,0,0.8,0.4,4988,11.6,1485,38.4/1.37e+03,0/0,0.4/37.2/93,50000,11,0
diagmain,LP_238_44_6.no-card,1,Z,1,1,1,FALSE,,3,3,1122,1,2,0,2206,0,0,0,0,0,0,1630,149,2,2.0,0,0,0.8,0.4,5000,1,1630,0/0,0/0,0/0/0,50000,0,0,0,0,0,0,0,1630,149,0,2.0,0,0,0.8,0.4,4997,1.56,1609,3.48/112,0/0,0.4/33.2/83,50000,2,0
diagmain,LP_238_44_6.no-card,2,X,2,2,1,FALSE,,367,1196,48847,4,37,34,17937,106,0,0,0,0,0,1630,149,2,2.0,0,0,0.8,0.4,5000,1,1630,0/0,0/0,0/0/0,50000,0,0,0,0,0,0,0,1630,151,2,2.2,2,2,0.8,0.4,4633,2.94e+35,1590,1.38e+36/3.69e+37,0/0,0.999/199/229,50000,366,0
diagmain,LP_238_44_6.no-card,3,Z,2,2,1,FALSE,,282,1162,39213,3,33,32,16086,73,0,0,0,0,0,1630,149,2,2.0,0,0,0.8,0.4,5000,1,1630,0/0,0/0,0/0/0,50000,0,0,0,0,0,0,0,1630,149,2,2.1,2,2,0.8,0.4,4718,1.7e+27,1583,8.81e+27/1.5e+29,0/0,0.998/196/227,50000,281,0
diagmain,LP_238_44_6.no-card,4,X,4,3,1,FALSE,,689,1550,52543,6,455,431,187314,459,0,0,0,0,0,1630,149,2,2.0,0,0,0.8,0.4,5000,1,1630,0/0,0/0,0/0/0,50000,0,0,0,0,0,0,0,1630,151,5,2.3,5,5,0.8,0.4,4311,4.72e+66,1547,2.79e+67/6.2e+68,0/0,1/185/237,50000,688,0
diagmain,LP_238_44_6.no-card,5,Z,4,3,1,FALSE,,949,2396,82554,10,686,630,371096,700,0,0,0,0,0,1630,149,2,2.0,0,0,0.8,0.4,5000,1,1630,0/0,0/0,0/0/0,50000,0,0,0,0,0,0,0,1630,149,5,2.4,7,5,0.8,0.4,4051,7.42e+91,1564,4.18e+92/2.63e+94,0/0,0.989/177/238,50000,948,0
diagmain,LP_238_44_6.no-card,6,X,8,5,1,TRUE,8,1327,2659,59090,13,1238,1097,657616,1126,0,0,0,0,0,1630,149,2,2.0,0,0,0.8,0.4,5000,1,1630,0/0,0/0,0/0/0,50000,0,0,918,130,695,0,109,1630,154,3,2.6,9,9,0.8,0.4,3673,3.98e+28,1509,2.12e+29/2.09e+31,0/0,0.996/120/238,50000,1327,1
diagmain,LP_238_44_6.no-card,7,Z,8,5,1,TRUE,8,1186,2482,52756,14,1051,944,580190,984,0,0,0,0,0,1630,149,2,2.0,0,0,0.8,0.4,5000,1,1630,0/0,0/0,0/0/0,50000,0,0,479,7,960,0,50,1630,150,5,2.7,8,8,0.8,0.4,3814,862000000000000.0,1574,3.57e+15/3.32e+17,0/0,0.999/132/238,50000,1186,1
diagmain,LP_238_44_6.no-card,8,X,7,5,1,TRUE,6,1769,3574,88088,18,1748,1476,1179779,1514,0,0,0,0,0,1630,149,2,2.0,0,0,0.8,0.4,5000,1,1630,0/0,0/0,0/0/0,50000,0,1,1293,509,1006,0,44,1630,159,1,2.6,8,8,0.8,0.4,3231,2.72e+71,1599,8.18e+71/7.25e+73,0/0,0.958/110/238,50000,1769,1
diagmain,LP_238_44_6.no-card,9,Z,5,5,1,FALSE,,2170,4579,120898,27,2152,1789,1486865,1888,0,0,0,0,0,1630,149,2,2.0,0,0,0.8,0.4,5000,1,1630,0/0,0/0,0/0/0,50000,0,0,0,0,0,0,0,1630,149,6,2.5,14,6,0.8,0.4,2830,15800000000.0,1421,7.38e+10/6.08e+12,0/0,0.999/188/238,50000,2169,0
diagmain,LP_238_44_6.no-card,10,X,6,5,0,FALSE,6,1909,3398,83450,15,1735,1590,763744,1646,0,0,0,0,0,1630,149,2,2.0,0,0,0.8,0.4,5000,1,1630,0/0,0/0,0/0/0,50000,0,0,606,188,983,0,106,1630,205,6,3.0,5,6,0.8,0.3989,4211,2.9e+76,1559,1.48e+77/6.09e+78,0.995/145,1/221/238,50000,789,1
diagmain,LP_340_56_8.card-mto,0,X,1,1,1,FALSE,,1,0,208,1,2,1,3927,0,0,0,0,0,0,2589,206,2,2.0,0,0,0.8,0.4,5000,1,2589,0/0,0/0,0/0/0,50000,0,0,0,0,0,0,0,2928,208,2,2.0,0,0,0.8,0.4,4999,1,2589,0.2/78.2,0/0,0.4/128/319,50000,0,0
diagmain,LP_340_56_8.card-mto,1,Z,1,1,1,FALSE,,1,0,206,1,2,1,3783,0,0,0,0,0,0,2589,206,2,2.0,0,0,0.8,0.4,5000,1,2589,0/0,0/0,0/0/0,50000,0,0,0,0,0,0,0,2928,206,2,2.0,0,0,0.8,0.4,4999,1,2589,0.2/78,0/0,0.4/126/316,50000,0,0
diagmain,LP_340_56_8.card-mto,2,X,2,2,1,FALSE,,275,1088,83339,3,1,0,1536,6,0,0,0,0,0,2589,206,2,2.0,0,0,0.8,0.4,5000,1,2589,0/0,0/0,0/0/0,50000,0,0,0,0,0,0,0,3606,208,0,2.0,0,0,0.8,0.4,4725,3.58e+26,3554,1.54e+27/4.68e+29,0/0,0/0/0,50000,274,0
diagmain,LP_340_56_8.card-mto,3,Z,2,2,1,FALSE,,193,489,72128,2,1,0,1452,4,0,0,0,0,0,2589,206,2,2.0,0,0,0.8,0.4,5000,1,2589,0/0,0/0,0/0/0,50000,0,0,0,0,0,0,0,3606,206,0,2.0,0,0,0.8,0.4,4807,4.04e+18,3422,1.77e+19/9.42e+20,0/0,0/0/0,50000,192,0
diagmain,LP_340_56_8.card-mto,4,X,4,3,1,FALSE,,1986,4847,157737,24,1425,1398,807996,1488,0,0,0,0,0,2589,206,2,2.0,0,0,0.8,0.4,5000,1,2589,0/0,0/0,0/0/0,50000,0,0,0,0,0,0,0,4028,208,4,2.6,6,4,0.8,0.4,3014,2.32e+92,3756,1.36e+93/4.63e+94,0/0,1/324/340,50000,1985,0
diagmain,LP_340_56_8.card-mto,5,Z,4,3,1,FALSE,,1359,3509,121574,18,1076,979,946482,1037,0,0,0,0,0,2589,206,2,2.0,0,0,0.8,0.4,5000,1,2589,0/0,0/0,0/0/0,50000,0,0,0,0,0,0,0,4028,206,5,2.5,9,5,0.8,0.4,3641,4.02e+31,3841,1.99e+32/2.03e+34,0/0,1/299/340,50000,1358,0
diagmain,LP_340_56_8.card-mto,6,X,8,5,1,TRUE,8,1689,3777,224359,11,933,853,673849,875,0,0,0,0,0,2589,206,2,2.0,0,0,0.8,0.4,5000,1,2589,0/0,0/0,0/0/0,50000,0,0,941,302,959,3528,257,4282,434,5,2.6,7,9,0.8,0.4,3311,4.8e+63,3916,1.86e+64/7.83e+65,0/0,1/174/340,50000,1689,1
diagmain,LP_340_56_8.card-mto,7,Z,8,5,1,TRUE,8,1084,2264,98800,4,755,728,319619,758,0,0,0,0,0,2589,206,2,2.0,0,0,0.8,0.4,5000,1,2589,0/0,0/0,0/0/0,50000,0,0,825,147,517,3528,240,4282,206,5,2.7,8,8,0.8,0.4,3916,112000.0,3912,3.12e+05/3.59e+07,0/0,1/192/340,50000,1084,1
diagmain,LP_340_56_8.card-mto,8,X,7,5,1,FALSE,,7974,16296,525965,72,8817,7146,9771437,7285,0,0,0,0,0,2589,206,2,2.0,0,0,0.8,0.4,5000,1,2589,0/0,0/0,0/0/0,50000,0,1,0,0,0,0,0,4028,208,8,2.7,62,8,0.81,0.4,2026,4.16e+56,3791,2.4e+57/1.6e+59,0/0,1/286/340,50000,7973,0
diagmain,LP_340_56_8.card-mto,9,Z,7,5,1,FALSE,,8860,17208,407406,78,10049,8265,11015247,8395,0,0,0,0,0,2589,206,2,2.0,0,0,0.8,0.4,5000,1,2589,0/0,0/0,0/0/0,50000,0,0,0,0,0,0,0,4028,206,8,2.7,69,8,0.81,0.4,1140,5.02e+37,3756,2.78e+38/2.58e+40,0/0,1/299/340,50000,8859,0
diagmain,LP_340_56_8.no-card,0,X,1,1,1,FALSE,,1,0,208,1,2,1,3927,0,0,0,0,0,0,2589,206,2,2.0,0,0,0.8,0.4,5000,1,2589,0/0,0/0,0/0/0,50000,0,0,0,0,0,0,0,2589,208,2,2.0,0,0,0.8,0.4,4999,1,2589,0.2/78.2,0/0,0.4/128/319,50000,0,0
diagmain,LP_340_56_8.no-card,1,Z,1,1,1,FALSE,,1,0,206,1,2,1,3783,0,0,0,0,0,0,2589,206,2,2.0,0,0,0.8,0.4,5000,1,2589,0/0,0/0,0/0/0,50000,0,0,0,0,0,0,0,2589,206,2,2.0,0,0,0.8,0.4,4999,1,2589,0.2/78,0/0,0.4/126/316,50000,0,0
diagmain,LP_340_56_8.no-card,2,X,2,2,1,FALSE,,237,874,45889,3,46,44,41012,93,0,0,0,0,0,2589,206,2,2.0,0,0,0.8,0.4,5000,1,2589,0/0,0/0,0/0/0,50000,0,0,0,0,0,0,0,2589,208,3,2.0,2,3,0.8,0.4,4763,7.43e+22,2537,3.6e+23/1.24e+25,0/0,0.998/299/339,50000,236,0
diagmain,LP_340_56_8.no-card,3,Z,2,2,1,FALSE,,237,1548,44521,1,32,31,26168,73,0,0,0,0,0,2589,206,2,2.0,0,0,0.8,0.4,5000,1,2589,0/0,0/0,0/0/0,50000,0,0,0,0,0,0,0,2589,206,3,2.0,2,3,0.8,0.4,4763,7.43e+22,2514,3.22e+23/6.83e+24,0/0,0.996/322/338,50000,236,0
diagmain,LP_340_56_8.no-card,4,X,4,3,1,FALSE,,1353,3657,126461,19,1119,987,1086943,1067,0,0,0,0,0,2589,206,2,2.0,0,0,0.8,0.4,5000,1,2589,0/0,0/0,0/0/0,50000,0,0,0,0,0,0,0,2589,208,5,2.4,9,5,0.8,0.4,3647,1.05e+31,2460,5.54e+31/2.77e+33,0/0,1/291/339,50000,1352,0
diagmain,LP_340_56_8.no-card,5,Z,4,3,1,FALSE,,1455,4365,127681,20,1174,1113,891865,1194,0,0,0,0,0,2589,206,2,2.0,0,0,0.8,0.4,5000,1,2589,0/0,0/0,0/0/0,50000,0,0,0,0,0,0,0,2589,206,4,2.8,9,4,0.8,0.4,3545,8.08e+40,2496,3.88e+41/3.61e+43,0/0,1/236/340,50000,1454,0
diagmain,LP_340_56_8.no-card,6,X,8,5,1,TRUE,8,870,1712,70854,7,756,664,718036,691,0,0,0,0,0,2589,206,2,2.0,0,0,0.8,0.4,5000,1,2589,0/0,0/0,0/0/0,50000,0,0,1117,501,600,0,235,2589,210,2,2.1,4,9,0.8,0.4,4130,2.05e+84,2219,1.01e+85/6.42e+86,0/0,1/145/340,50000,870,1
diagmain,LP_340_56_8.no-card,7,Z,8,5,1,TRUE,8,1582,2948,62112,11,1365,1253,978021,1362,0,0,0,0,0,2589,206,2,2.0,0,0,0.8,0.4,5000,1,2589,0/0,0/0,0/0/0,50000,0,0,1192,860,1221,0,157,2589,207,4,2.9,10,8,0.8,0.4,3418,2.05e+53,2318,1.15e+54/1.17e+56,0/0,0.999/163/340,50000,1582,1
diagmain,LP_340_56_8.no-card,8,X,7,5,1,FALSE,,4328,8542,263341,33,4903,3917,4963188,4008,0,0,0,0,0,2589,206,2,2.0,0,0,0.8,0.4,5000,1,2589,0/0,0/0,0/0/0,50000,0,1,0,0,0,0,0,2589,208,8,2.6,34,8,0.8,0.4,672,2.14e+19,2467,1.21e+20/8.47e+21,0/0,1/246/340,50000,4327,0
diagmain,LP_340_56_8.no-card,9,Z,7,5,1,FALSE,,10155,20208,498454,103,11661,9504,13403843,9667,0,0,0,0,0,2589,206,2,2.0,0,0,0.8,0.4,5000,1,2589,0/0,0/0,0/0/0,50000,0,0,0,0,0,0,0,2589,206,8,3.1,75,8,0.82,0.3999,4973,2.76e+44,2341,1.51e+45/8.66e+46,0.983/135,1/285/340,50000,10027,0
diagmain,LP_442_68_10.card-mto,0,X,1,1,1,FALSE,,5,5,3879,1,2,0,4416,0,0,0,0,0,0,3558,263,2,2.0,0,0,0.8,0.4,5000,1,3558,0/0,0/0,0/0/0,50000,0,0,0,0,0,0,0,3999,265,1,2.0,0,0,0.8,0.4,4995,2.44,3790,8.75/1.83e+03,0/0,0.4/87.2/218,50000,4,0
diagmain,LP_442_68_10.card-mto,1,Z,1,1,1,FALSE,,3,3,3935,1,2,0,4284,0,0,0,0,0,0,3558,263,2,2.0,0,0,0.8,0.4,5000,1,3558,0/0,0/0,0/0/0,50000,0,0,0,0,0,0,0,3999,263,1,2.0,0,0,0.8,0.4,4997,1.56,3782,3.48/605,0/0,0.4/74.4/186,50000,2,0
diagmain,LP_442_68_10.card-mto,2,X,2,2,1,FALSE,,341,1650,163251,4,1,0,2115,11,0,0,0,0,0,3558,263,2,2.0,0,0,0.8,0.4,5000,1,3558,0/0,0/0,0/0/0,50000,0,0,0,0,0,0,0,4881,265,0,2.0,0,0,0.8,0.4,4659,8.9e+32,4785,4.44e+33/1.62e+36,0/0,0/0/0,50000,340,0
diagmain,LP_442_68_10.card-mto,3,Z,2,2,1,FALSE,,265,950,126088,3,1,0,1986,6,0,0,0,0,0,3558,263,2,2.0,0,0,0.8,0.4,5000,1,3558,0/0,0/0,0/0/0,50000,0,0,0,0,0,0,0,4881,263,0,2.0,0,0,0.8,0.4,4735,3.84e+25,4846,2.1e+26/6.64e+28,0/0,0/0/0,50000,264,0
diagmain,LP_442_68_10.card-mto,4,X,4,3,1,FALSE,,878,3077,147843,9,566,522,525254,561,0,0,0,0,0,3558,263,2,2.0,0,0,0.8,0.4,5000,1,3558,0/0,0/0,0/0/0,50000,0,0,0,0,0,0,0,5391,265,5,2.3,7,5,0.8,0.4,4122,9.77e+84,5231,5.1e+85/3.11e+87,0/0,1/415/442,50000,877,0
diagmain,LP_442_68_10.card-mto,5,Z,4,3,1,FALSE,,1021,2655,138715,13,746,696,748124,721,0,0,0,0,0,3558,263,2,2.0,0,0,0.8,0.4,5000,1,3558,0/0,0/0,0/0/0,50000,0,0,0,0,0,0,0,5391,263,5,2.5,7,5,0.8,0.4,3979,7.05e+98,5219,3.72e+99/2.58e+101,0/0,1/369/442,50000,1020,0
diagmain,LP_442_68_10.card-mto,6,X,8,5,1,FALSE,,7210,15410,461789,60,8245,6655,11819255,6777,0,0,0,0,0,3558,263,2,2.0,0,0,0.8,0.4,5000,1,3558,0/0,0/0,0/0/0,50000,0,0,0,0,0,0,0,5645,265,9,2.7,54,9,0.81,0.4,2790,5.03e+86,5024,2.5e+87/1.11e+89,0/0,1/327/442,50000,7209,0
diagmain,LP_442_68_10.card-mto,7,Z,8,5,1,FALSE,,14991,31170,868490,131,17175,14248,24621080,14409,0,0,0,0,0,3558,263,2,2.0,0,0,0.8,0.4,5000,1,3558,0/0,0/0,0/0/0,50000,0,0,0,0,0,0,0,5645,263,10,2.9,109,10,0.82,0.395,4997,2.36e+42,5271,1.16e+43/1.01e+45,1/198,1/420/442,50000,10003,0
diagmain,LP_442_68_10.card-mto,8,X,16,9,1,TRUE,16,34090,49323,1774192,85,37085,27567,39511486,27647,0,0,0,0,0,3558,263,2,2.0,0,0,0.8,0.4,5000,1,3558,0/0,0/0,0/0/0,50000,0,0,2319,1893,15053,4758,258,5771,362,9,3.9,225,17,0.82,0.3759,5000,1.3e+42,5213,7.66e+42/5.75e+44,0.998/191,1/292/442,50000,10000,1
diagmain,LP_442_68_10.card-mto,9,Z,16,9,1,TRUE,16,27311,44709,1284596,149,32577,26745,47807565,26903,0,0,0,0,0,3558,263,2,2.0,0,0,0.8,0.4,5000,1,3558,0/0,0/0,0/0/0,50000,0,0,1549,38,18878,4758,172,5771,263,6,3.2,202,17,0.82,0.3827,4999,1.59e+42,5563,1.02e+43/2.11e+45,0.999/204,0.998/279/442,50000,10001,1
diagmain,LP_442_68_10.card-mto,10,X,15,9,1,TRUE,14,49316,77638,2194439,209,59584,48512,81751242,48636,0,0,0,0,0,3558,263,2,2.0,0,0,0.8,0.4,5000,1,3558,0/0,0/0,0/0/0,50000,0,1,1919,1419,17148,4473,88,5645,265,1,3.8,416,16,0.82,0.3607,5000,1.3e+42,5267,7.23e+42/7.44e+44,1/213,1/167/442,50000,10000,1
diagmain,LP_442_68_10.card-mto,11,Z,13,9,1,TRUE,12,2544,5930,198493,24,2617,2203,3865085,2210,0,0,0,0,0,3558,263,2,2.0,0,0,0.8,0.4,5000,1,3558,0/0,0/0,0/0/0,50000,0,0,1516,1227,2255,4474,122,5645,263,1,3.7,18,13,0.8,0.4,2456,3.46e+46,5249,5.79e+46/3.56e+48,0/0,0.977/147/442,50000,2544,1
diagmain,LP_442_68_10.card-mto,12,Z,12,9,0,FALSE,10,46051,79184,2294908,208,54999,44878,78347983,45160,0,0,0,0,0,3558,263,2,2.0,0,0,0.8,0.4,5000,1,3558,0/0,0/0,0/0/0,50000,0,0,1684,84,1099,4475,2,9819,1347,13,5.6,199,13,0.82,0.364,4951,2.17e+46,7188,1.19e+47/7e+48,1/205,1/308/442,50000,10049,1
diagmain,LP_442_68_10.card-mto,13,X,10,9,0,FALSE,10,21643,40456,1162388,136,25463,20608,34467586,20859,0,0,0,0,0,3558,263,2,2.0,0,0,0.8,0.4,5000,1,3558,0/0,0/0,0/0/0,50000,0,0,4641,1222,11227,4467,137,7729,913,9,4.1,79,12,0.81,0.3876,741,2.03e+74,6980,9.22e+74/4.67e+76,1/192,1/366/442,50000,9259,1
diagmain,LP_442_68_10.no-card,0,X,1,1,1,FALSE,,42,224,8928,1,2,0,4416,17,0,0,0,0,0,3558,263,2,2.0,0,0,0.8,0.4,5000,1,3558,0/0,0/0,0/0/0,50000,0,0,0,0,0,0,0,3558,265,0,2.0,0,0,0.8,0.4,4958,9400.0,3522,2.48e+04/6.9e+05,0/0,0.4/87.2/218,50000,41,0
diagmain,LP_442_68_10.no-card,1,Z,1,1,1,FALSE,,14,37,5480,1,2,0,4284,5,0,0,0,0,0,3558,263,2,2.0,0,0,0.8,0.4,5000,1,3558,0/0,0/0,0/0/0,50000,0,0,0,0,0,0,0,3558,263,0,2.0,0,0,0.8,0.4,4986,18.2,3355,62.5/8.05e+03,0/0,0.4/74.4/186,50000,13,0
diagmain,LP_442_68_10.no-card,2,X,2,2,1,FALSE,,344,1558,89683,6,71,69,58682,114,0,0,0,0,0,3558,263,2,2.0,0,0,0.8,0.4,5000,1,3558,0/0,0/0,0/0/0,50000,0,0,0,0,0,0,0,3558,265,3,2.1,3,3,0.8,0.4,4656,1.74e+33,3458,9.11e+33/3.31e+35,0/0,0.994/417/440,50000,343,0
diagmain,LP_442_68_10.no-card,3,Z,2,2,1,FALSE,,287,2011,75149,3,49,45,48891,82,0,0,0,0,0,3558,263,2,2.0,0,0,0.8,0.4,5000,1,3558,0/0,0/0,0/0/0,50000,0,0,0,0,0,0,0,3558,263,3,2.0,2,3,0.8,0.4,4713,5.2e+27,3513,2.39e+28/9.1e+29,0/0,0.98/351/439,50000,286,0
diagmain,LP_442_68_10.no-card,4,X,4,3,1,FALSE,,885,2917,119239,11,655,608,699377,658,0,0,0,0,0,3558,263,2,2.0,0,0,0.8,0.4,5000,1,3558,0/0,0/0,0/0/0,50000,0,0,0,0,0,0,0,3558,265,5,2.4,7,5,0.8,0.4,4115,4.66e+85,3477,2.64e+86/1.03e+88,0/0,1/322/441,50000,884,0
diagmain,LP_442_68_10.no-card,5,Z,4,3,1,FALSE,,1856,4933,172666,24,1543,1512,1213122,1572,0,0,0,0,0,3558,263,2,2.0,0,0,0.8,0.4,5000,1,3558,0/0,0/0,0/0/0,50000,0,0,0,0,0,0,0,3558,263,4,3.0,11,4,0.8,0.4,3144,5.86e+79,3419,2.95e+80/1.25e+82,0/0,1/430/442,50000,1855,0
diagmain,LP_442_68_10.no-card,6,X,8,5,1,FALSE,,6460,13376,376061,54,7504,6089,10466428,6172,0,0,0,0,0,3558,263,2,2.0,0,0,0.8,0.4,5000,1,3558,0/0,0/0,0/0/0,50000,0,0,0,0,0,0,0,3558,265,9,2.9,52,10,0.81,0.4,3540,1.16e+18,3327,6.71e+18/4.21e+20,0/0,1/362/442,50000,6459,0
diagmain,LP_442_68_10.no-card,7,Z,8,5,1,FALSE,,15871,31421,868394,130,18484,15276,27767504,15459,0,0,0,0,0,3558,263,2,2.0,0,0,0.8,0.4,5000,1,3558,0/0,0/0,0/0/0,50000,0,0,0,0,0,0,0,3558,263,9,2.7,117,9,0.82,0.3941,4988,1.41e+43,3450,7.11e+43/7.68e+45,1/165,1/367/442,50000,10012,0
diagmain,LP_442_68_10.no-card,8,X,16,9,1,TRUE,16,9509,17558,392903,78,10890,9254,15373778,9286,0,0,0,0,0,3558,263,2,2.0,0,0,0.8,0.4,5000,1,3558,0/0,0/0,0/0/0,50000,0,0,671,629,8953,0,293,3558,268,7,2.8,79,18,0.81,0.4,491,1.53e+97,2954,6.84e+97/7.08e+99,0/0,1/257/442,50000,9509,1
diagmain,LP_442_68_10.no-card,9,Z,16,9,1,TRUE,14,14118,26620,547658,107,16152,13802,22047357,13846,0,0,0,0,0,3558,263,2,2.0,0,0,0.8,0.4,5000,1,3558,0/0,0/0,0/0/0,50000,0,0,775,1934,13585,0,173,3558,264,2,3.3,114,19,0.82,0.3959,4984,3.11e+43,3268,2.17e+44/3.31e+46,1/159,1/243/442,50000,10016,1
diagmain,LP_442_68_10.no-card,10,Z,14,9,0,FALSE,10,225033,330426,9754906,660,273209,222629,375267146,223387,0,0,0,0,0,3558,263,2,2.0,0,0,0.8,0.4,5000,1,3558,0/0,0/0,0/0/0,50000,0,0,2271,392,2754,0,202,3558,898,7,6.2,127,13,0.82,0.185,5000,1.3e+42,3386,6.27e+42/6.09e+44,1/140,1/296/442,50000,10000,1
diagmain,LP_442_68_10.no-card,11,X,10,9,0,FALSE,10,17190,30861,939971,101,20668,16484,28342513,16706,0,0,0,0,0,3558,263,2,2.0,0,0,0.8,0.4,5000,1,3558,0/0,0/0,0/0/0,50000,0,0,2193,1016,4654,0,122,3558,557,13,5.0,89,13,0.81,0.3887,4117,2.25e+65,3312,1.34e+66/8.11e+67,1/244,1/375/442,50000,5883,1
diagmain,TN_144_2_13.no-card,0,X,1,1,1,FALSE,,9,27,1178,1,2,0,1008,2,0,0,0,0,0,791,74,2,2.0,0,0,0.8,0.4,5000,1,791,0/0,0/0,0/0/0,50000,0,0,0,0,0,0,0,791,78,0,2.0,0,0,0.8,0.4,4991,5.96,764,18.2/372,0/0,0.4/33.2/83,50000,8,0
diagmain,TN_144_2_13.no-card,1,Z,1,1,1,FALSE,,4,3,591,1,2,0,1250,0,0,0,0,0,0,817,74,2,2.0,0,0,0.8,0.4,5000,1,817,0/0,0/0,0/0/0,50000,0,0,0,0,0,0,0,817,78,0,2.0,0,0,0.8,0.4,4996,1.95,774,5.82/88,0/0,0.4/24.8/62,50000,3,0
diagmain,TN_144_2_13.no-card,2,X,2,2,1,FALSE,,267,705,21906,2,15,14,4947,30,0,0,0,0,0,791,74,2,2.0,0,0,0.8,0.4,5000,1,791,0/0,0/0,0/0/0,50000,0,0,0,0,0,0,0,791,78,2,2.1,1,2,0.8,0.4,4733,6e+25,732,1.92e+26/7.34e+27,0/0,0.953/128/142,50000,266,0
diagmain,TN_144_2_13.no-card,3,Z,2,2,1,FALSE,,198,492,18330,1,3,2,968,35,0,0,0,0,0,817,74,2,2.0,0,0,0.8,0.4,5000,1,817,0/0,0/0,0/0/0,50000,0,0,0,0,0,0,0,817,78,2,2.1,1,2,0.8,0.4,4802,1.23e+19,757,6.99e+19/1.15e+21,0/0,0.64/27.8/69,50000,197,0
diagmain,TN_144_2_13.no-card,4,X,4,3,1,FALSE,,662,1271,28348,7,437,393,132421,420,0,0,0,0,0,791,74,2,2.0,0,0,0.8,0.4,5000,1,791,0/0,0/0,0/0/0,50000,0,0,0,0,0,0,0,791,78,5,2.2,5,5,0.8,0.4,4338,1.14e+64,702,5.39e+64/3.83e+66,0/0,1/119/144,50000,661,0
diagmain,TN_144_2_13.no-card,5,Z,4,3,1,FALSE,,916,1544,37972,7,615,602,131551,650,0,0,0,0,0,817,74,2,2.0,0,0,0.8,0.4,5000,1,817,0/0,0/0,0/0/0,50000,0,0,0,0,0,0,0,817,78,4,2.6,7,4,0.8,0.4,4084,4.71e+88,775,2.35e+89/1.17e+91,0/0,1/109/144,50000,915,0
diagmain,TN_144_2_13.no-card,6,X,8,5,1,FALSE,,14077,18633,364850,86,17193,13175,6364348,13312,0,0,0,0,0,791,74,2,2.0,0,0,0.8,0.4,5000,1,791,0/0,0/0,0/0/0,50000,0,0,0,0,0,0,0,791,78,9,3.4,96,9,0.82,0.3959,4997,2.36e+42,715,1.34e+43/4.27e+44,1/101,1/103/144,50000,10003,0
diagmain,TN_144_2_13.no-card,7,Z,8,5,1,FALSE,,13354,17593,353853,85,16501,12469,6297944,12614,0,0,0,0,0,817,74,2,2.0,0,0,0.8,0.4,5000,1,817,0/0,0/0,0/0/0,50000,0,0,0,0,0,0,0,817,78,9,3.8,106,9,0.82,0.3966,4999,1.59e+42,741,9.63e+42/5.47e+44,1/105,1/116/144,50000,10001,0
diagmain,TN_144_2_13.no-card,8,X,16,9,1,TRUE,16,16,19,1076,1,1,0,482,0,0,0,0,0,0,791,74,2,2.0,0,0,0.8,0.4,5000,1,791,0/0,0/0,0/0/0,50000,0,0,16,0,0,0,0,791,78,0,2.0,0,0,0.8,0.4,4984,35.5,726,207/8.21e+03,0/0,0/0/0,50000,16,1
diagmain,TN_144_2_13.no-card,9,Z,16,9,1,TRUE,16,19,28,864,1,1,0,473,0,0,0,0,0,0,817,74,2,2.0,0,0,0.8,0.4,5000,1,817,0/0,0/0,0/0/0,50000,0,0,19,0,0,0,0,817,78,0,2.0,0,0,0.8,0.4,4981,69.4,780,304/9.52e+03,0/0,0/0/0,50000,19,1
diagmain,TN_144_2_13.no-card,10,X,15,9,1,TRUE,13,458610,515813,10786761,1079,638695,450349,242445342,451210,0,0,0,0,0,791,74,2,2.0,0,0,0.8,0.4,5000,1,791,0/0,0/0,0/0/0,50000,0,1,16307,1645,23237,0,35,791,84,2,6.0,3176,16,0.82,0.06,5000,1.3e+42,715,8.23e+42/2e+44,1/51.7,0.963/101/144,50000,10000,1
diagmain,TN_144_2_13.no-card,11,Z,12,9,1,FALSE,,253542,285224,5974786,613,348937,247491,130785463,248338,0,0,0,0,0,817,74,2,2.0,0,0,0.8,0.4,5000,1,817,0/0,0/0,0/0/0,50000,0,0,0,0,0,0,0,817,78,13,4.6,1747,13,0.82,0.1565,5000,1.3e+42,719,8.07e+42/4.98e+44,1/69.6,0.973/117/144,50000,10000,0
diagmain,TN_144_2_13.no-card,12,X,13,9,0,FALSE,13,409124,459172,9934401,1016,568702,399657,215133412,400839,0,0,0,0,0,791,74,2,2.0,0,0,0.8,0.4,5000,1,791,0/0,0/0,0/0/0,50000,0,0,5451,730,190,0,47,791,196,14,6.2,781,14,0.82,0.06,4997,2.36e+42,684,1.49e+43/1.23e+45,1/40.3,0.98/115/144,50000,10003,1
