2026-10-09T01:14:58.9646964Z Current runner version: '2.337.0'
2026-10-09T01:14:58.9672743Z ##[group]Runner Image Provisioner
2026-10-09T01:14:58.9673615Z Hosted Compute Agent
2026-10-09T01:14:58.9674297Z Version: 20261002.596
2026-10-09T01:14:58.9675012Z Commit: c3d12f3313a95f25162a1503be624f3b0617f8c0
2026-10-09T01:14:58.9675781Z Build Date: 2026-10-02T22:28:27Z
2026-10-09T01:14:58.9676546Z Worker ID: {189a41e0-0643-4a28-824e-4f04e8997181}
2026-10-09T01:14:58.9677287Z Region: northcentralus
2026-10-09T01:14:58.9677930Z Cloud: Azure
2026-10-09T01:14:58.9678553Z ##[endgroup]
2026-10-09T01:14:58.9680327Z ##[group]Operating System
2026-10-09T01:14:58.9681041Z Ubuntu
2026-10-09T01:14:58.9681594Z 24.04.5
2026-10-09T01:14:58.9682268Z LTS
2026-10-09T01:14:58.9682923Z ##[endgroup]
2026-10-09T01:14:58.9683546Z ##[group]Runner Image
2026-10-09T01:14:58.9684292Z Image: ubuntu-24.04
2026-10-09T01:14:58.9684884Z Version: 20261004.327.1
2026-10-09T01:14:58.9686257Z Included Software: https://github.com/actions/runner-images/blob/ubuntu24/20261004.327/images/ubuntu/Ubuntu2404-Readme.md
2026-10-09T01:14:58.9687797Z Image Release: https://github.com/actions/runner-images/releases/tag/ubuntu24%2F20261004.327
2026-10-09T01:14:58.9688826Z ##[endgroup]
2026-10-09T01:14:58.9689932Z ##[group]GITHUB_TOKEN Permissions
2026-10-09T01:14:58.9692418Z Contents: read
2026-10-09T01:14:58.9693048Z Metadata: read
2026-10-09T01:14:58.9693614Z ##[endgroup]
2026-10-09T01:14:58.9695750Z Secret source: Actions
2026-10-09T01:14:58.9696762Z Cache mode: write
2026-10-09T01:14:58.9697804Z Prepare workflow directory
2026-10-09T01:14:59.0035419Z Prepare all required actions
2026-10-09T01:14:59.0083725Z Getting action download info
2026-10-09T01:14:59.2685971Z Download action repository 'actions/checkout@v7' (SHA:3d3c42e5aac5ba805825da76410c181273ba90b1)
2026-10-09T01:14:59.4420124Z Complete job name: build-and-smoke
2026-10-09T01:14:59.5188326Z ##[group]Run actions/checkout@v7
2026-10-09T01:14:59.5189200Z with:
2026-10-09T01:14:59.5189663Z   repository: guluchen/DistQLDPC
2026-10-09T01:14:59.5193900Z   token: ***
2026-10-09T01:14:59.5194362Z   ssh-strict: true
2026-10-09T01:14:59.5194816Z   ssh-user: git
2026-10-09T01:14:59.5195267Z   persist-credentials: true
2026-10-09T01:14:59.5195770Z   clean: true
2026-10-09T01:14:59.5196223Z   sparse-checkout-cone-mode: true
2026-10-09T01:14:59.5196758Z   fetch-depth: 1
2026-10-09T01:14:59.5197191Z   fetch-tags: false
2026-10-09T01:14:59.5197639Z   show-progress: true
2026-10-09T01:14:59.5198100Z   lfs: false
2026-10-09T01:14:59.5198516Z   submodules: false
2026-10-09T01:14:59.5198970Z   set-safe-directory: true
2026-10-09T01:14:59.5199482Z   allow-unsafe-pr-checkout: false
2026-10-09T01:14:59.5200237Z ##[endgroup]
2026-10-09T01:14:59.6240650Z Syncing repository: guluchen/DistQLDPC
2026-10-09T01:14:59.6243388Z ##[group]Getting Git version info
2026-10-09T01:14:59.6244606Z Working directory is '/home/runner/work/DistQLDPC/DistQLDPC'
2026-10-09T01:14:59.6246198Z [command]/usr/bin/git version
2026-10-09T01:14:59.6291319Z git version 2.55.0
2026-10-09T01:14:59.6311099Z ##[endgroup]
2026-10-09T01:14:59.6321060Z Temporarily overriding HOME='/home/runner/work/_temp/2dd3d64b-877f-49dd-a88d-2512feea2e16' before making global git config changes
2026-10-09T01:14:59.6323715Z Adding repository directory to the temporary git global config as a safe directory
2026-10-09T01:14:59.6327186Z [command]/usr/bin/git config --global --add safe.directory /home/runner/work/DistQLDPC/DistQLDPC
2026-10-09T01:14:59.6378409Z Deleting the contents of '/home/runner/work/DistQLDPC/DistQLDPC'
2026-10-09T01:14:59.6380767Z ##[group]Determining repository object format
2026-10-09T01:14:59.6384011Z ##[endgroup]
2026-10-09T01:14:59.6387110Z ##[group]Initializing the repository
2026-10-09T01:14:59.6391402Z [command]/usr/bin/git init /home/runner/work/DistQLDPC/DistQLDPC
2026-10-09T01:14:59.6491659Z hint: Using 'master' as the name for the initial branch. This default branch name
2026-10-09T01:14:59.6493744Z hint: will change to "main" in Git 3.0. To configure the initial branch name
2026-10-09T01:14:59.6496246Z hint: to use in all of your new repositories, which will suppress this warning,
2026-10-09T01:14:59.6497654Z hint: call:
2026-10-09T01:14:59.6498518Z hint:
2026-10-09T01:14:59.6499577Z hint: 	git config --global init.defaultBranch <name>
2026-10-09T01:14:59.6500782Z hint:
2026-10-09T01:14:59.6502088Z hint: Names commonly chosen instead of 'master' are 'main', 'trunk' and
2026-10-09T01:14:59.6503791Z hint: 'development'. The just-created branch can be renamed via this command:
2026-10-09T01:14:59.6505180Z hint:
2026-10-09T01:14:59.6506042Z hint: 	git branch -m <name>
2026-10-09T01:14:59.6507005Z hint:
2026-10-09T01:14:59.6508342Z hint: Disable this message with "git config set advice.defaultBranchName false"
2026-10-09T01:14:59.6510371Z Initialized empty Git repository in /home/runner/work/DistQLDPC/DistQLDPC/.git/
2026-10-09T01:14:59.6513842Z [command]/usr/bin/git remote add origin https://github.com/guluchen/DistQLDPC
2026-10-09T01:14:59.6554289Z ##[endgroup]
2026-10-09T01:14:59.6555682Z ##[group]Disabling automatic garbage collection
2026-10-09T01:14:59.6558900Z [command]/usr/bin/git config --local gc.auto 0
2026-10-09T01:14:59.6593211Z ##[endgroup]
2026-10-09T01:14:59.6594500Z ##[group]Setting up auth
2026-10-09T01:14:59.6595370Z Removing SSH command configuration
2026-10-09T01:14:59.6599998Z [command]/usr/bin/git config --local --name-only --get-regexp core\.sshCommand
2026-10-09T01:14:59.6635771Z [command]/usr/bin/git submodule foreach --recursive sh -c "git config --local --name-only --get-regexp 'core\.sshCommand' && git config --local --unset-all 'core.sshCommand' || :"
2026-10-09T01:14:59.7023410Z Removing HTTP extra header
2026-10-09T01:14:59.7035515Z [command]/usr/bin/git config --local --name-only --get-regexp http\.https\:\/\/github\.com\/\.extraheader
2026-10-09T01:14:59.7075228Z [command]/usr/bin/git submodule foreach --recursive sh -c "git config --local --name-only --get-regexp 'http\.https\:\/\/github\.com\/\.extraheader' && git config --local --unset-all 'http.https://github.com/.extraheader' || :"
2026-10-09T01:14:59.7311820Z Removing includeIf entries pointing to credentials config files
2026-10-09T01:14:59.7316880Z [command]/usr/bin/git config --local --name-only --get-regexp ^includeIf\.gitdir:
2026-10-09T01:14:59.7361160Z [command]/usr/bin/git submodule foreach --recursive git config --local --show-origin --name-only --get-regexp remote.origin.url
2026-10-09T01:14:59.7601680Z [command]/usr/bin/git config --file /home/runner/work/_temp/git-credentials-45c7045e-224c-4c94-8faa-3a6a9e306a0b.config http.https://github.com/.extraheader AUTHORIZATION: basic ***
2026-10-09T01:14:59.7644351Z [command]/usr/bin/git config --local includeIf.gitdir:/home/runner/work/DistQLDPC/DistQLDPC/.git.path /home/runner/work/_temp/git-credentials-45c7045e-224c-4c94-8faa-3a6a9e306a0b.config
2026-10-09T01:14:59.7680423Z [command]/usr/bin/git config --local includeIf.gitdir:/home/runner/work/DistQLDPC/DistQLDPC/.git/worktrees/*.path /home/runner/work/_temp/git-credentials-45c7045e-224c-4c94-8faa-3a6a9e306a0b.config
2026-10-09T01:14:59.7719100Z [command]/usr/bin/git config --local includeIf.gitdir:/github/workspace/.git.path /github/runner_temp/git-credentials-45c7045e-224c-4c94-8faa-3a6a9e306a0b.config
2026-10-09T01:14:59.7755712Z [command]/usr/bin/git config --local includeIf.gitdir:/github/workspace/.git/worktrees/*.path /github/runner_temp/git-credentials-45c7045e-224c-4c94-8faa-3a6a9e306a0b.config
2026-10-09T01:14:59.7788552Z ##[endgroup]
2026-10-09T01:14:59.7789321Z ##[group]Fetching the repository
2026-10-09T01:14:59.7795404Z [command]/usr/bin/git -c protocol.version=2 fetch --no-tags --prune --no-recurse-submodules --depth=1 origin +4f951f328327b83d06723165b8eb32ebd6458107:refs/remotes/pull/59/merge
2026-10-09T01:15:00.3347944Z From https://github.com/guluchen/DistQLDPC
2026-10-09T01:15:00.3350085Z  * [new ref]         4f951f328327b83d06723165b8eb32ebd6458107 -> pull/59/merge
2026-10-09T01:15:00.3362789Z ##[endgroup]
2026-10-09T01:15:00.3364103Z ##[group]Determining the checkout info
2026-10-09T01:15:00.3365839Z ##[endgroup]
2026-10-09T01:15:00.3366839Z [command]/usr/bin/git sparse-checkout disable
2026-10-09T01:15:00.3420528Z [command]/usr/bin/git config --local --unset-all extensions.worktreeConfig
2026-10-09T01:15:00.3459321Z ##[group]Checking out the ref
2026-10-09T01:15:00.3463534Z [command]/usr/bin/git checkout --progress --force refs/remotes/pull/59/merge
2026-10-09T01:15:00.4242533Z Note: switching to 'refs/remotes/pull/59/merge'.
2026-10-09T01:15:00.4244394Z 
2026-10-09T01:15:00.4245725Z You are in 'detached HEAD' state. You can look around, make experimental
2026-10-09T01:15:00.4247782Z changes and commit them, and you can discard any commits you make in this
2026-10-09T01:15:00.4249732Z state without impacting any branches by switching back to a branch.
2026-10-09T01:15:00.4250895Z 
2026-10-09T01:15:00.4251756Z If you want to create a new branch to retain commits you create, you may
2026-10-09T01:15:00.4253709Z do so (now or later) by using -c with the switch command. Example:
2026-10-09T01:15:00.4254803Z 
2026-10-09T01:15:00.4255310Z   git switch -c <new-branch-name>
2026-10-09T01:15:00.4256124Z 
2026-10-09T01:15:00.4256623Z Or undo this operation with:
2026-10-09T01:15:00.4257371Z 
2026-10-09T01:15:00.4257804Z   git switch -
2026-10-09T01:15:00.4258396Z 
2026-10-09T01:15:00.4259348Z Turn off this advice by setting config variable advice.detachedHead to false
2026-10-09T01:15:00.4260763Z 
2026-10-09T01:15:00.4262561Z HEAD is now at 4f951f3 Merge 1890e24fb1919573d74c809c4b02e537f72e132c into 24572d6d09cce9a4a5faa58300a89e0feba9da6a
2026-10-09T01:15:00.4274049Z ##[endgroup]
2026-10-09T01:15:00.4325806Z [command]/usr/bin/git log -1 --format=%H
2026-10-09T01:15:00.4357193Z 4f951f328327b83d06723165b8eb32ebd6458107
2026-10-09T01:15:00.4632456Z ##[group]Run sudo apt-get update
2026-10-09T01:15:00.4633871Z [36;1msudo apt-get update[0m
2026-10-09T01:15:00.4635442Z [36;1msudo apt-get install --yes build-essential zlib1g-dev[0m
2026-10-09T01:15:00.4891702Z shell: /usr/bin/bash -e {0}
2026-10-09T01:15:00.4893225Z ##[endgroup]
2026-10-09T01:15:00.5743437Z Get:1 file:/etc/apt/apt-mirrors.txt Mirrorlist [144 B]
2026-10-09T01:15:00.5990297Z Get:6 https://packages.microsoft.com/ubuntu/24.04/prod noble InRelease [3600 B]
2026-10-09T01:15:00.6728314Z Get:7 https://packages.microsoft.com/ubuntu/24.04/prod noble/main amd64 Packages [531 kB]
2026-10-09T01:15:00.6861510Z Hit:2 http://azure.archive.ubuntu.com/ubuntu noble InRelease
2026-10-09T01:15:00.6874485Z Get:3 http://azure.archive.ubuntu.com/ubuntu noble-updates InRelease [126 kB]
2026-10-09T01:15:00.6901630Z Get:8 https://packages.microsoft.com/ubuntu/24.04/prod noble/main all Packages [640 B]
2026-10-09T01:15:00.6939785Z Get:4 http://azure.archive.ubuntu.com/ubuntu noble-backports InRelease [126 kB]
2026-10-09T01:15:00.6946572Z Get:9 https://packages.microsoft.com/ubuntu/24.04/prod noble/main arm64 Packages [474 kB]
2026-10-09T01:15:00.6969609Z Get:5 http://azure.archive.ubuntu.com/ubuntu noble-security InRelease [126 kB]
2026-10-09T01:15:00.7034369Z Get:10 https://packages.microsoft.com/ubuntu/24.04/prod noble/main armhf Packages [12.3 kB]
2026-10-09T01:15:00.8048648Z Get:11 http://azure.archive.ubuntu.com/ubuntu noble-updates/main amd64 Packages [1375 kB]
2026-10-09T01:15:00.8174297Z Get:12 http://azure.archive.ubuntu.com/ubuntu noble-updates/main Translation-en [306 kB]
2026-10-09T01:15:00.8204204Z Get:13 http://azure.archive.ubuntu.com/ubuntu noble-updates/universe amd64 Packages [1702 kB]
2026-10-09T01:15:00.8374407Z Get:14 http://azure.archive.ubuntu.com/ubuntu noble-updates/universe Translation-en [342 kB]
2026-10-09T01:15:00.8378584Z Get:15 http://azure.archive.ubuntu.com/ubuntu noble-updates/restricted amd64 Packages [1761 kB]
2026-10-09T01:15:00.8474469Z Get:16 http://azure.archive.ubuntu.com/ubuntu noble-updates/restricted Translation-en [401 kB]
2026-10-09T01:15:00.8504400Z Get:17 http://azure.archive.ubuntu.com/ubuntu noble-updates/multiverse amd64 Packages [55.0 kB]
2026-10-09T01:15:00.8529868Z Get:18 http://azure.archive.ubuntu.com/ubuntu noble-updates/multiverse Translation-en [14.3 kB]
2026-10-09T01:15:00.9420356Z Get:19 http://azure.archive.ubuntu.com/ubuntu noble-security/main amd64 Packages [1116 kB]
2026-10-09T01:15:00.9493187Z Get:20 http://azure.archive.ubuntu.com/ubuntu noble-security/main Translation-en [228 kB]
2026-10-09T01:15:00.9956042Z Get:21 http://azure.archive.ubuntu.com/ubuntu noble-security/universe amd64 Packages [1220 kB]
2026-10-09T01:15:01.0022532Z Get:22 http://azure.archive.ubuntu.com/ubuntu noble-security/universe Translation-en [245 kB]
2026-10-09T01:15:01.0046166Z Get:23 http://azure.archive.ubuntu.com/ubuntu noble-security/restricted amd64 Packages [1632 kB]
2026-10-09T01:15:01.0132504Z Get:24 http://azure.archive.ubuntu.com/ubuntu noble-security/restricted Translation-en [376 kB]
2026-10-09T01:15:01.0160954Z Get:25 http://azure.archive.ubuntu.com/ubuntu noble-security/multiverse Translation-en [11.6 kB]
2026-10-09T01:15:03.8783533Z Fetched 12.2 MB in 1s (8930 kB/s)
2026-10-09T01:15:04.6908771Z Reading package lists...
2026-10-09T01:15:04.7233006Z Reading package lists...
2026-10-09T01:15:04.9088236Z Building dependency tree...
2026-10-09T01:15:04.9095420Z Reading state information...
2026-10-09T01:15:05.0795048Z zlib1g-dev is already the newest version (1:1.3.dfsg-3.1ubuntu2.2).
2026-10-09T01:15:05.0801474Z The following NEW packages will be installed:
2026-10-09T01:15:05.0802328Z   build-essential
2026-10-09T01:15:05.0983076Z 0 upgraded, 1 newly installed, 0 to remove and 23 not upgraded.
2026-10-09T01:15:05.0983976Z Need to get 4928 B of archives.
2026-10-09T01:15:05.0984767Z After this operation, 17.4 kB of additional disk space will be used.
2026-10-09T01:15:05.0985576Z Get:1 file:/etc/apt/apt-mirrors.txt Mirrorlist [144 B]
2026-10-09T01:15:05.1398491Z Get:2 http://azure.archive.ubuntu.com/ubuntu noble/main amd64 build-essential amd64 12.10ubuntu1 [4928 B]
2026-10-09T01:15:05.3931092Z Fetched 4928 B in 0s (94.2 kB/s)
2026-10-09T01:15:05.4135617Z Selecting previously unselected package build-essential.
2026-10-09T01:15:05.4382765Z (Reading database ... 
2026-10-09T01:15:05.4383311Z (Reading database ... 5%
2026-10-09T01:15:05.4383675Z (Reading database ... 10%
2026-10-09T01:15:05.4384084Z (Reading database ... 15%
2026-10-09T01:15:05.4384447Z (Reading database ... 20%
2026-10-09T01:15:05.4384833Z (Reading database ... 25%
2026-10-09T01:15:05.4385250Z (Reading database ... 30%
2026-10-09T01:15:05.4385638Z (Reading database ... 35%
2026-10-09T01:15:05.4386000Z (Reading database ... 40%
2026-10-09T01:15:05.4386363Z (Reading database ... 45%
2026-10-09T01:15:05.4386719Z (Reading database ... 50%
2026-10-09T01:15:05.4423180Z (Reading database ... 55%
2026-10-09T01:15:05.5295187Z (Reading database ... 60%
2026-10-09T01:15:05.7357578Z (Reading database ... 65%
2026-10-09T01:15:05.9411582Z (Reading database ... 70%
2026-10-09T01:15:06.1275926Z (Reading database ... 75%
2026-10-09T01:15:06.2860796Z (Reading database ... 80%
2026-10-09T01:15:06.4291811Z (Reading database ... 85%
2026-10-09T01:15:06.6387600Z (Reading database ... 90%
2026-10-09T01:15:06.7263693Z (Reading database ... 95%
2026-10-09T01:15:06.7264023Z (Reading database ... 100%
2026-10-09T01:15:06.7264396Z (Reading database ... 203191 files and directories currently installed.)
2026-10-09T01:15:06.7309322Z Preparing to unpack .../build-essential_12.10ubuntu1_amd64.deb ...
2026-10-09T01:15:06.7334132Z Unpacking build-essential (12.10ubuntu1) ...
2026-10-09T01:15:06.7708739Z Setting up build-essential (12.10ubuntu1) ...
2026-10-09T01:15:07.4049216Z 
2026-10-09T01:15:07.4049901Z Running kernel seems to be up-to-date.
2026-10-09T01:15:07.4050275Z 
2026-10-09T01:15:07.4050428Z No services need to be restarted.
2026-10-09T01:15:07.4050709Z 
2026-10-09T01:15:07.4050901Z No containers need to be restarted.
2026-10-09T01:15:07.4051186Z 
2026-10-09T01:15:07.4051368Z No user sessions are running outdated binaries.
2026-10-09T01:15:07.4051702Z 
2026-10-09T01:15:07.4052172Z No VM guests are running outdated hypervisor (qemu) binaries on this host.
2026-10-09T01:15:08.3119135Z ##[group]Run make --jobs="$(nproc)"
2026-10-09T01:15:08.3119665Z [36;1mmake --jobs="$(nproc)"[0m
2026-10-09T01:15:08.3190921Z shell: /usr/bin/bash -e {0}
2026-10-09T01:15:08.3191194Z ##[endgroup]
2026-10-09T01:15:08.3335155Z g++ -Isrc/solver -Wall -Wno-parentheses -O3 -g -D __STDC_LIMIT_MACROS -D __STDC_FORMAT_MACROS -DNDEBUG -c -o build/SimpSolver.o src/solver/SimpSolver.cc
2026-10-09T01:15:08.3339675Z g++ -Isrc/solver -Wall -Wno-parentheses -O3 -g -D __STDC_LIMIT_MACROS -D __STDC_FORMAT_MACROS -DNDEBUG -c -o build/Solver.o src/solver/Solver.cc
2026-10-09T01:15:08.3342318Z g++ -Isrc/solver -Wall -Wno-parentheses -O3 -g -D __STDC_LIMIT_MACROS -D __STDC_FORMAT_MACROS -DNDEBUG -c -o build/Options.o src/solver/utils/Options.cc
2026-10-09T01:15:08.3350970Z g++ -Isrc/solver -Wall -Wno-parentheses -O3 -g -D __STDC_LIMIT_MACROS -D __STDC_FORMAT_MACROS -DNDEBUG -c -o build/System.o src/solver/utils/System.cc
2026-10-09T01:15:08.4598350Z In file included from src/solver/Solver.h:53,
2026-10-09T01:15:08.4599300Z                  from src/solver/Solver.cc:107:
2026-10-09T01:15:08.4602827Z src/solver/utils/Options.h:285:29: warning: invalid suffix on literal; C++11 requires a space between literal and string macro [-Wliteral-suffix]
2026-10-09T01:15:08.4638982Z   285 |             fprintf(stderr, "%4"PRIi64, range.begin);
2026-10-09T01:15:08.4639732Z       |                             ^
2026-10-09T01:15:08.4641027Z src/solver/utils/Options.h:291:29: warning: invalid suffix on literal; C++11 requires a space between literal and string macro [-Wliteral-suffix]
2026-10-09T01:15:08.4642471Z   291 |             fprintf(stderr, "%4"PRIi64, range.end);
2026-10-09T01:15:08.4643122Z       |                             ^
2026-10-09T01:15:08.4644260Z src/solver/utils/Options.h:293:25: warning: invalid suffix on literal; C++11 requires a space between literal and string macro [-Wliteral-suffix]
2026-10-09T01:15:08.4645508Z   293 |         fprintf(stderr, "] (default: %"PRIi64")\n", value);
2026-10-09T01:15:08.4646229Z       |                         ^
2026-10-09T01:15:08.4646865Z In file included from src/solver/utils/Options.cc:21:
2026-10-09T01:15:08.4648088Z src/solver/utils/Options.h:285:29: warning: invalid suffix on literal; C++11 requires a space between literal and string macro [-Wliteral-suffix]
2026-10-09T01:15:08.4649279Z   285 |             fprintf(stderr, "%4"PRIi64, range.begin);
2026-10-09T01:15:08.4649916Z       |                             ^
2026-10-09T01:15:08.4650521Z In file included from src/solver/Solver.h:53,
2026-10-09T01:15:08.4651186Z                  from src/solver/SimpSolver.h:37,
2026-10-09T01:15:08.4651993Z                  from src/solver/SimpSolver.cc:34:
2026-10-09T01:15:08.4653151Z src/solver/utils/Options.h:285:29: warning: invalid suffix on literal; C++11 requires a space between literal and string macro [-Wliteral-suffix]
2026-10-09T01:15:08.4654353Z   285 |             fprintf(stderr, "%4"PRIi64, range.begin);
2026-10-09T01:15:08.4655005Z       |                             ^
2026-10-09T01:15:08.4656114Z src/solver/utils/Options.h:291:29: warning: invalid suffix on literal; C++11 requires a space between literal and string macro [-Wliteral-suffix]
2026-10-09T01:15:08.4657335Z   291 |             fprintf(stderr, "%4"PRIi64, range.end);
2026-10-09T01:15:08.4657986Z       |                             ^
2026-10-09T01:15:08.4659098Z src/solver/utils/Options.h:293:25: warning: invalid suffix on literal; C++11 requires a space between literal and string macro [-Wliteral-suffix]
2026-10-09T01:15:08.4660353Z   293 |         fprintf(stderr, "] (default: %"PRIi64")\n", value);
2026-10-09T01:15:08.4661034Z       |                         ^
2026-10-09T01:15:08.4662227Z src/solver/utils/Options.h:291:29: warning: invalid suffix on literal; C++11 requires a space between literal and string macro [-Wliteral-suffix]
2026-10-09T01:15:08.4663363Z   291 |             fprintf(stderr, "%4"PRIi64, range.end);
2026-10-09T01:15:08.4663979Z       |                             ^
2026-10-09T01:15:08.4665541Z src/solver/utils/Options.h:293:25: warning: invalid suffix on literal; C++11 requires a space between literal and string macro [-Wliteral-suffix]
2026-10-09T01:15:08.4667071Z   293 |         fprintf(stderr, "] (default: %"PRIi64")\n", value);
2026-10-09T01:15:08.4667572Z       |                         ^
2026-10-09T01:15:08.6127636Z src/solver/Solver.h: In constructor ‘Minisat::Solver::Solver()’:
2026-10-09T01:15:08.6129360Z src/solver/Solver.h:480:15: warning: ‘Minisat::Solver::my_var_decay’ will be initialized after [-Wreorder]
2026-10-09T01:15:08.6143175Z   480 |     double    my_var_decay;
2026-10-09T01:15:08.6143847Z       |               ^~~~~~~~~~~~
2026-10-09T01:15:08.6145654Z src/solver/Solver.h:293:42: warning:   ‘Minisat::Heap<Minisat::Solver::VarOrderLt> Minisat::Solver::order_heap_distance’ [-Wreorder]
2026-10-09T01:15:08.6147066Z   293 |                         order_heap_VSIDS,order_heap_distance;
2026-10-09T01:15:08.6147892Z       |                                          ^~~~~~~~~~~~~~~~~~~
2026-10-09T01:15:08.6148771Z src/solver/Solver.cc:143:1: warning:   when initialized here [-Wreorder]
2026-10-09T01:15:08.6149687Z   143 | Solver::Solver() :
2026-10-09T01:15:08.6150271Z       | ^~~~~~
2026-10-09T01:15:08.6151506Z src/solver/Solver.h:514:14: warning: ‘Minisat::Solver::lastOptimalCost’ will be initialized after [-Wreorder]
2026-10-09T01:15:08.6152806Z   514 |     uint64_t lastOptimalCost;
2026-10-09T01:15:08.6153444Z       |              ^~~~~~~~~~~~~~~
2026-10-09T01:15:08.6154586Z src/solver/Solver.h:513:40: warning:   ‘uint64_t Minisat::Solver::totalWeight’ [-Wreorder]
2026-10-09T01:15:08.6155637Z   513 |     uint64_t hardWeight, solutionCost, totalWeight, UB;
2026-10-09T01:15:08.6156425Z       |                                        ^~~~~~~~~~~
2026-10-09T01:15:08.6157301Z src/solver/Solver.cc:143:1: warning:   when initialized here [-Wreorder]
2026-10-09T01:15:08.6158156Z   143 | Solver::Solver() :
2026-10-09T01:15:08.6158731Z       | ^~~~~~
2026-10-09T01:15:08.6159954Z src/solver/Solver.h:707:25: warning: ‘Minisat::Solver::orderHeapAuxi’ will be initialized after [-Wreorder]
2026-10-09T01:15:08.6161122Z   707 |     Heap<VarOrderGt>    orderHeapAuxi;
2026-10-09T01:15:08.6161802Z       |                         ^~~~~~~~~~~~~
2026-10-09T01:15:08.6163254Z src/solver/Solver.h:619:25: warning:   ‘int Minisat::Solver::tier2_lbd_cut’ [-Wreorder]
2026-10-09T01:15:08.6164202Z   619 |     int                 tier2_lbd_cut;
2026-10-09T01:15:08.6164859Z       |                         ^~~~~~~~~~~~~
2026-10-09T01:15:08.6165677Z src/solver/Solver.cc:143:1: warning:   when initialized here [-Wreorder]
2026-10-09T01:15:08.6166505Z   143 | Solver::Solver() :
2026-10-09T01:15:08.6167069Z       | ^~~~~~
2026-10-09T01:15:08.6168251Z src/solver/Solver.h:663:9: warning: ‘Minisat::Solver::cardinalityEncMode’ will be initialized after [-Wreorder]
2026-10-09T01:15:08.6169355Z   663 |     int cardinalityEncMode;
2026-10-09T01:15:08.6169965Z       |         ^~~~~~~~~~~~~~~~~~
2026-10-09T01:15:08.6171135Z src/solver/Solver.h:644:14: warning:   ‘uint64_t Minisat::Solver::quasiSoftConflicts’ [-Wreorder]
2026-10-09T01:15:08.6172427Z   644 |     uint64_t quasiSoftConflicts;
2026-10-09T01:15:08.6173113Z       |              ^~~~~~~~~~~~~~~~~~
2026-10-09T01:15:08.6173826Z src/solver/Solver.cc:143:1: warning:   when initialized here [-Wreorder]
2026-10-09T01:15:08.6174687Z   143 | Solver::Solver() :
2026-10-09T01:15:08.6175268Z       | ^~~~~~
2026-10-09T01:15:08.6176455Z src/solver/Solver.h:696:14: warning: ‘Minisat::Solver::nbFixedByLH’ will be initialized after [-Wreorder]
2026-10-09T01:15:08.6177510Z   696 |     uint64_t nbFixedByLH;
2026-10-09T01:15:08.6178127Z       |              ^~~~~~~~~~~
2026-10-09T01:15:08.6179246Z src/solver/Solver.h:562:10: warning:   ‘bool Minisat::Solver::bestSolutionFound’ [-Wreorder]
2026-10-09T01:15:08.6180226Z   562 |     bool bestSolutionFound;
2026-10-09T01:15:08.6180857Z       |          ^~~~~~~~~~~~~~~~~
2026-10-09T01:15:08.6182312Z src/solver/Solver.cc:143:1: warning:   when initialized here [-Wreorder]
2026-10-09T01:15:08.6183467Z   143 | Solver::Solver() :
2026-10-09T01:15:08.6184038Z       | ^~~~~~
2026-10-09T01:15:08.6185208Z src/solver/Solver.h:564:9: warning: ‘Minisat::Solver::nbSatLitsAtStart’ will be initialized after [-Wreorder]
2026-10-09T01:15:08.6186293Z   564 |     int nbSatLitsAtStart;
2026-10-09T01:15:08.6186884Z       |         ^~~~~~~~~~~~~~~~
2026-10-09T01:15:08.6187969Z src/solver/Solver.h:560:9: warning:   ‘int Minisat::Solver::bounds_pipe_w’ [-Wreorder]
2026-10-09T01:15:08.6188945Z   560 |     int bounds_pipe_w;
2026-10-09T01:15:08.6189555Z       |         ^~~~~~~~~~~~~
2026-10-09T01:15:08.6190313Z src/solver/Solver.cc:143:1: warning:   when initialized here [-Wreorder]
2026-10-09T01:15:08.6191158Z   143 | Solver::Solver() :
2026-10-09T01:15:08.6191727Z       | ^~~~~~
2026-10-09T01:15:08.6193065Z src/solver/Solver.cc: In member function ‘Minisat::CRef Minisat::Solver::simplePropagate()’:
2026-10-09T01:15:08.6194799Z src/solver/Solver.cc:316:27: warning: comparison of integer expressions of different signedness: ‘unsigned int’ and ‘int’ [-Wsign-compare]
2026-10-09T01:15:08.6196103Z   316 |         if (c.lastPoint() > c.size())
2026-10-09T01:15:08.6196774Z       |             ~~~~~~~~~~~~~~^~~~~~~~~~
2026-10-09T01:15:08.6198173Z src/solver/Solver.cc:335:27: warning: comparison of integer expressions of different signedness: ‘int’ and ‘unsigned int’ [-Wsign-compare]
2026-10-09T01:15:08.6199502Z   335 |         for (int k = 2; k < c.lastPoint(); k++) {
2026-10-09T01:15:08.6200240Z       |                         ~~^~~~~~~~~~~~~~~
2026-10-09T01:15:08.6202017Z src/solver/Solver.cc:381:63: warning: comparison of integer expressions of different signedness: ‘int’ and ‘uint64_t’ {aka ‘long unsigned int’} [-Wsign-compare]
2026-10-09T01:15:08.6203590Z   381 |     if (confl == CRef_Undef && falseLits.size() + rootNbIsets >= UB)
2026-10-09T01:15:08.6204461Z       |                                ~~~~~~~~~~~~~~~~~~~~~~~~~~~~~~~^~~~~
2026-10-09T01:15:08.6234542Z src/solver/Solver.cc: In member function ‘bool Minisat::Solver::simplifyLearnt_core()’:
2026-10-09T01:15:08.6236450Z src/solver/Solver.cc:787:34: warning: comparison of integer expressions of different signedness: ‘unsigned int’ and ‘int’ [-Wsign-compare]
2026-10-09T01:15:08.6237858Z   787 |                     if (nblevels < c.lbd()){
2026-10-09T01:15:08.6238611Z       |                         ~~~~~~~~~^~~~~~~~~
2026-10-09T01:15:08.6239828Z src/solver/Solver.cc:721:9: warning: unused variable ‘learnts_core_size_before’ [-Wunused-variable]
2026-10-09T01:15:08.6240964Z   721 |     int learnts_core_size_before = learnts_core.size();
2026-10-09T01:15:08.6241747Z       |         ^~~~~~~~~~~~~~~~~~~~~~~~
2026-10-09T01:15:08.6249301Z src/solver/Solver.cc: In member function ‘bool Minisat::Solver::simplifyLearnt_tier2()’:
2026-10-09T01:15:08.6274061Z src/solver/Solver.cc:895:34: warning: comparison of integer expressions of different signedness: ‘unsigned int’ and ‘int’ [-Wsign-compare]
2026-10-09T01:15:08.6275345Z   895 |                     if (nblevels < c.lbd()){
2026-10-09T01:15:08.6275969Z       |                         ~~~~~~~~~^~~~~~~~~
2026-10-09T01:15:08.6277085Z src/solver/Solver.cc:823:9: warning: unused variable ‘learnts_tier2_size_before’ [-Wunused-variable]
2026-10-09T01:15:08.6278392Z   823 |     int learnts_tier2_size_before = learnts_tier2.size();
2026-10-09T01:15:08.6279242Z       |         ^~~~~~~~~~~~~~~~~~~~~~~~~
2026-10-09T01:15:08.6280563Z src/solver/Solver.cc:828:9: warning: variable ‘limit’ set but not used [-Wunused-but-set-variable]
2026-10-09T01:15:08.6281609Z   828 |     int limit;
2026-10-09T01:15:08.6282401Z       |         ^~~~~
2026-10-09T01:15:08.6347289Z In file included from src/solver/mtl/Sort.h:24,
2026-10-09T01:15:08.6348071Z                  from src/solver/SimpSolver.cc:33:
2026-10-09T01:15:08.6349634Z src/solver/mtl/Vec.h: In instantiation of ‘void Minisat::vec<T>::capacity(int) [with T = Minisat::vec<unsigned int>]’:
2026-10-09T01:15:08.6352111Z src/solver/mtl/Vec.h:115:13:   required from ‘void Minisat::vec<T>::growTo(int) [with T = Minisat::vec<unsigned int>]’
2026-10-09T01:15:08.6354751Z src/solver/SolverTypes.h:339:50:   required from ‘void Minisat::OccLists<Idx, Vec, Deleted>::init(const Idx&) [with Idx = int; Vec = Minisat::vec<unsigned int>; Deleted = Minisat::SimpSolver::ClauseDeleted]’
2026-10-09T01:15:08.6356462Z src/solver/SimpSolver.cc:98:24:   required from here
2026-10-09T01:15:08.6358507Z src/solver/mtl/Vec.h:99:54: warning: ‘void* realloc(void*, size_t)’ moving an object of non-trivially copyable type ‘class Minisat::vec<unsigned int>’; use ‘new’ and ‘delete’ instead [-Wclass-memaccess]
2026-10-09T01:15:08.6360576Z    99 |     if (add > INT_MAX - cap || ((data = (T*)::realloc(data, (cap += add) * sizeof(T))) == NULL) && errno == ENOMEM)
2026-10-09T01:15:08.6361733Z       |                                             ~~~~~~~~~^~~~~~~~~~~~~~~~~~~~~~~~~~~~~~~~
2026-10-09T01:15:08.6363264Z src/solver/mtl/Vec.h:38:7: note: ‘class Minisat::vec<unsigned int>’ declared here
2026-10-09T01:15:08.6364224Z    38 | class vec {
2026-10-09T01:15:08.6364798Z       |       ^~~
2026-10-09T01:15:08.6409522Z src/solver/Solver.cc: In member function ‘bool Minisat::Solver::failedLiteralDetection()’:
2026-10-09T01:15:08.6411495Z src/solver/Solver.cc:1038:100: warning: format ‘%llu’ expects argument of type ‘long long unsigned int’, but argument 7 has type ‘uint64_t’ {aka ‘long unsigned int’} [-Wformat=]
2026-10-09T01:15:08.6413520Z  1038 |   printf("c nbFailedLits %d, nbI %d, fixedVarsByFL %d, totalFixedVars %d, nbTested: %d, counter %llu\n",
2026-10-09T01:15:08.6414711Z       |                                                                                                 ~~~^
2026-10-09T01:15:08.6415682Z       |                                                                                                    |
2026-10-09T01:15:08.6416631Z       |                                                                                                    long long unsigned int
2026-10-09T01:15:08.6417588Z       |                                                                                                 %lu
2026-10-09T01:15:08.6418643Z  1039 |          nbFailedLits, nbI, trail.size()-initTrail, trail.size(), nbTested, counter);
2026-10-09T01:15:08.6419652Z       |                                                                             ~~~~~~~                 
2026-10-09T01:15:08.6420507Z       |                                                                             |
2026-10-09T01:15:08.6421387Z       |                                                                             uint64_t {aka long unsigned int}
2026-10-09T01:15:08.6480276Z src/solver/Solver.cc: In member function ‘bool Minisat::Solver::simplifyOriginalClauses()’:
2026-10-09T01:15:08.6482459Z src/solver/Solver.cc:1179:40: warning: format ‘%llu’ expects argument of type ‘long long unsigned int’, but argument 2 has type ‘uint64_t’ {aka ‘long unsigned int’} [-Wformat=]
2026-10-09T01:15:08.6484148Z  1179 |     printf("c total nb of literals: %llu\n", clauses_literals);
2026-10-09T01:15:08.6485094Z       |                                     ~~~^     ~~~~~~~~~~~~~~~~
2026-10-09T01:15:08.6485821Z       |                                        |     |
2026-10-09T01:15:08.6486548Z       |                                        |     uint64_t {aka long unsigned int}
2026-10-09T01:15:08.6487345Z       |                                        long long unsigned int
2026-10-09T01:15:08.6488036Z       |                                     %lu
2026-10-09T01:15:08.6489303Z src/solver/Solver.cc:1173:25: warning: unused variable ‘nbOriginalClauses_before’ [-Wunused-variable]
2026-10-09T01:15:08.6490509Z  1173 |     int last_shorten=0, nbOriginalClauses_before = clauses.size();
2026-10-09T01:15:08.6491344Z       |                         ^~~~~~~~~~~~~~~~~~~~~~~~
2026-10-09T01:15:08.6492607Z src/solver/Solver.cc:1185:17: warning: unused variable ‘begin_simp_time’ [-Wunused-variable]
2026-10-09T01:15:08.6493675Z  1185 |     double      begin_simp_time = cpuTime();
2026-10-09T01:15:08.6494690Z       |                 ^~~~~~~~~~~~~~~
2026-10-09T01:15:08.6496046Z src/solver/Solver.cc:1250:12: warning: variable ‘avg’ set but not used [-Wunused-but-set-variable]
2026-10-09T01:15:08.6497034Z  1250 |     double avg;
2026-10-09T01:15:08.6497589Z       |            ^~~
2026-10-09T01:15:08.6607565Z src/solver/Solver.cc: In member function ‘Minisat::CRef Minisat::Solver::propagate()’:
2026-10-09T01:15:08.6609356Z src/solver/Solver.cc:2005:31: warning: comparison of integer expressions of different signedness: ‘unsigned int’ and ‘int’ [-Wsign-compare]
2026-10-09T01:15:08.6610707Z  2005 |             if (c.lastPoint() > c.size())
2026-10-09T01:15:08.6611521Z       |                 ~~~~~~~~~~~~~~^~~~~~~~~~
2026-10-09T01:15:08.6613383Z src/solver/Solver.cc:2024:31: warning: comparison of integer expressions of different signedness: ‘int’ and ‘unsigned int’ [-Wsign-compare]
2026-10-09T01:15:08.6614743Z  2024 |             for (int k = 2; k < c.lastPoint(); k++) {
2026-10-09T01:15:08.6615600Z       |                             ~~^~~~~~~~~~~~~~~
2026-10-09T01:15:08.6617259Z src/solver/Solver.cc:2076:49: warning: comparison of integer expressions of different signedness: ‘int’ and ‘uint64_t’ {aka ‘long unsigned int’} [-Wsign-compare]
2026-10-09T01:15:08.6618747Z  2076 |     if (confl == CRef_Undef && falseLits.size() >= UB)
2026-10-09T01:15:08.6619518Z       |                                ~~~~~~~~~~~~~~~~~^~~~~
2026-10-09T01:15:08.6620679Z src/solver/Solver.cc:2072:1: warning: label ‘ExitProp’ defined but not used [-Wunused-label]
2026-10-09T01:15:08.6621614Z  2072 | ExitProp:;
2026-10-09T01:15:08.6622351Z       | ^~~~~~~~
2026-10-09T01:15:08.6640121Z src/solver/Solver.cc: In member function ‘void Minisat::Solver::getAllUIP(Minisat::vec<Minisat::Lit>&, int&, int&)’:
2026-10-09T01:15:08.6641773Z src/solver/Solver.cc:2177:9: warning: variable ‘myLevel’ set but not used [-Wunused-but-set-variable]
2026-10-09T01:15:08.6643126Z  2177 |     int myLevel = decisionLevel() +1;
2026-10-09T01:15:08.6643871Z       |         ^~~~~~~
2026-10-09T01:15:08.6645291Z src/solver/Solver.cc: In member function ‘void Minisat::Solver::analyzeSoftConflict(Minisat::vec<Minisat::Lit>&, int&, int&)’:
2026-10-09T01:15:08.6647368Z src/solver/Solver.cc:2196:26: warning: comparison of integer expressions of different signedness: ‘int’ and ‘uint64_t’ {aka ‘long unsigned int’} [-Wsign-compare]
2026-10-09T01:15:08.6648764Z  2196 |     if (falseLits.size() >= UB)
2026-10-09T01:15:08.6649422Z       |         ~~~~~~~~~~~~~~~~~^~~~~
2026-10-09T01:15:08.6650976Z src/solver/Solver.cc:2206:26: warning: comparison of integer expressions of different signedness: ‘int’ and ‘uint64_t’ {aka ‘long unsigned int’} [-Wsign-compare]
2026-10-09T01:15:08.6652550Z  2206 |     if (falseLits.size() > UB) {
2026-10-09T01:15:08.6653204Z       |         ~~~~~~~~~~~~~~~~~^~~~
2026-10-09T01:15:08.6701763Z src/solver/Solver.cc: In member function ‘bool Minisat::Solver::simplifyLearnt_local()’:
2026-10-09T01:15:08.6703900Z src/solver/Solver.cc:2631:34: warning: comparison of integer expressions of different signedness: ‘unsigned int’ and ‘int’ [-Wsign-compare]
2026-10-09T01:15:08.6705209Z  2631 |                     if (nblevels < c.lbd()){
2026-10-09T01:15:08.6705884Z       |                         ~~~~~~~~~^~~~~~~~~
2026-10-09T01:15:08.6707076Z src/solver/Solver.cc:2559:7: warning: unused variable ‘learnts_local_size_before’ [-Wunused-variable]
2026-10-09T01:15:08.6708204Z  2559 |   int learnts_local_size_before = learnts_local.size();
2026-10-09T01:15:08.6708937Z       |       ^~~~~~~~~~~~~~~~~~~~~~~~~
2026-10-09T01:15:08.6721620Z src/solver/Solver.cc:2560:7: warning: unused variable ‘savedTrail’ [-Wunused-variable]
2026-10-09T01:15:08.6722792Z  2560 |   int savedTrail = trail.size();
2026-10-09T01:15:08.6723401Z       |       ^~~~~~~~~~
2026-10-09T01:15:08.6724466Z src/solver/Solver.cc: In member function ‘void Minisat::Solver::reduceDB_core()’:
2026-10-09T01:15:08.6726123Z src/solver/Solver.cc:2772:9: warning: unused variable ‘totalLocalSize’ [-Wunused-variable]
2026-10-09T01:15:08.6727151Z  2772 |     int totalLocalSize=0, removedSize=0;
2026-10-09T01:15:08.6727986Z       |         ^~~~~~~~~~~~~~
2026-10-09T01:15:08.6728971Z src/solver/Solver.cc:2772:27: warning: unused variable ‘removedSize’ [-Wunused-variable]
2026-10-09T01:15:08.6729958Z  2772 |     int totalLocalSize=0, removedSize=0;
2026-10-09T01:15:08.6730622Z       |                           ^~~~~~~~~~~
2026-10-09T01:15:08.6748608Z src/solver/Solver.cc: In member function ‘Minisat::CRef Minisat::Solver::lPropagate()’:
2026-10-09T01:15:08.6750615Z src/solver/Solver.cc:3022:20: warning: comparison of integer expressions of different signedness: ‘uint64_t’ {aka ‘long unsigned int’} and ‘int’ [-Wsign-compare]
2026-10-09T01:15:08.6752430Z  3022 |   if (UB > 1 && UB == falseLits.size() + 1 && decisionLevel() < hardenLevel) {
2026-10-09T01:15:08.6753291Z       |                 ~~~^~~~~~~~~~~~~~~~~~~~~~~
2026-10-09T01:15:08.6772453Z src/solver/Solver.cc: In member function ‘void Minisat::Solver::identifyClausesToSplit(Minisat::vec<unsigned int>&)’:
2026-10-09T01:15:08.6774609Z src/solver/Solver.cc:3170:46: warning: comparison of integer expressions of different signedness: ‘int’ and ‘uint64_t’ {aka ‘long unsigned int’} [-Wsign-compare]
2026-10-09T01:15:08.6776175Z  3170 |     for(j=i+1; j<cs.size() && 2*nbCommunLits >= UB; j++) {
2026-10-09T01:15:08.6776968Z       |                               ~~~~~~~~~~~~~~~^~~~~
2026-10-09T01:15:08.6853543Z src/solver/Solver.cc: In member function ‘Minisat::lbool Minisat::Solver::search(int&)’:
2026-10-09T01:15:08.6855578Z src/solver/Solver.cc:3821:31: warning: format ‘%llu’ expects argument of type ‘long long unsigned int’, but argument 2 has type ‘uint64_t’ {aka ‘long unsigned int’} [-Wformat=]
2026-10-09T01:15:08.6857774Z  3821 |               printf("c UB=%llu succs, confls=%llu, hconfls=%llu, core %d, tier2 %d, local %d,  %d soft cls unsat (%d at L0), %d fixed vars at L0, softCnfl %d, nbFlyRd %d, nbFixedLH %llu\n",
2026-10-09T01:15:08.6859167Z       |                            ~~~^
2026-10-09T01:15:08.6859808Z       |                               |
2026-10-09T01:15:08.6860454Z       |                               long long unsigned int
2026-10-09T01:15:08.6861135Z       |                            %lu
2026-10-09T01:15:08.6862403Z  3822 |                      UB, conflicts, conflicts-softConflicts, learnts_core.size(), learnts_tier2.size(), learnts_local.size(),
2026-10-09T01:15:08.6863535Z       |                      ~~        
2026-10-09T01:15:08.6864125Z       |                      |
2026-10-09T01:15:08.6864759Z       |                      uint64_t {aka long unsigned int}
2026-10-09T01:15:08.6866543Z src/solver/Solver.cc:3821:50: warning: format ‘%llu’ expects argument of type ‘long long unsigned int’, but argument 3 has type ‘uint64_t’ {aka ‘long unsigned int’} [-Wformat=]
2026-10-09T01:15:08.6868742Z  3821 |               printf("c UB=%llu succs, confls=%llu, hconfls=%llu, core %d, tier2 %d, local %d,  %d soft cls unsat (%d at L0), %d fixed vars at L0, softCnfl %d, nbFlyRd %d, nbFixedLH %llu\n",
2026-10-09T01:15:08.6870153Z       |                                               ~~~^
2026-10-09T01:15:08.6870841Z       |                                                  |
2026-10-09T01:15:08.6871566Z       |                                                  long long unsigned int
2026-10-09T01:15:08.6872524Z       |                                               %lu
2026-10-09T01:15:08.6873637Z  3822 |                      UB, conflicts, conflicts-softConflicts, learnts_core.size(), learnts_tier2.size(), learnts_local.size(),
2026-10-09T01:15:08.6874799Z       |                          ~~~~~~~~~                
2026-10-09T01:15:08.6875449Z       |                          |
2026-10-09T01:15:08.6876078Z       |                          uint64_t {aka long unsigned int}
2026-10-09T01:15:08.6877780Z src/solver/Solver.cc:3821:64: warning: format ‘%llu’ expects argument of type ‘long long unsigned int’, but argument 4 has type ‘uint64_t’ {aka ‘long unsigned int’} [-Wformat=]
2026-10-09T01:15:08.6880273Z  3821 |               printf("c UB=%llu succs, confls=%llu, hconfls=%llu, core %d, tier2 %d, local %d,  %d soft cls unsat (%d at L0), %d fixed vars at L0, softCnfl %d, nbFlyRd %d, nbFixedLH %llu\n",
2026-10-09T01:15:08.6882156Z       |                                                             ~~~^
2026-10-09T01:15:08.6882927Z       |                                                                |
2026-10-09T01:15:08.6883705Z       |                                                                long long unsigned int
2026-10-09T01:15:08.6884534Z       |                                                             %lu
2026-10-09T01:15:08.6885661Z  3822 |                      UB, conflicts, conflicts-softConflicts, learnts_core.size(), learnts_tier2.size(), learnts_local.size(),
2026-10-09T01:15:08.6886833Z       |                                     ~~~~~~~~~~~~~~~~~~~~~~~     
2026-10-09T01:15:08.6887524Z       |                                              |
2026-10-09T01:15:08.6888266Z       |                                              uint64_t {aka long unsigned int}
2026-10-09T01:15:08.6890071Z src/solver/Solver.cc:3821:186: warning: format ‘%llu’ expects argument of type ‘long long unsigned int’, but argument 13 has type ‘uint64_t’ {aka ‘long unsigned int’} [-Wformat=]
2026-10-09T01:15:08.6892480Z  3821 |               printf("c UB=%llu succs, confls=%llu, hconfls=%llu, core %d, tier2 %d, local %d,  %d soft cls unsat (%d at L0), %d fixed vars at L0, softCnfl %d, nbFlyRd %d, nbFixedLH %llu\n",
2026-10-09T01:15:08.6894187Z       |                                                                                                                                                                                       ~~~^
2026-10-09T01:15:08.6895429Z       |                                                                                                                                                                                          |
2026-10-09T01:15:08.6896751Z       |                                                                                                                                                                                          long long unsigned int
2026-10-09T01:15:08.6898078Z       |                                                                                                                                                                                       %lu
2026-10-09T01:15:08.6899522Z  3822 |                      UB, conflicts, conflicts-softConflicts, learnts_core.size(), learnts_tier2.size(), learnts_local.size(),
2026-10-09T01:15:08.6900949Z  3823 |                      falseLits.size(), nbFalses, nbFixeds, pureSoftConfl, nbFlyReduced, nbFixedByLH);
2026-10-09T01:15:08.6902400Z       |                                                                                         ~~~~~~~~~~~                                                                                       
2026-10-09T01:15:08.6903521Z       |                                                                                         |
2026-10-09T01:15:08.6904446Z       |                                                                                         uint64_t {aka long unsigned int}
2026-10-09T01:15:08.6906336Z src/solver/Solver.cc:3825:48: warning: format ‘%llu’ expects argument of type ‘long long unsigned int’, but argument 3 has type ‘uint64_t’ {aka ‘long unsigned int’} [-Wformat=]
2026-10-09T01:15:08.6908543Z  3825 |               printf("c nbHardens %d (fixed %llu), shorten: %llu, prunedLB %4.2f, dev %4.2f, succRate %4.2f, nbSucc %llu, lk: %llu, shorten: %llu, quasiC: %llu (fixed: %llu)\n\n",
2026-10-09T01:15:08.6909935Z       |                                             ~~~^
2026-10-09T01:15:08.6910617Z       |                                                |
2026-10-09T01:15:08.6911324Z       |                                                long long unsigned int
2026-10-09T01:15:08.6912264Z       |                                             %lu
2026-10-09T01:15:08.6914093Z  3826 |                      nbHardens, fixedByHardens, nbSavedLits, meanLB, dev, succRate, nbLKsuccess-savednbLKsuccess, LOOKAHEAD-savedLOOKAHEAD, nbSavedLits, quasiSoftConflicts, fixedByQuasiConfl);
2026-10-09T01:15:08.6915914Z       |                                 ~~~~~~~~~~~~~~  
2026-10-09T01:15:08.6916687Z       |                                 |
2026-10-09T01:15:08.6917381Z       |                                 uint64_t {aka long unsigned int}
2026-10-09T01:15:08.6919129Z src/solver/Solver.cc:3825:64: warning: format ‘%llu’ expects argument of type ‘long long unsigned int’, but argument 4 has type ‘uint64_t’ {aka ‘long unsigned int’} [-Wformat=]
2026-10-09T01:15:08.6921246Z  3825 |               printf("c nbHardens %d (fixed %llu), shorten: %llu, prunedLB %4.2f, dev %4.2f, succRate %4.2f, nbSucc %llu, lk: %llu, shorten: %llu, quasiC: %llu (fixed: %llu)\n\n",
2026-10-09T01:15:08.6922893Z       |                                                             ~~~^
2026-10-09T01:15:08.6923900Z       |                                                                |
2026-10-09T01:15:08.6925028Z       |                                                                long long unsigned int
2026-10-09T01:15:08.6926147Z       |                                                             %lu
2026-10-09T01:15:08.6928477Z  3826 |                      nbHardens, fixedByHardens, nbSavedLits, meanLB, dev, succRate, nbLKsuccess-savednbLKsuccess, LOOKAHEAD-savedLOOKAHEAD, nbSavedLits, quasiSoftConflicts, fixedByQuasiConfl);
2026-10-09T01:15:08.6931005Z       |                                                 ~~~~~~~~~~~     
2026-10-09T01:15:08.6932015Z       |                                                 |
2026-10-09T01:15:08.6932742Z       |                                                 uint64_t {aka long unsigned int}
2026-10-09T01:15:08.6934535Z src/solver/Solver.cc:3825:120: warning: format ‘%llu’ expects argument of type ‘long long unsigned int’, but argument 8 has type ‘uint64_t’ {aka ‘long unsigned int’} [-Wformat=]
2026-10-09T01:15:08.6936633Z  3825 |               printf("c nbHardens %d (fixed %llu), shorten: %llu, prunedLB %4.2f, dev %4.2f, succRate %4.2f, nbSucc %llu, lk: %llu, shorten: %llu, quasiC: %llu (fixed: %llu)\n\n",
2026-10-09T01:15:08.6938131Z       |                                                                                                                     ~~~^
2026-10-09T01:15:08.6939136Z       |                                                                                                                        |
2026-10-09T01:15:08.6939804Z       |                                                                                                                        long long unsigned int
2026-10-09T01:15:08.6940549Z       |                                                                                                                     %lu
2026-10-09T01:15:08.6942553Z  3826 |                      nbHardens, fixedByHardens, nbSavedLits, meanLB, dev, succRate, nbLKsuccess-savednbLKsuccess, LOOKAHEAD-savedLOOKAHEAD, nbSavedLits, quasiSoftConflicts, fixedByQuasiConfl);
2026-10-09T01:15:08.6944336Z       |                                                                                     ~~~~~~~~~~~~~~~~~~~~~~~~~~~~        
2026-10-09T01:15:08.6945256Z       |                                                                                                |
2026-10-09T01:15:08.6946196Z       |                                                                                                uint64_t {aka long unsigned int}
2026-10-09T01:15:08.6948086Z src/solver/Solver.cc:3825:130: warning: format ‘%llu’ expects argument of type ‘long long unsigned int’, but argument 9 has type ‘uint64_t’ {aka ‘long unsigned int’} [-Wformat=]
2026-10-09T01:15:08.6950224Z  3825 |               printf("c nbHardens %d (fixed %llu), shorten: %llu, prunedLB %4.2f, dev %4.2f, succRate %4.2f, nbSucc %llu, lk: %llu, shorten: %llu, quasiC: %llu (fixed: %llu)\n\n",
2026-10-09T01:15:08.6952263Z       |                                                                                                                               ~~~^
2026-10-09T01:15:08.6953534Z       |                                                                                                                                  |
2026-10-09T01:15:08.6954648Z       |                                                                                                                                  long long unsigned int
2026-10-09T01:15:08.6955725Z       |                                                                                                                               %lu
2026-10-09T01:15:08.6957436Z  3826 |                      nbHardens, fixedByHardens, nbSavedLits, meanLB, dev, succRate, nbLKsuccess-savednbLKsuccess, LOOKAHEAD-savedLOOKAHEAD, nbSavedLits, quasiSoftConflicts, fixedByQuasiConfl);
2026-10-09T01:15:08.6959166Z       |                                                                                                                   ~~~~~~~~~~~~~~~~~~~~~~~~
2026-10-09T01:15:08.6960180Z       |                                                                                                                            |
2026-10-09T01:15:08.6961212Z       |                                                                                                                            uint64_t {aka long unsigned int}
2026-10-09T01:15:08.6963210Z src/solver/Solver.cc:3825:145: warning: format ‘%llu’ expects argument of type ‘long long unsigned int’, but argument 10 has type ‘uint64_t’ {aka ‘long unsigned int’} [-Wformat=]
2026-10-09T01:15:08.6965340Z  3825 |               printf("c nbHardens %d (fixed %llu), shorten: %llu, prunedLB %4.2f, dev %4.2f, succRate %4.2f, nbSucc %llu, lk: %llu, shorten: %llu, quasiC: %llu (fixed: %llu)\n\n",
2026-10-09T01:15:08.6966766Z       |                                                                                                                                              ~~~^
2026-10-09T01:15:08.6967954Z       |                                                                                                                                                 |
2026-10-09T01:15:08.6969087Z       |                                                                                                                                                 long long unsigned int
2026-10-09T01:15:08.6970174Z       |                                                                                                                                              %lu
2026-10-09T01:15:08.6972103Z  3826 |                      nbHardens, fixedByHardens, nbSavedLits, meanLB, dev, succRate, nbLKsuccess-savednbLKsuccess, LOOKAHEAD-savedLOOKAHEAD, nbSavedLits, quasiSoftConflicts, fixedByQuasiConfl);
2026-10-09T01:15:08.6973976Z       |                                                                                                                                             ~~~~~~~~~~~
2026-10-09T01:15:08.6975080Z       |                                                                                                                                             |
2026-10-09T01:15:08.6976229Z       |                                                                                                                                             uint64_t {aka long unsigned int}
2026-10-09T01:15:08.6978217Z src/solver/Solver.cc:3825:159: warning: format ‘%llu’ expects argument of type ‘long long unsigned int’, but argument 11 has type ‘uint64_t’ {aka ‘long unsigned int’} [-Wformat=]
2026-10-09T01:15:08.6980351Z  3825 |               printf("c nbHardens %d (fixed %llu), shorten: %llu, prunedLB %4.2f, dev %4.2f, succRate %4.2f, nbSucc %llu, lk: %llu, shorten: %llu, quasiC: %llu (fixed: %llu)\n\n",
2026-10-09T01:15:08.6982196Z       |                                                                                                                                                            ~~~^
2026-10-09T01:15:08.6983868Z       |                                                                                                                                                               |
2026-10-09T01:15:08.6985331Z       |                                                                                                                                                               long long unsigned int
2026-10-09T01:15:08.6986544Z       |                                                                                                                                                            %lu
2026-10-09T01:15:08.6988346Z  3826 |                      nbHardens, fixedByHardens, nbSavedLits, meanLB, dev, succRate, nbLKsuccess-savednbLKsuccess, LOOKAHEAD-savedLOOKAHEAD, nbSavedLits, quasiSoftConflicts, fixedByQuasiConfl);
2026-10-09T01:15:08.6990242Z       |                                                                                                                                                          ~~~~~~~~~~~~~~~~~~
2026-10-09T01:15:08.6991517Z       |                                                                                                                                                          |
2026-10-09T01:15:08.6992921Z       |                                                                                                                                                          uint64_t {aka long unsigned int}
2026-10-09T01:15:08.6994939Z src/solver/Solver.cc:3825:172: warning: format ‘%llu’ expects argument of type ‘long long unsigned int’, but argument 12 has type ‘uint64_t’ {aka ‘long unsigned int’} [-Wformat=]
2026-10-09T01:15:08.6997049Z  3825 |               printf("c nbHardens %d (fixed %llu), shorten: %llu, prunedLB %4.2f, dev %4.2f, succRate %4.2f, nbSucc %llu, lk: %llu, shorten: %llu, quasiC: %llu (fixed: %llu)\n\n",
2026-10-09T01:15:08.6998643Z       |                                                                                                                                                                         ~~~^
2026-10-09T01:15:08.6999844Z       |                                                                                                                                                                            |
2026-10-09T01:15:08.7001102Z       |                                                                                                                                                                            long long unsigned int
2026-10-09T01:15:08.7002531Z       |                                                                                                                                                                         %lu
2026-10-09T01:15:08.7004298Z  3826 |                      nbHardens, fixedByHardens, nbSavedLits, meanLB, dev, succRate, nbLKsuccess-savednbLKsuccess, LOOKAHEAD-savedLOOKAHEAD, nbSavedLits, quasiSoftConflicts, fixedByQuasiConfl);
2026-10-09T01:15:08.7006216Z       |                                                                                                                                                                              ~~~~~~~~~~~~~~~~~
2026-10-09T01:15:08.7007449Z       |                                                                                                                                                                              |
2026-10-09T01:15:08.7008770Z       |                                                                                                                                                                              uint64_t {aka long unsigned int}
2026-10-09T01:15:08.7010393Z src/solver/Solver.cc: In member function ‘Minisat::CRef Minisat::Solver::propagateForLK()’:
2026-10-09T01:15:08.7012380Z src/solver/Solver.cc:3984:27: warning: comparison of integer expressions of different signedness: ‘unsigned int’ and ‘int’ [-Wsign-compare]
2026-10-09T01:15:08.7013719Z  3984 |         if (c.lastPoint() > c.size())
2026-10-09T01:15:08.7014384Z       |             ~~~~~~~~~~~~~~^~~~~~~~~~
2026-10-09T01:15:08.7016072Z src/solver/Solver.cc:4003:27: warning: comparison of integer expressions of different signedness: ‘int’ and ‘unsigned int’ [-Wsign-compare]
2026-10-09T01:15:08.7017729Z  4003 |         for (int k = 2; k < c.lastPoint(); k++) {
2026-10-09T01:15:08.7018431Z       |                         ~~^~~~~~~~~~~~~~~
2026-10-09T01:15:08.7019895Z src/solver/Solver.cc: In member function ‘void Minisat::Solver::analyzeQuasiSoftConflict(Minisat::vec<Minisat::Lit>&, int&, int&)’:
2026-10-09T01:15:08.7022280Z src/solver/Solver.cc:4502:26: warning: comparison of integer expressions of different signedness: ‘int’ and ‘uint64_t’ {aka ‘long unsigned int’} [-Wsign-compare]
2026-10-09T01:15:08.7023731Z  4502 |     if (falseLits.size() > UB) {
2026-10-09T01:15:08.7024390Z       |         ~~~~~~~~~~~~~~~~~^~~~
2026-10-09T01:15:08.7025512Z src/solver/Solver.cc: In member function ‘bool Minisat::Solver::lookahead()’:
2026-10-09T01:15:08.7027347Z src/solver/Solver.cc:4843:17: warning: comparison of integer expressions of different signedness: ‘uint64_t’ {aka ‘long unsigned int’} and ‘int’ [-Wsign-compare]
2026-10-09T01:15:08.7028381Z  4843 |   if (conflicts > prevConflicts) {
2026-10-09T01:15:08.7028959Z       |       ~~~~~~~~~~^~~~~~~~~~~~~~~
2026-10-09T01:15:08.7049545Z src/solver/Solver.cc: In member function ‘void Minisat::Solver::addHardClausesForSoftClauses()’:
2026-10-09T01:15:08.7051602Z src/solver/Solver.cc:5088:70: warning: format ‘%llu’ expects argument of type ‘long long unsigned int’, but argument 5 has type ‘uint64_t’ {aka ‘long unsigned int’} [-Wformat=]
2026-10-09T01:15:08.7053454Z  5088 |   printf("c nb soft clauses: %d, of which %d unit, %d nonUnit and %llu empty\n",
2026-10-09T01:15:08.7054379Z       |                                                                   ~~~^
2026-10-09T01:15:08.7055127Z       |                                                                      |
2026-10-09T01:15:08.7055929Z       |                                                                      long long unsigned int
2026-10-09T01:15:08.7056769Z       |                                                                   %lu
2026-10-09T01:15:08.7057664Z  5089 |          softClauses.size(), nbUnitSoft, nbNonUnitSoft, solutionCost);
2026-10-09T01:15:08.7058508Z       |                                                         ~~~~~~~~~~~~  
2026-10-09T01:15:08.7059229Z       |                                                         |
2026-10-09T01:15:08.7059994Z       |                                                         uint64_t {aka long unsigned int}
2026-10-09T01:15:08.7074961Z src/solver/Solver.cc: In member function ‘void Minisat::Solver::printBestSolution() const’:
2026-10-09T01:15:08.7076923Z src/solver/Solver.cc:5239:49: warning: format ‘%llu’ expects argument of type ‘long long unsigned int’, but argument 2 has type ‘long unsigned int’ [-Wformat=]
2026-10-09T01:15:08.7078458Z  5239 |     printf("c   unsat soft clauses (search): %llu\n", bestSup);
2026-10-09T01:15:08.7079295Z       |                                              ~~~^     ~~~~~~~
2026-10-09T01:15:08.7080033Z       |                                                 |     |
2026-10-09T01:15:08.7080783Z       |                                                 |     long unsigned int
2026-10-09T01:15:08.7081549Z       |                                                 long long unsigned int
2026-10-09T01:15:08.7082517Z       |                                              %lu
2026-10-09T01:15:08.7084256Z src/solver/Solver.cc:5240:53: warning: format ‘%llu’ expects argument of type ‘long long unsigned int’, but argument 2 has type ‘uint64_t’ {aka ‘long unsigned int’} [-Wformat=]
2026-10-09T01:15:08.7085846Z  5240 |     printf("c   satisfied soft clauses (maxsat): %llu\n", maxsat);
2026-10-09T01:15:08.7086698Z       |                                                  ~~~^     ~~~~~~
2026-10-09T01:15:08.7087410Z       |                                                     |     |
2026-10-09T01:15:08.7088194Z       |                                                     |     uint64_t {aka long unsigned int}
2026-10-09T01:15:08.7089314Z       |                                                     long long unsigned int
2026-10-09T01:15:08.7090336Z       |                                                  %lu
2026-10-09T01:15:08.7092252Z src/solver/Solver.cc:5241:39: warning: format ‘%llu’ expects argument of type ‘long long unsigned int’, but argument 2 has type ‘uint64_t’ {aka ‘long unsigned int’} [-Wformat=]
2026-10-09T01:15:08.7093832Z  5241 |     printf("c   total weight cost: %llu\n", optimal);
2026-10-09T01:15:08.7094621Z       |                                    ~~~^     ~~~~~~~
2026-10-09T01:15:08.7095312Z       |                                       |     |
2026-10-09T01:15:08.7096039Z       |                                       |     uint64_t {aka long unsigned int}
2026-10-09T01:15:08.7096825Z       |                                       long long unsigned int
2026-10-09T01:15:08.7097533Z       |                                    %lu
2026-10-09T01:15:08.7098728Z src/solver/Solver.cc: In member function ‘void Minisat::Solver::checkSolution()’:
2026-10-09T01:15:08.7100548Z src/solver/Solver.cc:5257:15: warning: comparison of integer expressions of different signedness: ‘int’ and ‘uint64_t’ {aka ‘long unsigned int’} [-Wsign-compare]
2026-10-09T01:15:08.7102340Z  5257 |   if (nbFalse != falseLits.size()+fixedCostBySearch + relaxedCost)
2026-10-09T01:15:08.7103253Z       |       ~~~~~~~~^~~~~~~~~~~~~~~~~~~~~~~~~~~~~~~~~~~~~~~~~~~~~~~~~~~
2026-10-09T01:15:08.7104980Z src/solver/Solver.cc:5258:92: warning: format ‘%llu’ expects argument of type ‘long long unsigned int’, but argument 3 has type ‘uint64_t’ {aka ‘long unsigned int’} [-Wformat=]
2026-10-09T01:15:08.7106756Z  5258 |     printf("c **** error nb of false soft clauses real nbfalse: %d, recorded falseLits: %llu****\n",
2026-10-09T01:15:08.7107869Z       |                                                                                         ~~~^
2026-10-09T01:15:08.7108701Z       |                                                                                            |
2026-10-09T01:15:08.7109647Z       |                                                                                            long long unsigned int
2026-10-09T01:15:08.7110575Z       |                                                                                         %lu
2026-10-09T01:15:08.7111485Z  5259 |            nbFalse, falseLits.size()+fixedCostBySearch+relaxedCost);
2026-10-09T01:15:08.7112598Z       |                     ~~~~~~~~~~~~~~~~~~~~~~~~~~~~~~~~~~~~~~~~~~~~~~                          
2026-10-09T01:15:08.7113362Z       |                                                       |
2026-10-09T01:15:08.7114114Z       |                                                       uint64_t {aka long unsigned int}
2026-10-09T01:15:08.7115359Z src/solver/Solver.cc: In member function ‘void Minisat::Solver::partition()’:
2026-10-09T01:15:08.7117102Z src/solver/Solver.cc:5379:31: warning: comparison of integer expressions of different signedness: ‘unsigned int’ and ‘int’ [-Wsign-compare]
2026-10-09T01:15:08.7118392Z  5379 |         if (conflicted[var(q)]==iset.size()) {
2026-10-09T01:15:08.7119812Z src/solver/Solver.cc:5389:32: warning: comparison of integer expressions of different signedness: ‘unsigned int’ and ‘int’ [-Wsign-compare]
2026-10-09T01:15:08.7121119Z  5389 |         if (conflicted[var(q)] < iset.size())
2026-10-09T01:15:08.7122794Z src/solver/Solver.cc:5448:50: warning: comparison of integer expressions of different signedness: ‘unsigned int’ and ‘int’ [-Wsign-compare]
2026-10-09T01:15:08.7124152Z  5448 |         if (q != lit_Undef && conflicted[var(q)] == iset.size()) {
2026-10-09T01:15:08.7133784Z src/solver/Solver.cc:5521:38: warning: format ‘%llu’ expects argument of type ‘long long unsigned int’, but argument 3 has type ‘uint64_t’ {aka ‘long unsigned int’} [-Wformat=]
2026-10-09T01:15:08.7135473Z  5521 |   printf("c isets %d, derivedCost %llu\n", nbIsets, derivedCost);
2026-10-09T01:15:08.7136426Z       |                                   ~~~^              ~~~~~~~~~~~
2026-10-09T01:15:08.7137410Z       |                                      |              |
2026-10-09T01:15:08.7138332Z       |                                      |              uint64_t {aka long unsigned int}
2026-10-09T01:15:08.7139134Z       |                                      long long unsigned int
2026-10-09T01:15:08.7139798Z       |                                   %lu
2026-10-09T01:15:08.7167105Z src/solver/Solver.cc: In member function ‘Minisat::CRef Minisat::Solver::simplepropagateForLK()’:
2026-10-09T01:15:08.7168929Z src/solver/Solver.cc:5668:27: warning: comparison of integer expressions of different signedness: ‘unsigned int’ and ‘int’ [-Wsign-compare]
2026-10-09T01:15:08.7170216Z  5668 |         if (c.lastPoint() > c.size())
2026-10-09T01:15:08.7170865Z       |             ~~~~~~~~~~~~~~^~~~~~~~~~
2026-10-09T01:15:08.7172490Z src/solver/Solver.cc:5682:27: warning: comparison of integer expressions of different signedness: ‘int’ and ‘unsigned int’ [-Wsign-compare]
2026-10-09T01:15:08.7173838Z  5682 |         for (int k = 2; k < c.lastPoint(); k++) {
2026-10-09T01:15:08.7174567Z       |                         ~~^~~~~~~~~~~~~~~
2026-10-09T01:15:08.7257603Z src/solver/Solver.cc: In member function ‘void Minisat::Solver::addCardinalityConstraints()’:
2026-10-09T01:15:08.7259742Z src/solver/Solver.cc:6212:64: warning: format ‘%llu’ expects argument of type ‘long long unsigned int’, but argument 2 has type ‘uint64_t’ {aka ‘long unsigned int’} [-Wformat=]
2026-10-09T01:15:08.7261446Z  6212 |       printf("\nc Cardinality: off (soft-conflict only), UB %llu\n", UB);
2026-10-09T01:15:08.7262591Z       |                                                             ~~~^     ~~
2026-10-09T01:15:08.7263392Z       |                                                                |     |
2026-10-09T01:15:08.7264222Z       |                                                                |     uint64_t {aka long unsigned int}
2026-10-09T01:15:08.7265142Z       |                                                                long long unsigned int
2026-10-09T01:15:08.7265966Z       |                                                             %lu
2026-10-09T01:15:08.7267704Z src/solver/Solver.cc:6242:82: warning: comparison of integer expressions of different signedness: ‘int’ and ‘uint64_t’ {aka ‘long unsigned int’} [-Wsign-compare]
2026-10-09T01:15:08.7269443Z  6242 |   if (activeSoftLits.size() < 2 || UB - 1 - nbFalse < 1 || activeSoftLits.size() <= UB - 1 - nbFalse
2026-10-09T01:15:08.7270519Z       |                                                            ~~~~~~~~~~~~~~~~~~~~~~^~~~~~~~~~~~~~~~~~~
2026-10-09T01:15:08.7272523Z src/solver/Solver.cc:6261:46: warning: format ‘%llu’ expects argument of type ‘long long unsigned int’, but argument 4 has type ‘uint64_t’ {aka ‘long unsigned int’} [-Wformat=]
2026-10-09T01:15:08.7274194Z  6261 |   printf("\nc Cardinality: %d (%s) for UB %llu\n", cardinalityC.size(), enc, UB);
2026-10-09T01:15:08.7275130Z       |                                           ~~~^                               ~~
2026-10-09T01:15:08.7275945Z       |                                              |                               |
2026-10-09T01:15:08.7276879Z       |                                              long long unsigned int          uint64_t {aka long unsigned int}
2026-10-09T01:15:08.7277786Z       |                                           %lu
2026-10-09T01:15:08.7312703Z src/solver/Solver.cc: In member function ‘Minisat::lbool Minisat::Solver::solve_()’:
2026-10-09T01:15:08.7314750Z src/solver/Solver.cc:6610:79: warning: format ‘%llu’ expects argument of type ‘long long unsigned int’, but argument 5 has type ‘uint64_t’ {aka ‘long unsigned int’} [-Wformat=]
2026-10-09T01:15:08.7316217Z  6610 |     printf("c fixedCost %d, nbSatLits %d, totalFixedVars %d, objForSearch: %llu\n\n",
2026-10-09T01:15:08.7317071Z       |                                                                            ~~~^
2026-10-09T01:15:08.7317646Z       |                                                                               |
2026-10-09T01:15:08.7318596Z       |                                                                               long long unsigned int
2026-10-09T01:15:08.7319414Z       |                                                                            %lu
2026-10-09T01:15:08.7320085Z  6611 |                 fixedCost, nbSatLits, trail.size(), objForSearch);
2026-10-09T01:15:08.7320715Z       |                                                     ~~~~~~~~~~~~               
2026-10-09T01:15:08.7321266Z       |                                                     |
2026-10-09T01:15:08.7322030Z       |                                                     uint64_t {aka long unsigned int}
2026-10-09T01:15:08.7323847Z src/solver/Solver.cc:6639:35: warning: format ‘%llu’ expects argument of type ‘long long unsigned int’, but argument 2 has type ‘uint64_t’ {aka ‘long unsigned int’} [-Wformat=]
2026-10-09T01:15:08.7325296Z  6639 |         printf("c provided UB: %llu\n", providedUB);
2026-10-09T01:15:08.7326019Z       |                                ~~~^     ~~~~~~~~~~
2026-10-09T01:15:08.7326617Z       |                                   |     |
2026-10-09T01:15:08.7327173Z       |                                   |     uint64_t {aka long unsigned int}
2026-10-09T01:15:08.7327887Z       |                                   long long unsigned int
2026-10-09T01:15:08.7328409Z       |                                %lu
2026-10-09T01:15:08.7332343Z src/solver/Solver.cc:6642:54: warning: format ‘%llu’ expects argument of type ‘long long unsigned int’, but argument 2 has type ‘uint64_t’ {aka ‘long unsigned int’} [-Wformat=]
2026-10-09T01:15:08.7334401Z  6642 |         printf("c provided UB is invalide: initUB %llu, solCost %llu, costbySearch %llu, derivedCost %llu, relaxedCost: %llu\n", initUB, solutionCost, fixedCostBySearch, derivedCost, relaxedCost);
2026-10-09T01:15:08.7335895Z       |                                                   ~~~^                                                                           ~~~~~~
2026-10-09T01:15:08.7336748Z       |                                                      |                                                                           |
2026-10-09T01:15:08.7337718Z       |                                                      long long unsigned int                                                      uint64_t {aka long unsigned int}
2026-10-09T01:15:08.7338522Z       |                                                   %lu
2026-10-09T01:15:08.7339977Z src/solver/Solver.cc:6642:68: warning: format ‘%llu’ expects argument of type ‘long long unsigned int’, but argument 3 has type ‘uint64_t’ {aka ‘long unsigned int’} [-Wformat=]
2026-10-09T01:15:08.7342167Z  6642 |         printf("c provided UB is invalide: initUB %llu, solCost %llu, costbySearch %llu, derivedCost %llu, relaxedCost: %llu\n", initUB, solutionCost, fixedCostBySearch, derivedCost, relaxedCost);
2026-10-09T01:15:08.7343723Z       |                                                                 ~~~^                                                                     ~~~~~~~~~~~~
2026-10-09T01:15:08.7344597Z       |                                                                    |                                                                     |
2026-10-09T01:15:08.7345598Z       |                                                                    long long unsigned int                                                uint64_t {aka long unsigned int}
2026-10-09T01:15:08.7346451Z       |                                                                 %lu
2026-10-09T01:15:08.7347947Z src/solver/Solver.cc:6642:87: warning: format ‘%llu’ expects argument of type ‘long long unsigned int’, but argument 4 has type ‘uint64_t’ {aka ‘long unsigned int’} [-Wformat=]
2026-10-09T01:15:08.7349957Z  6642 |         printf("c provided UB is invalide: initUB %llu, solCost %llu, costbySearch %llu, derivedCost %llu, relaxedCost: %llu\n", initUB, solutionCost, fixedCostBySearch, derivedCost, relaxedCost);
2026-10-09T01:15:08.7351795Z       |                                                                                    ~~~^                                                                ~~~~~~~~~~~~~~~~~
2026-10-09T01:15:08.7354808Z       |                                                                                       |                                                                |
2026-10-09T01:15:08.7355879Z       |                                                                                       long long unsigned int                                           uint64_t {aka long unsigned int}
2026-10-09T01:15:08.7356802Z       |                                                                                    %lu
2026-10-09T01:15:08.7358384Z src/solver/Solver.cc:6642:105: warning: format ‘%llu’ expects argument of type ‘long long unsigned int’, but argument 5 has type ‘uint64_t’ {aka ‘long unsigned int’} [-Wformat=]
2026-10-09T01:15:08.7360453Z  6642 |         printf("c provided UB is invalide: initUB %llu, solCost %llu, costbySearch %llu, derivedCost %llu, relaxedCost: %llu\n", initUB, solutionCost, fixedCostBySearch, derivedCost, relaxedCost);
2026-10-09T01:15:08.7362277Z       |                                                                                                      ~~~^                                                                 ~~~~~~~~~~~
2026-10-09T01:15:08.7363282Z       |                                                                                                         |                                                                 |
2026-10-09T01:15:08.7364511Z       |                                                                                                         long long unsigned int                                            uint64_t {aka long unsigned int}
2026-10-09T01:15:08.7365532Z       |                                                                                                      %lu
2026-10-09T01:15:08.7367369Z src/solver/Solver.cc:6642:124: warning: format ‘%llu’ expects argument of type ‘long long unsigned int’, but argument 6 has type ‘uint64_t’ {aka ‘long unsigned int’} [-Wformat=]
2026-10-09T01:15:08.7369431Z  6642 |         printf("c provided UB is invalide: initUB %llu, solCost %llu, costbySearch %llu, derivedCost %llu, relaxedCost: %llu\n", initUB, solutionCost, fixedCostBySearch, derivedCost, relaxedCost);
2026-10-09T01:15:08.7371038Z       |                                                                                                                         ~~~^                                                           ~~~~~~~~~~~
2026-10-09T01:15:08.7372306Z       |                                                                                                                            |                                                           |
2026-10-09T01:15:08.7373519Z       |                                                                                                                            long long unsigned int                                      uint64_t {aka long unsigned int}
2026-10-09T01:15:08.7374576Z       |                                                                                                                         %lu
2026-10-09T01:15:08.7376220Z src/solver/Solver.cc:6664:58: warning: format ‘%llu’ expects argument of type ‘long long unsigned int’, but argument 2 has type ‘uint64_t’ {aka ‘long unsigned int’} [-Wformat=]
2026-10-09T01:15:08.7377653Z  6664 |       printf("c ends of initiationization by VSIDS at %llu conflicts with init %d\n\n",
2026-10-09T01:15:08.7378378Z       |                                                       ~~~^
2026-10-09T01:15:08.7378874Z       |                                                          |
2026-10-09T01:15:08.7379415Z       |                                                          long long unsigned int
2026-10-09T01:15:08.7379961Z       |                                                       %lu
2026-10-09T01:15:08.7380415Z  6665 |              conflicts, init);
2026-10-09T01:15:08.7381132Z       |              ~~~~~~~~~                                    
2026-10-09T01:15:08.7381744Z       |              |
2026-10-09T01:15:08.7382622Z       |              uint64_t {aka long unsigned int}
2026-10-09T01:15:08.7384092Z src/solver/Solver.cc:6694:50: warning: format ‘%llu’ expects argument of type ‘long long unsigned int’, but argument 3 has type ‘uint64_t’ {aka ‘long unsigned int’} [-Wformat=]
2026-10-09T01:15:08.7385514Z  6694 |           printf("c VSIDS phase %d: conflicts %llu, phase %llu, starts %llu, UP %llu\n",
2026-10-09T01:15:08.7386243Z       |                                               ~~~^
2026-10-09T01:15:08.7386718Z       |                                                  |
2026-10-09T01:15:08.7387238Z       |                                                  long long unsigned int
2026-10-09T01:15:08.7387782Z       |                                               %lu
2026-10-09T01:15:08.7388400Z  6695 |                  nbVSIDSphase, conflicts-savedConfl, phase_allotment,
2026-10-09T01:15:08.7389037Z       |                                ~~~~~~~~~~~~~~~~~~~~
2026-10-09T01:15:08.7389544Z       |                                         |
2026-10-09T01:15:08.7390066Z       |                                         uint64_t {aka long unsigned int}
2026-10-09T01:15:08.7391619Z src/solver/Solver.cc:6694:62: warning: format ‘%llu’ expects argument of type ‘long long unsigned int’, but argument 4 has type ‘uint64_t’ {aka ‘long unsigned int’} [-Wformat=]
2026-10-09T01:15:08.7393282Z  6694 |           printf("c VSIDS phase %d: conflicts %llu, phase %llu, starts %llu, UP %llu\n",
2026-10-09T01:15:08.7394027Z       |                                                           ~~~^
2026-10-09T01:15:08.7394554Z       |                                                              |
2026-10-09T01:15:08.7395117Z       |                                                              long long unsigned int
2026-10-09T01:15:08.7395704Z       |                                                           %lu
2026-10-09T01:15:08.7396351Z  6695 |                  nbVSIDSphase, conflicts-savedConfl, phase_allotment,
2026-10-09T01:15:08.7396983Z       |                                                      ~~~~~~~~~~~~~~~
2026-10-09T01:15:08.7397512Z       |                                                      |
2026-10-09T01:15:08.7398073Z       |                                                      uint64_t {aka long unsigned int}
2026-10-09T01:15:08.7399640Z src/solver/Solver.cc:6694:75: warning: format ‘%llu’ expects argument of type ‘long long unsigned int’, but argument 5 has type ‘uint64_t’ {aka ‘long unsigned int’} [-Wformat=]
2026-10-09T01:15:08.7401074Z  6694 |           printf("c VSIDS phase %d: conflicts %llu, phase %llu, starts %llu, UP %llu\n",
2026-10-09T01:15:08.7401817Z       |                                                                        ~~~^
2026-10-09T01:15:08.7402588Z       |                                                                           |
2026-10-09T01:15:08.7403230Z       |                                                                           long long unsigned int
2026-10-09T01:15:08.7403873Z       |                                                                        %lu
2026-10-09T01:15:08.7404524Z  6695 |                  nbVSIDSphase, conflicts-savedConfl, phase_allotment,
2026-10-09T01:15:08.7405237Z  6696 |                  starts-savedRestarts, propagations-savedUP);
2026-10-09T01:15:08.7405871Z       |                  ~~~~~~~~~~~~~~~~~~~~                                      
2026-10-09T01:15:08.7406390Z       |                        |
2026-10-09T01:15:08.7406835Z       |                        uint64_t {aka long unsigned int}
2026-10-09T01:15:08.7408352Z src/solver/Solver.cc:6694:84: warning: format ‘%llu’ expects argument of type ‘long long unsigned int’, but argument 6 has type ‘uint64_t’ {aka ‘long unsigned int’} [-Wformat=]
2026-10-09T01:15:08.7409776Z  6694 |           printf("c VSIDS phase %d: conflicts %llu, phase %llu, starts %llu, UP %llu\n",
2026-10-09T01:15:08.7410837Z       |                                                                                 ~~~^
2026-10-09T01:15:08.7411631Z       |                                                                                    |
2026-10-09T01:15:08.7412609Z       |                                                                                    long long unsigned int
2026-10-09T01:15:08.7413273Z       |                                                                                 %lu
2026-10-09T01:15:08.7413925Z  6695 |                  nbVSIDSphase, conflicts-savedConfl, phase_allotment,
2026-10-09T01:15:08.7414603Z  6696 |                  starts-savedRestarts, propagations-savedUP);
2026-10-09T01:15:08.7415237Z       |                                        ~~~~~~~~~~~~~~~~~~~~                         
2026-10-09T01:15:08.7415807Z       |                                                    |
2026-10-09T01:15:08.7416356Z       |                                                    uint64_t {aka long unsigned int}
2026-10-09T01:15:08.7417997Z src/solver/Solver.cc:6700:48: warning: format ‘%llu’ expects argument of type ‘long long unsigned int’, but argument 3 has type ‘uint64_t’ {aka ‘long unsigned int’} [-Wformat=]
2026-10-09T01:15:08.7419393Z  6700 |           printf("c LRB phase %d: conflicts %llu, phase %llu, starts %llu, UP %llu\n",
2026-10-09T01:15:08.7420088Z       |                                             ~~~^
2026-10-09T01:15:08.7420554Z       |                                                |
2026-10-09T01:15:08.7421063Z       |                                                long long unsigned int
2026-10-09T01:15:08.7421610Z       |                                             %lu
2026-10-09T01:15:08.7422392Z  6701 |                  nbLRBphase, conflicts-savedConfl, phase_allotment,
2026-10-09T01:15:08.7422981Z       |                              ~~~~~~~~~~~~~~~~~~~~
2026-10-09T01:15:08.7423439Z       |                                       |
2026-10-09T01:15:08.7423964Z       |                                       uint64_t {aka long unsigned int}
2026-10-09T01:15:08.7455367Z src/solver/Solver.cc:6700:60: warning: format ‘%llu’ expects argument of type ‘long long unsigned int’, but argument 4 has type ‘uint64_t’ {aka ‘long unsigned int’} [-Wformat=]
2026-10-09T01:15:08.7456964Z  6700 |           printf("c LRB phase %d: conflicts %llu, phase %llu, starts %llu, UP %llu\n",
2026-10-09T01:15:08.7457696Z       |                                                         ~~~^
2026-10-09T01:15:08.7458223Z       |                                                            |
2026-10-09T01:15:08.7458782Z       |                                                            long long unsigned int
2026-10-09T01:15:08.7459371Z       |                                                         %lu
2026-10-09T01:15:08.7460003Z  6701 |                  nbLRBphase, conflicts-savedConfl, phase_allotment,
2026-10-09T01:15:08.7460613Z       |                                                    ~~~~~~~~~~~~~~~
2026-10-09T01:15:08.7461155Z       |                                                    |
2026-10-09T01:15:08.7461725Z       |                                                    uint64_t {aka long unsigned int}
2026-10-09T01:15:08.7463657Z src/solver/Solver.cc:6700:73: warning: format ‘%llu’ expects argument of type ‘long long unsigned int’, but argument 5 has type ‘uint64_t’ {aka ‘long unsigned int’} [-Wformat=]
2026-10-09T01:15:08.7465085Z  6700 |           printf("c LRB phase %d: conflicts %llu, phase %llu, starts %llu, UP %llu\n",
2026-10-09T01:15:08.7465827Z       |                                                                      ~~~^
2026-10-09T01:15:08.7466394Z       |                                                                         |
2026-10-09T01:15:08.7466998Z       |                                                                         long long unsigned int
2026-10-09T01:15:08.7467631Z       |                                                                      %lu
2026-10-09T01:15:08.7468562Z  6701 |                  nbLRBphase, conflicts-savedConfl, phase_allotment,
2026-10-09T01:15:08.7469431Z  6702 |                  starts-savedRestarts, propagations-savedUP);
2026-10-09T01:15:08.7470062Z       |                  ~~~~~~~~~~~~~~~~~~~~                                    
2026-10-09T01:15:08.7470581Z       |                        |
2026-10-09T01:15:08.7471024Z       |                        uint64_t {aka long unsigned int}
2026-10-09T01:15:08.7473022Z src/solver/Solver.cc:6700:82: warning: format ‘%llu’ expects argument of type ‘long long unsigned int’, but argument 6 has type ‘uint64_t’ {aka ‘long unsigned int’} [-Wformat=]
2026-10-09T01:15:08.7474440Z  6700 |           printf("c LRB phase %d: conflicts %llu, phase %llu, starts %llu, UP %llu\n",
2026-10-09T01:15:08.7475189Z       |                                                                               ~~~^
2026-10-09T01:15:08.7475784Z       |                                                                                  |
2026-10-09T01:15:08.7476468Z       |                                                                                  long long unsigned int
2026-10-09T01:15:08.7477133Z       |                                                                               %lu
2026-10-09T01:15:08.7477786Z  6701 |                  nbLRBphase, conflicts-savedConfl, phase_allotment,
2026-10-09T01:15:08.7478498Z  6702 |                  starts-savedRestarts, propagations-savedUP);
2026-10-09T01:15:08.7479125Z       |                                        ~~~~~~~~~~~~~~~~~~~~                       
2026-10-09T01:15:08.7479683Z       |                                                    |
2026-10-09T01:15:08.7480222Z       |                                                    uint64_t {aka long unsigned int}
2026-10-09T01:15:08.7481749Z src/solver/Solver.cc:6747:25: warning: format ‘%llu’ expects argument of type ‘long long unsigned int’, but argument 2 has type ‘uint64_t’ {aka ‘long unsigned int’} [-Wformat=]
2026-10-09T01:15:08.7483546Z  6747 |         printf("c UB=%llu fails, cnfls=%llu, hcnfls=%llu, core %d, tier2 %d, local %d, quasiC: %llu (fixed: %llu)\n",
2026-10-09T01:15:08.7484378Z       |                      ~~~^
2026-10-09T01:15:08.7484781Z       |                         |
2026-10-09T01:15:08.7485213Z       |                         long long unsigned int
2026-10-09T01:15:08.7485672Z       |                      %lu
2026-10-09T01:15:08.7486704Z  6748 |                UB, conflicts, conflicts-softConflicts, learnts_core.size(), learnts_tier2.size(), learnts_local.size(), quasiSoftConflicts, fixedByQuasiConfl);
2026-10-09T01:15:08.7487764Z       |                ~~        
2026-10-09T01:15:08.7488131Z       |                |
2026-10-09T01:15:08.7488523Z       |                uint64_t {aka long unsigned int}
2026-10-09T01:15:08.7490002Z src/solver/Solver.cc:6747:43: warning: format ‘%llu’ expects argument of type ‘long long unsigned int’, but argument 3 has type ‘uint64_t’ {aka ‘long unsigned int’} [-Wformat=]
2026-10-09T01:15:08.7492029Z  6747 |         printf("c UB=%llu fails, cnfls=%llu, hcnfls=%llu, core %d, tier2 %d, local %d, quasiC: %llu (fixed: %llu)\n",
2026-10-09T01:15:08.7493312Z       |                                        ~~~^
2026-10-09T01:15:08.7493769Z       |                                           |
2026-10-09T01:15:08.7494261Z       |                                           long long unsigned int
2026-10-09T01:15:08.7494781Z       |                                        %lu
2026-10-09T01:15:08.7495903Z  6748 |                UB, conflicts, conflicts-softConflicts, learnts_core.size(), learnts_tier2.size(), learnts_local.size(), quasiSoftConflicts, fixedByQuasiConfl);
2026-10-09T01:15:08.7497007Z       |                    ~~~~~~~~~               
2026-10-09T01:15:08.7497445Z       |                    |
2026-10-09T01:15:08.7497864Z       |                    uint64_t {aka long unsigned int}
2026-10-09T01:15:08.7499425Z src/solver/Solver.cc:6747:56: warning: format ‘%llu’ expects argument of type ‘long long unsigned int’, but argument 4 has type ‘uint64_t’ {aka ‘long unsigned int’} [-Wformat=]
2026-10-09T01:15:08.7500958Z  6747 |         printf("c UB=%llu fails, cnfls=%llu, hcnfls=%llu, core %d, tier2 %d, local %d, quasiC: %llu (fixed: %llu)\n",
2026-10-09T01:15:08.7501791Z       |                                                     ~~~^
2026-10-09T01:15:08.7502507Z       |                                                        |
2026-10-09T01:15:08.7503045Z       |                                                        long long unsigned int
2026-10-09T01:15:08.7503590Z       |                                                     %lu
2026-10-09T01:15:08.7504710Z  6748 |                UB, conflicts, conflicts-softConflicts, learnts_core.size(), learnts_tier2.size(), learnts_local.size(), quasiSoftConflicts, fixedByQuasiConfl);
2026-10-09T01:15:08.7505831Z       |                               ~~~~~~~~~~~~~~~~~~~~~~~   
2026-10-09T01:15:08.7506312Z       |                                        |
2026-10-09T01:15:08.7506845Z       |                                        uint64_t {aka long unsigned int}
2026-10-09T01:15:08.7508388Z src/solver/Solver.cc:6747:99: warning: format ‘%llu’ expects argument of type ‘long long unsigned int’, but argument 8 has type ‘uint64_t’ {aka ‘long unsigned int’} [-Wformat=]
2026-10-09T01:15:08.7509949Z  6747 |         printf("c UB=%llu fails, cnfls=%llu, hcnfls=%llu, core %d, tier2 %d, local %d, quasiC: %llu (fixed: %llu)\n",
2026-10-09T01:15:08.7510866Z       |                                                                                                ~~~^
2026-10-09T01:15:08.7511529Z       |                                                                                                   |
2026-10-09T01:15:08.7512677Z       |                                                                                                   long long unsigned int
2026-10-09T01:15:08.7513404Z       |                                                                                                %lu
2026-10-09T01:15:08.7514655Z  6748 |                UB, conflicts, conflicts-softConflicts, learnts_core.size(), learnts_tier2.size(), learnts_local.size(), quasiSoftConflicts, fixedByQuasiConfl);
2026-10-09T01:15:08.7515951Z       |                                                                                                                         ~~~~~~~~~~~~~~~~~~
2026-10-09T01:15:08.7516828Z       |                                                                                                                         |
2026-10-09T01:15:08.7517665Z       |                                                                                                                         uint64_t {aka long unsigned int}
2026-10-09T01:15:08.7519381Z src/solver/Solver.cc:6747:112: warning: format ‘%llu’ expects argument of type ‘long long unsigned int’, but argument 9 has type ‘uint64_t’ {aka ‘long unsigned int’} [-Wformat=]
2026-10-09T01:15:08.7521600Z  6747 |         printf("c UB=%llu fails, cnfls=%llu, hcnfls=%llu, core %d, tier2 %d, local %d, quasiC: %llu (fixed: %llu)\n",
2026-10-09T01:15:08.7522949Z       |                                                                                                             ~~~^
2026-10-09T01:15:08.7523686Z       |                                                                                                                |
2026-10-09T01:15:08.7524468Z       |                                                                                                                long long unsigned int
2026-10-09T01:15:08.7525265Z       |                                                                                                             %lu
2026-10-09T01:15:08.7526463Z  6748 |                UB, conflicts, conflicts-softConflicts, learnts_core.size(), learnts_tier2.size(), learnts_local.size(), quasiSoftConflicts, fixedByQuasiConfl);
2026-10-09T01:15:08.7527763Z       |                                                                                                                                             ~~~~~~~~~~~~~~~~~
2026-10-09T01:15:08.7528629Z       |                                                                                                                                             |
2026-10-09T01:15:08.7529564Z       |                                                                                                                                             uint64_t {aka long unsigned int}
2026-10-09T01:15:08.7531322Z src/solver/Solver.cc:6749:72: warning: format ‘%llu’ expects argument of type ‘long long unsigned int’, but argument 5 has type ‘uint64_t’ {aka ‘long unsigned int’} [-Wformat=]
2026-10-09T01:15:08.7543696Z  6749 |         printf("c prunedLB %4.2f, dev %4.2f, succRate %4.2f, nbSucc %llu, nbHardens %d (fixed %llu), lk: %llu, shorten: %llu, pureSo %d, nbFlyRd %d, nbFixedLH %llu\n",
2026-10-09T01:15:08.7544834Z       |                                                                     ~~~^
2026-10-09T01:15:08.7545425Z       |                                                                        |
2026-10-09T01:15:08.7546041Z       |                                                                        long long unsigned int
2026-10-09T01:15:08.7546683Z       |                                                                     %lu
2026-10-09T01:15:08.7547223Z  6750 |                meanLB, dev, succRate,
2026-10-09T01:15:08.7548381Z  6751 |                nbLKsuccess-savednbLKsuccess, nbHardens, fixedByHardens, LOOKAHEAD-savedLOOKAHEAD, nbSavedLits, pureSoftConfl, nbFlyReduced, nbFixedByLH);
2026-10-09T01:15:08.7549583Z       |                ~~~~~~~~~~~~~~~~~~~~~~~~~~~~                             
2026-10-09T01:15:08.7550110Z       |                           |
2026-10-09T01:15:08.7550576Z       |                           uint64_t {aka long unsigned int}
2026-10-09T01:15:08.7552330Z src/solver/Solver.cc:6749:98: warning: format ‘%llu’ expects argument of type ‘long long unsigned int’, but argument 7 has type ‘uint64_t’ {aka ‘long unsigned int’} [-Wformat=]
2026-10-09T01:15:08.7554150Z  6749 |         printf("c prunedLB %4.2f, dev %4.2f, succRate %4.2f, nbSucc %llu, nbHardens %d (fixed %llu), lk: %llu, shorten: %llu, pureSo %d, nbFlyRd %d, nbFixedLH %llu\n",
2026-10-09T01:15:08.7555347Z       |                                                                                               ~~~^
2026-10-09T01:15:08.7556042Z       |                                                                                                  |
2026-10-09T01:15:08.7556763Z       |                                                                                                  long long unsigned int
2026-10-09T01:15:08.7557472Z       |                                                                                               %lu
2026-10-09T01:15:08.7558044Z  6750 |                meanLB, dev, succRate,
2026-10-09T01:15:08.7559200Z  6751 |                nbLKsuccess-savednbLKsuccess, nbHardens, fixedByHardens, LOOKAHEAD-savedLOOKAHEAD, nbSavedLits, pureSoftConfl, nbFlyReduced, nbFixedByLH);
2026-10-09T01:15:08.7560737Z       |                                                         ~~~~~~~~~~~~~~                            
2026-10-09T01:15:08.7561497Z       |                                                         |
2026-10-09T01:15:08.7562297Z       |                                                         uint64_t {aka long unsigned int}
2026-10-09T01:15:08.7563871Z src/solver/Solver.cc:6749:109: warning: format ‘%llu’ expects argument of type ‘long long unsigned int’, but argument 8 has type ‘uint64_t’ {aka ‘long unsigned int’} [-Wformat=]
2026-10-09T01:15:08.7565697Z  6749 |         printf("c prunedLB %4.2f, dev %4.2f, succRate %4.2f, nbSucc %llu, nbHardens %d (fixed %llu), lk: %llu, shorten: %llu, pureSo %d, nbFlyRd %d, nbFixedLH %llu\n",
2026-10-09T01:15:08.7566881Z       |                                                                                                          ~~~^
2026-10-09T01:15:08.7567627Z       |                                                                                                             |
2026-10-09T01:15:08.7568407Z       |                                                                                                             long long unsigned int
2026-10-09T01:15:08.7569200Z       |                                                                                                          %lu
2026-10-09T01:15:08.7569807Z  6750 |                meanLB, dev, succRate,
2026-10-09T01:15:08.7570964Z  6751 |                nbLKsuccess-savednbLKsuccess, nbHardens, fixedByHardens, LOOKAHEAD-savedLOOKAHEAD, nbSavedLits, pureSoftConfl, nbFlyReduced, nbFixedByLH);
2026-10-09T01:15:08.7582874Z       |                                                                         ~~~~~~~~~~~~~~~~~~~~~~~~             
2026-10-09T01:15:08.7583564Z       |                                                                                  |
2026-10-09T01:15:08.7584258Z       |                                                                                  uint64_t {aka long unsigned int}
2026-10-09T01:15:08.7585939Z src/solver/Solver.cc:6749:124: warning: format ‘%llu’ expects argument of type ‘long long unsigned int’, but argument 9 has type ‘uint64_t’ {aka ‘long unsigned int’} [-Wformat=]
2026-10-09T01:15:08.7587798Z  6749 |         printf("c prunedLB %4.2f, dev %4.2f, succRate %4.2f, nbSucc %llu, nbHardens %d (fixed %llu), lk: %llu, shorten: %llu, pureSo %d, nbFlyRd %d, nbFixedLH %llu\n",
2026-10-09T01:15:08.7589005Z       |                                                                                                                         ~~~^
2026-10-09T01:15:08.7589797Z       |                                                                                                                            |
2026-10-09T01:15:08.7590628Z       |                                                                                                                            long long unsigned int
2026-10-09T01:15:08.7591485Z       |                                                                                                                         %lu
2026-10-09T01:15:08.7592374Z  6750 |                meanLB, dev, succRate,
2026-10-09T01:15:08.7593520Z  6751 |                nbLKsuccess-savednbLKsuccess, nbHardens, fixedByHardens, LOOKAHEAD-savedLOOKAHEAD, nbSavedLits, pureSoftConfl, nbFlyReduced, nbFixedByLH);
2026-10-09T01:15:08.7594857Z       |                                                                                                   ~~~~~~~~~~~               
2026-10-09T01:15:08.7595590Z       |                                                                                                   |
2026-10-09T01:15:08.7596362Z       |                                                                                                   uint64_t {aka long unsigned int}
2026-10-09T01:15:08.7598040Z src/solver/Solver.cc:6749:163: warning: format ‘%llu’ expects argument of type ‘long long unsigned int’, but argument 12 has type ‘uint64_t’ {aka ‘long unsigned int’} [-Wformat=]
2026-10-09T01:15:08.7600133Z  6749 |         printf("c prunedLB %4.2f, dev %4.2f, succRate %4.2f, nbSucc %llu, nbHardens %d (fixed %llu), lk: %llu, shorten: %llu, pureSo %d, nbFlyRd %d, nbFixedLH %llu\n",
2026-10-09T01:15:08.7601645Z       |                                                                                                                                                                ~~~^
2026-10-09T01:15:08.7602787Z       |                                                                                                                                                                   |
2026-10-09T01:15:08.7603768Z       |                                                                                                                                                                   long long unsigned int
2026-10-09T01:15:08.7604724Z       |                                                                                                                                                                %lu
2026-10-09T01:15:08.7605413Z  6750 |                meanLB, dev, succRate,
2026-10-09T01:15:08.7606516Z  6751 |                nbLKsuccess-savednbLKsuccess, nbHardens, fixedByHardens, LOOKAHEAD-savedLOOKAHEAD, nbSavedLits, pureSoftConfl, nbFlyReduced, nbFixedByLH);
2026-10-09T01:15:08.7607816Z       |                                                                                                                                             ~~~~~~~~~~~            
2026-10-09T01:15:08.7608663Z       |                                                                                                                                             |
2026-10-09T01:15:08.7609532Z       |                                                                                                                                             uint64_t {aka long unsigned int}
2026-10-09T01:15:08.7611230Z src/solver/Solver.cc:6777:25: warning: format ‘%llu’ expects argument of type ‘long long unsigned int’, but argument 2 has type ‘uint64_t’ {aka ‘long unsigned int’} [-Wformat=]
2026-10-09T01:15:08.7613560Z  6777 |         printf("c UB=%llu succ, confls=%llu and hconfls=%llu with %d soft clauses unsat (%d at level 0) and %d fixed vars at level 0,  prunedLB %4.2f, dev %4.2f, succRate %4.2f, nbSucc %llu, shortened : %llu\n",
2026-10-09T01:15:08.7614827Z       |                      ~~~^
2026-10-09T01:15:08.7615214Z       |                         |
2026-10-09T01:15:08.7615628Z       |                         long long unsigned int
2026-10-09T01:15:08.7616045Z       |                      %lu
2026-10-09T01:15:08.7616773Z  6778 |                UB, conflicts, conflicts-softConflicts, falseLits.size(), nbFalses, nbFixeds,
2026-10-09T01:15:08.7617482Z       |                ~~        
2026-10-09T01:15:08.7617868Z       |                |
2026-10-09T01:15:08.7618262Z       |                uint64_t {aka long unsigned int}
2026-10-09T01:15:08.7619745Z src/solver/Solver.cc:6777:43: warning: format ‘%llu’ expects argument of type ‘long long unsigned int’, but argument 3 has type ‘uint64_t’ {aka ‘long unsigned int’} [-Wformat=]
2026-10-09T01:15:08.7621738Z  6777 |         printf("c UB=%llu succ, confls=%llu and hconfls=%llu with %d soft clauses unsat (%d at level 0) and %d fixed vars at level 0,  prunedLB %4.2f, dev %4.2f, succRate %4.2f, nbSucc %llu, shortened : %llu\n",
2026-10-09T01:15:08.7623223Z       |                                        ~~~^
2026-10-09T01:15:08.7623677Z       |                                           |
2026-10-09T01:15:08.7624168Z       |                                           long long unsigned int
2026-10-09T01:15:08.7624673Z       |                                        %lu
2026-10-09T01:15:08.7625383Z  6778 |                UB, conflicts, conflicts-softConflicts, falseLits.size(), nbFalses, nbFixeds,
2026-10-09T01:15:08.7626097Z       |                    ~~~~~~~~~               
2026-10-09T01:15:08.7626519Z       |                    |
2026-10-09T01:15:08.7626923Z       |                    uint64_t {aka long unsigned int}
2026-10-09T01:15:08.7628587Z src/solver/Solver.cc:6777:60: warning: format ‘%llu’ expects argument of type ‘long long unsigned int’, but argument 4 has type ‘uint64_t’ {aka ‘long unsigned int’} [-Wformat=]
2026-10-09T01:15:08.7630669Z  6777 |         printf("c UB=%llu succ, confls=%llu and hconfls=%llu with %d soft clauses unsat (%d at level 0) and %d fixed vars at level 0,  prunedLB %4.2f, dev %4.2f, succRate %4.2f, nbSucc %llu, shortened : %llu\n",
2026-10-09T01:15:08.7632139Z       |                                                         ~~~^
2026-10-09T01:15:08.7632648Z       |                                                            |
2026-10-09T01:15:08.7633198Z       |                                                            long long unsigned int
2026-10-09T01:15:08.7633766Z       |                                                         %lu
2026-10-09T01:15:08.7634507Z  6778 |                UB, conflicts, conflicts-softConflicts, falseLits.size(), nbFalses, nbFixeds,
2026-10-09T01:15:08.7635251Z       |                               ~~~~~~~~~~~~~~~~~~~~~~~       
2026-10-09T01:15:08.7635737Z       |                                        |
2026-10-09T01:15:08.7636242Z       |                                        uint64_t {aka long unsigned int}
2026-10-09T01:15:08.7637782Z src/solver/Solver.cc:6777:189: warning: format ‘%llu’ expects argument of type ‘long long unsigned int’, but argument 11 has type ‘uint64_t’ {aka ‘long unsigned int’} [-Wformat=]
2026-10-09T01:15:08.7639798Z  6777 |         printf("c UB=%llu succ, confls=%llu and hconfls=%llu with %d soft clauses unsat (%d at level 0) and %d fixed vars at level 0,  prunedLB %4.2f, dev %4.2f, succRate %4.2f, nbSucc %llu, shortened : %llu\n",
2026-10-09T01:15:08.7641392Z       |                                                                                                                                                                                          ~~~^
2026-10-09T01:15:08.7642761Z       |                                                                                                                                                                                             |
2026-10-09T01:15:08.7643869Z       |                                                                                                                                                                                             long long unsigned int
2026-10-09T01:15:08.7644964Z       |                                                                                                                                                                                          %lu
2026-10-09T01:15:08.7645987Z  6778 |                UB, conflicts, conflicts-softConflicts, falseLits.size(), nbFalses, nbFixeds,
2026-10-09T01:15:08.7646830Z  6779 |                meanLB, dev, succRate, nbLKsuccess, nbSavedLits);
2026-10-09T01:15:08.7647703Z       |                                       ~~~~~~~~~~~                                                                                                                                            
2026-10-09T01:15:08.7648467Z       |                                       |
2026-10-09T01:15:08.7648978Z       |                                       uint64_t {aka long unsigned int}
2026-10-09T01:15:08.7650510Z src/solver/Solver.cc:6777:207: warning: format ‘%llu’ expects argument of type ‘long long unsigned int’, but argument 12 has type ‘uint64_t’ {aka ‘long unsigned int’} [-Wformat=]
2026-10-09T01:15:08.7652664Z  6777 |         printf("c UB=%llu succ, confls=%llu and hconfls=%llu with %d soft clauses unsat (%d at level 0) and %d fixed vars at level 0,  prunedLB %4.2f, dev %4.2f, succRate %4.2f, nbSucc %llu, shortened : %llu\n",
2026-10-09T01:15:08.7654230Z       |                                                                                                                                                                                                            ~~~^
2026-10-09T01:15:08.7655607Z       |                                                                                                                                                                                                               |
2026-10-09T01:15:08.7656943Z       |                                                                                                                                                                                                               long long unsigned int
2026-10-09T01:15:08.7658178Z       |                                                                                                                                                                                                            %lu
2026-10-09T01:15:08.7659257Z  6778 |                UB, conflicts, conflicts-softConflicts, falseLits.size(), nbFalses, nbFixeds,
2026-10-09T01:15:08.7660081Z  6779 |                meanLB, dev, succRate, nbLKsuccess, nbSavedLits);
2026-10-09T01:15:08.7660991Z       |                                                    ~~~~~~~~~~~                                                                                                                                                 
2026-10-09T01:15:08.7661824Z       |                                                    |
2026-10-09T01:15:08.7662587Z       |                                                    uint64_t {aka long unsigned int}
2026-10-09T01:15:08.7664092Z src/solver/Solver.cc:6806:17: warning: comparison of integer expressions of different signedness: ‘uint64_t’ {aka ‘long unsigned int’} and ‘int’ [-Wsign-compare]
2026-10-09T01:15:08.7665222Z  6806 |         if (inf > falseLits.size())
2026-10-09T01:15:08.7665674Z       |             ~~~~^~~~~~~~~~~~~~~~~~
2026-10-09T01:15:08.7667003Z src/solver/Solver.cc:6814:34: warning: format ‘%llu’ expects argument of type ‘long long unsigned int’, but argument 2 has type ‘uint64_t’ {aka ‘long unsigned int’} [-Wformat=]
2026-10-09T01:15:08.7668275Z  6814 |       else printf("c error UB %llu, inf %llu, sup %llu\n", UB, inf, sup);
2026-10-09T01:15:08.7668949Z       |                               ~~~^                         ~~
2026-10-09T01:15:08.7669484Z       |                                  |                         |
2026-10-09T01:15:08.7670129Z       |                                  long long unsigned int    uint64_t {aka long unsigned int}
2026-10-09T01:15:08.7670755Z       |                               %lu
2026-10-09T01:15:08.7672469Z src/solver/Solver.cc:6814:44: warning: format ‘%llu’ expects argument of type ‘long long unsigned int’, but argument 3 has type ‘uint64_t’ {aka ‘long unsigned int’} [-Wformat=]
2026-10-09T01:15:08.7673819Z  6814 |       else printf("c error UB %llu, inf %llu, sup %llu\n", UB, inf, sup);
2026-10-09T01:15:08.7674485Z       |                                         ~~~^                   ~~~
2026-10-09T01:15:08.7675016Z       |                                            |                   |
2026-10-09T01:15:08.7675619Z       |                                            |                   uint64_t {aka long unsigned int}
2026-10-09T01:15:08.7676271Z       |                                            long long unsigned int
2026-10-09T01:15:08.7676811Z       |                                         %lu
2026-10-09T01:15:08.7678235Z src/solver/Solver.cc:6814:54: warning: format ‘%llu’ expects argument of type ‘long long unsigned int’, but argument 4 has type ‘uint64_t’ {aka ‘long unsigned int’} [-Wformat=]
2026-10-09T01:15:08.7679563Z  6814 |       else printf("c error UB %llu, inf %llu, sup %llu\n", UB, inf, sup);
2026-10-09T01:15:08.7680228Z       |                                                   ~~~^              ~~~
2026-10-09T01:15:08.7680779Z       |                                                      |              |
2026-10-09T01:15:08.7681400Z       |                                                      |              uint64_t {aka long unsigned int}
2026-10-09T01:15:08.7682252Z       |                                                      long long unsigned int
2026-10-09T01:15:08.7682801Z       |                                                   %lu
2026-10-09T01:15:08.7684589Z src/solver/Solver.cc:6836:57: warning: format ‘%llu’ expects argument of type ‘long long unsigned int’, but argument 2 has type ‘uint64_t’ {aka ‘long unsigned int’} [-Wformat=]
2026-10-09T01:15:08.7686199Z  6836 |       printf("c no feasible solution, hardConflicts: %llu\n", conflicts - softConflicts);
2026-10-09T01:15:08.7686988Z       |                                                      ~~~^     ~~~~~~~~~~~~~~~~~~~~~~~~~
2026-10-09T01:15:08.7687581Z       |                                                         |               |
2026-10-09T01:15:08.7688205Z       |                                                         |               uint64_t {aka long unsigned int}
2026-10-09T01:15:08.7688848Z       |                                                         long long unsigned int
2026-10-09T01:15:08.7689391Z       |                                                      %lu
2026-10-09T01:15:08.7690809Z src/solver/Solver.cc:6839:30: warning: format ‘%llu’ expects argument of type ‘long long unsigned int’, but argument 2 has type ‘uint64_t’ {aka ‘long unsigned int’} [-Wformat=]
2026-10-09T01:15:08.7692485Z  6839 |       printf("c initCost: %llu, fixedBySearch: %llu, optimal: %llu, maxsat: %llu, hardConflicts: %llu\n",
2026-10-09T01:15:08.7693248Z       |                           ~~~^
2026-10-09T01:15:08.7693635Z       |                              |
2026-10-09T01:15:08.7694073Z       |                              long long unsigned int
2026-10-09T01:15:08.7694541Z       |                           %lu
2026-10-09T01:15:08.7695002Z  6840 |              solutionCost, fixedCostBySearch,
2026-10-09T01:15:08.7695478Z       |              ~~~~~~~~~~~~     
2026-10-09T01:15:08.7695856Z       |              |
2026-10-09T01:15:08.7696228Z       |              uint64_t {aka long unsigned int}
2026-10-09T01:15:08.7697692Z src/solver/Solver.cc:6839:51: warning: format ‘%llu’ expects argument of type ‘long long unsigned int’, but argument 3 has type ‘uint64_t’ {aka ‘long unsigned int’} [-Wformat=]
2026-10-09T01:15:08.7699203Z  6839 |       printf("c initCost: %llu, fixedBySearch: %llu, optimal: %llu, maxsat: %llu, hardConflicts: %llu\n",
2026-10-09T01:15:08.7700022Z       |                                                ~~~^
2026-10-09T01:15:08.7700512Z       |                                                   |
2026-10-09T01:15:08.7701044Z       |                                                   long long unsigned int
2026-10-09T01:15:08.7701591Z       |                                                %lu
2026-10-09T01:15:08.7702395Z  6840 |              solutionCost, fixedCostBySearch,
2026-10-09T01:15:08.7702911Z       |                            ~~~~~~~~~~~~~~~~~       
2026-10-09T01:15:08.7703364Z       |                            |
2026-10-09T01:15:08.7703815Z       |                            uint64_t {aka long unsigned int}
2026-10-09T01:15:08.7705330Z src/solver/Solver.cc:6839:66: warning: format ‘%llu’ expects argument of type ‘long long unsigned int’, but argument 4 has type ‘uint64_t’ {aka ‘long unsigned int’} [-Wformat=]
2026-10-09T01:15:08.7706868Z  6839 |       printf("c initCost: %llu, fixedBySearch: %llu, optimal: %llu, maxsat: %llu, hardConflicts: %llu\n",
2026-10-09T01:15:08.7707708Z       |                                                               ~~~^
2026-10-09T01:15:08.7708237Z       |                                                                  |
2026-10-09T01:15:08.7708816Z       |                                                                  long long unsigned int
2026-10-09T01:15:08.7709416Z       |                                                               %lu
2026-10-09T01:15:08.7709956Z  6840 |              solutionCost, fixedCostBySearch,
2026-10-09T01:15:08.7710454Z  6841 |              lastOptimalCost,
2026-10-09T01:15:08.7710925Z       |              ~~~~~~~~~~~~~~~                                      
2026-10-09T01:15:08.7711408Z       |              |
2026-10-09T01:15:08.7711795Z       |              uint64_t {aka long unsigned int}
2026-10-09T01:15:08.7713697Z src/solver/Solver.cc:6839:80: warning: format ‘%llu’ expects argument of type ‘long long unsigned int’, but argument 5 has type ‘uint64_t’ {aka ‘long unsigned int’} [-Wformat=]
2026-10-09T01:15:08.7715386Z  6839 |       printf("c initCost: %llu, fixedBySearch: %llu, optimal: %llu, maxsat: %llu, hardConflicts: %llu\n",
2026-10-09T01:15:08.7716252Z       |                                                                             ~~~^
2026-10-09T01:15:08.7716908Z       |                                                                                |
2026-10-09T01:15:08.7717548Z       |                                                                                long long unsigned int
2026-10-09T01:15:08.7718183Z       |                                                                             %lu
2026-10-09T01:15:08.7718662Z ......
2026-10-09T01:15:08.7719123Z  6842 |              objForSearch-sup + nbSatLits, conflicts - softConflicts);
2026-10-09T01:15:08.7719821Z       |              ~~~~~~~~~~~~~~~~~~~~~~~~~~~~                                       
2026-10-09T01:15:08.7720356Z       |                               |
2026-10-09T01:15:08.7720821Z       |                               uint64_t {aka long unsigned int}
2026-10-09T01:15:08.7722508Z src/solver/Solver.cc:6839:101: warning: format ‘%llu’ expects argument of type ‘long long unsigned int’, but argument 6 has type ‘uint64_t’ {aka ‘long unsigned int’} [-Wformat=]
2026-10-09T01:15:08.7724007Z  6839 |       printf("c initCost: %llu, fixedBySearch: %llu, optimal: %llu, maxsat: %llu, hardConflicts: %llu\n",
2026-10-09T01:15:08.7724923Z       |                                                                                                  ~~~^
2026-10-09T01:15:08.7725585Z       |                                                                                                     |
2026-10-09T01:15:08.7726311Z       |                                                                                                     long long unsigned int
2026-10-09T01:15:08.7727051Z       |                                                                                                  %lu
2026-10-09T01:15:08.7727594Z ......
2026-10-09T01:15:08.7728067Z  6842 |              objForSearch-sup + nbSatLits, conflicts - softConflicts);
2026-10-09T01:15:08.7728803Z       |                                            ~~~~~~~~~~~~~~~~~~~~~~~~~                                 
2026-10-09T01:15:08.7729417Z       |                                                      |
2026-10-09T01:15:08.7729985Z       |                                                      uint64_t {aka long unsigned int}
2026-10-09T01:15:08.7731540Z src/solver/Solver.cc:6844:24: warning: format ‘%llu’ expects argument of type ‘long long unsigned int’, but argument 2 has type ‘uint64_t’ {aka ‘long unsigned int’} [-Wformat=]
2026-10-09T01:15:08.7733436Z  6844 |     printf("c nbLK: %llu, nbSuccLK: %llu(%4.2f%%), nbLKup: %llu(%4.2f%%), hardens %u (fixed %llu), dynVars %d, shorten: %llu\n",
2026-10-09T01:15:08.7734314Z       |                     ~~~^
2026-10-09T01:15:08.7734695Z       |                        |
2026-10-09T01:15:08.7735090Z       |                        long long unsigned int
2026-10-09T01:15:08.7735534Z       |                     %lu
2026-10-09T01:15:08.7736108Z  6845 |            LOOKAHEAD, nbLKsuccess, 100.0*nbLKsuccess/LOOKAHEAD, lk_propagations,
2026-10-09T01:15:08.7736738Z       |            ~~~~~~~~~    
2026-10-09T01:15:08.7737079Z       |            |
2026-10-09T01:15:08.7737427Z       |            uint64_t {aka long unsigned int}
2026-10-09T01:15:08.7738860Z src/solver/Solver.cc:6844:40: warning: format ‘%llu’ expects argument of type ‘long long unsigned int’, but argument 3 has type ‘uint64_t’ {aka ‘long unsigned int’} [-Wformat=]
2026-10-09T01:15:08.7740391Z  6844 |     printf("c nbLK: %llu, nbSuccLK: %llu(%4.2f%%), nbLKup: %llu(%4.2f%%), hardens %u (fixed %llu), dynVars %d, shorten: %llu\n",
2026-10-09T01:15:08.7741203Z       |                                     ~~~^
2026-10-09T01:15:08.7742050Z       |                                        |
2026-10-09T01:15:08.7742685Z       |                                        long long unsigned int
2026-10-09T01:15:08.7743192Z       |                                     %lu
2026-10-09T01:15:08.7743852Z  6845 |            LOOKAHEAD, nbLKsuccess, 100.0*nbLKsuccess/LOOKAHEAD, lk_propagations,
2026-10-09T01:15:08.7744535Z       |                       ~~~~~~~~~~~       
2026-10-09T01:15:08.7744957Z       |                       |
2026-10-09T01:15:08.7745384Z       |                       uint64_t {aka long unsigned int}
2026-10-09T01:15:08.7746876Z src/solver/Solver.cc:6844:63: warning: format ‘%llu’ expects argument of type ‘long long unsigned int’, but argument 5 has type ‘uint64_t’ {aka ‘long unsigned int’} [-Wformat=]
2026-10-09T01:15:08.7748431Z  6844 |     printf("c nbLK: %llu, nbSuccLK: %llu(%4.2f%%), nbLKup: %llu(%4.2f%%), hardens %u (fixed %llu), dynVars %d, shorten: %llu\n",
2026-10-09T01:15:08.7749344Z       |                                                            ~~~^
2026-10-09T01:15:08.7749886Z       |                                                               |
2026-10-09T01:15:08.7750469Z       |                                                               long long unsigned int
2026-10-09T01:15:08.7751061Z       |                                                            %lu
2026-10-09T01:15:08.7751757Z  6845 |            LOOKAHEAD, nbLKsuccess, 100.0*nbLKsuccess/LOOKAHEAD, lk_propagations,
2026-10-09T01:15:08.7752686Z       |                                                                 ~~~~~~~~~~~~~~~
2026-10-09T01:15:08.7753249Z       |                                                                 |
2026-10-09T01:15:08.7753858Z       |                                                                 uint64_t {aka long unsigned int}
2026-10-09T01:15:08.7755440Z src/solver/Solver.cc:6844:96: warning: format ‘%llu’ expects argument of type ‘long long unsigned int’, but argument 8 has type ‘uint64_t’ {aka ‘long unsigned int’} [-Wformat=]
2026-10-09T01:15:08.7757009Z  6844 |     printf("c nbLK: %llu, nbSuccLK: %llu(%4.2f%%), nbLKup: %llu(%4.2f%%), hardens %u (fixed %llu), dynVars %d, shorten: %llu\n",
2026-10-09T01:15:08.7757968Z       |                                                                                             ~~~^
2026-10-09T01:15:08.7758624Z       |                                                                                                |
2026-10-09T01:15:08.7759325Z       |                                                                                                long long unsigned int
2026-10-09T01:15:08.7760040Z       |                                                                                             %lu
2026-10-09T01:15:08.7760804Z  6845 |            LOOKAHEAD, nbLKsuccess, 100.0*nbLKsuccess/LOOKAHEAD, lk_propagations,
2026-10-09T01:15:08.7762170Z  6846 |            100.0*lk_propagations/propagations, nbHardens, fixedByHardens, nVars()-staticNbVars, nbSavedLits);
2026-10-09T01:15:08.7763131Z       |                                                           ~~~~~~~~~~~~~~                        
2026-10-09T01:15:08.7763709Z       |                                                           |
2026-10-09T01:15:08.7764298Z       |                                                           uint64_t {aka long unsigned int}
2026-10-09T01:15:08.7765884Z src/solver/Solver.cc:6844:124: warning: format ‘%llu’ expects argument of type ‘long long unsigned int’, but argument 10 has type ‘uint64_t’ {aka ‘long unsigned int’} [-Wformat=]
2026-10-09T01:15:08.7767500Z  6844 |     printf("c nbLK: %llu, nbSuccLK: %llu(%4.2f%%), nbLKup: %llu(%4.2f%%), hardens %u (fixed %llu), dynVars %d, shorten: %llu\n",
2026-10-09T01:15:08.7768513Z       |                                                                                                                         ~~~^
2026-10-09T01:15:08.7769558Z       |                                                                                                                            |
2026-10-09T01:15:08.7770398Z       |                                                                                                                            long long unsigned int
2026-10-09T01:15:08.7771414Z       |                                                                                                                         %lu
2026-10-09T01:15:08.7772431Z  6845 |            LOOKAHEAD, nbLKsuccess, 100.0*nbLKsuccess/LOOKAHEAD, lk_propagations,
2026-10-09T01:15:08.7773497Z  6846 |            100.0*lk_propagations/propagations, nbHardens, fixedByHardens, nVars()-staticNbVars, nbSavedLits);
2026-10-09T01:15:08.7774501Z       |                                                                                                 ~~~~~~~~~~~                 
2026-10-09T01:15:08.7775225Z       |                                                                                                 |
2026-10-09T01:15:08.7775982Z       |                                                                                                 uint64_t {aka long unsigned int}
2026-10-09T01:15:08.7941403Z In file included from src/solver/mtl/Sort.h:24,
2026-10-09T01:15:08.7942623Z                  from src/solver/Solver.cc:106:
2026-10-09T01:15:08.7944292Z src/solver/mtl/Vec.h: In instantiation of ‘void Minisat::vec<T>::capacity(int) [with T = Minisat::vec<Minisat::Solver::Watcher>]’:
2026-10-09T01:15:08.7946182Z src/solver/mtl/Vec.h:115:13:   required from ‘void Minisat::vec<T>::growTo(int) [with T = Minisat::vec<Minisat::Solver::Watcher>]’
2026-10-09T01:15:08.7948672Z src/solver/SolverTypes.h:339:50:   required from ‘void Minisat::OccLists<Idx, Vec, Deleted>::init(const Idx&) [with Idx = Minisat::Lit; Vec = Minisat::vec<Minisat::Solver::Watcher>; Deleted = Minisat::Solver::WatcherDeleted]’
2026-10-09T01:15:08.7950423Z src/solver/Solver.cc:1272:21:   required from here
2026-10-09T01:15:08.7952710Z src/solver/mtl/Vec.h:99:54: warning: ‘void* realloc(void*, size_t)’ moving an object of non-trivially copyable type ‘class Minisat::vec<Minisat::Solver::Watcher>’; use ‘new’ and ‘delete’ instead [-Wclass-memaccess]
2026-10-09T01:15:08.7954793Z    99 |     if (add > INT_MAX - cap || ((data = (T*)::realloc(data, (cap += add) * sizeof(T))) == NULL) && errno == ENOMEM)
2026-10-09T01:15:08.7955884Z       |                                             ~~~~~~~~~^~~~~~~~~~~~~~~~~~~~~~~~~~~~~~~~
2026-10-09T01:15:08.7957142Z src/solver/mtl/Vec.h:38:7: note: ‘class Minisat::vec<Minisat::Solver::Watcher>’ declared here
2026-10-09T01:15:08.7958069Z    38 | class vec {
2026-10-09T01:15:08.7958583Z       |       ^~~
2026-10-09T01:15:08.7959844Z src/solver/mtl/Vec.h: In instantiation of ‘void Minisat::vec<T>::capacity(int) [with T = Minisat::vec<Minisat::Lit>]’:
2026-10-09T01:15:08.7961564Z src/solver/mtl/Vec.h:115:13:   required from ‘void Minisat::vec<T>::growTo(int) [with T = Minisat::vec<Minisat::Lit>]’
2026-10-09T01:15:08.7963786Z src/solver/Solver.h:72:50:   required from ‘void Minisat::vec2<Idx, Vec>::init(const Idx&) [with Idx = Minisat::Lit; Vec = Minisat::vec<Minisat::Lit>]’
2026-10-09T01:15:08.7965081Z src/solver/Solver.cc:1312:22:   required from here
2026-10-09T01:15:08.7967032Z src/solver/mtl/Vec.h:99:54: warning: ‘void* realloc(void*, size_t)’ moving an object of non-trivially copyable type ‘class Minisat::vec<Minisat::Lit>’; use ‘new’ and ‘delete’ instead [-Wclass-memaccess]
2026-10-09T01:15:08.7968975Z    99 |     if (add > INT_MAX - cap || ((data = (T*)::realloc(data, (cap += add) * sizeof(T))) == NULL) && errno == ENOMEM)
2026-10-09T01:15:08.7970069Z       |                                             ~~~~~~~~~^~~~~~~~~~~~~~~~~~~~~~~~~~~~~~~~
2026-10-09T01:15:08.7971244Z src/solver/mtl/Vec.h:38:7: note: ‘class Minisat::vec<Minisat::Lit>’ declared here
2026-10-09T01:15:08.7972353Z    38 | class vec {
2026-10-09T01:15:08.7972890Z       |       ^~~
2026-10-09T01:15:08.7974038Z src/solver/mtl/Vec.h: In instantiation of ‘void Minisat::vec<T>::capacity(int) [with T = Minisat::vec<int>]’:
2026-10-09T01:15:08.7976003Z src/solver/mtl/Vec.h:115:13:   required from ‘void Minisat::vec<T>::growTo(int) [with T = Minisat::vec<int>]’
2026-10-09T01:15:08.7977983Z src/solver/Solver.h:72:50:   required from ‘void Minisat::vec2<Idx, Vec>::init(const Idx&) [with Idx = int; Vec = Minisat::vec<int>]’
2026-10-09T01:15:08.7979172Z src/solver/Solver.cc:4250:13:   required from here
2026-10-09T01:15:08.7981028Z src/solver/mtl/Vec.h:99:54: warning: ‘void* realloc(void*, size_t)’ moving an object of non-trivially copyable type ‘class Minisat::vec<int>’; use ‘new’ and ‘delete’ instead [-Wclass-memaccess]
2026-10-09T01:15:08.7983106Z    99 |     if (add > INT_MAX - cap || ((data = (T*)::realloc(data, (cap += add) * sizeof(T))) == NULL) && errno == ENOMEM)
2026-10-09T01:15:08.7984172Z       |                                             ~~~~~~~~~^~~~~~~~~~~~~~~~~~~~~~~~~~~~~~~~
2026-10-09T01:15:08.7985285Z src/solver/mtl/Vec.h:38:7: note: ‘class Minisat::vec<int>’ declared here
2026-10-09T01:15:08.7986056Z    38 | class vec {
2026-10-09T01:15:08.7986528Z       |       ^~~
2026-10-09T01:15:08.8422117Z src/solver/Solver.cc: In member function ‘void Minisat::Solver::emitBoundsUpdate()’:
2026-10-09T01:15:08.8423439Z src/solver/Solver.cc:5204:24: warning: ignoring return value of ‘ssize_t write(int, const void*, size_t)’ declared with attribute ‘warn_unused_result’ [-Wunused-result]
2026-10-09T01:15:08.8424227Z  5204 |             (void)write(bounds_pipe_w, buf, (size_t)n);
2026-10-09T01:15:08.8424587Z       |                   ~~~~~^~~~~~~~~~~~~~~~~~~~~~~~~~~~~~~
2026-10-09T01:15:08.8425428Z src/solver/Solver.cc:5210:24: warning: ignoring return value of ‘ssize_t write(int, const void*, size_t)’ declared with attribute ‘warn_unused_result’ [-Wunused-result]
2026-10-09T01:15:08.8426154Z  5210 |             (void)write(bounds_pipe_w, buf, (size_t)n);
2026-10-09T01:15:08.8426483Z       |                   ~~~~~^~~~~~~~~~~~~~~~~~~~~~~~~~~~~~~
2026-10-09T01:15:08.8427040Z src/solver/Solver.cc: In member function ‘void Minisat::Solver::emitTryUpdate(uint64_t)’:
2026-10-09T01:15:08.8427990Z src/solver/Solver.cc:5220:20: warning: ignoring return value of ‘ssize_t write(int, const void*, size_t)’ declared with attribute ‘warn_unused_result’ [-Wunused-result]
2026-10-09T01:15:08.8428699Z  5220 |         (void)write(bounds_pipe_w, buf, (size_t)n);
2026-10-09T01:15:08.8429020Z       |               ~~~~~^~~~~~~~~~~~~~~~~~~~~~~~~~~~~~~
2026-10-09T01:15:11.5829289Z In file included from src/solver/Solver.h:54:
2026-10-09T01:15:11.5830618Z In function ‘Minisat::Lit Minisat::operator~(Lit)’,
2026-10-09T01:15:11.5831566Z     inlined from ‘void Minisat::Solver::analyze(Minisat::CRef, Minisat::vec<Minisat::Lit>&, int&, int&)’ at src/solver/Solver.cc:1757:22:
2026-10-09T01:15:11.5833254Z src/solver/SolverTypes.h:73:64: warning: ‘p.Minisat::Lit::x’ may be used uninitialized [-Wmaybe-uninitialized]
2026-10-09T01:15:11.5834243Z    73 | inline  Lit  operator ~(Lit p)              { Lit q; q.x = p.x ^ 1; return q; }
2026-10-09T01:15:11.5834925Z       |                                                            ~~~~^~~
2026-10-09T01:15:11.5835697Z src/solver/Solver.cc: In member function ‘void Minisat::Solver::analyze(Minisat::CRef, Minisat::vec<Minisat::Lit>&, int&, int&)’:
2026-10-09T01:15:11.5836466Z src/solver/Solver.cc:1671:9: note: ‘p.Minisat::Lit::x’ was declared here
2026-10-09T01:15:11.5836845Z  1671 |     Lit p; //     = lit_Undef;
2026-10-09T01:15:11.5837102Z       |         ^
2026-10-09T01:15:11.6635200Z In function ‘Minisat::Lit Minisat::operator~(Lit)’,
2026-10-09T01:15:11.6636293Z     inlined from ‘void Minisat::Solver::analyzeSoftConflict(Minisat::vec<Minisat::Lit>&, int&, int&)’ at src/solver/Solver.cc:2396:22:
2026-10-09T01:15:11.6637292Z src/solver/SolverTypes.h:73:64: warning: ‘p.Minisat::Lit::x’ may be used uninitialized [-Wmaybe-uninitialized]
2026-10-09T01:15:11.6637947Z    73 | inline  Lit  operator ~(Lit p)              { Lit q; q.x = p.x ^ 1; return q; }
2026-10-09T01:15:11.6638365Z       |                                                            ~~~~^~~
2026-10-09T01:15:11.6639460Z src/solver/Solver.cc: In member function ‘void Minisat::Solver::analyzeSoftConflict(Minisat::vec<Minisat::Lit>&, int&, int&)’:
2026-10-09T01:15:11.6640359Z src/solver/Solver.cc:2193:9: note: ‘p.Minisat::Lit::x’ was declared here
2026-10-09T01:15:11.6640716Z  2193 |     Lit p;
2026-10-09T01:15:11.6640915Z       |         ^
2026-10-09T01:15:11.7970895Z In function ‘Minisat::Lit Minisat::operator~(Lit)’,
2026-10-09T01:15:11.7972242Z     inlined from ‘void Minisat::Solver::analyzeQuasiSoftConflict(Minisat::vec<Minisat::Lit>&, int&, int&)’ at src/solver/Solver.cc:4664:22:
2026-10-09T01:15:11.7973414Z src/solver/SolverTypes.h:73:64: warning: ‘p.Minisat::Lit::x’ may be used uninitialized [-Wmaybe-uninitialized]
2026-10-09T01:15:11.7974049Z    73 | inline  Lit  operator ~(Lit p)              { Lit q; q.x = p.x ^ 1; return q; }
2026-10-09T01:15:11.7974468Z       |                                                            ~~~~^~~
2026-10-09T01:15:11.7975280Z src/solver/Solver.cc: In member function ‘void Minisat::Solver::analyzeQuasiSoftConflict(Minisat::vec<Minisat::Lit>&, int&, int&)’:
2026-10-09T01:15:11.7976067Z src/solver/Solver.cc:4492:9: note: ‘p.Minisat::Lit::x’ was declared here
2026-10-09T01:15:11.7976423Z  4492 |     Lit p;
2026-10-09T01:15:11.7976626Z       |         ^
2026-10-09T01:15:14.9154198Z g++ -Isrc/solver -Wall -Wno-parentheses -O3 -g -D __STDC_LIMIT_MACROS -D __STDC_FORMAT_MACROS -DNDEBUG -o bin/distqldpc src/core/distqldpc.cc build/SimpSolver.o build/Solver.o build/Options.o build/System.o -lz
2026-10-09T01:15:14.9157691Z g++ -Isrc/solver -Wall -Wno-parentheses -O3 -g -D __STDC_LIMIT_MACROS -D __STDC_FORMAT_MACROS -DNDEBUG -o bin/maxcdcl src/solver/Main.cc build/SimpSolver.o build/Solver.o build/Options.o build/System.o -lz
2026-10-09T01:15:14.9622822Z In file included from src/solver/Main.cc:51:
2026-10-09T01:15:14.9623985Z src/solver/utils/Options.h:285:29: warning: invalid suffix on literal; C++11 requires a space between literal and string macro [-Wliteral-suffix]
2026-10-09T01:15:14.9625095Z   285 |             fprintf(stderr, "%4"PRIi64, range.begin);
2026-10-09T01:15:14.9625605Z       |                             ^
2026-10-09T01:15:14.9626328Z src/solver/utils/Options.h:291:29: warning: invalid suffix on literal; C++11 requires a space between literal and string macro [-Wliteral-suffix]
2026-10-09T01:15:14.9626967Z   291 |             fprintf(stderr, "%4"PRIi64, range.end);
2026-10-09T01:15:14.9627267Z       |                             ^
2026-10-09T01:15:14.9628094Z src/solver/utils/Options.h:293:25: warning: invalid suffix on literal; C++11 requires a space between literal and string macro [-Wliteral-suffix]
2026-10-09T01:15:14.9629174Z   293 |         fprintf(stderr, "] (default: %"PRIi64")\n", value);
2026-10-09T01:15:14.9629696Z       |                         ^
2026-10-09T01:15:14.9639159Z src/solver/Main.cc:84:16: warning: invalid suffix on literal; C++11 requires a space between literal and string macro [-Wliteral-suffix]
2026-10-09T01:15:14.9640309Z    84 |         printf("c restarts              : %"PRIu64"\n", solver.starts);
2026-10-09T01:15:14.9640828Z       |                ^
2026-10-09T01:15:14.9641369Z src/solver/Main.cc:85:16: warning: invalid suffix on literal; C++11 requires a space between literal and string macro [-Wliteral-suffix]
2026-10-09T01:15:14.9642717Z    85 |         printf("c conflicts             : %-12"PRIu64"   (%.0f /sec)\n", solver.conflicts, solver.conflicts / cpu_time);
2026-10-09T01:15:14.9643857Z       |                ^
2026-10-09T01:15:14.9644875Z src/solver/Main.cc:86:16: warning: invalid suffix on literal; C++11 requires a space between literal and string macro [-Wliteral-suffix]
2026-10-09T01:15:14.9646635Z    86 |         printf("c decisions             : %-12"PRIu64"   (%4.2f %% random) (%.0f /sec)\n", solver.decisions, (float)solver.rnd_decisions * 100 / (float)solver.decisions, solver.decisions / cpu_time);
2026-10-09T01:15:14.9647906Z       |                ^
2026-10-09T01:15:14.9649276Z src/solver/Main.cc:87:16: warning: invalid suffix on literal; C++11 requires a space between literal and string macro [-Wliteral-suffix]
2026-10-09T01:15:14.9650946Z    87 |         printf("c propagations          : %-12"PRIu64"   (%.0f /sec)\n", solver.propagations, solver.propagations / cpu_time);
2026-10-09T01:15:14.9652070Z       |                ^
2026-10-09T01:15:14.9653208Z src/solver/Main.cc:88:16: warning: invalid suffix on literal; C++11 requires a space between literal and string macro [-Wliteral-suffix]
2026-10-09T01:15:14.9654919Z    88 |         printf("c conflict literals     : %-12"PRIu64"   (%4.2f %% deleted)\n", solver.tot_literals, (solver.max_literals - solver.tot_literals) * 100 / (double)solver.max_literals);
2026-10-09T01:15:14.9656232Z       |                ^
2026-10-09T01:15:14.9657280Z src/solver/Main.cc:93:16: warning: invalid suffix on literal; C++11 requires a space between literal and string macro [-Wliteral-suffix]
2026-10-09T01:15:14.9658655Z    93 |         printf("c s_propagations        : %-12"PRIu64"\n", solver.s_propagations);
2026-10-09T01:15:14.9659496Z       |                ^
2026-10-09T01:15:14.9964025Z In file included from src/solver/Solver.h:53,
2026-10-09T01:15:14.9964776Z                  from src/solver/SimpSolver.h:37,
2026-10-09T01:15:14.9965349Z                  from src/core/distqldpc.cc:40:
2026-10-09T01:15:14.9966409Z src/solver/utils/Options.h:285:29: warning: invalid suffix on literal; C++11 requires a space between literal and string macro [-Wliteral-suffix]
2026-10-09T01:15:14.9973563Z   285 |             fprintf(stderr, "%4"PRIi64, range.begin);
2026-10-09T01:15:14.9974188Z       |                             ^
2026-10-09T01:15:14.9975208Z src/solver/utils/Options.h:291:29: warning: invalid suffix on literal; C++11 requires a space between literal and string macro [-Wliteral-suffix]
2026-10-09T01:15:14.9976334Z   291 |             fprintf(stderr, "%4"PRIi64, range.end);
2026-10-09T01:15:14.9976883Z       |                             ^
2026-10-09T01:15:14.9977865Z src/solver/utils/Options.h:293:25: warning: invalid suffix on literal; C++11 requires a space between literal and string macro [-Wliteral-suffix]
2026-10-09T01:15:14.9979037Z   293 |         fprintf(stderr, "] (default: %"PRIi64")\n", value);
2026-10-09T01:15:14.9979647Z       |                         ^
2026-10-09T01:15:15.0629989Z src/solver/Main.cc: In function ‘void printStats(Minisat::Solver&)’:
2026-10-09T01:15:15.0632043Z src/solver/Main.cc:92:46: warning: format ‘%llu’ expects argument of type ‘long long unsigned int’, but argument 2 has type ‘uint64_t’ {aka ‘long unsigned int’} [-Wformat=]
2026-10-09T01:15:15.0633613Z    92 |         printf("c nbSimplifyAll         : %llu\n", solver.nbSimplifyAll);
2026-10-09T01:15:15.0635608Z       |                                           ~~~^     ~~~~~~~~~~~~~~~~~~~~
2026-10-09T01:15:15.0636154Z       |                                              |            |
2026-10-09T01:15:15.0636737Z       |                                              |            uint64_t {aka long unsigned int}
2026-10-09T01:15:15.0637414Z       |                                              long long unsigned int
2026-10-09T01:15:15.0638132Z       |                                           %lu
2026-10-09T01:15:15.0644347Z src/solver/Main.cc: In function ‘int main(int, char**)’:
2026-10-09T01:15:15.0646059Z src/solver/Main.cc:187:34: warning: format ‘%llu’ expects argument of type ‘long long unsigned int’, but argument 2 has type ‘uint64_t’ {aka ‘long unsigned int’} [-Wformat=]
2026-10-09T01:15:15.0647437Z   187 |         printf("c initial UB: %llu\n", S.initUB);
2026-10-09T01:15:15.0658136Z       |                               ~~~^     ~~~~~~~~
2026-10-09T01:15:15.0658725Z       |                                  |       |
2026-10-09T01:15:15.0659334Z       |                                  |       uint64_t {aka long unsigned int}
2026-10-09T01:15:15.0659987Z       |                                  long long unsigned int
2026-10-09T01:15:15.0660548Z       |                               %lu
2026-10-09T01:15:15.1001504Z src/solver/Main.cc: At global scope:
2026-10-09T01:15:15.1003200Z src/solver/Main.cc:108:13: warning: ‘void SIGINT_exit(int)’ defined but not used [-Wunused-function]
2026-10-09T01:15:15.1004151Z   108 | static void SIGINT_exit(int signum) {
2026-10-09T01:15:15.1004729Z       |             ^~~~~~~~~~~
2026-10-09T01:15:15.2899770Z src/core/distqldpc.cc: In function ‘void pipe_write_result(int, int, bool)’:
2026-10-09T01:15:15.2901413Z src/core/distqldpc.cc:162:20: warning: ignoring return value of ‘ssize_t write(int, const void*, size_t)’ declared with attribute ‘warn_unused_result’ [-Wunused-result]
2026-10-09T01:15:15.2902804Z   162 |         (void)write(pipe_w, buf, (size_t)n);
2026-10-09T01:15:15.2903311Z       |               ~~~~~^~~~~~~~~~~~~~~~~~~~~~~~
2026-10-09T01:15:16.2912829Z ##[group]Run bash scripts/smoke_test.sh
2026-10-09T01:15:16.2913191Z [36;1mbash scripts/smoke_test.sh[0m
2026-10-09T01:15:16.2979957Z shell: /usr/bin/bash -e {0}
2026-10-09T01:15:16.2980229Z ##[endgroup]
2026-10-09T01:15:16.3309148Z DistQLDPC smoke validation passed
2026-10-09T01:15:16.3343305Z ##[group]Run python3 -B scripts/test_partition_soft_literals.py
2026-10-09T01:15:16.3343767Z [36;1mpython3 -B scripts/test_partition_soft_literals.py[0m
2026-10-09T01:15:16.3406569Z shell: /usr/bin/bash -e {0}
2026-10-09T01:15:16.3406841Z ##[endgroup]
2026-10-09T01:15:16.4167001Z c This is COMiniSatPS.
2026-10-09T01:15:16.4168058Z c WARNING: for repeatability, setting FPU to use double precision
2026-10-09T01:15:16.4168941Z c ============================[ Problem Statistics ]=============================
2026-10-09T01:15:16.4169827Z c |                                                                             |
2026-10-09T01:15:16.4170526Z c initial UB: 2147483647
2026-10-09T01:15:16.4171284Z c |  Number of variables:            10                                         |
2026-10-09T01:15:16.4172415Z c |  Number of clauses:              15                                         |
2026-10-09T01:15:16.4173430Z c |  Parse time:                   0.00 s                                       |
2026-10-09T01:15:16.4241013Z c |                                                                             |
2026-10-09T01:15:16.4241747Z c ============================[ Search Statistics ]==============================
2026-10-09T01:15:16.4242697Z c | Conflicts |          ORIGINAL         |          LEARNT          | Progress |
2026-10-09T01:15:16.4243462Z c |           |    Vars  Clauses Literals |    Limit  Clauses Lit/Cl |          |
2026-10-09T01:15:16.4244100Z c ===============================================================================
2026-10-09T01:15:16.4244713Z c nb soft clauses: 13, of which 10 unit, 3 nonUnit and 0 empty
2026-10-09T01:15:16.4245265Z c total nb of literals: 57
2026-10-09T01:15:16.4245902Z c conflLits 3, conflLits2 0, nbFailedLits 0, fixedVarsBypreproc 0, totalFixedVars 0
2026-10-09T01:15:16.4246568Z c init nbIsets: 4
2026-10-09T01:15:16.4246920Z c nbIsets after pass 1: 3
2026-10-09T01:15:16.4247305Z c isets 3, derivedCost 3
2026-10-09T01:15:16.4247714Z c 1 conflict sets found with length 3
2026-10-09T01:15:16.4248299Z c fixedCost 0, nbSatLits 0, totalFixedVars 0, objForSearch: 10
2026-10-09T01:15:16.4248728Z 
2026-10-09T01:15:16.4248905Z c no UB provided, search from scratch...
2026-10-09T01:15:16.4249508Z c ends of initiationization by VSIDS at 0 conflicts with init 10000
2026-10-09T01:15:16.4249959Z 
2026-10-09T01:15:16.4250284Z c UB=1 fails, cnfls=0, hcnfls=0, core 0, tier2 0, local 0, quasiC: 0 (fixed: 0)
2026-10-09T01:15:16.4251337Z c prunedLB 0.00, dev 0.00, succRate 0.00, nbSucc 0, nbHardens 1 (fixed 10), lk: 1, shorten: 0, pureSo 0, nbFlyRd 0, nbFixedLH 0
2026-10-09T01:15:16.4252192Z 
2026-10-09T01:15:16.4252350Z c Cardinality: 53 (Sinz+MTO) for UB 2
2026-10-09T01:15:16.4252921Z c ends of initiationization by VSIDS at 1 conflicts with init 9999
2026-10-09T01:15:16.4253364Z 
2026-10-09T01:15:16.4253672Z c UB=2 fails, cnfls=1, hcnfls=1, core 0, tier2 0, local 0, quasiC: 0 (fixed: 0)
2026-10-09T01:15:16.4254667Z c prunedLB 2.00, dev 0.00, succRate 1.00, nbSucc 1, nbHardens 1 (fixed 10), lk: 1, shorten: 0, pureSo 0, nbFlyRd 0, nbFixedLH 0
2026-10-09T01:15:16.4255656Z 
2026-10-09T01:15:16.4255822Z c Cardinality: 107 (Sinz+MTO) for UB 4
2026-10-09T01:15:16.4256720Z c UB=4 succs, confls=3, hconfls=3, core 2, tier2 0, local 0,  3 soft cls unsat (0 at L0), 0 fixed vars at L0, softCnfl 0, nbFlyRd 2, nbFixedLH 0
2026-10-09T01:15:16.4258021Z c nbHardens 3 (fixed 10), shorten: 0, prunedLB 0.00, dev 0.00, succRate 0.00, nbSucc 0, lk: 0, shorten: 0, quasiC: 0 (fixed: 0)
2026-10-09T01:15:16.4258722Z 
2026-10-09T01:15:16.4259000Z c ends of initiationization by VSIDS at 3 conflicts with init 9998
2026-10-09T01:15:16.4259442Z 
2026-10-09T01:15:16.4259447Z 
2026-10-09T01:15:16.4259607Z c Cardinality: 96 (Sinz+MTO) for UB 3
2026-10-09T01:15:16.4260504Z c UB=3 succs, confls=12, hconfls=12, core 7, tier2 0, local 0,  2 soft cls unsat (1 at L0), 26 fixed vars at L0, softCnfl 0, nbFlyRd 9, nbFixedLH 0
2026-10-09T01:15:16.4262165Z c nbHardens 5 (fixed 10), shorten: 0, prunedLB 0.00, dev 0.00, succRate 0.00, nbSucc 0, lk: 0, shorten: 0, quasiC: 0 (fixed: 0)
2026-10-09T01:15:16.4262940Z 
2026-10-09T01:15:16.4263192Z c LRB phase 1: conflicts 9, phase 20000000, starts 1, UP 245
2026-10-09T01:15:16.4263908Z c UB=2 fails, cnfls=12, hcnfls=12, core 7, tier2 0, local 0, quasiC: 0 (fixed: 0)
2026-10-09T01:15:16.4264934Z c prunedLB 0.00, dev 0.00, succRate 0.00, nbSucc 0, nbHardens 5 (fixed 10), lk: 0, shorten: 0, pureSo 0, nbFlyRd 9, nbFixedLH 0
2026-10-09T01:15:16.4265835Z c ===============================================================================
2026-10-09T01:15:16.4266533Z c initCost: 0, fixedBySearch: 0, optimal: 5, maxsat: 8, hardConflicts: 12
2026-10-09T01:15:16.4267375Z c nbLK: 2, nbSuccLK: 1(50.00%), nbLKup: 49(14.08%), hardens 5 (fixed 10), dynVars 95, shorten: 0
2026-10-09T01:15:16.4268042Z c restarts              : 4
2026-10-09T01:15:16.4268463Z c conflicts             : 12             (inf /sec)
2026-10-09T01:15:16.4269053Z c decisions             : 82             (0.00 % random) (inf /sec)
2026-10-09T01:15:16.4269655Z c propagations          : 348            (inf /sec)
2026-10-09T01:15:16.4270211Z c conflict literals     : 19             (5.00 % deleted)
2026-10-09T01:15:16.4270734Z c Memory used           : 13.00 MB
2026-10-09T01:15:16.4271124Z c CPU time              : 0 s
2026-10-09T01:15:16.4271500Z c nbSimplifyAll         : 0
2026-10-09T01:15:16.4272046Z c s_propagations        : 98          
2026-10-09T01:15:16.4272454Z c s_cost_ratio          : 28.16%
2026-10-09T01:15:16.4272689Z 
2026-10-09T01:15:16.4272827Z s UNSATISFIABLE
2026-10-09T01:15:16.4273305Z Partition regression passed: all 1024 assignments checked; optimum 5.
2026-10-09T01:15:16.4273812Z c This is COMiniSatPS.
2026-10-09T01:15:16.4274121Z c WARNING: for repeatability, setting FPU to use double precision
2026-10-09T01:15:16.4274536Z c ============================[ Problem Statistics ]=============================
2026-10-09T01:15:16.4274923Z c |                                                                             |
2026-10-09T01:15:16.4275368Z c initial UB: 2147483647
2026-10-09T01:15:16.4275844Z c |  Number of variables:            10                                         |
2026-10-09T01:15:16.4276268Z c |  Number of clauses:              15                                         |
2026-10-09T01:15:16.4276655Z c |  Parse time:                   0.00 s                                       |
2026-10-09T01:15:16.4276996Z c |                                                                             |
2026-10-09T01:15:16.4277330Z c ============================[ Search Statistics ]==============================
2026-10-09T01:15:16.4277746Z c | Conflicts |          ORIGINAL         |          LEARNT          | Progress |
2026-10-09T01:15:16.4278160Z c |           |    Vars  Clauses Literals |    Limit  Clauses Lit/Cl |          |
2026-10-09T01:15:16.4278522Z c ===============================================================================
2026-10-09T01:15:16.4278881Z c nb soft clauses: 13, of which 10 unit, 3 nonUnit and 0 empty
2026-10-09T01:15:16.4279431Z c total nb of literals: 57
2026-10-09T01:15:16.4279807Z c conflLits 3, conflLits2 0, nbFailedLits 0, fixedVarsBypreproc 0, totalFixedVars 0
2026-10-09T01:15:16.4280202Z c init nbIsets: 4
2026-10-09T01:15:16.4280419Z c nbIsets after pass 1: 3
2026-10-09T01:15:16.4280643Z c isets 3, derivedCost 3
2026-10-09T01:15:16.4280876Z c 1 conflict sets found with length 3
2026-10-09T01:15:16.4281203Z c fixedCost 0, nbSatLits 0, totalFixedVars 0, objForSearch: 10
2026-10-09T01:15:16.4281450Z 
2026-10-09T01:15:16.4281559Z c no UB provided, search from scratch...
2026-10-09T01:15:16.4282143Z c ends of initiationization by VSIDS at 0 conflicts with init 10000
2026-10-09T01:15:16.4282416Z 
2026-10-09T01:15:16.4282613Z c UB=1 fails, cnfls=0, hcnfls=0, core 0, tier2 0, local 0, quasiC: 0 (fixed: 0)
2026-10-09T01:15:16.4283217Z c prunedLB 0.00, dev 0.00, succRate 0.00, nbSucc 0, nbHardens 1 (fixed 10), lk: 1, shorten: 0, pureSo 0, nbFlyRd 0, nbFixedLH 0
2026-10-09T01:15:16.4283771Z 
2026-10-09T01:15:16.4283880Z c Cardinality: 53 (Sinz+MTO) for UB 2
2026-10-09T01:15:16.4284222Z c ends of initiationization by VSIDS at 1 conflicts with init 9999
2026-10-09T01:15:16.4284475Z 
2026-10-09T01:15:16.4284650Z c UB=2 fails, cnfls=1, hcnfls=1, core 0, tier2 0, local 0, quasiC: 0 (fixed: 0)
2026-10-09T01:15:16.4285205Z c prunedLB 2.00, dev 0.00, succRate 1.00, nbSucc 1, nbHardens 1 (fixed 10), lk: 1, shorten: 0, pureSo 0, nbFlyRd 0, nbFixedLH 0
2026-10-09T01:15:16.4285593Z 
2026-10-09T01:15:16.4285698Z c Cardinality: 107 (Sinz+MTO) for UB 4
2026-10-09T01:15:16.4286231Z c UB=4 succs, confls=3, hconfls=3, core 2, tier2 0, local 0,  3 soft cls unsat (0 at L0), 0 fixed vars at L0, softCnfl 0, nbFlyRd 2, nbFixedLH 0
2026-10-09T01:15:16.4287004Z c nbHardens 3 (fixed 10), shorten: 0, prunedLB 0.00, dev 0.00, succRate 0.00, nbSucc 0, lk: 0, shorten: 0, quasiC: 0 (fixed: 0)
2026-10-09T01:15:16.4287400Z 
2026-10-09T01:15:16.4287568Z c ends of initiationization by VSIDS at 3 conflicts with init 9998
2026-10-09T01:15:16.4287830Z 
2026-10-09T01:15:16.4287836Z 
2026-10-09T01:15:16.4287934Z c Cardinality: 96 (Sinz+MTO) for UB 3
2026-10-09T01:15:16.4288463Z c UB=3 succs, confls=12, hconfls=12, core 6, tier2 0, local 0,  2 soft cls unsat (1 at L0), 26 fixed vars at L0, softCnfl 0, nbFlyRd 9, nbFixedLH 0
2026-10-09T01:15:16.4289253Z c nbHardens 5 (fixed 10), shorten: 0, prunedLB 0.00, dev 0.00, succRate 0.00, nbSucc 0, lk: 0, shorten: 0, quasiC: 0 (fixed: 0)
2026-10-09T01:15:16.4289649Z 
2026-10-09T01:15:16.4289803Z c LRB phase 1: conflicts 9, phase 20000000, starts 1, UP 222
2026-10-09T01:15:16.4290221Z c UB=2 fails, cnfls=12, hcnfls=12, core 6, tier2 0, local 0, quasiC: 0 (fixed: 0)
2026-10-09T01:15:16.4290796Z c prunedLB 0.00, dev 0.00, succRate 0.00, nbSucc 0, nbHardens 5 (fixed 10), lk: 0, shorten: 0, pureSo 0, nbFlyRd 9, nbFixedLH 0
2026-10-09T01:15:16.4291299Z c ===============================================================================
2026-10-09T01:15:16.4291697Z c initCost: 0, fixedBySearch: 0, optimal: 5, maxsat: 8, hardConflicts: 12
2026-10-09T01:15:16.4292420Z c nbLK: 2, nbSuccLK: 1(50.00%), nbLKup: 49(15.22%), hardens 5 (fixed 10), dynVars 95, shorten: 0
2026-10-09T01:15:16.4292833Z c restarts              : 4
2026-10-09T01:15:16.4293087Z c conflicts             : 12             (inf /sec)
2026-10-09T01:15:16.4293421Z c decisions             : 81             (0.00 % random) (inf /sec)
2026-10-09T01:15:16.4293755Z c propagations          : 322            (inf /sec)
2026-10-09T01:15:16.4294075Z c conflict literals     : 18             (5.26 % deleted)
2026-10-09T01:15:16.4294381Z c Memory used           : 13.00 MB
2026-10-09T01:15:16.4294626Z c CPU time              : 0 s
2026-10-09T01:15:16.4294863Z c nbSimplifyAll         : 0
2026-10-09T01:15:16.4295095Z c s_propagations        : 98          
2026-10-09T01:15:16.4295350Z c s_cost_ratio          : 30.43%
2026-10-09T01:15:16.4295500Z 
2026-10-09T01:15:16.4295587Z s UNSATISFIABLE
2026-10-09T01:15:16.4295795Z c This is COMiniSatPS.
2026-10-09T01:15:16.4296103Z c WARNING: for repeatability, setting FPU to use double precision
2026-10-09T01:15:16.4296663Z c ============================[ Problem Statistics ]=============================
2026-10-09T01:15:16.4297022Z c |                                                                             |
2026-10-09T01:15:16.4297324Z c initial UB: 2147483647
2026-10-09T01:15:16.4297632Z c |  Number of variables:            10                                         |
2026-10-09T01:15:16.4298030Z c |  Number of clauses:              15                                         |
2026-10-09T01:15:16.4298426Z c |  Parse time:                   0.00 s                                       |
2026-10-09T01:15:16.4298771Z c |                                                                             |
2026-10-09T01:15:16.4299105Z c ============================[ Search Statistics ]==============================
2026-10-09T01:15:16.4299490Z c | Conflicts |          ORIGINAL         |          LEARNT          | Progress |
2026-10-09T01:15:16.4300016Z c |           |    Vars  Clauses Literals |    Limit  Clauses Lit/Cl |          |
2026-10-09T01:15:16.4300401Z c ===============================================================================
2026-10-09T01:15:16.4300759Z c nb soft clauses: 13, of which 10 unit, 3 nonUnit and 0 empty
2026-10-09T01:15:16.4301095Z c total nb of literals: 57
2026-10-09T01:15:16.4301466Z c conflLits 3, conflLits2 0, nbFailedLits 0, fixedVarsBypreproc 0, totalFixedVars 0
2026-10-09T01:15:16.4302064Z c init nbIsets: 4
2026-10-09T01:15:16.4302284Z c nbIsets after pass 1: 3
2026-10-09T01:15:16.4302513Z c isets 3, derivedCost 3
2026-10-09T01:15:16.4302741Z c 1 conflict sets found with length 3
2026-10-09T01:15:16.4303066Z c fixedCost 0, nbSatLits 0, totalFixedVars 0, objForSearch: 10
2026-10-09T01:15:16.4303304Z 
2026-10-09T01:15:16.4303409Z c no UB provided, search from scratch...
2026-10-09T01:15:16.4303766Z c ends of initiationization by VSIDS at 0 conflicts with init 10000
2026-10-09T01:15:16.4304028Z 
2026-10-09T01:15:16.4304218Z c UB=1 fails, cnfls=0, hcnfls=0, core 0, tier2 0, local 0, quasiC: 0 (fixed: 0)
2026-10-09T01:15:16.4304822Z c prunedLB 0.00, dev 0.00, succRate 0.00, nbSucc 0, nbHardens 1 (fixed 10), lk: 1, shorten: 0, pureSo 0, nbFlyRd 0, nbFixedLH 0
2026-10-09T01:15:16.4305222Z 
2026-10-09T01:15:16.4305321Z c Cardinality: 53 (Sinz+MTO) for UB 2
2026-10-09T01:15:16.4305651Z c ends of initiationization by VSIDS at 1 conflicts with init 9999
2026-10-09T01:15:16.4305900Z 
2026-10-09T01:15:16.4306080Z c UB=2 fails, cnfls=1, hcnfls=1, core 0, tier2 0, local 0, quasiC: 0 (fixed: 0)
2026-10-09T01:15:16.4306636Z c prunedLB 2.00, dev 0.00, succRate 1.00, nbSucc 1, nbHardens 1 (fixed 10), lk: 1, shorten: 0, pureSo 0, nbFlyRd 0, nbFixedLH 0
2026-10-09T01:15:16.4307019Z 
2026-10-09T01:15:16.4307117Z c Cardinality: 107 (Sinz+MTO) for UB 4
2026-10-09T01:15:16.4307642Z c UB=4 succs, confls=2, hconfls=2, core 1, tier2 0, local 0,  2 soft cls unsat (0 at L0), 0 fixed vars at L0, softCnfl 0, nbFlyRd 1, nbFixedLH 0
2026-10-09T01:15:16.4308382Z c nbHardens 1 (fixed 10), shorten: 0, prunedLB 0.00, dev 0.00, succRate 0.00, nbSucc 0, lk: 0, shorten: 0, quasiC: 0 (fixed: 0)
2026-10-09T01:15:16.4308770Z 
2026-10-09T01:15:16.4308931Z c ends of initiationization by VSIDS at 2 conflicts with init 9999
2026-10-09T01:15:16.4309173Z 
2026-10-09T01:15:16.4309376Z c UB=2 fails, cnfls=2, hcnfls=2, core 1, tier2 0, local 0, quasiC: 0 (fixed: 0)
2026-10-09T01:15:16.4309925Z c prunedLB 0.00, dev 0.00, succRate 0.00, nbSucc 0, nbHardens 1 (fixed 10), lk: 0, shorten: 0, pureSo 0, nbFlyRd 1, nbFixedLH 0
2026-10-09T01:15:16.4310425Z c ===============================================================================
2026-10-09T01:15:16.4310819Z c initCost: 0, fixedBySearch: 0, optimal: 5, maxsat: 8, hardConflicts: 2
2026-10-09T01:15:16.4311317Z c nbLK: 2, nbSuccLK: 1(50.00%), nbLKup: 47(64.38%), hardens 1 (fixed 10), dynVars 51, shorten: 0
2026-10-09T01:15:16.4311709Z c restarts              : 3
2026-10-09T01:15:16.4312209Z c conflicts             : 2              (inf /sec)
2026-10-09T01:15:16.4312705Z c decisions             : 18             (0.00 % random) (inf /sec)
2026-10-09T01:15:16.4313053Z c propagations          : 73             (inf /sec)
2026-10-09T01:15:16.4313380Z c conflict literals     : 2              (0.00 % deleted)
2026-10-09T01:15:16.4313687Z c Memory used           : 13.00 MB
2026-10-09T01:15:16.4313933Z c CPU time              : 0 s
2026-10-09T01:15:16.4314175Z c nbSimplifyAll         : 0
2026-10-09T01:15:16.4314416Z c s_propagations        : 90          
2026-10-09T01:15:16.4314666Z c s_cost_ratio          : 123.29%
2026-10-09T01:15:16.4314821Z 
2026-10-09T01:15:16.4314906Z s UNSATISFIABLE
2026-10-09T01:15:16.4532584Z c This is COMiniSatPS.
2026-10-09T01:15:16.4533199Z c WARNING: for repeatability, setting FPU to use double precision
2026-10-09T01:15:16.4533865Z c ============================[ Problem Statistics ]=============================
2026-10-09T01:15:16.4534503Z c |                                                                             |
2026-10-09T01:15:16.4534832Z c initial UB: 2147483647
2026-10-09T01:15:16.4535147Z c |  Number of variables:            10                                         |
2026-10-09T01:15:16.4535571Z c |  Number of clauses:              15                                         |
2026-10-09T01:15:16.4535965Z c |  Parse time:                   0.00 s                                       |
2026-10-09T01:15:16.4536331Z c |                                                                             |
2026-10-09T01:15:16.4536676Z c ============================[ Search Statistics ]==============================
2026-10-09T01:15:16.4537074Z c | Conflicts |          ORIGINAL         |          LEARNT          | Progress |
2026-10-09T01:15:16.4537494Z c |           |    Vars  Clauses Literals |    Limit  Clauses Lit/Cl |          |
2026-10-09T01:15:16.4537855Z c ===============================================================================
2026-10-09T01:15:16.4538220Z c nb soft clauses: 13, of which 10 unit, 3 nonUnit and 0 empty
2026-10-09T01:15:16.4538557Z c total nb of literals: 57
2026-10-09T01:15:16.4538938Z c conflLits 3, conflLits2 0, nbFailedLits 0, fixedVarsBypreproc 0, totalFixedVars 0
2026-10-09T01:15:16.4539345Z c init nbIsets: 4
2026-10-09T01:15:16.4539570Z c nbIsets after pass 1: 3
2026-10-09T01:15:16.4539814Z c isets 3, derivedCost 3
2026-10-09T01:15:16.4540062Z c 1 conflict sets found with length 3
2026-10-09T01:15:16.4540400Z c fixedCost 0, nbSatLits 0, totalFixedVars 0, objForSearch: 10
2026-10-09T01:15:16.4540650Z 
2026-10-09T01:15:16.4540764Z c no UB provided, search from scratch...
2026-10-09T01:15:16.4541121Z c ends of initiationization by VSIDS at 0 conflicts with init 10000
2026-10-09T01:15:16.4541387Z 
2026-10-09T01:15:16.4541576Z c UB=1 fails, cnfls=0, hcnfls=0, core 0, tier2 0, local 0, quasiC: 0 (fixed: 0)
2026-10-09T01:15:16.4542394Z c prunedLB 0.00, dev 0.00, succRate 0.00, nbSucc 0, nbHardens 1 (fixed 10), lk: 1, shorten: 0, pureSo 0, nbFlyRd 0, nbFixedLH 0
2026-10-09T01:15:16.4542810Z 
2026-10-09T01:15:16.4542920Z c Cardinality: 53 (Sinz+MTO) for UB 2
2026-10-09T01:15:16.4543265Z c ends of initiationization by VSIDS at 1 conflicts with init 9999
2026-10-09T01:15:16.4543518Z 
2026-10-09T01:15:16.4543696Z c UB=2 fails, cnfls=1, hcnfls=1, core 0, tier2 0, local 0, quasiC: 0 (fixed: 0)
2026-10-09T01:15:16.4544335Z c prunedLB 2.00, dev 0.00, succRate 1.00, nbSucc 1, nbHardens 1 (fixed 10), lk: 1, shorten: 0, pureSo 0, nbFlyRd 0, nbFixedLH 0
2026-10-09T01:15:16.4544820Z 
2026-10-09T01:15:16.4544962Z c Cardinality: 107 (Sinz+MTO) for UB 4
2026-10-09T01:15:16.4545639Z c UB=4 succs, confls=3, hconfls=3, core 2, tier2 0, local 0,  3 soft cls unsat (0 at L0), 0 fixed vars at L0, softCnfl 0, nbFlyRd 2, nbFixedLH 0
2026-10-09T01:15:16.4546700Z c nbHardens 3 (fixed 10), shorten: 0, prunedLB 0.00, dev 0.00, succRate 0.00, nbSucc 0, lk: 0, shorten: 0, quasiC: 0 (fixed: 0)
2026-10-09T01:15:16.4547148Z 
2026-10-09T01:15:16.4547410Z c ends of initiationization by VSIDS at 3 conflicts with init 9998
2026-10-09T01:15:16.4547858Z 
2026-10-09T01:15:16.4547863Z 
2026-10-09T01:15:16.4548134Z c Cardinality: 96 (Sinz+MTO) for UB 3
2026-10-09T01:15:16.4548833Z c UB=3 succs, confls=12, hconfls=12, core 6, tier2 0, local 0,  2 soft cls unsat (1 at L0), 26 fixed vars at L0, softCnfl 0, nbFlyRd 9, nbFixedLH 0
2026-10-09T01:15:16.4549686Z c nbHardens 5 (fixed 10), shorten: 0, prunedLB 0.00, dev 0.00, succRate 0.00, nbSucc 0, lk: 0, shorten: 0, quasiC: 0 (fixed: 0)
2026-10-09T01:15:16.4550231Z 
2026-10-09T01:15:16.4550434Z c LRB phase 1: conflicts 9, phase 20000000, starts 1, UP 222
2026-10-09T01:15:16.4551033Z c UB=2 fails, cnfls=12, hcnfls=12, core 6, tier2 0, local 0, quasiC: 0 (fixed: 0)
2026-10-09T01:15:16.4551826Z c prunedLB 0.00, dev 0.00, succRate 0.00, nbSucc 0, nbHardens 5 (fixed 10), lk: 0, shorten: 0, pureSo 0, nbFlyRd 9, nbFixedLH 0
2026-10-09T01:15:16.4552688Z c ===============================================================================
2026-10-09T01:15:16.4553346Z c initCost: 0, fixedBySearch: 0, optimal: 5, maxsat: 8, hardConflicts: 12
2026-10-09T01:15:16.4554085Z c nbLK: 2, nbSuccLK: 1(50.00%), nbLKup: 49(15.22%), hardens 5 (fixed 10), dynVars 95, shorten: 0
2026-10-09T01:15:16.4554620Z c restarts              : 4
2026-10-09T01:15:16.4555038Z c conflicts             : 12             (6590 /sec)
2026-10-09T01:15:16.4555611Z c decisions             : 81             (0.00 % random) (44481 /sec)
2026-10-09T01:15:16.4556076Z c propagations          : 322            (176826 /sec)
2026-10-09T01:15:16.4556611Z c conflict literals     : 18             (5.26 % deleted)
2026-10-09T01:15:16.4557053Z c Memory used           : 13.00 MB
2026-10-09T01:15:16.4557460Z c CPU time              : 0.001821 s
2026-10-09T01:15:16.4557903Z c nbSimplifyAll         : 0
2026-10-09T01:15:16.4558271Z c s_propagations        : 98          
2026-10-09T01:15:16.4558703Z c s_cost_ratio          : 30.43%
2026-10-09T01:15:16.4558949Z 
2026-10-09T01:15:16.4559078Z s UNSATISFIABLE
2026-10-09T01:15:16.4559486Z c This is COMiniSatPS.
2026-10-09T01:15:16.4559976Z c WARNING: for repeatability, setting FPU to use double precision
2026-10-09T01:15:16.4560511Z c ============================[ Problem Statistics ]=============================
2026-10-09T01:15:16.4561051Z c |                                                                             |
2026-10-09T01:15:16.4561482Z c initial UB: 2147483647
2026-10-09T01:15:16.4562065Z c |  Number of variables:            10                                         |
2026-10-09T01:15:16.4562739Z c |  Number of clauses:              15                                         |
2026-10-09T01:15:16.4563263Z c |  Parse time:                   0.00 s                                       |
2026-10-09T01:15:16.4563839Z c |                                                                             |
2026-10-09T01:15:16.4564318Z c ============================[ Search Statistics ]==============================
2026-10-09T01:15:16.4564820Z c | Conflicts |          ORIGINAL         |          LEARNT          | Progress |
2026-10-09T01:15:16.4565478Z c |           |    Vars  Clauses Literals |    Limit  Clauses Lit/Cl |          |
2026-10-09T01:15:16.4565977Z c ===============================================================================
2026-10-09T01:15:16.4566492Z c nb soft clauses: 13, of which 10 unit, 3 nonUnit and 0 empty
2026-10-09T01:15:16.4566983Z c total nb of literals: 57
2026-10-09T01:15:16.4567517Z c conflLits 3, conflLits2 0, nbFailedLits 0, fixedVarsBypreproc 0, totalFixedVars 0
2026-10-09T01:15:16.4568145Z c init nbIsets: 4
2026-10-09T01:15:16.4568490Z c nbIsets after pass 1: 3
2026-10-09T01:15:16.4568875Z c isets 3, derivedCost 3
2026-10-09T01:15:16.4569265Z c 1 conflict sets found with length 3
2026-10-09T01:15:16.4569724Z c fixedCost 0, nbSatLits 0, totalFixedVars 0, objForSearch: 10
2026-10-09T01:15:16.4570116Z 
2026-10-09T01:15:16.4570288Z c no UB provided, search from scratch...
2026-10-09T01:15:16.4570775Z c ends of initiationization by VSIDS at 0 conflicts with init 10000
2026-10-09T01:15:16.4571133Z 
2026-10-09T01:15:16.4571579Z c UB=1 fails, cnfls=0, hcnfls=0, core 0, tier2 0, local 0, quasiC: 0 (fixed: 0)
2026-10-09T01:15:16.4572515Z c prunedLB 0.00, dev 0.00, succRate 0.00, nbSucc 0, nbHardens 1 (fixed 10), lk: 1, shorten: 0, pureSo 0, nbFlyRd 0, nbFixedLH 0
2026-10-09T01:15:16.4572972Z 
2026-10-09T01:15:16.4573197Z c Cardinality: 53 (Sinz+MTO) for UB 2
2026-10-09T01:15:16.4573729Z c ends of initiationization by VSIDS at 1 conflicts with init 9999
2026-10-09T01:15:16.4574078Z 
2026-10-09T01:15:16.4574302Z c UB=2 fails, cnfls=1, hcnfls=1, core 0, tier2 0, local 0, quasiC: 0 (fixed: 0)
2026-10-09T01:15:16.4574983Z c prunedLB 2.00, dev 0.00, succRate 1.00, nbSucc 1, nbHardens 1 (fixed 10), lk: 1, shorten: 0, pureSo 0, nbFlyRd 0, nbFixedLH 0
2026-10-09T01:15:16.4575547Z 
2026-10-09T01:15:16.4575739Z c Cardinality: 107 (Sinz+MTO) for UB 4
2026-10-09T01:15:16.4576577Z c UB=4 succs, confls=2, hconfls=2, core 1, tier2 0, local 0,  2 soft cls unsat (0 at L0), 0 fixed vars at L0, softCnfl 0, nbFlyRd 1, nbFixedLH 0
2026-10-09T01:15:16.4577557Z c nbHardens 1 (fixed 10), shorten: 0, prunedLB 0.00, dev 0.00, succRate 0.00, nbSucc 0, lk: 0, shorten: 0, quasiC: 0 (fixed: 0)
2026-10-09T01:15:16.4578000Z 
2026-10-09T01:15:16.4578266Z c ends of initiationization by VSIDS at 2 conflicts with init 9999
2026-10-09T01:15:16.4578610Z 
2026-10-09T01:15:16.4578823Z c UB=2 fails, cnfls=2, hcnfls=2, core 1, tier2 0, local 0, quasiC: 0 (fixed: 0)
2026-10-09T01:15:16.4579618Z c prunedLB 0.00, dev 0.00, succRate 0.00, nbSucc 0, nbHardens 1 (fixed 10), lk: 0, shorten: 0, pureSo 0, nbFlyRd 1, nbFixedLH 0
2026-10-09T01:15:16.4580354Z c ===============================================================================
2026-10-09T01:15:16.4580943Z c initCost: 0, fixedBySearch: 0, optimal: 5, maxsat: 8, hardConflicts: 2
2026-10-09T01:15:16.4581572Z c nbLK: 2, nbSuccLK: 1(50.00%), nbLKup: 47(64.38%), hardens 1 (fixed 10), dynVars 51, shorten: 0
2026-10-09T01:15:16.4582225Z c restarts              : 3
2026-10-09T01:15:16.4582689Z c conflicts             : 2              (inf /sec)
2026-10-09T01:15:16.4583208Z c decisions             : 18             (0.00 % random) (inf /sec)
2026-10-09T01:15:16.4583724Z c propagations          : 73             (inf /sec)
2026-10-09T01:15:16.4584206Z c conflict literals     : 2              (0.00 % deleted)
2026-10-09T01:15:16.4584668Z c Memory used           : 13.00 MB
2026-10-09T01:15:16.4585115Z c CPU time              : 0 s
2026-10-09T01:15:16.4585513Z c nbSimplifyAll         : 0
2026-10-09T01:15:16.4585907Z c s_propagations        : 90          
2026-10-09T01:15:16.4586317Z c s_cost_ratio          : 123.29%
2026-10-09T01:15:16.4586563Z 
2026-10-09T01:15:16.4586689Z s UNSATISFIABLE
2026-10-09T01:15:16.4587066Z c This is COMiniSatPS.
2026-10-09T01:15:16.4587527Z c WARNING: for repeatability, setting FPU to use double precision
2026-10-09T01:15:16.4588040Z c ============================[ Problem Statistics ]=============================
2026-10-09T01:15:16.4588647Z c |                                                                             |
2026-10-09T01:15:16.4589072Z c initial UB: 2147483647
2026-10-09T01:15:16.4589547Z c |  Number of variables:            10                                         |
2026-10-09T01:15:16.4590112Z c |  Number of clauses:              15                                         |
2026-10-09T01:15:16.4590601Z c |  Parse time:                   0.00 s                                       |
2026-10-09T01:15:16.4591134Z c |                                                                             |
2026-10-09T01:15:16.4591598Z c ============================[ Search Statistics ]==============================
2026-10-09T01:15:16.4592399Z c | Conflicts |          ORIGINAL         |          LEARNT          | Progress |
2026-10-09T01:15:16.4592944Z c |           |    Vars  Clauses Literals |    Limit  Clauses Lit/Cl |          |
2026-10-09T01:15:16.4593413Z c ===============================================================================
2026-10-09T01:15:16.4593981Z c nb soft clauses: 13, of which 10 unit, 3 nonUnit and 0 empty
2026-10-09T01:15:16.4594574Z c total nb of literals: 57
2026-10-09T01:15:16.4595160Z c conflLits 3, conflLits2 0, nbFailedLits 0, fixedVarsBypreproc 0, totalFixedVars 0
2026-10-09T01:15:16.4595705Z c init nbIsets: 4
2026-10-09T01:15:16.4596043Z c nbIsets after pass 1: 3
2026-10-09T01:15:16.4596495Z c isets 3, derivedCost 3
2026-10-09T01:15:16.4596859Z c 1 conflict sets found with length 3
2026-10-09T01:15:16.4597377Z c fixedCost 0, nbSatLits 0, totalFixedVars 0, objForSearch: 10
2026-10-09T01:15:16.4597682Z 
2026-10-09T01:15:16.4597876Z c no UB provided, search from scratch...
2026-10-09T01:15:16.4598363Z c ends of initiationization by VSIDS at 0 conflicts with init 10000
2026-10-09T01:15:16.4598738Z 
2026-10-09T01:15:16.4598991Z c UB=1 fails, cnfls=0, hcnfls=0, core 0, tier2 0, local 0, quasiC: 0 (fixed: 0)
2026-10-09T01:15:16.4599857Z c prunedLB 0.00, dev 0.00, succRate 0.00, nbSucc 0, nbHardens 1 (fixed 10), lk: 1, shorten: 0, pureSo 0, nbFlyRd 0, nbFixedLH 0
2026-10-09T01:15:16.4600402Z 
2026-10-09T01:15:16.4600617Z c Cardinality: 53 (Sinz+MTO) for UB 2
2026-10-09T01:15:16.4601104Z c ends of initiationization by VSIDS at 1 conflicts with init 9999
2026-10-09T01:15:16.4601404Z 
2026-10-09T01:15:16.4601668Z c UB=2 fails, cnfls=1, hcnfls=1, core 0, tier2 0, local 0, quasiC: 0 (fixed: 0)
2026-10-09T01:15:16.4602602Z c prunedLB 2.00, dev 0.00, succRate 1.00, nbSucc 1, nbHardens 1 (fixed 10), lk: 1, shorten: 0, pureSo 0, nbFlyRd 0, nbFixedLH 0
2026-10-09T01:15:16.4603090Z 
2026-10-09T01:15:16.4603235Z c Cardinality: 107 (Sinz+MTO) for UB 4
2026-10-09T01:15:16.4603910Z c UB=4 succs, confls=3, hconfls=3, core 2, tier2 0, local 0,  3 soft cls unsat (0 at L0), 0 fixed vars at L0, softCnfl 0, nbFlyRd 2, nbFixedLH 0
2026-10-09T01:15:16.4604877Z c nbHardens 3 (fixed 10), shorten: 0, prunedLB 0.00, dev 0.00, succRate 0.00, nbSucc 0, lk: 0, shorten: 0, quasiC: 0 (fixed: 0)
2026-10-09T01:15:16.4605384Z 
2026-10-09T01:15:16.4605647Z c ends of initiationization by VSIDS at 3 conflicts with init 9998
2026-10-09T01:15:16.4605920Z 
2026-10-09T01:15:16.4605923Z 
2026-10-09T01:15:16.4606169Z c Cardinality: 96 (Sinz+MTO) for UB 3
2026-10-09T01:15:16.4606813Z c UB=3 succs, confls=12, hconfls=12, core 6, tier2 0, local 0,  2 soft cls unsat (1 at L0), 26 fixed vars at L0, softCnfl 0, nbFlyRd 9, nbFixedLH 0
2026-10-09T01:15:16.4607695Z c nbHardens 5 (fixed 10), shorten: 0, prunedLB 0.00, dev 0.00, succRate 0.00, nbSucc 0, lk: 0, shorten: 0, quasiC: 0 (fixed: 0)
2026-10-09T01:15:16.4608241Z 
2026-10-09T01:15:16.4608433Z c LRB phase 1: conflicts 9, phase 20000000, starts 1, UP 222
2026-10-09T01:15:16.4609026Z c UB=2 fails, cnfls=12, hcnfls=12, core 6, tier2 0, local 0, quasiC: 0 (fixed: 0)
2026-10-09T01:15:16.4609780Z c prunedLB 0.00, dev 0.00, succRate 0.00, nbSucc 0, nbHardens 5 (fixed 10), lk: 0, shorten: 0, pureSo 0, nbFlyRd 9, nbFixedLH 0
2026-10-09T01:15:16.4610461Z c ===============================================================================
2026-10-09T01:15:16.4610988Z c initCost: 0, fixedBySearch: 0, optimal: 5, maxsat: 8, hardConflicts: 12
2026-10-09T01:15:16.4611725Z c nbLK: 2, nbSuccLK: 1(50.00%), nbLKup: 49(15.22%), hardens 5 (fixed 10), dynVars 95, shorten: 0
2026-10-09T01:15:16.4612523Z c restarts              : 4
2026-10-09T01:15:16.4612942Z c conflicts             : 12             (inf /sec)
2026-10-09T01:15:16.4613431Z c decisions             : 81             (0.00 % random) (inf /sec)
2026-10-09T01:15:16.4613967Z c propagations          : 322            (inf /sec)
2026-10-09T01:15:16.4614485Z c conflict literals     : 18             (5.26 % deleted)
2026-10-09T01:15:16.4614924Z c Memory used           : 13.00 MB
2026-10-09T01:15:16.4615324Z c CPU time              : 0 s
2026-10-09T01:15:16.4615739Z c nbSimplifyAll         : 0
2026-10-09T01:15:16.4616115Z c s_propagations        : 98          
2026-10-09T01:15:16.4616551Z c s_cost_ratio          : 30.43%
2026-10-09T01:15:16.4616793Z 
2026-10-09T01:15:16.4616919Z s UNSATISFIABLE
2026-10-09T01:15:16.4909370Z c This is COMiniSatPS.
2026-10-09T01:15:16.4910271Z c WARNING: for repeatability, setting FPU to use double precision
2026-10-09T01:15:16.4911074Z c ============================[ Problem Statistics ]=============================
2026-10-09T01:15:16.4911638Z c |                                                                             |
2026-10-09T01:15:16.4912339Z c initial UB: 2147483647
2026-10-09T01:15:16.4912797Z c |  Number of variables:            10                                         |
2026-10-09T01:15:16.4913319Z c |  Number of clauses:              15                                         |
2026-10-09T01:15:16.4913936Z c |  Parse time:                   0.00 s                                       |
2026-10-09T01:15:16.4914463Z c |                                                                             |
2026-10-09T01:15:16.4914951Z c ============================[ Search Statistics ]==============================
2026-10-09T01:15:16.4915635Z c | Conflicts |          ORIGINAL         |          LEARNT          | Progress |
2026-10-09T01:15:16.4916220Z c |           |    Vars  Clauses Literals |    Limit  Clauses Lit/Cl |          |
2026-10-09T01:15:16.4916765Z c ===============================================================================
2026-10-09T01:15:16.4917286Z c nb soft clauses: 13, of which 10 unit, 3 nonUnit and 0 empty
2026-10-09T01:15:16.4917717Z c total nb of literals: 57
2026-10-09T01:15:16.4918338Z c conflLits 3, conflLits2 0, nbFailedLits 0, fixedVarsBypreproc 0, totalFixedVars 0
2026-10-09T01:15:16.4918867Z c init nbIsets: 4
2026-10-09T01:15:16.4919278Z c nbIsets after pass 1: 3
2026-10-09T01:15:16.4919633Z c isets 3, derivedCost 3
2026-10-09T01:15:16.4919978Z c 1 conflict sets found with length 3
2026-10-09T01:15:16.4920321Z c fixedCost 0, nbSatLits 0, totalFixedVars 0, objForSearch: 10
2026-10-09T01:15:16.4920577Z 
2026-10-09T01:15:16.4920695Z c no UB provided, search from scratch...
2026-10-09T01:15:16.4921097Z c ends of initiationization by VSIDS at 0 conflicts with init 10000
2026-10-09T01:15:16.4921372Z 
2026-10-09T01:15:16.4921571Z c UB=1 fails, cnfls=0, hcnfls=0, core 0, tier2 0, local 0, quasiC: 0 (fixed: 0)
2026-10-09T01:15:16.4922453Z c prunedLB 0.00, dev 0.00, succRate 0.00, nbSucc 0, nbHardens 1 (fixed 10), lk: 1, shorten: 0, pureSo 0, nbFlyRd 0, nbFixedLH 0
2026-10-09T01:15:16.4922885Z 
2026-10-09T01:15:16.4923004Z c Cardinality: 53 (Sinz+MTO) for UB 2
2026-10-09T01:15:16.4923366Z c ends of initiationization by VSIDS at 1 conflicts with init 9999
2026-10-09T01:15:16.4923634Z 
2026-10-09T01:15:16.4923820Z c UB=2 fails, cnfls=1, hcnfls=1, core 0, tier2 0, local 0, quasiC: 0 (fixed: 0)
2026-10-09T01:15:16.4924407Z c prunedLB 2.00, dev 0.00, succRate 1.00, nbSucc 1, nbHardens 1 (fixed 10), lk: 1, shorten: 0, pureSo 0, nbFlyRd 0, nbFixedLH 0
2026-10-09T01:15:16.4924805Z 
2026-10-09T01:15:16.4924907Z c Cardinality: 107 (Sinz+MTO) for UB 4
2026-10-09T01:15:16.4925455Z c UB=4 succs, confls=2, hconfls=2, core 1, tier2 0, local 0,  2 soft cls unsat (0 at L0), 0 fixed vars at L0, softCnfl 0, nbFlyRd 1, nbFixedLH 0
2026-10-09T01:15:16.4926202Z c nbHardens 1 (fixed 10), shorten: 0, prunedLB 0.00, dev 0.00, succRate 0.00, nbSucc 0, lk: 0, shorten: 0, quasiC: 0 (fixed: 0)
2026-10-09T01:15:16.4926611Z 
2026-10-09T01:15:16.4926792Z c ends of initiationization by VSIDS at 2 conflicts with init 9999
2026-10-09T01:15:16.4927055Z 
2026-10-09T01:15:16.4927237Z c UB=2 fails, cnfls=2, hcnfls=2, core 1, tier2 0, local 0, quasiC: 0 (fixed: 0)
2026-10-09T01:15:16.4927818Z c prunedLB 0.00, dev 0.00, succRate 0.00, nbSucc 0, nbHardens 1 (fixed 10), lk: 0, shorten: 0, pureSo 0, nbFlyRd 1, nbFixedLH 0
2026-10-09T01:15:16.4928339Z c ===============================================================================
2026-10-09T01:15:16.4928752Z c initCost: 0, fixedBySearch: 0, optimal: 5, maxsat: 8, hardConflicts: 2
2026-10-09T01:15:16.4929251Z c nbLK: 2, nbSuccLK: 1(50.00%), nbLKup: 47(64.38%), hardens 1 (fixed 10), dynVars 51, shorten: 0
2026-10-09T01:15:16.4929645Z c restarts              : 3
2026-10-09T01:15:16.4929912Z c conflicts             : 2              (inf /sec)
2026-10-09T01:15:16.4930419Z c decisions             : 18             (0.00 % random) (inf /sec)
2026-10-09T01:15:16.4930766Z c propagations          : 73             (inf /sec)
2026-10-09T01:15:16.4931098Z c conflict literals     : 2              (0.00 % deleted)
2026-10-09T01:15:16.4931410Z c Memory used           : 13.00 MB
2026-10-09T01:15:16.4931663Z c CPU time              : 0 s
2026-10-09T01:15:16.4932118Z c nbSimplifyAll         : 0
2026-10-09T01:15:16.4932367Z c s_propagations        : 90          
2026-10-09T01:15:16.4932632Z c s_cost_ratio          : 123.29%
2026-10-09T01:15:16.4932786Z 
2026-10-09T01:15:16.4932880Z s UNSATISFIABLE
2026-10-09T01:15:16.4933088Z c This is COMiniSatPS.
2026-10-09T01:15:16.4933390Z c WARNING: for repeatability, setting FPU to use double precision
2026-10-09T01:15:16.4933790Z c ============================[ Problem Statistics ]=============================
2026-10-09T01:15:16.4934275Z c |                                                                             |
2026-10-09T01:15:16.4934596Z c initial UB: 2147483647
2026-10-09T01:15:16.4934899Z c |  Number of variables:            10                                         |
2026-10-09T01:15:16.4935309Z c |  Number of clauses:              15                                         |
2026-10-09T01:15:16.4935688Z c |  Parse time:                   0.00 s                                       |
2026-10-09T01:15:16.4936025Z c |                                                                             |
2026-10-09T01:15:16.4936361Z c ============================[ Search Statistics ]==============================
2026-10-09T01:15:16.4936747Z c | Conflicts |          ORIGINAL         |          LEARNT          | Progress |
2026-10-09T01:15:16.4937164Z c |           |    Vars  Clauses Literals |    Limit  Clauses Lit/Cl |          |
2026-10-09T01:15:16.4937527Z c ===============================================================================
2026-10-09T01:15:16.4937906Z c nb soft clauses: 13, of which 10 unit, 3 nonUnit and 0 empty
2026-10-09T01:15:16.4938252Z c total nb of literals: 57
2026-10-09T01:15:16.4938627Z c conflLits 3, conflLits2 0, nbFailedLits 0, fixedVarsBypreproc 0, totalFixedVars 0
2026-10-09T01:15:16.4939025Z c init nbIsets: 4
2026-10-09T01:15:16.4939241Z c nbIsets after pass 1: 3
2026-10-09T01:15:16.4939484Z c isets 3, derivedCost 3
2026-10-09T01:15:16.4939726Z c 1 conflict sets found with length 3
2026-10-09T01:15:16.4940067Z c fixedCost 0, nbSatLits 0, totalFixedVars 0, objForSearch: 10
2026-10-09T01:15:16.4940324Z 
2026-10-09T01:15:16.4940434Z c no UB provided, search from scratch...
2026-10-09T01:15:16.4940795Z c ends of initiationization by VSIDS at 0 conflicts with init 10000
2026-10-09T01:15:16.4941065Z 
2026-10-09T01:15:16.4941262Z c UB=1 fails, cnfls=0, hcnfls=0, core 0, tier2 0, local 0, quasiC: 0 (fixed: 0)
2026-10-09T01:15:16.4942001Z c prunedLB 0.00, dev 0.00, succRate 0.00, nbSucc 0, nbHardens 1 (fixed 10), lk: 1, shorten: 0, pureSo 0, nbFlyRd 0, nbFixedLH 0
2026-10-09T01:15:16.4942420Z 
2026-10-09T01:15:16.4942531Z c Cardinality: 53 (Sinz+MTO) for UB 2
2026-10-09T01:15:16.4942880Z c ends of initiationization by VSIDS at 1 conflicts with init 9999
2026-10-09T01:15:16.4943144Z 
2026-10-09T01:15:16.4943317Z c UB=2 fails, cnfls=1, hcnfls=1, core 0, tier2 0, local 0, quasiC: 0 (fixed: 0)
2026-10-09T01:15:16.4943889Z c prunedLB 2.00, dev 0.00, succRate 1.00, nbSucc 1, nbHardens 1 (fixed 10), lk: 1, shorten: 0, pureSo 0, nbFlyRd 0, nbFixedLH 0
2026-10-09T01:15:16.4944283Z 
2026-10-09T01:15:16.4944389Z c Cardinality: 107 (Sinz+MTO) for UB 4
2026-10-09T01:15:16.4944925Z c UB=4 succs, confls=3, hconfls=3, core 2, tier2 0, local 0,  3 soft cls unsat (0 at L0), 0 fixed vars at L0, softCnfl 0, nbFlyRd 2, nbFixedLH 0
2026-10-09T01:15:16.4945687Z c nbHardens 3 (fixed 10), shorten: 0, prunedLB 0.00, dev 0.00, succRate 0.00, nbSucc 0, lk: 0, shorten: 0, quasiC: 0 (fixed: 0)
2026-10-09T01:15:16.4946099Z 
2026-10-09T01:15:16.4946284Z c ends of initiationization by VSIDS at 3 conflicts with init 9998
2026-10-09T01:15:16.4946690Z 
2026-10-09T01:15:16.4946693Z 
2026-10-09T01:15:16.4946794Z c Cardinality: 96 (Sinz+MTO) for UB 3
2026-10-09T01:15:16.4947386Z c UB=3 succs, confls=12, hconfls=12, core 6, tier2 0, local 0,  2 soft cls unsat (1 at L0), 26 fixed vars at L0, softCnfl 0, nbFlyRd 9, nbFixedLH 0
2026-10-09T01:15:16.4948145Z c nbHardens 5 (fixed 10), shorten: 0, prunedLB 0.00, dev 0.00, succRate 0.00, nbSucc 0, lk: 0, shorten: 0, quasiC: 0 (fixed: 0)
2026-10-09T01:15:16.4948545Z 
2026-10-09T01:15:16.4948703Z c LRB phase 1: conflicts 9, phase 20000000, starts 1, UP 222
2026-10-09T01:15:16.4949132Z c UB=2 fails, cnfls=12, hcnfls=12, core 6, tier2 0, local 0, quasiC: 0 (fixed: 0)
2026-10-09T01:15:16.4949724Z c prunedLB 0.00, dev 0.00, succRate 0.00, nbSucc 0, nbHardens 5 (fixed 10), lk: 0, shorten: 0, pureSo 0, nbFlyRd 9, nbFixedLH 0
2026-10-09T01:15:16.4950239Z c ===============================================================================
2026-10-09T01:15:16.4950767Z c initCost: 0, fixedBySearch: 0, optimal: 5, maxsat: 8, hardConflicts: 12
2026-10-09T01:15:16.4951290Z c nbLK: 2, nbSuccLK: 1(50.00%), nbLKup: 49(15.22%), hardens 5 (fixed 10), dynVars 95, shorten: 0
2026-10-09T01:15:16.4951689Z c restarts              : 4
2026-10-09T01:15:16.4952053Z c conflicts             : 12             (inf /sec)
2026-10-09T01:15:16.4952404Z c decisions             : 81             (0.00 % random) (inf /sec)
2026-10-09T01:15:16.4952745Z c propagations          : 322            (inf /sec)
2026-10-09T01:15:16.4953076Z c conflict literals     : 18             (5.26 % deleted)
2026-10-09T01:15:16.4953394Z c Memory used           : 13.00 MB
2026-10-09T01:15:16.4953643Z c CPU time              : 0 s
2026-10-09T01:15:16.4953886Z c nbSimplifyAll         : 0
2026-10-09T01:15:16.4954131Z c s_propagations        : 98          
2026-10-09T01:15:16.4954397Z c s_cost_ratio          : 30.43%
2026-10-09T01:15:16.4954561Z 
2026-10-09T01:15:16.4954644Z s UNSATISFIABLE
2026-10-09T01:15:16.4954862Z c This is COMiniSatPS.
2026-10-09T01:15:16.4955172Z c WARNING: for repeatability, setting FPU to use double precision
2026-10-09T01:15:16.4955575Z c ============================[ Problem Statistics ]=============================
2026-10-09T01:15:16.4955932Z c |                                                                             |
2026-10-09T01:15:16.4956226Z c initial UB: 2147483647
2026-10-09T01:15:16.4956523Z c |  Number of variables:            10                                         |
2026-10-09T01:15:16.4956917Z c |  Number of clauses:              15                                         |
2026-10-09T01:15:16.4957310Z c |  Parse time:                   0.00 s                                       |
2026-10-09T01:15:16.4957690Z c |                                                                             |
2026-10-09T01:15:16.4958031Z c ============================[ Search Statistics ]==============================
2026-10-09T01:15:16.4958430Z c | Conflicts |          ORIGINAL         |          LEARNT          | Progress |
2026-10-09T01:15:16.4958851Z c |           |    Vars  Clauses Literals |    Limit  Clauses Lit/Cl |          |
2026-10-09T01:15:16.4959218Z c ===============================================================================
2026-10-09T01:15:16.4959578Z c nb soft clauses: 13, of which 10 unit, 3 nonUnit and 0 empty
2026-10-09T01:15:16.4959905Z c total nb of literals: 57
2026-10-09T01:15:16.4960277Z c conflLits 3, conflLits2 0, nbFailedLits 0, fixedVarsBypreproc 0, totalFixedVars 0
2026-10-09T01:15:16.4960677Z c init nbIsets: 4
2026-10-09T01:15:16.4960898Z c nbIsets after pass 1: 3
2026-10-09T01:15:16.4961129Z c isets 3, derivedCost 3
2026-10-09T01:15:16.4961367Z c 1 conflict sets found with length 3
2026-10-09T01:15:16.4961697Z c fixedCost 0, nbSatLits 0, totalFixedVars 0, objForSearch: 10
2026-10-09T01:15:16.4962080Z 
2026-10-09T01:15:16.4962262Z c no UB provided, search from scratch...
2026-10-09T01:15:16.4962634Z c ends of initiationization by VSIDS at 0 conflicts with init 10000
2026-10-09T01:15:16.4963055Z 
2026-10-09T01:15:16.4963249Z c UB=1 fails, cnfls=0, hcnfls=0, core 0, tier2 0, local 0, quasiC: 0 (fixed: 0)
2026-10-09T01:15:16.4963845Z c prunedLB 0.00, dev 0.00, succRate 0.00, nbSucc 0, nbHardens 1 (fixed 10), lk: 1, shorten: 0, pureSo 0, nbFlyRd 0, nbFixedLH 0
2026-10-09T01:15:16.4964254Z 
2026-10-09T01:15:16.4964354Z c Cardinality: 53 (Sinz+MTO) for UB 2
2026-10-09T01:15:16.4964692Z c ends of initiationization by VSIDS at 1 conflicts with init 9999
2026-10-09T01:15:16.4964946Z 
2026-10-09T01:15:16.4965128Z c UB=2 fails, cnfls=1, hcnfls=1, core 0, tier2 0, local 0, quasiC: 0 (fixed: 0)
2026-10-09T01:15:16.4965692Z c prunedLB 2.00, dev 0.00, succRate 1.00, nbSucc 1, nbHardens 1 (fixed 10), lk: 1, shorten: 0, pureSo 0, nbFlyRd 0, nbFixedLH 0
2026-10-09T01:15:16.4966085Z 
2026-10-09T01:15:16.4966182Z c Cardinality: 107 (Sinz+MTO) for UB 4
2026-10-09T01:15:16.4966830Z c UB=4 succs, confls=2, hconfls=2, core 1, tier2 0, local 0,  2 soft cls unsat (0 at L0), 0 fixed vars at L0, softCnfl 0, nbFlyRd 1, nbFixedLH 0
2026-10-09T01:15:16.4967606Z c nbHardens 1 (fixed 10), shorten: 0, prunedLB 0.00, dev 0.00, succRate 0.00, nbSucc 0, lk: 0, shorten: 0, quasiC: 0 (fixed: 0)
2026-10-09T01:15:16.4968045Z 
2026-10-09T01:15:16.4968227Z c ends of initiationization by VSIDS at 2 conflicts with init 9999
2026-10-09T01:15:16.4968476Z 
2026-10-09T01:15:16.4968654Z c UB=2 fails, cnfls=2, hcnfls=2, core 1, tier2 0, local 0, quasiC: 0 (fixed: 0)
2026-10-09T01:15:16.4969218Z c prunedLB 0.00, dev 0.00, succRate 0.00, nbSucc 0, nbHardens 1 (fixed 10), lk: 0, shorten: 0, pureSo 0, nbFlyRd 1, nbFixedLH 0
2026-10-09T01:15:16.4969727Z c ===============================================================================
2026-10-09T01:15:16.4970125Z c initCost: 0, fixedBySearch: 0, optimal: 5, maxsat: 8, hardConflicts: 2
2026-10-09T01:15:16.4970617Z c nbLK: 2, nbSuccLK: 1(50.00%), nbLKup: 47(64.38%), hardens 1 (fixed 10), dynVars 51, shorten: 0
2026-10-09T01:15:16.4971012Z c restarts              : 3
2026-10-09T01:15:16.4971282Z c conflicts             : 2              (1753 /sec)
2026-10-09T01:15:16.4971635Z c decisions             : 18             (0.00 % random) (15776 /sec)
2026-10-09T01:15:16.4972179Z c propagations          : 73             (63979 /sec)
2026-10-09T01:15:16.4972522Z c conflict literals     : 2              (0.00 % deleted)
2026-10-09T01:15:16.4972831Z c Memory used           : 13.00 MB
2026-10-09T01:15:16.4973081Z c CPU time              : 0.001141 s
2026-10-09T01:15:16.4973339Z c nbSimplifyAll         : 0
2026-10-09T01:15:16.4973580Z c s_propagations        : 90          
2026-10-09T01:15:16.4973842Z c s_cost_ratio          : 123.29%
2026-10-09T01:15:16.4974008Z 
2026-10-09T01:15:16.4974097Z s UNSATISFIABLE
2026-10-09T01:15:16.5095385Z c This is COMiniSatPS.
2026-10-09T01:15:16.5095962Z c WARNING: for repeatability, setting FPU to use double precision
2026-10-09T01:15:16.5096619Z c ============================[ Problem Statistics ]=============================
2026-10-09T01:15:16.5097062Z c |                                                                             |
2026-10-09T01:15:16.5097386Z c initial UB: 2147483647
2026-10-09T01:15:16.5097715Z c |  Number of variables:            10                                         |
2026-10-09T01:15:16.5098126Z c |  Number of clauses:              15                                         |
2026-10-09T01:15:16.5098517Z c |  Parse time:                   0.00 s                                       |
2026-10-09T01:15:16.5098886Z c |                                                                             |
2026-10-09T01:15:16.5099236Z c ============================[ Search Statistics ]==============================
2026-10-09T01:15:16.5099637Z c | Conflicts |          ORIGINAL         |          LEARNT          | Progress |
2026-10-09T01:15:16.5100058Z c |           |    Vars  Clauses Literals |    Limit  Clauses Lit/Cl |          |
2026-10-09T01:15:16.5100444Z c ===============================================================================
2026-10-09T01:15:16.5100830Z c nb soft clauses: 14, of which 10 unit, 4 nonUnit and 0 empty
2026-10-09T01:15:16.5101382Z c total nb of literals: 61
2026-10-09T01:15:16.5101765Z c conflLits 3, conflLits2 0, nbFailedLits 0, fixedVarsBypreproc 0, totalFixedVars 0
2026-10-09T01:15:16.5102703Z c init nbIsets: 4
2026-10-09T01:15:16.5102927Z c nbIsets after pass 1: 3
2026-10-09T01:15:16.5103168Z c isets 3, derivedCost 3
2026-10-09T01:15:16.5103411Z c 3 conflict sets found with length 10
2026-10-09T01:15:16.5103750Z c fixedCost 0, nbSatLits 0, totalFixedVars 0, objForSearch: 11
2026-10-09T01:15:16.5104017Z 
2026-10-09T01:15:16.5104130Z c no UB provided, search from scratch...
2026-10-09T01:15:16.5104500Z c ends of initiationization by VSIDS at 0 conflicts with init 10000
2026-10-09T01:15:16.5104769Z 
2026-10-09T01:15:16.5104966Z c UB=1 fails, cnfls=0, hcnfls=0, core 0, tier2 0, local 0, quasiC: 0 (fixed: 0)
2026-10-09T01:15:16.5105721Z c prunedLB 0.00, dev 0.00, succRate 0.00, nbSucc 0, nbHardens 1 (fixed 11), lk: 1, shorten: 0, pureSo 0, nbFlyRd 0, nbFixedLH 0
2026-10-09T01:15:16.5106140Z 
2026-10-09T01:15:16.5106252Z c Cardinality: 59 (Sinz+MTO) for UB 2
2026-10-09T01:15:16.5106594Z c ends of initiationization by VSIDS at 1 conflicts with init 9999
2026-10-09T01:15:16.5106855Z 
2026-10-09T01:15:16.5107031Z c UB=2 fails, cnfls=1, hcnfls=1, core 0, tier2 0, local 0, quasiC: 0 (fixed: 0)
2026-10-09T01:15:16.5107597Z c prunedLB 2.00, dev 0.00, succRate 1.00, nbSucc 1, nbHardens 1 (fixed 11), lk: 1, shorten: 0, pureSo 0, nbFlyRd 0, nbFixedLH 0
2026-10-09T01:15:16.5107991Z 
2026-10-09T01:15:16.5108096Z c Cardinality: 120 (Sinz+MTO) for UB 4
2026-10-09T01:15:16.5108641Z c UB=4 succs, confls=3, hconfls=3, core 2, tier2 0, local 0,  3 soft cls unsat (0 at L0), 0 fixed vars at L0, softCnfl 0, nbFlyRd 0, nbFixedLH 0
2026-10-09T01:15:16.5109437Z c nbHardens 3 (fixed 11), shorten: 0, prunedLB 0.00, dev 0.00, succRate 0.00, nbSucc 0, lk: 0, shorten: 0, quasiC: 0 (fixed: 0)
2026-10-09T01:15:16.5109849Z 
2026-10-09T01:15:16.5110039Z c ends of initiationization by VSIDS at 3 conflicts with init 9998
2026-10-09T01:15:16.5110306Z 
2026-10-09T01:15:16.5110310Z 
2026-10-09T01:15:16.5110408Z c Cardinality: 107 (Sinz+MTO) for UB 3
2026-10-09T01:15:16.5110936Z c UB=3 succs, confls=8, hconfls=8, core 7, tier2 0, local 0,  2 soft cls unsat (0 at L0), 0 fixed vars at L0, softCnfl 0, nbFlyRd 0, nbFixedLH 0
2026-10-09T01:15:16.5111675Z c nbHardens 7 (fixed 11), shorten: 0, prunedLB 0.00, dev 0.00, succRate 0.00, nbSucc 0, lk: 0, shorten: 0, quasiC: 0 (fixed: 0)
2026-10-09T01:15:16.5112238Z 
2026-10-09T01:15:16.5112402Z c LRB phase 1: conflicts 5, phase 20000000, starts 1, UP 230
2026-10-09T01:15:16.5112825Z c UB=2 fails, cnfls=8, hcnfls=8, core 7, tier2 0, local 0, quasiC: 0 (fixed: 0)
2026-10-09T01:15:16.5113414Z c prunedLB 0.00, dev 0.00, succRate 0.00, nbSucc 0, nbHardens 7 (fixed 11), lk: 0, shorten: 0, pureSo 0, nbFlyRd 0, nbFixedLH 0
2026-10-09T01:15:16.5113966Z c ===============================================================================
2026-10-09T01:15:16.5114400Z c initCost: 0, fixedBySearch: 0, optimal: 5, maxsat: 9, hardConflicts: 8
2026-10-09T01:15:16.5114912Z c nbLK: 2, nbSuccLK: 1(50.00%), nbLKup: 52(14.77%), hardens 7 (fixed 11), dynVars 106, shorten: 0
2026-10-09T01:15:16.5115362Z c restarts              : 4
2026-10-09T01:15:16.5115632Z c conflicts             : 8              (inf /sec)
2026-10-09T01:15:16.5115980Z c decisions             : 87             (0.00 % random) (inf /sec)
2026-10-09T01:15:16.5116324Z c propagations          : 352            (inf /sec)
2026-10-09T01:15:16.5116661Z c conflict literals     : 21             (25.00 % deleted)
2026-10-09T01:15:16.5116979Z c Memory used           : 13.00 MB
2026-10-09T01:15:16.5117229Z c CPU time              : 0 s
2026-10-09T01:15:16.5117474Z c nbSimplifyAll         : 0
2026-10-09T01:15:16.5117719Z c s_propagations        : 114         
2026-10-09T01:15:16.5117981Z c s_cost_ratio          : 32.39%
2026-10-09T01:15:16.5118143Z 
2026-10-09T01:15:16.5118237Z s UNSATISFIABLE
2026-10-09T01:15:16.5118460Z c This is COMiniSatPS.
2026-10-09T01:15:16.5118982Z c WARNING: for repeatability, setting FPU to use double precision
2026-10-09T01:15:16.5119388Z c ============================[ Problem Statistics ]=============================
2026-10-09T01:15:16.5119748Z c |                                                                             |
2026-10-09T01:15:16.5120044Z c initial UB: 2147483647
2026-10-09T01:15:16.5120344Z c |  Number of variables:            10                                         |
2026-10-09T01:15:16.5120748Z c |  Number of clauses:              15                                         |
2026-10-09T01:15:16.5121132Z c |  Parse time:                   0.00 s                                       |
2026-10-09T01:15:16.5121490Z c |                                                                             |
2026-10-09T01:15:16.5121996Z c ============================[ Search Statistics ]==============================
2026-10-09T01:15:16.5122651Z c | Conflicts |          ORIGINAL         |          LEARNT          | Progress |
2026-10-09T01:15:16.5123095Z c |           |    Vars  Clauses Literals |    Limit  Clauses Lit/Cl |          |
2026-10-09T01:15:16.5123462Z c ===============================================================================
2026-10-09T01:15:16.5123818Z c nb soft clauses: 14, of which 10 unit, 4 nonUnit and 0 empty
2026-10-09T01:15:16.5124143Z c total nb of literals: 61
2026-10-09T01:15:16.5124507Z c conflLits 3, conflLits2 0, nbFailedLits 0, fixedVarsBypreproc 0, totalFixedVars 0
2026-10-09T01:15:16.5124913Z c init nbIsets: 4
2026-10-09T01:15:16.5125128Z c nbIsets after pass 1: 3
2026-10-09T01:15:16.5125364Z c isets 3, derivedCost 3
2026-10-09T01:15:16.5125615Z c 2 conflict sets found with length 7
2026-10-09T01:15:16.5125959Z c fixedCost 0, nbSatLits 0, totalFixedVars 0, objForSearch: 11
2026-10-09T01:15:16.5126218Z 
2026-10-09T01:15:16.5126326Z c no UB provided, search from scratch...
2026-10-09T01:15:16.5126697Z c ends of initiationization by VSIDS at 0 conflicts with init 10000
2026-10-09T01:15:16.5126972Z 
2026-10-09T01:15:16.5127163Z c UB=1 fails, cnfls=0, hcnfls=0, core 0, tier2 0, local 0, quasiC: 0 (fixed: 0)
2026-10-09T01:15:16.5127774Z c prunedLB 0.00, dev 0.00, succRate 0.00, nbSucc 0, nbHardens 1 (fixed 11), lk: 1, shorten: 0, pureSo 0, nbFlyRd 0, nbFixedLH 0
2026-10-09T01:15:16.5128190Z 
2026-10-09T01:15:16.5128296Z c Cardinality: 59 (Sinz+MTO) for UB 2
2026-10-09T01:15:16.5128635Z c ends of initiationization by VSIDS at 1 conflicts with init 9999
2026-10-09T01:15:16.5128891Z 
2026-10-09T01:15:16.5129076Z c UB=2 fails, cnfls=1, hcnfls=1, core 0, tier2 0, local 0, quasiC: 0 (fixed: 0)
2026-10-09T01:15:16.5129646Z c prunedLB 2.00, dev 0.00, succRate 1.00, nbSucc 1, nbHardens 1 (fixed 11), lk: 1, shorten: 0, pureSo 0, nbFlyRd 0, nbFixedLH 0
2026-10-09T01:15:16.5130040Z 
2026-10-09T01:15:16.5130139Z c Cardinality: 120 (Sinz+MTO) for UB 4
2026-10-09T01:15:16.5130674Z c UB=4 succs, confls=3, hconfls=3, core 2, tier2 0, local 0,  3 soft cls unsat (0 at L0), 0 fixed vars at L0, softCnfl 0, nbFlyRd 0, nbFixedLH 0
2026-10-09T01:15:16.5131437Z c nbHardens 3 (fixed 11), shorten: 0, prunedLB 0.00, dev 0.00, succRate 0.00, nbSucc 0, lk: 0, shorten: 0, quasiC: 0 (fixed: 0)
2026-10-09T01:15:16.5132005Z 
2026-10-09T01:15:16.5132241Z c ends of initiationization by VSIDS at 3 conflicts with init 9998
2026-10-09T01:15:16.5132501Z 
2026-10-09T01:15:16.5132505Z 
2026-10-09T01:15:16.5132611Z c Cardinality: 107 (Sinz+MTO) for UB 3
2026-10-09T01:15:16.5133133Z c UB=3 succs, confls=7, hconfls=7, core 6, tier2 0, local 0,  2 soft cls unsat (0 at L0), 0 fixed vars at L0, softCnfl 0, nbFlyRd 0, nbFixedLH 0
2026-10-09T01:15:16.5133862Z c nbHardens 5 (fixed 11), shorten: 0, prunedLB 0.00, dev 0.00, succRate 0.00, nbSucc 0, lk: 0, shorten: 0, quasiC: 0 (fixed: 0)
2026-10-09T01:15:16.5134261Z 
2026-10-09T01:15:16.5134411Z c LRB phase 1: conflicts 4, phase 20000000, starts 1, UP 185
2026-10-09T01:15:16.5134833Z c UB=2 fails, cnfls=7, hcnfls=7, core 6, tier2 0, local 0, quasiC: 0 (fixed: 0)
2026-10-09T01:15:16.5135566Z c prunedLB 0.00, dev 0.00, succRate 0.00, nbSucc 0, nbHardens 5 (fixed 11), lk: 0, shorten: 0, pureSo 0, nbFlyRd 0, nbFixedLH 0
2026-10-09T01:15:16.5136089Z c ===============================================================================
2026-10-09T01:15:16.5136504Z c initCost: 0, fixedBySearch: 0, optimal: 5, maxsat: 9, hardConflicts: 7
2026-10-09T01:15:16.5137001Z c nbLK: 2, nbSuccLK: 1(50.00%), nbLKup: 40(13.29%), hardens 5 (fixed 11), dynVars 106, shorten: 0
2026-10-09T01:15:16.5137402Z c restarts              : 4
2026-10-09T01:15:16.5137666Z c conflicts             : 7              (6217 /sec)
2026-10-09T01:15:16.5138011Z c decisions             : 77             (0.00 % random) (68384 /sec)
2026-10-09T01:15:16.5138372Z c propagations          : 301            (267318 /sec)
2026-10-09T01:15:16.5138713Z c conflict literals     : 17             (5.56 % deleted)
2026-10-09T01:15:16.5139029Z c Memory used           : 13.00 MB
2026-10-09T01:15:16.5139472Z c CPU time              : 0.001126 s
2026-10-09T01:15:16.5139739Z c nbSimplifyAll         : 0
2026-10-09T01:15:16.5139986Z c s_propagations        : 110         
2026-10-09T01:15:16.5140244Z c s_cost_ratio          : 36.54%
2026-10-09T01:15:16.5140405Z 
2026-10-09T01:15:16.5140489Z s UNSATISFIABLE
2026-10-09T01:15:16.5140819Z Partition adjacent oracles passed: 11 total inputs, 1024 assignments each.
2026-10-09T01:15:16.5197753Z ##[group]Run g++ -Isrc/solver -Wall -Wno-parentheses -O3 -g -D__STDC_LIMIT_MACROS -D__STDC_FORMAT_MACROS -DNDEBUG tests/test_partition_soft_literals.cc build/SimpSolver.o build/Solver.o build/Options.o build/System.o -lz -o build/test_partition_soft_literals
2026-10-09T01:15:16.5199573Z [36;1mg++ -Isrc/solver -Wall -Wno-parentheses -O3 -g -D__STDC_LIMIT_MACROS -D__STDC_FORMAT_MACROS -DNDEBUG tests/test_partition_soft_literals.cc build/SimpSolver.o build/Solver.o build/Options.o build/System.o -lz -o build/test_partition_soft_literals[0m
2026-10-09T01:15:16.5200594Z [36;1mtimeout 20s build/test_partition_soft_literals[0m
2026-10-09T01:15:16.5269301Z shell: /usr/bin/bash -e {0}
2026-10-09T01:15:16.5269574Z ##[endgroup]
2026-10-09T01:15:16.5792721Z In file included from src/solver/Solver.h:53,
2026-10-09T01:15:16.5793276Z                  from tests/test_partition_soft_literals.cc:3:
2026-10-09T01:15:16.5794146Z src/solver/utils/Options.h:285:29: warning: invalid suffix on literal; C++11 requires a space between literal and string macro [-Wliteral-suffix]
2026-10-09T01:15:16.5794896Z   285 |             fprintf(stderr, "%4"PRIi64, range.begin);
2026-10-09T01:15:16.5795300Z       |                             ^
2026-10-09T01:15:16.5796031Z src/solver/utils/Options.h:291:29: warning: invalid suffix on literal; C++11 requires a space between literal and string macro [-Wliteral-suffix]
2026-10-09T01:15:16.5796741Z   291 |             fprintf(stderr, "%4"PRIi64, range.end);
2026-10-09T01:15:16.5797153Z       |                             ^
2026-10-09T01:15:16.5797884Z src/solver/utils/Options.h:293:25: warning: invalid suffix on literal; C++11 requires a space between literal and string macro [-Wliteral-suffix]
2026-10-09T01:15:16.5798649Z   293 |         fprintf(stderr, "] (default: %"PRIi64")\n", value);
2026-10-09T01:15:16.5799067Z       |                         ^
2026-10-09T01:15:16.7201055Z tests/test_partition_soft_literals.cc: In member function ‘void Probe::test(int, int, int)’:
2026-10-09T01:15:16.7202813Z tests/test_partition_soft_literals.cc:37:4: warning: this ‘if’ clause does not guard... [-Wmisleading-indentation]
2026-10-09T01:15:16.7203844Z    37 |    if(!hard)continue;++checked;
2026-10-09T01:15:16.7204334Z       |    ^~
2026-10-09T01:15:16.7205416Z tests/test_partition_soft_literals.cc:37:22: note: ...this statement, but the latter is misleadingly indented as if it were guarded by the ‘if’
2026-10-09T01:15:16.7206541Z    37 |    if(!hard)continue;++checked;
2026-10-09T01:15:16.7207049Z       |                      ^~
2026-10-09T01:15:17.0440592Z c init nbIsets: 2
2026-10-09T01:15:17.0441129Z c nbIsets after pass 1: 1
2026-10-09T01:15:17.0442017Z c isets 1, derivedCost 1
2026-10-09T01:15:17.0442385Z c init nbIsets: 2
2026-10-09T01:15:17.0442724Z c nbIsets after pass 1: 1
2026-10-09T01:15:17.0443185Z c isets 1, derivedCost 1
2026-10-09T01:15:17.0443529Z c init nbIsets: 2
2026-10-09T01:15:17.0443859Z c nbIsets after pass 1: 1
2026-10-09T01:15:17.0444133Z c isets 1, derivedCost 1
2026-10-09T01:15:17.0444404Z c init nbIsets: 2
2026-10-09T01:15:17.0444613Z c nbIsets after pass 1: 1
2026-10-09T01:15:17.0444838Z c isets 1, derivedCost 1
2026-10-09T01:15:17.0445052Z c init nbIsets: 2
2026-10-09T01:15:17.0445259Z c nbIsets after pass 1: 1
2026-10-09T01:15:17.0445516Z c isets 1, derivedCost 1
2026-10-09T01:15:17.0445727Z c init nbIsets: 2
2026-10-09T01:15:17.0446000Z c nbIsets after pass 1: 1
2026-10-09T01:15:17.0446339Z c isets 1, derivedCost 1
2026-10-09T01:15:17.0446662Z c init nbIsets: 2
2026-10-09T01:15:17.0446967Z c nbIsets after pass 1: 1
2026-10-09T01:15:17.0447313Z c isets 1, derivedCost 1
2026-10-09T01:15:17.0447644Z c init nbIsets: 2
2026-10-09T01:15:17.0447960Z c nbIsets after pass 1: 1
2026-10-09T01:15:17.0448316Z c isets 1, derivedCost 1
2026-10-09T01:15:17.0448635Z c init nbIsets: 2
2026-10-09T01:15:17.0448961Z c nbIsets after pass 1: 1
2026-10-09T01:15:17.0449373Z c isets 1, derivedCost 1
2026-10-09T01:15:17.0449721Z c init nbIsets: 2
2026-10-09T01:15:17.0450297Z c nbIsets after pass 1: 1
2026-10-09T01:15:17.0450661Z c isets 1, derivedCost 1
2026-10-09T01:15:17.0451023Z c init nbIsets: 2
2026-10-09T01:15:17.0451338Z c nbIsets after pass 1: 1
2026-10-09T01:15:17.0451678Z c isets 1, derivedCost 1
2026-10-09T01:15:17.0452159Z c init nbIsets: 2
2026-10-09T01:15:17.0452401Z c nbIsets after pass 1: 1
2026-10-09T01:15:17.0452641Z c isets 1, derivedCost 1
2026-10-09T01:15:17.0452862Z c init nbIsets: 2
2026-10-09T01:15:17.0453073Z c nbIsets after pass 1: 1
2026-10-09T01:15:17.0453299Z c isets 1, derivedCost 1
2026-10-09T01:15:17.0453515Z c init nbIsets: 2
2026-10-09T01:15:17.0453720Z c nbIsets after pass 1: 1
2026-10-09T01:15:17.0453942Z c isets 1, derivedCost 1
2026-10-09T01:15:17.0454166Z c init nbIsets: 2
2026-10-09T01:15:17.0454368Z c nbIsets after pass 1: 1
2026-10-09T01:15:17.0454589Z c isets 1, derivedCost 1
2026-10-09T01:15:17.0454798Z c init nbIsets: 2
2026-10-09T01:15:17.0454997Z c nbIsets after pass 1: 1
2026-10-09T01:15:17.0455223Z c isets 1, derivedCost 1
2026-10-09T01:15:17.0455437Z c init nbIsets: 2
2026-10-09T01:15:17.0455638Z c nbIsets after pass 1: 1
2026-10-09T01:15:17.0455855Z c isets 1, derivedCost 2
2026-10-09T01:15:17.0456067Z c init nbIsets: 2
2026-10-09T01:15:17.0456268Z c nbIsets after pass 1: 1
2026-10-09T01:15:17.0456486Z c isets 1, derivedCost 2
2026-10-09T01:15:17.0456700Z c init nbIsets: 2
2026-10-09T01:15:17.0456904Z c nbIsets after pass 1: 1
2026-10-09T01:15:17.0457130Z c isets 1, derivedCost 2
2026-10-09T01:15:17.0457347Z c init nbIsets: 2
2026-10-09T01:15:17.0457555Z c nbIsets after pass 1: 1
2026-10-09T01:15:17.0457782Z c isets 1, derivedCost 2
2026-10-09T01:15:17.0457996Z c init nbIsets: 2
2026-10-09T01:15:17.0458204Z c nbIsets after pass 1: 1
2026-10-09T01:15:17.0458424Z c isets 1, derivedCost 2
2026-10-09T01:15:17.0458636Z c init nbIsets: 2
2026-10-09T01:15:17.0458833Z c nbIsets after pass 1: 1
2026-10-09T01:15:17.0459051Z c isets 1, derivedCost 2
2026-10-09T01:15:17.0459262Z c init nbIsets: 2
2026-10-09T01:15:17.0459458Z c nbIsets after pass 1: 1
2026-10-09T01:15:17.0459683Z c isets 1, derivedCost 2
2026-10-09T01:15:17.0459892Z c init nbIsets: 2
2026-10-09T01:15:17.0460093Z c nbIsets after pass 1: 1
2026-10-09T01:15:17.0460321Z c isets 1, derivedCost 2
2026-10-09T01:15:17.0460533Z c init nbIsets: 2
2026-10-09T01:15:17.0460739Z c nbIsets after pass 1: 1
2026-10-09T01:15:17.0460964Z c isets 1, derivedCost 2
2026-10-09T01:15:17.0461181Z c init nbIsets: 2
2026-10-09T01:15:17.0461387Z c nbIsets after pass 1: 1
2026-10-09T01:15:17.0461607Z c isets 1, derivedCost 2
2026-10-09T01:15:17.0461821Z c init nbIsets: 2
2026-10-09T01:15:17.0462221Z c nbIsets after pass 1: 1
2026-10-09T01:15:17.0462467Z c isets 1, derivedCost 2
2026-10-09T01:15:17.0462859Z c init nbIsets: 2
2026-10-09T01:15:17.0463081Z c nbIsets after pass 1: 1
2026-10-09T01:15:17.0463307Z c isets 1, derivedCost 2
2026-10-09T01:15:17.0463519Z c init nbIsets: 2
2026-10-09T01:15:17.0463721Z c nbIsets after pass 1: 1
2026-10-09T01:15:17.0463946Z c isets 1, derivedCost 2
2026-10-09T01:15:17.0464178Z c init nbIsets: 2
2026-10-09T01:15:17.0464395Z c nbIsets after pass 1: 1
2026-10-09T01:15:17.0464628Z c isets 1, derivedCost 2
2026-10-09T01:15:17.0464851Z c init nbIsets: 2
2026-10-09T01:15:17.0465058Z c nbIsets after pass 1: 1
2026-10-09T01:15:17.0465284Z c isets 1, derivedCost 2
2026-10-09T01:15:17.0465499Z c init nbIsets: 2
2026-10-09T01:15:17.0465718Z c nbIsets after pass 1: 1
2026-10-09T01:15:17.0465957Z c isets 1, derivedCost 2
2026-10-09T01:15:17.0466175Z c init nbIsets: 2
2026-10-09T01:15:17.0466381Z c nbIsets after pass 1: 1
2026-10-09T01:15:17.0466610Z c isets 1, derivedCost 2
2026-10-09T01:15:17.0466837Z c init nbIsets: 2
2026-10-09T01:15:17.0467047Z c nbIsets after pass 1: 1
2026-10-09T01:15:17.0467268Z c isets 1, derivedCost 2
2026-10-09T01:15:17.0467481Z c init nbIsets: 2
2026-10-09T01:15:17.0467685Z c nbIsets after pass 1: 1
2026-10-09T01:15:17.0467902Z c isets 1, derivedCost 2
2026-10-09T01:15:17.0468115Z c init nbIsets: 2
2026-10-09T01:15:17.0468313Z c nbIsets after pass 1: 1
2026-10-09T01:15:17.0468671Z c isets 1, derivedCost 2
2026-10-09T01:15:17.0468888Z c init nbIsets: 2
2026-10-09T01:15:17.0469092Z c nbIsets after pass 1: 1
2026-10-09T01:15:17.0469309Z c isets 1, derivedCost 2
2026-10-09T01:15:17.0469519Z c init nbIsets: 2
2026-10-09T01:15:17.0469718Z c nbIsets after pass 1: 1
2026-10-09T01:15:17.0469939Z c isets 1, derivedCost 2
2026-10-09T01:15:17.0470147Z c init nbIsets: 2
2026-10-09T01:15:17.0470358Z c nbIsets after pass 1: 1
2026-10-09T01:15:17.0470573Z c isets 1, derivedCost 2
2026-10-09T01:15:17.0470782Z c init nbIsets: 2
2026-10-09T01:15:17.0470981Z c nbIsets after pass 1: 1
2026-10-09T01:15:17.0471200Z c isets 1, derivedCost 2
2026-10-09T01:15:17.0471419Z c init nbIsets: 2
2026-10-09T01:15:17.0471620Z c nbIsets after pass 1: 1
2026-10-09T01:15:17.0472290Z c isets 1, derivedCost 2
2026-10-09T01:15:17.0472514Z c init nbIsets: 2
2026-10-09T01:15:17.0472721Z c nbIsets after pass 1: 1
2026-10-09T01:15:17.0472935Z c isets 1, derivedCost 2
2026-10-09T01:15:17.0473156Z c init nbIsets: 2
2026-10-09T01:15:17.0473361Z c nbIsets after pass 1: 1
2026-10-09T01:15:17.0473575Z c isets 1, derivedCost 2
2026-10-09T01:15:17.0473785Z c init nbIsets: 2
2026-10-09T01:15:17.0473984Z c nbIsets after pass 1: 1
2026-10-09T01:15:17.0474199Z c isets 1, derivedCost 2
2026-10-09T01:15:17.0474416Z c init nbIsets: 2
2026-10-09T01:15:17.0474611Z c nbIsets after pass 1: 1
2026-10-09T01:15:17.0474826Z c isets 1, derivedCost 2
2026-10-09T01:15:17.0475036Z c init nbIsets: 2
2026-10-09T01:15:17.0475240Z c nbIsets after pass 1: 1
2026-10-09T01:15:17.0475458Z c isets 1, derivedCost 2
2026-10-09T01:15:17.0475680Z c init nbIsets: 2
2026-10-09T01:15:17.0475878Z c nbIsets after pass 1: 1
2026-10-09T01:15:17.0476101Z c isets 1, derivedCost 2
2026-10-09T01:15:17.0476312Z c init nbIsets: 2
2026-10-09T01:15:17.0476512Z c nbIsets after pass 1: 1
2026-10-09T01:15:17.0476733Z c isets 1, derivedCost 2
2026-10-09T01:15:17.0476943Z c init nbIsets: 2
2026-10-09T01:15:17.0477141Z c nbIsets after pass 1: 1
2026-10-09T01:15:17.0477359Z c isets 1, derivedCost 2
2026-10-09T01:15:17.0477570Z c init nbIsets: 2
2026-10-09T01:15:17.0477769Z c nbIsets after pass 1: 1
2026-10-09T01:15:17.0477988Z c isets 1, derivedCost 2
2026-10-09T01:15:17.0478209Z c init nbIsets: 2
2026-10-09T01:15:17.0478408Z c nbIsets after pass 1: 1
2026-10-09T01:15:17.0478626Z c isets 1, derivedCost 2
2026-10-09T01:15:17.0478838Z c init nbIsets: 2
2026-10-09T01:15:17.0479037Z c nbIsets after pass 1: 1
2026-10-09T01:15:17.0479255Z c isets 1, derivedCost 2
2026-10-09T01:15:17.0479463Z c init nbIsets: 2
2026-10-09T01:15:17.0479662Z c nbIsets after pass 1: 1
2026-10-09T01:15:17.0479878Z c isets 1, derivedCost 2
2026-10-09T01:15:17.0480086Z c init nbIsets: 2
2026-10-09T01:15:17.0480440Z c nbIsets after pass 1: 1
2026-10-09T01:15:17.0480661Z c isets 1, derivedCost 2
2026-10-09T01:15:17.0480877Z c init nbIsets: 2
2026-10-09T01:15:17.0481076Z c nbIsets after pass 1: 1
2026-10-09T01:15:17.0481292Z c isets 1, derivedCost 2
2026-10-09T01:15:17.0481503Z c init nbIsets: 2
2026-10-09T01:15:17.0481706Z c nbIsets after pass 1: 1
2026-10-09T01:15:17.0482091Z c isets 1, derivedCost 2
2026-10-09T01:15:17.0482300Z c init nbIsets: 2
2026-10-09T01:15:17.0482495Z c nbIsets after pass 1: 1
2026-10-09T01:15:17.0482715Z c isets 1, derivedCost 2
2026-10-09T01:15:17.0482927Z c init nbIsets: 2
2026-10-09T01:15:17.0483120Z c nbIsets after pass 1: 1
2026-10-09T01:15:17.0483343Z c isets 1, derivedCost 2
2026-10-09T01:15:17.0483550Z c init nbIsets: 2
2026-10-09T01:15:17.0483751Z c nbIsets after pass 1: 1
2026-10-09T01:15:17.0483967Z c isets 1, derivedCost 2
2026-10-09T01:15:17.0484177Z c init nbIsets: 2
2026-10-09T01:15:17.0484376Z c nbIsets after pass 1: 1
2026-10-09T01:15:17.0484602Z c isets 1, derivedCost 2
2026-10-09T01:15:17.0484809Z c init nbIsets: 2
2026-10-09T01:15:17.0485006Z c nbIsets after pass 1: 1
2026-10-09T01:15:17.0485225Z c isets 1, derivedCost 2
2026-10-09T01:15:17.0485438Z c init nbIsets: 2
2026-10-09T01:15:17.0485635Z c nbIsets after pass 1: 1
2026-10-09T01:15:17.0485861Z c isets 1, derivedCost 2
2026-10-09T01:15:17.0486273Z c init nbIsets: 2
2026-10-09T01:15:17.0486476Z c nbIsets after pass 1: 1
2026-10-09T01:15:17.0486695Z c isets 1, derivedCost 2
2026-10-09T01:15:17.0486903Z c init nbIsets: 2
2026-10-09T01:15:17.0487098Z c nbIsets after pass 1: 1
2026-10-09T01:15:17.0487316Z c isets 1, derivedCost 2
2026-10-09T01:15:17.0487523Z c init nbIsets: 2
2026-10-09T01:15:17.0487719Z c nbIsets after pass 1: 1
2026-10-09T01:15:17.0487934Z c isets 1, derivedCost 2
2026-10-09T01:15:17.0488144Z c init nbIsets: 2
2026-10-09T01:15:17.0488346Z c nbIsets after pass 1: 1
2026-10-09T01:15:17.0488568Z c isets 1, derivedCost 2
2026-10-09T01:15:17.0488778Z c init nbIsets: 2
2026-10-09T01:15:17.0488987Z c nbIsets after pass 1: 1
2026-10-09T01:15:17.0489207Z c isets 1, derivedCost 2
2026-10-09T01:15:17.0489417Z c init nbIsets: 2
2026-10-09T01:15:17.0489653Z c nbIsets after pass 1: 1
2026-10-09T01:15:17.0489879Z c isets 1, derivedCost 2
2026-10-09T01:15:17.0490089Z c init nbIsets: 2
2026-10-09T01:15:17.0490291Z c nbIsets after pass 1: 1
2026-10-09T01:15:17.0490511Z c isets 1, derivedCost 2
2026-10-09T01:15:17.0490719Z c init nbIsets: 2
2026-10-09T01:15:17.0490919Z c nbIsets after pass 1: 1
2026-10-09T01:15:17.0491143Z c isets 1, derivedCost 2
2026-10-09T01:15:17.0491350Z c init nbIsets: 2
2026-10-09T01:15:17.0491656Z c nbIsets after pass 1: 1
2026-10-09T01:15:17.0492125Z c isets 1, derivedCost 2
2026-10-09T01:15:17.0492447Z c init nbIsets: 2
2026-10-09T01:15:17.0492757Z c nbIsets after pass 1: 1
2026-10-09T01:15:17.0492978Z c isets 1, derivedCost 2
2026-10-09T01:15:17.0493188Z c init nbIsets: 2
2026-10-09T01:15:17.0493383Z c nbIsets after pass 1: 1
2026-10-09T01:15:17.0493600Z c isets 1, derivedCost 2
2026-10-09T01:15:17.0493816Z c init nbIsets: 2
2026-10-09T01:15:17.0494021Z c nbIsets after pass 1: 1
2026-10-09T01:15:17.0494234Z c isets 1, derivedCost 2
2026-10-09T01:15:17.0494440Z c init nbIsets: 2
2026-10-09T01:15:17.0494638Z c nbIsets after pass 1: 1
2026-10-09T01:15:17.0494855Z c isets 1, derivedCost 2
2026-10-09T01:15:17.0495068Z c init nbIsets: 2
2026-10-09T01:15:17.0495271Z c nbIsets after pass 1: 1
2026-10-09T01:15:17.0495492Z c isets 1, derivedCost 2
2026-10-09T01:15:17.0495702Z c init nbIsets: 2
2026-10-09T01:15:17.0495898Z c nbIsets after pass 1: 1
2026-10-09T01:15:17.0496115Z c isets 1, derivedCost 2
2026-10-09T01:15:17.0496325Z c init nbIsets: 2
2026-10-09T01:15:17.0496527Z c nbIsets after pass 1: 1
2026-10-09T01:15:17.0496741Z c isets 1, derivedCost 2
2026-10-09T01:15:17.0496946Z c init nbIsets: 2
2026-10-09T01:15:17.0497144Z c nbIsets after pass 1: 1
2026-10-09T01:15:17.0497363Z c isets 1, derivedCost 2
2026-10-09T01:15:17.0497572Z c init nbIsets: 2
2026-10-09T01:15:17.0497774Z c nbIsets after pass 1: 1
2026-10-09T01:15:17.0498148Z c isets 1, derivedCost 2
2026-10-09T01:15:17.0498363Z c init nbIsets: 0
2026-10-09T01:15:17.0498566Z c nbIsets after pass 1: 0
2026-10-09T01:15:17.0498785Z c isets 0, derivedCost 0
2026-10-09T01:15:17.0499036Z GH58_PARTITION_ORACLE_PASS cases=80 no_conflict=1
2026-10-09T01:15:17.0611786Z Post job cleanup.
2026-10-09T01:15:17.1459149Z [command]/usr/bin/git version
2026-10-09T01:15:17.1513701Z git version 2.55.0
2026-10-09T01:15:17.1552299Z Temporarily overriding HOME='/home/runner/work/_temp/4485b197-c7cf-48e9-b1e0-a5a5efc47490' before making global git config changes
2026-10-09T01:15:17.1553504Z Adding repository directory to the temporary git global config as a safe directory
2026-10-09T01:15:17.1559491Z [command]/usr/bin/git config --global --add safe.directory /home/runner/work/DistQLDPC/DistQLDPC
2026-10-09T01:15:17.1594323Z Removing SSH command configuration
2026-10-09T01:15:17.1601125Z [command]/usr/bin/git config --local --name-only --get-regexp core\.sshCommand
2026-10-09T01:15:17.1638873Z [command]/usr/bin/git submodule foreach --recursive sh -c "git config --local --name-only --get-regexp 'core\.sshCommand' && git config --local --unset-all 'core.sshCommand' || :"
2026-10-09T01:15:17.1907673Z Removing HTTP extra header
2026-10-09T01:15:17.1913510Z [command]/usr/bin/git config --local --name-only --get-regexp http\.https\:\/\/github\.com\/\.extraheader
2026-10-09T01:15:17.1948860Z [command]/usr/bin/git submodule foreach --recursive sh -c "git config --local --name-only --get-regexp 'http\.https\:\/\/github\.com\/\.extraheader' && git config --local --unset-all 'http.https://github.com/.extraheader' || :"
2026-10-09T01:15:17.2199363Z Removing includeIf entries pointing to credentials config files
2026-10-09T01:15:17.2207773Z [command]/usr/bin/git config --local --name-only --get-regexp ^includeIf\.gitdir:
2026-10-09T01:15:17.2239105Z includeif.gitdir:/home/runner/work/DistQLDPC/DistQLDPC/.git.path
2026-10-09T01:15:17.2240186Z includeif.gitdir:/home/runner/work/DistQLDPC/DistQLDPC/.git/worktrees/*.path
2026-10-09T01:15:17.2241353Z includeif.gitdir:/github/workspace/.git.path
2026-10-09T01:15:17.2242266Z includeif.gitdir:/github/workspace/.git/worktrees/*.path
2026-10-09T01:15:17.2248913Z [command]/usr/bin/git config --local --get-all includeif.gitdir:/home/runner/work/DistQLDPC/DistQLDPC/.git.path
2026-10-09T01:15:17.2277475Z /home/runner/work/_temp/git-credentials-45c7045e-224c-4c94-8faa-3a6a9e306a0b.config
2026-10-09T01:15:17.2287356Z [command]/usr/bin/git config --local --unset includeif.gitdir:/home/runner/work/DistQLDPC/DistQLDPC/.git.path \/home\/runner\/work\/_temp\/git\-credentials\-45c7045e\-224c\-4c94\-8faa\-3a6a9e306a0b\.config
2026-10-09T01:15:17.2392910Z [command]/usr/bin/git config --local --get-all includeif.gitdir:/home/runner/work/DistQLDPC/DistQLDPC/.git/worktrees/*.path
2026-10-09T01:15:17.2395734Z /home/runner/work/_temp/git-credentials-45c7045e-224c-4c94-8faa-3a6a9e306a0b.config
2026-10-09T01:15:17.2397628Z [command]/usr/bin/git config --local --unset includeif.gitdir:/home/runner/work/DistQLDPC/DistQLDPC/.git/worktrees/*.path \/home\/runner\/work\/_temp\/git\-credentials\-45c7045e\-224c\-4c94\-8faa\-3a6a9e306a0b\.config
2026-10-09T01:15:17.2434414Z [command]/usr/bin/git config --local --get-all includeif.gitdir:/github/workspace/.git.path
2026-10-09T01:15:17.2463069Z /github/runner_temp/git-credentials-45c7045e-224c-4c94-8faa-3a6a9e306a0b.config
2026-10-09T01:15:17.2470604Z [command]/usr/bin/git config --local --unset includeif.gitdir:/github/workspace/.git.path \/github\/runner_temp\/git\-credentials\-45c7045e\-224c\-4c94\-8faa\-3a6a9e306a0b\.config
2026-10-09T01:15:17.2509499Z [command]/usr/bin/git config --local --get-all includeif.gitdir:/github/workspace/.git/worktrees/*.path
2026-10-09T01:15:17.2538132Z /github/runner_temp/git-credentials-45c7045e-224c-4c94-8faa-3a6a9e306a0b.config
2026-10-09T01:15:17.2545833Z [command]/usr/bin/git config --local --unset includeif.gitdir:/github/workspace/.git/worktrees/*.path \/github\/runner_temp\/git\-credentials\-45c7045e\-224c\-4c94\-8faa\-3a6a9e306a0b\.config
2026-10-09T01:15:17.2587915Z [command]/usr/bin/git submodule foreach --recursive git config --local --show-origin --name-only --get-regexp remote.origin.url
2026-10-09T01:15:17.2845707Z Removing credentials config '/home/runner/work/_temp/git-credentials-45c7045e-224c-4c94-8faa-3a6a9e306a0b.config'
2026-10-09T01:15:17.3027538Z Cleaning up orphan processes
