2026-10-08T15:23:39.9947306Z Current runner version: '2.337.0'
2026-10-08T15:23:39.9973961Z ##[group]Runner Image Provisioner
2026-10-08T15:23:39.9974872Z Hosted Compute Agent
2026-10-08T15:23:39.9975473Z Version: 20261002.596
2026-10-08T15:23:39.9976198Z Commit: c3d12f3313a95f25162a1503be624f3b0617f8c0
2026-10-08T15:23:39.9976946Z Build Date: 2026-10-02T22:28:27Z
2026-10-08T15:23:39.9977621Z Worker ID: {af97345a-1968-445f-9e4c-5b44062e59ff}
2026-10-08T15:23:39.9978466Z Region: centralus
2026-10-08T15:23:39.9979047Z Cloud: Azure
2026-10-08T15:23:39.9979632Z ##[endgroup]
2026-10-08T15:23:39.9981368Z ##[group]Operating System
2026-10-08T15:23:39.9982077Z Ubuntu
2026-10-08T15:23:39.9982724Z 24.04.5
2026-10-08T15:23:39.9983238Z LTS
2026-10-08T15:23:39.9983847Z ##[endgroup]
2026-10-08T15:23:39.9984428Z ##[group]Runner Image
2026-10-08T15:23:39.9985081Z Image: ubuntu-24.04
2026-10-08T15:23:39.9985734Z Version: 20261004.327.1
2026-10-08T15:23:39.9986967Z Included Software: https://github.com/actions/runner-images/blob/ubuntu24/20261004.327/images/ubuntu/Ubuntu2404-Readme.md
2026-10-08T15:23:39.9988614Z Image Release: https://github.com/actions/runner-images/releases/tag/ubuntu24%2F20261004.327
2026-10-08T15:23:39.9989659Z ##[endgroup]
2026-10-08T15:23:39.9991375Z ##[group]GITHUB_TOKEN Permissions
2026-10-08T15:23:39.9993592Z Contents: write
2026-10-08T15:23:39.9994352Z Metadata: read
2026-10-08T15:23:39.9994963Z ##[endgroup]
2026-10-08T15:23:39.9997618Z Secret source: Actions
2026-10-08T15:23:39.9998655Z Cache mode: write
2026-10-08T15:23:39.9999686Z Prepare workflow directory
2026-10-08T15:23:40.0350848Z Prepare all required actions
2026-10-08T15:23:40.0399926Z Getting action download info
2026-10-08T15:23:40.3215204Z Download action repository 'actions/checkout@v7' (SHA:3d3c42e5aac5ba805825da76410c181273ba90b1)
2026-10-08T15:23:40.4239851Z Download action repository 'actions/upload-artifact@v4' (SHA:ea165f8d65b6e75b540449e92b4886f43607fa02)
2026-10-08T15:23:40.6506982Z Complete job name: compare
2026-10-08T15:23:40.7346488Z ##[group]Run actions/checkout@v7
2026-10-08T15:23:40.7347439Z with:
2026-10-08T15:23:40.7347870Z   path: candidate
2026-10-08T15:23:40.7348322Z   fetch-depth: 0
2026-10-08T15:23:40.7348791Z   repository: guluchen/DistQLDPC
2026-10-08T15:23:40.7353054Z   token: ***
2026-10-08T15:23:40.7353502Z   ssh-strict: true
2026-10-08T15:23:40.7353943Z   ssh-user: git
2026-10-08T15:23:40.7354394Z   persist-credentials: true
2026-10-08T15:23:40.7354896Z   clean: true
2026-10-08T15:23:40.7355342Z   sparse-checkout-cone-mode: true
2026-10-08T15:23:40.7355881Z   fetch-tags: false
2026-10-08T15:23:40.7356317Z   show-progress: true
2026-10-08T15:23:40.7356763Z   lfs: false
2026-10-08T15:23:40.7357178Z   submodules: false
2026-10-08T15:23:40.7357638Z   set-safe-directory: true
2026-10-08T15:23:40.7358152Z   allow-unsafe-pr-checkout: false
2026-10-08T15:23:40.7358950Z ##[endgroup]
2026-10-08T15:23:40.8419329Z Syncing repository: guluchen/DistQLDPC
2026-10-08T15:23:40.8421994Z ##[group]Getting Git version info
2026-10-08T15:23:40.8422840Z Working directory is '/home/runner/work/DistQLDPC/DistQLDPC/candidate'
2026-10-08T15:23:40.8423953Z [command]/usr/bin/git version
2026-10-08T15:23:40.8539608Z git version 2.55.0
2026-10-08T15:23:40.8563512Z ##[endgroup]
2026-10-08T15:23:40.8574560Z Temporarily overriding HOME='/home/runner/work/_temp/902f12d1-b007-4b28-b085-231334bbb3f6' before making global git config changes
2026-10-08T15:23:40.8576985Z Adding repository directory to the temporary git global config as a safe directory
2026-10-08T15:23:40.8580916Z [command]/usr/bin/git config --global --add safe.directory /home/runner/work/DistQLDPC/DistQLDPC/candidate
2026-10-08T15:23:40.8634083Z ##[group]Determining repository object format
2026-10-08T15:23:40.8636508Z ##[endgroup]
2026-10-08T15:23:40.8637872Z ##[group]Initializing the repository
2026-10-08T15:23:40.8642746Z [command]/usr/bin/git init /home/runner/work/DistQLDPC/DistQLDPC/candidate
2026-10-08T15:23:40.8779636Z hint: Using 'master' as the name for the initial branch. This default branch name
2026-10-08T15:23:40.8782238Z hint: will change to "main" in Git 3.0. To configure the initial branch name
2026-10-08T15:23:40.8784165Z hint: to use in all of your new repositories, which will suppress this warning,
2026-10-08T15:23:40.8785570Z hint: call:
2026-10-08T15:23:40.8786380Z hint:
2026-10-08T15:23:40.8787348Z hint: 	git config --global init.defaultBranch <name>
2026-10-08T15:23:40.8788574Z hint:
2026-10-08T15:23:40.8789768Z hint: Names commonly chosen instead of 'master' are 'main', 'trunk' and
2026-10-08T15:23:40.8791780Z hint: 'development'. The just-created branch can be renamed via this command:
2026-10-08T15:23:40.8793156Z hint:
2026-10-08T15:23:40.8794027Z hint: 	git branch -m <name>
2026-10-08T15:23:40.8795012Z hint:
2026-10-08T15:23:40.8797308Z hint: Disable this message with "git config set advice.defaultBranchName false"
2026-10-08T15:23:40.8799471Z Initialized empty Git repository in /home/runner/work/DistQLDPC/DistQLDPC/candidate/.git/
2026-10-08T15:23:40.8803326Z [command]/usr/bin/git remote add origin https://github.com/guluchen/DistQLDPC
2026-10-08T15:23:40.8896168Z ##[endgroup]
2026-10-08T15:23:40.8897588Z ##[group]Disabling automatic garbage collection
2026-10-08T15:23:40.8900622Z [command]/usr/bin/git config --local gc.auto 0
2026-10-08T15:23:40.8942545Z ##[endgroup]
2026-10-08T15:23:40.8944087Z ##[group]Setting up auth
2026-10-08T15:23:40.8945614Z Removing SSH command configuration
2026-10-08T15:23:40.8950913Z [command]/usr/bin/git config --local --name-only --get-regexp core\.sshCommand
2026-10-08T15:23:40.8990931Z [command]/usr/bin/git submodule foreach --recursive sh -c "git config --local --name-only --get-regexp 'core\.sshCommand' && git config --local --unset-all 'core.sshCommand' || :"
2026-10-08T15:23:40.9404404Z Removing HTTP extra header
2026-10-08T15:23:40.9411010Z [command]/usr/bin/git config --local --name-only --get-regexp http\.https\:\/\/github\.com\/\.extraheader
2026-10-08T15:23:40.9451258Z [command]/usr/bin/git submodule foreach --recursive sh -c "git config --local --name-only --get-regexp 'http\.https\:\/\/github\.com\/\.extraheader' && git config --local --unset-all 'http.https://github.com/.extraheader' || :"
2026-10-08T15:23:40.9688799Z Removing includeIf entries pointing to credentials config files
2026-10-08T15:23:40.9696202Z [command]/usr/bin/git config --local --name-only --get-regexp ^includeIf\.gitdir:
2026-10-08T15:23:40.9772787Z [command]/usr/bin/git submodule foreach --recursive git config --local --show-origin --name-only --get-regexp remote.origin.url
2026-10-08T15:23:40.9996485Z [command]/usr/bin/git config --file /home/runner/work/_temp/git-credentials-6a56702a-bba0-4be9-b51f-3b1ea2f45997.config http.https://github.com/.extraheader AUTHORIZATION: basic ***
2026-10-08T15:23:41.0040436Z [command]/usr/bin/git config --local includeIf.gitdir:/home/runner/work/DistQLDPC/DistQLDPC/candidate/.git.path /home/runner/work/_temp/git-credentials-6a56702a-bba0-4be9-b51f-3b1ea2f45997.config
2026-10-08T15:23:41.0075630Z [command]/usr/bin/git config --local includeIf.gitdir:/home/runner/work/DistQLDPC/DistQLDPC/candidate/.git/worktrees/*.path /home/runner/work/_temp/git-credentials-6a56702a-bba0-4be9-b51f-3b1ea2f45997.config
2026-10-08T15:23:41.0114436Z [command]/usr/bin/git config --local includeIf.gitdir:/github/workspace/candidate/.git.path /github/runner_temp/git-credentials-6a56702a-bba0-4be9-b51f-3b1ea2f45997.config
2026-10-08T15:23:41.0153602Z [command]/usr/bin/git config --local includeIf.gitdir:/github/workspace/candidate/.git/worktrees/*.path /github/runner_temp/git-credentials-6a56702a-bba0-4be9-b51f-3b1ea2f45997.config
2026-10-08T15:23:41.0186797Z ##[endgroup]
2026-10-08T15:23:41.0188111Z ##[group]Fetching the repository
2026-10-08T15:23:41.0196475Z [command]/usr/bin/git -c protocol.version=2 fetch --no-tags --prune --no-recurse-submodules origin +refs/heads/*:refs/remotes/origin/* +refs/tags/*:refs/tags/* +3fb746e434ed1aaaa7ca43833e7a18bc298289fc:refs/remotes/pull/23/merge
2026-10-08T15:23:42.0515386Z From https://github.com/guluchen/DistQLDPC
2026-10-08T15:23:42.0517982Z  * [new branch]      chore/autonomous-workflow-pilot          -> origin/chore/autonomous-workflow-pilot
2026-10-08T15:23:42.0520860Z  * [new branch]      chore/codex-integration-probe            -> origin/chore/codex-integration-probe
2026-10-08T15:23:42.0524703Z  * [new branch]      ci/cleanup-pi-escalation-test            -> origin/ci/cleanup-pi-escalation-test
2026-10-08T15:23:42.0526943Z  * [new branch]      ci/fire-pi-escalation-test               -> origin/ci/fire-pi-escalation-test
2026-10-08T15:23:42.0529039Z  * [new branch]      ci/pi-escalation-dispatch                -> origin/ci/pi-escalation-dispatch
2026-10-08T15:23:42.0531648Z  * [new branch]      ci/qdist-cross-repo-benchmark            -> origin/ci/qdist-cross-repo-benchmark
2026-10-08T15:23:42.0533913Z  * [new branch]      ci/test-pi-escalation-slack              -> origin/ci/test-pi-escalation-slack
2026-10-08T15:23:42.0536296Z  * [new branch]      docs/optimization-loop-policy            -> origin/docs/optimization-loop-policy
2026-10-08T15:23:42.0538738Z  * [new branch]      docs/require-cross-repo-benchmark        -> origin/docs/require-cross-repo-benchmark
2026-10-08T15:23:42.0541264Z  * [new branch]      experiment/gh16-pgo                      -> origin/experiment/gh16-pgo
2026-10-08T15:23:42.0543309Z  * [new branch]      experiment/gh17-scratch                  -> origin/experiment/gh17-scratch
2026-10-08T15:23:42.0545375Z  * [new branch]      experiment/gh20-watch-tail               -> origin/experiment/gh20-watch-tail
2026-10-08T15:23:42.0547617Z  * [new branch]      experiment/h001-logical-row-xor          -> origin/experiment/h001-logical-row-xor
2026-10-08T15:23:42.0549790Z  * [new branch]      experiment/h007-lto                      -> origin/experiment/h007-lto
2026-10-08T15:23:42.0552982Z  * [new branch]      experiment/h008-sls-warm-start           -> origin/experiment/h008-sls-warm-start
2026-10-08T15:23:42.0555959Z  * [new branch]      experiment/h009-bdd-bound                -> origin/experiment/h009-bdd-bound
2026-10-08T15:23:42.0558191Z  * [new branch]      main                                     -> origin/main
2026-10-08T15:23:42.0560832Z  * [new branch]      policy/compute-cost-guardrails           -> origin/policy/compute-cost-guardrails
2026-10-08T15:23:42.0563443Z  * [new ref]         3fb746e434ed1aaaa7ca43833e7a18bc298289fc -> pull/23/merge
2026-10-08T15:23:42.0566948Z ##[endgroup]
2026-10-08T15:23:42.0568357Z ##[group]Determining the checkout info
2026-10-08T15:23:42.0569965Z ##[endgroup]
2026-10-08T15:23:42.0571243Z [command]/usr/bin/git sparse-checkout disable
2026-10-08T15:23:42.0592680Z [command]/usr/bin/git config --local --unset-all extensions.worktreeConfig
2026-10-08T15:23:42.0634739Z ##[group]Checking out the ref
2026-10-08T15:23:42.0639314Z [command]/usr/bin/git checkout --progress --force refs/remotes/pull/23/merge
2026-10-08T15:23:42.1207259Z Note: switching to 'refs/remotes/pull/23/merge'.
2026-10-08T15:23:42.1208600Z 
2026-10-08T15:23:42.1209388Z You are in 'detached HEAD' state. You can look around, make experimental
2026-10-08T15:23:42.1211295Z changes and commit them, and you can discard any commits you make in this
2026-10-08T15:23:42.1212786Z state without impacting any branches by switching back to a branch.
2026-10-08T15:23:42.1213591Z 
2026-10-08T15:23:42.1214185Z If you want to create a new branch to retain commits you create, you may
2026-10-08T15:23:42.1215516Z do so (now or later) by using -c with the switch command. Example:
2026-10-08T15:23:42.1216329Z 
2026-10-08T15:23:42.1216709Z   git switch -c <new-branch-name>
2026-10-08T15:23:42.1217299Z 
2026-10-08T15:23:42.1217676Z Or undo this operation with:
2026-10-08T15:23:42.1218216Z 
2026-10-08T15:23:42.1218547Z   git switch -
2026-10-08T15:23:42.1218976Z 
2026-10-08T15:23:42.1219721Z Turn off this advice by setting config variable advice.detachedHead to false
2026-10-08T15:23:42.1221133Z 
2026-10-08T15:23:42.1222377Z HEAD is now at 3fb746e Merge 3fe5afead91cf0527cd39529a6d48b4e19e12041 into 24572d6d09cce9a4a5faa58300a89e0feba9da6a
2026-10-08T15:23:42.1249982Z ##[endgroup]
2026-10-08T15:23:42.1303456Z [command]/usr/bin/git log -1 --format=%H
2026-10-08T15:23:42.1336108Z 3fb746e434ed1aaaa7ca43833e7a18bc298289fc
2026-10-08T15:23:42.1641965Z ##[group]Run set -euo pipefail
2026-10-08T15:23:42.1643420Z [36;1mset -euo pipefail[0m
2026-10-08T15:23:42.1644804Z [36;1mif [ "pull_request" = "pull_request" ]; then[0m
2026-10-08T15:23:42.1646514Z [36;1m  base="24572d6d09cce9a4a5faa58300a89e0feba9da6a"[0m
2026-10-08T15:23:42.1648402Z [36;1melif [ -n "" ] && [ "" != "0000000000000000000000000000000000000000" ]; then[0m
2026-10-08T15:23:42.1650130Z [36;1m  base=""[0m
2026-10-08T15:23:42.1651334Z [36;1melse[0m
2026-10-08T15:23:42.1652376Z [36;1m  base="$(git rev-parse HEAD^)"[0m
2026-10-08T15:23:42.1653674Z [36;1mfi[0m
2026-10-08T15:23:42.1654745Z [36;1mecho "base=$base" >> "$GITHUB_OUTPUT"[0m
2026-10-08T15:23:42.1656536Z [36;1mecho "candidate=$(git rev-parse HEAD)" >> "$GITHUB_OUTPUT"[0m
2026-10-08T15:23:42.1956256Z shell: /usr/bin/bash --noprofile --norc -e -o pipefail {0}
2026-10-08T15:23:42.1958246Z ##[endgroup]
2026-10-08T15:23:42.2395532Z ##[group]Run actions/checkout@v7
2026-10-08T15:23:42.2396729Z with:
2026-10-08T15:23:42.2397700Z   ref: 24572d6d09cce9a4a5faa58300a89e0feba9da6a
2026-10-08T15:23:42.2398995Z   path: baseline
2026-10-08T15:23:42.2399924Z   fetch-depth: 1
2026-10-08T15:23:42.2401229Z   repository: guluchen/DistQLDPC
2026-10-08T15:23:42.2412154Z   token: ***
2026-10-08T15:23:42.2413113Z   ssh-strict: true
2026-10-08T15:23:42.2414047Z   ssh-user: git
2026-10-08T15:23:42.2414998Z   persist-credentials: true
2026-10-08T15:23:42.2416035Z   clean: true
2026-10-08T15:23:42.2416993Z   sparse-checkout-cone-mode: true
2026-10-08T15:23:42.2418147Z   fetch-tags: false
2026-10-08T15:23:42.2419125Z   show-progress: true
2026-10-08T15:23:42.2420101Z   lfs: false
2026-10-08T15:23:42.2421173Z   submodules: false
2026-10-08T15:23:42.2422163Z   set-safe-directory: true
2026-10-08T15:23:42.2423285Z   allow-unsafe-pr-checkout: false
2026-10-08T15:23:42.2424450Z ##[endgroup]
2026-10-08T15:23:42.3307509Z Syncing repository: guluchen/DistQLDPC
2026-10-08T15:23:42.3312262Z ##[group]Getting Git version info
2026-10-08T15:23:42.3315020Z Working directory is '/home/runner/work/DistQLDPC/DistQLDPC/baseline'
2026-10-08T15:23:42.3364535Z [command]/usr/bin/git version
2026-10-08T15:23:42.3413896Z git version 2.55.0
2026-10-08T15:23:42.3438219Z ##[endgroup]
2026-10-08T15:23:42.3449319Z Temporarily overriding HOME='/home/runner/work/_temp/666af49b-d7a8-4d81-9897-7884e86471b0' before making global git config changes
2026-10-08T15:23:42.3454820Z Adding repository directory to the temporary git global config as a safe directory
2026-10-08T15:23:42.3459712Z [command]/usr/bin/git config --global --add safe.directory /home/runner/work/DistQLDPC/DistQLDPC/baseline
2026-10-08T15:23:42.3492868Z ##[group]Determining repository object format
2026-10-08T15:23:42.3496157Z ##[endgroup]
2026-10-08T15:23:42.3498930Z ##[group]Initializing the repository
2026-10-08T15:23:42.3502085Z [command]/usr/bin/git init /home/runner/work/DistQLDPC/DistQLDPC/baseline
2026-10-08T15:23:42.3552453Z hint: Using 'master' as the name for the initial branch. This default branch name
2026-10-08T15:23:42.3557273Z hint: will change to "main" in Git 3.0. To configure the initial branch name
2026-10-08T15:23:42.3561186Z hint: to use in all of your new repositories, which will suppress this warning,
2026-10-08T15:23:42.3564318Z hint: call:
2026-10-08T15:23:42.3565995Z hint:
2026-10-08T15:23:42.3568271Z hint: 	git config --global init.defaultBranch <name>
2026-10-08T15:23:42.3571371Z hint:
2026-10-08T15:23:42.3574077Z hint: Names commonly chosen instead of 'master' are 'main', 'trunk' and
2026-10-08T15:23:42.3577984Z hint: 'development'. The just-created branch can be renamed via this command:
2026-10-08T15:23:42.3581294Z hint:
2026-10-08T15:23:42.3583117Z hint: 	git branch -m <name>
2026-10-08T15:23:42.3584968Z hint:
2026-10-08T15:23:42.3587494Z hint: Disable this message with "git config set advice.defaultBranchName false"
2026-10-08T15:23:42.3592628Z Initialized empty Git repository in /home/runner/work/DistQLDPC/DistQLDPC/baseline/.git/
2026-10-08T15:23:42.3599622Z [command]/usr/bin/git remote add origin https://github.com/guluchen/DistQLDPC
2026-10-08T15:23:42.3607540Z ##[endgroup]
2026-10-08T15:23:42.3610416Z ##[group]Disabling automatic garbage collection
2026-10-08T15:23:42.3613254Z [command]/usr/bin/git config --local gc.auto 0
2026-10-08T15:23:42.3656171Z ##[endgroup]
2026-10-08T15:23:42.3658828Z ##[group]Setting up auth
2026-10-08T15:23:42.3661370Z Removing SSH command configuration
2026-10-08T15:23:42.3664727Z [command]/usr/bin/git config --local --name-only --get-regexp core\.sshCommand
2026-10-08T15:23:42.3717082Z [command]/usr/bin/git submodule foreach --recursive sh -c "git config --local --name-only --get-regexp 'core\.sshCommand' && git config --local --unset-all 'core.sshCommand' || :"
2026-10-08T15:23:42.3974139Z Removing HTTP extra header
2026-10-08T15:23:42.3979757Z [command]/usr/bin/git config --local --name-only --get-regexp http\.https\:\/\/github\.com\/\.extraheader
2026-10-08T15:23:42.4022091Z [command]/usr/bin/git submodule foreach --recursive sh -c "git config --local --name-only --get-regexp 'http\.https\:\/\/github\.com\/\.extraheader' && git config --local --unset-all 'http.https://github.com/.extraheader' || :"
2026-10-08T15:23:42.4307718Z Removing includeIf entries pointing to credentials config files
2026-10-08T15:23:42.4312031Z [command]/usr/bin/git config --local --name-only --get-regexp ^includeIf\.gitdir:
2026-10-08T15:23:42.4359322Z [command]/usr/bin/git submodule foreach --recursive git config --local --show-origin --name-only --get-regexp remote.origin.url
2026-10-08T15:23:42.4611797Z [command]/usr/bin/git config --file /home/runner/work/_temp/git-credentials-69cc12e2-57ca-4ea5-9e61-baf3564022a2.config http.https://github.com/.extraheader AUTHORIZATION: basic ***
2026-10-08T15:23:42.4659159Z [command]/usr/bin/git config --local includeIf.gitdir:/home/runner/work/DistQLDPC/DistQLDPC/baseline/.git.path /home/runner/work/_temp/git-credentials-69cc12e2-57ca-4ea5-9e61-baf3564022a2.config
2026-10-08T15:23:42.4695627Z [command]/usr/bin/git config --local includeIf.gitdir:/home/runner/work/DistQLDPC/DistQLDPC/baseline/.git/worktrees/*.path /home/runner/work/_temp/git-credentials-69cc12e2-57ca-4ea5-9e61-baf3564022a2.config
2026-10-08T15:23:42.4731770Z [command]/usr/bin/git config --local includeIf.gitdir:/github/workspace/baseline/.git.path /github/runner_temp/git-credentials-69cc12e2-57ca-4ea5-9e61-baf3564022a2.config
2026-10-08T15:23:42.4768427Z [command]/usr/bin/git config --local includeIf.gitdir:/github/workspace/baseline/.git/worktrees/*.path /github/runner_temp/git-credentials-69cc12e2-57ca-4ea5-9e61-baf3564022a2.config
2026-10-08T15:23:42.4802260Z ##[endgroup]
2026-10-08T15:23:42.4805262Z ##[group]Fetching the repository
2026-10-08T15:23:42.4809928Z [command]/usr/bin/git -c protocol.version=2 fetch --no-tags --prune --no-recurse-submodules --depth=1 origin 24572d6d09cce9a4a5faa58300a89e0feba9da6a
2026-10-08T15:23:43.0063751Z From https://github.com/guluchen/DistQLDPC
2026-10-08T15:23:43.0064675Z  * branch            24572d6d09cce9a4a5faa58300a89e0feba9da6a -> FETCH_HEAD
2026-10-08T15:23:43.0074237Z [command]/usr/bin/git rev-parse --verify --quiet 24572d6d09cce9a4a5faa58300a89e0feba9da6a^{object}
2026-10-08T15:23:43.0105452Z 24572d6d09cce9a4a5faa58300a89e0feba9da6a
2026-10-08T15:23:43.0109920Z ##[endgroup]
2026-10-08T15:23:43.0110762Z ##[group]Determining the checkout info
2026-10-08T15:23:43.0111546Z ##[endgroup]
2026-10-08T15:23:43.0115825Z [command]/usr/bin/git sparse-checkout disable
2026-10-08T15:23:43.0161199Z [command]/usr/bin/git config --local --unset-all extensions.worktreeConfig
2026-10-08T15:23:43.0195364Z ##[group]Checking out the ref
2026-10-08T15:23:43.0199879Z [command]/usr/bin/git checkout --progress --force 24572d6d09cce9a4a5faa58300a89e0feba9da6a
2026-10-08T15:23:43.0732693Z Note: switching to '24572d6d09cce9a4a5faa58300a89e0feba9da6a'.
2026-10-08T15:23:43.0733633Z 
2026-10-08T15:23:43.0734492Z You are in 'detached HEAD' state. You can look around, make experimental
2026-10-08T15:23:43.0735355Z changes and commit them, and you can discard any commits you make in this
2026-10-08T15:23:43.0736177Z state without impacting any branches by switching back to a branch.
2026-10-08T15:23:43.0736845Z 
2026-10-08T15:23:43.0737348Z If you want to create a new branch to retain commits you create, you may
2026-10-08T15:23:43.0738152Z do so (now or later) by using -c with the switch command. Example:
2026-10-08T15:23:43.0738611Z 
2026-10-08T15:23:43.0738788Z   git switch -c <new-branch-name>
2026-10-08T15:23:43.0739117Z 
2026-10-08T15:23:43.0739285Z Or undo this operation with:
2026-10-08T15:23:43.0739710Z 
2026-10-08T15:23:43.0739859Z   git switch -
2026-10-08T15:23:43.0740080Z 
2026-10-08T15:23:43.0740667Z Turn off this advice by setting config variable advice.detachedHead to false
2026-10-08T15:23:43.0741219Z 
2026-10-08T15:23:43.0741703Z HEAD is now at 24572d6 Point CI smoke at LP_34_20_2 after the QDistSAT rename.
2026-10-08T15:23:43.0757674Z ##[endgroup]
2026-10-08T15:23:43.0806307Z [command]/usr/bin/git log -1 --format=%H
2026-10-08T15:23:43.0835605Z 24572d6d09cce9a4a5faa58300a89e0feba9da6a
2026-10-08T15:23:43.1038047Z ##[group]Run actions/checkout@v7
2026-10-08T15:23:43.1038348Z with:
2026-10-08T15:23:43.1038568Z   repository: guluchen/QDistSAT
2026-10-08T15:23:43.1038823Z   ref: main
2026-10-08T15:23:43.1039018Z   path: qdistsat
2026-10-08T15:23:43.1039265Z   fetch-depth: 1
2026-10-08T15:23:43.1042281Z   token: ***
2026-10-08T15:23:43.1042502Z   ssh-strict: true
2026-10-08T15:23:43.1042721Z   ssh-user: git
2026-10-08T15:23:43.1042948Z   persist-credentials: true
2026-10-08T15:23:43.1043200Z   clean: true
2026-10-08T15:23:43.1043425Z   sparse-checkout-cone-mode: true
2026-10-08T15:23:43.1043690Z   fetch-tags: false
2026-10-08T15:23:43.1043907Z   show-progress: true
2026-10-08T15:23:43.1044121Z   lfs: false
2026-10-08T15:23:43.1044327Z   submodules: false
2026-10-08T15:23:43.1044547Z   set-safe-directory: true
2026-10-08T15:23:43.1044827Z   allow-unsafe-pr-checkout: false
2026-10-08T15:23:43.1045087Z ##[endgroup]
2026-10-08T15:23:43.1907810Z Syncing repository: guluchen/QDistSAT
2026-10-08T15:23:43.1908497Z ##[group]Getting Git version info
2026-10-08T15:23:43.1908913Z Working directory is '/home/runner/work/DistQLDPC/DistQLDPC/qdistsat'
2026-10-08T15:23:43.1944037Z [command]/usr/bin/git version
2026-10-08T15:23:43.1987210Z git version 2.55.0
2026-10-08T15:23:43.2011492Z ##[endgroup]
2026-10-08T15:23:43.2020963Z Temporarily overriding HOME='/home/runner/work/_temp/a29e46ee-01da-4486-857e-4423ba32eaa0' before making global git config changes
2026-10-08T15:23:43.2022417Z Adding repository directory to the temporary git global config as a safe directory
2026-10-08T15:23:43.2027492Z [command]/usr/bin/git config --global --add safe.directory /home/runner/work/DistQLDPC/DistQLDPC/qdistsat
2026-10-08T15:23:43.2062230Z ##[group]Determining repository object format
2026-10-08T15:23:43.5498618Z ##[endgroup]
2026-10-08T15:23:43.5499852Z ##[group]Initializing the repository
2026-10-08T15:23:43.5510660Z [command]/usr/bin/git init /home/runner/work/DistQLDPC/DistQLDPC/qdistsat
2026-10-08T15:23:43.5573878Z hint: Using 'master' as the name for the initial branch. This default branch name
2026-10-08T15:23:43.5588516Z hint: will change to "main" in Git 3.0. To configure the initial branch name
2026-10-08T15:23:43.5589718Z hint: to use in all of your new repositories, which will suppress this warning,
2026-10-08T15:23:43.5590903Z hint: call:
2026-10-08T15:23:43.5591473Z hint:
2026-10-08T15:23:43.5592040Z hint: 	git config --global init.defaultBranch <name>
2026-10-08T15:23:43.5592624Z hint:
2026-10-08T15:23:43.5593344Z hint: Names commonly chosen instead of 'master' are 'main', 'trunk' and
2026-10-08T15:23:43.5594521Z hint: 'development'. The just-created branch can be renamed via this command:
2026-10-08T15:23:43.5595051Z hint:
2026-10-08T15:23:43.5595332Z hint: 	git branch -m <name>
2026-10-08T15:23:43.5595635Z hint:
2026-10-08T15:23:43.5596388Z hint: Disable this message with "git config set advice.defaultBranchName false"
2026-10-08T15:23:43.5597155Z Initialized empty Git repository in /home/runner/work/DistQLDPC/DistQLDPC/qdistsat/.git/
2026-10-08T15:23:43.5599328Z [command]/usr/bin/git remote add origin https://github.com/guluchen/QDistSAT
2026-10-08T15:23:43.5635764Z ##[endgroup]
2026-10-08T15:23:43.5636299Z ##[group]Disabling automatic garbage collection
2026-10-08T15:23:43.5641304Z [command]/usr/bin/git config --local gc.auto 0
2026-10-08T15:23:43.5682749Z ##[endgroup]
2026-10-08T15:23:43.5683191Z ##[group]Setting up auth
2026-10-08T15:23:43.5683829Z Removing SSH command configuration
2026-10-08T15:23:43.5690916Z [command]/usr/bin/git config --local --name-only --get-regexp core\.sshCommand
2026-10-08T15:23:43.5738399Z [command]/usr/bin/git submodule foreach --recursive sh -c "git config --local --name-only --get-regexp 'core\.sshCommand' && git config --local --unset-all 'core.sshCommand' || :"
2026-10-08T15:23:43.5990703Z Removing HTTP extra header
2026-10-08T15:23:43.5996637Z [command]/usr/bin/git config --local --name-only --get-regexp http\.https\:\/\/github\.com\/\.extraheader
2026-10-08T15:23:43.6046741Z [command]/usr/bin/git submodule foreach --recursive sh -c "git config --local --name-only --get-regexp 'http\.https\:\/\/github\.com\/\.extraheader' && git config --local --unset-all 'http.https://github.com/.extraheader' || :"
2026-10-08T15:23:43.6275243Z Removing includeIf entries pointing to credentials config files
2026-10-08T15:23:43.6281104Z [command]/usr/bin/git config --local --name-only --get-regexp ^includeIf\.gitdir:
2026-10-08T15:23:43.6320059Z [command]/usr/bin/git submodule foreach --recursive git config --local --show-origin --name-only --get-regexp remote.origin.url
2026-10-08T15:23:43.6558267Z [command]/usr/bin/git config --file /home/runner/work/_temp/git-credentials-1feb9272-273b-4df1-9108-d1d316c710e1.config http.https://github.com/.extraheader AUTHORIZATION: basic ***
2026-10-08T15:23:43.6605396Z [command]/usr/bin/git config --local includeIf.gitdir:/home/runner/work/DistQLDPC/DistQLDPC/qdistsat/.git.path /home/runner/work/_temp/git-credentials-1feb9272-273b-4df1-9108-d1d316c710e1.config
2026-10-08T15:23:43.6650564Z [command]/usr/bin/git config --local includeIf.gitdir:/home/runner/work/DistQLDPC/DistQLDPC/qdistsat/.git/worktrees/*.path /home/runner/work/_temp/git-credentials-1feb9272-273b-4df1-9108-d1d316c710e1.config
2026-10-08T15:23:43.6696273Z [command]/usr/bin/git config --local includeIf.gitdir:/github/workspace/qdistsat/.git.path /github/runner_temp/git-credentials-1feb9272-273b-4df1-9108-d1d316c710e1.config
2026-10-08T15:23:43.6742465Z [command]/usr/bin/git config --local includeIf.gitdir:/github/workspace/qdistsat/.git/worktrees/*.path /github/runner_temp/git-credentials-1feb9272-273b-4df1-9108-d1d316c710e1.config
2026-10-08T15:23:43.6785031Z ##[endgroup]
2026-10-08T15:23:43.6785692Z ##[group]Fetching the repository
2026-10-08T15:23:43.6795534Z [command]/usr/bin/git -c protocol.version=2 fetch --no-tags --prune --no-recurse-submodules --depth=1 origin +refs/heads/main*:refs/remotes/origin/main* +refs/tags/main*:refs/tags/main*
2026-10-08T15:23:44.3629571Z From https://github.com/guluchen/QDistSAT
2026-10-08T15:23:44.3630048Z  * [new branch]      main       -> origin/main
2026-10-08T15:23:44.3635128Z ##[endgroup]
2026-10-08T15:23:44.3635529Z ##[group]Determining the checkout info
2026-10-08T15:23:44.3642097Z [command]/usr/bin/git branch --list --remote origin/main
2026-10-08T15:23:44.3691225Z   origin/main
2026-10-08T15:23:44.3695435Z ##[endgroup]
2026-10-08T15:23:44.3695911Z [command]/usr/bin/git sparse-checkout disable
2026-10-08T15:23:44.3750736Z [command]/usr/bin/git config --local --unset-all extensions.worktreeConfig
2026-10-08T15:23:44.3790786Z ##[group]Checking out the ref
2026-10-08T15:23:44.3795064Z [command]/usr/bin/git checkout --progress --force -B main refs/remotes/origin/main
2026-10-08T15:23:44.4153795Z Switched to a new branch 'main'
2026-10-08T15:23:44.4155340Z branch 'main' set up to track 'origin/main'.
2026-10-08T15:23:44.4170534Z ##[endgroup]
2026-10-08T15:23:44.4222881Z [command]/usr/bin/git log -1 --format=%H
2026-10-08T15:23:44.4256281Z 7c4774fffc49856f48a22ae5f9063d00b2661aaa
2026-10-08T15:23:44.4401610Z ##[group]Run sudo apt-get update
2026-10-08T15:23:44.4401961Z [36;1msudo apt-get update[0m
2026-10-08T15:23:44.4402314Z [36;1msudo apt-get install --yes build-essential zlib1g-dev[0m
2026-10-08T15:23:44.4472236Z shell: /usr/bin/bash -e {0}
2026-10-08T15:23:44.4472547Z ##[endgroup]
2026-10-08T15:23:44.5349748Z Get:1 file:/etc/apt/apt-mirrors.txt Mirrorlist [144 B]
2026-10-08T15:23:44.5669266Z Hit:2 http://azure.archive.ubuntu.com/ubuntu noble InRelease
2026-10-08T15:23:44.5670993Z Get:6 https://packages.microsoft.com/ubuntu/24.04/prod noble InRelease [3600 B]
2026-10-08T15:23:44.5721351Z Get:3 http://azure.archive.ubuntu.com/ubuntu noble-updates InRelease [126 kB]
2026-10-08T15:23:44.5795186Z Get:4 http://azure.archive.ubuntu.com/ubuntu noble-backports InRelease [126 kB]
2026-10-08T15:23:44.5843095Z Get:5 http://azure.archive.ubuntu.com/ubuntu noble-security InRelease [126 kB]
2026-10-08T15:23:44.7150552Z Get:7 https://packages.microsoft.com/ubuntu/24.04/prod noble/main arm64 Packages [474 kB]
2026-10-08T15:23:44.7346582Z Get:8 https://packages.microsoft.com/ubuntu/24.04/prod noble/main all Packages [640 B]
2026-10-08T15:23:44.7484609Z Get:9 https://packages.microsoft.com/ubuntu/24.04/prod noble/main amd64 Packages [531 kB]
2026-10-08T15:23:44.7629939Z Get:10 https://packages.microsoft.com/ubuntu/24.04/prod noble/main armhf Packages [12.3 kB]
2026-10-08T15:23:44.7640798Z Get:11 http://azure.archive.ubuntu.com/ubuntu noble-updates/main amd64 Packages [1375 kB]
2026-10-08T15:23:44.7745452Z Get:12 http://azure.archive.ubuntu.com/ubuntu noble-updates/main Translation-en [306 kB]
2026-10-08T15:23:44.7754272Z Get:13 http://azure.archive.ubuntu.com/ubuntu noble-updates/universe amd64 Packages [1702 kB]
2026-10-08T15:23:44.7887705Z Get:14 http://azure.archive.ubuntu.com/ubuntu noble-updates/universe Translation-en [342 kB]
2026-10-08T15:23:44.7921965Z Get:15 http://azure.archive.ubuntu.com/ubuntu noble-updates/restricted amd64 Packages [1761 kB]
2026-10-08T15:23:44.8026235Z Get:16 http://azure.archive.ubuntu.com/ubuntu noble-updates/restricted Translation-en [401 kB]
2026-10-08T15:23:44.8038304Z Get:17 http://azure.archive.ubuntu.com/ubuntu noble-updates/multiverse amd64 Packages [55.0 kB]
2026-10-08T15:23:44.8052393Z Get:18 http://azure.archive.ubuntu.com/ubuntu noble-updates/multiverse Translation-en [14.3 kB]
2026-10-08T15:23:44.8787887Z Get:19 http://azure.archive.ubuntu.com/ubuntu noble-security/main amd64 Packages [1106 kB]
2026-10-08T15:23:44.8842862Z Get:20 http://azure.archive.ubuntu.com/ubuntu noble-security/main Translation-en [226 kB]
2026-10-08T15:23:44.9319372Z Get:21 http://azure.archive.ubuntu.com/ubuntu noble-security/universe amd64 Packages [1218 kB]
2026-10-08T15:23:44.9383702Z Get:22 http://azure.archive.ubuntu.com/ubuntu noble-security/universe Translation-en [245 kB]
2026-10-08T15:23:44.9405653Z Get:23 http://azure.archive.ubuntu.com/ubuntu noble-security/restricted amd64 Packages [1613 kB]
2026-10-08T15:23:44.9486615Z Get:24 http://azure.archive.ubuntu.com/ubuntu noble-security/restricted Translation-en [371 kB]
2026-10-08T15:23:44.9512142Z Get:25 http://azure.archive.ubuntu.com/ubuntu noble-security/multiverse Translation-en [11.6 kB]
2026-10-08T15:23:48.0918121Z Fetched 12.1 MB in 1s (9465 kB/s)
2026-10-08T15:23:49.0226194Z Reading package lists...
2026-10-08T15:23:49.0547738Z Reading package lists...
2026-10-08T15:23:49.2871523Z Building dependency tree...
2026-10-08T15:23:49.2880058Z Reading state information...
2026-10-08T15:23:49.4831364Z zlib1g-dev is already the newest version (1:1.3.dfsg-3.1ubuntu2.2).
2026-10-08T15:23:49.4832180Z The following NEW packages will be installed:
2026-10-08T15:23:49.4839146Z   build-essential
2026-10-08T15:23:49.5023471Z 0 upgraded, 1 newly installed, 0 to remove and 21 not upgraded.
2026-10-08T15:23:49.5024393Z Need to get 4928 B of archives.
2026-10-08T15:23:49.5025583Z After this operation, 17.4 kB of additional disk space will be used.
2026-10-08T15:23:49.5026720Z Get:1 file:/etc/apt/apt-mirrors.txt Mirrorlist [144 B]
2026-10-08T15:23:49.5495210Z Get:2 http://azure.archive.ubuntu.com/ubuntu noble/main amd64 build-essential amd64 12.10ubuntu1 [4928 B]
2026-10-08T15:23:49.8111531Z Fetched 4928 B in 0s (84.8 kB/s)
2026-10-08T15:23:49.8334464Z Selecting previously unselected package build-essential.
2026-10-08T15:23:49.8684059Z (Reading database ... 
2026-10-08T15:23:49.8684477Z (Reading database ... 5%
2026-10-08T15:23:49.8684791Z (Reading database ... 10%
2026-10-08T15:23:49.8685092Z (Reading database ... 15%
2026-10-08T15:23:49.8685384Z (Reading database ... 20%
2026-10-08T15:23:49.8686398Z (Reading database ... 25%
2026-10-08T15:23:49.8686803Z (Reading database ... 30%
2026-10-08T15:23:49.8687186Z (Reading database ... 35%
2026-10-08T15:23:49.8687549Z (Reading database ... 40%
2026-10-08T15:23:49.8687909Z (Reading database ... 45%
2026-10-08T15:23:49.8688304Z (Reading database ... 50%
2026-10-08T15:23:49.8746465Z (Reading database ... 55%
2026-10-08T15:23:50.0052124Z (Reading database ... 60%
2026-10-08T15:23:50.1963154Z (Reading database ... 65%
2026-10-08T15:23:50.4061936Z (Reading database ... 70%
2026-10-08T15:23:50.5878676Z (Reading database ... 75%
2026-10-08T15:23:50.7458077Z (Reading database ... 80%
2026-10-08T15:23:50.9518346Z (Reading database ... 85%
2026-10-08T15:23:51.1417098Z (Reading database ... 90%
2026-10-08T15:23:51.3118692Z (Reading database ... 95%
2026-10-08T15:23:51.3119151Z (Reading database ... 100%
2026-10-08T15:23:51.3119708Z (Reading database ... 203191 files and directories currently installed.)
2026-10-08T15:23:51.3168518Z Preparing to unpack .../build-essential_12.10ubuntu1_amd64.deb ...
2026-10-08T15:23:51.3196497Z Unpacking build-essential (12.10ubuntu1) ...
2026-10-08T15:23:51.3585195Z Setting up build-essential (12.10ubuntu1) ...
2026-10-08T15:23:52.0241808Z 
2026-10-08T15:23:52.0242625Z Running kernel seems to be up-to-date.
2026-10-08T15:23:52.0243062Z 
2026-10-08T15:23:52.0243233Z No services need to be restarted.
2026-10-08T15:23:52.0243551Z 
2026-10-08T15:23:52.0243744Z No containers need to be restarted.
2026-10-08T15:23:52.0244051Z 
2026-10-08T15:23:52.0244256Z No user sessions are running outdated binaries.
2026-10-08T15:23:52.0244602Z 
2026-10-08T15:23:52.0244942Z No VM guests are running outdated hypervisor (qemu) binaries on this host.
2026-10-08T15:23:53.0439207Z ##[group]Run set -euo pipefail
2026-10-08T15:23:53.0439532Z [36;1mset -euo pipefail[0m
2026-10-08T15:23:53.0439801Z [36;1mmake -C baseline --jobs="$(nproc)"[0m
2026-10-08T15:23:53.0440115Z [36;1mmake -C candidate --jobs="$(nproc)"[0m
2026-10-08T15:23:53.0505137Z shell: /usr/bin/bash --noprofile --norc -e -o pipefail {0}
2026-10-08T15:23:53.0505499Z ##[endgroup]
2026-10-08T15:23:53.0782982Z make: Entering directory '/home/runner/work/DistQLDPC/DistQLDPC/baseline'
2026-10-08T15:23:53.0795741Z g++ -Isrc/solver -Wall -Wno-parentheses -O3 -g -D __STDC_LIMIT_MACROS -D __STDC_FORMAT_MACROS -DNDEBUG -c -o build/SimpSolver.o src/solver/SimpSolver.cc
2026-10-08T15:23:53.0837496Z g++ -Isrc/solver -Wall -Wno-parentheses -O3 -g -D __STDC_LIMIT_MACROS -D __STDC_FORMAT_MACROS -DNDEBUG -c -o build/Solver.o src/solver/Solver.cc
2026-10-08T15:23:53.0839877Z g++ -Isrc/solver -Wall -Wno-parentheses -O3 -g -D __STDC_LIMIT_MACROS -D __STDC_FORMAT_MACROS -DNDEBUG -c -o build/Options.o src/solver/utils/Options.cc
2026-10-08T15:23:53.0842767Z g++ -Isrc/solver -Wall -Wno-parentheses -O3 -g -D __STDC_LIMIT_MACROS -D __STDC_FORMAT_MACROS -DNDEBUG -c -o build/System.o src/solver/utils/System.cc
2026-10-08T15:23:53.8026975Z In file included from src/solver/Solver.h:53,
2026-10-08T15:23:53.8027777Z                  from src/solver/Solver.cc:107:
2026-10-08T15:23:53.8029136Z src/solver/utils/Options.h:285:29: warning: invalid suffix on literal; C++11 requires a space between literal and string macro [-Wliteral-suffix]
2026-10-08T15:23:53.8031142Z   285 |             fprintf(stderr, "%4"PRIi64, range.begin);
2026-10-08T15:23:53.8032616Z       |                             ^
2026-10-08T15:23:53.8033915Z src/solver/utils/Options.h:291:29: warning: invalid suffix on literal; C++11 requires a space between literal and string macro [-Wliteral-suffix]
2026-10-08T15:23:53.8035256Z   291 |             fprintf(stderr, "%4"PRIi64, range.end);
2026-10-08T15:23:53.8035953Z       |                             ^
2026-10-08T15:23:53.8037197Z src/solver/utils/Options.h:293:25: warning: invalid suffix on literal; C++11 requires a space between literal and string macro [-Wliteral-suffix]
2026-10-08T15:23:53.8038547Z   293 |         fprintf(stderr, "] (default: %"PRIi64")\n", value);
2026-10-08T15:23:53.8039265Z       |                         ^
2026-10-08T15:23:53.8071063Z In file included from src/solver/Solver.h:53,
2026-10-08T15:23:53.8071965Z                  from src/solver/SimpSolver.h:37,
2026-10-08T15:23:53.8072581Z                  from src/solver/SimpSolver.cc:34:
2026-10-08T15:23:53.8073774Z src/solver/utils/Options.h:285:29: warning: invalid suffix on literal; C++11 requires a space between literal and string macro [-Wliteral-suffix]
2026-10-08T15:23:53.8074992Z   285 |             fprintf(stderr, "%4"PRIi64, range.begin);
2026-10-08T15:23:53.8075538Z       |                             ^
2026-10-08T15:23:53.8076679Z src/solver/utils/Options.h:291:29: warning: invalid suffix on literal; C++11 requires a space between literal and string macro [-Wliteral-suffix]
2026-10-08T15:23:53.8088349Z   291 |             fprintf(stderr, "%4"PRIi64, range.end);
2026-10-08T15:23:53.8088924Z       |                             ^
2026-10-08T15:23:53.8090007Z src/solver/utils/Options.h:293:25: warning: invalid suffix on literal; C++11 requires a space between literal and string macro [-Wliteral-suffix]
2026-10-08T15:23:53.8091445Z   293 |         fprintf(stderr, "] (default: %"PRIi64")\n", value);
2026-10-08T15:23:53.8092028Z       |                         ^
2026-10-08T15:23:53.8092571Z In file included from src/solver/utils/Options.cc:21:
2026-10-08T15:23:53.8093767Z src/solver/utils/Options.h:285:29: warning: invalid suffix on literal; C++11 requires a space between literal and string macro [-Wliteral-suffix]
2026-10-08T15:23:53.8094955Z   285 |             fprintf(stderr, "%4"PRIi64, range.begin);
2026-10-08T15:23:53.8095503Z       |                             ^
2026-10-08T15:23:53.8097071Z src/solver/utils/Options.h:291:29: warning: invalid suffix on literal; C++11 requires a space between literal and string macro [-Wliteral-suffix]
2026-10-08T15:23:53.8098272Z   291 |             fprintf(stderr, "%4"PRIi64, range.end);
2026-10-08T15:23:53.8098813Z       |                             ^
2026-10-08T15:23:53.8099896Z src/solver/utils/Options.h:293:25: warning: invalid suffix on literal; C++11 requires a space between literal and string macro [-Wliteral-suffix]
2026-10-08T15:23:53.8101325Z   293 |         fprintf(stderr, "] (default: %"PRIi64")\n", value);
2026-10-08T15:23:53.8101906Z       |                         ^
2026-10-08T15:23:53.9958097Z src/solver/Solver.h: In constructor ‘Minisat::Solver::Solver()’:
2026-10-08T15:23:53.9960579Z src/solver/Solver.h:480:15: warning: ‘Minisat::Solver::my_var_decay’ will be initialized after [-Wreorder]
2026-10-08T15:23:53.9961880Z   480 |     double    my_var_decay;
2026-10-08T15:23:53.9962665Z       |               ^~~~~~~~~~~~
2026-10-08T15:23:53.9964402Z src/solver/Solver.h:293:42: warning:   ‘Minisat::Heap<Minisat::Solver::VarOrderLt> Minisat::Solver::order_heap_distance’ [-Wreorder]
2026-10-08T15:23:53.9965857Z   293 |                         order_heap_VSIDS,order_heap_distance;
2026-10-08T15:23:53.9966707Z       |                                          ^~~~~~~~~~~~~~~~~~~
2026-10-08T15:23:53.9967666Z src/solver/Solver.cc:143:1: warning:   when initialized here [-Wreorder]
2026-10-08T15:23:53.9968565Z   143 | Solver::Solver() :
2026-10-08T15:23:53.9969164Z       | ^~~~~~
2026-10-08T15:23:53.9970798Z src/solver/Solver.h:514:14: warning: ‘Minisat::Solver::lastOptimalCost’ will be initialized after [-Wreorder]
2026-10-08T15:23:53.9972466Z   514 |     uint64_t lastOptimalCost;
2026-10-08T15:23:53.9973145Z       |              ^~~~~~~~~~~~~~~
2026-10-08T15:23:53.9974397Z src/solver/Solver.h:513:40: warning:   ‘uint64_t Minisat::Solver::totalWeight’ [-Wreorder]
2026-10-08T15:23:53.9975510Z   513 |     uint64_t hardWeight, solutionCost, totalWeight, UB;
2026-10-08T15:23:53.9976314Z       |                                        ^~~~~~~~~~~
2026-10-08T15:23:53.9977789Z src/solver/Solver.cc:143:1: warning:   when initialized here [-Wreorder]
2026-10-08T15:23:53.9978651Z   143 | Solver::Solver() :
2026-10-08T15:23:53.9979196Z       | ^~~~~~
2026-10-08T15:23:53.9980660Z src/solver/Solver.h:707:25: warning: ‘Minisat::Solver::orderHeapAuxi’ will be initialized after [-Wreorder]
2026-10-08T15:23:53.9981862Z   707 |     Heap<VarOrderGt>    orderHeapAuxi;
2026-10-08T15:23:53.9982590Z       |                         ^~~~~~~~~~~~~
2026-10-08T15:23:53.9983688Z src/solver/Solver.h:619:25: warning:   ‘int Minisat::Solver::tier2_lbd_cut’ [-Wreorder]
2026-10-08T15:23:53.9984656Z   619 |     int                 tier2_lbd_cut;
2026-10-08T15:23:53.9985297Z       |                         ^~~~~~~~~~~~~
2026-10-08T15:23:53.9986105Z src/solver/Solver.cc:143:1: warning:   when initialized here [-Wreorder]
2026-10-08T15:23:53.9986947Z   143 | Solver::Solver() :
2026-10-08T15:23:53.9987486Z       | ^~~~~~
2026-10-08T15:23:53.9988686Z src/solver/Solver.h:663:9: warning: ‘Minisat::Solver::cardinalityEncMode’ will be initialized after [-Wreorder]
2026-10-08T15:23:53.9989889Z   663 |     int cardinalityEncMode;
2026-10-08T15:23:53.9990891Z       |         ^~~~~~~~~~~~~~~~~~
2026-10-08T15:23:53.9992117Z src/solver/Solver.h:644:14: warning:   ‘uint64_t Minisat::Solver::quasiSoftConflicts’ [-Wreorder]
2026-10-08T15:23:53.9993145Z   644 |     uint64_t quasiSoftConflicts;
2026-10-08T15:23:53.9993788Z       |              ^~~~~~~~~~~~~~~~~~
2026-10-08T15:23:53.9994602Z src/solver/Solver.cc:143:1: warning:   when initialized here [-Wreorder]
2026-10-08T15:23:53.9995469Z   143 | Solver::Solver() :
2026-10-08T15:23:53.9996003Z       | ^~~~~~
2026-10-08T15:23:53.9997172Z src/solver/Solver.h:696:14: warning: ‘Minisat::Solver::nbFixedByLH’ will be initialized after [-Wreorder]
2026-10-08T15:23:53.9998362Z   696 |     uint64_t nbFixedByLH;
2026-10-08T15:23:53.9999036Z       |              ^~~~~~~~~~~
2026-10-08T15:23:54.0000750Z src/solver/Solver.h:562:10: warning:   ‘bool Minisat::Solver::bestSolutionFound’ [-Wreorder]
2026-10-08T15:23:54.0001883Z   562 |     bool bestSolutionFound;
2026-10-08T15:23:54.0002573Z       |          ^~~~~~~~~~~~~~~~~
2026-10-08T15:23:54.0003449Z src/solver/Solver.cc:143:1: warning:   when initialized here [-Wreorder]
2026-10-08T15:23:54.0004390Z   143 | Solver::Solver() :
2026-10-08T15:23:54.0005024Z       | ^~~~~~
2026-10-08T15:23:54.0006337Z src/solver/Solver.h:564:9: warning: ‘Minisat::Solver::nbSatLitsAtStart’ will be initialized after [-Wreorder]
2026-10-08T15:23:54.0007595Z   564 |     int nbSatLitsAtStart;
2026-10-08T15:23:54.0008272Z       |         ^~~~~~~~~~~~~~~~
2026-10-08T15:23:54.0009426Z src/solver/Solver.h:560:9: warning:   ‘int Minisat::Solver::bounds_pipe_w’ [-Wreorder]
2026-10-08T15:23:54.0010048Z   560 |     int bounds_pipe_w;
2026-10-08T15:23:54.0010860Z       |         ^~~~~~~~~~~~~
2026-10-08T15:23:54.0011463Z src/solver/Solver.cc:143:1: warning:   when initialized here [-Wreorder]
2026-10-08T15:23:54.0012091Z   143 | Solver::Solver() :
2026-10-08T15:23:54.0012320Z       | ^~~~~~
2026-10-08T15:23:54.0050151Z src/solver/Solver.cc: In member function ‘Minisat::CRef Minisat::Solver::simplePropagate()’:
2026-10-08T15:23:54.0052785Z src/solver/Solver.cc:316:27: warning: comparison of integer expressions of different signedness: ‘unsigned int’ and ‘int’ [-Wsign-compare]
2026-10-08T15:23:54.0054553Z   316 |         if (c.lastPoint() > c.size())
2026-10-08T15:23:54.0055478Z       |             ~~~~~~~~~~~~~~^~~~~~~~~~
2026-10-08T15:23:54.0058536Z src/solver/Solver.cc:335:27: warning: comparison of integer expressions of different signedness: ‘int’ and ‘unsigned int’ [-Wsign-compare]
2026-10-08T15:23:54.0060615Z   335 |         for (int k = 2; k < c.lastPoint(); k++) {
2026-10-08T15:23:54.0061433Z       |                         ~~^~~~~~~~~~~~~~~
2026-10-08T15:23:54.0063136Z src/solver/Solver.cc:381:63: warning: comparison of integer expressions of different signedness: ‘int’ and ‘uint64_t’ {aka ‘long unsigned int’} [-Wsign-compare]
2026-10-08T15:23:54.0064699Z   381 |     if (confl == CRef_Undef && falseLits.size() + rootNbIsets >= UB)
2026-10-08T15:23:54.0065563Z       |                                ~~~~~~~~~~~~~~~~~~~~~~~~~~~~~~~^~~~~
2026-10-08T15:23:54.0117878Z src/solver/Solver.cc: In member function ‘bool Minisat::Solver::simplifyLearnt_core()’:
2026-10-08T15:23:54.0119767Z src/solver/Solver.cc:787:34: warning: comparison of integer expressions of different signedness: ‘unsigned int’ and ‘int’ [-Wsign-compare]
2026-10-08T15:23:54.0121471Z   787 |                     if (nblevels < c.lbd()){
2026-10-08T15:23:54.0122286Z       |                         ~~~~~~~~~^~~~~~~~~
2026-10-08T15:23:54.0123627Z src/solver/Solver.cc:721:9: warning: unused variable ‘learnts_core_size_before’ [-Wunused-variable]
2026-10-08T15:23:54.0124891Z   721 |     int learnts_core_size_before = learnts_core.size();
2026-10-08T15:23:54.0125737Z       |         ^~~~~~~~~~~~~~~~~~~~~~~~
2026-10-08T15:23:54.0135620Z src/solver/Solver.cc: In member function ‘bool Minisat::Solver::simplifyLearnt_tier2()’:
2026-10-08T15:23:54.0137509Z src/solver/Solver.cc:895:34: warning: comparison of integer expressions of different signedness: ‘unsigned int’ and ‘int’ [-Wsign-compare]
2026-10-08T15:23:54.0140748Z   895 |                     if (nblevels < c.lbd()){
2026-10-08T15:23:54.0141574Z       |                         ~~~~~~~~~^~~~~~~~~
2026-10-08T15:23:54.0142985Z src/solver/Solver.cc:823:9: warning: unused variable ‘learnts_tier2_size_before’ [-Wunused-variable]
2026-10-08T15:23:54.0144238Z   823 |     int learnts_tier2_size_before = learnts_tier2.size();
2026-10-08T15:23:54.0145127Z       |         ^~~~~~~~~~~~~~~~~~~~~~~~~
2026-10-08T15:23:54.0146393Z src/solver/Solver.cc:828:9: warning: variable ‘limit’ set but not used [-Wunused-but-set-variable]
2026-10-08T15:23:54.0147528Z   828 |     int limit;
2026-10-08T15:23:54.0148122Z       |         ^~~~~
2026-10-08T15:23:54.0411774Z src/solver/Solver.cc: In member function ‘bool Minisat::Solver::failedLiteralDetection()’:
2026-10-08T15:23:54.0414354Z src/solver/Solver.cc:1038:100: warning: format ‘%llu’ expects argument of type ‘long long unsigned int’, but argument 7 has type ‘uint64_t’ {aka ‘long unsigned int’} [-Wformat=]
2026-10-08T15:23:54.0417898Z  1038 |   printf("c nbFailedLits %d, nbI %d, fixedVarsByFL %d, totalFixedVars %d, nbTested: %d, counter %llu\n",
2026-10-08T15:23:54.0419395Z       |                                                                                                 ~~~^
2026-10-08T15:23:54.0420446Z       |                                                                                                    |
2026-10-08T15:23:54.0421208Z       |                                                                                                    long long unsigned int
2026-10-08T15:23:54.0421928Z       |                                                                                                 %lu
2026-10-08T15:23:54.0422672Z  1039 |          nbFailedLits, nbI, trail.size()-initTrail, trail.size(), nbTested, counter);
2026-10-08T15:23:54.0423384Z       |                                                                             ~~~~~~~                 
2026-10-08T15:23:54.0423960Z       |                                                                             |
2026-10-08T15:23:54.0424567Z       |                                                                             uint64_t {aka long unsigned int}
2026-10-08T15:23:54.0465951Z src/solver/Solver.cc: In member function ‘bool Minisat::Solver::simplifyOriginalClauses()’:
2026-10-08T15:23:54.0468609Z src/solver/Solver.cc:1179:40: warning: format ‘%llu’ expects argument of type ‘long long unsigned int’, but argument 2 has type ‘uint64_t’ {aka ‘long unsigned int’} [-Wformat=]
2026-10-08T15:23:54.0470591Z  1179 |     printf("c total nb of literals: %llu\n", clauses_literals);
2026-10-08T15:23:54.0471622Z       |                                     ~~~^     ~~~~~~~~~~~~~~~~
2026-10-08T15:23:54.0472592Z       |                                        |     |
2026-10-08T15:23:54.0473342Z       |                                        |     uint64_t {aka long unsigned int}
2026-10-08T15:23:54.0474157Z       |                                        long long unsigned int
2026-10-08T15:23:54.0474897Z       |                                     %lu
2026-10-08T15:23:54.0476382Z src/solver/Solver.cc:1173:25: warning: unused variable ‘nbOriginalClauses_before’ [-Wunused-variable]
2026-10-08T15:23:54.0486952Z  1173 |     int last_shorten=0, nbOriginalClauses_before = clauses.size();
2026-10-08T15:23:54.0488014Z       |                         ^~~~~~~~~~~~~~~~~~~~~~~~
2026-10-08T15:23:54.0489303Z src/solver/Solver.cc:1185:17: warning: unused variable ‘begin_simp_time’ [-Wunused-variable]
2026-10-08T15:23:54.0490703Z  1185 |     double      begin_simp_time = cpuTime();
2026-10-08T15:23:54.0491476Z       |                 ^~~~~~~~~~~~~~~
2026-10-08T15:23:54.0492741Z src/solver/Solver.cc:1250:12: warning: variable ‘avg’ set but not used [-Wunused-but-set-variable]
2026-10-08T15:23:54.0493832Z  1250 |     double avg;
2026-10-08T15:23:54.0494390Z       |            ^~~
2026-10-08T15:23:54.0569566Z src/solver/Solver.cc: In member function ‘Minisat::CRef Minisat::Solver::propagate()’:
2026-10-08T15:23:54.0571808Z src/solver/Solver.cc:2005:31: warning: comparison of integer expressions of different signedness: ‘unsigned int’ and ‘int’ [-Wsign-compare]
2026-10-08T15:23:54.0573280Z  2005 |             if (c.lastPoint() > c.size())
2026-10-08T15:23:54.0574061Z       |                 ~~~~~~~~~~~~~~^~~~~~~~~~
2026-10-08T15:23:54.0575760Z src/solver/Solver.cc:2024:31: warning: comparison of integer expressions of different signedness: ‘int’ and ‘unsigned int’ [-Wsign-compare]
2026-10-08T15:23:54.0577246Z  2024 |             for (int k = 2; k < c.lastPoint(); k++) {
2026-10-08T15:23:54.0578062Z       |                             ~~^~~~~~~~~~~~~~~
2026-10-08T15:23:54.0580096Z src/solver/Solver.cc:2076:49: warning: comparison of integer expressions of different signedness: ‘int’ and ‘uint64_t’ {aka ‘long unsigned int’} [-Wsign-compare]
2026-10-08T15:23:54.0581998Z  2076 |     if (confl == CRef_Undef && falseLits.size() >= UB)
2026-10-08T15:23:54.0582784Z       |                                ~~~~~~~~~~~~~~~~~^~~~~
2026-10-08T15:23:54.0584050Z src/solver/Solver.cc:2072:1: warning: label ‘ExitProp’ defined but not used [-Wunused-label]
2026-10-08T15:23:54.0585140Z  2072 | ExitProp:;
2026-10-08T15:23:54.0585707Z       | ^~~~~~~~
2026-10-08T15:23:54.0601103Z src/solver/Solver.cc: In member function ‘void Minisat::Solver::getAllUIP(Minisat::vec<Minisat::Lit>&, int&, int&)’:
2026-10-08T15:23:54.0602993Z src/solver/Solver.cc:2177:9: warning: variable ‘myLevel’ set but not used [-Wunused-but-set-variable]
2026-10-08T15:23:54.0604196Z  2177 |     int myLevel = decisionLevel() +1;
2026-10-08T15:23:54.0604915Z       |         ^~~~~~~
2026-10-08T15:23:54.0606429Z src/solver/Solver.cc: In member function ‘void Minisat::Solver::analyzeSoftConflict(Minisat::vec<Minisat::Lit>&, int&, int&)’:
2026-10-08T15:23:54.0608865Z src/solver/Solver.cc:2196:26: warning: comparison of integer expressions of different signedness: ‘int’ and ‘uint64_t’ {aka ‘long unsigned int’} [-Wsign-compare]
2026-10-08T15:23:54.0610677Z  2196 |     if (falseLits.size() >= UB)
2026-10-08T15:23:54.0611419Z       |         ~~~~~~~~~~~~~~~~~^~~~~
2026-10-08T15:23:54.0613210Z src/solver/Solver.cc:2206:26: warning: comparison of integer expressions of different signedness: ‘int’ and ‘uint64_t’ {aka ‘long unsigned int’} [-Wsign-compare]
2026-10-08T15:23:54.0615201Z  2206 |     if (falseLits.size() > UB) {
2026-10-08T15:23:54.0616711Z       |         ~~~~~~~~~~~~~~~~~^~~~
2026-10-08T15:23:54.0654752Z src/solver/Solver.cc: In member function ‘bool Minisat::Solver::simplifyLearnt_local()’:
2026-10-08T15:23:54.0656641Z src/solver/Solver.cc:2631:34: warning: comparison of integer expressions of different signedness: ‘unsigned int’ and ‘int’ [-Wsign-compare]
2026-10-08T15:23:54.0658058Z  2631 |                     if (nblevels < c.lbd()){
2026-10-08T15:23:54.0658874Z       |                         ~~~~~~~~~^~~~~~~~~
2026-10-08T15:23:54.0660549Z src/solver/Solver.cc:2559:7: warning: unused variable ‘learnts_local_size_before’ [-Wunused-variable]
2026-10-08T15:23:54.0661998Z  2559 |   int learnts_local_size_before = learnts_local.size();
2026-10-08T15:23:54.0662837Z       |       ^~~~~~~~~~~~~~~~~~~~~~~~~
2026-10-08T15:23:54.0664065Z src/solver/Solver.cc:2560:7: warning: unused variable ‘savedTrail’ [-Wunused-variable]
2026-10-08T15:23:54.0665227Z  2560 |   int savedTrail = trail.size();
2026-10-08T15:23:54.0665964Z       |       ^~~~~~~~~~
2026-10-08T15:23:54.0674359Z src/solver/Solver.cc: In member function ‘void Minisat::Solver::reduceDB_core()’:
2026-10-08T15:23:54.0675890Z src/solver/Solver.cc:2772:9: warning: unused variable ‘totalLocalSize’ [-Wunused-variable]
2026-10-08T15:23:54.0677031Z  2772 |     int totalLocalSize=0, removedSize=0;
2026-10-08T15:23:54.0677813Z       |         ^~~~~~~~~~~~~~
2026-10-08T15:23:54.0679005Z src/solver/Solver.cc:2772:27: warning: unused variable ‘removedSize’ [-Wunused-variable]
2026-10-08T15:23:54.0680147Z  2772 |     int totalLocalSize=0, removedSize=0;
2026-10-08T15:23:54.0681231Z       |                           ^~~~~~~~~~~
2026-10-08T15:23:54.0702254Z src/solver/Solver.cc: In member function ‘Minisat::CRef Minisat::Solver::lPropagate()’:
2026-10-08T15:23:54.0704401Z src/solver/Solver.cc:3022:20: warning: comparison of integer expressions of different signedness: ‘uint64_t’ {aka ‘long unsigned int’} and ‘int’ [-Wsign-compare]
2026-10-08T15:23:54.0706210Z  3022 |   if (UB > 1 && UB == falseLits.size() + 1 && decisionLevel() < hardenLevel) {
2026-10-08T15:23:54.0707258Z       |                 ~~~^~~~~~~~~~~~~~~~~~~~~~~
2026-10-08T15:23:54.0727247Z src/solver/Solver.cc: In member function ‘void Minisat::Solver::identifyClausesToSplit(Minisat::vec<unsigned int>&)’:
2026-10-08T15:23:54.0729989Z src/solver/Solver.cc:3170:46: warning: comparison of integer expressions of different signedness: ‘int’ and ‘uint64_t’ {aka ‘long unsigned int’} [-Wsign-compare]
2026-10-08T15:23:54.0731947Z  3170 |     for(j=i+1; j<cs.size() && 2*nbCommunLits >= UB; j++) {
2026-10-08T15:23:54.0732787Z       |                               ~~~~~~~~~~~~~~~^~~~~
2026-10-08T15:23:54.0793645Z src/solver/Solver.cc: In member function ‘Minisat::lbool Minisat::Solver::search(int&)’:
2026-10-08T15:23:54.0795836Z src/solver/Solver.cc:3821:31: warning: format ‘%llu’ expects argument of type ‘long long unsigned int’, but argument 2 has type ‘uint64_t’ {aka ‘long unsigned int’} [-Wformat=]
2026-10-08T15:23:54.0798104Z  3821 |               printf("c UB=%llu succs, confls=%llu, hconfls=%llu, core %d, tier2 %d, local %d,  %d soft cls unsat (%d at L0), %d fixed vars at L0, softCnfl %d, nbFlyRd %d, nbFixedLH %llu\n",
2026-10-08T15:23:54.0799473Z       |                            ~~~^
2026-10-08T15:23:54.0800060Z       |                               |
2026-10-08T15:23:54.0801056Z       |                               long long unsigned int
2026-10-08T15:23:54.0801727Z       |                            %lu
2026-10-08T15:23:54.0802903Z  3822 |                      UB, conflicts, conflicts-softConflicts, learnts_core.size(), learnts_tier2.size(), learnts_local.size(),
2026-10-08T15:23:54.0804168Z       |                      ~~        
2026-10-08T15:23:54.0804864Z       |                      |
2026-10-08T15:23:54.0805556Z       |                      uint64_t {aka long unsigned int}
2026-10-08T15:23:54.0807432Z src/solver/Solver.cc:3821:50: warning: format ‘%llu’ expects argument of type ‘long long unsigned int’, but argument 3 has type ‘uint64_t’ {aka ‘long unsigned int’} [-Wformat=]
2026-10-08T15:23:54.0810002Z  3821 |               printf("c UB=%llu succs, confls=%llu, hconfls=%llu, core %d, tier2 %d, local %d,  %d soft cls unsat (%d at L0), %d fixed vars at L0, softCnfl %d, nbFlyRd %d, nbFixedLH %llu\n",
2026-10-08T15:23:54.0811727Z       |                                               ~~~^
2026-10-08T15:23:54.0812410Z       |                                                  |
2026-10-08T15:23:54.0813197Z       |                                                  long long unsigned int
2026-10-08T15:23:54.0814052Z       |                                               %lu
2026-10-08T15:23:54.0815291Z  3822 |                      UB, conflicts, conflicts-softConflicts, learnts_core.size(), learnts_tier2.size(), learnts_local.size(),
2026-10-08T15:23:54.0816568Z       |                          ~~~~~~~~~                
2026-10-08T15:23:54.0817294Z       |                          |
2026-10-08T15:23:54.0819148Z       |                          uint64_t {aka long unsigned int}
2026-10-08T15:23:54.0821386Z src/solver/Solver.cc:3821:64: warning: format ‘%llu’ expects argument of type ‘long long unsigned int’, but argument 4 has type ‘uint64_t’ {aka ‘long unsigned int’} [-Wformat=]
2026-10-08T15:23:54.0823797Z  3821 |               printf("c UB=%llu succs, confls=%llu, hconfls=%llu, core %d, tier2 %d, local %d,  %d soft cls unsat (%d at L0), %d fixed vars at L0, softCnfl %d, nbFlyRd %d, nbFixedLH %llu\n",
2026-10-08T15:23:54.0825371Z       |                                                             ~~~^
2026-10-08T15:23:54.0826145Z       |                                                                |
2026-10-08T15:23:54.0827040Z       |                                                                long long unsigned int
2026-10-08T15:23:54.0827935Z       |                                                             %lu
2026-10-08T15:23:54.0829228Z  3822 |                      UB, conflicts, conflicts-softConflicts, learnts_core.size(), learnts_tier2.size(), learnts_local.size(),
2026-10-08T15:23:54.0830862Z       |                                     ~~~~~~~~~~~~~~~~~~~~~~~     
2026-10-08T15:23:54.0831672Z       |                                              |
2026-10-08T15:23:54.0832509Z       |                                              uint64_t {aka long unsigned int}
2026-10-08T15:23:54.0834755Z src/solver/Solver.cc:3821:186: warning: format ‘%llu’ expects argument of type ‘long long unsigned int’, but argument 13 has type ‘uint64_t’ {aka ‘long unsigned int’} [-Wformat=]
2026-10-08T15:23:54.0837131Z  3821 |               printf("c UB=%llu succs, confls=%llu, hconfls=%llu, core %d, tier2 %d, local %d,  %d soft cls unsat (%d at L0), %d fixed vars at L0, softCnfl %d, nbFlyRd %d, nbFixedLH %llu\n",
2026-10-08T15:23:54.0838992Z       |                                                                                                                                                                                       ~~~^
2026-10-08T15:23:54.0840733Z       |                                                                                                                                                                                          |
2026-10-08T15:23:54.0842236Z       |                                                                                                                                                                                          long long unsigned int
2026-10-08T15:23:54.0843726Z       |                                                                                                                                                                                       %lu
2026-10-08T15:23:54.0845310Z  3822 |                      UB, conflicts, conflicts-softConflicts, learnts_core.size(), learnts_tier2.size(), learnts_local.size(),
2026-10-08T15:23:54.0846842Z  3823 |                      falseLits.size(), nbFalses, nbFixeds, pureSoftConfl, nbFlyReduced, nbFixedByLH);
2026-10-08T15:23:54.0848452Z       |                                                                                         ~~~~~~~~~~~                                                                                       
2026-10-08T15:23:54.0849539Z       |                                                                                         |
2026-10-08T15:23:54.0850809Z       |                                                                                         uint64_t {aka long unsigned int}
2026-10-08T15:23:54.0852915Z src/solver/Solver.cc:3825:48: warning: format ‘%llu’ expects argument of type ‘long long unsigned int’, but argument 3 has type ‘uint64_t’ {aka ‘long unsigned int’} [-Wformat=]
2026-10-08T15:23:54.0855325Z  3825 |               printf("c nbHardens %d (fixed %llu), shorten: %llu, prunedLB %4.2f, dev %4.2f, succRate %4.2f, nbSucc %llu, lk: %llu, shorten: %llu, quasiC: %llu (fixed: %llu)\n\n",
2026-10-08T15:23:54.0857069Z       |                                             ~~~^
2026-10-08T15:23:54.0858129Z       |                                                |
2026-10-08T15:23:54.0859444Z       |                                                long long unsigned int
2026-10-08T15:23:54.0860832Z       |                                             %lu
2026-10-08T15:23:54.0862808Z  3826 |                      nbHardens, fixedByHardens, nbSavedLits, meanLB, dev, succRate, nbLKsuccess-savednbLKsuccess, LOOKAHEAD-savedLOOKAHEAD, nbSavedLits, quasiSoftConflicts, fixedByQuasiConfl);
2026-10-08T15:23:54.0865111Z       |                                 ~~~~~~~~~~~~~~  
2026-10-08T15:23:54.0866037Z       |                                 |
2026-10-08T15:23:54.0867106Z       |                                 uint64_t {aka long unsigned int}
2026-10-08T15:23:54.0869520Z src/solver/Solver.cc:3825:64: warning: format ‘%llu’ expects argument of type ‘long long unsigned int’, but argument 4 has type ‘uint64_t’ {aka ‘long unsigned int’} [-Wformat=]
2026-10-08T15:23:54.0873137Z  3825 |               printf("c nbHardens %d (fixed %llu), shorten: %llu, prunedLB %4.2f, dev %4.2f, succRate %4.2f, nbSucc %llu, lk: %llu, shorten: %llu, quasiC: %llu (fixed: %llu)\n\n",
2026-10-08T15:23:54.0875715Z       |                                                             ~~~^
2026-10-08T15:23:54.0876908Z       |                                                                |
2026-10-08T15:23:54.0878193Z       |                                                                long long unsigned int
2026-10-08T15:23:54.0879125Z       |                                                             %lu
2026-10-08T15:23:54.0896492Z  3826 |                      nbHardens, fixedByHardens, nbSavedLits, meanLB, dev, succRate, nbLKsuccess-savednbLKsuccess, LOOKAHEAD-savedLOOKAHEAD, nbSavedLits, quasiSoftConflicts, fixedByQuasiConfl);
2026-10-08T15:23:54.0898298Z       |                                                 ~~~~~~~~~~~     
2026-10-08T15:23:54.0899064Z       |                                                 |
2026-10-08T15:23:54.0899809Z       |                                                 uint64_t {aka long unsigned int}
2026-10-08T15:23:54.0901915Z src/solver/Solver.cc:3825:120: warning: format ‘%llu’ expects argument of type ‘long long unsigned int’, but argument 8 has type ‘uint64_t’ {aka ‘long unsigned int’} [-Wformat=]
2026-10-08T15:23:54.0904134Z  3825 |               printf("c nbHardens %d (fixed %llu), shorten: %llu, prunedLB %4.2f, dev %4.2f, succRate %4.2f, nbSucc %llu, lk: %llu, shorten: %llu, quasiC: %llu (fixed: %llu)\n\n",
2026-10-08T15:23:54.0905738Z       |                                                                                                                     ~~~^
2026-10-08T15:23:54.0906825Z       |                                                                                                                        |
2026-10-08T15:23:54.0907811Z       |                                                                                                                        long long unsigned int
2026-10-08T15:23:54.0909083Z       |                                                                                                                     %lu
2026-10-08T15:23:54.0910975Z  3826 |                      nbHardens, fixedByHardens, nbSavedLits, meanLB, dev, succRate, nbLKsuccess-savednbLKsuccess, LOOKAHEAD-savedLOOKAHEAD, nbSavedLits, quasiSoftConflicts, fixedByQuasiConfl);
2026-10-08T15:23:54.0912542Z       |                                                                                     ~~~~~~~~~~~~~~~~~~~~~~~~~~~~        
2026-10-08T15:23:54.0913306Z       |                                                                                                |
2026-10-08T15:23:54.0914079Z       |                                                                                                uint64_t {aka long unsigned int}
2026-10-08T15:23:54.0915927Z src/solver/Solver.cc:3825:130: warning: format ‘%llu’ expects argument of type ‘long long unsigned int’, but argument 9 has type ‘uint64_t’ {aka ‘long unsigned int’} [-Wformat=]
2026-10-08T15:23:54.0917986Z  3825 |               printf("c nbHardens %d (fixed %llu), shorten: %llu, prunedLB %4.2f, dev %4.2f, succRate %4.2f, nbSucc %llu, lk: %llu, shorten: %llu, quasiC: %llu (fixed: %llu)\n\n",
2026-10-08T15:23:54.0919429Z       |                                                                                                                               ~~~^
2026-10-08T15:23:54.0920652Z       |                                                                                                                                  |
2026-10-08T15:23:54.0921625Z       |                                                                                                                                  long long unsigned int
2026-10-08T15:23:54.0922546Z       |                                                                                                                               %lu
2026-10-08T15:23:54.0924173Z  3826 |                      nbHardens, fixedByHardens, nbSavedLits, meanLB, dev, succRate, nbLKsuccess-savednbLKsuccess, LOOKAHEAD-savedLOOKAHEAD, nbSavedLits, quasiSoftConflicts, fixedByQuasiConfl);
2026-10-08T15:23:54.0925839Z       |                                                                                                                   ~~~~~~~~~~~~~~~~~~~~~~~~
2026-10-08T15:23:54.0926744Z       |                                                                                                                            |
2026-10-08T15:23:54.0927967Z       |                                                                                                                            uint64_t {aka long unsigned int}
2026-10-08T15:23:54.0929935Z src/solver/Solver.cc:3825:145: warning: format ‘%llu’ expects argument of type ‘long long unsigned int’, but argument 10 has type ‘uint64_t’ {aka ‘long unsigned int’} [-Wformat=]
2026-10-08T15:23:54.0932299Z  3825 |               printf("c nbHardens %d (fixed %llu), shorten: %llu, prunedLB %4.2f, dev %4.2f, succRate %4.2f, nbSucc %llu, lk: %llu, shorten: %llu, quasiC: %llu (fixed: %llu)\n\n",
2026-10-08T15:23:54.0933766Z       |                                                                                                                                              ~~~^
2026-10-08T15:23:54.0934739Z       |                                                                                                                                                 |
2026-10-08T15:23:54.0935803Z       |                                                                                                                                                 long long unsigned int
2026-10-08T15:23:54.0936737Z       |                                                                                                                                              %lu
2026-10-08T15:23:54.0938281Z  3826 |                      nbHardens, fixedByHardens, nbSavedLits, meanLB, dev, succRate, nbLKsuccess-savednbLKsuccess, LOOKAHEAD-savedLOOKAHEAD, nbSavedLits, quasiSoftConflicts, fixedByQuasiConfl);
2026-10-08T15:23:54.0940504Z       |                                                                                                                                             ~~~~~~~~~~~
2026-10-08T15:23:54.0941462Z       |                                                                                                                                             |
2026-10-08T15:23:54.0942473Z       |                                                                                                                                             uint64_t {aka long unsigned int}
2026-10-08T15:23:54.0944284Z src/solver/Solver.cc:3825:159: warning: format ‘%llu’ expects argument of type ‘long long unsigned int’, but argument 11 has type ‘uint64_t’ {aka ‘long unsigned int’} [-Wformat=]
2026-10-08T15:23:54.0946195Z  3825 |               printf("c nbHardens %d (fixed %llu), shorten: %llu, prunedLB %4.2f, dev %4.2f, succRate %4.2f, nbSucc %llu, lk: %llu, shorten: %llu, quasiC: %llu (fixed: %llu)\n\n",
2026-10-08T15:23:54.0947694Z       |                                                                                                                                                            ~~~^
2026-10-08T15:23:54.0948690Z       |                                                                                                                                                               |
2026-10-08T15:23:54.0949672Z       |                                                                                                                                                               long long unsigned int
2026-10-08T15:23:54.0951025Z       |                                                                                                                                                            %lu
2026-10-08T15:23:54.0952728Z  3826 |                      nbHardens, fixedByHardens, nbSavedLits, meanLB, dev, succRate, nbLKsuccess-savednbLKsuccess, LOOKAHEAD-savedLOOKAHEAD, nbSavedLits, quasiSoftConflicts, fixedByQuasiConfl);
2026-10-08T15:23:54.0954506Z       |                                                                                                                                                          ~~~~~~~~~~~~~~~~~~
2026-10-08T15:23:54.0955537Z       |                                                                                                                                                          |
2026-10-08T15:23:54.0956959Z       |                                                                                                                                                          uint64_t {aka long unsigned int}
2026-10-08T15:23:54.0958965Z src/solver/Solver.cc:3825:172: warning: format ‘%llu’ expects argument of type ‘long long unsigned int’, but argument 12 has type ‘uint64_t’ {aka ‘long unsigned int’} [-Wformat=]
2026-10-08T15:23:54.0961291Z  3825 |               printf("c nbHardens %d (fixed %llu), shorten: %llu, prunedLB %4.2f, dev %4.2f, succRate %4.2f, nbSucc %llu, lk: %llu, shorten: %llu, quasiC: %llu (fixed: %llu)\n\n",
2026-10-08T15:23:54.0962767Z       |                                                                                                                                                                         ~~~^
2026-10-08T15:23:54.0963797Z       |                                                                                                                                                                            |
2026-10-08T15:23:54.0964814Z       |                                                                                                                                                                            long long unsigned int
2026-10-08T15:23:54.0965813Z       |                                                                                                                                                                         %lu
2026-10-08T15:23:54.0967407Z  3826 |                      nbHardens, fixedByHardens, nbSavedLits, meanLB, dev, succRate, nbLKsuccess-savednbLKsuccess, LOOKAHEAD-savedLOOKAHEAD, nbSavedLits, quasiSoftConflicts, fixedByQuasiConfl);
2026-10-08T15:23:54.0969258Z       |                                                                                                                                                                              ~~~~~~~~~~~~~~~~~
2026-10-08T15:23:54.0970520Z       |                                                                                                                                                                              |
2026-10-08T15:23:54.0971603Z       |                                                                                                                                                                              uint64_t {aka long unsigned int}
2026-10-08T15:23:54.0972999Z src/solver/Solver.cc: In member function ‘Minisat::CRef Minisat::Solver::propagateForLK()’:
2026-10-08T15:23:54.0974688Z src/solver/Solver.cc:3984:27: warning: comparison of integer expressions of different signedness: ‘unsigned int’ and ‘int’ [-Wsign-compare]
2026-10-08T15:23:54.0975792Z  3984 |         if (c.lastPoint() > c.size())
2026-10-08T15:23:54.0976286Z       |             ~~~~~~~~~~~~~~^~~~~~~~~~
2026-10-08T15:23:54.0977509Z src/solver/Solver.cc:4003:27: warning: comparison of integer expressions of different signedness: ‘int’ and ‘unsigned int’ [-Wsign-compare]
2026-10-08T15:23:54.0978623Z  4003 |         for (int k = 2; k < c.lastPoint(); k++) {
2026-10-08T15:23:54.0979170Z       |                         ~~^~~~~~~~~~~~~~~
2026-10-08T15:23:54.0979677Z In file included from src/solver/mtl/Sort.h:24,
2026-10-08T15:23:54.0980411Z                  from src/solver/SimpSolver.cc:33:
2026-10-08T15:23:54.0981560Z src/solver/mtl/Vec.h: In instantiation of ‘void Minisat::vec<T>::capacity(int) [with T = Minisat::vec<unsigned int>]’:
2026-10-08T15:23:54.0983068Z src/solver/mtl/Vec.h:115:13:   required from ‘void Minisat::vec<T>::growTo(int) [with T = Minisat::vec<unsigned int>]’
2026-10-08T15:23:54.0985290Z src/solver/SolverTypes.h:339:50:   required from ‘void Minisat::OccLists<Idx, Vec, Deleted>::init(const Idx&) [with Idx = int; Vec = Minisat::vec<unsigned int>; Deleted = Minisat::SimpSolver::ClauseDeleted]’
2026-10-08T15:23:54.0986809Z src/solver/SimpSolver.cc:98:24:   required from here
2026-10-08T15:23:54.0988942Z src/solver/mtl/Vec.h:99:54: warning: ‘void* realloc(void*, size_t)’ moving an object of non-trivially copyable type ‘class Minisat::vec<unsigned int>’; use ‘new’ and ‘delete’ instead [-Wclass-memaccess]
2026-10-08T15:23:54.0991047Z    99 |     if (add > INT_MAX - cap || ((data = (T*)::realloc(data, (cap += add) * sizeof(T))) == NULL) && errno == ENOMEM)
2026-10-08T15:23:54.0991969Z       |                                             ~~~~~~~~~^~~~~~~~~~~~~~~~~~~~~~~~~~~~~~~~
2026-10-08T15:23:54.0993059Z src/solver/mtl/Vec.h:38:7: note: ‘class Minisat::vec<unsigned int>’ declared here
2026-10-08T15:23:54.0993774Z    38 | class vec {
2026-10-08T15:23:54.0994113Z       |       ^~~
2026-10-08T15:23:54.0995389Z src/solver/Solver.cc: In member function ‘void Minisat::Solver::analyzeQuasiSoftConflict(Minisat::vec<Minisat::Lit>&, int&, int&)’:
2026-10-08T15:23:54.0997552Z src/solver/Solver.cc:4502:26: warning: comparison of integer expressions of different signedness: ‘int’ and ‘uint64_t’ {aka ‘long unsigned int’} [-Wsign-compare]
2026-10-08T15:23:54.0998819Z  4502 |     if (falseLits.size() > UB) {
2026-10-08T15:23:54.0999292Z       |         ~~~~~~~~~~~~~~~~~^~~~
2026-10-08T15:23:54.1000475Z src/solver/Solver.cc: In member function ‘bool Minisat::Solver::lookahead()’:
2026-10-08T15:23:54.1002167Z src/solver/Solver.cc:4843:17: warning: comparison of integer expressions of different signedness: ‘uint64_t’ {aka ‘long unsigned int’} and ‘int’ [-Wsign-compare]
2026-10-08T15:23:54.1003447Z  4843 |   if (conflicts > prevConflicts) {
2026-10-08T15:23:54.1003952Z       |       ~~~~~~~~~~^~~~~~~~~~~~~~~
2026-10-08T15:23:54.1013445Z src/solver/Solver.cc: In member function ‘void Minisat::Solver::addHardClausesForSoftClauses()’:
2026-10-08T15:23:54.1015924Z src/solver/Solver.cc:5088:70: warning: format ‘%llu’ expects argument of type ‘long long unsigned int’, but argument 5 has type ‘uint64_t’ {aka ‘long unsigned int’} [-Wformat=]
2026-10-08T15:23:54.1017800Z  5088 |   printf("c nb soft clauses: %d, of which %d unit, %d nonUnit and %llu empty\n",
2026-10-08T15:23:54.1018920Z       |                                                                   ~~~^
2026-10-08T15:23:54.1019820Z       |                                                                      |
2026-10-08T15:23:54.1021080Z       |                                                                      long long unsigned int
2026-10-08T15:23:54.1022017Z       |                                                                   %lu
2026-10-08T15:23:54.1023028Z  5089 |          softClauses.size(), nbUnitSoft, nbNonUnitSoft, solutionCost);
2026-10-08T15:23:54.1024027Z       |                                                         ~~~~~~~~~~~~  
2026-10-08T15:23:54.1024816Z       |                                                         |
2026-10-08T15:23:54.1025684Z       |                                                         uint64_t {aka long unsigned int}
2026-10-08T15:23:54.1045429Z src/solver/Solver.cc: In member function ‘void Minisat::Solver::printBestSolution() const’:
2026-10-08T15:23:54.1047553Z src/solver/Solver.cc:5239:49: warning: format ‘%llu’ expects argument of type ‘long long unsigned int’, but argument 2 has type ‘long unsigned int’ [-Wformat=]
2026-10-08T15:23:54.1049201Z  5239 |     printf("c   unsat soft clauses (search): %llu\n", bestSup);
2026-10-08T15:23:54.1050121Z       |                                              ~~~^     ~~~~~~~
2026-10-08T15:23:54.1051227Z       |                                                 |     |
2026-10-08T15:23:54.1052083Z       |                                                 |     long unsigned int
2026-10-08T15:23:54.1052986Z       |                                                 long long unsigned int
2026-10-08T15:23:54.1053886Z       |                                              %lu
2026-10-08T15:23:54.1055798Z src/solver/Solver.cc:5240:53: warning: format ‘%llu’ expects argument of type ‘long long unsigned int’, but argument 2 has type ‘uint64_t’ {aka ‘long unsigned int’} [-Wformat=]
2026-10-08T15:23:54.1057614Z  5240 |     printf("c   satisfied soft clauses (maxsat): %llu\n", maxsat);
2026-10-08T15:23:54.1058836Z       |                                                  ~~~^     ~~~~~~
2026-10-08T15:23:54.1059723Z       |                                                     |     |
2026-10-08T15:23:54.1060970Z       |                                                     |     uint64_t {aka long unsigned int}
2026-10-08T15:23:54.1061960Z       |                                                     long long unsigned int
2026-10-08T15:23:54.1062862Z       |                                                  %lu
2026-10-08T15:23:54.1064744Z src/solver/Solver.cc:5241:39: warning: format ‘%llu’ expects argument of type ‘long long unsigned int’, but argument 2 has type ‘uint64_t’ {aka ‘long unsigned int’} [-Wformat=]
2026-10-08T15:23:54.1066522Z  5241 |     printf("c   total weight cost: %llu\n", optimal);
2026-10-08T15:23:54.1067393Z       |                                    ~~~^     ~~~~~~~
2026-10-08T15:23:54.1068150Z       |                                       |     |
2026-10-08T15:23:54.1068978Z       |                                       |     uint64_t {aka long unsigned int}
2026-10-08T15:23:54.1069982Z       |                                       long long unsigned int
2026-10-08T15:23:54.1071079Z       |                                    %lu
2026-10-08T15:23:54.1072301Z src/solver/Solver.cc: In member function ‘void Minisat::Solver::checkSolution()’:
2026-10-08T15:23:54.1074387Z src/solver/Solver.cc:5257:15: warning: comparison of integer expressions of different signedness: ‘int’ and ‘uint64_t’ {aka ‘long unsigned int’} [-Wsign-compare]
2026-10-08T15:23:54.1076252Z  5257 |   if (nbFalse != falseLits.size()+fixedCostBySearch + relaxedCost)
2026-10-08T15:23:54.1077636Z       |       ~~~~~~~~^~~~~~~~~~~~~~~~~~~~~~~~~~~~~~~~~~~~~~~~~~~~~~~~~~~
2026-10-08T15:23:54.1079632Z src/solver/Solver.cc:5258:92: warning: format ‘%llu’ expects argument of type ‘long long unsigned int’, but argument 3 has type ‘uint64_t’ {aka ‘long unsigned int’} [-Wformat=]
2026-10-08T15:23:54.1081879Z  5258 |     printf("c **** error nb of false soft clauses real nbfalse: %d, recorded falseLits: %llu****\n",
2026-10-08T15:23:54.1083161Z       |                                                                                         ~~~^
2026-10-08T15:23:54.1084122Z       |                                                                                            |
2026-10-08T15:23:54.1085127Z       |                                                                                            long long unsigned int
2026-10-08T15:23:54.1086064Z       |                                                                                         %lu
2026-10-08T15:23:54.1087070Z  5259 |            nbFalse, falseLits.size()+fixedCostBySearch+relaxedCost);
2026-10-08T15:23:54.1088133Z       |                     ~~~~~~~~~~~~~~~~~~~~~~~~~~~~~~~~~~~~~~~~~~~~~~                          
2026-10-08T15:23:54.1089028Z       |                                                       |
2026-10-08T15:23:54.1089861Z       |                                                       uint64_t {aka long unsigned int}
2026-10-08T15:23:54.1091542Z src/solver/Solver.cc: In member function ‘void Minisat::Solver::partition()’:
2026-10-08T15:23:54.1093372Z src/solver/Solver.cc:5379:31: warning: comparison of integer expressions of different signedness: ‘unsigned int’ and ‘int’ [-Wsign-compare]
2026-10-08T15:23:54.1094847Z  5379 |         if (conflicted[var(q)]==iset.size()) {
2026-10-08T15:23:54.1096451Z src/solver/Solver.cc:5389:32: warning: comparison of integer expressions of different signedness: ‘unsigned int’ and ‘int’ [-Wsign-compare]
2026-10-08T15:23:54.1097908Z  5389 |         if (conflicted[var(q)] < iset.size())
2026-10-08T15:23:54.1098952Z src/solver/Solver.cc:5448:50: warning: comparison of integer expressions of different signedness: ‘unsigned int’ and ‘int’ [-Wsign-compare]
2026-10-08T15:23:54.1099805Z  5448 |         if (q != lit_Undef && conflicted[var(q)] == iset.size()) {
2026-10-08T15:23:54.1132501Z src/solver/Solver.cc:5513:38: warning: format ‘%llu’ expects argument of type ‘long long unsigned int’, but argument 3 has type ‘uint64_t’ {aka ‘long unsigned int’} [-Wformat=]
2026-10-08T15:23:54.1136239Z  5513 |   printf("c isets %d, derivedCost %llu\n", nbIsets, derivedCost);
2026-10-08T15:23:54.1136978Z       |                                   ~~~^              ~~~~~~~~~~~
2026-10-08T15:23:54.1137554Z       |                                      |              |
2026-10-08T15:23:54.1138173Z       |                                      |              uint64_t {aka long unsigned int}
2026-10-08T15:23:54.1138836Z       |                                      long long unsigned int
2026-10-08T15:23:54.1139405Z       |                                   %lu
2026-10-08T15:23:54.1153937Z src/solver/Solver.cc: In member function ‘Minisat::CRef Minisat::Solver::simplepropagateForLK()’:
2026-10-08T15:23:54.1162240Z src/solver/Solver.cc:5660:27: warning: comparison of integer expressions of different signedness: ‘unsigned int’ and ‘int’ [-Wsign-compare]
2026-10-08T15:23:54.1163629Z  5660 |         if (c.lastPoint() > c.size())
2026-10-08T15:23:54.1164370Z       |             ~~~~~~~~~~~~~~^~~~~~~~~~
2026-10-08T15:23:54.1165883Z src/solver/Solver.cc:5674:27: warning: comparison of integer expressions of different signedness: ‘int’ and ‘unsigned int’ [-Wsign-compare]
2026-10-08T15:23:54.1167246Z  5674 |         for (int k = 2; k < c.lastPoint(); k++) {
2026-10-08T15:23:54.1167929Z       |                         ~~^~~~~~~~~~~~~~~
2026-10-08T15:23:54.1261666Z src/solver/Solver.cc: In member function ‘void Minisat::Solver::addCardinalityConstraints()’:
2026-10-08T15:23:54.1262845Z src/solver/Solver.cc:6204:64: warning: format ‘%llu’ expects argument of type ‘long long unsigned int’, but argument 2 has type ‘uint64_t’ {aka ‘long unsigned int’} [-Wformat=]
2026-10-08T15:23:54.1264086Z  6204 |       printf("\nc Cardinality: off (soft-conflict only), UB %llu\n", UB);
2026-10-08T15:23:54.1264511Z       |                                                             ~~~^     ~~
2026-10-08T15:23:54.1264869Z       |                                                                |     |
2026-10-08T15:23:54.1265262Z       |                                                                |     uint64_t {aka long unsigned int}
2026-10-08T15:23:54.1265679Z       |                                                                long long unsigned int
2026-10-08T15:23:54.1266355Z       |                                                             %lu
2026-10-08T15:23:54.1267942Z src/solver/Solver.cc:6234:82: warning: comparison of integer expressions of different signedness: ‘int’ and ‘uint64_t’ {aka ‘long unsigned int’} [-Wsign-compare]
2026-10-08T15:23:54.1269243Z  6234 |   if (activeSoftLits.size() < 2 || UB - 1 - nbFalse < 1 || activeSoftLits.size() <= UB - 1 - nbFalse
2026-10-08T15:23:54.1270423Z       |                                                            ~~~~~~~~~~~~~~~~~~~~~~^~~~~~~~~~~~~~~~~~~
2026-10-08T15:23:54.1273195Z src/solver/Solver.cc:6253:46: warning: format ‘%llu’ expects argument of type ‘long long unsigned int’, but argument 4 has type ‘uint64_t’ {aka ‘long unsigned int’} [-Wformat=]
2026-10-08T15:23:54.1274052Z  6253 |   printf("\nc Cardinality: %d (%s) for UB %llu\n", cardinalityC.size(), enc, UB);
2026-10-08T15:23:54.1274502Z       |                                           ~~~^                               ~~
2026-10-08T15:23:54.1274863Z       |                                              |                               |
2026-10-08T15:23:54.1275306Z       |                                              long long unsigned int          uint64_t {aka long unsigned int}
2026-10-08T15:23:54.1275723Z       |                                           %lu
2026-10-08T15:23:54.1335990Z src/solver/Solver.cc: In member function ‘Minisat::lbool Minisat::Solver::solve_()’:
2026-10-08T15:23:54.1337032Z src/solver/Solver.cc:6602:79: warning: format ‘%llu’ expects argument of type ‘long long unsigned int’, but argument 5 has type ‘uint64_t’ {aka ‘long unsigned int’} [-Wformat=]
2026-10-08T15:23:54.1338195Z  6602 |     printf("c fixedCost %d, nbSatLits %d, totalFixedVars %d, objForSearch: %llu\n\n",
2026-10-08T15:23:54.1338691Z       |                                                                            ~~~^
2026-10-08T15:23:54.1339046Z       |                                                                               |
2026-10-08T15:23:54.1339430Z       |                                                                               long long unsigned int
2026-10-08T15:23:54.1339826Z       |                                                                            %lu
2026-10-08T15:23:54.1340585Z  6603 |                 fixedCost, nbSatLits, trail.size(), objForSearch);
2026-10-08T15:23:54.1341133Z       |                                                     ~~~~~~~~~~~~               
2026-10-08T15:23:54.1341466Z       |                                                     |
2026-10-08T15:23:54.1341806Z       |                                                     uint64_t {aka long unsigned int}
2026-10-08T15:23:54.1347968Z src/solver/Solver.cc:6631:35: warning: format ‘%llu’ expects argument of type ‘long long unsigned int’, but argument 2 has type ‘uint64_t’ {aka ‘long unsigned int’} [-Wformat=]
2026-10-08T15:23:54.1348899Z  6631 |         printf("c provided UB: %llu\n", providedUB);
2026-10-08T15:23:54.1349419Z       |                                ~~~^     ~~~~~~~~~~
2026-10-08T15:23:54.1349801Z       |                                   |     |
2026-10-08T15:23:54.1350122Z       |                                   |     uint64_t {aka long unsigned int}
2026-10-08T15:23:54.1350746Z       |                                   long long unsigned int
2026-10-08T15:23:54.1351274Z       |                                %lu
2026-10-08T15:23:54.1352144Z src/solver/Solver.cc:6634:54: warning: format ‘%llu’ expects argument of type ‘long long unsigned int’, but argument 2 has type ‘uint64_t’ {aka ‘long unsigned int’} [-Wformat=]
2026-10-08T15:23:54.1353376Z  6634 |         printf("c provided UB is invalide: initUB %llu, solCost %llu, costbySearch %llu, derivedCost %llu, relaxedCost: %llu\n", initUB, solutionCost, fixedCostBySearch, derivedCost, relaxedCost);
2026-10-08T15:23:54.1354260Z       |                                                   ~~~^                                                                           ~~~~~~
2026-10-08T15:23:54.1354750Z       |                                                      |                                                                           |
2026-10-08T15:23:54.1355328Z       |                                                      long long unsigned int                                                      uint64_t {aka long unsigned int}
2026-10-08T15:23:54.1355824Z       |                                                   %lu
2026-10-08T15:23:54.1356657Z src/solver/Solver.cc:6634:68: warning: format ‘%llu’ expects argument of type ‘long long unsigned int’, but argument 3 has type ‘uint64_t’ {aka ‘long unsigned int’} [-Wformat=]
2026-10-08T15:23:54.1357841Z  6634 |         printf("c provided UB is invalide: initUB %llu, solCost %llu, costbySearch %llu, derivedCost %llu, relaxedCost: %llu\n", initUB, solutionCost, fixedCostBySearch, derivedCost, relaxedCost);
2026-10-08T15:23:54.1358983Z       |                                                                 ~~~^                                                                     ~~~~~~~~~~~~
2026-10-08T15:23:54.1359535Z       |                                                                    |                                                                     |
2026-10-08T15:23:54.1360123Z       |                                                                    long long unsigned int                                                uint64_t {aka long unsigned int}
2026-10-08T15:23:54.1360887Z       |                                                                 %lu
2026-10-08T15:23:54.1362506Z src/solver/Solver.cc:6634:87: warning: format ‘%llu’ expects argument of type ‘long long unsigned int’, but argument 4 has type ‘uint64_t’ {aka ‘long unsigned int’} [-Wformat=]
2026-10-08T15:23:54.1365010Z  6634 |         printf("c provided UB is invalide: initUB %llu, solCost %llu, costbySearch %llu, derivedCost %llu, relaxedCost: %llu\n", initUB, solutionCost, fixedCostBySearch, derivedCost, relaxedCost);
2026-10-08T15:23:54.1366301Z       |                                                                                    ~~~^                                                                ~~~~~~~~~~~~~~~~~
2026-10-08T15:23:54.1367232Z       |                                                                                       |                                                                |
2026-10-08T15:23:54.1368333Z       |                                                                                       long long unsigned int                                           uint64_t {aka long unsigned int}
2026-10-08T15:23:54.1369139Z       |                                                                                    %lu
2026-10-08T15:23:54.1371266Z src/solver/Solver.cc:6634:105: warning: format ‘%llu’ expects argument of type ‘long long unsigned int’, but argument 5 has type ‘uint64_t’ {aka ‘long unsigned int’} [-Wformat=]
2026-10-08T15:23:54.1373016Z  6634 |         printf("c provided UB is invalide: initUB %llu, solCost %llu, costbySearch %llu, derivedCost %llu, relaxedCost: %llu\n", initUB, solutionCost, fixedCostBySearch, derivedCost, relaxedCost);
2026-10-08T15:23:54.1374054Z       |                                                                                                      ~~~^                                                                 ~~~~~~~~~~~
2026-10-08T15:23:54.1374856Z       |                                                                                                         |                                                                 |
2026-10-08T15:23:54.1375539Z       |                                                                                                         long long unsigned int                                            uint64_t {aka long unsigned int}
2026-10-08T15:23:54.1376132Z       |                                                                                                      %lu
2026-10-08T15:23:54.1377072Z src/solver/Solver.cc:6634:124: warning: format ‘%llu’ expects argument of type ‘long long unsigned int’, but argument 6 has type ‘uint64_t’ {aka ‘long unsigned int’} [-Wformat=]
2026-10-08T15:23:54.1378287Z  6634 |         printf("c provided UB is invalide: initUB %llu, solCost %llu, costbySearch %llu, derivedCost %llu, relaxedCost: %llu\n", initUB, solutionCost, fixedCostBySearch, derivedCost, relaxedCost);
2026-10-08T15:23:54.1379244Z       |                                                                                                                         ~~~^                                                           ~~~~~~~~~~~
2026-10-08T15:23:54.1379869Z       |                                                                                                                            |                                                           |
2026-10-08T15:23:54.1381127Z       |                                                                                                                            long long unsigned int                                      uint64_t {aka long unsigned int}
2026-10-08T15:23:54.1382251Z       |                                                                                                                         %lu
2026-10-08T15:23:54.1383428Z src/solver/Solver.cc:6656:58: warning: format ‘%llu’ expects argument of type ‘long long unsigned int’, but argument 2 has type ‘uint64_t’ {aka ‘long unsigned int’} [-Wformat=]
2026-10-08T15:23:54.1384313Z  6656 |       printf("c ends of initiationization by VSIDS at %llu conflicts with init %d\n\n",
2026-10-08T15:23:54.1384776Z       |                                                       ~~~^
2026-10-08T15:23:54.1385202Z       |                                                          |
2026-10-08T15:23:54.1385713Z       |                                                          long long unsigned int
2026-10-08T15:23:54.1386071Z       |                                                       %lu
2026-10-08T15:23:54.1386418Z  6657 |              conflicts, init);
2026-10-08T15:23:54.1386772Z       |              ~~~~~~~~~                                    
2026-10-08T15:23:54.1387055Z       |              |
2026-10-08T15:23:54.1387297Z       |              uint64_t {aka long unsigned int}
2026-10-08T15:23:54.1388277Z src/solver/Solver.cc:6686:50: warning: format ‘%llu’ expects argument of type ‘long long unsigned int’, but argument 3 has type ‘uint64_t’ {aka ‘long unsigned int’} [-Wformat=]
2026-10-08T15:23:54.1389123Z  6686 |           printf("c VSIDS phase %d: conflicts %llu, phase %llu, starts %llu, UP %llu\n",
2026-10-08T15:23:54.1389661Z       |                                               ~~~^
2026-10-08T15:23:54.1389955Z       |                                                  |
2026-10-08T15:23:54.1390503Z       |                                                  long long unsigned int
2026-10-08T15:23:54.1390845Z       |                                               %lu
2026-10-08T15:23:54.1391213Z  6687 |                  nbVSIDSphase, conflicts-savedConfl, phase_allotment,
2026-10-08T15:23:54.1391718Z       |                                ~~~~~~~~~~~~~~~~~~~~
2026-10-08T15:23:54.1392007Z       |                                         |
2026-10-08T15:23:54.1392316Z       |                                         uint64_t {aka long unsigned int}
2026-10-08T15:23:54.1393196Z src/solver/Solver.cc:6686:62: warning: format ‘%llu’ expects argument of type ‘long long unsigned int’, but argument 4 has type ‘uint64_t’ {aka ‘long unsigned int’} [-Wformat=]
2026-10-08T15:23:54.1394317Z  6686 |           printf("c VSIDS phase %d: conflicts %llu, phase %llu, starts %llu, UP %llu\n",
2026-10-08T15:23:54.1395114Z       |                                                           ~~~^
2026-10-08T15:23:54.1395721Z       |                                                              |
2026-10-08T15:23:54.1396346Z       |                                                              long long unsigned int
2026-10-08T15:23:54.1396800Z       |                                                           %lu
2026-10-08T15:23:54.1397183Z  6687 |                  nbVSIDSphase, conflicts-savedConfl, phase_allotment,
2026-10-08T15:23:54.1397566Z       |                                                      ~~~~~~~~~~~~~~~
2026-10-08T15:23:54.1397880Z       |                                                      |
2026-10-08T15:23:54.1398236Z       |                                                      uint64_t {aka long unsigned int}
2026-10-08T15:23:54.1399349Z src/solver/Solver.cc:6686:75: warning: format ‘%llu’ expects argument of type ‘long long unsigned int’, but argument 5 has type ‘uint64_t’ {aka ‘long unsigned int’} [-Wformat=]
2026-10-08T15:23:54.1400803Z  6686 |           printf("c VSIDS phase %d: conflicts %llu, phase %llu, starts %llu, UP %llu\n",
2026-10-08T15:23:54.1401302Z       |                                                                        ~~~^
2026-10-08T15:23:54.1401765Z       |                                                                           |
2026-10-08T15:23:54.1402145Z       |                                                                           long long unsigned int
2026-10-08T15:23:54.1402606Z       |                                                                        %lu
2026-10-08T15:23:54.1403031Z  6687 |                  nbVSIDSphase, conflicts-savedConfl, phase_allotment,
2026-10-08T15:23:54.1403461Z  6688 |                  starts-savedRestarts, propagations-savedUP);
2026-10-08T15:23:54.1403839Z       |                  ~~~~~~~~~~~~~~~~~~~~                                      
2026-10-08T15:23:54.1404162Z       |                        |
2026-10-08T15:23:54.1404430Z       |                        uint64_t {aka long unsigned int}
2026-10-08T15:23:54.1405489Z src/solver/Solver.cc:6686:84: warning: format ‘%llu’ expects argument of type ‘long long unsigned int’, but argument 6 has type ‘uint64_t’ {aka ‘long unsigned int’} [-Wformat=]
2026-10-08T15:23:54.1406415Z  6686 |           printf("c VSIDS phase %d: conflicts %llu, phase %llu, starts %llu, UP %llu\n",
2026-10-08T15:23:54.1406917Z       |                                                                                 ~~~^
2026-10-08T15:23:54.1407280Z       |                                                                                    |
2026-10-08T15:23:54.1407672Z       |                                                                                    long long unsigned int
2026-10-08T15:23:54.1408078Z       |                                                                                 %lu
2026-10-08T15:23:54.1408488Z  6687 |                  nbVSIDSphase, conflicts-savedConfl, phase_allotment,
2026-10-08T15:23:54.1409026Z  6688 |                  starts-savedRestarts, propagations-savedUP);
2026-10-08T15:23:54.1409436Z       |                                        ~~~~~~~~~~~~~~~~~~~~                         
2026-10-08T15:23:54.1409779Z       |                                                    |
2026-10-08T15:23:54.1410473Z       |                                                    uint64_t {aka long unsigned int}
2026-10-08T15:23:54.1412095Z src/solver/Solver.cc:6692:48: warning: format ‘%llu’ expects argument of type ‘long long unsigned int’, but argument 3 has type ‘uint64_t’ {aka ‘long unsigned int’} [-Wformat=]
2026-10-08T15:23:54.1412983Z  6692 |           printf("c LRB phase %d: conflicts %llu, phase %llu, starts %llu, UP %llu\n",
2026-10-08T15:23:54.1413605Z       |                                             ~~~^
2026-10-08T15:23:54.1413893Z       |                                                |
2026-10-08T15:23:54.1414213Z       |                                                long long unsigned int
2026-10-08T15:23:54.1414543Z       |                                             %lu
2026-10-08T15:23:54.1414910Z  6693 |                  nbLRBphase, conflicts-savedConfl, phase_allotment,
2026-10-08T15:23:54.1415524Z       |                              ~~~~~~~~~~~~~~~~~~~~
2026-10-08T15:23:54.1416001Z       |                                       |
2026-10-08T15:23:54.1416425Z       |                                       uint64_t {aka long unsigned int}
2026-10-08T15:23:54.1417317Z src/solver/Solver.cc:6692:60: warning: format ‘%llu’ expects argument of type ‘long long unsigned int’, but argument 4 has type ‘uint64_t’ {aka ‘long unsigned int’} [-Wformat=]
2026-10-08T15:23:54.1418647Z  6692 |           printf("c LRB phase %d: conflicts %llu, phase %llu, starts %llu, UP %llu\n",
2026-10-08T15:23:54.1419140Z       |                                                         ~~~^
2026-10-08T15:23:54.1419665Z       |                                                            |
2026-10-08T15:23:54.1420433Z       |                                                            long long unsigned int
2026-10-08T15:23:54.1420890Z       |                                                         %lu
2026-10-08T15:23:54.1421265Z  6693 |                  nbLRBphase, conflicts-savedConfl, phase_allotment,
2026-10-08T15:23:54.1421955Z       |                                                    ~~~~~~~~~~~~~~~
2026-10-08T15:23:54.1422486Z       |                                                    |
2026-10-08T15:23:54.1422942Z       |                                                    uint64_t {aka long unsigned int}
2026-10-08T15:23:54.1424616Z src/solver/Solver.cc:6692:73: warning: format ‘%llu’ expects argument of type ‘long long unsigned int’, but argument 5 has type ‘uint64_t’ {aka ‘long unsigned int’} [-Wformat=]
2026-10-08T15:23:54.1426147Z  6692 |           printf("c LRB phase %d: conflicts %llu, phase %llu, starts %llu, UP %llu\n",
2026-10-08T15:23:54.1426912Z       |                                                                      ~~~^
2026-10-08T15:23:54.1427487Z       |                                                                         |
2026-10-08T15:23:54.1428166Z       |                                                                         long long unsigned int
2026-10-08T15:23:54.1428580Z       |                                                                      %lu
2026-10-08T15:23:54.1428967Z  6693 |                  nbLRBphase, conflicts-savedConfl, phase_allotment,
2026-10-08T15:23:54.1429390Z  6694 |                  starts-savedRestarts, propagations-savedUP);
2026-10-08T15:23:54.1429770Z       |                  ~~~~~~~~~~~~~~~~~~~~                                    
2026-10-08T15:23:54.1430476Z       |                        |
2026-10-08T15:23:54.1430851Z       |                        uint64_t {aka long unsigned int}
2026-10-08T15:23:54.1431755Z src/solver/Solver.cc:6692:82: warning: format ‘%llu’ expects argument of type ‘long long unsigned int’, but argument 6 has type ‘uint64_t’ {aka ‘long unsigned int’} [-Wformat=]
2026-10-08T15:23:54.1432704Z  6692 |           printf("c LRB phase %d: conflicts %llu, phase %llu, starts %llu, UP %llu\n",
2026-10-08T15:23:54.1433171Z       |                                                                               ~~~^
2026-10-08T15:23:54.1433529Z       |                                                                                  |
2026-10-08T15:23:54.1433929Z       |                                                                                  long long unsigned int
2026-10-08T15:23:54.1434321Z       |                                                                               %lu
2026-10-08T15:23:54.1434720Z  6693 |                  nbLRBphase, conflicts-savedConfl, phase_allotment,
2026-10-08T15:23:54.1435145Z  6694 |                  starts-savedRestarts, propagations-savedUP);
2026-10-08T15:23:54.1435651Z       |                                        ~~~~~~~~~~~~~~~~~~~~                       
2026-10-08T15:23:54.1436243Z       |                                                    |
2026-10-08T15:23:54.1436847Z       |                                                    uint64_t {aka long unsigned int}
2026-10-08T15:23:54.1437789Z src/solver/Solver.cc:6739:25: warning: format ‘%llu’ expects argument of type ‘long long unsigned int’, but argument 2 has type ‘uint64_t’ {aka ‘long unsigned int’} [-Wformat=]
2026-10-08T15:23:54.1438712Z  6739 |         printf("c UB=%llu fails, cnfls=%llu, hcnfls=%llu, core %d, tier2 %d, local %d, quasiC: %llu (fixed: %llu)\n",
2026-10-08T15:23:54.1439198Z       |                      ~~~^
2026-10-08T15:23:54.1439434Z       |                         |
2026-10-08T15:23:54.1439693Z       |                         long long unsigned int
2026-10-08T15:23:54.1439981Z       |                      %lu
2026-10-08T15:23:54.1440915Z  6740 |                UB, conflicts, conflicts-softConflicts, learnts_core.size(), learnts_tier2.size(), learnts_local.size(), quasiSoftConflicts, fixedByQuasiConfl);
2026-10-08T15:23:54.1441580Z       |                ~~        
2026-10-08T15:23:54.1441813Z       |                |
2026-10-08T15:23:54.1442250Z       |                uint64_t {aka long unsigned int}
2026-10-08T15:23:54.1443115Z src/solver/Solver.cc:6739:43: warning: format ‘%llu’ expects argument of type ‘long long unsigned int’, but argument 3 has type ‘uint64_t’ {aka ‘long unsigned int’} [-Wformat=]
2026-10-08T15:23:54.1444046Z  6739 |         printf("c UB=%llu fails, cnfls=%llu, hcnfls=%llu, core %d, tier2 %d, local %d, quasiC: %llu (fixed: %llu)\n",
2026-10-08T15:23:54.1444588Z       |                                        ~~~^
2026-10-08T15:23:54.1444862Z       |                                           |
2026-10-08T15:23:54.1445170Z       |                                           long long unsigned int
2026-10-08T15:23:54.1445482Z       |                                        %lu
2026-10-08T15:23:54.1446152Z  6740 |                UB, conflicts, conflicts-softConflicts, learnts_core.size(), learnts_tier2.size(), learnts_local.size(), quasiSoftConflicts, fixedByQuasiConfl);
2026-10-08T15:23:54.1446813Z       |                    ~~~~~~~~~               
2026-10-08T15:23:54.1447083Z       |                    |
2026-10-08T15:23:54.1447335Z       |                    uint64_t {aka long unsigned int}
2026-10-08T15:23:54.1448172Z src/solver/Solver.cc:6739:56: warning: format ‘%llu’ expects argument of type ‘long long unsigned int’, but argument 4 has type ‘uint64_t’ {aka ‘long unsigned int’} [-Wformat=]
2026-10-08T15:23:54.1449080Z  6739 |         printf("c UB=%llu fails, cnfls=%llu, hcnfls=%llu, core %d, tier2 %d, local %d, quasiC: %llu (fixed: %llu)\n",
2026-10-08T15:23:54.1449586Z       |                                                     ~~~^
2026-10-08T15:23:54.1450023Z       |                                                        |
2026-10-08T15:23:54.1450622Z       |                                                        long long unsigned int
2026-10-08T15:23:54.1450973Z       |                                                     %lu
2026-10-08T15:23:54.1451664Z  6740 |                UB, conflicts, conflicts-softConflicts, learnts_core.size(), learnts_tier2.size(), learnts_local.size(), quasiSoftConflicts, fixedByQuasiConfl);
2026-10-08T15:23:54.1452333Z       |                               ~~~~~~~~~~~~~~~~~~~~~~~   
2026-10-08T15:23:54.1452618Z       |                                        |
2026-10-08T15:23:54.1452929Z       |                                        uint64_t {aka long unsigned int}
2026-10-08T15:23:54.1453823Z src/solver/Solver.cc:6739:99: warning: format ‘%llu’ expects argument of type ‘long long unsigned int’, but argument 8 has type ‘uint64_t’ {aka ‘long unsigned int’} [-Wformat=]
2026-10-08T15:23:54.1454758Z  6739 |         printf("c UB=%llu fails, cnfls=%llu, hcnfls=%llu, core %d, tier2 %d, local %d, quasiC: %llu (fixed: %llu)\n",
2026-10-08T15:23:54.1455312Z       |                                                                                                ~~~^
2026-10-08T15:23:54.1455717Z       |                                                                                                   |
2026-10-08T15:23:54.1456154Z       |                                                                                                   long long unsigned int
2026-10-08T15:23:54.1456583Z       |                                                                                                %lu
2026-10-08T15:23:54.1457309Z  6740 |                UB, conflicts, conflicts-softConflicts, learnts_core.size(), learnts_tier2.size(), learnts_local.size(), quasiSoftConflicts, fixedByQuasiConfl);
2026-10-08T15:23:54.1458081Z       |                                                                                                                         ~~~~~~~~~~~~~~~~~~
2026-10-08T15:23:54.1458561Z       |                                                                                                                         |
2026-10-08T15:23:54.1459051Z       |                                                                                                                         uint64_t {aka long unsigned int}
2026-10-08T15:23:54.1460156Z src/solver/Solver.cc:6739:112: warning: format ‘%llu’ expects argument of type ‘long long unsigned int’, but argument 9 has type ‘uint64_t’ {aka ‘long unsigned int’} [-Wformat=]
2026-10-08T15:23:54.1461460Z  6739 |         printf("c UB=%llu fails, cnfls=%llu, hcnfls=%llu, core %d, tier2 %d, local %d, quasiC: %llu (fixed: %llu)\n",
2026-10-08T15:23:54.1462036Z       |                                                                                                             ~~~^
2026-10-08T15:23:54.1462471Z       |                                                                                                                |
2026-10-08T15:23:54.1462944Z       |                                                                                                                long long unsigned int
2026-10-08T15:23:54.1463403Z       |                                                                                                             %lu
2026-10-08T15:23:54.1464156Z  6740 |                UB, conflicts, conflicts-softConflicts, learnts_core.size(), learnts_tier2.size(), learnts_local.size(), quasiSoftConflicts, fixedByQuasiConfl);
2026-10-08T15:23:54.1464944Z       |                                                                                                                                             ~~~~~~~~~~~~~~~~~
2026-10-08T15:23:54.1465454Z       |                                                                                                                                             |
2026-10-08T15:23:54.1466005Z       |                                                                                                                                             uint64_t {aka long unsigned int}
2026-10-08T15:23:54.1467247Z src/solver/Solver.cc:6741:72: warning: format ‘%llu’ expects argument of type ‘long long unsigned int’, but argument 5 has type ‘uint64_t’ {aka ‘long unsigned int’} [-Wformat=]
2026-10-08T15:23:54.1468311Z  6741 |         printf("c prunedLB %4.2f, dev %4.2f, succRate %4.2f, nbSucc %llu, nbHardens %d (fixed %llu), lk: %llu, shorten: %llu, pureSo %d, nbFlyRd %d, nbFixedLH %llu\n",
2026-10-08T15:23:54.1468964Z       |                                                                     ~~~^
2026-10-08T15:23:54.1469299Z       |                                                                        |
2026-10-08T15:23:54.1469662Z       |                                                                        long long unsigned int
2026-10-08T15:23:54.1470041Z       |                                                                     %lu
2026-10-08T15:23:54.1470607Z  6742 |                meanLB, dev, succRate,
2026-10-08T15:23:54.1471522Z  6743 |                nbLKsuccess-savednbLKsuccess, nbHardens, fixedByHardens, LOOKAHEAD-savedLOOKAHEAD, nbSavedLits, pureSoftConfl, nbFlyReduced, nbFixedByLH);
2026-10-08T15:23:54.1472799Z       |                ~~~~~~~~~~~~~~~~~~~~~~~~~~~~                             
2026-10-08T15:23:54.1473340Z       |                           |
2026-10-08T15:23:54.1473873Z       |                           uint64_t {aka long unsigned int}
2026-10-08T15:23:54.1475437Z src/solver/Solver.cc:6741:98: warning: format ‘%llu’ expects argument of type ‘long long unsigned int’, but argument 7 has type ‘uint64_t’ {aka ‘long unsigned int’} [-Wformat=]
2026-10-08T15:23:54.1477363Z  6741 |         printf("c prunedLB %4.2f, dev %4.2f, succRate %4.2f, nbSucc %llu, nbHardens %d (fixed %llu), lk: %llu, shorten: %llu, pureSo %d, nbFlyRd %d, nbFixedLH %llu\n",
2026-10-08T15:23:54.1478096Z       |                                                                                               ~~~^
2026-10-08T15:23:54.1478507Z       |                                                                                                  |
2026-10-08T15:23:54.1478933Z       |                                                                                                  long long unsigned int
2026-10-08T15:23:54.1479359Z       |                                                                                               %lu
2026-10-08T15:23:54.1479978Z  6742 |                meanLB, dev, succRate,
2026-10-08T15:23:54.1481473Z  6743 |                nbLKsuccess-savednbLKsuccess, nbHardens, fixedByHardens, LOOKAHEAD-savedLOOKAHEAD, nbSavedLits, pureSoftConfl, nbFlyReduced, nbFixedByLH);
2026-10-08T15:23:54.1482808Z       |                                                         ~~~~~~~~~~~~~~                            
2026-10-08T15:23:54.1483478Z       |                                                         |
2026-10-08T15:23:54.1484065Z       |                                                         uint64_t {aka long unsigned int}
2026-10-08T15:23:54.1485058Z src/solver/Solver.cc:6741:109: warning: format ‘%llu’ expects argument of type ‘long long unsigned int’, but argument 8 has type ‘uint64_t’ {aka ‘long unsigned int’} [-Wformat=]
2026-10-08T15:23:54.1486140Z  6741 |         printf("c prunedLB %4.2f, dev %4.2f, succRate %4.2f, nbSucc %llu, nbHardens %d (fixed %llu), lk: %llu, shorten: %llu, pureSo %d, nbFlyRd %d, nbFixedLH %llu\n",
2026-10-08T15:23:54.1486866Z       |                                                                                                          ~~~^
2026-10-08T15:23:54.1487312Z       |                                                                                                             |
2026-10-08T15:23:54.1487770Z       |                                                                                                             long long unsigned int
2026-10-08T15:23:54.1488228Z       |                                                                                                          %lu
2026-10-08T15:23:54.1488805Z  6742 |                meanLB, dev, succRate,
2026-10-08T15:23:54.1489481Z  6743 |                nbLKsuccess-savednbLKsuccess, nbHardens, fixedByHardens, LOOKAHEAD-savedLOOKAHEAD, nbSavedLits, pureSoftConfl, nbFlyReduced, nbFixedByLH);
2026-10-08T15:23:54.1490610Z       |                                                                         ~~~~~~~~~~~~~~~~~~~~~~~~             
2026-10-08T15:23:54.1491133Z       |                                                                                  |
2026-10-08T15:23:54.1491540Z       |                                                                                  uint64_t {aka long unsigned int}
2026-10-08T15:23:54.1492484Z src/solver/Solver.cc:6741:124: warning: format ‘%llu’ expects argument of type ‘long long unsigned int’, but argument 9 has type ‘uint64_t’ {aka ‘long unsigned int’} [-Wformat=]
2026-10-08T15:23:54.1493538Z  6741 |         printf("c prunedLB %4.2f, dev %4.2f, succRate %4.2f, nbSucc %llu, nbHardens %d (fixed %llu), lk: %llu, shorten: %llu, pureSo %d, nbFlyRd %d, nbFixedLH %llu\n",
2026-10-08T15:23:54.1494267Z       |                                                                                                                         ~~~^
2026-10-08T15:23:54.1494722Z       |                                                                                                                            |
2026-10-08T15:23:54.1495220Z       |                                                                                                                            long long unsigned int
2026-10-08T15:23:54.1495707Z       |                                                                                                                         %lu
2026-10-08T15:23:54.1496084Z  6742 |                meanLB, dev, succRate,
2026-10-08T15:23:54.1496753Z  6743 |                nbLKsuccess-savednbLKsuccess, nbHardens, fixedByHardens, LOOKAHEAD-savedLOOKAHEAD, nbSavedLits, pureSoftConfl, nbFlyReduced, nbFixedByLH);
2026-10-08T15:23:54.1497511Z       |                                                                                                   ~~~~~~~~~~~               
2026-10-08T15:23:54.1497942Z       |                                                                                                   |
2026-10-08T15:23:54.1498560Z       |                                                                                                   uint64_t {aka long unsigned int}
2026-10-08T15:23:54.1499519Z src/solver/Solver.cc:6741:163: warning: format ‘%llu’ expects argument of type ‘long long unsigned int’, but argument 12 has type ‘uint64_t’ {aka ‘long unsigned int’} [-Wformat=]
2026-10-08T15:23:54.1500721Z  6741 |         printf("c prunedLB %4.2f, dev %4.2f, succRate %4.2f, nbSucc %llu, nbHardens %d (fixed %llu), lk: %llu, shorten: %llu, pureSo %d, nbFlyRd %d, nbFixedLH %llu\n",
2026-10-08T15:23:54.1501486Z       |                                                                                                                                                                ~~~^
2026-10-08T15:23:54.1502046Z       |                                                                                                                                                                   |
2026-10-08T15:23:54.1502632Z       |                                                                                                                                                                   long long unsigned int
2026-10-08T15:23:54.1503217Z       |                                                                                                                                                                %lu
2026-10-08T15:23:54.1503633Z  6742 |                meanLB, dev, succRate,
2026-10-08T15:23:54.1504297Z  6743 |                nbLKsuccess-savednbLKsuccess, nbHardens, fixedByHardens, LOOKAHEAD-savedLOOKAHEAD, nbSavedLits, pureSoftConfl, nbFlyReduced, nbFixedByLH);
2026-10-08T15:23:54.1505096Z       |                                                                                                                                             ~~~~~~~~~~~            
2026-10-08T15:23:54.1505755Z       |                                                                                                                                             |
2026-10-08T15:23:54.1506308Z       |                                                                                                                                             uint64_t {aka long unsigned int}
2026-10-08T15:23:54.1507294Z src/solver/Solver.cc:6769:25: warning: format ‘%llu’ expects argument of type ‘long long unsigned int’, but argument 2 has type ‘uint64_t’ {aka ‘long unsigned int’} [-Wformat=]
2026-10-08T15:23:54.1508483Z  6769 |         printf("c UB=%llu succ, confls=%llu and hconfls=%llu with %d soft clauses unsat (%d at level 0) and %d fixed vars at level 0,  prunedLB %4.2f, dev %4.2f, succRate %4.2f, nbSucc %llu, shortened : %llu\n",
2026-10-08T15:23:54.1509240Z       |                      ~~~^
2026-10-08T15:23:54.1509480Z       |                         |
2026-10-08T15:23:54.1509734Z       |                         long long unsigned int
2026-10-08T15:23:54.1510014Z       |                      %lu
2026-10-08T15:23:54.1510753Z  6770 |                UB, conflicts, conflicts-softConflicts, falseLits.size(), nbFalses, nbFixeds,
2026-10-08T15:23:54.1511591Z       |                ~~        
2026-10-08T15:23:54.1512092Z       |                |
2026-10-08T15:23:54.1512546Z       |                uint64_t {aka long unsigned int}
2026-10-08T15:23:54.1514212Z src/solver/Solver.cc:6769:43: warning: format ‘%llu’ expects argument of type ‘long long unsigned int’, but argument 3 has type ‘uint64_t’ {aka ‘long unsigned int’} [-Wformat=]
2026-10-08T15:23:54.1516450Z  6769 |         printf("c UB=%llu succ, confls=%llu and hconfls=%llu with %d soft clauses unsat (%d at level 0) and %d fixed vars at level 0,  prunedLB %4.2f, dev %4.2f, succRate %4.2f, nbSucc %llu, shortened : %llu\n",
2026-10-08T15:23:54.1517998Z       |                                        ~~~^
2026-10-08T15:23:54.1518558Z       |                                           |
2026-10-08T15:23:54.1519144Z       |                                           long long unsigned int
2026-10-08T15:23:54.1519731Z       |                                        %lu
2026-10-08T15:23:54.1521085Z  6770 |                UB, conflicts, conflicts-softConflicts, falseLits.size(), nbFalses, nbFixeds,
2026-10-08T15:23:54.1521949Z       |                    ~~~~~~~~~               
2026-10-08T15:23:54.1522447Z       |                    |
2026-10-08T15:23:54.1522911Z       |                    uint64_t {aka long unsigned int}
2026-10-08T15:23:54.1524583Z src/solver/Solver.cc:6769:60: warning: format ‘%llu’ expects argument of type ‘long long unsigned int’, but argument 4 has type ‘uint64_t’ {aka ‘long unsigned int’} [-Wformat=]
2026-10-08T15:23:54.1526864Z  6769 |         printf("c UB=%llu succ, confls=%llu and hconfls=%llu with %d soft clauses unsat (%d at level 0) and %d fixed vars at level 0,  prunedLB %4.2f, dev %4.2f, succRate %4.2f, nbSucc %llu, shortened : %llu\n",
2026-10-08T15:23:54.1528337Z       |                                                         ~~~^
2026-10-08T15:23:54.1528917Z       |                                                            |
2026-10-08T15:23:54.1529554Z       |                                                            long long unsigned int
2026-10-08T15:23:54.1530469Z       |                                                         %lu
2026-10-08T15:23:54.1531334Z  6770 |                UB, conflicts, conflicts-softConflicts, falseLits.size(), nbFalses, nbFixeds,
2026-10-08T15:23:54.1532180Z       |                               ~~~~~~~~~~~~~~~~~~~~~~~       
2026-10-08T15:23:54.1532716Z       |                                        |
2026-10-08T15:23:54.1533333Z       |                                        uint64_t {aka long unsigned int}
2026-10-08T15:23:54.1535139Z src/solver/Solver.cc:6769:189: warning: format ‘%llu’ expects argument of type ‘long long unsigned int’, but argument 11 has type ‘uint64_t’ {aka ‘long unsigned int’} [-Wformat=]
2026-10-08T15:23:54.1537570Z  6769 |         printf("c UB=%llu succ, confls=%llu and hconfls=%llu with %d soft clauses unsat (%d at level 0) and %d fixed vars at level 0,  prunedLB %4.2f, dev %4.2f, succRate %4.2f, nbSucc %llu, shortened : %llu\n",
2026-10-08T15:23:54.1539274Z       |                                                                                                                                                                                          ~~~^
2026-10-08T15:23:54.1540635Z       |                                                                                                                                                                                             |
2026-10-08T15:23:54.1541702Z       |                                                                                                                                                                                             long long unsigned int
2026-10-08T15:23:54.1542921Z       |                                                                                                                                                                                          %lu
2026-10-08T15:23:54.1544060Z  6770 |                UB, conflicts, conflicts-softConflicts, falseLits.size(), nbFalses, nbFixeds,
2026-10-08T15:23:54.1545083Z  6771 |                meanLB, dev, succRate, nbLKsuccess, nbSavedLits);
2026-10-08T15:23:54.1546046Z       |                                       ~~~~~~~~~~~                                                                                                                                            
2026-10-08T15:23:54.1546859Z       |                                       |
2026-10-08T15:23:54.1547431Z       |                                       uint64_t {aka long unsigned int}
2026-10-08T15:23:54.1549176Z src/solver/Solver.cc:6769:207: warning: format ‘%llu’ expects argument of type ‘long long unsigned int’, but argument 12 has type ‘uint64_t’ {aka ‘long unsigned int’} [-Wformat=]
2026-10-08T15:23:54.1551675Z  6769 |         printf("c UB=%llu succ, confls=%llu and hconfls=%llu with %d soft clauses unsat (%d at level 0) and %d fixed vars at level 0,  prunedLB %4.2f, dev %4.2f, succRate %4.2f, nbSucc %llu, shortened : %llu\n",
2026-10-08T15:23:54.1553735Z       |                                                                                                                                                                                                            ~~~^
2026-10-08T15:23:54.1555011Z       |                                                                                                                                                                                                               |
2026-10-08T15:23:54.1556344Z       |                                                                                                                                                                                                               long long unsigned int
2026-10-08T15:23:54.1557715Z       |                                                                                                                                                                                                            %lu
2026-10-08T15:23:54.1558912Z  6770 |                UB, conflicts, conflicts-softConflicts, falseLits.size(), nbFalses, nbFixeds,
2026-10-08T15:23:54.1559857Z  6771 |                meanLB, dev, succRate, nbLKsuccess, nbSavedLits);
2026-10-08T15:23:54.1561124Z       |                                                    ~~~~~~~~~~~                                                                                                                                                 
2026-10-08T15:23:54.1562057Z       |                                                    |
2026-10-08T15:23:54.1562674Z       |                                                    uint64_t {aka long unsigned int}
2026-10-08T15:23:54.1564659Z src/solver/Solver.cc:6798:17: warning: comparison of integer expressions of different signedness: ‘uint64_t’ {aka ‘long unsigned int’} and ‘int’ [-Wsign-compare]
2026-10-08T15:23:54.1566023Z  6798 |         if (inf > falseLits.size())
2026-10-08T15:23:54.1566531Z       |             ~~~~^~~~~~~~~~~~~~~~~~
2026-10-08T15:23:54.1568171Z src/solver/Solver.cc:6806:34: warning: format ‘%llu’ expects argument of type ‘long long unsigned int’, but argument 2 has type ‘uint64_t’ {aka ‘long unsigned int’} [-Wformat=]
2026-10-08T15:23:54.1569702Z  6806 |       else printf("c error UB %llu, inf %llu, sup %llu\n", UB, inf, sup);
2026-10-08T15:23:54.1570726Z       |                               ~~~^                         ~~
2026-10-08T15:23:54.1571343Z       |                                  |                         |
2026-10-08T15:23:54.1572072Z       |                                  long long unsigned int    uint64_t {aka long unsigned int}
2026-10-08T15:23:54.1572786Z       |                               %lu
2026-10-08T15:23:54.1574388Z src/solver/Solver.cc:6806:44: warning: format ‘%llu’ expects argument of type ‘long long unsigned int’, but argument 3 has type ‘uint64_t’ {aka ‘long unsigned int’} [-Wformat=]
2026-10-08T15:23:54.1575928Z  6806 |       else printf("c error UB %llu, inf %llu, sup %llu\n", UB, inf, sup);
2026-10-08T15:23:54.1576685Z       |                                         ~~~^                   ~~~
2026-10-08T15:23:54.1577307Z       |                                            |                   |
2026-10-08T15:23:54.1578097Z       |                                            |                   uint64_t {aka long unsigned int}
2026-10-08T15:23:54.1578752Z       |                                            long long unsigned int
2026-10-08T15:23:54.1579319Z       |                                         %lu
2026-10-08T15:23:54.1581168Z src/solver/Solver.cc:6806:54: warning: format ‘%llu’ expects argument of type ‘long long unsigned int’, but argument 4 has type ‘uint64_t’ {aka ‘long unsigned int’} [-Wformat=]
2026-10-08T15:23:54.1582721Z  6806 |       else printf("c error UB %llu, inf %llu, sup %llu\n", UB, inf, sup);
2026-10-08T15:23:54.1583465Z       |                                                   ~~~^              ~~~
2026-10-08T15:23:54.1584092Z       |                                                      |              |
2026-10-08T15:23:54.1585057Z       |                                                      |              uint64_t {aka long unsigned int}
2026-10-08T15:23:54.1585846Z       |                                                      long long unsigned int
2026-10-08T15:23:54.1586471Z       |                                                   %lu
2026-10-08T15:23:54.1588103Z src/solver/Solver.cc:6828:57: warning: format ‘%llu’ expects argument of type ‘long long unsigned int’, but argument 2 has type ‘uint64_t’ {aka ‘long unsigned int’} [-Wformat=]
2026-10-08T15:23:54.1589773Z  6828 |       printf("c no feasible solution, hardConflicts: %llu\n", conflicts - softConflicts);
2026-10-08T15:23:54.1590982Z       |                                                      ~~~^     ~~~~~~~~~~~~~~~~~~~~~~~~~
2026-10-08T15:23:54.1591640Z       |                                                         |               |
2026-10-08T15:23:54.1592378Z       |                                                         |               uint64_t {aka long unsigned int}
2026-10-08T15:23:54.1593170Z       |                                                         long long unsigned int
2026-10-08T15:23:54.1593806Z       |                                                      %lu
2026-10-08T15:23:54.1595451Z src/solver/Solver.cc:6831:30: warning: format ‘%llu’ expects argument of type ‘long long unsigned int’, but argument 2 has type ‘uint64_t’ {aka ‘long unsigned int’} [-Wformat=]
2026-10-08T15:23:54.1597186Z  6831 |       printf("c initCost: %llu, fixedBySearch: %llu, optimal: %llu, maxsat: %llu, hardConflicts: %llu\n",
2026-10-08T15:23:54.1598069Z       |                           ~~~^
2026-10-08T15:23:54.1598792Z       |                              |
2026-10-08T15:23:54.1599297Z       |                              long long unsigned int
2026-10-08T15:23:54.1599835Z       |                           %lu
2026-10-08T15:23:54.1600623Z  6832 |              solutionCost, fixedCostBySearch,
2026-10-08T15:23:54.1601171Z       |              ~~~~~~~~~~~~     
2026-10-08T15:23:54.1601637Z       |              |
2026-10-08T15:23:54.1602098Z       |              uint64_t {aka long unsigned int}
2026-10-08T15:23:54.1603755Z src/solver/Solver.cc:6831:51: warning: format ‘%llu’ expects argument of type ‘long long unsigned int’, but argument 3 has type ‘uint64_t’ {aka ‘long unsigned int’} [-Wformat=]
2026-10-08T15:23:54.1605495Z  6831 |       printf("c initCost: %llu, fixedBySearch: %llu, optimal: %llu, maxsat: %llu, hardConflicts: %llu\n",
2026-10-08T15:23:54.1606422Z       |                                                ~~~^
2026-10-08T15:23:54.1606963Z       |                                                   |
2026-10-08T15:23:54.1607587Z       |                                                   long long unsigned int
2026-10-08T15:23:54.1608189Z       |                                                %lu
2026-10-08T15:23:54.1608769Z  6832 |              solutionCost, fixedCostBySearch,
2026-10-08T15:23:54.1609355Z       |                            ~~~~~~~~~~~~~~~~~       
2026-10-08T15:23:54.1609878Z       |                            |
2026-10-08T15:23:54.1610662Z       |                            uint64_t {aka long unsigned int}
2026-10-08T15:23:54.1612336Z src/solver/Solver.cc:6831:66: warning: format ‘%llu’ expects argument of type ‘long long unsigned int’, but argument 4 has type ‘uint64_t’ {aka ‘long unsigned int’} [-Wformat=]
2026-10-08T15:23:54.1614077Z  6831 |       printf("c initCost: %llu, fixedBySearch: %llu, optimal: %llu, maxsat: %llu, hardConflicts: %llu\n",
2026-10-08T15:23:54.1615040Z       |                                                               ~~~^
2026-10-08T15:23:54.1615668Z       |                                                                  |
2026-10-08T15:23:54.1616321Z       |                                                                  long long unsigned int
2026-10-08T15:23:54.1616988Z       |                                                               %lu
2026-10-08T15:23:54.1617603Z  6832 |              solutionCost, fixedCostBySearch,
2026-10-08T15:23:54.1618420Z  6833 |              lastOptimalCost,
2026-10-08T15:23:54.1618987Z       |              ~~~~~~~~~~~~~~~                                      
2026-10-08T15:23:54.1619537Z       |              |
2026-10-08T15:23:54.1619965Z       |              uint64_t {aka long unsigned int}
2026-10-08T15:23:54.1621880Z src/solver/Solver.cc:6831:80: warning: format ‘%llu’ expects argument of type ‘long long unsigned int’, but argument 5 has type ‘uint64_t’ {aka ‘long unsigned int’} [-Wformat=]
2026-10-08T15:23:54.1623638Z  6831 |       printf("c initCost: %llu, fixedBySearch: %llu, optimal: %llu, maxsat: %llu, hardConflicts: %llu\n",
2026-10-08T15:23:54.1624639Z       |                                                                             ~~~^
2026-10-08T15:23:54.1625298Z       |                                                                                |
2026-10-08T15:23:54.1626033Z       |                                                                                long long unsigned int
2026-10-08T15:23:54.1626770Z       |                                                                             %lu
2026-10-08T15:23:54.1627338Z ......
2026-10-08T15:23:54.1627892Z  6834 |              objForSearch-sup + nbSatLits, conflicts - softConflicts);
2026-10-08T15:23:54.1628688Z       |              ~~~~~~~~~~~~~~~~~~~~~~~~~~~~                                       
2026-10-08T15:23:54.1629306Z       |                               |
2026-10-08T15:23:54.1629852Z       |                               uint64_t {aka long unsigned int}
2026-10-08T15:23:54.1631903Z src/solver/Solver.cc:6831:101: warning: format ‘%llu’ expects argument of type ‘long long unsigned int’, but argument 6 has type ‘uint64_t’ {aka ‘long unsigned int’} [-Wformat=]
2026-10-08T15:23:54.1633932Z  6831 |       printf("c initCost: %llu, fixedBySearch: %llu, optimal: %llu, maxsat: %llu, hardConflicts: %llu\n",
2026-10-08T15:23:54.1634943Z       |                                                                                                  ~~~^
2026-10-08T15:23:54.1635710Z       |                                                                                                     |
2026-10-08T15:23:54.1636554Z       |                                                                                                     long long unsigned int
2026-10-08T15:23:54.1637404Z       |                                                                                                  %lu
2026-10-08T15:23:54.1638016Z ......
2026-10-08T15:23:54.1638547Z  6834 |              objForSearch-sup + nbSatLits, conflicts - softConflicts);
2026-10-08T15:23:54.1639387Z       |                                            ~~~~~~~~~~~~~~~~~~~~~~~~~                                 
2026-10-08T15:23:54.1640059Z       |                                                      |
2026-10-08T15:23:54.1640929Z       |                                                      uint64_t {aka long unsigned int}
2026-10-08T15:23:54.1642688Z src/solver/Solver.cc:6836:24: warning: format ‘%llu’ expects argument of type ‘long long unsigned int’, but argument 2 has type ‘uint64_t’ {aka ‘long unsigned int’} [-Wformat=]
2026-10-08T15:23:54.1644614Z  6836 |     printf("c nbLK: %llu, nbSuccLK: %llu(%4.2f%%), nbLKup: %llu(%4.2f%%), hardens %u (fixed %llu), dynVars %d, shorten: %llu\n",
2026-10-08T15:23:54.1645589Z       |                     ~~~^
2026-10-08T15:23:54.1646017Z       |                        |
2026-10-08T15:23:54.1646479Z       |                        long long unsigned int
2026-10-08T15:23:54.1646986Z       |                     %lu
2026-10-08T15:23:54.1647661Z  6837 |            LOOKAHEAD, nbLKsuccess, 100.0*nbLKsuccess/LOOKAHEAD, lk_propagations,
2026-10-08T15:23:54.1648419Z       |            ~~~~~~~~~    
2026-10-08T15:23:54.1648827Z       |            |
2026-10-08T15:23:54.1649226Z       |            uint64_t {aka long unsigned int}
2026-10-08T15:23:54.1651399Z src/solver/Solver.cc:6836:40: warning: format ‘%llu’ expects argument of type ‘long long unsigned int’, but argument 3 has type ‘uint64_t’ {aka ‘long unsigned int’} [-Wformat=]
2026-10-08T15:23:54.1653236Z  6836 |     printf("c nbLK: %llu, nbSuccLK: %llu(%4.2f%%), nbLKup: %llu(%4.2f%%), hardens %u (fixed %llu), dynVars %d, shorten: %llu\n",
2026-10-08T15:23:54.1654209Z       |                                     ~~~^
2026-10-08T15:23:54.1654689Z       |                                        |
2026-10-08T15:23:54.1655216Z       |                                        long long unsigned int
2026-10-08T15:23:54.1655756Z       |                                     %lu
2026-10-08T15:23:54.1656482Z  6837 |            LOOKAHEAD, nbLKsuccess, 100.0*nbLKsuccess/LOOKAHEAD, lk_propagations,
2026-10-08T15:23:54.1657258Z       |                       ~~~~~~~~~~~       
2026-10-08T15:23:54.1657727Z       |                       |
2026-10-08T15:23:54.1658209Z       |                       uint64_t {aka long unsigned int}
2026-10-08T15:23:54.1659893Z src/solver/Solver.cc:6836:63: warning: format ‘%llu’ expects argument of type ‘long long unsigned int’, but argument 5 has type ‘uint64_t’ {aka ‘long unsigned int’} [-Wformat=]
2026-10-08T15:23:54.1661928Z  6836 |     printf("c nbLK: %llu, nbSuccLK: %llu(%4.2f%%), nbLKup: %llu(%4.2f%%), hardens %u (fixed %llu), dynVars %d, shorten: %llu\n",
2026-10-08T15:23:54.1662912Z       |                                                            ~~~^
2026-10-08T15:23:54.1663482Z       |                                                               |
2026-10-08T15:23:54.1664104Z       |                                                               long long unsigned int
2026-10-08T15:23:54.1665061Z       |                                                            %lu
2026-10-08T15:23:54.1665846Z  6837 |            LOOKAHEAD, nbLKsuccess, 100.0*nbLKsuccess/LOOKAHEAD, lk_propagations,
2026-10-08T15:23:54.1666642Z       |                                                                 ~~~~~~~~~~~~~~~
2026-10-08T15:23:54.1667248Z       |                                                                 |
2026-10-08T15:23:54.1667930Z       |                                                                 uint64_t {aka long unsigned int}
2026-10-08T15:23:54.1669693Z src/solver/Solver.cc:6836:96: warning: format ‘%llu’ expects argument of type ‘long long unsigned int’, but argument 8 has type ‘uint64_t’ {aka ‘long unsigned int’} [-Wformat=]
2026-10-08T15:23:54.1671763Z  6836 |     printf("c nbLK: %llu, nbSuccLK: %llu(%4.2f%%), nbLKup: %llu(%4.2f%%), hardens %u (fixed %llu), dynVars %d, shorten: %llu\n",
2026-10-08T15:23:54.1672860Z       |                                                                                             ~~~^
2026-10-08T15:23:54.1673610Z       |                                                                                                |
2026-10-08T15:23:54.1674410Z       |                                                                                                long long unsigned int
2026-10-08T15:23:54.1675220Z       |                                                                                             %lu
2026-10-08T15:23:54.1676123Z  6837 |            LOOKAHEAD, nbLKsuccess, 100.0*nbLKsuccess/LOOKAHEAD, lk_propagations,
2026-10-08T15:23:54.1677301Z  6838 |            100.0*lk_propagations/propagations, nbHardens, fixedByHardens, nVars()-staticNbVars, nbSavedLits);
2026-10-08T15:23:54.1678342Z       |                                                           ~~~~~~~~~~~~~~                        
2026-10-08T15:23:54.1679001Z       |                                                           |
2026-10-08T15:23:54.1679625Z       |                                                           uint64_t {aka long unsigned int}
2026-10-08T15:23:54.1681649Z src/solver/Solver.cc:6836:124: warning: format ‘%llu’ expects argument of type ‘long long unsigned int’, but argument 10 has type ‘uint64_t’ {aka ‘long unsigned int’} [-Wformat=]
2026-10-08T15:23:54.1683454Z  6836 |     printf("c nbLK: %llu, nbSuccLK: %llu(%4.2f%%), nbLKup: %llu(%4.2f%%), hardens %u (fixed %llu), dynVars %d, shorten: %llu\n",
2026-10-08T15:23:54.1684817Z       |                                                                                                                         ~~~^
2026-10-08T15:23:54.1685683Z       |                                                                                                                            |
2026-10-08T15:23:54.1686595Z       |                                                                                                                            long long unsigned int
2026-10-08T15:23:54.1687502Z       |                                                                                                                         %lu
2026-10-08T15:23:54.1688431Z  6837 |            LOOKAHEAD, nbLKsuccess, 100.0*nbLKsuccess/LOOKAHEAD, lk_propagations,
2026-10-08T15:23:54.1689602Z  6838 |            100.0*lk_propagations/propagations, nbHardens, fixedByHardens, nVars()-staticNbVars, nbSavedLits);
2026-10-08T15:23:54.1691015Z       |                                                                                                 ~~~~~~~~~~~                 
2026-10-08T15:23:54.1691831Z       |                                                                                                 |
2026-10-08T15:23:54.1692660Z       |                                                                                                 uint64_t {aka long unsigned int}
2026-10-08T15:23:54.2051413Z In file included from src/solver/mtl/Sort.h:24,
2026-10-08T15:23:54.2070933Z                  from src/solver/Solver.cc:106:
2026-10-08T15:23:54.2072630Z src/solver/mtl/Vec.h: In instantiation of ‘void Minisat::vec<T>::capacity(int) [with T = Minisat::vec<Minisat::Solver::Watcher>]’:
2026-10-08T15:23:54.2075033Z src/solver/mtl/Vec.h:115:13:   required from ‘void Minisat::vec<T>::growTo(int) [with T = Minisat::vec<Minisat::Solver::Watcher>]’
2026-10-08T15:23:54.2077653Z src/solver/SolverTypes.h:339:50:   required from ‘void Minisat::OccLists<Idx, Vec, Deleted>::init(const Idx&) [with Idx = Minisat::Lit; Vec = Minisat::vec<Minisat::Solver::Watcher>; Deleted = Minisat::Solver::WatcherDeleted]’
2026-10-08T15:23:54.2079373Z src/solver/Solver.cc:1272:21:   required from here
2026-10-08T15:23:54.2081747Z src/solver/mtl/Vec.h:99:54: warning: ‘void* realloc(void*, size_t)’ moving an object of non-trivially copyable type ‘class Minisat::vec<Minisat::Solver::Watcher>’; use ‘new’ and ‘delete’ instead [-Wclass-memaccess]
2026-10-08T15:23:54.2083739Z    99 |     if (add > INT_MAX - cap || ((data = (T*)::realloc(data, (cap += add) * sizeof(T))) == NULL) && errno == ENOMEM)
2026-10-08T15:23:54.2084715Z       |                                             ~~~~~~~~~^~~~~~~~~~~~~~~~~~~~~~~~~~~~~~~~
2026-10-08T15:23:54.2085961Z src/solver/mtl/Vec.h:38:7: note: ‘class Minisat::vec<Minisat::Solver::Watcher>’ declared here
2026-10-08T15:23:54.2086758Z    38 | class vec {
2026-10-08T15:23:54.2087120Z       |       ^~~
2026-10-08T15:23:54.2088233Z src/solver/mtl/Vec.h: In instantiation of ‘void Minisat::vec<T>::capacity(int) [with T = Minisat::vec<Minisat::Lit>]’:
2026-10-08T15:23:54.2089920Z src/solver/mtl/Vec.h:115:13:   required from ‘void Minisat::vec<T>::growTo(int) [with T = Minisat::vec<Minisat::Lit>]’
2026-10-08T15:23:54.2092103Z src/solver/Solver.h:72:50:   required from ‘void Minisat::vec2<Idx, Vec>::init(const Idx&) [with Idx = Minisat::Lit; Vec = Minisat::vec<Minisat::Lit>]’
2026-10-08T15:23:54.2093304Z src/solver/Solver.cc:1312:22:   required from here
2026-10-08T15:23:54.2095251Z src/solver/mtl/Vec.h:99:54: warning: ‘void* realloc(void*, size_t)’ moving an object of non-trivially copyable type ‘class Minisat::vec<Minisat::Lit>’; use ‘new’ and ‘delete’ instead [-Wclass-memaccess]
2026-10-08T15:23:54.2097163Z    99 |     if (add > INT_MAX - cap || ((data = (T*)::realloc(data, (cap += add) * sizeof(T))) == NULL) && errno == ENOMEM)
2026-10-08T15:23:54.2098035Z       |                                             ~~~~~~~~~^~~~~~~~~~~~~~~~~~~~~~~~~~~~~~~~
2026-10-08T15:23:54.2099031Z src/solver/mtl/Vec.h:38:7: note: ‘class Minisat::vec<Minisat::Lit>’ declared here
2026-10-08T15:23:54.2100001Z    38 | class vec {
2026-10-08T15:23:54.2131482Z       |       ^~~
2026-10-08T15:23:54.2132545Z src/solver/mtl/Vec.h: In instantiation of ‘void Minisat::vec<T>::capacity(int) [with T = Minisat::vec<int>]’:
2026-10-08T15:23:54.2133912Z src/solver/mtl/Vec.h:115:13:   required from ‘void Minisat::vec<T>::growTo(int) [with T = Minisat::vec<int>]’
2026-10-08T15:23:54.2135401Z src/solver/Solver.h:72:50:   required from ‘void Minisat::vec2<Idx, Vec>::init(const Idx&) [with Idx = int; Vec = Minisat::vec<int>]’
2026-10-08T15:23:54.2136380Z src/solver/Solver.cc:4250:13:   required from here
2026-10-08T15:23:54.2138023Z src/solver/mtl/Vec.h:99:54: warning: ‘void* realloc(void*, size_t)’ moving an object of non-trivially copyable type ‘class Minisat::vec<int>’; use ‘new’ and ‘delete’ instead [-Wclass-memaccess]
2026-10-08T15:23:54.2139695Z    99 |     if (add > INT_MAX - cap || ((data = (T*)::realloc(data, (cap += add) * sizeof(T))) == NULL) && errno == ENOMEM)
2026-10-08T15:23:54.2140865Z       |                                             ~~~~~~~~~^~~~~~~~~~~~~~~~~~~~~~~~~~~~~~~~
2026-10-08T15:23:54.2141796Z src/solver/mtl/Vec.h:38:7: note: ‘class Minisat::vec<int>’ declared here
2026-10-08T15:23:54.2142426Z    38 | class vec {
2026-10-08T15:23:54.2142747Z       |       ^~~
2026-10-08T15:23:54.2722221Z src/solver/Solver.cc: In member function ‘void Minisat::Solver::emitBoundsUpdate()’:
2026-10-08T15:23:54.2742507Z src/solver/Solver.cc:5204:24: warning: ignoring return value of ‘ssize_t write(int, const void*, size_t)’ declared with attribute ‘warn_unused_result’ [-Wunused-result]
2026-10-08T15:23:54.2791467Z  5204 |             (void)write(bounds_pipe_w, buf, (size_t)n);
2026-10-08T15:23:54.2821171Z       |                   ~~~~~^~~~~~~~~~~~~~~~~~~~~~~~~~~~~~~
2026-10-08T15:23:54.2852281Z src/solver/Solver.cc:5210:24: warning: ignoring return value of ‘ssize_t write(int, const void*, size_t)’ declared with attribute ‘warn_unused_result’ [-Wunused-result]
2026-10-08T15:23:54.2900584Z  5210 |             (void)write(bounds_pipe_w, buf, (size_t)n);
2026-10-08T15:23:54.2901277Z       |                   ~~~~~^~~~~~~~~~~~~~~~~~~~~~~~~~~~~~~
2026-10-08T15:23:54.2902540Z src/solver/Solver.cc: In member function ‘void Minisat::Solver::emitTryUpdate(uint64_t)’:
2026-10-08T15:23:54.2904385Z src/solver/Solver.cc:5220:20: warning: ignoring return value of ‘ssize_t write(int, const void*, size_t)’ declared with attribute ‘warn_unused_result’ [-Wunused-result]
2026-10-08T15:23:54.2905744Z  5220 |         (void)write(bounds_pipe_w, buf, (size_t)n);
2026-10-08T15:23:54.2906357Z       |               ~~~~~^~~~~~~~~~~~~~~~~~~~~~~~~~~~~~~
2026-10-08T15:23:56.9999126Z In file included from src/solver/Solver.h:54:
2026-10-08T15:23:57.0000655Z In function ‘Minisat::Lit Minisat::operator~(Lit)’,
2026-10-08T15:23:57.0002224Z     inlined from ‘void Minisat::Solver::analyze(Minisat::CRef, Minisat::vec<Minisat::Lit>&, int&, int&)’ at src/solver/Solver.cc:1757:22:
2026-10-08T15:23:57.0003754Z src/solver/SolverTypes.h:73:64: warning: ‘p.Minisat::Lit::x’ may be used uninitialized [-Wmaybe-uninitialized]
2026-10-08T15:23:57.0004658Z    73 | inline  Lit  operator ~(Lit p)              { Lit q; q.x = p.x ^ 1; return q; }
2026-10-08T15:23:57.0005261Z       |                                                            ~~~~^~~
2026-10-08T15:23:57.0006500Z src/solver/Solver.cc: In member function ‘void Minisat::Solver::analyze(Minisat::CRef, Minisat::vec<Minisat::Lit>&, int&, int&)’:
2026-10-08T15:23:57.0007908Z src/solver/Solver.cc:1671:9: note: ‘p.Minisat::Lit::x’ was declared here
2026-10-08T15:23:57.0008753Z  1671 |     Lit p; //     = lit_Undef;
2026-10-08T15:23:57.0009208Z       |         ^
2026-10-08T15:23:57.0818907Z In function ‘Minisat::Lit Minisat::operator~(Lit)’,
2026-10-08T15:23:57.0820673Z     inlined from ‘void Minisat::Solver::analyzeSoftConflict(Minisat::vec<Minisat::Lit>&, int&, int&)’ at src/solver/Solver.cc:2396:22:
2026-10-08T15:23:57.0822905Z src/solver/SolverTypes.h:73:64: warning: ‘p.Minisat::Lit::x’ may be used uninitialized [-Wmaybe-uninitialized]
2026-10-08T15:23:57.0823992Z    73 | inline  Lit  operator ~(Lit p)              { Lit q; q.x = p.x ^ 1; return q; }
2026-10-08T15:23:57.0824600Z       |                                                            ~~~~^~~
2026-10-08T15:23:57.0825640Z src/solver/Solver.cc: In member function ‘void Minisat::Solver::analyzeSoftConflict(Minisat::vec<Minisat::Lit>&, int&, int&)’:
2026-10-08T15:23:57.0826991Z src/solver/Solver.cc:2193:9: note: ‘p.Minisat::Lit::x’ was declared here
2026-10-08T15:23:57.0827672Z  2193 |     Lit p;
2026-10-08T15:23:57.0828062Z       |         ^
2026-10-08T15:23:57.2193438Z In function ‘Minisat::Lit Minisat::operator~(Lit)’,
2026-10-08T15:23:57.2195189Z     inlined from ‘void Minisat::Solver::analyzeQuasiSoftConflict(Minisat::vec<Minisat::Lit>&, int&, int&)’ at src/solver/Solver.cc:4664:22:
2026-10-08T15:23:57.2197322Z src/solver/SolverTypes.h:73:64: warning: ‘p.Minisat::Lit::x’ may be used uninitialized [-Wmaybe-uninitialized]
2026-10-08T15:23:57.2198639Z    73 | inline  Lit  operator ~(Lit p)              { Lit q; q.x = p.x ^ 1; return q; }
2026-10-08T15:23:57.2199484Z       |                                                            ~~~~^~~
2026-10-08T15:23:57.2201205Z src/solver/Solver.cc: In member function ‘void Minisat::Solver::analyzeQuasiSoftConflict(Minisat::vec<Minisat::Lit>&, int&, int&)’:
2026-10-08T15:23:57.2202242Z src/solver/Solver.cc:4492:9: note: ‘p.Minisat::Lit::x’ was declared here
2026-10-08T15:23:57.2202718Z  4492 |     Lit p;
2026-10-08T15:23:57.2202987Z       |         ^
2026-10-08T15:24:00.0027257Z g++ -Isrc/solver -Wall -Wno-parentheses -O3 -g -D __STDC_LIMIT_MACROS -D __STDC_FORMAT_MACROS -DNDEBUG -o bin/distqldpc src/core/distqldpc.cc build/SimpSolver.o build/Solver.o build/Options.o build/System.o -lz
2026-10-08T15:24:00.0030718Z g++ -Isrc/solver -Wall -Wno-parentheses -O3 -g -D __STDC_LIMIT_MACROS -D __STDC_FORMAT_MACROS -DNDEBUG -o bin/maxcdcl src/solver/Main.cc build/SimpSolver.o build/Solver.o build/Options.o build/System.o -lz
2026-10-08T15:24:00.0503725Z In file included from src/solver/Main.cc:51:
2026-10-08T15:24:00.0505194Z src/solver/utils/Options.h:285:29: warning: invalid suffix on literal; C++11 requires a space between literal and string macro [-Wliteral-suffix]
2026-10-08T15:24:00.0506153Z   285 |             fprintf(stderr, "%4"PRIi64, range.begin);
2026-10-08T15:24:00.0506602Z       |                             ^
2026-10-08T15:24:00.0507475Z src/solver/utils/Options.h:291:29: warning: invalid suffix on literal; C++11 requires a space between literal and string macro [-Wliteral-suffix]
2026-10-08T15:24:00.0508434Z   291 |             fprintf(stderr, "%4"PRIi64, range.end);
2026-10-08T15:24:00.0508859Z       |                             ^
2026-10-08T15:24:00.0509692Z src/solver/utils/Options.h:293:25: warning: invalid suffix on literal; C++11 requires a space between literal and string macro [-Wliteral-suffix]
2026-10-08T15:24:00.0510905Z   293 |         fprintf(stderr, "] (default: %"PRIi64")\n", value);
2026-10-08T15:24:00.0511369Z       |                         ^
2026-10-08T15:24:00.0522568Z src/solver/Main.cc:84:16: warning: invalid suffix on literal; C++11 requires a space between literal and string macro [-Wliteral-suffix]
2026-10-08T15:24:00.0524033Z    84 |         printf("c restarts              : %"PRIu64"\n", solver.starts);
2026-10-08T15:24:00.0524546Z       |                ^
2026-10-08T15:24:00.0525307Z src/solver/Main.cc:85:16: warning: invalid suffix on literal; C++11 requires a space between literal and string macro [-Wliteral-suffix]
2026-10-08T15:24:00.0526496Z    85 |         printf("c conflicts             : %-12"PRIu64"   (%.0f /sec)\n", solver.conflicts, solver.conflicts / cpu_time);
2026-10-08T15:24:00.0527186Z       |                ^
2026-10-08T15:24:00.0527930Z src/solver/Main.cc:86:16: warning: invalid suffix on literal; C++11 requires a space between literal and string macro [-Wliteral-suffix]
2026-10-08T15:24:00.0529757Z    86 |         printf("c decisions             : %-12"PRIu64"   (%4.2f %% random) (%.0f /sec)\n", solver.decisions, (float)solver.rnd_decisions * 100 / (float)solver.decisions, solver.decisions / cpu_time);
2026-10-08T15:24:00.0531157Z       |                ^
2026-10-08T15:24:00.0531916Z src/solver/Main.cc:87:16: warning: invalid suffix on literal; C++11 requires a space between literal and string macro [-Wliteral-suffix]
2026-10-08T15:24:00.0533082Z    87 |         printf("c propagations          : %-12"PRIu64"   (%.0f /sec)\n", solver.propagations, solver.propagations / cpu_time);
2026-10-08T15:24:00.0533805Z       |                ^
2026-10-08T15:24:00.0534547Z src/solver/Main.cc:88:16: warning: invalid suffix on literal; C++11 requires a space between literal and string macro [-Wliteral-suffix]
2026-10-08T15:24:00.0535992Z    88 |         printf("c conflict literals     : %-12"PRIu64"   (%4.2f %% deleted)\n", solver.tot_literals, (solver.max_literals - solver.tot_literals) * 100 / (double)solver.max_literals);
2026-10-08T15:24:00.0536991Z       |                ^
2026-10-08T15:24:00.0537730Z src/solver/Main.cc:93:16: warning: invalid suffix on literal; C++11 requires a space between literal and string macro [-Wliteral-suffix]
2026-10-08T15:24:00.0538714Z    93 |         printf("c s_propagations        : %-12"PRIu64"\n", solver.s_propagations);
2026-10-08T15:24:00.0539268Z       |                ^
2026-10-08T15:24:00.1602055Z src/solver/Main.cc: In function ‘void printStats(Minisat::Solver&)’:
2026-10-08T15:24:00.1603441Z src/solver/Main.cc:92:46: warning: format ‘%llu’ expects argument of type ‘long long unsigned int’, but argument 2 has type ‘uint64_t’ {aka ‘long unsigned int’} [-Wformat=]
2026-10-08T15:24:00.1605033Z    92 |         printf("c nbSimplifyAll         : %llu\n", solver.nbSimplifyAll);
2026-10-08T15:24:00.1605582Z       |                                           ~~~^     ~~~~~~~~~~~~~~~~~~~~
2026-10-08T15:24:00.1606014Z       |                                              |            |
2026-10-08T15:24:00.1606519Z       |                                              |            uint64_t {aka long unsigned int}
2026-10-08T15:24:00.1607020Z       |                                              long long unsigned int
2026-10-08T15:24:00.1607436Z       |                                           %lu
2026-10-08T15:24:00.1615968Z src/solver/Main.cc: In function ‘int main(int, char**)’:
2026-10-08T15:24:00.1617770Z src/solver/Main.cc:187:34: warning: format ‘%llu’ expects argument of type ‘long long unsigned int’, but argument 2 has type ‘uint64_t’ {aka ‘long unsigned int’} [-Wformat=]
2026-10-08T15:24:00.1618852Z   187 |         printf("c initial UB: %llu\n", S.initUB);
2026-10-08T15:24:00.1619329Z       |                               ~~~^     ~~~~~~~~
2026-10-08T15:24:00.1619733Z       |                                  |       |
2026-10-08T15:24:00.1620362Z       |                                  |       uint64_t {aka long unsigned int}
2026-10-08T15:24:00.1620863Z       |                                  long long unsigned int
2026-10-08T15:24:00.1621300Z       |                               %lu
2026-10-08T15:24:00.2064811Z src/solver/Main.cc: At global scope:
2026-10-08T15:24:00.2066235Z src/solver/Main.cc:108:13: warning: ‘void SIGINT_exit(int)’ defined but not used [-Wunused-function]
2026-10-08T15:24:00.2067217Z   108 | static void SIGINT_exit(int signum) {
2026-10-08T15:24:00.2067607Z       |             ^~~~~~~~~~~
2026-10-08T15:24:00.2405630Z In file included from src/solver/Solver.h:53,
2026-10-08T15:24:00.2406310Z                  from src/solver/SimpSolver.h:37,
2026-10-08T15:24:00.2406861Z                  from src/core/distqldpc.cc:40:
2026-10-08T15:24:00.2408063Z src/solver/utils/Options.h:285:29: warning: invalid suffix on literal; C++11 requires a space between literal and string macro [-Wliteral-suffix]
2026-10-08T15:24:00.2409285Z   285 |             fprintf(stderr, "%4"PRIi64, range.begin);
2026-10-08T15:24:00.2410083Z       |                             ^
2026-10-08T15:24:00.2411809Z src/solver/utils/Options.h:291:29: warning: invalid suffix on literal; C++11 requires a space between literal and string macro [-Wliteral-suffix]
2026-10-08T15:24:00.2413100Z   291 |             fprintf(stderr, "%4"PRIi64, range.end);
2026-10-08T15:24:00.2413638Z       |                             ^
2026-10-08T15:24:00.2414710Z src/solver/utils/Options.h:293:25: warning: invalid suffix on literal; C++11 requires a space between literal and string macro [-Wliteral-suffix]
2026-10-08T15:24:00.2415916Z   293 |         fprintf(stderr, "] (default: %"PRIi64")\n", value);
2026-10-08T15:24:00.2416482Z       |                         ^
2026-10-08T15:24:00.5789920Z src/core/distqldpc.cc: In function ‘void pipe_write_result(int, int, bool)’:
2026-10-08T15:24:00.5792171Z src/core/distqldpc.cc:162:20: warning: ignoring return value of ‘ssize_t write(int, const void*, size_t)’ declared with attribute ‘warn_unused_result’ [-Wunused-result]
2026-10-08T15:24:00.5793503Z   162 |         (void)write(pipe_w, buf, (size_t)n);
2026-10-08T15:24:00.5794054Z       |               ~~~~~^~~~~~~~~~~~~~~~~~~~~~~~
2026-10-08T15:24:01.5930452Z make: Leaving directory '/home/runner/work/DistQLDPC/DistQLDPC/baseline'
2026-10-08T15:24:01.5961127Z make: Entering directory '/home/runner/work/DistQLDPC/DistQLDPC/candidate'
2026-10-08T15:24:01.5973765Z g++ -Isrc/solver -Wall -Wno-parentheses -O3 -g -D __STDC_LIMIT_MACROS -D __STDC_FORMAT_MACROS -DNDEBUG -c -o build/SimpSolver.o src/solver/SimpSolver.cc
2026-10-08T15:24:01.5976061Z g++ -Isrc/solver -Wall -Wno-parentheses -O3 -g -D __STDC_LIMIT_MACROS -D __STDC_FORMAT_MACROS -DNDEBUG -c -o build/Solver.o src/solver/Solver.cc
2026-10-08T15:24:01.5979306Z g++ -Isrc/solver -Wall -Wno-parentheses -O3 -g -D __STDC_LIMIT_MACROS -D __STDC_FORMAT_MACROS -DNDEBUG -c -o build/Options.o src/solver/utils/Options.cc
2026-10-08T15:24:01.6001516Z g++ -Isrc/solver -Wall -Wno-parentheses -O3 -g -D __STDC_LIMIT_MACROS -D __STDC_FORMAT_MACROS -DNDEBUG -c -o build/System.o src/solver/utils/System.cc
2026-10-08T15:24:01.6641475Z In file included from src/solver/utils/Options.cc:21:
2026-10-08T15:24:01.6671556Z src/solver/utils/Options.h:285:29: warning: invalid suffix on literal; C++11 requires a space between literal and string macro [-Wliteral-suffix]
2026-10-08T15:24:01.6700891Z   285 |             fprintf(stderr, "%4"PRIi64, range.begin);
2026-10-08T15:24:01.6730779Z       |                             ^
2026-10-08T15:24:01.6760940Z In file included from src/solver/Solver.h:53,
2026-10-08T15:24:01.6790819Z                  from src/solver/SimpSolver.h:37,
2026-10-08T15:24:01.6820850Z                  from src/solver/SimpSolver.cc:34:
2026-10-08T15:24:01.6851426Z src/solver/utils/Options.h:285:29: warning: invalid suffix on literal; C++11 requires a space between literal and string macro [-Wliteral-suffix]
2026-10-08T15:24:01.6871389Z   285 |             fprintf(stderr, "%4"PRIi64, range.begin);
2026-10-08T15:24:01.6891443Z       |                             ^
2026-10-08T15:24:01.6912033Z src/solver/utils/Options.h:291:29: warning: invalid suffix on literal; C++11 requires a space between literal and string macro [-Wliteral-suffix]
2026-10-08T15:24:01.6913420Z   291 |             fprintf(stderr, "%4"PRIi64, range.end);
2026-10-08T15:24:01.6914154Z       |                             ^
2026-10-08T15:24:01.6915385Z src/solver/utils/Options.h:293:25: warning: invalid suffix on literal; C++11 requires a space between literal and string macro [-Wliteral-suffix]
2026-10-08T15:24:01.6916838Z   293 |         fprintf(stderr, "] (default: %"PRIi64")\n", value);
2026-10-08T15:24:01.6917598Z       |                         ^
2026-10-08T15:24:01.6918816Z src/solver/utils/Options.h:291:29: warning: invalid suffix on literal; C++11 requires a space between literal and string macro [-Wliteral-suffix]
2026-10-08T15:24:01.6920159Z   291 |             fprintf(stderr, "%4"PRIi64, range.end);
2026-10-08T15:24:01.6921126Z       |                             ^
2026-10-08T15:24:01.6922456Z src/solver/utils/Options.h:293:25: warning: invalid suffix on literal; C++11 requires a space between literal and string macro [-Wliteral-suffix]
2026-10-08T15:24:01.6923638Z   293 |         fprintf(stderr, "] (default: %"PRIi64")\n", value);
2026-10-08T15:24:01.6924392Z       |                         ^
2026-10-08T15:24:01.6925060Z In file included from src/solver/Solver.h:53,
2026-10-08T15:24:01.6925789Z                  from src/solver/Solver.cc:107:
2026-10-08T15:24:01.6927052Z src/solver/utils/Options.h:285:29: warning: invalid suffix on literal; C++11 requires a space between literal and string macro [-Wliteral-suffix]
2026-10-08T15:24:01.6928383Z   285 |             fprintf(stderr, "%4"PRIi64, range.begin);
2026-10-08T15:24:01.6929132Z       |                             ^
2026-10-08T15:24:01.6930579Z src/solver/utils/Options.h:291:29: warning: invalid suffix on literal; C++11 requires a space between literal and string macro [-Wliteral-suffix]
2026-10-08T15:24:01.6931934Z   291 |             fprintf(stderr, "%4"PRIi64, range.end);
2026-10-08T15:24:01.6932646Z       |                             ^
2026-10-08T15:24:01.6933880Z src/solver/utils/Options.h:293:25: warning: invalid suffix on literal; C++11 requires a space between literal and string macro [-Wliteral-suffix]
2026-10-08T15:24:01.6935237Z   293 |         fprintf(stderr, "] (default: %"PRIi64")\n", value);
2026-10-08T15:24:01.6935981Z       |                         ^
2026-10-08T15:24:01.7886339Z src/solver/Solver.h: In constructor ‘Minisat::Solver::Solver()’:
2026-10-08T15:24:01.7887981Z src/solver/Solver.h:480:15: warning: ‘Minisat::Solver::my_var_decay’ will be initialized after [-Wreorder]
2026-10-08T15:24:01.7889062Z   480 |     double    my_var_decay;
2026-10-08T15:24:01.7890404Z       |               ^~~~~~~~~~~~
2026-10-08T15:24:01.7892046Z src/solver/Solver.h:293:42: warning:   ‘Minisat::Heap<Minisat::Solver::VarOrderLt> Minisat::Solver::order_heap_distance’ [-Wreorder]
2026-10-08T15:24:01.7893564Z   293 |                         order_heap_VSIDS,order_heap_distance;
2026-10-08T15:24:01.7908330Z       |                                          ^~~~~~~~~~~~~~~~~~~
2026-10-08T15:24:01.7909448Z src/solver/Solver.cc:143:1: warning:   when initialized here [-Wreorder]
2026-10-08T15:24:01.7910585Z   143 | Solver::Solver() :
2026-10-08T15:24:01.7911173Z       | ^~~~~~
2026-10-08T15:24:01.7912443Z src/solver/Solver.h:514:14: warning: ‘Minisat::Solver::lastOptimalCost’ will be initialized after [-Wreorder]
2026-10-08T15:24:01.7913590Z   514 |     uint64_t lastOptimalCost;
2026-10-08T15:24:01.7914194Z       |              ^~~~~~~~~~~~~~~
2026-10-08T15:24:01.7915293Z src/solver/Solver.h:513:40: warning:   ‘uint64_t Minisat::Solver::totalWeight’ [-Wreorder]
2026-10-08T15:24:01.7916428Z   513 |     uint64_t hardWeight, solutionCost, totalWeight, UB;
2026-10-08T15:24:01.7917192Z       |                                        ^~~~~~~~~~~
2026-10-08T15:24:01.7918027Z src/solver/Solver.cc:143:1: warning:   when initialized here [-Wreorder]
2026-10-08T15:24:01.7918866Z   143 | Solver::Solver() :
2026-10-08T15:24:01.7919401Z       | ^~~~~~
2026-10-08T15:24:01.7920814Z src/solver/Solver.h:707:25: warning: ‘Minisat::Solver::orderHeapAuxi’ will be initialized after [-Wreorder]
2026-10-08T15:24:01.7921916Z   707 |     Heap<VarOrderGt>    orderHeapAuxi;
2026-10-08T15:24:01.7922582Z       |                         ^~~~~~~~~~~~~
2026-10-08T15:24:01.7923771Z src/solver/Solver.h:619:25: warning:   ‘int Minisat::Solver::tier2_lbd_cut’ [-Wreorder]
2026-10-08T15:24:01.7924775Z   619 |     int                 tier2_lbd_cut;
2026-10-08T15:24:01.7925451Z       |                         ^~~~~~~~~~~~~
2026-10-08T15:24:01.7926290Z src/solver/Solver.cc:143:1: warning:   when initialized here [-Wreorder]
2026-10-08T15:24:01.7927162Z   143 | Solver::Solver() :
2026-10-08T15:24:01.7927703Z       | ^~~~~~
2026-10-08T15:24:01.7928875Z src/solver/Solver.h:663:9: warning: ‘Minisat::Solver::cardinalityEncMode’ will be initialized after [-Wreorder]
2026-10-08T15:24:01.7929974Z   663 |     int cardinalityEncMode;
2026-10-08T15:24:01.7930853Z       |         ^~~~~~~~~~~~~~~~~~
2026-10-08T15:24:01.7932506Z src/solver/Solver.h:644:14: warning:   ‘uint64_t Minisat::Solver::quasiSoftConflicts’ [-Wreorder]
2026-10-08T15:24:01.7933740Z   644 |     uint64_t quasiSoftConflicts;
2026-10-08T15:24:01.7934391Z       |              ^~~~~~~~~~~~~~~~~~
2026-10-08T15:24:01.7935204Z src/solver/Solver.cc:143:1: warning:   when initialized here [-Wreorder]
2026-10-08T15:24:01.7936151Z   143 | Solver::Solver() :
2026-10-08T15:24:01.7936769Z       | ^~~~~~
2026-10-08T15:24:01.7938034Z src/solver/Solver.h:696:14: warning: ‘Minisat::Solver::nbFixedByLH’ will be initialized after [-Wreorder]
2026-10-08T15:24:01.7939241Z   696 |     uint64_t nbFixedByLH;
2026-10-08T15:24:01.7939920Z       |              ^~~~~~~~~~~
2026-10-08T15:24:01.7941399Z src/solver/Solver.h:562:10: warning:   ‘bool Minisat::Solver::bestSolutionFound’ [-Wreorder]
2026-10-08T15:24:01.7942483Z   562 |     bool bestSolutionFound;
2026-10-08T15:24:01.7943186Z       |          ^~~~~~~~~~~~~~~~~
2026-10-08T15:24:01.7944037Z src/solver/Solver.cc:143:1: warning:   when initialized here [-Wreorder]
2026-10-08T15:24:01.7944974Z   143 | Solver::Solver() :
2026-10-08T15:24:01.7945586Z       | ^~~~~~
2026-10-08T15:24:01.7946893Z src/solver/Solver.h:564:9: warning: ‘Minisat::Solver::nbSatLitsAtStart’ will be initialized after [-Wreorder]
2026-10-08T15:24:01.7948079Z   564 |     int nbSatLitsAtStart;
2026-10-08T15:24:01.7948747Z       |         ^~~~~~~~~~~~~~~~
2026-10-08T15:24:01.7950042Z src/solver/Solver.h:560:9: warning:   ‘int Minisat::Solver::bounds_pipe_w’ [-Wreorder]
2026-10-08T15:24:01.7951363Z   560 |     int bounds_pipe_w;
2026-10-08T15:24:01.7952380Z       |         ^~~~~~~~~~~~~
2026-10-08T15:24:01.7953222Z src/solver/Solver.cc:143:1: warning:   when initialized here [-Wreorder]
2026-10-08T15:24:01.7954151Z   143 | Solver::Solver() :
2026-10-08T15:24:01.7954707Z       | ^~~~~~
2026-10-08T15:24:01.7955832Z src/solver/Solver.cc: In member function ‘Minisat::CRef Minisat::Solver::simplePropagate()’:
2026-10-08T15:24:01.7957630Z src/solver/Solver.cc:316:27: warning: comparison of integer expressions of different signedness: ‘unsigned int’ and ‘int’ [-Wsign-compare]
2026-10-08T15:24:01.7959003Z   316 |         if (c.lastPoint() > c.size())
2026-10-08T15:24:01.7959746Z       |             ~~~~~~~~~~~~~~^~~~~~~~~~
2026-10-08T15:24:01.7961576Z src/solver/Solver.cc:335:27: warning: comparison of integer expressions of different signedness: ‘int’ and ‘unsigned int’ [-Wsign-compare]
2026-10-08T15:24:01.7963050Z   335 |         for (int k = 2; k < c.lastPoint(); k++) {
2026-10-08T15:24:01.7963844Z       |                         ~~^~~~~~~~~~~~~~~
2026-10-08T15:24:01.7965603Z src/solver/Solver.cc:381:63: warning: comparison of integer expressions of different signedness: ‘int’ and ‘uint64_t’ {aka ‘long unsigned int’} [-Wsign-compare]
2026-10-08T15:24:01.7967290Z   381 |     if (confl == CRef_Undef && falseLits.size() + rootNbIsets >= UB)
2026-10-08T15:24:01.7968255Z       |                                ~~~~~~~~~~~~~~~~~~~~~~~~~~~~~~~^~~~~
2026-10-08T15:24:01.8011784Z src/solver/Solver.cc: In member function ‘bool Minisat::Solver::simplifyLearnt_core()’:
2026-10-08T15:24:01.8013662Z src/solver/Solver.cc:787:34: warning: comparison of integer expressions of different signedness: ‘unsigned int’ and ‘int’ [-Wsign-compare]
2026-10-08T15:24:01.8015098Z   787 |                     if (nblevels < c.lbd()){
2026-10-08T15:24:01.8015873Z       |                         ~~~~~~~~~^~~~~~~~~
2026-10-08T15:24:01.8017190Z src/solver/Solver.cc:721:9: warning: unused variable ‘learnts_core_size_before’ [-Wunused-variable]
2026-10-08T15:24:01.8018428Z   721 |     int learnts_core_size_before = learnts_core.size();
2026-10-08T15:24:01.8019299Z       |         ^~~~~~~~~~~~~~~~~~~~~~~~
2026-10-08T15:24:01.8027617Z src/solver/Solver.cc: In member function ‘bool Minisat::Solver::simplifyLearnt_tier2()’:
2026-10-08T15:24:01.8029468Z src/solver/Solver.cc:895:34: warning: comparison of integer expressions of different signedness: ‘unsigned int’ and ‘int’ [-Wsign-compare]
2026-10-08T15:24:01.8031376Z   895 |                     if (nblevels < c.lbd()){
2026-10-08T15:24:01.8032211Z       |                         ~~~~~~~~~^~~~~~~~~
2026-10-08T15:24:01.8033578Z src/solver/Solver.cc:823:9: warning: unused variable ‘learnts_tier2_size_before’ [-Wunused-variable]
2026-10-08T15:24:01.8034849Z   823 |     int learnts_tier2_size_before = learnts_tier2.size();
2026-10-08T15:24:01.8035636Z       |         ^~~~~~~~~~~~~~~~~~~~~~~~~
2026-10-08T15:24:01.8036908Z src/solver/Solver.cc:828:9: warning: variable ‘limit’ set but not used [-Wunused-but-set-variable]
2026-10-08T15:24:01.8038015Z   828 |     int limit;
2026-10-08T15:24:01.8038633Z       |         ^~~~~
2026-10-08T15:24:01.8052162Z src/solver/Solver.cc: In member function ‘bool Minisat::Solver::failedLiteralDetection()’:
2026-10-08T15:24:01.8054270Z src/solver/Solver.cc:1038:100: warning: format ‘%llu’ expects argument of type ‘long long unsigned int’, but argument 7 has type ‘uint64_t’ {aka ‘long unsigned int’} [-Wformat=]
2026-10-08T15:24:01.8056292Z  1038 |   printf("c nbFailedLits %d, nbI %d, fixedVarsByFL %d, totalFixedVars %d, nbTested: %d, counter %llu\n",
2026-10-08T15:24:01.8057626Z       |                                                                                                 ~~~^
2026-10-08T15:24:01.8058604Z       |                                                                                                    |
2026-10-08T15:24:01.8059616Z       |                                                                                                    long long unsigned int
2026-10-08T15:24:01.8060978Z       |                                                                                                 %lu
2026-10-08T15:24:01.8062723Z  1039 |          nbFailedLits, nbI, trail.size()-initTrail, trail.size(), nbTested, counter);
2026-10-08T15:24:01.8069351Z       |                                                                             ~~~~~~~                 
2026-10-08T15:24:01.8070517Z       |                                                                             |
2026-10-08T15:24:01.8071552Z       |                                                                             uint64_t {aka long unsigned int}
2026-10-08T15:24:01.8073237Z src/solver/Solver.cc: In member function ‘bool Minisat::Solver::simplifyOriginalClauses()’:
2026-10-08T15:24:01.8075522Z src/solver/Solver.cc:1179:40: warning: format ‘%llu’ expects argument of type ‘long long unsigned int’, but argument 2 has type ‘uint64_t’ {aka ‘long unsigned int’} [-Wformat=]
2026-10-08T15:24:01.8089609Z  1179 |     printf("c total nb of literals: %llu\n", clauses_literals);
2026-10-08T15:24:01.8090896Z       |                                     ~~~^     ~~~~~~~~~~~~~~~~
2026-10-08T15:24:01.8091712Z       |                                        |     |
2026-10-08T15:24:01.8092538Z       |                                        |     uint64_t {aka long unsigned int}
2026-10-08T15:24:01.8093421Z       |                                        long long unsigned int
2026-10-08T15:24:01.8094259Z       |                                     %lu
2026-10-08T15:24:01.8095600Z src/solver/Solver.cc:1173:25: warning: unused variable ‘nbOriginalClauses_before’ [-Wunused-variable]
2026-10-08T15:24:01.8096938Z  1173 |     int last_shorten=0, nbOriginalClauses_before = clauses.size();
2026-10-08T15:24:01.8097883Z       |                         ^~~~~~~~~~~~~~~~~~~~~~~~
2026-10-08T15:24:01.8099171Z src/solver/Solver.cc:1185:17: warning: unused variable ‘begin_simp_time’ [-Wunused-variable]
2026-10-08T15:24:01.8100574Z  1185 |     double      begin_simp_time = cpuTime();
2026-10-08T15:24:01.8101378Z       |                 ^~~~~~~~~~~~~~~
2026-10-08T15:24:01.8102640Z src/solver/Solver.cc:1250:12: warning: variable ‘avg’ set but not used [-Wunused-but-set-variable]
2026-10-08T15:24:01.8103767Z  1250 |     double avg;
2026-10-08T15:24:01.8104348Z       |            ^~~
2026-10-08T15:24:01.8169673Z src/solver/Solver.cc: In member function ‘Minisat::CRef Minisat::Solver::propagate()’:
2026-10-08T15:24:01.8172285Z src/solver/Solver.cc:2005:31: warning: comparison of integer expressions of different signedness: ‘unsigned int’ and ‘int’ [-Wsign-compare]
2026-10-08T15:24:01.8173804Z  2005 |             if (c.lastPoint() > c.size())
2026-10-08T15:24:01.8174580Z       |                 ~~~~~~~~~~~~~~^~~~~~~~~~
2026-10-08T15:24:01.8176215Z src/solver/Solver.cc:2024:31: warning: comparison of integer expressions of different signedness: ‘int’ and ‘unsigned int’ [-Wsign-compare]
2026-10-08T15:24:01.8177657Z  2024 |             for (int k = 2; k < c.lastPoint(); k++) {
2026-10-08T15:24:01.8178423Z       |                             ~~^~~~~~~~~~~~~~~
2026-10-08T15:24:01.8180142Z src/solver/Solver.cc:2076:49: warning: comparison of integer expressions of different signedness: ‘int’ and ‘uint64_t’ {aka ‘long unsigned int’} [-Wsign-compare]
2026-10-08T15:24:01.8181918Z  2076 |     if (confl == CRef_Undef && falseLits.size() >= UB)
2026-10-08T15:24:01.8182708Z       |                                ~~~~~~~~~~~~~~~~~^~~~~
2026-10-08T15:24:01.8183935Z src/solver/Solver.cc:2072:1: warning: label ‘ExitProp’ defined but not used [-Wunused-label]
2026-10-08T15:24:01.8185016Z  2072 | ExitProp:;
2026-10-08T15:24:01.8185577Z       | ^~~~~~~~
2026-10-08T15:24:01.8199396Z src/solver/Solver.cc: In member function ‘void Minisat::Solver::getAllUIP(Minisat::vec<Minisat::Lit>&, int&, int&)’:
2026-10-08T15:24:01.8201268Z src/solver/Solver.cc:2177:9: warning: variable ‘myLevel’ set but not used [-Wunused-but-set-variable]
2026-10-08T15:24:01.8202426Z  2177 |     int myLevel = decisionLevel() +1;
2026-10-08T15:24:01.8203137Z       |         ^~~~~~~
2026-10-08T15:24:01.8205032Z src/solver/Solver.cc: In member function ‘void Minisat::Solver::analyzeSoftConflict(Minisat::vec<Minisat::Lit>&, int&, int&)’:
2026-10-08T15:24:01.8207379Z src/solver/Solver.cc:2196:26: warning: comparison of integer expressions of different signedness: ‘int’ and ‘uint64_t’ {aka ‘long unsigned int’} [-Wsign-compare]
2026-10-08T15:24:01.8208963Z  2196 |     if (falseLits.size() >= UB)
2026-10-08T15:24:01.8209709Z       |         ~~~~~~~~~~~~~~~~~^~~~~
2026-10-08T15:24:01.8211736Z src/solver/Solver.cc:2206:26: warning: comparison of integer expressions of different signedness: ‘int’ and ‘uint64_t’ {aka ‘long unsigned int’} [-Wsign-compare]
2026-10-08T15:24:01.8213270Z  2206 |     if (falseLits.size() > UB) {
2026-10-08T15:24:01.8213986Z       |         ~~~~~~~~~~~~~~~~~^~~~
2026-10-08T15:24:01.8250156Z src/solver/Solver.cc: In member function ‘bool Minisat::Solver::simplifyLearnt_local()’:
2026-10-08T15:24:01.8252299Z src/solver/Solver.cc:2631:34: warning: comparison of integer expressions of different signedness: ‘unsigned int’ and ‘int’ [-Wsign-compare]
2026-10-08T15:24:01.8253664Z  2631 |                     if (nblevels < c.lbd()){
2026-10-08T15:24:01.8254387Z       |                         ~~~~~~~~~^~~~~~~~~
2026-10-08T15:24:01.8255773Z src/solver/Solver.cc:2559:7: warning: unused variable ‘learnts_local_size_before’ [-Wunused-variable]
2026-10-08T15:24:01.8257098Z  2559 |   int learnts_local_size_before = learnts_local.size();
2026-10-08T15:24:01.8257943Z       |       ^~~~~~~~~~~~~~~~~~~~~~~~~
2026-10-08T15:24:01.8259035Z src/solver/Solver.cc:2560:7: warning: unused variable ‘savedTrail’ [-Wunused-variable]
2026-10-08T15:24:01.8260093Z  2560 |   int savedTrail = trail.size();
2026-10-08T15:24:01.8261098Z       |       ^~~~~~~~~~
2026-10-08T15:24:01.8269945Z src/solver/Solver.cc: In member function ‘void Minisat::Solver::reduceDB_core()’:
2026-10-08T15:24:01.8271862Z src/solver/Solver.cc:2772:9: warning: unused variable ‘totalLocalSize’ [-Wunused-variable]
2026-10-08T15:24:01.8273022Z  2772 |     int totalLocalSize=0, removedSize=0;
2026-10-08T15:24:01.8273774Z       |         ^~~~~~~~~~~~~~
2026-10-08T15:24:01.8274935Z src/solver/Solver.cc:2772:27: warning: unused variable ‘removedSize’ [-Wunused-variable]
2026-10-08T15:24:01.8276053Z  2772 |     int totalLocalSize=0, removedSize=0;
2026-10-08T15:24:01.8276815Z       |                           ^~~~~~~~~~~
2026-10-08T15:24:01.8297564Z src/solver/Solver.cc: In member function ‘Minisat::CRef Minisat::Solver::lPropagate()’:
2026-10-08T15:24:01.8299742Z src/solver/Solver.cc:3022:20: warning: comparison of integer expressions of different signedness: ‘uint64_t’ {aka ‘long unsigned int’} and ‘int’ [-Wsign-compare]
2026-10-08T15:24:01.8301859Z  3022 |   if (UB > 1 && UB == falseLits.size() + 1 && decisionLevel() < hardenLevel) {
2026-10-08T15:24:01.8302833Z       |                 ~~~^~~~~~~~~~~~~~~~~~~~~~~
2026-10-08T15:24:01.8320016Z src/solver/Solver.cc: In member function ‘void Minisat::Solver::identifyClausesToSplit(Minisat::vec<unsigned int>&)’:
2026-10-08T15:24:01.8322928Z src/solver/Solver.cc:3170:46: warning: comparison of integer expressions of different signedness: ‘int’ and ‘uint64_t’ {aka ‘long unsigned int’} [-Wsign-compare]
2026-10-08T15:24:01.8324527Z  3170 |     for(j=i+1; j<cs.size() && 2*nbCommunLits >= UB; j++) {
2026-10-08T15:24:01.8325323Z       |                               ~~~~~~~~~~~~~~~^~~~~
2026-10-08T15:24:01.8381695Z src/solver/Solver.cc: In member function ‘Minisat::lbool Minisat::Solver::search(int&)’:
2026-10-08T15:24:01.8383794Z src/solver/Solver.cc:3821:31: warning: format ‘%llu’ expects argument of type ‘long long unsigned int’, but argument 2 has type ‘uint64_t’ {aka ‘long unsigned int’} [-Wformat=]
2026-10-08T15:24:01.8386080Z  3821 |               printf("c UB=%llu succs, confls=%llu, hconfls=%llu, core %d, tier2 %d, local %d,  %d soft cls unsat (%d at L0), %d fixed vars at L0, softCnfl %d, nbFlyRd %d, nbFixedLH %llu\n",
2026-10-08T15:24:01.8387464Z       |                            ~~~^
2026-10-08T15:24:01.8388101Z       |                               |
2026-10-08T15:24:01.8388741Z       |                               long long unsigned int
2026-10-08T15:24:01.8389400Z       |                            %lu
2026-10-08T15:24:01.8390692Z  3822 |                      UB, conflicts, conflicts-softConflicts, learnts_core.size(), learnts_tier2.size(), learnts_local.size(),
2026-10-08T15:24:01.8392067Z       |                      ~~        
2026-10-08T15:24:01.8392775Z       |                      |
2026-10-08T15:24:01.8393475Z       |                      uint64_t {aka long unsigned int}
2026-10-08T15:24:01.8395398Z src/solver/Solver.cc:3821:50: warning: format ‘%llu’ expects argument of type ‘long long unsigned int’, but argument 3 has type ‘uint64_t’ {aka ‘long unsigned int’} [-Wformat=]
2026-10-08T15:24:01.8397629Z  3821 |               printf("c UB=%llu succs, confls=%llu, hconfls=%llu, core %d, tier2 %d, local %d,  %d soft cls unsat (%d at L0), %d fixed vars at L0, softCnfl %d, nbFlyRd %d, nbFixedLH %llu\n",
2026-10-08T15:24:01.8399075Z       |                                               ~~~^
2026-10-08T15:24:01.8399765Z       |                                                  |
2026-10-08T15:24:01.8400738Z       |                                                  long long unsigned int
2026-10-08T15:24:01.8401486Z       |                                               %lu
2026-10-08T15:24:01.8402939Z  3822 |                      UB, conflicts, conflicts-softConflicts, learnts_core.size(), learnts_tier2.size(), learnts_local.size(),
2026-10-08T15:24:01.8404247Z       |                          ~~~~~~~~~                
2026-10-08T15:24:01.8404940Z       |                          |
2026-10-08T15:24:01.8405674Z       |                          uint64_t {aka long unsigned int}
2026-10-08T15:24:01.8407526Z src/solver/Solver.cc:3821:64: warning: format ‘%llu’ expects argument of type ‘long long unsigned int’, but argument 4 has type ‘uint64_t’ {aka ‘long unsigned int’} [-Wformat=]
2026-10-08T15:24:01.8409880Z  3821 |               printf("c UB=%llu succs, confls=%llu, hconfls=%llu, core %d, tier2 %d, local %d,  %d soft cls unsat (%d at L0), %d fixed vars at L0, softCnfl %d, nbFlyRd %d, nbFixedLH %llu\n",
2026-10-08T15:24:01.8411749Z       |                                                             ~~~^
2026-10-08T15:24:01.8412585Z       |                                                                |
2026-10-08T15:24:01.8413486Z       |                                                                long long unsigned int
2026-10-08T15:24:01.8414371Z       |                                                             %lu
2026-10-08T15:24:01.8415589Z  3822 |                      UB, conflicts, conflicts-softConflicts, learnts_core.size(), learnts_tier2.size(), learnts_local.size(),
2026-10-08T15:24:01.8416900Z       |                                     ~~~~~~~~~~~~~~~~~~~~~~~     
2026-10-08T15:24:01.8417699Z       |                                              |
2026-10-08T15:24:01.8418534Z       |                                              uint64_t {aka long unsigned int}
2026-10-08T15:24:01.8421058Z src/solver/Solver.cc:3821:186: warning: format ‘%llu’ expects argument of type ‘long long unsigned int’, but argument 13 has type ‘uint64_t’ {aka ‘long unsigned int’} [-Wformat=]
2026-10-08T15:24:01.8423458Z  3821 |               printf("c UB=%llu succs, confls=%llu, hconfls=%llu, core %d, tier2 %d, local %d,  %d soft cls unsat (%d at L0), %d fixed vars at L0, softCnfl %d, nbFlyRd %d, nbFixedLH %llu\n",
2026-10-08T15:24:01.8425300Z       |                                                                                                                                                                                       ~~~^
2026-10-08T15:24:01.8426705Z       |                                                                                                                                                                                          |
2026-10-08T15:24:01.8428145Z       |                                                                                                                                                                                          long long unsigned int
2026-10-08T15:24:01.8429612Z       |                                                                                                                                                                                       %lu
2026-10-08T15:24:01.8431472Z  3822 |                      UB, conflicts, conflicts-softConflicts, learnts_core.size(), learnts_tier2.size(), learnts_local.size(),
2026-10-08T15:24:01.8433059Z  3823 |                      falseLits.size(), nbFalses, nbFixeds, pureSoftConfl, nbFlyReduced, nbFixedByLH);
2026-10-08T15:24:01.8434471Z       |                                                                                         ~~~~~~~~~~~                                                                                       
2026-10-08T15:24:01.8435602Z       |                                                                                         |
2026-10-08T15:24:01.8436556Z       |                                                                                         uint64_t {aka long unsigned int}
2026-10-08T15:24:01.8438488Z src/solver/Solver.cc:3825:48: warning: format ‘%llu’ expects argument of type ‘long long unsigned int’, but argument 3 has type ‘uint64_t’ {aka ‘long unsigned int’} [-Wformat=]
2026-10-08T15:24:01.8441332Z  3825 |               printf("c nbHardens %d (fixed %llu), shorten: %llu, prunedLB %4.2f, dev %4.2f, succRate %4.2f, nbSucc %llu, lk: %llu, shorten: %llu, quasiC: %llu (fixed: %llu)\n\n",
2026-10-08T15:24:01.8442874Z       |                                             ~~~^
2026-10-08T15:24:01.8443606Z       |                                                |
2026-10-08T15:24:01.8444392Z       |                                                long long unsigned int
2026-10-08T15:24:01.8445245Z       |                                             %lu
2026-10-08T15:24:01.8446978Z  3826 |                      nbHardens, fixedByHardens, nbSavedLits, meanLB, dev, succRate, nbLKsuccess-savednbLKsuccess, LOOKAHEAD-savedLOOKAHEAD, nbSavedLits, quasiSoftConflicts, fixedByQuasiConfl);
2026-10-08T15:24:01.8448851Z       |                                 ~~~~~~~~~~~~~~  
2026-10-08T15:24:01.8449591Z       |                                 |
2026-10-08T15:24:01.8450608Z       |                                 uint64_t {aka long unsigned int}
2026-10-08T15:24:01.8452576Z src/solver/Solver.cc:3825:64: warning: format ‘%llu’ expects argument of type ‘long long unsigned int’, but argument 4 has type ‘uint64_t’ {aka ‘long unsigned int’} [-Wformat=]
2026-10-08T15:24:01.8454880Z  3825 |               printf("c nbHardens %d (fixed %llu), shorten: %llu, prunedLB %4.2f, dev %4.2f, succRate %4.2f, nbSucc %llu, lk: %llu, shorten: %llu, quasiC: %llu (fixed: %llu)\n\n",
2026-10-08T15:24:01.8456332Z       |                                                             ~~~^
2026-10-08T15:24:01.8457056Z       |                                                                |
2026-10-08T15:24:01.8458154Z       |                                                                long long unsigned int
2026-10-08T15:24:01.8458940Z       |                                                             %lu
2026-10-08T15:24:01.8460773Z  3826 |                      nbHardens, fixedByHardens, nbSavedLits, meanLB, dev, succRate, nbLKsuccess-savednbLKsuccess, LOOKAHEAD-savedLOOKAHEAD, nbSavedLits, quasiSoftConflicts, fixedByQuasiConfl);
2026-10-08T15:24:01.8462277Z       |                                                 ~~~~~~~~~~~     
2026-10-08T15:24:01.8462937Z       |                                                 |
2026-10-08T15:24:01.8463623Z       |                                                 uint64_t {aka long unsigned int}
2026-10-08T15:24:01.8465344Z src/solver/Solver.cc:3825:120: warning: format ‘%llu’ expects argument of type ‘long long unsigned int’, but argument 8 has type ‘uint64_t’ {aka ‘long unsigned int’} [-Wformat=]
2026-10-08T15:24:01.8467486Z  3825 |               printf("c nbHardens %d (fixed %llu), shorten: %llu, prunedLB %4.2f, dev %4.2f, succRate %4.2f, nbSucc %llu, lk: %llu, shorten: %llu, quasiC: %llu (fixed: %llu)\n\n",
2026-10-08T15:24:01.8469029Z       |                                                                                                                     ~~~^
2026-10-08T15:24:01.8470043Z       |                                                                                                                        |
2026-10-08T15:24:01.8471561Z       |                                                                                                                        long long unsigned int
2026-10-08T15:24:01.8472730Z       |                                                                                                                     %lu
2026-10-08T15:24:01.8474684Z  3826 |                      nbHardens, fixedByHardens, nbSavedLits, meanLB, dev, succRate, nbLKsuccess-savednbLKsuccess, LOOKAHEAD-savedLOOKAHEAD, nbSavedLits, quasiSoftConflicts, fixedByQuasiConfl);
2026-10-08T15:24:01.8476639Z       |                                                                                     ~~~~~~~~~~~~~~~~~~~~~~~~~~~~        
2026-10-08T15:24:01.8477671Z       |                                                                                                |
2026-10-08T15:24:01.8478996Z       |                                                                                                uint64_t {aka long unsigned int}
2026-10-08T15:24:01.8481351Z src/solver/Solver.cc:3825:130: warning: format ‘%llu’ expects argument of type ‘long long unsigned int’, but argument 9 has type ‘uint64_t’ {aka ‘long unsigned int’} [-Wformat=]
2026-10-08T15:24:01.8483678Z  3825 |               printf("c nbHardens %d (fixed %llu), shorten: %llu, prunedLB %4.2f, dev %4.2f, succRate %4.2f, nbSucc %llu, lk: %llu, shorten: %llu, quasiC: %llu (fixed: %llu)\n\n",
2026-10-08T15:24:01.8485236Z       |                                                                                                                               ~~~^
2026-10-08T15:24:01.8486282Z       |                                                                                                                                  |
2026-10-08T15:24:01.8487422Z       |                                                                                                                                  long long unsigned int
2026-10-08T15:24:01.8488626Z       |                                                                                                                               %lu
2026-10-08T15:24:01.8490802Z  3826 |                      nbHardens, fixedByHardens, nbSavedLits, meanLB, dev, succRate, nbLKsuccess-savednbLKsuccess, LOOKAHEAD-savedLOOKAHEAD, nbSavedLits, quasiSoftConflicts, fixedByQuasiConfl);
2026-10-08T15:24:01.8492800Z       |                                                                                                                   ~~~~~~~~~~~~~~~~~~~~~~~~
2026-10-08T15:24:01.8494320Z       |                                                                                                                            |
2026-10-08T15:24:01.8495554Z       |                                                                                                                            uint64_t {aka long unsigned int}
2026-10-08T15:24:01.8497741Z src/solver/Solver.cc:3825:145: warning: format ‘%llu’ expects argument of type ‘long long unsigned int’, but argument 10 has type ‘uint64_t’ {aka ‘long unsigned int’} [-Wformat=]
2026-10-08T15:24:01.8500081Z  3825 |               printf("c nbHardens %d (fixed %llu), shorten: %llu, prunedLB %4.2f, dev %4.2f, succRate %4.2f, nbSucc %llu, lk: %llu, shorten: %llu, quasiC: %llu (fixed: %llu)\n\n",
2026-10-08T15:24:01.8502220Z       |                                                                                                                                              ~~~^
2026-10-08T15:24:01.8503392Z       |                                                                                                                                                 |
2026-10-08T15:24:01.8504593Z       |                                                                                                                                                 long long unsigned int
2026-10-08T15:24:01.8505876Z       |                                                                                                                                              %lu
2026-10-08T15:24:01.8507861Z  3826 |                      nbHardens, fixedByHardens, nbSavedLits, meanLB, dev, succRate, nbLKsuccess-savednbLKsuccess, LOOKAHEAD-savedLOOKAHEAD, nbSavedLits, quasiSoftConflicts, fixedByQuasiConfl);
2026-10-08T15:24:01.8509868Z       |                                                                                                                                             ~~~~~~~~~~~
2026-10-08T15:24:01.8511345Z       |                                                                                                                                             |
2026-10-08T15:24:01.8512631Z       |                                                                                                                                             uint64_t {aka long unsigned int}
2026-10-08T15:24:01.8515099Z src/solver/Solver.cc:3825:159: warning: format ‘%llu’ expects argument of type ‘long long unsigned int’, but argument 11 has type ‘uint64_t’ {aka ‘long unsigned int’} [-Wformat=]
2026-10-08T15:24:01.8517472Z  3825 |               printf("c nbHardens %d (fixed %llu), shorten: %llu, prunedLB %4.2f, dev %4.2f, succRate %4.2f, nbSucc %llu, lk: %llu, shorten: %llu, quasiC: %llu (fixed: %llu)\n\n",
2026-10-08T15:24:01.8519212Z       |                                                                                                                                                            ~~~^
2026-10-08T15:24:01.8520958Z       |                                                                                                                                                               |
2026-10-08T15:24:01.8522344Z       |                                                                                                                                                               long long unsigned int
2026-10-08T15:24:01.8523683Z       |                                                                                                                                                            %lu
2026-10-08T15:24:01.8525595Z  3826 |                      nbHardens, fixedByHardens, nbSavedLits, meanLB, dev, succRate, nbLKsuccess-savednbLKsuccess, LOOKAHEAD-savedLOOKAHEAD, nbSavedLits, quasiSoftConflicts, fixedByQuasiConfl);
2026-10-08T15:24:01.8527625Z       |                                                                                                                                                          ~~~~~~~~~~~~~~~~~~
2026-10-08T15:24:01.8529000Z       |                                                                                                                                                          |
2026-10-08T15:24:01.8530886Z       |                                                                                                                                                          uint64_t {aka long unsigned int}
2026-10-08T15:24:01.8533128Z src/solver/Solver.cc:3825:172: warning: format ‘%llu’ expects argument of type ‘long long unsigned int’, but argument 12 has type ‘uint64_t’ {aka ‘long unsigned int’} [-Wformat=]
2026-10-08T15:24:01.8535452Z  3825 |               printf("c nbHardens %d (fixed %llu), shorten: %llu, prunedLB %4.2f, dev %4.2f, succRate %4.2f, nbSucc %llu, lk: %llu, shorten: %llu, quasiC: %llu (fixed: %llu)\n\n",
2026-10-08T15:24:01.8537356Z       |                                                                                                                                                                         ~~~^
2026-10-08T15:24:01.8538652Z       |                                                                                                                                                                            |
2026-10-08T15:24:01.8539961Z       |                                                                                                                                                                            long long unsigned int
2026-10-08T15:24:01.8541655Z       |                                                                                                                                                                         %lu
2026-10-08T15:24:01.8543671Z  3826 |                      nbHardens, fixedByHardens, nbSavedLits, meanLB, dev, succRate, nbLKsuccess-savednbLKsuccess, LOOKAHEAD-savedLOOKAHEAD, nbSavedLits, quasiSoftConflicts, fixedByQuasiConfl);
2026-10-08T15:24:01.8545765Z       |                                                                                                                                                                              ~~~~~~~~~~~~~~~~~
2026-10-08T15:24:01.8547257Z       |                                                                                                                                                                              |
2026-10-08T15:24:01.8548956Z       |                                                                                                                                                                              uint64_t {aka long unsigned int}
2026-10-08T15:24:01.8551009Z src/solver/Solver.cc: In member function ‘Minisat::CRef Minisat::Solver::propagateForLK()’:
2026-10-08T15:24:01.8552968Z src/solver/Solver.cc:3984:27: warning: comparison of integer expressions of different signedness: ‘unsigned int’ and ‘int’ [-Wsign-compare]
2026-10-08T15:24:01.8554417Z  3984 |         if (c.lastPoint() > c.size())
2026-10-08T15:24:01.8555159Z       |             ~~~~~~~~~~~~~~^~~~~~~~~~
2026-10-08T15:24:01.8556720Z src/solver/Solver.cc:4003:27: warning: comparison of integer expressions of different signedness: ‘int’ and ‘unsigned int’ [-Wsign-compare]
2026-10-08T15:24:01.8558254Z  4003 |         for (int k = 2; k < c.lastPoint(); k++) {
2026-10-08T15:24:01.8559060Z       |                         ~~^~~~~~~~~~~~~~~
2026-10-08T15:24:01.8561056Z src/solver/Solver.cc: In member function ‘void Minisat::Solver::analyzeQuasiSoftConflict(Minisat::vec<Minisat::Lit>&, int&, int&)’:
2026-10-08T15:24:01.8563347Z src/solver/Solver.cc:4508:26: warning: comparison of integer expressions of different signedness: ‘int’ and ‘uint64_t’ {aka ‘long unsigned int’} [-Wsign-compare]
2026-10-08T15:24:01.8564824Z  4508 |     if (falseLits.size() > UB) {
2026-10-08T15:24:01.8565561Z       |         ~~~~~~~~~~~~~~~~~^~~~
2026-10-08T15:24:01.8582937Z src/solver/Solver.cc: In member function ‘bool Minisat::Solver::lookahead()’:
2026-10-08T15:24:01.8584963Z src/solver/Solver.cc:4849:17: warning: comparison of integer expressions of different signedness: ‘uint64_t’ {aka ‘long unsigned int’} and ‘int’ [-Wsign-compare]
2026-10-08T15:24:01.8586846Z  4849 |   if (conflicts > prevConflicts) {
2026-10-08T15:24:01.8587582Z       |       ~~~~~~~~~~^~~~~~~~~~~~~~~
2026-10-08T15:24:01.8612486Z src/solver/Solver.cc: In member function ‘void Minisat::Solver::addHardClausesForSoftClauses()’:
2026-10-08T15:24:01.8614689Z src/solver/Solver.cc:5094:70: warning: format ‘%llu’ expects argument of type ‘long long unsigned int’, but argument 5 has type ‘uint64_t’ {aka ‘long unsigned int’} [-Wformat=]
2026-10-08T15:24:01.8616540Z  5094 |   printf("c nb soft clauses: %d, of which %d unit, %d nonUnit and %llu empty\n",
2026-10-08T15:24:01.8617614Z       |                                                                   ~~~^
2026-10-08T15:24:01.8618465Z       |                                                                      |
2026-10-08T15:24:01.8619373Z       |                                                                      long long unsigned int
2026-10-08T15:24:01.8620538Z       |                                                                   %lu
2026-10-08T15:24:01.8621533Z  5095 |          softClauses.size(), nbUnitSoft, nbNonUnitSoft, solutionCost);
2026-10-08T15:24:01.8622474Z       |                                                         ~~~~~~~~~~~~  
2026-10-08T15:24:01.8623315Z       |                                                         |
2026-10-08T15:24:01.8624188Z       |                                                         uint64_t {aka long unsigned int}
2026-10-08T15:24:01.8637914Z src/solver/Solver.cc: In member function ‘void Minisat::Solver::printBestSolution() const’:
2026-10-08T15:24:01.8639896Z src/solver/Solver.cc:5245:49: warning: format ‘%llu’ expects argument of type ‘long long unsigned int’, but argument 2 has type ‘long unsigned int’ [-Wformat=]
2026-10-08T15:24:01.8641795Z  5245 |     printf("c   unsat soft clauses (search): %llu\n", bestSup);
2026-10-08T15:24:01.8642714Z       |                                              ~~~^     ~~~~~~~
2026-10-08T15:24:01.8643480Z       |                                                 |     |
2026-10-08T15:24:01.8644314Z       |                                                 |     long unsigned int
2026-10-08T15:24:01.8645220Z       |                                                 long long unsigned int
2026-10-08T15:24:01.8646049Z       |                                              %lu
2026-10-08T15:24:01.8648323Z src/solver/Solver.cc:5246:53: warning: format ‘%llu’ expects argument of type ‘long long unsigned int’, but argument 2 has type ‘uint64_t’ {aka ‘long unsigned int’} [-Wformat=]
2026-10-08T15:24:01.8650439Z  5246 |     printf("c   satisfied soft clauses (maxsat): %llu\n", maxsat);
2026-10-08T15:24:01.8651366Z       |                                                  ~~~^     ~~~~~~
2026-10-08T15:24:01.8652201Z       |                                                     |     |
2026-10-08T15:24:01.8653109Z       |                                                     |     uint64_t {aka long unsigned int}
2026-10-08T15:24:01.8654060Z       |                                                     long long unsigned int
2026-10-08T15:24:01.8654975Z       |                                                  %lu
2026-10-08T15:24:01.8656821Z src/solver/Solver.cc:5247:39: warning: format ‘%llu’ expects argument of type ‘long long unsigned int’, but argument 2 has type ‘uint64_t’ {aka ‘long unsigned int’} [-Wformat=]
2026-10-08T15:24:01.8658509Z  5247 |     printf("c   total weight cost: %llu\n", optimal);
2026-10-08T15:24:01.8659408Z       |                                    ~~~^     ~~~~~~~
2026-10-08T15:24:01.8660427Z       |                                       |     |
2026-10-08T15:24:01.8661291Z       |                                       |     uint64_t {aka long unsigned int}
2026-10-08T15:24:01.8662198Z       |                                       long long unsigned int
2026-10-08T15:24:01.8663001Z       |                                    %lu
2026-10-08T15:24:01.8664248Z src/solver/Solver.cc: In member function ‘void Minisat::Solver::checkSolution()’:
2026-10-08T15:24:01.8666580Z src/solver/Solver.cc:5263:15: warning: comparison of integer expressions of different signedness: ‘int’ and ‘uint64_t’ {aka ‘long unsigned int’} [-Wsign-compare]
2026-10-08T15:24:01.8668311Z  5263 |   if (nbFalse != falseLits.size()+fixedCostBySearch + relaxedCost)
2026-10-08T15:24:01.8669320Z       |       ~~~~~~~~^~~~~~~~~~~~~~~~~~~~~~~~~~~~~~~~~~~~~~~~~~~~~~~~~~~
2026-10-08T15:24:01.8671572Z src/solver/Solver.cc:5264:92: warning: format ‘%llu’ expects argument of type ‘long long unsigned int’, but argument 3 has type ‘uint64_t’ {aka ‘long unsigned int’} [-Wformat=]
2026-10-08T15:24:01.8673506Z  5264 |     printf("c **** error nb of false soft clauses real nbfalse: %d, recorded falseLits: %llu****\n",
2026-10-08T15:24:01.8674699Z       |                                                                                         ~~~^
2026-10-08T15:24:01.8675674Z       |                                                                                            |
2026-10-08T15:24:01.8676706Z       |                                                                                            long long unsigned int
2026-10-08T15:24:01.8677769Z       |                                                                                         %lu
2026-10-08T15:24:01.8678794Z  5265 |            nbFalse, falseLits.size()+fixedCostBySearch+relaxedCost);
2026-10-08T15:24:01.8679871Z       |                     ~~~~~~~~~~~~~~~~~~~~~~~~~~~~~~~~~~~~~~~~~~~~~~                          
2026-10-08T15:24:01.8681068Z       |                                                       |
2026-10-08T15:24:01.8681938Z       |                                                       uint64_t {aka long unsigned int}
2026-10-08T15:24:01.8683305Z src/solver/Solver.cc: In member function ‘void Minisat::Solver::partition()’:
2026-10-08T15:24:01.8685159Z src/solver/Solver.cc:5385:31: warning: comparison of integer expressions of different signedness: ‘unsigned int’ and ‘int’ [-Wsign-compare]
2026-10-08T15:24:01.8686614Z  5385 |         if (conflicted[var(q)]==iset.size()) {
2026-10-08T15:24:01.8688267Z src/solver/Solver.cc:5395:32: warning: comparison of integer expressions of different signedness: ‘unsigned int’ and ‘int’ [-Wsign-compare]
2026-10-08T15:24:01.8689712Z  5395 |         if (conflicted[var(q)] < iset.size())
2026-10-08T15:24:01.8691660Z src/solver/Solver.cc:5454:50: warning: comparison of integer expressions of different signedness: ‘unsigned int’ and ‘int’ [-Wsign-compare]
2026-10-08T15:24:01.8693453Z  5454 |         if (q != lit_Undef && conflicted[var(q)] == iset.size()) {
2026-10-08T15:24:01.8695772Z src/solver/Solver.cc:5519:38: warning: format ‘%llu’ expects argument of type ‘long long unsigned int’, but argument 3 has type ‘uint64_t’ {aka ‘long unsigned int’} [-Wformat=]
2026-10-08T15:24:01.8697237Z  5519 |   printf("c isets %d, derivedCost %llu\n", nbIsets, derivedCost);
2026-10-08T15:24:01.8697922Z       |                                   ~~~^              ~~~~~~~~~~~
2026-10-08T15:24:01.8698466Z       |                                      |              |
2026-10-08T15:24:01.8699077Z       |                                      |              uint64_t {aka long unsigned int}
2026-10-08T15:24:01.8699703Z       |                                      long long unsigned int
2026-10-08T15:24:01.8700470Z       |                                   %lu
2026-10-08T15:24:01.8724316Z src/solver/Solver.cc: In member function ‘Minisat::CRef Minisat::Solver::simplepropagateForLK()’:
2026-10-08T15:24:01.8726330Z src/solver/Solver.cc:5666:27: warning: comparison of integer expressions of different signedness: ‘unsigned int’ and ‘int’ [-Wsign-compare]
2026-10-08T15:24:01.8727774Z  5666 |         if (c.lastPoint() > c.size())
2026-10-08T15:24:01.8728535Z       |             ~~~~~~~~~~~~~~^~~~~~~~~~
2026-10-08T15:24:01.8730448Z src/solver/Solver.cc:5680:27: warning: comparison of integer expressions of different signedness: ‘int’ and ‘unsigned int’ [-Wsign-compare]
2026-10-08T15:24:01.8731965Z  5680 |         for (int k = 2; k < c.lastPoint(); k++) {
2026-10-08T15:24:01.8733107Z       |                         ~~^~~~~~~~~~~~~~~
2026-10-08T15:24:01.8794701Z src/solver/Solver.cc: In member function ‘void Minisat::Solver::addCardinalityConstraints()’:
2026-10-08T15:24:01.8796998Z src/solver/Solver.cc:6210:64: warning: format ‘%llu’ expects argument of type ‘long long unsigned int’, but argument 2 has type ‘uint64_t’ {aka ‘long unsigned int’} [-Wformat=]
2026-10-08T15:24:01.8798830Z  6210 |       printf("\nc Cardinality: off (soft-conflict only), UB %llu\n", UB);
2026-10-08T15:24:01.8799859Z       |                                                             ~~~^     ~~
2026-10-08T15:24:01.8800992Z       |                                                                |     |
2026-10-08T15:24:01.8801926Z       |                                                                |     uint64_t {aka long unsigned int}
2026-10-08T15:24:01.8802874Z       |                                                                long long unsigned int
2026-10-08T15:24:01.8803685Z       |                                                             %lu
2026-10-08T15:24:01.8805523Z src/solver/Solver.cc:6240:82: warning: comparison of integer expressions of different signedness: ‘int’ and ‘uint64_t’ {aka ‘long unsigned int’} [-Wsign-compare]
2026-10-08T15:24:01.8807402Z  6240 |   if (activeSoftLits.size() < 2 || UB - 1 - nbFalse < 1 || activeSoftLits.size() <= UB - 1 - nbFalse
2026-10-08T15:24:01.8808738Z       |                                                            ~~~~~~~~~~~~~~~~~~~~~~^~~~~~~~~~~~~~~~~~~
2026-10-08T15:24:01.8811084Z src/solver/Solver.cc:6259:46: warning: format ‘%llu’ expects argument of type ‘long long unsigned int’, but argument 4 has type ‘uint64_t’ {aka ‘long unsigned int’} [-Wformat=]
2026-10-08T15:24:01.8812988Z  6259 |   printf("\nc Cardinality: %d (%s) for UB %llu\n", cardinalityC.size(), enc, UB);
2026-10-08T15:24:01.8814071Z       |                                           ~~~^                               ~~
2026-10-08T15:24:01.8814967Z       |                                              |                               |
2026-10-08T15:24:01.8816064Z       |                                              long long unsigned int          uint64_t {aka long unsigned int}
2026-10-08T15:24:01.8817087Z       |                                           %lu
2026-10-08T15:24:01.8846874Z src/solver/Solver.cc: In member function ‘Minisat::lbool Minisat::Solver::solve_()’:
2026-10-08T15:24:01.8849486Z src/solver/Solver.cc:6608:79: warning: format ‘%llu’ expects argument of type ‘long long unsigned int’, but argument 5 has type ‘uint64_t’ {aka ‘long unsigned int’} [-Wformat=]
2026-10-08T15:24:01.8851667Z  6608 |     printf("c fixedCost %d, nbSatLits %d, totalFixedVars %d, objForSearch: %llu\n\n",
2026-10-08T15:24:01.8852810Z       |                                                                            ~~~^
2026-10-08T15:24:01.8853696Z       |                                                                               |
2026-10-08T15:24:01.8854603Z       |                                                                               long long unsigned int
2026-10-08T15:24:01.8855531Z       |                                                                            %lu
2026-10-08T15:24:01.8856387Z  6609 |                 fixedCost, nbSatLits, trail.size(), objForSearch);
2026-10-08T15:24:01.8857214Z       |                                                     ~~~~~~~~~~~~               
2026-10-08T15:24:01.8857952Z       |                                                     |
2026-10-08T15:24:01.8858697Z       |                                                     uint64_t {aka long unsigned int}
2026-10-08T15:24:01.8860924Z src/solver/Solver.cc:6637:35: warning: format ‘%llu’ expects argument of type ‘long long unsigned int’, but argument 2 has type ‘uint64_t’ {aka ‘long unsigned int’} [-Wformat=]
2026-10-08T15:24:01.8862621Z  6637 |         printf("c provided UB: %llu\n", providedUB);
2026-10-08T15:24:01.8863399Z       |                                ~~~^     ~~~~~~~~~~
2026-10-08T15:24:01.8864466Z       |                                   |     |
2026-10-08T15:24:01.8865289Z       |                                   |     uint64_t {aka long unsigned int}
2026-10-08T15:24:01.8866174Z       |                                   long long unsigned int
2026-10-08T15:24:01.8866949Z       |                                %lu
2026-10-08T15:24:01.8868658Z src/solver/Solver.cc:6640:54: warning: format ‘%llu’ expects argument of type ‘long long unsigned int’, but argument 2 has type ‘uint64_t’ {aka ‘long unsigned int’} [-Wformat=]
2026-10-08T15:24:01.8871280Z  6640 |         printf("c provided UB is invalide: initUB %llu, solCost %llu, costbySearch %llu, derivedCost %llu, relaxedCost: %llu\n", initUB, solutionCost, fixedCostBySearch, derivedCost, relaxedCost);
2026-10-08T15:24:01.8873120Z       |                                                   ~~~^                                                                           ~~~~~~
2026-10-08T15:24:01.8874195Z       |                                                      |                                                                           |
2026-10-08T15:24:01.8875498Z       |                                                      long long unsigned int                                                      uint64_t {aka long unsigned int}
2026-10-08T15:24:01.8876641Z       |                                                   %lu
2026-10-08T15:24:01.8878479Z src/solver/Solver.cc:6640:68: warning: format ‘%llu’ expects argument of type ‘long long unsigned int’, but argument 3 has type ‘uint64_t’ {aka ‘long unsigned int’} [-Wformat=]
2026-10-08T15:24:01.8881106Z  6640 |         printf("c provided UB is invalide: initUB %llu, solCost %llu, costbySearch %llu, derivedCost %llu, relaxedCost: %llu\n", initUB, solutionCost, fixedCostBySearch, derivedCost, relaxedCost);
2026-10-08T15:24:01.8882905Z       |                                                                 ~~~^                                                                     ~~~~~~~~~~~~
2026-10-08T15:24:01.8884045Z       |                                                                    |                                                                     |
2026-10-08T15:24:01.8885279Z       |                                                                    long long unsigned int                                                uint64_t {aka long unsigned int}
2026-10-08T15:24:01.8886625Z       |                                                                 %lu
2026-10-08T15:24:01.8888383Z src/solver/Solver.cc:6640:87: warning: format ‘%llu’ expects argument of type ‘long long unsigned int’, but argument 4 has type ‘uint64_t’ {aka ‘long unsigned int’} [-Wformat=]
2026-10-08T15:24:01.8890956Z  6640 |         printf("c provided UB is invalide: initUB %llu, solCost %llu, costbySearch %llu, derivedCost %llu, relaxedCost: %llu\n", initUB, solutionCost, fixedCostBySearch, derivedCost, relaxedCost);
2026-10-08T15:24:01.8892947Z       |                                                                                    ~~~^                                                                ~~~~~~~~~~~~~~~~~
2026-10-08T15:24:01.8894296Z       |                                                                                       |                                                                |
2026-10-08T15:24:01.8895740Z       |                                                                                       long long unsigned int                                           uint64_t {aka long unsigned int}
2026-10-08T15:24:01.8896932Z       |                                                                                    %lu
2026-10-08T15:24:01.8898761Z src/solver/Solver.cc:6640:105: warning: format ‘%llu’ expects argument of type ‘long long unsigned int’, but argument 5 has type ‘uint64_t’ {aka ‘long unsigned int’} [-Wformat=]
2026-10-08T15:24:01.8901539Z  6640 |         printf("c provided UB is invalide: initUB %llu, solCost %llu, costbySearch %llu, derivedCost %llu, relaxedCost: %llu\n", initUB, solutionCost, fixedCostBySearch, derivedCost, relaxedCost);
2026-10-08T15:24:01.8903822Z       |                                                                                                      ~~~^                                                                 ~~~~~~~~~~~
2026-10-08T15:24:01.8905145Z       |                                                                                                         |                                                                 |
2026-10-08T15:24:01.8906520Z       |                                                                                                         long long unsigned int                                            uint64_t {aka long unsigned int}
2026-10-08T15:24:01.8907872Z       |                                                                                                      %lu
2026-10-08T15:24:01.8909799Z src/solver/Solver.cc:6640:124: warning: format ‘%llu’ expects argument of type ‘long long unsigned int’, but argument 6 has type ‘uint64_t’ {aka ‘long unsigned int’} [-Wformat=]
2026-10-08T15:24:01.8912493Z  6640 |         printf("c provided UB is invalide: initUB %llu, solCost %llu, costbySearch %llu, derivedCost %llu, relaxedCost: %llu\n", initUB, solutionCost, fixedCostBySearch, derivedCost, relaxedCost);
2026-10-08T15:24:01.8914382Z       |                                                                                                                         ~~~^                                                           ~~~~~~~~~~~
2026-10-08T15:24:01.8915652Z       |                                                                                                                            |                                                           |
2026-10-08T15:24:01.8917076Z       |                                                                                                                            long long unsigned int                                      uint64_t {aka long unsigned int}
2026-10-08T15:24:01.8918437Z       |                                                                                                                         %lu
2026-10-08T15:24:01.8920615Z src/solver/Solver.cc:6662:58: warning: format ‘%llu’ expects argument of type ‘long long unsigned int’, but argument 2 has type ‘uint64_t’ {aka ‘long unsigned int’} [-Wformat=]
2026-10-08T15:24:01.8922649Z  6662 |       printf("c ends of initiationization by VSIDS at %llu conflicts with init %d\n\n",
2026-10-08T15:24:01.8923676Z       |                                                       ~~~^
2026-10-08T15:24:01.8924391Z       |                                                          |
2026-10-08T15:24:01.8925157Z       |                                                          long long unsigned int
2026-10-08T15:24:01.8925943Z       |                                                       %lu
2026-10-08T15:24:01.8926616Z  6663 |              conflicts, init);
2026-10-08T15:24:01.8927270Z       |              ~~~~~~~~~                                    
2026-10-08T15:24:01.8928059Z       |              |
2026-10-08T15:24:01.8928656Z       |              uint64_t {aka long unsigned int}
2026-10-08T15:24:01.8930640Z src/solver/Solver.cc:6692:50: warning: format ‘%llu’ expects argument of type ‘long long unsigned int’, but argument 3 has type ‘uint64_t’ {aka ‘long unsigned int’} [-Wformat=]
2026-10-08T15:24:01.8932367Z  6692 |           printf("c VSIDS phase %d: conflicts %llu, phase %llu, starts %llu, UP %llu\n",
2026-10-08T15:24:01.8933414Z       |                                               ~~~^
2026-10-08T15:24:01.8934179Z       |                                                  |
2026-10-08T15:24:01.8935010Z       |                                                  long long unsigned int
2026-10-08T15:24:01.8935870Z       |                                               %lu
2026-10-08T15:24:01.8936782Z  6693 |                  nbVSIDSphase, conflicts-savedConfl, phase_allotment,
2026-10-08T15:24:01.8937673Z       |                                ~~~~~~~~~~~~~~~~~~~~
2026-10-08T15:24:01.8938755Z       |                                         |
2026-10-08T15:24:01.8939558Z       |                                         uint64_t {aka long unsigned int}
2026-10-08T15:24:01.8941744Z src/solver/Solver.cc:6692:62: warning: format ‘%llu’ expects argument of type ‘long long unsigned int’, but argument 4 has type ‘uint64_t’ {aka ‘long unsigned int’} [-Wformat=]
2026-10-08T15:24:01.8943702Z  6692 |           printf("c VSIDS phase %d: conflicts %llu, phase %llu, starts %llu, UP %llu\n",
2026-10-08T15:24:01.8944848Z       |                                                           ~~~^
2026-10-08T15:24:01.8945665Z       |                                                              |
2026-10-08T15:24:01.8946556Z       |                                                              long long unsigned int
2026-10-08T15:24:01.8947452Z       |                                                           %lu
2026-10-08T15:24:01.8948388Z  6693 |                  nbVSIDSphase, conflicts-savedConfl, phase_allotment,
2026-10-08T15:24:01.8949377Z       |                                                      ~~~~~~~~~~~~~~~
2026-10-08T15:24:01.8950436Z       |                                                      |
2026-10-08T15:24:01.8951334Z       |                                                      uint64_t {aka long unsigned int}
2026-10-08T15:24:01.8953387Z src/solver/Solver.cc:6692:75: warning: format ‘%llu’ expects argument of type ‘long long unsigned int’, but argument 5 has type ‘uint64_t’ {aka ‘long unsigned int’} [-Wformat=]
2026-10-08T15:24:01.8955251Z  6692 |           printf("c VSIDS phase %d: conflicts %llu, phase %llu, starts %llu, UP %llu\n",
2026-10-08T15:24:01.8956330Z       |                                                                        ~~~^
2026-10-08T15:24:01.8957284Z       |                                                                           |
2026-10-08T15:24:01.8958798Z       |                                                                           long long unsigned int
2026-10-08T15:24:01.8959948Z       |                                                                        %lu
2026-10-08T15:24:01.8961740Z  6693 |                  nbVSIDSphase, conflicts-savedConfl, phase_allotment,
2026-10-08T15:24:01.8963385Z  6694 |                  starts-savedRestarts, propagations-savedUP);
2026-10-08T15:24:01.8964933Z       |                  ~~~~~~~~~~~~~~~~~~~~                                      
2026-10-08T15:24:01.8966037Z       |                        |
2026-10-08T15:24:01.8966993Z       |                        uint64_t {aka long unsigned int}
2026-10-08T15:24:01.8987135Z src/solver/Solver.cc:6692:84: warning: format ‘%llu’ expects argument of type ‘long long unsigned int’, but argument 6 has type ‘uint64_t’ {aka ‘long unsigned int’} [-Wformat=]
2026-10-08T15:24:01.8989007Z  6692 |           printf("c VSIDS phase %d: conflicts %llu, phase %llu, starts %llu, UP %llu\n",
2026-10-08T15:24:01.8990080Z       |                                                                                 ~~~^
2026-10-08T15:24:01.8991313Z       |                                                                                    |
2026-10-08T15:24:01.8992289Z       |                                                                                    long long unsigned int
2026-10-08T15:24:01.8993261Z       |                                                                                 %lu
2026-10-08T15:24:01.8994273Z  6693 |                  nbVSIDSphase, conflicts-savedConfl, phase_allotment,
2026-10-08T15:24:01.8995472Z  6694 |                  starts-savedRestarts, propagations-savedUP);
2026-10-08T15:24:01.8996408Z       |                                        ~~~~~~~~~~~~~~~~~~~~                         
2026-10-08T15:24:01.8997259Z       |                                                    |
2026-10-08T15:24:01.8998094Z       |                                                    uint64_t {aka long unsigned int}
2026-10-08T15:24:01.9000005Z src/solver/Solver.cc:6698:48: warning: format ‘%llu’ expects argument of type ‘long long unsigned int’, but argument 3 has type ‘uint64_t’ {aka ‘long unsigned int’} [-Wformat=]
2026-10-08T15:24:01.9002338Z  6698 |           printf("c LRB phase %d: conflicts %llu, phase %llu, starts %llu, UP %llu\n",
2026-10-08T15:24:01.9003272Z       |                                             ~~~^
2026-10-08T15:24:01.9003949Z       |                                                |
2026-10-08T15:24:01.9004725Z       |                                                long long unsigned int
2026-10-08T15:24:01.9005541Z       |                                             %lu
2026-10-08T15:24:01.9006240Z  6699 |                  nbLRBphase, conflicts-savedConfl, phase_allotment,
2026-10-08T15:24:01.9007089Z       |                              ~~~~~~~~~~~~~~~~~~~~
2026-10-08T15:24:01.9007796Z       |                                       |
2026-10-08T15:24:01.9008572Z       |                                       uint64_t {aka long unsigned int}
2026-10-08T15:24:01.9010771Z src/solver/Solver.cc:6698:60: warning: format ‘%llu’ expects argument of type ‘long long unsigned int’, but argument 4 has type ‘uint64_t’ {aka ‘long unsigned int’} [-Wformat=]
2026-10-08T15:24:01.9012569Z  6698 |           printf("c LRB phase %d: conflicts %llu, phase %llu, starts %llu, UP %llu\n",
2026-10-08T15:24:01.9013600Z       |                                                         ~~~^
2026-10-08T15:24:01.9014421Z       |                                                            |
2026-10-08T15:24:01.9015246Z       |                                                            long long unsigned int
2026-10-08T15:24:01.9016089Z       |                                                         %lu
2026-10-08T15:24:01.9017006Z  6699 |                  nbLRBphase, conflicts-savedConfl, phase_allotment,
2026-10-08T15:24:01.9017923Z       |                                                    ~~~~~~~~~~~~~~~
2026-10-08T15:24:01.9018718Z       |                                                    |
2026-10-08T15:24:01.9019571Z       |                                                    uint64_t {aka long unsigned int}
2026-10-08T15:24:01.9021775Z src/solver/Solver.cc:6698:73: warning: format ‘%llu’ expects argument of type ‘long long unsigned int’, but argument 5 has type ‘uint64_t’ {aka ‘long unsigned int’} [-Wformat=]
2026-10-08T15:24:01.9023933Z  6698 |           printf("c LRB phase %d: conflicts %llu, phase %llu, starts %llu, UP %llu\n",
2026-10-08T15:24:01.9025042Z       |                                                                      ~~~^
2026-10-08T15:24:01.9025998Z       |                                                                         |
2026-10-08T15:24:01.9026912Z       |                                                                         long long unsigned int
2026-10-08T15:24:01.9027844Z       |                                                                      %lu
2026-10-08T15:24:01.9028785Z  6699 |                  nbLRBphase, conflicts-savedConfl, phase_allotment,
2026-10-08T15:24:01.9029818Z  6700 |                  starts-savedRestarts, propagations-savedUP);
2026-10-08T15:24:01.9031011Z       |                  ~~~~~~~~~~~~~~~~~~~~                                    
2026-10-08T15:24:01.9031801Z       |                        |
2026-10-08T15:24:01.9032505Z       |                        uint64_t {aka long unsigned int}
2026-10-08T15:24:01.9034412Z src/solver/Solver.cc:6698:82: warning: format ‘%llu’ expects argument of type ‘long long unsigned int’, but argument 6 has type ‘uint64_t’ {aka ‘long unsigned int’} [-Wformat=]
2026-10-08T15:24:01.9036201Z  6698 |           printf("c LRB phase %d: conflicts %llu, phase %llu, starts %llu, UP %llu\n",
2026-10-08T15:24:01.9037280Z       |                                                                               ~~~^
2026-10-08T15:24:01.9038155Z       |                                                                                  |
2026-10-08T15:24:01.9039102Z       |                                                                                  long long unsigned int
2026-10-08T15:24:01.9040608Z       |                                                                               %lu
2026-10-08T15:24:01.9041600Z  6699 |                  nbLRBphase, conflicts-savedConfl, phase_allotment,
2026-10-08T15:24:01.9042604Z  6700 |                  starts-savedRestarts, propagations-savedUP);
2026-10-08T15:24:01.9043553Z       |                                        ~~~~~~~~~~~~~~~~~~~~                       
2026-10-08T15:24:01.9044466Z       |                                                    |
2026-10-08T15:24:01.9045306Z       |                                                    uint64_t {aka long unsigned int}
2026-10-08T15:24:01.9047281Z src/solver/Solver.cc:6745:25: warning: format ‘%llu’ expects argument of type ‘long long unsigned int’, but argument 2 has type ‘uint64_t’ {aka ‘long unsigned int’} [-Wformat=]
2026-10-08T15:24:01.9049258Z  6745 |         printf("c UB=%llu fails, cnfls=%llu, hcnfls=%llu, core %d, tier2 %d, local %d, quasiC: %llu (fixed: %llu)\n",
2026-10-08T15:24:01.9050660Z       |                      ~~~^
2026-10-08T15:24:01.9051327Z       |                         |
2026-10-08T15:24:01.9052035Z       |                         long long unsigned int
2026-10-08T15:24:01.9052766Z       |                      %lu
2026-10-08T15:24:01.9054171Z  6746 |                UB, conflicts, conflicts-softConflicts, learnts_core.size(), learnts_tier2.size(), learnts_local.size(), quasiSoftConflicts, fixedByQuasiConfl);
2026-10-08T15:24:01.9055664Z       |                ~~        
2026-10-08T15:24:01.9056307Z       |                |
2026-10-08T15:24:01.9056930Z       |                uint64_t {aka long unsigned int}
2026-10-08T15:24:01.9058801Z src/solver/Solver.cc:6745:43: warning: format ‘%llu’ expects argument of type ‘long long unsigned int’, but argument 3 has type ‘uint64_t’ {aka ‘long unsigned int’} [-Wformat=]
2026-10-08T15:24:01.9060983Z  6745 |         printf("c UB=%llu fails, cnfls=%llu, hcnfls=%llu, core %d, tier2 %d, local %d, quasiC: %llu (fixed: %llu)\n",
2026-10-08T15:24:01.9062210Z       |                                        ~~~^
2026-10-08T15:24:01.9062930Z       |                                           |
2026-10-08T15:24:01.9063705Z       |                                           long long unsigned int
2026-10-08T15:24:01.9064482Z       |                                        %lu
2026-10-08T15:24:01.9066205Z  6746 |                UB, conflicts, conflicts-softConflicts, learnts_core.size(), learnts_tier2.size(), learnts_local.size(), quasiSoftConflicts, fixedByQuasiConfl);
2026-10-08T15:24:01.9067745Z       |                    ~~~~~~~~~               
2026-10-08T15:24:01.9068426Z       |                    |
2026-10-08T15:24:01.9069126Z       |                    uint64_t {aka long unsigned int}
2026-10-08T15:24:01.9071242Z src/solver/Solver.cc:6745:56: warning: format ‘%llu’ expects argument of type ‘long long unsigned int’, but argument 4 has type ‘uint64_t’ {aka ‘long unsigned int’} [-Wformat=]
2026-10-08T15:24:01.9073253Z  6745 |         printf("c UB=%llu fails, cnfls=%llu, hcnfls=%llu, core %d, tier2 %d, local %d, quasiC: %llu (fixed: %llu)\n",
2026-10-08T15:24:01.9074463Z       |                                                     ~~~^
2026-10-08T15:24:01.9075270Z       |                                                        |
2026-10-08T15:24:01.9076136Z       |                                                        long long unsigned int
2026-10-08T15:24:01.9076962Z       |                                                     %lu
2026-10-08T15:24:01.9078459Z  6746 |                UB, conflicts, conflicts-softConflicts, learnts_core.size(), learnts_tier2.size(), learnts_local.size(), quasiSoftConflicts, fixedByQuasiConfl);
2026-10-08T15:24:01.9080004Z       |                               ~~~~~~~~~~~~~~~~~~~~~~~   
2026-10-08T15:24:01.9081143Z       |                                        |
2026-10-08T15:24:01.9081959Z       |                                        uint64_t {aka long unsigned int}
2026-10-08T15:24:01.9084202Z src/solver/Solver.cc:6745:99: warning: format ‘%llu’ expects argument of type ‘long long unsigned int’, but argument 8 has type ‘uint64_t’ {aka ‘long unsigned int’} [-Wformat=]
2026-10-08T15:24:01.9086146Z  6745 |         printf("c UB=%llu fails, cnfls=%llu, hcnfls=%llu, core %d, tier2 %d, local %d, quasiC: %llu (fixed: %llu)\n",
2026-10-08T15:24:01.9087422Z       |                                                                                                ~~~^
2026-10-08T15:24:01.9088418Z       |                                                                                                   |
2026-10-08T15:24:01.9089464Z       |                                                                                                   long long unsigned int
2026-10-08T15:24:01.9090810Z       |                                                                                                %lu
2026-10-08T15:24:01.9092408Z  6746 |                UB, conflicts, conflicts-softConflicts, learnts_core.size(), learnts_tier2.size(), learnts_local.size(), quasiSoftConflicts, fixedByQuasiConfl);
2026-10-08T15:24:01.9094105Z       |                                                                                                                         ~~~~~~~~~~~~~~~~~~
2026-10-08T15:24:01.9095263Z       |                                                                                                                         |
2026-10-08T15:24:01.9096442Z       |                                                                                                                         uint64_t {aka long unsigned int}
2026-10-08T15:24:01.9098548Z src/solver/Solver.cc:6745:112: warning: format ‘%llu’ expects argument of type ‘long long unsigned int’, but argument 9 has type ‘uint64_t’ {aka ‘long unsigned int’} [-Wformat=]
2026-10-08T15:24:01.9100739Z  6745 |         printf("c UB=%llu fails, cnfls=%llu, hcnfls=%llu, core %d, tier2 %d, local %d, quasiC: %llu (fixed: %llu)\n",
2026-10-08T15:24:01.9102063Z       |                                                                                                             ~~~^
2026-10-08T15:24:01.9103122Z       |                                                                                                                |
2026-10-08T15:24:01.9104487Z       |                                                                                                                long long unsigned int
2026-10-08T15:24:01.9105627Z       |                                                                                                             %lu
2026-10-08T15:24:01.9107186Z  6746 |                UB, conflicts, conflicts-softConflicts, learnts_core.size(), learnts_tier2.size(), learnts_local.size(), quasiSoftConflicts, fixedByQuasiConfl);
2026-10-08T15:24:01.9108926Z       |                                                                                                                                             ~~~~~~~~~~~~~~~~~
2026-10-08T15:24:01.9110167Z       |                                                                                                                                             |
2026-10-08T15:24:01.9111704Z       |                                                                                                                                             uint64_t {aka long unsigned int}
2026-10-08T15:24:01.9113880Z src/solver/Solver.cc:6747:72: warning: format ‘%llu’ expects argument of type ‘long long unsigned int’, but argument 5 has type ‘uint64_t’ {aka ‘long unsigned int’} [-Wformat=]
2026-10-08T15:24:01.9116110Z  6747 |         printf("c prunedLB %4.2f, dev %4.2f, succRate %4.2f, nbSucc %llu, nbHardens %d (fixed %llu), lk: %llu, shorten: %llu, pureSo %d, nbFlyRd %d, nbFixedLH %llu\n",
2026-10-08T15:24:01.9117625Z       |                                                                     ~~~^
2026-10-08T15:24:01.9118479Z       |                                                                        |
2026-10-08T15:24:01.9119702Z       |                                                                        long long unsigned int
2026-10-08T15:24:01.9120851Z       |                                                                     %lu
2026-10-08T15:24:01.9121634Z  6748 |                meanLB, dev, succRate,
2026-10-08T15:24:01.9123121Z  6749 |                nbLKsuccess-savednbLKsuccess, nbHardens, fixedByHardens, LOOKAHEAD-savedLOOKAHEAD, nbSavedLits, pureSoftConfl, nbFlyReduced, nbFixedByLH);
2026-10-08T15:24:01.9124726Z       |                ~~~~~~~~~~~~~~~~~~~~~~~~~~~~                             
2026-10-08T15:24:01.9125509Z       |                           |
2026-10-08T15:24:01.9126232Z       |                           uint64_t {aka long unsigned int}
2026-10-08T15:24:01.9128185Z src/solver/Solver.cc:6747:98: warning: format ‘%llu’ expects argument of type ‘long long unsigned int’, but argument 7 has type ‘uint64_t’ {aka ‘long unsigned int’} [-Wformat=]
2026-10-08T15:24:01.9130686Z  6747 |         printf("c prunedLB %4.2f, dev %4.2f, succRate %4.2f, nbSucc %llu, nbHardens %d (fixed %llu), lk: %llu, shorten: %llu, pureSo %d, nbFlyRd %d, nbFixedLH %llu\n",
2026-10-08T15:24:01.9132274Z       |                                                                                               ~~~^
2026-10-08T15:24:01.9133223Z       |                                                                                                  |
2026-10-08T15:24:01.9134269Z       |                                                                                                  long long unsigned int
2026-10-08T15:24:01.9135298Z       |                                                                                               %lu
2026-10-08T15:24:01.9136170Z  6748 |                meanLB, dev, succRate,
2026-10-08T15:24:01.9137663Z  6749 |                nbLKsuccess-savednbLKsuccess, nbHardens, fixedByHardens, LOOKAHEAD-savedLOOKAHEAD, nbSavedLits, pureSoftConfl, nbFlyReduced, nbFixedByLH);
2026-10-08T15:24:01.9139316Z       |                                                         ~~~~~~~~~~~~~~                            
2026-10-08T15:24:01.9140425Z       |                                                         |
2026-10-08T15:24:01.9141313Z       |                                                         uint64_t {aka long unsigned int}
2026-10-08T15:24:01.9143587Z src/solver/Solver.cc:6747:109: warning: format ‘%llu’ expects argument of type ‘long long unsigned int’, but argument 8 has type ‘uint64_t’ {aka ‘long unsigned int’} [-Wformat=]
2026-10-08T15:24:01.9145865Z  6747 |         printf("c prunedLB %4.2f, dev %4.2f, succRate %4.2f, nbSucc %llu, nbHardens %d (fixed %llu), lk: %llu, shorten: %llu, pureSo %d, nbFlyRd %d, nbFixedLH %llu\n",
2026-10-08T15:24:01.9147358Z       |                                                                                                          ~~~^
2026-10-08T15:24:01.9148357Z       |                                                                                                             |
2026-10-08T15:24:01.9149425Z       |                                                                                                             long long unsigned int
2026-10-08T15:24:01.9150726Z       |                                                                                                          %lu
2026-10-08T15:24:01.9151613Z  6748 |                meanLB, dev, succRate,
2026-10-08T15:24:01.9153085Z  6749 |                nbLKsuccess-savednbLKsuccess, nbHardens, fixedByHardens, LOOKAHEAD-savedLOOKAHEAD, nbSavedLits, pureSoftConfl, nbFlyReduced, nbFixedByLH);
2026-10-08T15:24:01.9154700Z       |                                                                         ~~~~~~~~~~~~~~~~~~~~~~~~             
2026-10-08T15:24:01.9155633Z       |                                                                                  |
2026-10-08T15:24:01.9156611Z       |                                                                                  uint64_t {aka long unsigned int}
2026-10-08T15:24:01.9158649Z src/solver/Solver.cc:6747:124: warning: format ‘%llu’ expects argument of type ‘long long unsigned int’, but argument 9 has type ‘uint64_t’ {aka ‘long unsigned int’} [-Wformat=]
2026-10-08T15:24:01.9161479Z  6747 |         printf("c prunedLB %4.2f, dev %4.2f, succRate %4.2f, nbSucc %llu, nbHardens %d (fixed %llu), lk: %llu, shorten: %llu, pureSo %d, nbFlyRd %d, nbFixedLH %llu\n",
2026-10-08T15:24:01.9163080Z       |                                                                                                                         ~~~^
2026-10-08T15:24:01.9164193Z       |                                                                                                                            |
2026-10-08T15:24:01.9165376Z       |                                                                                                                            long long unsigned int
2026-10-08T15:24:01.9166537Z       |                                                                                                                         %lu
2026-10-08T15:24:01.9167511Z  6748 |                meanLB, dev, succRate,
2026-10-08T15:24:01.9169015Z  6749 |                nbLKsuccess-savednbLKsuccess, nbHardens, fixedByHardens, LOOKAHEAD-savedLOOKAHEAD, nbSavedLits, pureSoftConfl, nbFlyReduced, nbFixedByLH);
2026-10-08T15:24:01.9171372Z       |                                                                                                   ~~~~~~~~~~~               
2026-10-08T15:24:01.9172433Z       |                                                                                                   |
2026-10-08T15:24:01.9173654Z       |                                                                                                   uint64_t {aka long unsigned int}
2026-10-08T15:24:01.9175704Z src/solver/Solver.cc:6747:163: warning: format ‘%llu’ expects argument of type ‘long long unsigned int’, but argument 12 has type ‘uint64_t’ {aka ‘long unsigned int’} [-Wformat=]
2026-10-08T15:24:01.9177961Z  6747 |         printf("c prunedLB %4.2f, dev %4.2f, succRate %4.2f, nbSucc %llu, nbHardens %d (fixed %llu), lk: %llu, shorten: %llu, pureSo %d, nbFlyRd %d, nbFixedLH %llu\n",
2026-10-08T15:24:01.9179681Z       |                                                                                                                                                                ~~~^
2026-10-08T15:24:01.9181515Z       |                                                                                                                                                                   |
2026-10-08T15:24:01.9182905Z       |                                                                                                                                                                   long long unsigned int
2026-10-08T15:24:01.9184234Z       |                                                                                                                                                                %lu
2026-10-08T15:24:01.9185293Z  6748 |                meanLB, dev, succRate,
2026-10-08T15:24:01.9186804Z  6749 |                nbLKsuccess-savednbLKsuccess, nbHardens, fixedByHardens, LOOKAHEAD-savedLOOKAHEAD, nbSavedLits, pureSoftConfl, nbFlyReduced, nbFixedByLH);
2026-10-08T15:24:01.9188579Z       |                                                                                                                                             ~~~~~~~~~~~            
2026-10-08T15:24:01.9189820Z       |                                                                                                                                             |
2026-10-08T15:24:01.9191358Z       |                                                                                                                                             uint64_t {aka long unsigned int}
2026-10-08T15:24:01.9193521Z src/solver/Solver.cc:6775:25: warning: format ‘%llu’ expects argument of type ‘long long unsigned int’, but argument 2 has type ‘uint64_t’ {aka ‘long unsigned int’} [-Wformat=]
2026-10-08T15:24:01.9196296Z  6775 |         printf("c UB=%llu succ, confls=%llu and hconfls=%llu with %d soft clauses unsat (%d at level 0) and %d fixed vars at level 0,  prunedLB %4.2f, dev %4.2f, succRate %4.2f, nbSucc %llu, shortened : %llu\n",
2026-10-08T15:24:01.9197950Z       |                      ~~~^
2026-10-08T15:24:01.9198608Z       |                         |
2026-10-08T15:24:01.9199286Z       |                         long long unsigned int
2026-10-08T15:24:01.9200531Z       |                      %lu
2026-10-08T15:24:01.9201514Z  6776 |                UB, conflicts, conflicts-softConflicts, falseLits.size(), nbFalses, nbFixeds,
2026-10-08T15:24:01.9202547Z       |                ~~        
2026-10-08T15:24:01.9203188Z       |                |
2026-10-08T15:24:01.9203840Z       |                uint64_t {aka long unsigned int}
2026-10-08T15:24:01.9205726Z src/solver/Solver.cc:6775:43: warning: format ‘%llu’ expects argument of type ‘long long unsigned int’, but argument 3 has type ‘uint64_t’ {aka ‘long unsigned int’} [-Wformat=]
2026-10-08T15:24:01.9208222Z  6775 |         printf("c UB=%llu succ, confls=%llu and hconfls=%llu with %d soft clauses unsat (%d at level 0) and %d fixed vars at level 0,  prunedLB %4.2f, dev %4.2f, succRate %4.2f, nbSucc %llu, shortened : %llu\n",
2026-10-08T15:24:01.9209938Z       |                                        ~~~^
2026-10-08T15:24:01.9211015Z       |                                           |
2026-10-08T15:24:01.9211826Z       |                                           long long unsigned int
2026-10-08T15:24:01.9212682Z       |                                        %lu
2026-10-08T15:24:01.9213727Z  6776 |                UB, conflicts, conflicts-softConflicts, falseLits.size(), nbFalses, nbFixeds,
2026-10-08T15:24:01.9214798Z       |                    ~~~~~~~~~               
2026-10-08T15:24:01.9215517Z       |                    |
2026-10-08T15:24:01.9216164Z       |                    uint64_t {aka long unsigned int}
2026-10-08T15:24:01.9218047Z src/solver/Solver.cc:6775:60: warning: format ‘%llu’ expects argument of type ‘long long unsigned int’, but argument 4 has type ‘uint64_t’ {aka ‘long unsigned int’} [-Wformat=]
2026-10-08T15:24:01.9220850Z  6775 |         printf("c UB=%llu succ, confls=%llu and hconfls=%llu with %d soft clauses unsat (%d at level 0) and %d fixed vars at level 0,  prunedLB %4.2f, dev %4.2f, succRate %4.2f, nbSucc %llu, shortened : %llu\n",
2026-10-08T15:24:01.9222816Z       |                                                         ~~~^
2026-10-08T15:24:01.9223658Z       |                                                            |
2026-10-08T15:24:01.9224483Z       |                                                            long long unsigned int
2026-10-08T15:24:01.9225349Z       |                                                         %lu
2026-10-08T15:24:01.9226406Z  6776 |                UB, conflicts, conflicts-softConflicts, falseLits.size(), nbFalses, nbFixeds,
2026-10-08T15:24:01.9227449Z       |                               ~~~~~~~~~~~~~~~~~~~~~~~       
2026-10-08T15:24:01.9228175Z       |                                        |
2026-10-08T15:24:01.9228977Z       |                                        uint64_t {aka long unsigned int}
2026-10-08T15:24:01.9231116Z src/solver/Solver.cc:6775:189: warning: format ‘%llu’ expects argument of type ‘long long unsigned int’, but argument 11 has type ‘uint64_t’ {aka ‘long unsigned int’} [-Wformat=]
2026-10-08T15:24:01.9233677Z  6775 |         printf("c UB=%llu succ, confls=%llu and hconfls=%llu with %d soft clauses unsat (%d at level 0) and %d fixed vars at level 0,  prunedLB %4.2f, dev %4.2f, succRate %4.2f, nbSucc %llu, shortened : %llu\n",
2026-10-08T15:24:01.9235656Z       |                                                                                                                                                                                          ~~~^
2026-10-08T15:24:01.9237016Z       |                                                                                                                                                                                             |
2026-10-08T15:24:01.9238758Z       |                                                                                                                                                                                             long long unsigned int
2026-10-08T15:24:01.9240480Z       |                                                                                                                                                                                          %lu
2026-10-08T15:24:01.9241875Z  6776 |                UB, conflicts, conflicts-softConflicts, falseLits.size(), nbFalses, nbFixeds,
2026-10-08T15:24:01.9243084Z  6777 |                meanLB, dev, succRate, nbLKsuccess, nbSavedLits);
2026-10-08T15:24:01.9244256Z       |                                       ~~~~~~~~~~~                                                                                                                                            
2026-10-08T15:24:01.9245386Z       |                                       |
2026-10-08T15:24:01.9246201Z       |                                       uint64_t {aka long unsigned int}
2026-10-08T15:24:01.9248120Z src/solver/Solver.cc:6775:207: warning: format ‘%llu’ expects argument of type ‘long long unsigned int’, but argument 12 has type ‘uint64_t’ {aka ‘long unsigned int’} [-Wformat=]
2026-10-08T15:24:01.9250890Z  6775 |         printf("c UB=%llu succ, confls=%llu and hconfls=%llu with %d soft clauses unsat (%d at level 0) and %d fixed vars at level 0,  prunedLB %4.2f, dev %4.2f, succRate %4.2f, nbSucc %llu, shortened : %llu\n",
2026-10-08T15:24:01.9252947Z       |                                                                                                                                                                                                            ~~~^
2026-10-08T15:24:01.9254444Z       |                                                                                                                                                                                                               |
2026-10-08T15:24:01.9256001Z       |                                                                                                                                                                                                               long long unsigned int
2026-10-08T15:24:01.9257821Z       |                                                                                                                                                                                                            %lu
2026-10-08T15:24:01.9259265Z  6776 |                UB, conflicts, conflicts-softConflicts, falseLits.size(), nbFalses, nbFixeds,
2026-10-08T15:24:01.9260644Z  6777 |                meanLB, dev, succRate, nbLKsuccess, nbSavedLits);
2026-10-08T15:24:01.9261832Z       |                                                    ~~~~~~~~~~~                                                                                                                                                 
2026-10-08T15:24:01.9263024Z       |                                                    |
2026-10-08T15:24:01.9263860Z       |                                                    uint64_t {aka long unsigned int}
2026-10-08T15:24:01.9265842Z src/solver/Solver.cc:6804:17: warning: comparison of integer expressions of different signedness: ‘uint64_t’ {aka ‘long unsigned int’} and ‘int’ [-Wsign-compare]
2026-10-08T15:24:01.9267381Z  6804 |         if (inf > falseLits.size())
2026-10-08T15:24:01.9268087Z       |             ~~~~^~~~~~~~~~~~~~~~~~
2026-10-08T15:24:01.9269834Z src/solver/Solver.cc:6812:34: warning: format ‘%llu’ expects argument of type ‘long long unsigned int’, but argument 2 has type ‘uint64_t’ {aka ‘long unsigned int’} [-Wformat=]
2026-10-08T15:24:01.9271802Z  6812 |       else printf("c error UB %llu, inf %llu, sup %llu\n", UB, inf, sup);
2026-10-08T15:24:01.9272773Z       |                               ~~~^                         ~~
2026-10-08T15:24:01.9273889Z       |                                  |                         |
2026-10-08T15:24:01.9274866Z       |                                  long long unsigned int    uint64_t {aka long unsigned int}
2026-10-08T15:24:01.9275793Z       |                               %lu
2026-10-08T15:24:01.9277610Z src/solver/Solver.cc:6812:44: warning: format ‘%llu’ expects argument of type ‘long long unsigned int’, but argument 3 has type ‘uint64_t’ {aka ‘long unsigned int’} [-Wformat=]
2026-10-08T15:24:01.9279375Z  6812 |       else printf("c error UB %llu, inf %llu, sup %llu\n", UB, inf, sup);
2026-10-08T15:24:01.9280606Z       |                                         ~~~^                   ~~~
2026-10-08T15:24:01.9281459Z       |                                            |                   |
2026-10-08T15:24:01.9282349Z       |                                            |                   uint64_t {aka long unsigned int}
2026-10-08T15:24:01.9283289Z       |                                            long long unsigned int
2026-10-08T15:24:01.9284103Z       |                                         %lu
2026-10-08T15:24:01.9285866Z src/solver/Solver.cc:6812:54: warning: format ‘%llu’ expects argument of type ‘long long unsigned int’, but argument 4 has type ‘uint64_t’ {aka ‘long unsigned int’} [-Wformat=]
2026-10-08T15:24:01.9287519Z  6812 |       else printf("c error UB %llu, inf %llu, sup %llu\n", UB, inf, sup);
2026-10-08T15:24:01.9288701Z       |                                                   ~~~^              ~~~
2026-10-08T15:24:01.9289606Z       |                                                      |              |
2026-10-08T15:24:01.9290766Z       |                                                      |              uint64_t {aka long unsigned int}
2026-10-08T15:24:01.9291750Z       |                                                      long long unsigned int
2026-10-08T15:24:01.9292594Z       |                                                   %lu
2026-10-08T15:24:01.9294496Z src/solver/Solver.cc:6834:57: warning: format ‘%llu’ expects argument of type ‘long long unsigned int’, but argument 2 has type ‘uint64_t’ {aka ‘long unsigned int’} [-Wformat=]
2026-10-08T15:24:01.9296403Z  6834 |       printf("c no feasible solution, hardConflicts: %llu\n", conflicts - softConflicts);
2026-10-08T15:24:01.9297547Z       |                                                      ~~~^     ~~~~~~~~~~~~~~~~~~~~~~~~~
2026-10-08T15:24:01.9298433Z       |                                                         |               |
2026-10-08T15:24:01.9299385Z       |                                                         |               uint64_t {aka long unsigned int}
2026-10-08T15:24:01.9300593Z       |                                                         long long unsigned int
2026-10-08T15:24:01.9301427Z       |                                                      %lu
2026-10-08T15:24:01.9303207Z src/solver/Solver.cc:6837:30: warning: format ‘%llu’ expects argument of type ‘long long unsigned int’, but argument 2 has type ‘uint64_t’ {aka ‘long unsigned int’} [-Wformat=]
2026-10-08T15:24:01.9305478Z  6837 |       printf("c initCost: %llu, fixedBySearch: %llu, optimal: %llu, maxsat: %llu, hardConflicts: %llu\n",
2026-10-08T15:24:01.9306597Z       |                           ~~~^
2026-10-08T15:24:01.9307288Z       |                              |
2026-10-08T15:24:01.9307997Z       |                              long long unsigned int
2026-10-08T15:24:01.9308708Z       |                           %lu
2026-10-08T15:24:01.9309465Z  6838 |              solutionCost, fixedCostBySearch,
2026-10-08T15:24:01.9310509Z       |              ~~~~~~~~~~~~     
2026-10-08T15:24:01.9311222Z       |              |
2026-10-08T15:24:01.9311860Z       |              uint64_t {aka long unsigned int}
2026-10-08T15:24:01.9313685Z src/solver/Solver.cc:6837:51: warning: format ‘%llu’ expects argument of type ‘long long unsigned int’, but argument 3 has type ‘uint64_t’ {aka ‘long unsigned int’} [-Wformat=]
2026-10-08T15:24:01.9315665Z  6837 |       printf("c initCost: %llu, fixedBySearch: %llu, optimal: %llu, maxsat: %llu, hardConflicts: %llu\n",
2026-10-08T15:24:01.9316814Z       |                                                ~~~^
2026-10-08T15:24:01.9317568Z       |                                                   |
2026-10-08T15:24:01.9318380Z       |                                                   long long unsigned int
2026-10-08T15:24:01.9319205Z       |                                                %lu
2026-10-08T15:24:01.9320074Z  6838 |              solutionCost, fixedCostBySearch,
2026-10-08T15:24:01.9321089Z       |                            ~~~~~~~~~~~~~~~~~       
2026-10-08T15:24:01.9321790Z       |                            |
2026-10-08T15:24:01.9322510Z       |                            uint64_t {aka long unsigned int}
2026-10-08T15:24:01.9324345Z src/solver/Solver.cc:6837:66: warning: format ‘%llu’ expects argument of type ‘long long unsigned int’, but argument 4 has type ‘uint64_t’ {aka ‘long unsigned int’} [-Wformat=]
2026-10-08T15:24:01.9326230Z  6837 |       printf("c initCost: %llu, fixedBySearch: %llu, optimal: %llu, maxsat: %llu, hardConflicts: %llu\n",
2026-10-08T15:24:01.9327320Z       |                                                               ~~~^
2026-10-08T15:24:01.9328056Z       |                                                                  |
2026-10-08T15:24:01.9329210Z       |                                                                  long long unsigned int
2026-10-08T15:24:01.9330151Z       |                                                               %lu
2026-10-08T15:24:01.9331307Z  6838 |              solutionCost, fixedCostBySearch,
2026-10-08T15:24:01.9332099Z  6839 |              lastOptimalCost,
2026-10-08T15:24:01.9332829Z       |              ~~~~~~~~~~~~~~~                                      
2026-10-08T15:24:01.9333607Z       |              |
2026-10-08T15:24:01.9334253Z       |              uint64_t {aka long unsigned int}
2026-10-08T15:24:01.9336116Z src/solver/Solver.cc:6837:80: warning: format ‘%llu’ expects argument of type ‘long long unsigned int’, but argument 5 has type ‘uint64_t’ {aka ‘long unsigned int’} [-Wformat=]
2026-10-08T15:24:01.9338092Z  6837 |       printf("c initCost: %llu, fixedBySearch: %llu, optimal: %llu, maxsat: %llu, hardConflicts: %llu\n",
2026-10-08T15:24:01.9339299Z       |                                                                             ~~~^
2026-10-08T15:24:01.9340445Z       |                                                                                |
2026-10-08T15:24:01.9341443Z       |                                                                                long long unsigned int
2026-10-08T15:24:01.9342439Z       |                                                                             %lu
2026-10-08T15:24:01.9343233Z ......
2026-10-08T15:24:01.9343954Z  6840 |              objForSearch-sup + nbSatLits, conflicts - softConflicts);
2026-10-08T15:24:01.9344945Z       |              ~~~~~~~~~~~~~~~~~~~~~~~~~~~~                                       
2026-10-08T15:24:01.9346069Z       |                               |
2026-10-08T15:24:01.9346793Z       |                               uint64_t {aka long unsigned int}
2026-10-08T15:24:01.9348610Z src/solver/Solver.cc:6837:101: warning: format ‘%llu’ expects argument of type ‘long long unsigned int’, but argument 6 has type ‘uint64_t’ {aka ‘long unsigned int’} [-Wformat=]
2026-10-08T15:24:01.9350774Z  6837 |       printf("c initCost: %llu, fixedBySearch: %llu, optimal: %llu, maxsat: %llu, hardConflicts: %llu\n",
2026-10-08T15:24:01.9351980Z       |                                                                                                  ~~~^
2026-10-08T15:24:01.9352983Z       |                                                                                                     |
2026-10-08T15:24:01.9354046Z       |                                                                                                     long long unsigned int
2026-10-08T15:24:01.9355124Z       |                                                                                                  %lu
2026-10-08T15:24:01.9355955Z ......
2026-10-08T15:24:01.9356679Z  6840 |              objForSearch-sup + nbSatLits, conflicts - softConflicts);
2026-10-08T15:24:01.9357694Z       |                                            ~~~~~~~~~~~~~~~~~~~~~~~~~                                 
2026-10-08T15:24:01.9358646Z       |                                                      |
2026-10-08T15:24:01.9359507Z       |                                                      uint64_t {aka long unsigned int}
2026-10-08T15:24:01.9361747Z src/solver/Solver.cc:6842:24: warning: format ‘%llu’ expects argument of type ‘long long unsigned int’, but argument 2 has type ‘uint64_t’ {aka ‘long unsigned int’} [-Wformat=]
2026-10-08T15:24:01.9363829Z  6842 |     printf("c nbLK: %llu, nbSuccLK: %llu(%4.2f%%), nbLKup: %llu(%4.2f%%), hardens %u (fixed %llu), dynVars %d, shorten: %llu\n",
2026-10-08T15:24:01.9365021Z       |                     ~~~^
2026-10-08T15:24:01.9365699Z       |                        |
2026-10-08T15:24:01.9366343Z       |                        long long unsigned int
2026-10-08T15:24:01.9367084Z       |                     %lu
2026-10-08T15:24:01.9367966Z  6843 |            LOOKAHEAD, nbLKsuccess, 100.0*nbLKsuccess/LOOKAHEAD, lk_propagations,
2026-10-08T15:24:01.9368992Z       |            ~~~~~~~~~    
2026-10-08T15:24:01.9369632Z       |            |
2026-10-08T15:24:01.9370766Z       |            uint64_t {aka long unsigned int}
2026-10-08T15:24:01.9372671Z src/solver/Solver.cc:6842:40: warning: format ‘%llu’ expects argument of type ‘long long unsigned int’, but argument 3 has type ‘uint64_t’ {aka ‘long unsigned int’} [-Wformat=]
2026-10-08T15:24:01.9374750Z  6842 |     printf("c nbLK: %llu, nbSuccLK: %llu(%4.2f%%), nbLKup: %llu(%4.2f%%), hardens %u (fixed %llu), dynVars %d, shorten: %llu\n",
2026-10-08T15:24:01.9375960Z       |                                     ~~~^
2026-10-08T15:24:01.9376693Z       |                                        |
2026-10-08T15:24:01.9377487Z       |                                        long long unsigned int
2026-10-08T15:24:01.9378298Z       |                                     %lu
2026-10-08T15:24:01.9379245Z  6843 |            LOOKAHEAD, nbLKsuccess, 100.0*nbLKsuccess/LOOKAHEAD, lk_propagations,
2026-10-08T15:24:01.9380450Z       |                       ~~~~~~~~~~~       
2026-10-08T15:24:01.9381165Z       |                       |
2026-10-08T15:24:01.9381831Z       |                       uint64_t {aka long unsigned int}
2026-10-08T15:24:01.9383679Z src/solver/Solver.cc:6842:63: warning: format ‘%llu’ expects argument of type ‘long long unsigned int’, but argument 5 has type ‘uint64_t’ {aka ‘long unsigned int’} [-Wformat=]
2026-10-08T15:24:01.9385652Z  6842 |     printf("c nbLK: %llu, nbSuccLK: %llu(%4.2f%%), nbLKup: %llu(%4.2f%%), hardens %u (fixed %llu), dynVars %d, shorten: %llu\n",
2026-10-08T15:24:01.9386823Z       |                                                            ~~~^
2026-10-08T15:24:01.9387932Z       |                                                               |
2026-10-08T15:24:01.9388802Z       |                                                               long long unsigned int
2026-10-08T15:24:01.9389685Z       |                                                            %lu
2026-10-08T15:24:01.9390973Z  6843 |            LOOKAHEAD, nbLKsuccess, 100.0*nbLKsuccess/LOOKAHEAD, lk_propagations,
2026-10-08T15:24:01.9392000Z       |                                                                 ~~~~~~~~~~~~~~~
2026-10-08T15:24:01.9392761Z       |                                                                 |
2026-10-08T15:24:01.9393568Z       |                                                                 uint64_t {aka long unsigned int}
2026-10-08T15:24:01.9395483Z src/solver/Solver.cc:6842:96: warning: format ‘%llu’ expects argument of type ‘long long unsigned int’, but argument 8 has type ‘uint64_t’ {aka ‘long unsigned int’} [-Wformat=]
2026-10-08T15:24:01.9397399Z  6842 |     printf("c nbLK: %llu, nbSuccLK: %llu(%4.2f%%), nbLKup: %llu(%4.2f%%), hardens %u (fixed %llu), dynVars %d, shorten: %llu\n",
2026-10-08T15:24:01.9398644Z       |                                                                                             ~~~^
2026-10-08T15:24:01.9399544Z       |                                                                                                |
2026-10-08T15:24:01.9400778Z       |                                                                                                long long unsigned int
2026-10-08T15:24:01.9401768Z       |                                                                                             %lu
2026-10-08T15:24:01.9402747Z  6843 |            LOOKAHEAD, nbLKsuccess, 100.0*nbLKsuccess/LOOKAHEAD, lk_propagations,
2026-10-08T15:24:01.9404059Z  6844 |            100.0*lk_propagations/propagations, nbHardens, fixedByHardens, nVars()-staticNbVars, nbSavedLits);
2026-10-08T15:24:01.9405233Z       |                                                           ~~~~~~~~~~~~~~                        
2026-10-08T15:24:01.9406037Z       |                                                           |
2026-10-08T15:24:01.9406806Z       |                                                           uint64_t {aka long unsigned int}
2026-10-08T15:24:01.9408940Z src/solver/Solver.cc:6842:124: warning: format ‘%llu’ expects argument of type ‘long long unsigned int’, but argument 10 has type ‘uint64_t’ {aka ‘long unsigned int’} [-Wformat=]
2026-10-08T15:24:01.9411148Z  6842 |     printf("c nbLK: %llu, nbSuccLK: %llu(%4.2f%%), nbLKup: %llu(%4.2f%%), hardens %u (fixed %llu), dynVars %d, shorten: %llu\n",
2026-10-08T15:24:01.9412156Z       |                                                                                                                         ~~~^
2026-10-08T15:24:01.9412626Z       |                                                                                                                            |
2026-10-08T15:24:01.9413135Z       |                                                                                                                            long long unsigned int
2026-10-08T15:24:01.9413628Z       |                                                                                                                         %lu
2026-10-08T15:24:01.9414158Z  6843 |            LOOKAHEAD, nbLKsuccess, 100.0*nbLKsuccess/LOOKAHEAD, lk_propagations,
2026-10-08T15:24:01.9414808Z  6844 |            100.0*lk_propagations/propagations, nbHardens, fixedByHardens, nVars()-staticNbVars, nbSavedLits);
2026-10-08T15:24:01.9415410Z       |                                                                                                 ~~~~~~~~~~~                 
2026-10-08T15:24:01.9415850Z       |                                                                                                 |
2026-10-08T15:24:01.9416288Z       |                                                                                                 uint64_t {aka long unsigned int}
2026-10-08T15:24:01.9416958Z In file included from src/solver/mtl/Sort.h:24,
2026-10-08T15:24:01.9417284Z                  from src/solver/SimpSolver.cc:33:
2026-10-08T15:24:01.9418072Z src/solver/mtl/Vec.h: In instantiation of ‘void Minisat::vec<T>::capacity(int) [with T = Minisat::vec<unsigned int>]’:
2026-10-08T15:24:01.9418942Z src/solver/mtl/Vec.h:115:13:   required from ‘void Minisat::vec<T>::growTo(int) [with T = Minisat::vec<unsigned int>]’
2026-10-08T15:24:01.9420111Z src/solver/SolverTypes.h:339:50:   required from ‘void Minisat::OccLists<Idx, Vec, Deleted>::init(const Idx&) [with Idx = int; Vec = Minisat::vec<unsigned int>; Deleted = Minisat::SimpSolver::ClauseDeleted]’
2026-10-08T15:24:01.9421892Z src/solver/SimpSolver.cc:98:24:   required from here
2026-10-08T15:24:01.9423891Z src/solver/mtl/Vec.h:99:54: warning: ‘void* realloc(void*, size_t)’ moving an object of non-trivially copyable type ‘class Minisat::vec<unsigned int>’; use ‘new’ and ‘delete’ instead [-Wclass-memaccess]
2026-10-08T15:24:01.9425775Z    99 |     if (add > INT_MAX - cap || ((data = (T*)::realloc(data, (cap += add) * sizeof(T))) == NULL) && errno == ENOMEM)
2026-10-08T15:24:01.9426761Z       |                                             ~~~~~~~~~^~~~~~~~~~~~~~~~~~~~~~~~~~~~~~~~
2026-10-08T15:24:01.9427848Z src/solver/mtl/Vec.h:38:7: note: ‘class Minisat::vec<unsigned int>’ declared here
2026-10-08T15:24:01.9428562Z    38 | class vec {
2026-10-08T15:24:01.9428951Z       |       ^~~
2026-10-08T15:24:01.9541657Z In file included from src/solver/mtl/Sort.h:24,
2026-10-08T15:24:01.9542649Z                  from src/solver/Solver.cc:106:
2026-10-08T15:24:01.9544368Z src/solver/mtl/Vec.h: In instantiation of ‘void Minisat::vec<T>::capacity(int) [with T = Minisat::vec<Minisat::Solver::Watcher>]’:
2026-10-08T15:24:01.9546418Z src/solver/mtl/Vec.h:115:13:   required from ‘void Minisat::vec<T>::growTo(int) [with T = Minisat::vec<Minisat::Solver::Watcher>]’
2026-10-08T15:24:01.9549137Z src/solver/SolverTypes.h:339:50:   required from ‘void Minisat::OccLists<Idx, Vec, Deleted>::init(const Idx&) [with Idx = Minisat::Lit; Vec = Minisat::vec<Minisat::Solver::Watcher>; Deleted = Minisat::Solver::WatcherDeleted]’
2026-10-08T15:24:01.9551402Z src/solver/Solver.cc:1272:21:   required from here
2026-10-08T15:24:01.9554057Z src/solver/mtl/Vec.h:99:54: warning: ‘void* realloc(void*, size_t)’ moving an object of non-trivially copyable type ‘class Minisat::vec<Minisat::Solver::Watcher>’; use ‘new’ and ‘delete’ instead [-Wclass-memaccess]
2026-10-08T15:24:01.9556221Z    99 |     if (add > INT_MAX - cap || ((data = (T*)::realloc(data, (cap += add) * sizeof(T))) == NULL) && errno == ENOMEM)
2026-10-08T15:24:01.9557419Z       |                                             ~~~~~~~~~^~~~~~~~~~~~~~~~~~~~~~~~~~~~~~~~
2026-10-08T15:24:01.9558781Z src/solver/mtl/Vec.h:38:7: note: ‘class Minisat::vec<Minisat::Solver::Watcher>’ declared here
2026-10-08T15:24:01.9559764Z    38 | class vec {
2026-10-08T15:24:01.9560529Z       |       ^~~
2026-10-08T15:24:01.9561916Z src/solver/mtl/Vec.h: In instantiation of ‘void Minisat::vec<T>::capacity(int) [with T = Minisat::vec<Minisat::Lit>]’:
2026-10-08T15:24:01.9563793Z src/solver/mtl/Vec.h:115:13:   required from ‘void Minisat::vec<T>::growTo(int) [with T = Minisat::vec<Minisat::Lit>]’
2026-10-08T15:24:01.9565907Z src/solver/Solver.h:72:50:   required from ‘void Minisat::vec2<Idx, Vec>::init(const Idx&) [with Idx = Minisat::Lit; Vec = Minisat::vec<Minisat::Lit>]’
2026-10-08T15:24:01.9567286Z src/solver/Solver.cc:1312:22:   required from here
2026-10-08T15:24:01.9569404Z src/solver/mtl/Vec.h:99:54: warning: ‘void* realloc(void*, size_t)’ moving an object of non-trivially copyable type ‘class Minisat::vec<Minisat::Lit>’; use ‘new’ and ‘delete’ instead [-Wclass-memaccess]
2026-10-08T15:24:01.9571820Z    99 |     if (add > INT_MAX - cap || ((data = (T*)::realloc(data, (cap += add) * sizeof(T))) == NULL) && errno == ENOMEM)
2026-10-08T15:24:01.9572999Z       |                                             ~~~~~~~~~^~~~~~~~~~~~~~~~~~~~~~~~~~~~~~~~
2026-10-08T15:24:01.9574642Z src/solver/mtl/Vec.h:38:7: note: ‘class Minisat::vec<Minisat::Lit>’ declared here
2026-10-08T15:24:01.9575549Z    38 | class vec {
2026-10-08T15:24:01.9576074Z       |       ^~~
2026-10-08T15:24:01.9577291Z src/solver/mtl/Vec.h: In instantiation of ‘void Minisat::vec<T>::capacity(int) [with T = Minisat::vec<int>]’:
2026-10-08T15:24:01.9579094Z src/solver/mtl/Vec.h:115:13:   required from ‘void Minisat::vec<T>::growTo(int) [with T = Minisat::vec<int>]’
2026-10-08T15:24:01.9581297Z src/solver/Solver.h:72:50:   required from ‘void Minisat::vec2<Idx, Vec>::init(const Idx&) [with Idx = int; Vec = Minisat::vec<int>]’
2026-10-08T15:24:01.9582583Z src/solver/Solver.cc:4256:13:   required from here
2026-10-08T15:24:01.9584635Z src/solver/mtl/Vec.h:99:54: warning: ‘void* realloc(void*, size_t)’ moving an object of non-trivially copyable type ‘class Minisat::vec<int>’; use ‘new’ and ‘delete’ instead [-Wclass-memaccess]
2026-10-08T15:24:01.9586621Z    99 |     if (add > INT_MAX - cap || ((data = (T*)::realloc(data, (cap += add) * sizeof(T))) == NULL) && errno == ENOMEM)
2026-10-08T15:24:01.9587776Z       |                                             ~~~~~~~~~^~~~~~~~~~~~~~~~~~~~~~~~~~~~~~~~
2026-10-08T15:24:01.9588929Z src/solver/mtl/Vec.h:38:7: note: ‘class Minisat::vec<int>’ declared here
2026-10-08T15:24:01.9589740Z    38 | class vec {
2026-10-08T15:24:01.9590588Z       |       ^~~
2026-10-08T15:24:02.0008662Z src/solver/Solver.cc: In member function ‘void Minisat::Solver::emitBoundsUpdate()’:
2026-10-08T15:24:02.0011224Z src/solver/Solver.cc:5210:24: warning: ignoring return value of ‘ssize_t write(int, const void*, size_t)’ declared with attribute ‘warn_unused_result’ [-Wunused-result]
2026-10-08T15:24:02.0012875Z  5210 |             (void)write(bounds_pipe_w, buf, (size_t)n);
2026-10-08T15:24:02.0013802Z       |                   ~~~~~^~~~~~~~~~~~~~~~~~~~~~~~~~~~~~~
2026-10-08T15:24:02.0015619Z src/solver/Solver.cc:5216:24: warning: ignoring return value of ‘ssize_t write(int, const void*, size_t)’ declared with attribute ‘warn_unused_result’ [-Wunused-result]
2026-10-08T15:24:02.0017243Z  5216 |             (void)write(bounds_pipe_w, buf, (size_t)n);
2026-10-08T15:24:02.0018025Z       |                   ~~~~~^~~~~~~~~~~~~~~~~~~~~~~~~~~~~~~
2026-10-08T15:24:02.0019308Z src/solver/Solver.cc: In member function ‘void Minisat::Solver::emitTryUpdate(uint64_t)’:
2026-10-08T15:24:02.0022148Z src/solver/Solver.cc:5226:20: warning: ignoring return value of ‘ssize_t write(int, const void*, size_t)’ declared with attribute ‘warn_unused_result’ [-Wunused-result]
2026-10-08T15:24:02.0023800Z  5226 |         (void)write(bounds_pipe_w, buf, (size_t)n);
2026-10-08T15:24:02.0024586Z       |               ~~~~~^~~~~~~~~~~~~~~~~~~~~~~~~~~~~~~
2026-10-08T15:24:04.6693844Z In file included from src/solver/Solver.h:54:
2026-10-08T15:24:04.6694983Z In function ‘Minisat::Lit Minisat::operator~(Lit)’,
2026-10-08T15:24:04.6696371Z     inlined from ‘void Minisat::Solver::analyze(Minisat::CRef, Minisat::vec<Minisat::Lit>&, int&, int&)’ at src/solver/Solver.cc:1757:22:
2026-10-08T15:24:04.6698224Z src/solver/SolverTypes.h:73:64: warning: ‘p.Minisat::Lit::x’ may be used uninitialized [-Wmaybe-uninitialized]
2026-10-08T15:24:04.6699336Z    73 | inline  Lit  operator ~(Lit p)              { Lit q; q.x = p.x ^ 1; return q; }
2026-10-08T15:24:04.6700079Z       |                                                            ~~~~^~~
2026-10-08T15:24:04.6701681Z src/solver/Solver.cc: In member function ‘void Minisat::Solver::analyze(Minisat::CRef, Minisat::vec<Minisat::Lit>&, int&, int&)’:
2026-10-08T15:24:04.6702979Z src/solver/Solver.cc:1671:9: note: ‘p.Minisat::Lit::x’ was declared here
2026-10-08T15:24:04.6703649Z  1671 |     Lit p; //     = lit_Undef;
2026-10-08T15:24:04.6704108Z       |         ^
2026-10-08T15:24:04.7522696Z In function ‘Minisat::Lit Minisat::operator~(Lit)’,
2026-10-08T15:24:04.7524245Z     inlined from ‘void Minisat::Solver::analyzeSoftConflict(Minisat::vec<Minisat::Lit>&, int&, int&)’ at src/solver/Solver.cc:2396:22:
2026-10-08T15:24:04.7526624Z src/solver/SolverTypes.h:73:64: warning: ‘p.Minisat::Lit::x’ may be used uninitialized [-Wmaybe-uninitialized]
2026-10-08T15:24:04.7527806Z    73 | inline  Lit  operator ~(Lit p)              { Lit q; q.x = p.x ^ 1; return q; }
2026-10-08T15:24:04.7528570Z       |                                                            ~~~~^~~
2026-10-08T15:24:04.7529877Z src/solver/Solver.cc: In member function ‘void Minisat::Solver::analyzeSoftConflict(Minisat::vec<Minisat::Lit>&, int&, int&)’:
2026-10-08T15:24:04.7531585Z src/solver/Solver.cc:2193:9: note: ‘p.Minisat::Lit::x’ was declared here
2026-10-08T15:24:04.7532200Z  2193 |     Lit p;
2026-10-08T15:24:04.7532526Z       |         ^
2026-10-08T15:24:04.8872447Z In function ‘Minisat::Lit Minisat::operator~(Lit)’,
2026-10-08T15:24:04.8873931Z     inlined from ‘void Minisat::Solver::analyzeQuasiSoftConflict(Minisat::vec<Minisat::Lit>&, int&, int&)’ at src/solver/Solver.cc:4670:22:
2026-10-08T15:24:04.8875723Z src/solver/SolverTypes.h:73:64: warning: ‘p.Minisat::Lit::x’ may be used uninitialized [-Wmaybe-uninitialized]
2026-10-08T15:24:04.8876844Z    73 | inline  Lit  operator ~(Lit p)              { Lit q; q.x = p.x ^ 1; return q; }
2026-10-08T15:24:04.8877596Z       |                                                            ~~~~^~~
2026-10-08T15:24:04.8878941Z src/solver/Solver.cc: In member function ‘void Minisat::Solver::analyzeQuasiSoftConflict(Minisat::vec<Minisat::Lit>&, int&, int&)’:
2026-10-08T15:24:04.8880667Z src/solver/Solver.cc:4498:9: note: ‘p.Minisat::Lit::x’ was declared here
2026-10-08T15:24:04.8881254Z  4498 |     Lit p;
2026-10-08T15:24:04.8881530Z       |         ^
2026-10-08T15:24:07.6939675Z g++ -Isrc/solver -Wall -Wno-parentheses -O3 -g -D __STDC_LIMIT_MACROS -D __STDC_FORMAT_MACROS -DNDEBUG -o bin/distqldpc src/core/distqldpc.cc build/SimpSolver.o build/Solver.o build/Options.o build/System.o -lz
2026-10-08T15:24:07.6942815Z g++ -Isrc/solver -Wall -Wno-parentheses -O3 -g -D __STDC_LIMIT_MACROS -D __STDC_FORMAT_MACROS -DNDEBUG -o bin/maxcdcl src/solver/Main.cc build/SimpSolver.o build/Solver.o build/Options.o build/System.o -lz
2026-10-08T15:24:07.7401848Z In file included from src/solver/Main.cc:51:
2026-10-08T15:24:07.7403258Z src/solver/utils/Options.h:285:29: warning: invalid suffix on literal; C++11 requires a space between literal and string macro [-Wliteral-suffix]
2026-10-08T15:24:07.7404905Z   285 |             fprintf(stderr, "%4"PRIi64, range.begin);
2026-10-08T15:24:07.7405488Z       |                             ^
2026-10-08T15:24:07.7406578Z src/solver/utils/Options.h:291:29: warning: invalid suffix on literal; C++11 requires a space between literal and string macro [-Wliteral-suffix]
2026-10-08T15:24:07.7407776Z   291 |             fprintf(stderr, "%4"PRIi64, range.end);
2026-10-08T15:24:07.7408327Z       |                             ^
2026-10-08T15:24:07.7409392Z src/solver/utils/Options.h:293:25: warning: invalid suffix on literal; C++11 requires a space between literal and string macro [-Wliteral-suffix]
2026-10-08T15:24:07.7411240Z   293 |         fprintf(stderr, "] (default: %"PRIi64")\n", value);
2026-10-08T15:24:07.7411830Z       |                         ^
2026-10-08T15:24:07.7422748Z src/solver/Main.cc:84:16: warning: invalid suffix on literal; C++11 requires a space between literal and string macro [-Wliteral-suffix]
2026-10-08T15:24:07.7424015Z    84 |         printf("c restarts              : %"PRIu64"\n", solver.starts);
2026-10-08T15:24:07.7424592Z       |                ^
2026-10-08T15:24:07.7425459Z src/solver/Main.cc:85:16: warning: invalid suffix on literal; C++11 requires a space between literal and string macro [-Wliteral-suffix]
2026-10-08T15:24:07.7426811Z    85 |         printf("c conflicts             : %-12"PRIu64"   (%.0f /sec)\n", solver.conflicts, solver.conflicts / cpu_time);
2026-10-08T15:24:07.7427609Z       |                ^
2026-10-08T15:24:07.7428539Z src/solver/Main.cc:86:16: warning: invalid suffix on literal; C++11 requires a space between literal and string macro [-Wliteral-suffix]
2026-10-08T15:24:07.7430996Z    86 |         printf("c decisions             : %-12"PRIu64"   (%4.2f %% random) (%.0f /sec)\n", solver.decisions, (float)solver.rnd_decisions * 100 / (float)solver.decisions, solver.decisions / cpu_time);
2026-10-08T15:24:07.7432332Z       |                ^
2026-10-08T15:24:07.7433303Z src/solver/Main.cc:87:16: warning: invalid suffix on literal; C++11 requires a space between literal and string macro [-Wliteral-suffix]
2026-10-08T15:24:07.7434816Z    87 |         printf("c propagations          : %-12"PRIu64"   (%.0f /sec)\n", solver.propagations, solver.propagations / cpu_time);
2026-10-08T15:24:07.7435743Z       |                ^
2026-10-08T15:24:07.7436711Z src/solver/Main.cc:88:16: warning: invalid suffix on literal; C++11 requires a space between literal and string macro [-Wliteral-suffix]
2026-10-08T15:24:07.7438709Z    88 |         printf("c conflict literals     : %-12"PRIu64"   (%4.2f %% deleted)\n", solver.tot_literals, (solver.max_literals - solver.tot_literals) * 100 / (double)solver.max_literals);
2026-10-08T15:24:07.7440022Z       |                ^
2026-10-08T15:24:07.7441270Z src/solver/Main.cc:93:16: warning: invalid suffix on literal; C++11 requires a space between literal and string macro [-Wliteral-suffix]
2026-10-08T15:24:07.7442560Z    93 |         printf("c s_propagations        : %-12"PRIu64"\n", solver.s_propagations);
2026-10-08T15:24:07.7443291Z       |                ^
2026-10-08T15:24:07.7536247Z In file included from src/solver/Solver.h:53,
2026-10-08T15:24:07.7536904Z                  from src/solver/SimpSolver.h:37,
2026-10-08T15:24:07.7537549Z                  from src/core/distqldpc.cc:40:
2026-10-08T15:24:07.7538725Z src/solver/utils/Options.h:285:29: warning: invalid suffix on literal; C++11 requires a space between literal and string macro [-Wliteral-suffix]
2026-10-08T15:24:07.7539961Z   285 |             fprintf(stderr, "%4"PRIi64, range.begin);
2026-10-08T15:24:07.7540812Z       |                             ^
2026-10-08T15:24:07.7541935Z src/solver/utils/Options.h:291:29: warning: invalid suffix on literal; C++11 requires a space between literal and string macro [-Wliteral-suffix]
2026-10-08T15:24:07.7543175Z   291 |             fprintf(stderr, "%4"PRIi64, range.end);
2026-10-08T15:24:07.7543741Z       |                             ^
2026-10-08T15:24:07.7545173Z src/solver/utils/Options.h:293:25: warning: invalid suffix on literal; C++11 requires a space between literal and string macro [-Wliteral-suffix]
2026-10-08T15:24:07.7546462Z   293 |         fprintf(stderr, "] (default: %"PRIi64")\n", value);
2026-10-08T15:24:07.7547053Z       |                         ^
2026-10-08T15:24:07.8514771Z src/solver/Main.cc: In function ‘void printStats(Minisat::Solver&)’:
2026-10-08T15:24:07.8516655Z src/solver/Main.cc:92:46: warning: format ‘%llu’ expects argument of type ‘long long unsigned int’, but argument 2 has type ‘uint64_t’ {aka ‘long unsigned int’} [-Wformat=]
2026-10-08T15:24:07.8518157Z    92 |         printf("c nbSimplifyAll         : %llu\n", solver.nbSimplifyAll);
2026-10-08T15:24:07.8518970Z       |                                           ~~~^     ~~~~~~~~~~~~~~~~~~~~
2026-10-08T15:24:07.8519576Z       |                                              |            |
2026-10-08T15:24:07.8520472Z       |                                              |            uint64_t {aka long unsigned int}
2026-10-08T15:24:07.8521190Z       |                                              long long unsigned int
2026-10-08T15:24:07.8521750Z       |                                           %lu
2026-10-08T15:24:07.8531354Z src/solver/Main.cc: In function ‘int main(int, char**)’:
2026-10-08T15:24:07.8533026Z src/solver/Main.cc:187:34: warning: format ‘%llu’ expects argument of type ‘long long unsigned int’, but argument 2 has type ‘uint64_t’ {aka ‘long unsigned int’} [-Wformat=]
2026-10-08T15:24:07.8534417Z   187 |         printf("c initial UB: %llu\n", S.initUB);
2026-10-08T15:24:07.8535008Z       |                               ~~~^     ~~~~~~~~
2026-10-08T15:24:07.8536061Z       |                                  |       |
2026-10-08T15:24:07.8536651Z       |                                  |       uint64_t {aka long unsigned int}
2026-10-08T15:24:07.8537309Z       |                                  long long unsigned int
2026-10-08T15:24:07.8537956Z       |                               %lu
2026-10-08T15:24:07.8927793Z src/solver/Main.cc: At global scope:
2026-10-08T15:24:07.8929124Z src/solver/Main.cc:108:13: warning: ‘void SIGINT_exit(int)’ defined but not used [-Wunused-function]
2026-10-08T15:24:07.8930007Z   108 | static void SIGINT_exit(int signum) {
2026-10-08T15:24:07.8930799Z       |             ^~~~~~~~~~~
2026-10-08T15:24:08.0866030Z src/core/distqldpc.cc: In function ‘void pipe_write_result(int, int, bool)’:
2026-10-08T15:24:08.0867815Z src/core/distqldpc.cc:162:20: warning: ignoring return value of ‘ssize_t write(int, const void*, size_t)’ declared with attribute ‘warn_unused_result’ [-Wunused-result]
2026-10-08T15:24:08.0869172Z   162 |         (void)write(pipe_w, buf, (size_t)n);
2026-10-08T15:24:08.0869697Z       |               ~~~~~^~~~~~~~~~~~~~~~~~~~~~~~
2026-10-08T15:24:09.0873870Z make: Leaving directory '/home/runner/work/DistQLDPC/DistQLDPC/candidate'
2026-10-08T15:24:09.0929322Z ##[group]Run set -euo pipefail
2026-10-08T15:24:09.0929985Z [36;1mset -euo pipefail[0m
2026-10-08T15:24:09.0930723Z [36;1mmkdir -p benchmark-results/watch-tail[0m
2026-10-08T15:24:09.0931289Z [36;1mfor version in baseline candidate; do[0m
2026-10-08T15:24:09.0931902Z [36;1m  g++ -I"$version/src/solver" -O2 -std=gnu++11 \[0m
2026-10-08T15:24:09.0932670Z [36;1m    candidate/optimization/experiments/GH-20/test_watch_tail.cc \[0m
2026-10-08T15:24:09.0933595Z [36;1m    "$version/build/SimpSolver.o" "$version/build/Solver.o" \[0m
2026-10-08T15:24:09.0934413Z [36;1m    "$version/build/Options.o" "$version/build/System.o" \[0m
2026-10-08T15:24:09.0935177Z [36;1m    -lz -o "benchmark-results/watch-tail/$version-probe"[0m
2026-10-08T15:24:09.0935954Z [36;1m  "benchmark-results/watch-tail/$version-probe" \[0m
2026-10-08T15:24:09.0936701Z [36;1m    > "benchmark-results/watch-tail/$version.stdout" \[0m
2026-10-08T15:24:09.0937473Z [36;1m    2> "benchmark-results/watch-tail/$version.stderr"[0m
2026-10-08T15:24:09.0938074Z [36;1mdone[0m
2026-10-08T15:24:09.0938873Z [36;1mcmp benchmark-results/watch-tail/baseline.stdout benchmark-results/watch-tail/candidate.stdout[0m
2026-10-08T15:24:09.1034569Z shell: /usr/bin/bash --noprofile --norc -e -o pipefail {0}
2026-10-08T15:24:09.1035184Z ##[endgroup]
2026-10-08T15:24:09.1507224Z In file included from baseline/src/solver/Solver.h:53,
2026-10-08T15:24:09.1508132Z                  from candidate/optimization/experiments/GH-20/test_watch_tail.cc:5:
2026-10-08T15:24:09.1509275Z baseline/src/solver/utils/Options.h:285:29: warning: invalid suffix on literal; C++11 requires a space between literal and string macro [-Wliteral-suffix]
2026-10-08T15:24:09.1510449Z   285 |             fprintf(stderr, "%4"PRIi64, range.begin);
2026-10-08T15:24:09.1510931Z       |                             ^
2026-10-08T15:24:09.1511858Z baseline/src/solver/utils/Options.h:291:29: warning: invalid suffix on literal; C++11 requires a space between literal and string macro [-Wliteral-suffix]
2026-10-08T15:24:09.1512839Z   291 |             fprintf(stderr, "%4"PRIi64, range.end);
2026-10-08T15:24:09.1513272Z       |                             ^
2026-10-08T15:24:09.1514158Z baseline/src/solver/utils/Options.h:293:25: warning: invalid suffix on literal; C++11 requires a space between literal and string macro [-Wliteral-suffix]
2026-10-08T15:24:09.1515189Z   293 |         fprintf(stderr, "] (default: %"PRIi64")\n", value);
2026-10-08T15:24:09.1515661Z       |                         ^
2026-10-08T15:24:09.4375831Z In file included from candidate/src/solver/Solver.h:53,
2026-10-08T15:24:09.4376573Z                  from candidate/optimization/experiments/GH-20/test_watch_tail.cc:5:
2026-10-08T15:24:09.4378074Z candidate/src/solver/utils/Options.h:285:29: warning: invalid suffix on literal; C++11 requires a space between literal and string macro [-Wliteral-suffix]
2026-10-08T15:24:09.4379071Z   285 |             fprintf(stderr, "%4"PRIi64, range.begin);
2026-10-08T15:24:09.4379523Z       |                             ^
2026-10-08T15:24:09.4380687Z candidate/src/solver/utils/Options.h:291:29: warning: invalid suffix on literal; C++11 requires a space between literal and string macro [-Wliteral-suffix]
2026-10-08T15:24:09.4393467Z   291 |             fprintf(stderr, "%4"PRIi64, range.end);
2026-10-08T15:24:09.4394056Z       |                             ^
2026-10-08T15:24:09.4395109Z candidate/src/solver/utils/Options.h:293:25: warning: invalid suffix on literal; C++11 requires a space between literal and string macro [-Wliteral-suffix]
2026-10-08T15:24:09.4396160Z   293 |         fprintf(stderr, "] (default: %"PRIi64")\n", value);
2026-10-08T15:24:09.4396638Z       |                         ^
2026-10-08T15:24:09.6921219Z ##[group]Run set +e
2026-10-08T15:24:09.6921542Z [36;1mset +e[0m
2026-10-08T15:24:09.6923081Z [36;1mpython3 qdistsat/benchmarks/compare_distqldpc_binaries.py             --baseline-bin "$GITHUB_WORKSPACE/baseline/bin/distqldpc"             --candidate-bin "$GITHUB_WORKSPACE/candidate/bin/distqldpc"             --data-root "$GITHUB_WORKSPACE/qdistsat/data"             --stems LP_136_32_4 BB_108_8_10             --timeout 45             --json-out "$GITHUB_WORKSPACE/benchmark-results/result.json"             --markdown-out "$GITHUB_WORKSPACE/benchmark-results/summary.md"[0m
2026-10-08T15:24:09.6924658Z [36;1mcode=$?[0m
2026-10-08T15:24:09.6925018Z [36;1mcat "$GITHUB_WORKSPACE/benchmark-results/summary.md" >> "$GITHUB_STEP_SUMMARY"[0m
2026-10-08T15:24:09.6925480Z [36;1mecho "exit_code=$code" >> "$GITHUB_OUTPUT"[0m
2026-10-08T15:24:09.6925774Z [36;1mexit 0[0m
2026-10-08T15:24:09.6990123Z shell: /usr/bin/bash --noprofile --norc -e -o pipefail {0}
2026-10-08T15:24:09.6990789Z ##[endgroup]
2026-10-08T15:24:30.0317293Z # DistQLDPC cross-repo benchmark
2026-10-08T15:24:30.0317707Z 
2026-10-08T15:24:30.0317879Z Scientific results match: **YES**
2026-10-08T15:24:30.0318180Z 
2026-10-08T15:24:30.0318397Z Timing is informational only; shared CI runners are noisy.
2026-10-08T15:24:30.0318693Z 
2026-10-08T15:24:30.0318911Z | Stem | Config | Baseline | Candidate | Cand/Base time | Semantic match |
2026-10-08T15:24:30.0319336Z |---|---|---:|---:|---:|---|
2026-10-08T15:24:30.0319674Z | LP_136_32_4 | no-card | d=4 (0.18s) | d=4 (0.18s) | 1.00x | YES |
2026-10-08T15:24:30.0320510Z | LP_136_32_4 | card-mto | d=4 (0.29s) | d=4 (0.30s) | 1.04x | YES |
2026-10-08T15:24:30.0321322Z | BB_108_8_10 | no-card | d=10 (4.24s) | d=10 (4.19s) | 0.99x | YES |
2026-10-08T15:24:30.0321767Z | BB_108_8_10 | card-mto | d=10 (5.46s) | d=10 (5.44s) | 0.99x | YES |
2026-10-08T15:24:30.0493245Z ##[group]Run actions/upload-artifact@v4
2026-10-08T15:24:30.0493573Z with:
2026-10-08T15:24:30.0493798Z   name: qdistsat-cross-repo-benchmark
2026-10-08T15:24:30.0494110Z   path: benchmark-results/
2026-10-08T15:24:30.0494347Z   retention-days: 14
2026-10-08T15:24:30.0494567Z   if-no-files-found: warn
2026-10-08T15:24:30.0494801Z   compression-level: 6
2026-10-08T15:24:30.0495016Z   overwrite: false
2026-10-08T15:24:30.0495232Z   include-hidden-files: false
2026-10-08T15:24:30.0495471Z ##[endgroup]
2026-10-08T15:24:30.2277354Z (node:3091) [DEP0040] DeprecationWarning: The `punycode` module is deprecated. Please use a userland alternative instead.
2026-10-08T15:24:30.2278200Z (Use `node --trace-deprecation ...` to show where the warning was created)
2026-10-08T15:24:30.2396367Z With the provided path, there will be 8 files uploaded
2026-10-08T15:24:30.2405446Z Artifact name is valid!
2026-10-08T15:24:30.2406209Z Root directory input is valid!
2026-10-08T15:24:30.5267332Z Beginning upload of artifact content to blob storage
2026-10-08T15:24:30.6880613Z (node:3091) [DEP0169] DeprecationWarning: `url.parse()` behavior is not standardized and prone to errors that have security implications. Use the WHATWG URL API instead. CVEs are not issued for `url.parse()` vulnerabilities.
2026-10-08T15:24:31.1598184Z Uploaded bytes 1477717
2026-10-08T15:24:31.2077451Z Finished uploading artifact content to blob storage!
2026-10-08T15:24:31.2078616Z SHA256 digest of uploaded artifact zip is 6be99b272ab54ff99a91e9e868c226d11d490375d044a4dea871e4f4784682cb
2026-10-08T15:24:31.2081140Z Finalizing artifact upload
2026-10-08T15:24:31.4484267Z Artifact qdistsat-cross-repo-benchmark.zip successfully finalized. Artifact ID 11560511160
2026-10-08T15:24:31.4486171Z Artifact qdistsat-cross-repo-benchmark has been successfully uploaded! Final size is 1477717 bytes. Artifact ID is 11560511160
2026-10-08T15:24:31.4492488Z Artifact download URL: https://github.com/guluchen/DistQLDPC/actions/runs/37800390671/artifacts/11560511160
2026-10-08T15:24:31.4703709Z ##[group]Run if [ "0" != "0" ]; then
2026-10-08T15:24:31.4704049Z [36;1mif [ "0" != "0" ]; then[0m
2026-10-08T15:24:31.4704557Z [36;1m  echo "QDistSAT detected a scientific-result mismatch between baseline and candidate DistQLDPC."[0m
2026-10-08T15:24:31.4705054Z [36;1m  exit 1[0m
2026-10-08T15:24:31.4705257Z [36;1mfi[0m
2026-10-08T15:24:31.4768845Z shell: /usr/bin/bash --noprofile --norc -e -o pipefail {0}
2026-10-08T15:24:31.4769237Z ##[endgroup]
2026-10-08T15:24:31.4961049Z Post job cleanup.
2026-10-08T15:24:31.5861201Z [command]/usr/bin/git version
2026-10-08T15:24:31.5941121Z git version 2.55.0
2026-10-08T15:24:31.5960462Z Temporarily overriding HOME='/home/runner/work/_temp/8b2bcebc-c055-49f8-8eb2-e88568daefab' before making global git config changes
2026-10-08T15:24:31.5961926Z Adding repository directory to the temporary git global config as a safe directory
2026-10-08T15:24:31.5967070Z [command]/usr/bin/git config --global --add safe.directory /home/runner/work/DistQLDPC/DistQLDPC/qdistsat
2026-10-08T15:24:31.6004316Z Removing SSH command configuration
2026-10-08T15:24:31.6011798Z [command]/usr/bin/git config --local --name-only --get-regexp core\.sshCommand
2026-10-08T15:24:31.6049247Z [command]/usr/bin/git submodule foreach --recursive sh -c "git config --local --name-only --get-regexp 'core\.sshCommand' && git config --local --unset-all 'core.sshCommand' || :"
2026-10-08T15:24:31.6317261Z Removing HTTP extra header
2026-10-08T15:24:31.6324222Z [command]/usr/bin/git config --local --name-only --get-regexp http\.https\:\/\/github\.com\/\.extraheader
2026-10-08T15:24:31.6370812Z [command]/usr/bin/git submodule foreach --recursive sh -c "git config --local --name-only --get-regexp 'http\.https\:\/\/github\.com\/\.extraheader' && git config --local --unset-all 'http.https://github.com/.extraheader' || :"
2026-10-08T15:24:31.6651149Z Removing includeIf entries pointing to credentials config files
2026-10-08T15:24:31.6659289Z [command]/usr/bin/git config --local --name-only --get-regexp ^includeIf\.gitdir:
2026-10-08T15:24:31.6702692Z includeif.gitdir:/home/runner/work/DistQLDPC/DistQLDPC/qdistsat/.git.path
2026-10-08T15:24:31.6704105Z includeif.gitdir:/home/runner/work/DistQLDPC/DistQLDPC/qdistsat/.git/worktrees/*.path
2026-10-08T15:24:31.6705311Z includeif.gitdir:/github/workspace/qdistsat/.git.path
2026-10-08T15:24:31.6706313Z includeif.gitdir:/github/workspace/qdistsat/.git/worktrees/*.path
2026-10-08T15:24:31.6713309Z [command]/usr/bin/git config --local --get-all includeif.gitdir:/home/runner/work/DistQLDPC/DistQLDPC/qdistsat/.git.path
2026-10-08T15:24:31.6744943Z /home/runner/work/_temp/git-credentials-1feb9272-273b-4df1-9108-d1d316c710e1.config
2026-10-08T15:24:31.6758227Z [command]/usr/bin/git config --local --unset includeif.gitdir:/home/runner/work/DistQLDPC/DistQLDPC/qdistsat/.git.path \/home\/runner\/work\/_temp\/git\-credentials\-1feb9272\-273b\-4df1\-9108\-d1d316c710e1\.config
2026-10-08T15:24:31.6807642Z [command]/usr/bin/git config --local --get-all includeif.gitdir:/home/runner/work/DistQLDPC/DistQLDPC/qdistsat/.git/worktrees/*.path
2026-10-08T15:24:31.6863541Z /home/runner/work/_temp/git-credentials-1feb9272-273b-4df1-9108-d1d316c710e1.config
2026-10-08T15:24:31.6888542Z [command]/usr/bin/git config --local --unset includeif.gitdir:/home/runner/work/DistQLDPC/DistQLDPC/qdistsat/.git/worktrees/*.path \/home\/runner\/work\/_temp\/git\-credentials\-1feb9272\-273b\-4df1\-9108\-d1d316c710e1\.config
2026-10-08T15:24:31.6959729Z [command]/usr/bin/git config --local --get-all includeif.gitdir:/github/workspace/qdistsat/.git.path
2026-10-08T15:24:31.6992174Z /github/runner_temp/git-credentials-1feb9272-273b-4df1-9108-d1d316c710e1.config
2026-10-08T15:24:31.7006193Z [command]/usr/bin/git config --local --unset includeif.gitdir:/github/workspace/qdistsat/.git.path \/github\/runner_temp\/git\-credentials\-1feb9272\-273b\-4df1\-9108\-d1d316c710e1\.config
2026-10-08T15:24:31.7058309Z [command]/usr/bin/git config --local --get-all includeif.gitdir:/github/workspace/qdistsat/.git/worktrees/*.path
2026-10-08T15:24:31.7091376Z /github/runner_temp/git-credentials-1feb9272-273b-4df1-9108-d1d316c710e1.config
2026-10-08T15:24:31.7099667Z [command]/usr/bin/git config --local --unset includeif.gitdir:/github/workspace/qdistsat/.git/worktrees/*.path \/github\/runner_temp\/git\-credentials\-1feb9272\-273b\-4df1\-9108\-d1d316c710e1\.config
2026-10-08T15:24:31.7143700Z [command]/usr/bin/git submodule foreach --recursive git config --local --show-origin --name-only --get-regexp remote.origin.url
2026-10-08T15:24:31.7401002Z Removing credentials config '/home/runner/work/_temp/git-credentials-1feb9272-273b-4df1-9108-d1d316c710e1.config'
2026-10-08T15:24:31.7589430Z Post job cleanup.
2026-10-08T15:24:31.8492137Z [command]/usr/bin/git version
2026-10-08T15:24:31.8552416Z git version 2.55.0
2026-10-08T15:24:31.8596375Z Temporarily overriding HOME='/home/runner/work/_temp/233a8efb-f297-442e-92aa-5a81a2bdf19d' before making global git config changes
2026-10-08T15:24:31.8598397Z Adding repository directory to the temporary git global config as a safe directory
2026-10-08T15:24:31.8605184Z [command]/usr/bin/git config --global --add safe.directory /home/runner/work/DistQLDPC/DistQLDPC/baseline
2026-10-08T15:24:31.8652245Z Removing SSH command configuration
2026-10-08T15:24:31.8660549Z [command]/usr/bin/git config --local --name-only --get-regexp core\.sshCommand
2026-10-08T15:24:31.8702584Z [command]/usr/bin/git submodule foreach --recursive sh -c "git config --local --name-only --get-regexp 'core\.sshCommand' && git config --local --unset-all 'core.sshCommand' || :"
2026-10-08T15:24:31.8974500Z Removing HTTP extra header
2026-10-08T15:24:31.8981089Z [command]/usr/bin/git config --local --name-only --get-regexp http\.https\:\/\/github\.com\/\.extraheader
2026-10-08T15:24:31.9022148Z [command]/usr/bin/git submodule foreach --recursive sh -c "git config --local --name-only --get-regexp 'http\.https\:\/\/github\.com\/\.extraheader' && git config --local --unset-all 'http.https://github.com/.extraheader' || :"
2026-10-08T15:24:31.9283856Z Removing includeIf entries pointing to credentials config files
2026-10-08T15:24:31.9290727Z [command]/usr/bin/git config --local --name-only --get-regexp ^includeIf\.gitdir:
2026-10-08T15:24:31.9326359Z includeif.gitdir:/home/runner/work/DistQLDPC/DistQLDPC/baseline/.git.path
2026-10-08T15:24:31.9327533Z includeif.gitdir:/home/runner/work/DistQLDPC/DistQLDPC/baseline/.git/worktrees/*.path
2026-10-08T15:24:31.9328614Z includeif.gitdir:/github/workspace/baseline/.git.path
2026-10-08T15:24:31.9329482Z includeif.gitdir:/github/workspace/baseline/.git/worktrees/*.path
2026-10-08T15:24:31.9338827Z [command]/usr/bin/git config --local --get-all includeif.gitdir:/home/runner/work/DistQLDPC/DistQLDPC/baseline/.git.path
2026-10-08T15:24:31.9381891Z /home/runner/work/_temp/git-credentials-69cc12e2-57ca-4ea5-9e61-baf3564022a2.config
2026-10-08T15:24:31.9395983Z [command]/usr/bin/git config --local --unset includeif.gitdir:/home/runner/work/DistQLDPC/DistQLDPC/baseline/.git.path \/home\/runner\/work\/_temp\/git\-credentials\-69cc12e2\-57ca\-4ea5\-9e61\-baf3564022a2\.config
2026-10-08T15:24:31.9482152Z [command]/usr/bin/git config --local --get-all includeif.gitdir:/home/runner/work/DistQLDPC/DistQLDPC/baseline/.git/worktrees/*.path
2026-10-08T15:24:31.9527216Z /home/runner/work/_temp/git-credentials-69cc12e2-57ca-4ea5-9e61-baf3564022a2.config
2026-10-08T15:24:31.9562522Z [command]/usr/bin/git config --local --unset includeif.gitdir:/home/runner/work/DistQLDPC/DistQLDPC/baseline/.git/worktrees/*.path \/home\/runner\/work\/_temp\/git\-credentials\-69cc12e2\-57ca\-4ea5\-9e61\-baf3564022a2\.config
2026-10-08T15:24:31.9627380Z [command]/usr/bin/git config --local --get-all includeif.gitdir:/github/workspace/baseline/.git.path
2026-10-08T15:24:31.9662759Z /github/runner_temp/git-credentials-69cc12e2-57ca-4ea5-9e61-baf3564022a2.config
2026-10-08T15:24:31.9672393Z [command]/usr/bin/git config --local --unset includeif.gitdir:/github/workspace/baseline/.git.path \/github\/runner_temp\/git\-credentials\-69cc12e2\-57ca\-4ea5\-9e61\-baf3564022a2\.config
2026-10-08T15:24:31.9719570Z [command]/usr/bin/git config --local --get-all includeif.gitdir:/github/workspace/baseline/.git/worktrees/*.path
2026-10-08T15:24:31.9753839Z /github/runner_temp/git-credentials-69cc12e2-57ca-4ea5-9e61-baf3564022a2.config
2026-10-08T15:24:31.9765054Z [command]/usr/bin/git config --local --unset includeif.gitdir:/github/workspace/baseline/.git/worktrees/*.path \/github\/runner_temp\/git\-credentials\-69cc12e2\-57ca\-4ea5\-9e61\-baf3564022a2\.config
2026-10-08T15:24:31.9812733Z [command]/usr/bin/git submodule foreach --recursive git config --local --show-origin --name-only --get-regexp remote.origin.url
2026-10-08T15:24:32.0078810Z Removing credentials config '/home/runner/work/_temp/git-credentials-69cc12e2-57ca-4ea5-9e61-baf3564022a2.config'
2026-10-08T15:24:32.0279295Z Post job cleanup.
2026-10-08T15:24:32.1191781Z [command]/usr/bin/git version
2026-10-08T15:24:32.1242649Z git version 2.55.0
2026-10-08T15:24:32.1297587Z Temporarily overriding HOME='/home/runner/work/_temp/fd9a1b62-34ed-41bb-b73f-e420b8021e84' before making global git config changes
2026-10-08T15:24:32.1298703Z Adding repository directory to the temporary git global config as a safe directory
2026-10-08T15:24:32.1299699Z [command]/usr/bin/git config --global --add safe.directory /home/runner/work/DistQLDPC/DistQLDPC/candidate
2026-10-08T15:24:32.1349076Z Removing SSH command configuration
2026-10-08T15:24:32.1349794Z [command]/usr/bin/git config --local --name-only --get-regexp core\.sshCommand
2026-10-08T15:24:32.1396793Z [command]/usr/bin/git submodule foreach --recursive sh -c "git config --local --name-only --get-regexp 'core\.sshCommand' && git config --local --unset-all 'core.sshCommand' || :"
2026-10-08T15:24:32.1741801Z Removing HTTP extra header
2026-10-08T15:24:32.1742595Z [command]/usr/bin/git config --local --name-only --get-regexp http\.https\:\/\/github\.com\/\.extraheader
2026-10-08T15:24:32.1797241Z [command]/usr/bin/git submodule foreach --recursive sh -c "git config --local --name-only --get-regexp 'http\.https\:\/\/github\.com\/\.extraheader' && git config --local --unset-all 'http.https://github.com/.extraheader' || :"
2026-10-08T15:24:32.2053174Z Removing includeIf entries pointing to credentials config files
2026-10-08T15:24:32.2060027Z [command]/usr/bin/git config --local --name-only --get-regexp ^includeIf\.gitdir:
2026-10-08T15:24:32.2102213Z includeif.gitdir:/home/runner/work/DistQLDPC/DistQLDPC/candidate/.git.path
2026-10-08T15:24:32.2103508Z includeif.gitdir:/home/runner/work/DistQLDPC/DistQLDPC/candidate/.git/worktrees/*.path
2026-10-08T15:24:32.2104504Z includeif.gitdir:/github/workspace/candidate/.git.path
2026-10-08T15:24:32.2105274Z includeif.gitdir:/github/workspace/candidate/.git/worktrees/*.path
2026-10-08T15:24:32.2113399Z [command]/usr/bin/git config --local --get-all includeif.gitdir:/home/runner/work/DistQLDPC/DistQLDPC/candidate/.git.path
2026-10-08T15:24:32.2142425Z /home/runner/work/_temp/git-credentials-6a56702a-bba0-4be9-b51f-3b1ea2f45997.config
2026-10-08T15:24:32.2155343Z [command]/usr/bin/git config --local --unset includeif.gitdir:/home/runner/work/DistQLDPC/DistQLDPC/candidate/.git.path \/home\/runner\/work\/_temp\/git\-credentials\-6a56702a\-bba0\-4be9\-b51f\-3b1ea2f45997\.config
2026-10-08T15:24:32.2203832Z [command]/usr/bin/git config --local --get-all includeif.gitdir:/home/runner/work/DistQLDPC/DistQLDPC/candidate/.git/worktrees/*.path
2026-10-08T15:24:32.2231779Z /home/runner/work/_temp/git-credentials-6a56702a-bba0-4be9-b51f-3b1ea2f45997.config
2026-10-08T15:24:32.2250499Z [command]/usr/bin/git config --local --unset includeif.gitdir:/home/runner/work/DistQLDPC/DistQLDPC/candidate/.git/worktrees/*.path \/home\/runner\/work\/_temp\/git\-credentials\-6a56702a\-bba0\-4be9\-b51f\-3b1ea2f45997\.config
2026-10-08T15:24:32.2297654Z [command]/usr/bin/git config --local --get-all includeif.gitdir:/github/workspace/candidate/.git.path
2026-10-08T15:24:32.2326910Z /github/runner_temp/git-credentials-6a56702a-bba0-4be9-b51f-3b1ea2f45997.config
2026-10-08T15:24:32.2335532Z [command]/usr/bin/git config --local --unset includeif.gitdir:/github/workspace/candidate/.git.path \/github\/runner_temp\/git\-credentials\-6a56702a\-bba0\-4be9\-b51f\-3b1ea2f45997\.config
2026-10-08T15:24:32.2382783Z [command]/usr/bin/git config --local --get-all includeif.gitdir:/github/workspace/candidate/.git/worktrees/*.path
2026-10-08T15:24:32.2415250Z /github/runner_temp/git-credentials-6a56702a-bba0-4be9-b51f-3b1ea2f45997.config
2026-10-08T15:24:32.2426195Z [command]/usr/bin/git config --local --unset includeif.gitdir:/github/workspace/candidate/.git/worktrees/*.path \/github\/runner_temp\/git\-credentials\-6a56702a\-bba0\-4be9\-b51f\-3b1ea2f45997\.config
2026-10-08T15:24:32.2484959Z [command]/usr/bin/git submodule foreach --recursive git config --local --show-origin --name-only --get-regexp remote.origin.url
2026-10-08T15:24:32.2724755Z Removing credentials config '/home/runner/work/_temp/git-credentials-6a56702a-bba0-4be9-b51f-3b1ea2f45997.config'
2026-10-08T15:24:32.2883750Z Cleaning up orphan processes
2026-10-08T15:24:32.3194234Z ##[warning]Node.js 20 is deprecated. The following actions target Node.js 20 but are being forced to run on Node.js 24: actions/upload-artifact@v4. For more information see: https://github.blog/changelog/2025-09-19-deprecation-of-node-20-on-github-actions-runners/

